:020000040000FA
:10000000C0070000D1060000D1000000B1060000CA
:1000100000000000000000000000000000000000E0
:100020000000000000000000000000005107000078
:100030000000000000000000DB000000E500000000
:10004000EF000000F9000000030100000D010000B6
:1000500017010000210100002B0100003501000004
:100060003F01000049010000530100005D01000054
:1000700067010000710100007B01000085010000A4
:100080008F01000099010000A3010000AD010000F4
:10009000B7010000C1010000CB010000D501000044
:1000A000DF010000E9010000F3010000FD01000094
:1000B00007020000110200001B02000025020000E0
:1000C0001FB5C046C04600F0EFFA04B00FB41FBD24
:1000D00008205A49096809580847382057490968CB
:1000E000095808473C2055490968095808474020E5
:1000F0005249096809580847442050490968095875
:10010000084748204D490968095808474C204B4981
:10011000096809580847502048490968095808479C
:100120005420464909680958084758204349096836
:10013000095808475C204149096809580847602068
:100140003E4909680958084764203C49096809582C
:100150000847682039490968095808476C20374919
:100160000968095808477020344909680958084740
:100170007420324909680958084778202F490968CE
:10018000095808477C202D490968095808478020EC
:100190002A490968095808478420284909680958E4
:1001A0000847882025490968095808478C202349B1
:1001B00009680958084790202049096809580847E4
:1001C00094201E4909680958084798201B49096866
:1001D000095808479C201949096809580847A02070
:1001E0001649096809580847A4201449096809589C
:1001F0000847A8201149096809580847AC200F4949
:10020000096809580847B0200C4909680958084787
:10021000B4200A49096809580847B82007490968FD
:1002200009580847BC2005490968095808470000D3
:1002300003480449024A034B7047000000000020B5
:10024000C0070000C00700000122D84B5A6000BF61
:10025000D74A1268002AFBD0016000BFD44A126856
:10026000002AFBD00022D14B5A6000BFD04A12684E
:10027000002AFBD07047F0B505460E46174600240D
:1002800006E0A200B158A2005019FFF7DDFF641C80
:10029000BC42F6D30020F0BD0120C043C549086030
:1002A000401048607047014601229204086890425D
:1002B00001D9102070470020FCE7F0B505460C4638
:1002C0001646002706E028462168FFF7BDFF2D1DD2
:1002D000241D7F1CB742F6D3F0BD70B505460C4611
:1002E0002E460BE0304600F075F9FF2C01D80024B3
:1002F00001E0FF3C013C012080023618002CF1D1C6
:1003000070BD0146012292044868904201D909203B
:100310007047A9484069401C01D10F20F8E7002030
:10032000F6E7FEB504462068030000F037FA05043E
:100330002B4249598B00201DFFF7E3FF0546002D96
:1003400001D02846FEBDFFF7A7FF0120C00200F044
:1003500041F9042221469948FFF78DFF002801D07A
:100360000320EFE708222146944800F06DF90028A9
:1003700006D1002192480068FFF766FF00F00CF9F3
:100380000320DFE7A768E6686068019031463846D9
:10039000FFF7A3FF324638460199FFF78EFFB20000
:1003A0003846019900F050F9002800D1CAE703202F
:1003B000C8E700F0E3F9834800688349086041E03A
:1003C00060680190E668A0680090B200009901980A
:1003D00000F03AF90746002F00D1B3E70E20B1E74D
:1003E000201DFFF760FF0546002D01D02846A9E734
:1003F0006068002807D1FFF74FFF0320800200F05C
:10040000E9F800F0C9F8FFF747FF0120C00200F04B
:10041000E1F8042221466948FFF72DFF002801D0AA
:1004200003208FE708222146644800F00DF90028D8
:1004300006D1002162480068FFF706FF00F0ACF823
:1004400003207FE700BF00207CE770B505460C461F
:10045000182D04D12068FFF764FF206002E001201E
:10046000206000BF00BF70BDF0B589B05248406940
:1004700003905248806881000398081802900398FE
:10048000000B01900121090302984018401E000B47
:1004900000900124002520462946019A00F0C4F866
:1004A0000022401E91410791069001260027304608
:1004B0003946009A00F0B8F80022401E914105919B
:1004C0000490049BDB43059AD2430698184307998E
:1004D00011430791069037490698086007984860CD
:1004E00009B0F0BD70B53448446934488568466841
:1004F000AA003146204600F0A7F8002801D00020CD
:1005000070BD0120FCE72D484068002801D0012083
:1005100000E000200546FFF7E5FF002807D0FFF7C1
:10052000BBFE0320800200F055F800F035F8FFF71D
:100530009BFF002D0ED020484669204884684768FC
:1005400021463046FFF7C9FE224639463046FFF7BE
:10055000B4FE00BF00F020F810B5184844681A48EF
:100560000460204600F0DCF810BD15480068006803
:10057000401C01D100BFFEE710480068002802D0EF
:10058000042806D101E0FFF7BEFFFFF7E5FF00BF3B
:10059000FEE700BF00BFFEE7BFF34F8F0B480C49DB
:1005A000C860BFF34F8F00BFFEE7000000E50140C9
:1005B00000E40140000600400010001000080000A8
:1005C000B8070000BC070000000000200400FA0586
:1005D00000ED00E010B50146104B1A6808460223F2
:1005E0000F4C636000BF0F4B1B68002BFBD0531CEC
:1005F00004D0904202D20A4B186101E0084B986087
:1006000000BF084B1B68002BFBD00023044C636029
:1006100000BF044B1B68002BFBD010BD0010001066
:1006200000E5014000E4014010B5202A04DB01464A
:10063000203A9140002010BD914020239C1A03468F
:10064000E3401943904010BD034610B50B439B0790
:100650000FD1042A0DD308C810C9121FA342F8D025
:1006600018BA21BA884201D9012010BD0020C04328
:1006700010BD002A03D0D30703D0521C07E000208E
:1006800010BD03780C78401C491C1B1B07D1037854
:100690000C78401C491C1B1B01D1921EF1D118463D
:1006A00010BD70477047704710B500F007F810BDD7
:1006B000014B1B68DB6818470000002019481A49E5
:1006C0007047FFF7FBFFFFF7FBFC00BD20BFFDE716
:1006D0001649174C24688C420BD1164B1B68994263
:1006E0000CD1154B154A1360186810498842EDD09B
:1006F0000AE0134880F30888124B18470F4A13602A
:1007000018680A498842E1D080F308880E49884277
:1007100004DD0E48026802210A4302605B68184744
:100720000346DFE7C0070000C0070000FFFFFFFF30
:10073000000C000014100010001000000000002049
:10074000000400206B05000000200020240500406C
:100750000D48704502D1EFF3098101E0EFF3088104
:10076000886902380078182802D1C046074A104725
:10077000074A12682C3212681047000000B5054B7A
:10078000054A9B58984700BDFDFFFFFF4B04000042
:1007900000000020001000000400000030B4744687
:1007A000641E2578641CAB4204D3635D5B00E318D0
:1007B00030BC18471D46F8E7000C00000010000090
:1010000000150020CD64010025220000336401009A
:1010100000000000000000000000000000000000D0
:101020000000000000000000000000003D6501001D
:101030000000000000000000252200002522000022
:10104000A9650100AF6501002522000025220000EE
:101050002522000025220000252200002522000074
:10106000B56501002522000025220000BB650100B6
:1010700025220000C1650100C7650100CD650100A2
:101080002522000025220000252200002522000044
:101090002522000025220000252200002522000034
:1010A000D3650100D965010025220000252200003A
:1010B0002522000025220000252200002522000014
:1010C00000F002F815F0E3F90CA030C80838241835
:1010D0002D18A246671EAB4654465D46AC4201D170
:1010E00015F0D5F97E460F3E0FCCB64601263342A9
:1010F00000D0FB1AA246AB4633431847B456010052
:10110000E4560100103A02D378C878C1FAD85207E1
:1011100001D330C830C101D504680C6070470000AD
:101120000023002400250026103A01D378C1FBD803
:10113000520700D330C100D50B6070471FB5C046C1
:10114000C04615F063F904B00FB41FBDF0B44046BB
:10115000494652465B460FB402A0013001B506482D
:10116000004700BF01BC86460FBC804689469246B8
:101170009B46F0BC70470000C11000008269024924
:101180008161024810447047911100000100000085
:1011900001B41EB400B50BF0E6FF01B40198864619
:1011A00001BC01B01EBD0000401E00BF00BF00BF5B
:1011B00000BF00BF00BF00BF00BF00BF00BF00BF37
:1011C00000BFF1D17047000070B505460C461646C9
:1011D00002E00FCC0FC5103E102EFAD2082E02D31B
:1011E00003CC03C5083E042E07D301CC01C5361F2E
:1011F00003E021782970641C6D1C761EF9D270BD45
:101200008307FF22DB0E9A408907090E99400028C8
:101210000BDA0007000F0838830828489B001818CD
:10122000C36993430B43C3617047830824489B0001
:101230001B181868904308431860704710B504469F
:1012400000210120FFF7DCFF00211820FFF7D8FF65
:1012500000210B20FFF7D4FF02211920FFF7D0FF58
:1012600002210D20FFF7CCFF02210E20FFF7C8FF5F
:1012700002210F20FFF7C4FF0221C81FFFF7C0FFA4
:1012800003211620FFF7BCFF03211520FFF7B8FF4D
:10129000204600F019F8002010BD6421018070473D
:1012A00010B500F020F810BD0648704710B500F0EA
:1012B00022F810BD704770477047000000ED00E055
:1012C00000E400E003F9004370B505462D4C07200B
:1012D0002070A01CFFF7E1FF5920A080294620467E
:1012E00000F099FB70BD10B500F09EFB2549002071
:1012F000891E087010BDF8B5224E0446B61E30781F
:1013000001270D46002807D0204660380B2808D852
:10131000204600F03DFF2BE0602CF9D01A48086011
:10132000F8BD20466C38032803D8204600F071FF32
:101330001EE0204670381F2803D8204600F045F9EB
:1013400016E0204690380F2803D8204600F0E8F831
:101350000EE02046A0380F2803D8204600F074F88D
:1013600006E02046B0380F2804D8204600F0CAF91D
:10137000286000E02F60602CD2D128680028CFD1EF
:101380003770F8BD1A000020013000000120244908
:10139000C003086023490020087007202249C005C7
:1013A0008860704770B51F4D04462878A04207D06A
:1013B000002C05D0002803D01CA14D2015F033F8D7
:1013C0002878A0420ED000211D4A17482C70002C0E
:1013D00019D01C4B012C06D0022C0BD013A1682075
:1013E00015F021F870BD11600221116053610321D5
:1013F000090605E011600321116053610121C9054F
:101400008160416070BD116011600721C905816074
:1014100070BD10B505A1712015F005F810BD0000D4
:1014200080E100E02000002000F501407372635C61
:1014300068616C5F63636D5F6161722E63000000C1
:1014400000F500404001002010B5A038030015F061
:10145000DBF80B070E172028313A414B525C650030
:101460004B6808788A68194603F0E6F910BD888849
:101470008A6883B20888194680B203F0ECF910BD7F
:1014800008884C68CB688A6880B2214603F0E7F987
:1014900010BD08884B688A6880B2194603F0FBF9D2
:1014A00010BD88888A6883B20888194680B203F024
:1014B00007FA10BD88888A6883B20888194680B206
:1014C00003F041FA10BD08884A6880B2114603F063
:1014D00080FA10BD088982B2888883B208881946CC
:1014E00080B203F081FA10BD08884A6880B21146C4
:1014F00003F09EFA10BD08894C6882B20888CB6858
:1015000080B2214603F018FB10BD08884C68CB68F8
:101510008A6880B2214603F02AFC10BD012010BD6C
:1015200010B59038030015F06FF809060F161D244A
:101530002C363F464E0088888A6883B20888194650
:1015400080B204F031F910BD08884A6880B21146B3
:1015500004F065F910BD08884A6880B2114604F0AD
:101560006AF910BD08884A6880B2114604F070F923
:1015700010BD08884B688A6880B2194604F07BF970
:1015800010BD088982B2888883B20888194680B263
:1015900004F07AF910BD08894B6882B208881946B0
:1015A00080B204F090F910BD08884A6880B21146F4
:1015B00004F09BF910BD888882B20888114680B279
:1015C00004F0EFF910BD012010BD10B57038030014
:1015D00015F01AF81B0F15192125282F363B40440A
:1015E000484C53585F688D707980888D8D8D8D8FB4
:1015F00096004A680878114608F0FDFD10BD08689D
:1016000008F04AFE10BD0C790B7B8A6808682146F9
:1016100008F053FE10BD086808F011FF10BD08F077
:1016200065FB10BD08884A6880B2114609F043F88E
:1016300010BD0A790888114680B209F0D3F810BDB0
:10164000087840B209F0DCF810BD088880B209F0D3
:10165000F0F810BD086809F0FEF810BD086801F048
:10166000D2FB10BD086801F0FCFB10BD088982B2F6
:1016700009C9194609F007F910BD05C9114609F055
:1016800051F910BD08884A6880B211460AF0A6F9DF
:1016900010BD0C790888CB688A6880B221460AF0B0
:1016A000C5FA10BD0B7908888A6880B219460AF01D
:1016B0006DFC10BD08884C68CB688A6880B22146F2
:1016C0000AF0D5FC10BD08884A6880B211460AF0BD
:1016D00018FD10BD0B7908880A7A80B2194609F006
:1016E00044F910BD088880B209F044F910BD062005
:1016F00010BD08884A6880B2114609F042F910BD51
:10170000012010BD10B5B02805D0B12808D0B228EE
:101710000BD0012010BD088880B20BF0FBF810BD83
:10172000088880B20BF015F910BD08884B688A68EC
:1017300080B219460BF01EF910BD000010B5030071
:1017400014F062FF0A0609060C0C0F0F06060612BB
:1017500008F0F4FA10BD0AF0C5FE10BD01F03EFA23
:1017600010BD06F09FFA10BDFAA1FE4814F05BFE12
:1017700010BD3EB5FC49054603C900900191FF200C
:10178000C33069460881F94A092310460A212838DE
:101790000BF0BFFD0024F6480BF0D9FD641CE4B249
:1017A0000A2CF8D3F14801231A4602A990300BF015
:1017B000A0F9002804D0FF20E6A13D3014F033FE4C
:1017C000686800F024FC00211E22084604F06CF931
:1017D00008F0C3FC02222421E64801F07DFBE54825
:1017E00001222C214C3001F077FBE2490B20B0396B
:1017F00001F0FEF9002804D0FF20D6A1513014F0EA
:1018000012FE0AF03EFE02F097F96B460022082114
:10181000D9A008F07DFB002804D0FF20CDA15730CF
:1018200014F001FE284602F0E7FC002804D0FF2057
:10183000C8A1593014F0F7FDF3218900D14814F004
:10184000D3FCD04801214171022181710721C1716E
:101850003EBD10B5CB4CA0780A2804D3FF20BDA113
:10186000903014F0E0FD20786021484300190021F9
:101870000173417BF722C908C900C91C1140EF223E
:10188000114041730121E1700C3010BD70B50E465E
:1018900000211C4619801546030014F0B5FE0723ED
:1018A000050B1711231D23002246294630460AF056
:1018B00037FE70BD22462946304608F095F870BDC7
:1018C00022462946304601F0E2FF70BD22462946F5
:1018D000304603F0EAFD70BD22462946304600F04E
:1018E00010FC70BDFF209BA1EF3014F09CFD032085
:1018F00070BD70B5A34CE078002818D02078602126
:1019000048430019407B00254007400F0119087922
:10191000401E08712078401CC0B220700A2800D1F7
:101920002570A078401CA0700BF097FEE57070BD8C
:101930009448C079002800D08BE7704770B5914D6E
:10194000A86800280CD0FFF7F3FF002862D06022BF
:10195000A968FFF739FCFFF7CCFF0020A860EFE78C
:101960006879002856D0FFF774FF044681484C3050
:1019700001F0C2FA6060002804D17A4875A14A30AB
:1019800014F051FD606801F01AFB00280DD02046CC
:1019900007F00BFF6078010703D5C008C000401CAA
:1019A0002BE0744861684C302DE0724861684C301F
:1019B00001F0ABFA00F05AFB00282BD1FFF749FFEA
:1019C00004466C4801F098FA6060002804D1332086
:1019D00060A1000114F027FD606801F0F4FA00280E
:1019E00014D060680088608020460AF0CCFD6078E2
:1019F000010706D5C008C000801C6070FFF779FFA2
:101A00009EE75C48616801F080FA99E7594861688F
:101A100001F07BFA70BD10B55B4CE160A0605B48E3
:101A200000F032FC607010BD57490020087070470C
:101A300070B5574E0546706A94B00C46401C04D1F0
:101A4000B06AC0430004000C0BD0306AC007C00F5E
:101A50002870706A14F0DBFBB06A2071000A6071B4
:101A600014E02B206946087009A9684601F07BFA4A
:101A7000002804D03B4837A17E3814F0D4FC012064
:101A8000287006220AA9204614F04FFB2878002867
:101A900003D06079C0210843607114B070BDF0B507
:101AA0003B4C0646206895B00D4637460837401C2B
:101AB00008D16068401C05D1A068401C02D1E068D4
:101AC000401C11D02068314614F0A1FB6068311D24
:101AD00014F09DFBA068394614F099FBE06831468C
:101AE0000C3114F094FB25E02B206946087009A9FD
:101AF000684601F038FA002804D01A4815A1553874
:101B000014F091FC08220AA9304614F00EFB2B2099
:101B10006946087009A9684601F025FA002804D032
:101B200010480CA14E3814F07EFC08220AA9384651
:101B300014F0FBFA20692E460836401C08D1606973
:101B4000401C05D1A069401C02D1E069401C33D083
:101B500020691FE07372635C686F73745F636F72F8
:101B6000652E6300C3020000F866010094010020A6
:101B70003D170000640800206E524635313832327D
:101B800000000000E8030020240000203D190000B0
:101B900080000010294614F03AFB6069291D14F0FA
:101BA00036FBA069314614F032FBE06929460C315E
:101BB00014F02DFB15B0F0BD2B246846047009A964
:101BC00001F0D1F9002803D0F649F74814F02BFCB6
:101BD000082209AF28460AA914F0A7FA684604703B
:101BE00009A901F0C0F9002804D0EF48ED49C01D53
:101BF00014F019FC0822391D304614F096FAD9E782
:101C000070B5EA4C0546A068002804D0E648E549CE
:101C1000563014F008FCA56070BD10B50146E448CC
:101C200001F073F9E1498879401CC0B2887101283C
:101C300003D1E048407800F04BFB10BD70B504467E
:101C4000DD4816460D46814204D1D748D549CB30F0
:101C500014F0E9FB012E05D0D348D249DA3014F054
:101C6000E2FB70BD6620207000202072A58101205B
:101C7000A07370BD70B515460C460646FFF758FEBA
:101C800000280CD066210170468001210172216874
:101C90000161A18881820573FFF72BFE70BD1321BE
:101CA000304608F09FFD70BDC2494968884201D2A4
:101CB00010207047072101700020704770B5BD4C9F
:101CC00005462078002694B0002801D00820E4E6DC
:101CD000BA4A6260954201D21020DEE668680028A8
:101CE00009D00921D82804D3C31C9B089B00834238
:101CF00005D00846D1E60720000268600EE0012109
:101D000009074B6B896B4B43AD49511A0122591A94
:101D1000D202891A814201D20421EAE700F050FF81
:101D20006178A06806F052F8E068401E07280BD8DA
:101D3000302269460A708870684607F007F9002863
:101D400002D009A806F07CFA2846FFF712FD012010
:101D500020703046A1E6F8B5044696480F46406824
:101D6000814208D3002C01D0844204D3E01C8008B7
:101D70008000A04201D01020F8BD8C488178002955
:101D800011D0398800914178602251430D18287B89
:101D90000C350007000F3B4600222946FFF776FD71
:101DA000060004D015E0002038800520F8BD002C86
:101DB00013D039880098814201D90C260DE028788B
:101DC0003B460007000F22462946FFF75FFD06004D
:101DD00005D00C2E01D0002038803046F8BD734C61
:101DE0006078401CC0B260700A2801D10020607089
:101DF000A078401EA07068784107490F01290ED0D5
:101E0000022906D003291AD066496E4814F00BFB4C
:101E1000E3E7C006E1D46868FFF7FFFEDDE764484A
:101E200069684C3001F071F86079401CC0B2607193
:101E30000128D2D15F48407800F04AFACDE7E07936
:101E4000401CE071C9E7604A10B5904209D3594A75
:101E50000124A4045268A04201D3904201D39142CC
:101E600001D2102010BD00F0FCFE10BD564B10B585
:101E7000994209D34F4B0124A4045B68A14201D3CA
:101E8000994201D39A4201D2102010BD022803D0FA
:101E9000102801D0092010BD00F009FF0028FAD059
:101EA000052010BD484B10B598420DD3414B01247D
:101EB000A4045B68A04201D3984205D3994203D39E
:101EC000002A03D09A4201D2102010BD00F015FF65
:101ED0000028FAD0072010BD10B50446354894B04C
:101EE0004068844202D2102014B010BD0F2008A90F
:101EF000087369460BA801F036F80028F4D168464B
:101F0000007A207068464089608068468089A08099
:101F10000020E9E710B500290BD0264A526891420B
:101F200002D30B68934201D2102010BD8A88002A88
:101F300002D001F05AFE10BD092010BD10B5224A92
:101F400094B091420ED31B4A01239B0452689942DC
:101F500001D3914206D3441E1E2C41D8994203D38B
:101F6000914201D21020BFE7012837D10878002420
:101F7000C007C00F002803D003206946887001E025
:101F80006846847038206946087009A9684600F0E0
:101F9000EAFF002804D041200CA1C00014F043FA4D
:101FA0002046A1E7541B000093020000E803002034
:101FB0006408002024000020FFFF0000001900201A
:101FC000000000200A040000008001007372635CBE
:101FD000686F73745F636F72652E6300072083E719
:101FE0000246203A1F2AF9D807F0F9FF7CE710B51E
:101FF0005F4A5268914201D2102010BD0246203A39
:102000001F2A02D808F065F810BD072010BD70B572
:102010000546584C0020207020464619544846601A
:10202000E01C80088000A04204D0FF2052491330F9
:1020300014F0F9F901200007C06AC0430006000E41
:1020400003D14E480068401C03D04D484D49301A1A
:10205000C862A8B20122214604F039F9002804D050
:10206000FF204549233014F0DEF970BDF0B595B07E
:102070003B2008A9087369460BA800F074FF0028EC
:1020800004D0FF203C496B3014F0CDF93E4E0024C3
:102090006D4630E02F19B87DC10706D0400704D443
:1020A00060004019C0880AF08DFB3848807900280C
:1020B0001FD0B87D80071CD560004019C088002261
:1020C00006210AF09CFB002813D03C2108A80173CC
:1020D00060004019C1886846C18569460BA800F0B8
:1020E00042FF06000BD0FF2023497F3014F09BF9FC
:1020F00005E0641CE4B268460079A042CAD83046C4
:1021000058E5F7B505460078002700090C463E461D
:10211000062804D0FF201849A83014F084F9287A42
:1021200000280ED0012814D0FF201349C93014F024
:102130007AF90298002C068001D027806680002062
:10214000FEBD02270926002C0ED0A889A080A87BFE
:1021500008E003271426002C06D02869E060A88A2E
:102160002082287B2072E4E702980680E7E70000DF
:102170002400002000190020CC1F000000100010D7
:10218000000000200005004004300000E8030020AB
:1021900010B56038030014F037FA0A060A0F131856
:1021A0001F252930353A0868FFF788FD10BD05C99D
:1021B0001146FFF7D0FD10BD0868FFF775FD10BD93
:1021C00005C91146FFF73FFE10BD4B6808788A68C5
:1021D0001946FFF74BFE10BD8A6809C91946FFF77B
:1021E00061FE10BD0868FFF777FE10BD08884A68D9
:1021F00080B21146FFF78EFE10BD05C91146FFF7EC
:102200009DFE10BD05C91146FFF7F1FE10BD01206E
:1022100010BD0120704700000E4A12680C498A4226
:102220000AD118470B4A1268094B9A4204D101B5EA
:102230000AF090FF03BC8E46074909680958084711
:1022400006480749054A064B704700000000000099
:10225000BEBAFECA7800002004000020001500204D
:102260000015002001203F49400608603E490860F3
:102270003E490A68FF231B029A4383121A430A60ED
:10228000384980390860704710B502460420384943
:1022900004E0C3005B181B79002B0AD00346401EE4
:1022A000C0B2002BF5D133A1432014F0BCF8FF20BD
:1022B00010BDC300CA50002259184A718A71012208
:1022C0000A7110BD2A4A0021C000801801717047B0
:1022D00010B50446042803D326A1522014F0A3F815
:1022E0002348E1000C182079012803D021A15320B4
:1022F00014F099F86079A179401CC0B2814200D0F5
:1023000060710120174940068031086010BD70B52A
:10231000164804250068164E0004800F1B4C022846
:102320001AD014A1692014F07EF815E02078C100BD
:1023300088190279012A07D1427983799A4203D018
:1023400042798271705880472078401CC0B220705A
:10235000042801D30020207028466D1EEDB200280D
:10236000E4D170BD80E100E080E200E018E400E02C
:10237000E00800207372635C736F635F7369676E5C
:10238000616C6C696E672E630000000034000020F1
:1023900010B5EFF31080C407E40F72B6D24841784D
:1023A000491C41704078012801D10BF07BF9002CC9
:1023B00000D162B610BD70B5CB4CE07800280AD1D0
:1023C0000125E570FFF7E4FF0BF074F9002804D055
:1023D00000200BF047F9002070BDC44865714560CE
:1023E000F9E770B5EFF31080C507ED0F72B6BE4C7C
:1023F0006078002803D1BEA18F2014F014F8607813
:10240000401E60706078002801D10BF04FF9002D5C
:1024100000D162B670BD10B5B348C178002904D0B0
:1024200000214171C170FFF7DCFF002010BD10B525
:1024300004460BF03FF9AC49C978084000D00120B0
:102440002060002010BDF8B50246A74C0026A671FA
:102450000820042101251027130014F0D5F80D08D9
:102460000A0C0E101214161E262123252800257191
:1024700022E0022001E021711EE020711CE02771A2
:102480001AE02020F9E7012616E0FFF781FF0BF0A4
:1024900011F90028FBD002260EE02171A5710BE096
:1024A0002771FBE7202000E040202071F6E7FF20A5
:1024B0008FA1763013F0B7FF0BF008F9002809D090
:1024C0000BF00AF9B04205D130460BF008F90028AC
:1024D000FAD02CE001208007C560894900224A60BB
:1024E000884A9661814B02225A608560864802695B
:1024F000D243D206D517026910231A4302610F4650
:102500006D1C00E020BF78680028FBD030460BF03F
:10251000E6F80028FAD0002D04D17B48026910218A
:102520008A43026171490220886000207860A079A6
:1025300000280CD00BF0BEF805460BF01BF8734AD0
:10254000002D02D0A260E06001E0E260A060002EF9
:1025500001D100F0A5F8F8BD10B504460BF0B0F8B5
:10256000002805D060490120C8704A78521C4A7082
:102570002046FFF768FF10BDF8B5614DA86800263A
:10258000012802D1AE600BF06DF86868012800D117
:102590006E6028680127544C012812D12E606079A2
:1025A000002803D000200BF05DF866712078002829
:1025B00007D00BF07FF8002803D0012080070761C7
:1025C000A770286901282AD12E6100F05FF8012048
:1025D00080074761A079002815D00BF06BF80090B8
:1025E0000AF0C8FF0099002901D0E16800E0A16865
:1025F000411A022901DA8A1C11DC0099002901D054
:10260000E06000E0A060FFF7C3FE0BF053F8002885
:1026100004D0012080070761A77000E02770E868F8
:10262000012812D100F032F800F030F800F02EF856
:10263000A078002804D1FF202DA1033013F0F3FE71
:10264000EE60A6702670FFF7CCFEF8BD10B5264CE4
:10265000E078002801D10BF029F80120810788617A
:1026600000F014F8A07800280BD0254CE068002872
:1026700003D10BF034F80028F8D10020E06000F01E
:1026800005F800201949C043886010BD08B55020E6
:10269000694608806A461088411E1180FAD208BD3A
:1026A000F8B5124819278760154900200860C860EE
:1026B0000BF000F8BE0701240B4D002802D0346156
:1026C000AC7000E02C70FFF763FE084847600D49CE
:1026D00028798863FFF7DAFFB461FFF7D7FF08496D
:1026E000002008617461F8BD38000020000300403C
:1026F0007372635C736F635F636C6F636B2E6300F5
:10270000000100400005004000ED00E0FFFFFF7FFA
:102710008107C90E002808DA0007000F0838800872
:102720002E4A80008018C06904E080082C4A80008E
:1027300080180068C8400006800F704710B50D2053
:10274000FFF7E6FFC4B20420C043FFF7E1FFC0B2C9
:10275000844203D023A11A2013F065FE26490120EC
:10276000486010BD0121254A48031060244B002217
:102770001A60244A5160244A1060244A11601F499B
:1027800080390860704701211C4A480310601F4AC5
:1027900051601B4A002111601B490860704710B549
:1027A00017490868012804D00EA1572013F03BFEFA
:1027B00010BD114880680022C0B20A600AF020FCF7
:1027C00010BD10B50E4801680029FCD0FFF7E7FFE7
:1027D00001200D494003086010BD000000ED00E03D
:1027E00000E400E07372635C736F635F68616C5F49
:1027F000726E672E6300000000D5004080E100E0AB
:1028000000D1004000D3004080E200E000D0004052
:1028100030B40121BC48C9020160CD1005604A03F3
:102820000260BA4803681B021B0A036004680023A5
:10283000240A24020460B6480468240A24020460BE
:10284000B448012444608460B34C23606360A36097
:10285000B24B19601D601A60B14B19601A600121FA
:10286000016030BC704710B40121A748CA02026061
:102870000B0203600C060460A64841608160A94811
:1028800041680029FCD1A4490020086048608860A4
:10289000A24802600360046010BC704701219F4899
:1028A000C9020160C91001607047002805D00128E5
:1028B00005D0022805D19C4870479C4870479C4829
:1028C000704710B59BA18B2013F0ADFD002010BD0B
:1028D00070B500219E4C9F4D9F4A8F4B002808D019
:1028E00001281DD0022822D092A1B32013F09BFD15
:1028F00070BD01200004A060A86011601960974BB2
:10290000C2039A60964A90607F4A00121060954810
:10291000016086480160944801609448017070BD70
:1029200001204004A060A8605160596070BD012082
:102930008004A060A8609160996070BDF8B594466D
:10294000834A8B4F834D00240126002808D001289C
:1029500032D0022840D077A1E82013F064FDF8BD02
:10296000891E0902090A0120000490603C64686025
:102970006C4A1164012B1DD000217C4A7D4B5170A3
:102980006146DC63DE637C4B5C6002249C60042453
:102990001C61744B3D31196073490E605F4B8915A2
:1029A00019606F4B58605E4801606C49C005486013
:1029B0001670F8BD0121E0E70120704E4004704F11
:1029C000012B04D13464506068603964F8BD9060B4
:1029D000346468603964F8BD01206A4E80046A4F2F
:1029E000012BF4D1EEE74F484068704770B54A4D6F
:1029F00028680026564C012806D1A068C00303D5DC
:102A000001200004A0602E606868012809D1A06838
:102A1000800306D501204004A0606E6001200BF009
:102A200041FEA868012809D1A068400306D501200D
:102A30008004A060AE6002200BF034FE70BD10B5C3
:102A40004A490878002818D00120444AC0079060FD
:102A5000434AC00B90602C4A00121060414A00208B
:102A60001060324A1060404A106008704A78002AAC
:102A700002D048700BF016FE10BD0320FAE70120CB
:102A8000424900060860704701202449000608609A
:102A9000704701203D4940050860704701201F49EB
:102AA00040050860704733490020C86388151B49FA
:102AB00008607047410A364AC005C00D5043801C6B
:102AC0005143400A0818704710B4324C430B63431B
:102AD0001B0C5C020C602E4C6343C31A2E485C0234
:102AE00058432B4B400D4343E31A0124DB032404DA
:102AF0001B191B1613700A681018086010BC704769
:102B000010B50BF0A2FE10BD80E100E008E400E08B
:102B100018E400E000B0004040B1004080E200E076
:102B200000E100E000B5004048B1004040810040B5
:102B300044B100407372635C72656D5F68616C5F85
:102B40006576656E745F74696D65722E6300000052
:102B500000B3004040B3004040B5004000F50140E4
:102B60000083004040850040008200404800002073
:102B700000B10040C08F00400085004004B100401B
:102B800004B5004008B1004008B5004000E200E094
:102B9000093D0000378600006F0C010010B50BF0F6
:102BA00040FE10BD00200449C8630120012181407E
:102BB000024A116000BF7047C01F004080E200E081
:102BC00010B50CF097FA0AF059F9FEF7DFFB12F096
:102BD00063FA0CF0F5FF0CF081FF10BD70B50C46E8
:102BE000054603F0D5FA214628460EF026F870BDBA
:102BF00070B50D46040012D0002D10D021012846DA
:102C000013F0F0FA10225449284613F08EFA524875
:102C100001210838018044804560002070BD0120FA
:102C200070BD70B54C4E00240546083E11E0716839
:102C300020014018817BAA7B914209D1C17BEA7BAC
:102C4000914205D10C22294613F042FA002806D001
:102C5000641C30888442EADB0020C04370BD2046FB
:102C600070BD70B50D4606000AD0002D08D03A4C54
:102C7000083C20886188401C884203D9042070BD2C
:102C8000102070BD3046FFF7CCFF002801DB401C50
:102C90000AE020886168000140181022314613F0D4
:102CA00044FA2088401C20802870002070BD70B538
:102CB00014460D001FD0002C1DD00021A170022849
:102CC00002D0102817D108E068782978000208435C
:102CD00011D00121A17010800BE02846FFF7A1FF61
:102CE000002808DB401CA070687B297B0002084399
:102CF0002080002070BD012070BD70B505461446CF
:102D00000E000AD000203070A878012807D004D91E
:102D1000114908390A8890420BD9012070BD002C56
:102D200004D0287820702888000A5070022008708B
:102D300010E0002C0CD049680001411810222046F8
:102D4000103913F0F2F9287820732888000A60738C
:102D500010203070002070BD540000205A4910B57A
:102D6000884207D301218904884205D3574909685D
:102D7000884201D2102010BD0146012006F0E4FA7D
:102D800010BD30B5044693B000200D4607901421C5
:102D90000BA813F029FA1C21684613F025FA6A469D
:102DA000112010770020507710780221084310700E
:102DB00007A80C90012008AA907245486A46108521
:102DC0000AA80B902088108460885084A088908482
:102DD000E088D084907FF9210840801C40084000A2
:102DE000907708209086108708A80F9010AA0BA94A
:102DF000684600F083FF002803D110A800882880CF
:102E0000002013B030BD3EB5044608206946088056
:102E10002D48844207D301208004844205D32B48E7
:102E20000068844201D210203EBD2146012006F0F8
:102E30008BFA0028F8D12088694688806088C8808D
:102E4000A0880881E088488107F05FF801AB6A46F6
:102E5000002101F0E1FB694609880829E4D003203C
:102E60003EBD1FB504460020029008206946088137
:102E700015480391844207D301208004844206D37D
:102E800012480068844202D2102004B010BD07F03E
:102E90003CF8014602AA0F4801F055FD0028F4D184
:102EA00069460989082901D00320EEE769460988A7
:102EB000218069464988618069468988A180694680
:102EC000C988E180E1E700000080010028000020BF
:102ED000042A0000FFFF000010B5031D036000205E
:102EE000521E04E05C181C60401C2346C0B2904295
:102EF000F8DB0020186010BD01460A680020002A97
:102F000002D0104612680A60704702680A600160C9
:102F10007047000000B51E2823D00BDC0C281CD005
:102F20001FDC030013F070FB090F1D111D1D171787
:102F300013151D00302814DD3A38030013F064FB2C
:102F4000030F11091100002000BD214800BD04201D
:102F500000BD0D2000BD0F2000BD082000BD1120C8
:102F600000BD032000BD10B50C4605F0EFFF0028A2
:102F70001ED0204605F064F9002816D022780E2ACB
:102F80000DD00F2A0BD0022A09D0032A07D0102A0D
:102F900009D010A17C2013F046FA002010BDA078C3
:102FA000FFF7B8FF10BD112010BD0AA18220F2E783
:102FB00008A18820EFE710B504F083FF10BD10B51D
:102FC00005F03EF910BD10B504F0D9FF10BD0000AA
:102FD000023000007372635C686F73745F686369CA
:102FE0002E63000070477047704770477047704706
:102FF00070477047704770477047704770470000D0
:1030000010FFFFFFDBE5B151008001006400FFFF0E
:1030100003B40148019001BD09000020002803D03D
:103020008178012939D101E0102070470188FE4ADA
:10303000881A914233D01BDCFC4A881A91422ED068
:103040000BDC00292BD00320C002081A27D001284E
:1030500025D001210903401A07E001281FD00228CA
:103060001DD0FF281BD0FF380138002815D116E0ED
:10307000FF220132811A904211D008DC01280ED0C3
:1030800002280CD0FE280AD0FF2806D107E001292B
:1030900005D0022903D0032901D0002070470F205A
:1030A000704700B50B2826D009DC030013F0ACFAFA
:1030B0000B1D2125251B25292325271F1B00112832
:1030C0001BD008DC0C2816D00D281CD00F2814D0DB
:1030D000102808D10FE0822809D084280FD0852835
:1030E0000FD0872811D0032000BD002000BD05208F
:1030F00000BDCF4800BD072000BD0F2000BD04204B
:1031000000BD062000BD0C2000BD0D20800200BDCA
:1031100070B500290BD0CB1FFA3B81241E46CDB2DF
:10312000112B1BD2012805D0022806D009E000206F
:1031300010701DE0FF20043001E0FF2003308142C9
:1031400018D0330013F060FA111613131613161665
:103150001316161613131313161316000846FF380A
:1031600081381F2803D9FF39FE39022902D815708A
:10317000002070BD1470072070BD00B5030013F06F
:1031800043FA060406040C080A0C002000BD1120B6
:1031900000BD072000BD082000BD032000BD007851
:1031A0000207120F04D0012A05D0022A0AD10EE02C
:1031B000000907D108E00009012805D0022803D042
:1031C000032801D0072070470870002070470620B0
:1031D0007047002807D0012807D0022807D003280D
:1031E00007D007207047002004E0112002E02120D2
:1031F00000E0312008700020704738B50C4605000B
:103200004FD06946FFF7CBFF002822D12088032149
:1032100089028843694609788907090D0843208097
:103220006946681CFFF7BBFF002812D121880320E4
:1032300000038143684600788007800C01432180A9
:10324000A8784007820F2020012A03D0022A03D049
:10325000072038BD814300E00143218088B2010589
:10326000890F08D0012189038843A9780907C90F6C
:1032700089030843208080B28104890F0AD0A9788D
:103280004004C906C90F400CC903084320808004CC
:10329000800F02D12088400403D5208840210843B4
:1032A0002080002038BD70B50446002008801546F7
:1032B0006068FFF7A2FF002815D12189A08981420B
:1032C00010D861688978C90708D00121490288426D
:1032D00008D8491C12F0A3FF298009E0FF21FF3123
:1032E000884201D90C2070BDFF30FF3003302880A8
:1032F000002070BD10B5137804785B08E4075B000C
:10330000E40F23431370FD2423400478A407E40F43
:10331000640023431370FB24234004786407E40F04
:10332000A40023431370F724234004782407E40FF8
:10333000E40023431370EF2423400478E406E40FF1
:10334000240123431370DF2423400478A406E40FF0
:103350006401234313700078BF244006C00F23404C
:10336000800103431370002906D00878C10701D1FA
:10337000800701D5012000E00020C0015906490E58
:103380000843107010BD30B50A8803239B020488DF
:103390009A4323059D0F02D1A3049C0F01D09B0FDC
:1033A00000E001239B021A4303230A801B039A4374
:1033B00003889804840F02D11805830F01D0800F71
:1033C00000E00120000302430A8030BDF3B593B052
:1033D0000D000FD0139800280FD01221284612F0AC
:1033E00001FF03AAFF21012003F0E7F8002426468D
:1033F00037467AE0102015B0F0BD0720FBE768469D
:10340000807D01280BD16846818A0520C002081AF8
:1034100010D0012810D0022812D0032812D0042C7A
:1034200014D0052C15D113E002290000012800005A
:1034300003300000012400E002246846468A08E0C8
:10344000032406E068460424478A02E0052400E0DD
:1034500006246846418A1398814246D12C74002E76
:1034600041D00DAA0EA905200292019100901023CF
:103470000022FF21304603F041F9002823D168469D
:10348000808E2A46C0B20EA9FFF711FC00281AD17F
:10349000AE81002F27D00DA9052008AE0291009023
:1034A000132300220196FF21384603F027F9002854
:1034B00009D16846808EF11CC01EC0B22A1DFFF7DC
:1034C000F6FB002801D0032095E708A88178427810
:1034D00008021043E881062C05D16846807DA87259
:1034E0006846808A2881002085E703A803F06EF8EB
:1034F000002884D0FFF7D5FD7DE7002805D0F94AE4
:10350000012903D0022903D003207047518800E02D
:103510009188814201D1002070470720704770B523
:103520000C4605461C21204612F05CFE002020803F
:10353000002D08D0012D04D0EBA1F04812F073FF4C
:1035400070BD062000E00520A07070BD70B592B07F
:103550001546064601206A461071107453740846D9
:1035600008300395029048889082FEF7E1F9040044
:1035700019D06580172069468883203600940AABED
:103580007178023307AA01A80DF05FF9064660784A
:10359000000701D5FEF7ADF9002E0AD03046FFF73F
:1035A000ECFD12B070BD1321284607F01BF9032073
:1035B000F7E708A800906846838B0422012128467B
:1035C00008F035FEEDE770B506468AB000200D46DE
:1035D00007900590069003A90490052402460291E5
:1035E0000190102300942946304603F087F8002804
:1035F0000DD108A804A9009102900194684683891E
:1036000000222946304602F095FE002801D0FFF73F
:1036100048FD0AB070BD10B50DF01DFB10BDF0B532
:1036200089B000260546059600780C460827030059
:1036300012F0EAFF0CFD070C3A0B77779EC2FCD81C
:10364000E8FD68680A38FEF7E8FA0DE1A88800236B
:1036500080B201220321009009F08CFA0290002C24
:1036600004D0A648A0A16E3012F0DDFE029800281A
:1036700004D1A2489CA16F3012F0D5FE02980099A7
:1036800008300CF017FDFEF753F9040007D06078FE
:103690003843607000986080FEF72BF9E6E0132154
:1036A000009807F09FF8EFE0002C04D1BD208EA118
:1036B000800012F0B8FE608800230122032109F087
:1036C00059FA0090002804D18C4887A1883012F064
:1036D000AAFE0099002008802A7994461EE0C300C3
:1036E0005B199B6807936B469B8B1A0708D5DA0614
:1036F00006D56046C20050194038C08F088006E0E9
:103700005B0409D50871C2005019C08848806078F0
:10371000384360700226A7E0401CC0B28445DED862
:10372000A2E0E888694608800090002C04D1734824
:103730006DA1983012F077FE2878062814D10098F1
:10374000C00B11D0608800230122032109F012FA76
:10375000060004D1694864A1A23012F064FE002082
:103760003071A88870803BE06078384360707BE0FF
:10377000002C04D161485CA1B43012F054FE608882
:1037800000230122032109F0F5F90090002804D15B
:103790005A4855A1B73012F046FE009808300DF097
:1037A000ACFA0121484002D1E888C00B5CD00098F7
:1037B00061880226C180D7E7002C04D14F484AA176
:1037C000D03012F030FE608800230122032109F07E
:1037D000D1F9002804D1494843A1D33012F023FE87
:1037E0000226C1E7002C04D144483FA1DC3012F08E
:1037F0001AFE0226618801222046FEF71FFA0120E8
:103800000590B1E7A889002380B20122032100902E
:1038100009F0B0F90746002C04D0384832A1EE3048
:1038200012F001FE002F07D12FA101E00FE016E0FA
:103830003248EF3012F0F7FD686802902889694637
:103840008881012202A90098FEF714FA0CE0002CEE
:103850008AD16D2024A1C00012F0E5FD84E727483D
:1038600021A1FE3012F0DFFD002C0DD060780007A2
:103870000AD50598002807D18420207020465822B8
:1038800029460830FDF7A0FC304609B0F0BDF7B579
:103890000C460546007A224688B00A320292921CF3
:1038A00004920027811E16323E4601920B0012F050
:1038B000ABFE08F605F548488DD1F4F5688800237D
:1038C0000122032109F056F90190002803D106A135
:1038D0000B4812F0A8FD01980088002812D052274A
:1038E000072601E1000900207372635C676174744C
:1038F000735F636F72652E63000000006F0200004B
:103900008603000051271E26002C7DD06888A080E9
:103910000120A071019802990079C0004019C08966
:10392000FFF754FD002870D101980079C0004019BC
:10393000C089208101980079C0004019408AA08385
:10394000F2E0698A0091062820D1E889C00B1DD0D9
:1039500008462230512786B2002CD6D0A889049977
:10396000FFF734FD002873D16888A0800220A07181
:10397000A88920810120A072288AE08300982084F1
:103980006969009A019812F0D0FBCDE0084620301A
:10399000502786B2002CB8D0A8890299FFF716FDEF
:1039A000002855D16888A080A889E080287A062858
:1039B0000AD002202072288AA0830098E083204643
:1039C00069692030009ADEE70120F3E76888002368
:1039D0000122032109F0CEF80690688A009006982B
:1039E000002803D1FD49FE4812F01DFD069808305D
:1039F0000DF083F90121484002D1E889C00B26D09F
:103A00000098223086B201E073E021E05127002CBB
:103A100079D06888A080A8890499FFF7D7FC00288E
:103A200016D10220A071A88920810420A072288AC2
:103A3000E083009820846969009A019812F075FB70
:103A40000699002008710698A98941806CE003203E
:103A50000BB0F0BD688805F0D2FB019068880023A8
:103A60000122032109F086F800900198002804D172
:103A7000DB48DA492C3012F0D6FC0098002804D13B
:103A8000D748D6492D3012F0CEFC0098D549C088D1
:103A9000884205D05127222604E01EE03FE035E0B1
:103AA00050272026002C2ED06888A080502F07D0C9
:103AB0000220A0712146287B0831FFF730FD33E05A
:103AC000287BA11DFFF72BFD6A8800230099019830
:103AD000FFF73CFD0028BBD126E0C349A889C9886F
:103AE000814207D154270626002C0CD06888A0807C
:103AF0001AE008E053270826002C04D06888A0802C
:103B0000A889E08010E00A98068013E05527072670
:103B1000002CF8D0A889A0800020A07104E08D209E
:103B2000AE49C00012F07FFC0A98002C068001D03C
:103B30002780668000208BE7AB4900200870704723
:103B400030B585B00C4601F0E0F90546FF2804D1F8
:103B5000A348A249953012F066FC00202080207115
:103B60006080401EE0802046294608300CF096FA1E
:103B70006A462946012002F020FD102412E0684622
:103B8000808800070ED56846C0882946FFF71BFDD0
:103B900068468188FF2321438180C0882946019A95
:103BA00002F036FE684602F011FD0028E7D005B0AD
:103BB00030BD0A46014610B5104608300CF082FAB6
:103BC00010BD70B5002305461A46032108F0D2FF48
:103BD000040004D182488149B73012F024FC204609
:103BE000294608300CF066FA70BDF0B591B00C466D
:103BF000074605F004FB050005D02878222804D2EA
:103C0000082011B0F0BD7948FBE700231A460321D4
:103C1000384608F0AFFF0646002C02D0A0880028E6
:103C20000CD00120694608710220087400204874F5
:103C3000002C05D0A0880883206802E00920E0E776
:103C4000088305903046083003970290FDF770FE18
:103C5000040018D0678017206946888320350094B7
:103C60000AAB6978023307AA01A80CF0EEFD0546FD
:103C70006078000701D5FDF73CFE002D09D02846ED
:103C8000FFF77BFABDE71321384606F0ABFD0320B2
:103C9000B7E708A800906846838B042201213846C4
:103CA00008F0C5FA0021C943F180AAE7FFB585B045
:103CB0000E9E7788384605F0A2FA054600231A467C
:103CC0000321384608F056FF0446002D03D143492E
:103CD000474812F0A8FB002C04D145483F49401C3E
:103CE00012F0A1FB0834089869460394C1C105A8E5
:103CF0000DC8203569780CF017FAC6E5F0B5044612
:103D0000002099B00D4601460D9010A881811646FD
:103D100001818180344A68469180018510A8018024
:103D200068460187818581841078012808D002289F
:103D300006D0032804D0042802D0082019B0F0BD12
:103D40002C4A944273D32C4F0121890438688C4249
:103D500001D3844278D3274A954275D3012189043F
:103D60008D4201D385426FD36168002913D0214A67
:103D7000914269D301229204914201D3814263D3DB
:103D800060892189884203D801225202914201D9D7
:103D90000C20D3E70D9016AA0EA92846FFF783FA48
:103DA0000028CBD1686880784007800F02280AD1AC
:103DB0006846008F8004800F05D02869002802D053
:103DC0003968884240D30AA92069FFF716FA00280B
:103DD000B4D1206900281CD060780FE0E8380000DA
:103DE000EE030000FFFF0000000900200230000089
:103DF0000C050000008001002800002080076846B4
:103E0000008D03D58004800F68D002E08004800F0D
:103E100064D16846008D810618D58004800F6068E3
:103E200006D0002812D0396888420DD302E00BE09A
:103E300000280BD0FE49884206D30121890488421C
:103E400004D33968884201D2102077E709A9606954
:103E5000FFF7D3F900289CD16069002808D0684694
:103E6000808C0105890F012938D18004800F35D05D
:103E70000BA9A069FFF7C1F900288AD16846808C98
:103E800080062BD46846808D810627D4A16900293D
:103E900006D00105890F012920D18004800F1DD093
:103EA000E068002804D00078002817D01C2815D21C
:103EB00004AA611C2046FFF71DFA0121890210A8FF
:103EC0000180012768468773DA49818104AA033299
:103ED00017A92868FEF711FF002801D007202DE759
:103EE00010A8007F15A9C01CC2B200200C9201903E
:103EF000FF32009003460291FF3203A8033210996B
:103F000002F0B3FA002826D110A9888A0F902A89D6
:103F10002969C94801910092029010A90A8B6B8906
:103F200028680E9902F0A1FA01007DD1C24800254F
:103F3000001F818868464174090A8174052104A81C
:103F40006A4623C210A82A46FF21808A0C9B02F0F1
:103F5000F1F9002802D0FFF7A4F8EFE66846007CEC
:103F60000322C1090020920290430122920280188C
:103F70001490002928D0014610A801806846292104
:103F8000877309028181058608A8007C0023410807
:103F900060784900C007C00F014308A80174FD20E4
:103FA00001406078A54A8007C00F4000014308A87F
:103FB00001740CA9022001910090029503A81099A8
:103FC00002F053FA01002FD16068002828D0206940
:103FD00000280DD10AA90EA8FFF7D5F9607880074F
:103FE00006D46946088D032109038843694608857C
:103FF000904968468773FE31818190492089891EE6
:1040000012F00DF962680D9811AB019200900293C5
:104010000A46002303A80A9902F027FA010003D1F7
:104020002078C10603D400E086E080062AD56846E1
:104030000586606900280DD109A90EA8FFF7A3F92C
:104040006846818C03208002814301208002091888
:10405000684681846946888CC821084369468884FB
:1040600074488F73FF30888112AA0CA90220029233
:10407000019100900023714A03A8099902F0F5F913
:10408000010059D12078C00729D068460586A0696B
:1040900000280DD10BA90EA8FFF775F96846818D90
:1040A000032080028143012080020918684681852F
:1040B0006846818D40200143684681858773604949
:1040C000818113AA0CA90220029201910090002381
:1040D0005A4A03A80B9902F0C8F901002CD1E068F4
:1040E00000282DD010A8149901805549684687737F
:1040F000491C8181E16808A80A78027449784174F2
:10410000E0684122418868464186E06800230179E1
:1041100008A80175E068D200C18808A84175090A9D
:1041200081750CA8072101900091029503A81099B0
:1041300002F09BF9010003D00F9800F0EAFEFDE5C4
:104140003D480321001F0170002E0AD08088308076
:1041500010A88088708010A80089B08010A880897D
:10416000F0800020EAE530B501248BB015460B46FF
:10417000012802D002281CD104E06846052184737E
:10418000C90203E02B4968468473891E8181002B94
:1041900012D003210020890288430121890240189E
:1041A0006946888405AA04A91846FEF7A6FD0028DA
:1041B00004D007200BB030BD1020FBE76A46127C0C
:1041C0001D480092801E05A9FF3201910290FF3226
:1041D000002303A80332099902F047F9002802D00E
:1041E000FEF75FFFE6E71448001F002D01D041886D
:1041F000298004700020DDE770B592B004460126E6
:1042000008A886700F496846018410AA08A930469C
:10421000FFF7A9FF00284DD12078074DC0070024E3
:104220002D1F002848D01C21684611F0DDFF0BE04F
:1042300000800100032800000409002003020000A0
:10424000032900000118000068460178202001437E
:104250006846017008A88670F9496846018411947F
:104260000794817FF92001406846891C81770020EE
:1042700001466846017700200146684641770421DF
:104280008185C485018607A80A9011A80D9008A809
:1042900009900EAA09A96846FFF730FD002809D148
:1042A0006846008FE8806846808F2881401C6881BE
:1042B0002C70002012B070BDEC802C8110A80088FA
:1042C000F4E7F7B5DF4900260A789EB0012A04D04A
:1042D000022A02D0082021B0F0BD4A88824201D0D3
:1042E0000620F8E71F98824201D10720F3E7012258
:1042F00010A98A75D4488882002003239B020146B6
:1043000099439302CB1810A90B8669468A81CF4A3C
:10431000CA8118A9887110A9888419A904916946CD
:10432000CA820690FF20087503A802F072F90024E3
:104330002546274608AA052103A802F06DF90028A2
:1043400010D082286FD1002C6FD0002D6DD010A816
:104350008480C5800021017418A8807B11AC0128DD
:1043600065D06DE008A88079002F21D0012857D1B1
:104370006846818CB44881421CD113AA0DA905203E
:104380006B4607C36846408C10230022FF2102F0D1
:10439000B5F9002868D110A88089042801D0062822
:1043A0004CD16846818E1F98814239D10F2092E707
:1043B000012835D16846808C0521C902884202D087
:1043C000491C88422CD19F4841886846408C8142D4
:1043D00001D1012700E00027002C01D0002D10D0D2
:1043E0001F9988421CD113AB0DAA05216E460EC63B
:1043F000044610230022FF2102F080F9002833D167
:1044000001E035460CE010A88089022801D0102870
:1044100014D1C0B21BAA0DA9FEF749FC00280DD18A
:104420006846468C86E71FE0FFE7052053E714A99E
:104430001BA8221DFEF761FC002801D003204AE7DB
:1044400010A8007C0023001DC2B210A8027420989E
:1044500002900194009215A81C9902F006F8002819
:1044600002D1784902220A70FEF71BFE33E710B52D
:104470000B46401E86B084B203AA00211846FEF700
:1044800039FF04AA052103A802920191009001239B
:104490000022FF21204601F04DFF04466846008AB5
:1044A000012804D06D206A49000111F0BCFF2046AC
:1044B000FEF7F7FD06B010BDF0B5624F0446387840
:1044C00087B00E46032804D0042802D0082007B085
:1044D000F0BD04AA03A92046FEF7E5FE0500F6D1CB
:1044E000606880784007800F02280DD16846808977
:1044F0008004800F08D02069002805D0554909683C
:10450000884201D21020E2E7208905AA6B46216982
:1045100007C369460A8A63892068039901F0A5FFE9
:10452000002802D0FEF7BDFDD1E7002E02D068467C
:10453000808A3080042038702846C8E738B50C00DF
:10454000054609D000236A46FF2102F039F9002808
:1045500004D0FEF7A6FD38BD102038BD69462046C0
:10456000FEF74BFE0028F8D1A078FF21C307DB0F30
:104570002846009A02F04CF9EBE73EB50C0009D052
:1045800002AB6A46FF2102F01BF9002804D0FEF7B7
:1045900088FD3EBD10203EBD0321204611F022FEC5
:1045A0006846008801A90005800FFEF712FE00286A
:1045B0000BD16846007920706846008801A9800404
:1045C000800FFEF706FE002801D003203EBD68469E
:1045D00000796070A278EF20024068460088C10B25
:1045E00009010A43F7210A404104C90FC9000A43DF
:1045F000A270F9210A40800601D5022000E00120C6
:10460000400069460243097A50084000C907C90FB3
:104610000843A07000203EBD7FB5144605220192DC
:1046200003AD029500930A462388FF2101F082FE24
:10463000694689892180FEF734FD04B070BD000011
:10464000052A00000009002002280000FFFF0000EA
:10465000E838000028000020F3B5002799B068462C
:104660000C4607873D4600291ED0E068002806D08A
:10467000A068002818D001886A4611870780199819
:1046800004F0BDFD002812D0007822287ED31998AE
:1046900000F03BFC002300901A460321199808F013
:1046A00069FA060009D104E010201BB0F0BDFD48F6
:1046B000FBE7FD49FD4811F0B6FEA078012803D0C4
:1046C000022801D00720F0E72088002808D0401EEB
:1046D00080B203AA009901F070FF002859D11DE0B3
:1046E000F048401CE1E76946498A228891420BD292
:1046F0006846807D0025012810D16846808AEC49F3
:1047000088420BD1012509E0914203D1002D2AD026
:104710006D1C01E0022D0BD0032D04D203A801F083
:1047200055FF0028DFD082281BD0002831D11DE0A2
:104730006946897D0129F1D16946DD4B8A8A5B1E74
:10474000D11A9A420FD005DCDA48101A0BD0012892
:10475000E4D108E0012906D0FF390129DED1032583
:10476000E1E7022D15D10D2080029EE7E0680028C8
:1047700016D00EA9052202910192009069460B8F76
:10478000A2882088FF2101F0D5FD00E01EE000286E
:1047900002D0FEF786FC88E76846A168008F088093
:1047A0006846008AC00601D5C3487EE707980028FE
:1047B00003D06846008B022801D0032075E70798D4
:1047C000A1780078012903D0800710D408206CE775
:1047D000C007FBD000220721199808F010F8002824
:1047E00002D00725022004E0AE48801C5DE70225C8
:1047F000032008A908702188684681851998083621
:104800000A90099617216846818712AB02330FAAD6
:10481000052108A800970CF018F8002802D0FEF730
:10482000ACFC42E710A800906846838F042229461A
:10483000199807F0FCFC38E770B5064615460C469B
:104840000846FEF7EBFB002804D12A4621463046F5
:10485000FFF789FCF2E610B5FFF733FD10BD70B528
:104860001E4614460D0014D0002C12D06168002999
:104870000FD00121FEF741FE002809D12068FEF784
:10488000CDFB002804D1324621462846FFF736FAF0
:10489000D4E61020D2E670B515460C000ED00221E9
:1048A000FEF72BFE002808D12068FEF7B7FB002892
:1048B00003D129462046FFF7FFFDBFE61020BDE6E5
:1048C000F8B506467D480D46016814468A4231D344
:1048D0006068002808D07A4A90422BD301229204C3
:1048E000904201D3884225D37648864204D0304690
:1048F00004F085FC00280CD0304600F006FB06468C
:10490000284600F0BFFA002804D16068002802D0D1
:1049100012E06448F8BD00236A463146284601F09B
:104920004FFF002802D0FEF7BCFBF8BD68460088A8
:10493000800601D41020F8BD6188224628466368AD
:10494000FFF76AFEF8BDF7B55C4E0746306886B0E3
:104950001446824202D2102009B0F0BD384600F061
:10496000D4FA05465748874201D0FF2D08D00023CE
:1049700004AA2946079801F023FF002826D101E068
:104980004848E9E76846008AC00601D54A48E3E797
:1049900003A9002002910527019000976288494BE6
:1049A0002946079801F0AAFE00280FD161683268F5
:1049B000914208D30191029000972388628829468A
:1049C000079801F09BFE694689892180FEF769FB03
:1049D000C2E7002907D03C4B0A881B899A4202D8BB
:1049E0003048401C704737E610B586B004236C464B
:1049F000A382354BDC88002C07D01B898B4201D267
:104A0000914204D92748401C54E5062052E56B46E4
:104A100019825A820021009101911C800221997013
:104A200005A9029104A903916946FFF715FE41E526
:104A3000F3B50C4685B0812069460873002C1BD065
:104A4000059804F0DCFB070018D03878222869D3D9
:104A5000059800F05AFA049000220121059807F009
:104A6000CEFE00280CD000231A460321059808F03A
:104A700081F805000AD105E0102028E5094826E55F
:104A8000112024E50849114811F0CDFC28460830D2
:104A90000BF032FB06462078012819D0022838D0C6
:104AA000072014E502300000E8380000E1080000AB
:104AB0000328000000280000013400002800002026
:104AC00000800100FFFF000000090020840A0000B0
:104AD000A18803AAFEF71CFB0028CED1B00721D580
:104AE0006846007B00281FD1A079C0071CD0E06871
:104AF000002205216B4607C36389228968880499CF
:104B000001F018FC6946087300280DD0FEF7C9FAB9
:104B1000DDE4A18803AAFEF7FBFA0028ADD134201A
:104B2000064201D10820D2E46846037B2946384674
:104B3000059AFEF70BFDCAE4FFB597B0002001907F
:104B40001F4615460C460E46179804F058FB0028E1
:104B500004D00078222803D20820A6E5F448A4E572
:104B6000B80801D00720A0E5032F00D1002717982F
:104B700000F0CBF90890002C1BD0022D77D3ED4824
:104B8000006884427CD361190091012902D0491E3A
:104B9000814275D3AD1EAAB22146E74810F036F81F
:104BA00000991E394A7F0B7F11021943884267D151
:104BB000ADB2E248B90702D50189491C00E00121E4
:104BC00089B20091F90701D0078900E0DA4F03AA02
:104BD0000899009801F0F1FC0DE0F078B17800023E
:104BE000084310284CD80199091D401880B2019043
:104BF000A84245D82618002E60D07078317800027F
:104C0000084300998842E8D358E06946098A0A07B0
:104C100054D5002C3FD0019AA618121D92B20992C9
:104C2000F278B37812021A439446102A28D8099AC7
:104C30006244AA4224D87278337812021A4390420E
:104C40001ED1C8061ED509980AAA052120186B4650
:104C500007C3707831780002084363460022089940
:104C600001F068FB002803D0FEF71BFA1DE507E002
:104C7000F078B178000208436946098D884201D076
:104C80000B2012E5F078B17800020843099940182A
:104C900080B2019006E0C90604D50899FEF793FC9E
:104CA0000028E3D16946088A1021884369460882B2
:104CB000488AFF23049A089901F0AAFD03A801F08D
:104CC00085FC002803D16846408AB8429DD900235C
:104CD0001A460321179807F04DFF040003D19849A5
:104CE000984811F0A0FB20880028BFD0012108A817
:104CF00001700173002646732188684601862046AC
:104D00000830099017980A90FCF712FE05001BD096
:104D10001798688017206946888010AB023301AA73
:104D2000052108A800950BF090FD0746687800075C
:104D300004D584488249223011F075FB002F09D038
:104D40003846FEF71AFAB0E41321179805F04AFD29
:104D50000320AAE40EA8009068468388042201215B
:104D6000179807F064FA00288BD126809DE4F0B5EF
:104D700000248DB01F4615460E46002A04D0B908FF
:104D800004D007200DB0F0BD1020FBE7032F00D1A9
:104D9000002700F0BAF80390FF2804D06749B8074D
:104DA00003D5488902E06248ECE70120FA0702D007
:104DB0004989491E00E0604906AA8FB2039901F0B3
:104DC000FCFB38E06946898B090734D504AB052123
:104DD0000022029300910192574B039901F08EFC3F
:104DE000002821D1002E21D06A46128A2988A218D3
:104DF0003019121D914234D36946CA8B0270120ACF
:104E000042700A8A8270120AC27004A90522001D2B
:104E10000092029101906946C88B0B8A0022039987
:104E200001F06CFC002801D00320ABE76846008A43
:104E30002018001D84B206A801F0C8FB002804D089
:104E4000822806D0FEF72DF99CE76846C08BB84251
:104E5000B8D9002C07D0002E10D02988A01C814280
:104E600003D20C208EE705208CE7224631463248DB
:104E70000FF0CCFE31190870000A4870A41C2C8079
:104E800000207FE700B585B06946FEF79FFA00284D
:104E90000AD16846007C030011F0B6FB08052F2FED
:104EA0002F2F08080531032005B000BD6846807823
:104EB000012807D1684600880321C902401A1CD086
:104EC00001281AD068468079012806D16846808872
:104ED00015214902401A05280FD96846807A012811
:104EE00011D16846018929200002081A05D002283C
:104EF00003D0032801D0042805D10F20D4E712A144
:104F0000164811F090FA0020CEE710B507F028FE01
:104F100010BD10B50C4601F023FB002803D00AA1F8
:104F20000F4811F080FA2046FEF7BBF810BD0000D4
:104F30000230000028000020FFFF000000090020D0
:104F4000E83800003F0B00007372635C67617474A3
:104F5000735F636F72652E63000000002202000021
:104F6000BB060000F8B500780C46164610340E3625
:104F7000069F022809D0032836D005287ED0FF20BE
:104F8000F6A1E53011F04FFAF8BDCD890A2068434B
:104F90000E30188031203880002AF5D0087B9581AA
:104FA000801FC7B21AE020886168308048780A788C
:104FB00000021043F080C8788A78000210433081E4
:104FC000B21C3846091DFDF772FE002F01D00028E3
:104FD00002D000203071708008340A3628466D1ED9
:104FE000ADB20028DFD1F8BDCD890A2068430E306C
:104FF000188032203880002AF5D0087B9581401F28
:10500000C7B243E0616822880878F2803279C3072A
:1050100052085200DB0F1A43FD231A408307DB0FAF
:105020005B001A43FB231A404307DB0F9B001A4324
:10503000F7231A400307DB0FDB001A43EF231A4064
:10504000C306DB0F1B011A43DF231A408306DB0F65
:105050005B011A43BF231A404306DB0F9B011A432F
:105060003271C00970718A784B7810021843308110
:1050700032463846C91CFDF71AFE00E00CE0002855
:1050800002D00020B070308008340A3628466D1EE9
:10509000ADB20028B6D1F8BD087BCD89801E86B29E
:1050A0003046083068431030188034203880002A99
:1050B000F1D0174695811037E800D681C0190090CD
:1050C0000DE020883880009878603246616800984A
:1050D00011F02BF800980834801908370090284602
:1050E0006D1EADB20028ECD1F8BDFFB581B00A9DB0
:1050F0001E460C46002A05D0607AFF300130D08071
:10510000E089108101980E270078030011F07CFAE5
:105110000B7E0719293541536C7878787E00009210
:10512000087B082805D0032803D091A1954811F0E9
:105130007AF9378030200FE000990020888105B08F
:10514000F0BD0092087B042804D08E4888A114305A
:1051500011F069F937803120288000980028EBD1C0
:10516000EDE70092087B042804D0932080A1800002
:1051700011F059F937803220EEE70092087B0228BF
:1051800004D080487AA13A3011F04DF937803320AD
:10519000E2E7087B1746042804D07A4874A14C3013
:1051A00011F041F91020308034202880002FC6D023
:1051B0000020B88116E0207B1746052806D0062877
:1051C00004D070486AA1603011F02DF912203080AF
:1051D00035202880002FB2D0E089B88100203882A5
:1051E00001984088F881AAE70092087B072804D03C
:1051F00064485FA1713011F016F937803620ABE7B3
:1052000033460095019800F00EFC98E72F2053A13B
:10521000000111F008F992E770B50C46054603F05D
:10522000EEFF002804D00078222803D2082070BDA9
:10523000554870BD00231A460421284607F09AFC01
:105240002060002801D0002070BD032070BDFFB594
:105250008BB00D4607461720694608850E98032631
:105260001446002805D10EA93846FFF7D5FF0028BF
:1052700034D1002D0BD000220321384607F0BFFAAD
:10528000002834D00E980078002830D108E020782B
:10529000092819D00F2823D030A13C4811F0C3F8B9
:1052A0000E98A760801D03AA606002320AA92046FA
:1052B00000F00FFC002827D0030011F0A5F9071A11
:1052C000182323211C1E23000726002231463846BE
:1052D00007F095FA0028E3D12B48801C0FB0F0BDF1
:1052E00000220321384607F08AFA0028D8D111207D
:1052F000F4E70020F2E70820F0E72348401CEDE740
:105300000720EBE70320E9E701A800906846038D3A
:1053100004223146384606F08AFF0028DED1002DEF
:10532000DCD00E990D70D9E730B587B01D460C461C
:10533000002A11D0042369460B7013888B81528890
:10534000CA81A2788A7422880A8200236A46294682
:10535000FFF77DFF07B030BD1020FBE77372635C81
:1053600067617474635F636F72652E630000000091
:105370007372635C67617474635F636F72652E63DD
:105380000000000025020000023000004F03000072
:10539000F3B581B001980C4600780826030011F09F
:1053A00033F9125F47471B134B0A0A0A0A0A0A0A13
:1053B0000A0A0A0A0A5F002C02D1F849F84808E0F4
:1053C0006078304360703CE0002CF9D1F448F34938
:1053D000083011F028F8F3E70198002380880122B3
:1053E00087B20421384607F0C5FB0546002C04D0DF
:1053F0007520EA49C00011F016F8002D04D1E848E4
:10540000E649143011F00FF83946A81D00F058FB9A
:10541000FCF78EFA040006D0607830436070678035
:10542000FCF767FA0FE01321384605F0DBF915E0C9
:10543000DB48DA49283002E0D948D8492D3010F04D
:10544000F2FF002C0AD06078000707D59320207067
:105450002046582208300199FBF7B6FE0020FEBD19
:10546000CF48CE493130EAE710B500210170801DE8
:1054700000F023FB10BD0A4610B50146901D00F058
:1054800027FB10BD70B5002305461A46042107F01E
:1054900071FB040004D1F920C049800010F0C3FF63
:1054A0002946A01D00F00CFB70BDF7B5054684B081
:1054B0000C4600206946088188806F8803460122D7
:1054C0000421384607F056FB060004D1FD20B349FD
:1054D000800010F0A8FF002C03D0A7800020E080FF
:1054E0002081297A20461230C91E142700900B0013
:1054F00011F08AF80FFEFDFC3809A95E657A2FB21B
:10550000C9E99191FC003078012804D0A3497020AA
:10551000143110F088FFA9896A46C8000E309080C7
:1055200030201081002C13D0A18100200DE0C1009B
:10553000327909190A747288CA8182005319DA898A
:105540004A821A8A401C8A8280B2A1898142EED89E
:10555000F1E002A8009001AB22462946304600F057
:105560002BFAE8E03078042804D08C49BD201431AF
:1055700010F059FFA8890622014650436A460E30B2
:10558000908033201081002CE2D0A18100200BE01C
:10559000062141434F190919FA89CA81BA7C8A74D4
:1055A0003A8A401C0A8280B2A1898142F0D8C2E0C6
:1055B000307806280BD079491431D72005E03078AF
:1055C000062804D07549EB20143110F02CFFE8892F
:1055D00069461230888035200881002CB8D0A9890E
:1055E000A1817188E18126E03078072804D06B49D9
:1055F000FF20143110F017FFA8896A4601460E30CB
:10560000908036201081002CA2D0A1812046AA894A
:105610000E30296954E0E8896946123080B2382298
:1056200088800A81002C7ED0A989A181287A10283F
:1056300007D00221A173E9892182EA8929690098AA
:105640003EE00121F6E702A8009001AB2246294680
:105650003046FFF787FC6EE03078082805D04F49C8
:10566000FF201431EE3010F0DEFE684637218780CF
:105670000181002C5FD0A989A18100206082208255
:105680000120A07357E03078092805D04349FF2056
:105690001431FF3010F0C7FE288A69461430888024
:1056A00037200881002C46D00421A173A989A1814B
:1056B000E9892182298A618220462A8A143069690F
:1056C00010F033FD37E030780A2804D033493548EC
:1056D000143110F0A8FE6846372187800181002C24
:1056E00029D00521A1730020A08102E01EE003E083
:1056F0000CE0208260821EE002A8009001AB2246EE
:1057000029463046FFF7F1FC15E00CE00D20694614
:10571000392288800A81002C05D00120E0800020F9
:105720002081207307E00699088019E01C481B4976
:10573000A43010F078FE6846069980880880002C16
:105740000ED0684600892080684680886080287A6C
:10575000032805D0102803D0112801D00020307074
:10576000002007B0F0BDF7B5568815460F46002358
:1057700082B01A460421304607F0FCF9040004D137
:1057800007480649C43010F04EFEA41D33462A4691
:1057900039460094029800F022FBD0E45C530000EC
:1057A0009503000013020000F7B58CB00D461446B7
:1057B00007A90C98FFF730FD002812D1B64E01273B
:1057C000002C0FD00321684601701021818208A8A7
:1057D00002460690204605A9FDF78FFA00280BD057
:1057E00007207BE50821684601708581C681052177
:1057F0008774C90201820BE00798A17801712188A2
:105800004180684605218774C90201828581C6816D
:1058100002460121079B0C98FFF719FD5EE508B5CC
:1058200001236A4693709D4B13800A460223694602
:10583000FFF77AFD08BD08B501236A469370974BC0
:105840005B1C13800A4603236946FFF76DFD08BD04
:1058500000B587B000290CD002236A4613700B886C
:1058600093814988D18100230421FFF7F0FC07B020
:1058700000BD1020FBE710B5002903D00523FFF77A
:1058800053FD10BD072010BD70B588B00D461446FD
:10589000064607A9FFF7C0FC00280DD1002C0DD04B
:1058A0000621684601708581C481079B02465C80A1
:1058B00006213046FFF7CBFC08B070BD05216846D5
:1058C00001708581F1E710B588B000290BD007245D
:1058D0006B461C709A81049100236A462146FFF7AB
:1058E000B6FC08B010BD1020FBE770B500241722ED
:1058F00088B0002914D00D782B0010F085FE062307
:10590000050519041B231522D21E93B2CA88002A4A
:1059100002D08E68002E03D09A4203D90C20CBE728
:105920001020C9E7042D05D08A88002A0AD101E099
:105930000620C1E7012D11D0022D05D0042D18D06D
:10594000052D23D00720B7E709236A4613704B883B
:105950009381CB88D381896804911DE00C236A462A
:1059600013704B889381CB88D38189680824049174
:1059700012E00D236A4613704B8893818B88D38184
:10598000CB88138289680924059105E00E236A46B5
:105990001370497811730A2400232146FFF757FC3E
:1059A0008AE700B587B00F236A4613709181002300
:1059B0001946FFF74CFC5AE7FEB50078089D1C46D7
:1059C00016460F46012803D03549912010F02BFDD3
:1059D000F889C0000E30208030202880387B001FDE
:1059E000C0B20190002E1DD0F889B081002516E0CC
:1059F000E8008419C0190090224641690E320198CE
:105A0000FDF755F9002802D000202074E0810098AD
:105A10006D1C008A60820098ADB2408AA082B08975
:105A2000A842E5D8FEBD70B514461425049A1D8021
:105A300037231380002C0ED0CA89A28100226282F3
:105A40000078082808D0092810D00A2819D014494D
:105A5000144810F0E8FC70BD087B0C2804D01148F5
:105A60000F490C3810F0DFFC012008E0087B0D28FE
:105A700004D00C480A49083810F0D5FC0420A07363
:105A800070BD087B0E2804D006480549001F10F0A1
:105A9000CAFC0520F3E70000FFFF00000228000019
:105AA00070530000BB02000010B5FE4B5860197225
:105AB0001A80C90010F098FB10BD002101807047CA
:105AC00010B50022D2430280032007F0F8FC10BD7D
:105AD0007047F0B50E460446017801208840F2492F
:105AE00099B008400090616815460888EF4A9042D6
:105AF00006D0009A002A06D0EB4A521E104202D06D
:105B0000012019B0F0BD009A10430880002D12D07A
:105B1000002028702178EA1C0027681C01920B00E5
:105B200010F072FD10F30E16233A59616F3CB4B0B9
:105B30008AB8F2F1F0F320780B28EBD00420E0E7EC
:105B400002212970A1890170090A4170032097E0A0
:105B500004212970A1890170090A41700198E18925
:105B60000170090A417005208AE006212970A18987
:105B70000170090A41700199E2890A70120A4A709B
:105B8000218A0171090A4171A28AE81DA16910F0F8
:105B9000CCFAA08AC01D73E0082129702178082959
:105BA00001D110212970A1890170090A4170019861
:105BB000E1890170090A41700520308020466A1D84
:105BC00002A91030FDF799F800287DD16946308888
:105BD000097A401854E00A212970A1890170090A44
:105BE000417003200BE00C212970A1890170090A82
:105BF00041700198E1890170090A417005203080E7
:105C00009CE0A08984464000401C81B230888842D4
:105C10005AD3052958D30E202870002008E02369A4
:105C200042009B5A521953701B0A401C937080B259
:105C30006045F4D33180B9E09A48417A002973D0A5
:105C4000491E4172217B4068C9004518A98828680F
:105C5000082240180838216910F067FA02216846C6
:105C600001710021417128680390A988684601816B
:105C7000002101A8FFF78CFB0020A880002E00D097
:105C8000308093E0297880221143297029784022BE
:105C90001143297029788909890112312970A18954
:105CA0000170090A4170E289E81C216910F03DFA8F
:105CB000E089C01C3080287841063FD5C00975D0E6
:105CC00001216846017200E02CE000214172318818
:105CD000091D81810495E189019808180590001D2E
:105CE00006907048017A68460177002102A8FFF704
:105CF0004FFB074630880C303080022F06D0002F33
:105D000054D065E03DE033E01CE05EE06548694664
:105D1000097F4268CB00D218037A994202D2918857
:105D2000002902D0042753E02FE0417A491C417238
:105D30001560308890800020308049E06168A0893B
:105D4000888033E029788909890116312970A18971
:105D50000170090A41700198E1890170090A4170D6
:105D6000228A681D616910F0E0F9208A401D46E72B
:105D700028788009800118302870207B6870022004
:105D80007EE760680188090401D4052720E0C08807
:105D9000A189884201D006271AE01E202870012020
:105DA0003080606801884904490C0180009800280F
:105DB0000ED03C4800220088A1688300032007F031
:105DC000D9FA61682078887007E0002030800327C6
:105DD0006068009902888A430280384691E6FFB5E0
:105DE0009FB0289D0E46002805D0172803D82A8882
:105DF0002E4B9A4202D1072023B0F0BD32785306D1
:105E000001D4D20901D00820F6E700226B461A71AE
:105E10005A7114463278431E1D939BB2189303ABFC
:105E20001A939706CB1CBF0E1B93821E711C3B005E
:105E300010F0EAFB209011EE66EE74EEB0EED4EEB8
:105E4000EDEEECEEEBEEEAEEE9EEEEEEE8EEE7EE8E
:105E5000E6EEE5EE90EE05287CD10421684601715E
:105E6000A9780172F078B278010211436846418145
:105E70003179417170788006800E0C282ED009DCB3
:105E8000801E030010F0C0FB0919661C6621662401
:105E90006627660012282AD00ADC0E2821D0102896
:105EA000DAD121E00C090020FF710000FFFF0000A3
:105EB00016281FD01828CFD11FE02878800701E0CE
:105EC00028784007002845DA45E128780007F9E7F7
:105ED0002878C006F6E728788006F3E72878400699
:105EE000F0E728780006EDE72888C005EAE728886B
:105EF000C004E7E728888004E4E728884004E1E755
:105F00002A78920726D50328A6D105206A46107163
:105F1000487809780002084310811CE12978490774
:105F2000F0D5062816D3717890B2012902D0022943
:105F300092D101E0022100E01021189106216A4669
:105F400011710021118102AF189AB11C0237921C05
:105F50001B921AE0B3E04A780B7812021A433A8097
:105F6000801E891C1790BA1C1A911898FCF79FFE86
:105F70001A991898189A091817986B46801A1A894E
:105F800080B2521C1A811B9ABF1D8242E3D900289D
:105F900086D1E0E028780007B4D51D98694682B222
:105FA0000720087100200881701C0A3111E0437835
:105FB00007781B023B430B80C37887781B023B4367
:105FC0004B806F463B89121F5B1C001D92B23B81C8
:105FD000091D042AEBD2002A71D1BCE02978C90638
:105FE0006DD502286BD308206946087100204881CE
:105FF00070780872844692B2B01C1A9919E089E050
:1060000090E07EE067E05BE030E025E019E013E03F
:10601000BCE0437807781B023B430B80831C4B603A
:106020006346D21A6F467B8960445B1C92B27B81C7
:1060300008319445EDD9CEE7287880063FD509226E
:1060400003E0287840063AD50A2268460271AA88F9
:106050000281189A428107E0287800062FD50B208C
:106060006A46107118981081039174E02988C90557
:1060700025D5022823D30C206946087100204881C9
:1060800070780872844692B2B01C1A9914E0437872
:1060900007781B023B430B80C37887781B023B4386
:1060A0004B80031D4B606346D21A6F467B89604468
:1060B0005B1C92B27B8108319445E8D98BE763E0A1
:1060C0002988C90460D501285ED10D216846017177
:1060D000A98801813FE02988890455D5052853D333
:1060E0000E2269460A71AA880A811B99401F4A78C4
:1060F000097812020A4369464A818881701D04901A
:1061000029E0298849043FD501283DD10F2069465F
:10611000087120E02A88120436D44A780B781202DB
:106120001A43EA8003282FD332789206920E1B2A54
:1061300026D011226B461A712A880123DB031A43E9
:106140002A804A78097812020A4369460A81C01EE9
:1061500048811B98039030788006800E1B2809D058
:106160001D2807D00320229907F0A9F92888C00B21
:10617000C003288001A82199FFF70AF920463BE6D1
:1061800010226B461A71DCE70724F7E70824F5E7CD
:1061900000B597B0032806D16A461070019100211E
:1061A0006846FFF7F5F817B000BD000010B58B7812
:1061B000002B11D082789A4207D10B88002B0BD08C
:1061C00003E08B79091D002B08D08B789A42F8D117
:1061D00003880C88A342F4D1002010BD812010BD9B
:1061E000052826D0002A02D0012A0DD102E0098814
:1061F000090501E009888904890F07D0012918D011
:10620000022909D003290ED081207047002A01D02D
:10621000032070470220704703280AD0042808D0C2
:10622000002804D007E0042803D0022803D005206A
:106230007047002070470F20704770B513880546DF
:1062400014460B8018061DD5FE481022807AA842FD
:1062500003D813430B80002070BDA06893430078DF
:10626000E840C007C00E03430B802078A178800768
:10627000800D0843F4490FF0D2FFA0686943081865
:10628000401C70BD906870BD37B569468B8813801F
:1062900019061BD5EB4C0125A47A9168844209D8D4
:1062A000FE280FD1D80602D5A5406D1E00E00025BE
:1062B0000D7007E085400C78DB06DB0FAC438340B4
:1062C0001C430C7010881021884310803EBDF8B527
:1062D0000746C81C80080E468000B04201D08620C8
:1062E000F8BD082A01D90E20F8BDD64D00202E6039
:1062F000AF802881AA723446E88016E0E988491CFC
:10630000E980810610D48007A178800D0843CE492A
:106310000FF085FF206800F0BAFA2989401880B292
:106320002881381A8019A0600C3420884107E5D4F0
:106330000020F8BDFFB589B09F041646139DBF0C21
:106340000193099800F095FA04000AD0207800061D
:1063500009D5BC48817A0A98814204D887200DB0BB
:10636000F0BD0120FBE7224669460A98FFF765FF6A
:106370000690002069460872052D14D0012221469E
:106380002846FFF72DFF0028E9D1207840060AD5DE
:10639000022168460172099981810188C1810682C2
:1063A0004782129805900198000404D500273E46C4
:1063B0000125079709E02078A1788007800D084320
:1063C000A14907900FF02BFF0D46019840040AD514
:1063D0000798A84207D12088E1788005800F000245
:1063E0000843B04201D3AE4201D90720B7E7B8193C
:1063F00080B20190A84201D90D20B0E76846007A2A
:10640000002804D002A8FDF706F90028A7D10798B4
:10641000A8420BD1208803210902884301998905EC
:10642000890F0902084320800198E0701498002821
:1064300000D007801298002815D006983A46801997
:1064400012990FF072FE224669460A98FFF7F5FE90
:1064500069460888102188436946088022460099C9
:106460000A98FFF711FF002079E7FFB5754D0C2260
:10647000E8882968504383B00C180D9F724905982D
:106480000FF0CDFE0091049800F001FA29682A89E6
:106490008E46611A0C310918944651188AB2A9889F
:1064A000914202D8842007B0F0BD6A46168A3206AF
:1064B00003D5B20601D58520F5E7EA88521C92B2D1
:1064C000EA800E9B002B00D01A80B20601D5A7608F
:1064D00006E0604480B22881091A70460818A0605E
:1064E0002246FE200499FFF7CFFE0598A070009881
:1064F000E07020880599800889058000890F08438D
:1065000003210902884300998905890F090208437C
:1065100004210843208003988078A07103980088A4
:10652000A08000202073310601D5AC7A00E0012460
:10653000B10600D5002700260EE0052100200191BC
:1065400002900097E88831460C9B069AFFF7F2FE0E
:106550000028A8D1761CF6B2A642EED30020A2E70E
:10656000F1B5009800F085F9060002D00025009CE6
:1065700014E00120F8BD204600F07BF907460078C2
:1065800031498007820DB87810430FF048FE386813
:1065900000F07DF94019641C85B2A4B22948C18875
:1065A000601E8142E7DC00992648491EC1800189AE
:1065B000491B018100203070F8BD002804D0401E26
:1065C00010809170002070470120704710B504467C
:1065D00001881C48C288914201D3822010BD006806
:1065E0000C22514342189079A07290882081108823
:1065F000D1788005800F00020843A081A078211D7A
:10660000FFF71BFE20612088401C2080E0800020D6
:1066100010BD012101827047F7B50546002084B006
:10662000C043108068681746817868468170686842
:1066300001886846018000218171288A2C88A04247
:1066400005D303E0180900200102000004462C8253
:1066500035E0288A401C2882301D6968FFF7A6FDB6
:1066600000282AD139889248814201D1601E3880A1
:106670006888A04228D33088F1788005800F000216
:10668000084302906946301DFFF790FD002814D1A1
:106690006989874881421BD0002231460598FFF75F
:1066A0009FFD002809D16A890298824205D1E968D4
:1066B000B0680FF00DFD00280AD0641CA4B220467B
:1066C00000F0D7F80600C4D1641E2C828220EAE6CE
:1066D0007C80B079B871B088B8803078B1788007A4
:1066E000800D084378810298B8813946287A32466D
:1066F0000831FFF7A2FD38610020D4E6FFB585B070
:106700001C460F46059800F0B4F8050009D028781B
:10671000000608D56748807AB84204D8872009B0B7
:10672000F0BD0120FBE707982A468605B60D6946AD
:106730003846FFF782FD07460E98052816D000223E
:106740002946FFF74DFD0028E9D1287840060DD5F0
:106750000121684601710599018101884181868185
:10676000C48101A8FCF757FF0028D8D12888AA784F
:106770008107890D11438005800FEA7800021043DC
:10678000079A964207D04C4A914204D3611E814237
:1067900001DD0B20C3E7864201D90720BFE7801B3C
:1067A00082B2A24200D922461098002800D002806E
:1067B0000F98002802D0B9190FF0B7FC0020AEE7FF
:1067C000F8B51D4617460E4600F053F8040008D0F1
:1067D0002078000607D53748807AB04203D8872052
:1067E000F8BD0120F8BD224639463046FFF725FDA9
:1067F000002D0BD02078A1788007800D08432E490A
:10680000884201D2012000E0002028700020F8BD5D
:10681000F8B51E4617460D4600F02BF8040008D0C8
:106820002078000607D52348807AA84203D887201D
:10683000F8BD0120F8BD224639462846FFF724FD61
:10684000FF2E14D02588A178A807800D08431A4987
:106850000FF0E5FC002E03D1FF31FF31033189B287
:10686000A170A80880008905890F084320800020B6
:10687000F8BD1049CA88824207D3002805D00C22EF
:10688000096850430C38081870470020704703B55A
:106890000846694609888A0607D4090604D50549C9
:1068A000897A4143491C88B20CBD00200CBD000010
:1068B000FFFF00001809002001020000F8B507786A
:1068C0000D460446012F19D0072F02D00C2F19D1E5
:1068D00014E0A068216906780B2E0BD0052006F085
:1068E000EEFD052E0ED0782300220520216906F04A
:1068F00041FD07E0782300220620F8E70520216902
:1069000006F0DDFD002D0ED000202870294620461F
:1069100004F0AEF9FE482978C05D884201D1032019
:10692000F8BD0220F8BD0021204604F0A1F90020A6
:10693000F8BD70B50E460C462036317901208AB07C
:106940001546002909D0012905D12978042902D149
:106950000520107000200AB070BD6068019005A885
:1069600002900D21C01C0FF03DFC032205A8A16878
:106970000FF0DBFB01203071062069460870206AA9
:10698000049029466846FFF799FFE4E770B50C4686
:10699000154620310A790120062686B0002A2CD01F
:1069A000012A28D12978042925D169681022A068F4
:1069B00001F0B4F96868C07B000606D5D44AA06827
:1069C0001023103A014601F09EF91022A168E068F8
:1069D00001F0A4F9A068C07B000606D5CC4AE068A7
:1069E0001023103A014601F08EF92E70A0686860FD
:1069F000E068A860002006B070BD60680190C448DF
:106A0000203802900120087168460670206A0490C0
:106A100029466846FFF752FFEDE7027B032A06D0BE
:106A2000002224235A540B78092B02D003E00420BF
:106A300070470A76CA61027B9300521C0273C150F0
:106A400003207047F0B50E4615460C462036024628
:106A500031790120072393B000290CD0012924D0DB
:106A600002292ED0032904D12978042901D12B70C1
:106A7000002013B0F0BD01203071606800280DD0F7
:106A8000A1690B7060684860206988606069C860AF
:106A9000206A08621046FFF7C0FFEAE70620287068
:106AA000206968606069A86009E029780629E0D15A
:106AB0000220307104202870954820386860032037
:106AC000D7E729780429D4D1A08910280AD9103809
:106AD00080B2A081A1681023091805A86A6801F096
:106AE00012F923E010282FD0C2B21020801AA1681A
:106AF0000DAF1190C0190FF018FB11980006000E91
:106B000006D0401EC1B28020785438460FF06AFB90
:106B1000626910230DA909A801F0F5F8102309A94D
:106B200005A86A6801F0EFF80320307160680190F1
:106B300005A80290062069460870206A049029463C
:106B40006846FFF7BBFE94E710232269A168E2E7DD
:106B5000F0B50E460C4620363179012006278FB05D
:106B6000154600290BD0012932D0022905D12978F8
:106B7000042902D10820107000200FB0F0BD217D43
:106B800008A8CA07D20F02718807C10F08A80171AF
:106B90006846027041700722801CE1680FF0C5FA58
:106BA00002A80722013021690FF0BFFA6068059042
:106BB0000AA8069010236A46A16801F0A4F80120F3
:106BC000307168460774206A0890294604A820E0BE
:106BD00029780429D1D1062205A8E1690FF0A5FA88
:106BE00006A806220230A1690FF09FFA0020089043
:106BF0006068019009A80290102305AA696801F055
:106C000082F80220307168460770206A0490294695
:106C10006846FFF753FEB0E770B50D460C462035C9
:106C2000297901208CB01646002909D0012905D107
:106C30003178042902D10920107000200CB070BDF9
:106C40006068019006A802900822E1680FF06DFAD2
:106C5000082208A8A1680FF068FA01202871062010
:106C600069460870206A049031466846FFF726FEA0
:106C7000E4E770B50D460C462035297901208CB02B
:106C80001646002908D00129D8D131780429D5D158
:106C90000A2010700020D1E76068019006A80290D9
:106CA0000822A1680FF041FA002008900990012005
:106CB0002871062069460870206A049031466846AB
:106CC000FFF7FCFDBAE730B50B4620331C790120F5
:106CD0008BB0002C09D0012C05D11178042902D1E8
:106CE0000B20107000200BB030BD4868019005A843
:106CF00002908C6868462578057564784475CC6880
:106D0000257885756478C47500200690079001E0A9
:106D10002867010008900120187106236846037057
:106D2000086A049011466846FFF7C8FDDBE770B5B6
:106D30000C462034034625790120002D0AD0012D70
:106D400014D0022D05D111780A2902D10C2010701F
:106D5000002070BD01202071C868052202704A68B9
:106D60004260F84A8260921CC2600BE015780B2DDD
:106D7000EFD102202071C868042404705268426078
:106D80008A688260096A016201461846FFF745FE7B
:106D900070BD30B5011D02463132947803258379E8
:106DA000ED432C4323408371DB070DD04B7954799D
:106DB00023404B710B79127913400B718278C9789B
:106DC0008A4200D9817030BD00224A710A71F5E70C
:106DD000F7B50C4686B00020694626460870203676
:106DE000317901271E2015461F2977D24B007B449D
:106DF0009B885B009F441E0017023E0256026902F8
:106E000088029A02D102F5022E03590371037F030F
:106E1000AE03C303CC03F7031A0464049A04AB045F
:106E2000DF04FE0410052A0565059B05C6058305DC
:106E300087058B056069002802D0007813287DD073
:106E4000A0680590002849D0012168460170206A99
:106E500004900321684601710A214171E0690290A2
:106E600020790028EFD0059909780029E7D00C296E
:106E700064D20B000FF0C8FB0CFD1A4B90B5E8FC78
:106E8000FBFAF9F807FD022828D16069002802D032
:106E90000078082852D1022168460170206A0490C7
:106EA00005984178684601710021B9E20620216AFF
:106EB00006F005FB20790728E6D1606900F050FF55
:106EC00002280CD0606900F04BFF042807D06069ED
:106ED0000028B8D000780128D6D103E01BE2616910
:106EE0000120087005980079C11F0A2901D30A20E2
:106EF00050E06169072288706069059930300FF0B1
:106F000014F90120307161690320087034E007280A
:106F1000BAD16069002896D001780929B4D10599C1
:106F2000C978890707D1059949790029DFD10599E1
:106F300089790029DBD105994A7900E04EE20146C2
:106F400020314B7D9A43D2D1059A8B7D92799A4319
:106F5000CDD1059A1279D31F0A2BC8D20979914253
:106F600036D80722C01C05990FF0DFF801203071D8
:106F700061690A200870032069460870206A04903D
:106F80006069313001906069001D029060691C30B9
:106F90000390A1E22076F2E311288DD1606900F020
:106FA000DFFE042804D0606900F0DAFE0B2893D1DC
:106FB0006069059910223730491C0FF0B6F86069F6
:106FC000017804297CD12421095C8278914201D97D
:106FD0000620DFE70521017003203071684601704B
:106FE000E2E3112894D1606900F0BAFE062804D0CB
:106FF000606900F0B5FE0C288AD1E068002813D043
:107000002069002810D060690178062910D00D2170
:1070100001706069059910225730491C0FF085F8FE
:107020006069573009218CE100206946087072E1DF
:10703000072101706069059910224730491C0FF043
:1070400074F860694730EDE70228F0D1606900F01C
:1070500087FE0028EBD0606900F082FE0128E6D0B0
:10706000606900F07DFE05E0B1E08DE06CE02AE0B3
:107070000AE0D6E00828DAD00521684601710598B3
:1070800041786846417146E11128D0D160690028F5
:10709000CDD001780E29CAD1C16A4078022810D01B
:1070A0000020142250431430085805991022491C1E
:1070B0000FF03BF80520216A00F040FE0F205EE053
:1070C000F1E10120EDE70B28B1D160690028AED0D5
:1070D00001780F29ABD1C16A4078022826D0002060
:1070E000142250430C300958059842780A70807871
:1070F00048706069C16A4078022819D000201422C3
:1071000050431030085805990822C91C0FF00DF89B
:107110000520216A00F012FE60694178022909D039
:1071200000220832825C5208520073E00120D7E747
:107130000120E4E70122F4E7012100E00021083109
:107140004254BCE30267010011289CD16069002809
:1071500099D00178102996D1C16A4078022811D0BF
:107160000020142250431830085805991022491C59
:107170000EF0DBFF0520216A00F0E0FD11206169BF
:107180000870B4E30120ECE7082884D16069002886
:107190009DD00178112997D10599C06A497801706D
:1071A00060690599C06A0622401C891C0EF0BDFF6B
:1071B0000520216A00F0C2FD60694178022904D0EF
:1071C00000220832825CFD2323E00122F9E7112826
:1071D000BBD160690028BBD001781229B5D1C16A42
:1071E0004078022819D00020142250431C3008583F
:1071F00005991022491C0EF098FF0520216A00F025
:107200009DFD60694178022909D000220832825C24
:10721000FB231A40022991D18EE70120E4E70122E5
:10722000F4E70720B6E6287801288ED160696968FE
:1072300014221C30F9F7C8FF6069017F002901D0D2
:107240002176ACE30178032901D0032037E002273F
:10725000C77081794907490F8171017A4907490F40
:107260000172417A4907490F41726069FFF791FD48
:10727000377196E228780F28E3D107206946087015
:10728000216A049191680291694608716169072237
:10729000C91C02980EF049FF6169042008700020A3
:1072A0003071BBE028780328CBD1606901780529CB
:1072B000696807D0082247300EF037FF042030718C
:1072C00005206FE208225730F6E728780328B8D166
:1072D000606901780529696811D008224F300EF0E5
:1072E00024FF052030716069006A00280AD002205E
:1072F0002870002028716069006AA860F9E00822FF
:107300005F30ECE704204DE22878022899D12879F3
:10731000002801D0207642E36069A96801626069B3
:10732000002901D1F949016206200BE228780F28D3
:1073300087D1A868E0616069017805292BD04730C2
:1073400007213171E16802220A706269126A4A609B
:10735000886060693030C8606069C01C086162691B
:10736000087D926A400812784000D207D20F10437D
:1073700008756269926A521C8A61FD221040626936
:10738000D26A1278D207920F104308756069C06AFA
:10739000401CC86153E25730D2E728780828BAD198
:1073A0006069017805291AD00B2101700720694610
:1073B0000870206A0490E069029011200871029818
:1073C0000321017051681022401C0EF0AEFE002116
:1073D0006846FFF773FA00203071E06187E206210A
:1073E000E3E728780F2896D1072069460870206ABD
:1073F0000490A8680290112008710298042101707D
:1074000061690A78072A0ED0002232710C220A70B4
:1074100061691022401C47310EF087FE002168464A
:10742000FFF74CFA63E21022401C57310EF07DFE4C
:1074300000216846FFF742FA0A203071E168032014
:1074400008706069006A48606069573088606069E8
:107450004730F3E128780828A1D1606969681022D3
:1074600037300EF035FE002801D0042092E5606927
:107470000078072817D00A203071E16803200870CF
:107480006069006A486060695730886060694730A9
:10749000C860206A08620698FFF7BFFA074660696D
:1074A000FFF777FC6BE208207AE1287809289AD167
:1074B0000B20307161696868897810224018511A70
:1074C0000EF090FE082069460870206A04906868F3
:1074D000019060698078087268E129780D29BBD134
:1074E00061698979C90703D00C20307109203EE019
:1074F0003071032770E228780E28ADD1606914221C
:10750000291D1C30F9F760FE6069018DC06A417267
:10751000090A817260698178C06AC1716169CA6A49
:10752000081D117AC909C9011172437962691943A9
:107530008378D26A9B079B0F012B00D00023007930
:107540009B01C00003431943117260694078012810
:1075500076D0B4E160694178022901D0012100E0D0
:1075600000210831405CC00707D00E20EAE06946E0
:107570000870206A1146049019E11320B8E72878B2
:107580000F2894D1A868E0610F2030710520EEE744
:10759000287803288BD16069C16A4078022801D01D
:1075A000012000E000201422504310300858082227
:1075B00069680EF0BAFD10203071E168062022697A
:1075C00008706069406A48606069C36A4078022850
:1075D00001D0012000E00020142778431030185813
:1075E000CA6088602BE128780C2886D16069C26A5D
:1075F0004078022801D0012000E0002014214843F7
:107600000C30105802230932696800F07CFB11200D
:107610003071E168052008706069006A486060693F
:10762000C06A093088603948001F07E128780B28B4
:10763000A7D161694878CA6A022802D0012001E016
:1076400059E1002014235843143010588A7869688F
:107650000EF06BFD60694178C26A022901D00121F8
:1076600000E00021142359431431525881785018F6
:107670001022511A0EF0B6FD072069460870206AE4
:107680000490E069029011200871029806210170AF
:107690006169CA6A4978022901D0012100E000210C
:1076A00014235943143151581022401C0EF03DFD53
:1076B00000216846FFF702F90020E06112206FE028
:1076C00028780F2891D1072168460170206A04901C
:1076D000906802900B2268460271029801706169FD
:1076E000CA6A4978022901D0012100E0002114234F
:1076F00059430C3151580A78427049788170616958
:10770000CA6A4978022903D0012102E00867010012
:10771000002114235943103151580822C01C0EF087
:1077200004FD00216846FFF7C9F826E76069417843
:10773000022901D0012100E000210831405C8007CE
:1077400003D5142030710A2011E71620D0E62878DE
:107750000F287AD1A868E061072069460870206A7E
:107760000490E069029011200871029808210170CC
:107770006169CA6A4978022902D0012101E011E158
:10778000002114235943183151581022401C0EF087
:10779000CCFC00216846FFF791F80020E06115203D
:1077A00030710A2069460870206A049029466846AC
:1077B000FFF784F82BE028780F2846D10720694688
:1077C0000870206A0490906802900820087102985E
:1077D0000921017061690622C969097841706169EE
:1077E000801CC969491C0EF0A0FC00216846FFF707
:1077F00065F8AAE760694178022901D0012200E01A
:1078000000220832805C400703D51720C8E70746EE
:10781000B5E0012953D070E028780F2815D1A86869
:10782000E06118203071E168052008706069006A25
:1078300048606069C06A09308860F848C860206A9A
:1078400008620698FFF7E9F8E1E76FE028780B286F
:107850006CD16069C16A4078022801D0012000E043
:107860000020142250431C300858102269680EF082
:107870005CFC072069460870206A0490E069029069
:107880001120087102980A2101706169CA6A497859
:10789000022901D0012100E00021142359431C31A9
:1078A00051581022401C0EF040FC00216846FFF7A2
:1078B00005F80020E0616069407801281DD1192099
:1078C00016E660694278022A09D000210831411881
:1078D000097800290DD0CA0703D00E2106E0012146
:1078E000F4E7890701D5102100E01221017000277B
:1078F00072E0012A01D00D20FAE51C20F8E51D20D8
:1079000030710B2033E62978102948D1F0E5606901
:107910000178012943D0082941D00021317100F0BC
:1079200019FA0C2069460870206A049037E028781C
:107930000F2805D01020107003271B2030714BE05A
:10794000072168460170206A0490A868029002210D
:1079500068460171029805210170217E4170002165
:107960006846FEF7ABFF0B2168460170206A049061
:1079700029466846FEF7A2FF07461B203071012FFB
:107980000DD029E0012168460170206A049004218D
:1079900068460171217E41710020207612E0207E30
:1079A00000280FD06169132008701A2030710A2056
:1079B00069460870206A049029466846FEF77EFFF3
:1079C000074609E06069002801D01421017068466B
:1079D0000078002800D021E5384609B0F0BDF7B5A1
:1079E0000F4620373879012686B00C46002804D08F
:1079F000012828D002281CD197E02079012804D042
:107A0000022811D0032814D10AE0A0684078012888
:107A10000ED10620216A05F02CFD00287FD10CE054
:107A2000A1681320087008E0A0684178022901D0FD
:107A3000052674E00078082871D1012038710A20E9
:107A40006946087033E0089800780F2867D107214D
:107A500068460170206A049008988568029522792A
:107A60000220012A04D0022A29D0032A57D10FE08C
:107A70000646684606710B202870207B00214007CF
:107A8000400F68706846FEF719FFA068067045E071
:107A900006466846067105202870207B6870002124
:107AA0006846FEF70BFF3E710B2168460170206AA5
:107AB000049068460899FEF701FF06462FE06846E5
:107AC000017101202870207C6870607CC007C00FA5
:107AD000A870A07C4007400FE870E17C2971C007C6
:107AE0001FD0207D4007400F6871607D4007400F28
:107AF000A87100216846FEF7E1FEA068072229462A
:107B000030300EF012FBE068017AA068203001717D
:107B1000A16828798870A16809200870002630467D
:107B20005BE70020A8716871E3E7A1681420087082
:107B3000012168460170206A0490042168460171A1
:107B4000217B41710021FEF7B9FEE7E7F0B585B072
:107B50000F4605460124287B800040198038C66FF7
:107B60003078411E0A290AD22C498000323140184F
:107B70008038C36F3A463146284698470446002C61
:107B800001D0012C11D1287B401E0006000E287365
:107B900001D00324DFE70D2069460870306A0490A5
:107BA000002101966846FEF789FE032CD3D02046BB
:107BB00005B0F0BD70B515460A4604462946104684
:107BC000FFF7C4FF0646002C0FD0207814280CD1F4
:107BD000207E002806D000202870204629460C3040
:107BE000FFF7B4FF204600F0B5F8304670BD70478F
:107BF00010B5012903D0022901D0052010BD417024
:107C000000F0A8F8002010BD002809D0027E002A4C
:107C100006D00A4601460C31CCE700000667010099
:107C20000120704730B5044687B00D46062005F0A8
:107C300046FC2946052005F042FC2078142805D092
:107C40000020694608702046FFF7DEFF07B030BD10
:107C50007FB50E4600216A4611730178092903D0C9
:107C60000A2903D0002407E0446900E08468002C5E
:107C700002D0217E002912D0154601462846FEF783
:107C8000CCFE032809D1324629462046FFF792FF51
:107C90006946097B002900D0042004B070BD254648
:107CA0000C35EAE700B50023012285B005280CD089
:107CB000062808D1684602700491022101714371BF
:107CC0000021FEF7FBFD05B000BD6846027004917F
:107CD0000271F4E710B590B00C4605216A461170A8
:107CE000019022480290001D03900AA96846FFF700
:107CF000AFFF002805D1102220460B990EF015FA8F
:107D0000002010B010BD30B505E05B1EDBB2CC5CCE
:107D1000D55C6C40C454002BF7D130BD10B50024A5
:107D200009E00B78521E5B00234303700B78401C64
:107D3000DC09D2B2491C002AF3D110BD70B50C4643
:107D4000054605F0BCFB782300222146284605F0B5
:107D500011FB70BD4178012900D0082101707047E6
:107D6000002801D0007870470820704700670100A4
:107D700038B50446002069460870204609F053FDD6
:107D8000002803D1FBA1A3200EF04DFB204609F0F3
:107D900099FC002803D1F7A1A8200EF044FB684607
:107DA000007838BD70B5F84D002428462C77203077
:107DB0008471C47101F09AF928464038047020306B
:107DC0008473847484772C75AC7170BD10B50C46C7
:107DD000EE4982888A8042884A8000780870084686
:107DE0000E38847009F050FC08F0FDFFFFF7DAFF51
:107DF00020460BF013F8E449A8310846813809F011
:107E0000ADFEE2480CF021FBE0480A3808F0FEFF26
:107E1000002803D0D7A1C5200EF005FB01F066F9BC
:107E200010BD7CB50E461D46144601A909F008F8A0
:107E3000002807D10AF091FB022803D1D248007D27
:107E4000002801D001207CBD01988030807C09F0A1
:107E50004DFC00280CD0684609F052FC0028F2D0F6
:107E6000002C03D009F011FCA04206D200207CBDFA
:107E7000C0A1C7480EF0D7FAF8E7009809F0D8F883
:107E80003146009809F0DBF8E2B22946009809F083
:107E9000F0F909F045FC002804D1BD48B5A11E3019
:107EA0000EF0C1FAB94C00250E3C6068A030417953
:107EB000002902D045710BF0D8F860688030458306
:107EC000C0E730B40179002904D0012907D030BCC3
:107ED00000207047831D42880488022103E0428805
:107EE0000488831D0121204630BC9AE7F8B51D4661
:107EF00014460E4607460AF030FB022803D0A2487B
:107F0000007D002823D0A1480E3841684988398077
:107F100040688030807C09F069FD002804D153203E
:107F200094A1C0000EF07FFA684609F069FD0028B0
:107F30000DD0009809F0BAF83070022808D0012856
:107F400006D093488BA167300EF06DFA0020F8BD83
:107F50002946009809F0A4F92080002804D1552072
:107F600084A1C0000EF05FFA09F05DFD002804D185
:107F7000874880A160300EF056FA0120F8BD38B570
:107F80000446831D821C6946FFF7B0FF00280DD010
:107F90000020607168460078012808D0022806D0C9
:107FA000FF2074A101300EF03EFA012038BD20718F
:107FB000FBE7F8B50AF0D1FA744D734C0E3D022878
:107FC00002D0207D00287DD0207F0026102818D1E7
:107FD000A079002803D067A16E480EF024FA6868E3
:107FE00001464030827F92070BD526724988618115
:107FF000C17F2173018CE181408C20820120A0711E
:108000002677614F203FB87C00285ED168686946BA
:108010008030807C09F007FC002805D0694668782C
:1080200009784018687004E05A4852A119300EF0DF
:10803000FAF9207D00283AD06868418852484038D3
:10804000806D4088814204D00F204AA1C0010EF00B
:10805000EAF968688030807C09F0C8FC002804D107
:108060004C4844A124300EF0DEF909F0EEFC002863
:108070001DD068688030807CFFF77AFE69784018F0
:10808000687041484038806D4030417A01290DD1F7
:108090002670696849886180807A20710120B877EC
:1080A000207F102801D0282800D1267726756978EE
:1080B00000290AD06868428833484038C286018760
:1080C000012000E001E0B8746E700AF029FA00287F
:1080D00005D1207D002802D0A878FAF7F9F8F8BD7C
:1080E000F8B50446FFF765FF274D0026203DA87E22
:1080F000002808D0667010202070E87EA070287FCD
:10810000E070AE769AE0204F403F3878002808D0E3
:108110002C22B91C20460EF008F80E2020703E706C
:108120008CE0A87B184F002815D0387F102808D085
:10813000282806D0002804D0FF200EA1C2300EF05F
:1081400072F90120E070E87BA070287C60700F203D
:108150002070AE7372E00121204609F099FC0028DE
:108160001AD0387D002857D10021204609F090FC14
:10817000F8BD00007372635C6C6C5F6374726C2E8C
:1081800073302E630000000094090020720000206C
:108190004F02000062070000A97CF8480090F848F0
:1081A000002910D0017805290DD2491C0170667094
:1081B0000D202070012028750622A01C00990DF0CA
:1081C000B4FFAE743AE0EE480670B879002812D0D9
:1081D000387F002804D00120EA4940020EF023F93C
:1081E00066700120E54920700A221431A01C0DF0B0
:1081F0009CFFBE7122E020460CF083F800281DD1C0
:10820000A87C002802D0DE480178CEE7A87F0028AD
:1082100002D0387D002801D00020A9E7387F00284F
:1082200003D0D849D8480EF0FEF866700A202070B6
:1082300006223946A01C0DF078FFAE77012097E7A3
:108240004EE710B5CD4C343C2178002904D01321E1
:108250000E2000F052FF10BDC9490088091D08F02A
:10826000EFFD002801D0022007E0C5484068014624
:1082700020318A79012A02D00C20207105E00022E9
:108280002271097E21724088E080012060711321F3
:10829000E1700E21A170207010BDB84810B53438BF
:1082A0000178002904D024210E2000F026FF10BD03
:1082B000012101702422C2700C220271417110BD93
:1082C00070B5AE4C0546343C2078002804D03E21E1
:1082D0000E2000F012FF70BD0AF03FF9002808D10F
:1082E0000AF03EF9002804D1A4480C30007F002891
:1082F00001D00C2003E0287809F033FD0020207124
:10830000012060713E21E170207070BD9B4810B566
:1083100034380178002904D03C210E2000F0EDFE15
:1083200010BD00210171012141713C22C270017018
:1083300010BDF8B5914C343C2078002804D03B2186
:108340000E2000F0DAFE13E70020A0710AF005F914
:108350008A4E01250C36022802D0307D002840D0FC
:10836000874F694678688030807C09F073FA00286E
:1083700003D1844985480EF056F8307D002806D098
:10838000A06D4030407A002801D0012600E0002690
:1083900078688030807C09F029FB002804D17B4874
:1083A000784908300EF03FF809F04FFB684031463D
:1083B000014316D07968FD2249882181217E400041
:1083C000490849003143114001432176684600784D
:1083D000002802D00420014301E0FB200140217667
:1083E000A5710020207165713B20E0702570BFE60B
:1083F00010B5624C343C2078002804D00E21084689
:1084000000F07BFE10BD5E4906220831A01D0DF074
:108410008CFE00202071012060710E21E17020701F
:1084200010BD70B5554C0546343C2078002804D06A
:1084300038210E2000F061FE70BD50480C30007FE6
:10844000002807D00C202071012060713821E170D4
:10845000207070BD287809F072FC28780CF05BF968
:108460000020F0E770B5454D0446343D28780028DB
:1084700004D037210E2000F040FE70BD3F480C3084
:10848000007F002801D00C200AE03D4E2188706852
:108490004088884203D10AF060F8022807D0022001
:1084A0002871012068713721E970287070BD7168EA
:1084B0007F2020310876487600208876A2788A715D
:1084C000E278CA7122790A72EAE710B52B4C343C83
:1084D0002078002804D039210E2000F00EFE10BDB7
:1084E0000AF03BF8032808D00AF03AF8032804D031
:1084F00022480C30007F002801D00C2003E01F49E7
:1085000000202C31C8712071012060713921E17087
:10851000207010BD70B5194C0646343C20780028F8
:1085200004D03A210E2000F0E8FD70BD0AF015F8E5
:10853000032808D00AF014F8032804D00F480C30A0
:10854000007F002801D00C2011E00C4D2C35E8797B
:1085500008280BD20001001910223146683000F0C3
:10856000D6FDE879401CE871002000E0072020716A
:10857000012060713A21E170207070BD88090020EF
:108580006400002074810000210200001708000030
:10859000F8B5FA4E04463078002804D03D210E206C
:1085A00000F0ABFDE4E5F5484030007F002801D045
:1085B0000C2034E0F24D218868684088884203D15D
:1085C00009F0CBFF022801D0022028E06F68648800
:1085D000FD883A896800B988401C844218D3E9486C
:1085E00041431046E84A50430DF019FE401EFF215A
:1085F00080B2F531884200D90846844200D2204634
:10860000691C401C0DF00BFE6D1C6843401E85B2BA
:10861000E620C05D002800D1BD84F58000203071C7
:10862000012070713D21F1703070A1E5F8B5D34C97
:1086300005462078002804D035210E2000F05DFD8D
:1086400096E5CE484030007F002801D00C2016E08F
:10865000A878002801D0012804D1A888FF21F5318D
:10866000884201D912200AE0C54F298878684088DD
:10867000884203D109F071FF022807D0022020713F
:10868000012060713521E170207071E57968002664
:108690000846C0310E70AA884A800122A0300271BB
:1086A000AA78012A00D000220A704079002801D05F
:1086B0000AF0DBFC2671E3E770B5B04C0546207884
:1086C000002804D030210E2000F017FD55E709F0F6
:1086D00044FF002804D1A9484030007F002801D081
:1086E0000C2003E028780AF0E0FB00202071012034
:1086F00060713021E17020703FE770B59F4C0546F6
:108700002078002804D033210E2000F0F6FC34E756
:1087100009F023FF002804D198484030007F00284A
:1087200001D00C2018E02978002911D00A290FD097
:1087300014290DD01E290BD0282909D0322907D0A1
:108740004B2905D0642903D0FF2901D0122003E072
:1087500028460AF023FC002020710120607133219B
:10876000E170207009E770B5844C06462078251D1D
:10877000002804D032210E2000F0BFFCFDE6314677
:10878000002009F0AEFA2870002805D17C480622A6
:10879000314608300DF0C9FC012060713221E170D2
:1087A0002070EAE670B5754C2178002904D031219B
:1087B0000E2000F0A2FCE0E600214156012504292C
:1087C00012D0002910D0081D0ED0001D0CD0001DA5
:1087D0000AD0001D08D0001D06D00A3004D00A308F
:1087E00002D01220207103E0084606F079FD657181
:1087F0003120E0702570C0E6FEB5604C0746207859
:10880000002804D025210E2000F077FCFEBD38881A
:10881000694608F015FB594D01460020083500292E
:1088200004D002212171286028710FE00098009E79
:108830000A30019060360020B07105222846019967
:108840000DF073FCB0790028F5D13888E0800E2057
:10885000A0702520E070012060712070FEBD10B571
:10886000464C2078002804D005210E2000F045FC5D
:1088700010BD0020207108F008FFE08008F0D1FF53
:108880002072012060710521E170207010BDF1B5EA
:108890003A4C2034A07B002804D010210F2000F097
:1088A0002CFC65E4354D4035A8790C2610270028AE
:1088B00016D1287F002813D109F04FFE022824D1B9
:1088C0002F4800994068098842888A421DD1014694
:1088D000C0310A7A002A05D04030807F80070DD44D
:1088E000E6730EE05E22125C920707D406220A723B
:1088F000A0304079002801D00AF0B7FB2F77002084
:10890000E07327740120A07332E40220F8E710B569
:108910001A480178002904D00F210E2000F0EDFB49
:1089200010BD00210171FF2181710021C943018126
:1089300013490E310A7882728A8882814988C181FE
:10894000012141710E2282700F22C270017010BD90
:1089500010B50A4C2078002804D02B210E2000F0FE
:10896000CCFB10BD0821A01D04F024FB00202071C9
:10897000012060712B21E170207010BD540900208E
:1089800064000020C40900001027000070B5FA4DF3
:1089900004462878002804D02A210E2000F0ADFBE0
:1089A000EBE5F54810222146303800F0B0FBF248E4
:1089B0001022A118203800F0AAFBEF4830380CF044
:1089C000BCFBED49102210392C46A81D00F09FFB7E
:1089D000002020710E20A0702A20E070012060711C
:1089E0002070CAE5F8B50546E348E34C40300090F6
:1089F000007F0C2628272034002801D0E6733EE0B3
:108A0000A07B002804D028210F2000F076FB04E48E
:108A1000A87805280DD013280BD0142809D01528C4
:108A200007D01A2805D0292803D03D2801D03B289B
:108A300003D12888D149884201D912201EE009F0CB
:108A40008CFD0228DAD1CE482A88406841889142BC
:108A500013D10146C0310A79002ACFD1AA784A71D0
:108A600001220A710099A0300F770021E17340794B
:108A7000002804D00AF0F9FA01E00220E07327741C
:108A80000120A0735FE4F8B5BB4F064638783D1D62
:108A9000002804D017210E2000F02FFB53E43146AC
:108AA000012009F01EF901242870002807D1B248DE
:108AB00006226030314605460DF037FBAC717C7103
:108AC0001720F8703C703EE470B5AB4C0646207839
:108AD000002804D00B210E2000F00FFB4DE509F01B
:108AE0003CFD032808D009F03BFD032804D0A24830
:108AF0004030007F002801D00C2016E03378002B96
:108B000003D0012B01D012200FE09B4DE035297AD4
:108B1000082909D22846721C0C3006F097FB287AE7
:108B2000401C2872002000E00720207101206071A5
:108B30000B21E170207020E510B58F4C20780028C3
:108B400004D00A210E2000F0D8FA16E709F005FD3E
:108B5000032808D009F004FD032804D086484030DB
:108B6000007F002801D00C2002E000F0BFFA0020B6
:108B70002071012060710A21E1702070FDE610B5BE
:108B80000AF032F9002803D07E497F480DF04BFCF3
:108B900008F04BFD0BF051FC002804D01720794958
:108BA00040010DF040FC08F0ACFF002804D0B920D3
:108BB000744980000DF037FC00F098FAFFF7F2F8E6
:108BC0006D4800210171012141710222C2700170C2
:108BD000D3E610B5684C2178002904D020210E205E
:108BE00000F08BFAC9E601781F290ED8411C0CD081
:108BF000002121710278411C104609F08FF80120F4
:108C000060712021E1702070B7E612202071F6E734
:108C1000F8B5594C2178002904D01B210E2000F012
:108C20006CFABFE401216171534E0C212171403671
:108C3000317F00296FD10078514F0025012804D0E1
:108C400000284AD01220207165E009F086FC002837
:108C500003D109F085FC002804D009F07EFC02282D
:108C600022D058E008F08FFF002854D0307D002833
:108C700051D1786801224580032108F0B4FB78685F
:108C800009F05AF97868923008F001FD002803D104
:108C90003C493E480DF0C7FB0AF00BF9002839D0DB
:108CA00085203849C00015E009F05AFC002832D16F
:108CB000707F00282FD001282DD004282BD008F059
:108CC00062FF002827D00AF0F4F8002822D02F48AD
:108CD0002C4918300DF0A7FB1CE009F03EFC0328DE
:108CE00004D009F03DFC03280FD014E000200AF066
:108CF00005F800280FD12571307D00280BD1786848
:108D00008030807CFFF734F805E0002009F0F6FFA2
:108D1000002800D125711B20E0700120207041E463
:108D200010B5154C2178002904D01A210E2000F02E
:108D3000E4F922E601781F290ED8411C0CD000214D
:108D400021710278411C104608F0FDFF012060717E
:108D50001A21E170207010E612202071F6E770B53C
:108D6000054E044630780C25002811D018210E201D
:108D700000F0C3F9AAE4000054090020FF0E00002F
:108D80006400002074810000D3020000240400006D
:108D900009F0E3FB03285AD009F0E2FB032856D080
:108DA000E14A107F002852D16079002801D00128C3
:108DB0002DD1A079002801D0012828D1A07B00283E
:108DC00005D0012803D0022801D003281FD1607BE1
:108DD00000281CD0C0081AD161880120800381427C
:108DE00002D82388834203D9207901280FD119E0C2
:108DF0002079002806D0012814D0022805D00328A5
:108E000005D102E020290BD30CE0A02B0AD2207957
:108E1000042805D12088202802D36188884201D9FE
:108E2000122514E0207950776079002802D00128BB
:108E300003D00CE0BD4A002105E0BB4A2032907906
:108E4000002804D00121204608F0CEFE054601206E
:108E5000357170711821F170307037E470B5B24C13
:108E60000546403C2078002804D02E210E2000F03A
:108E700044F92BE409F071FB0C22022815D1AA4811
:108E8000007F002811D1A9482B88083841684888FC
:108E900083421AD10846C030037A002B05D1203115
:108EA000C97E0F2903D0102901D0227103E00521CA
:108EB0000172002020710E20A0702E20E070288802
:108EC000E08001206071207016E40220F2E770B5A6
:108ED000954C0546403C2078002804D02D210E20DA
:108EE00000F00BF908E409F038FB0C21022814D13A
:108EF0008D48007F002810D18C4E2A88083E70686B
:108F000043889A4220D1C822125C002A05D13B2214
:108F1000125C0F2A03D0102A01D021710AE010221E
:108F2000A91CD6300DF001F970680421C03001721F
:108F3000002020710E20A0702D20E0702888E08095
:108F40000120607120700DE40220F2E710B5017875
:108F50000B000DF059FB3F9E9E399E9E599E9E9E92
:108F60009E3C3F9E9E8752559E9E999E9E9E432963
:108F70009E2D319E9E9E9E359E9E9E955C9E9E47FA
:108F80009E4B4F9E21259E6C6064689E709E7F83E1
:108F90007C788A8D74919E00801CFFF798FF76E0A4
:108FA000801CFFF75BFF72E0801CFFF7D8FE6EE0CD
:108FB000801CFFF7B5FE6AE0801CFFF729FE66E023
:108FC000801CFFF706FE62E0FFF7D9FD5FE0FFF7C8
:108FD000B3FD5CE0801CFFF777FD58E0801CFFF7D5
:108FE00052FD54E0801CFFF7FDFC50E0801CFFF7B1
:108FF000CDFC4CE0FFF7ACFC49E0FFF788FC46E015
:10900000801CFFF744FC42E0FFF729FC3FE0801C96
:10901000FFF7F2FB3BE0801CFFF7C4FB37E0801C4E
:10902000FFF7A1FB33E0801CFFF767FB2FE0801CFC
:10903000FFF742FB2BE0801CFFF7F8FA27E0801CCB
:10904000FFF7A6FA23E0801CFFF764FA1FE0FFF7A2
:109050003CFA1CE0801CFFF705FA18E0801CFFF7C3
:10906000E0F914E0FFF7C4F911E0FFF762F90EE050
:10907000801CFFF74BF90AE0801CFFF721F906E09E
:10908000801CFFF70AF902E0801CFFF7DAF80120E4
:1090900073E4002071E470B52349244C054640393F
:1090A000083C0A460126403260682B000DF0ACFAFD
:1090B00005171A1A04171A000122002108F093F963
:1090C000616800220846C0310A724A7209F067FFDF
:1090D000002803D016A11B480DF0A5F960E4167511
:1090E00088655DE4174812A13330F5E70E4900208A
:1090F000C031C8612039087270470B4A203A937E0C
:10910000002B03D1D076117701209076704730B5CF
:10911000134606E0CC18203CE47FD51A44555B1E6C
:10912000DBB2002BF6D130BD940900206C0000208A
:109130007372635C6C6C5F6374726C2E73302E633D
:10914000000000005108000070B5FD4D040008D07B
:10915000012C10D0022C07D0032C05D0F9A17020CF
:1091600007E0F8A1672004E02878012803D0F5A1E2
:109170006D200DF058F92C7070BD70B5F04D04469F
:1091800010280AD0112C16D028468178122C07D02E
:10919000132C0AD0EBA19F200BE0EAA1942008E059
:1091A000112908D0E7A1992003E0112903D0E5A1F6
:1091B0009C200DF038F9AC7070BD10B5E04894B04B
:1091C000007B002819D0172069460870DC4900A8E8
:1091D00006220D3102300CF0A8FF09A96846F9F704
:1091E000C2FE0446112805D0002C03D0D5A1BB2017
:1091F0000DF019F9204614B010BD3220E4E710B587
:1092000001220023114603F0B5FC10BDFFB595B057
:109210001D460E460746FFF7F2FF04000AD02078ED
:10922000222804D3A07F8006C00FA84204D10820C2
:1092300019B0F0BDC748FBE7372168460170478089
:10924000002D05D00121017146711799817102E04D
:1092500000206946087109A96846F9F784FEA07FD5
:10926000DF21084069010843A0770020E0E770B5DE
:109270000446084620380D4603000DF0C5F90A06DD
:109280000A11232C334249505761FF20ADA1083009
:1092900052E02078202851D1FF20AAA10B304BE0CA
:1092A000A7480178032949D08078132846D0207830
:1092B000242843D0252841D023283FD0FF20A1A136
:1092C0000E3039E02078222838D0232836D8FF20E5
:1092D0009CA1153030E0207822282FD0FF2099A1C2
:1092E000193029E02078222828D0242826D02628C2
:1092F00024D0272822D0292820D0FF2091A11C305B
:109300001AE02078252819D0FF208EA1233013E001
:109310002078252812D0FF208AA126300CE0207862
:1093200025280BD0FF2087A1293005E020782828A8
:1093300004D0FF2083A12C300DF075F8257070BD8E
:10934000FF2080A12F30F7E730B5834C0B88834A8C
:10935000022801D0934204D09D1FA54225D20228A5
:1093600002D04D88954203D04D88AD1FA5421CD236
:109370004C88A34219D88B88FF25F435AB4214D80A
:10938000022802D0C888904205D0C888724D0A3899
:109390002D1FA84209D2C888904208D0944206D016
:1093A0005B1C63438000834201DB072030BD00204B
:1093B00030BDF0B56A49884245D36A4A0125AD04FB
:1093C0001368A84201D398423DD30279002A06D0FF
:1093D000082A02D8067B082E05D90720F0BD047B99
:1093E000002CFAD0F6E7002A06D004688C422AD373
:1093F000AC4201D39C4226D3002E06D084688C4216
:1094000021D3AC4201D39C421DD300240CE005685B
:10941000A700ED598D4216D30127BF04BD4201D3E9
:109420009D4210D3641CE4B2A242F0D80022012570
:10943000AD040CE084689700E4598C4203D3AC423D
:1094400003D39C4201D21020F0BD521CD2B29642EE
:10945000F0D80020F0BDFFB50022099B002802D003
:10946000994205DC58E0002902D1002004B0F0BD8B
:109470000920FBE7845C002C12D087187D78112D21
:1094800043D010DC2B000DF0BFF80A401726262C25
:109490002C2E2E363640835C002B30D1521CD2B29B
:1094A0008A42F8DBE1E71C2D2FDA123D2B000DF08C
:1094B000ABF8042C2C121A2C022CD9D1BB78039CAB
:1094C000072B237001D25B0701D40A20CEE7029B51
:1094D00001241B7816E0E343DB0708E0012C08D0E9
:1094E00013E00620C2E70F2523072D075B19002B89
:1094F000F4D03046BAE7029B1B789C0701D50B20BD
:10950000B4E702242343029C2370835C521C9A1804
:10951000D2B28A4202DDABE7192676028A42A9DB83
:10952000A3E710B504780B46002C1FD001210E4A8A
:10953000012C1ED0022C22D0032C2AD125E00000C1
:10954000740A00207372635C6761705F636F726599
:109550002E630000023000007B0C0000FFFF0000C3
:109560000080010028000020023200000021197054
:1095700011E019708179890903290AD10BE019706A
:1095800081798909012904D105E019708179890956
:1095900001D0104610BD411C0622581C0CF0C5FD20
:1095A000002010BD08B51346002806D0FEA00068B4
:1095B000009048796A468009105C18700622581C91
:1095C0000CF0B3FD08BD30B50C46097895B02229E2
:1095D00002D2082015B030BD282369460B704880A0
:1095E000132A03D03B2A01D00720F3E708460A716B
:1095F00009A9F9F7B8FC050003D121212046FFF79E
:1096000036FE2846E6E700B595B0232369460B7081
:109610004880108888805088C880D0884881908889
:10962000088100208881C88109A96846F9F79BFC58
:1096300015B000BD70B50C00064610D0FFF7DFFD79
:10964000050003D1D949DA480CF0EDFEA68028893F
:10965000E0802889208168896081A889A08170BD07
:1096600070B50E46050003D00021092003F027FF46
:109670000120D04C022E207324D0032E04D0CC48DD
:10968000CA491E300CF0CFFECA4806210D3003F047
:1096900091FCA07C8006800EA074FFF78EFDA08B4D
:1096A00000280ED0002D0CD08300012200210920BB
:1096B00003F060FE092804D0BD48BC4928300CF0F6
:1096C000B2FE70BDBB480321103003F073FCA07CD8
:1096D00040218006800E0843A074B6480C3002F08A
:1096E00015F9DAE77FB501A9012003F0C3FA0028D4
:1096F00004D0AF48AD4967300CF095FEAE4E01A8DE
:1097000003F0C6FA050002D0052D4CD048E0029CBB
:10971000A07F01072CD520462230009068462346C2
:10972000628E80882146343301F07BFA0546A07FA3
:10973000F7210840A077002D05D0B5422FD09C48D6
:109740009A49783029E0E17F480889074000C90F2D
:1097500008432021095D4007400FC9000843E07716
:10976000207828281CD129212046FFF780FD17E00A
:109770004007C4D568462246808821460E32FFF74E
:1097800042FF0546A07FFB210840A077002D07D0AF
:10979000B54204D08648854992300CF044FE00253D
:1097A000284604B070BD0020FBE7F8B5040004D1E2
:1097B000ED207E4980000CF036FE7220207060683B
:1097C00008250178091F0B000CF01EFF11F90A3D56
:1097D0005FF83D0EF8F83E3D3D3D3DF986F93D0010
:1097E00073487249AA3074E087883846FFF707FD4E
:1097F000060004D16E486D49B2300CF014FE60785A
:109800000421284360706B4CA07F0843A07721217E
:109810003046FFF72CFDB07F8007800F012801D173
:10982000801EA080384602F057FE3846FBF72AFE1D
:109830003846FAF7C6F93946022003F040FEB07FF9
:10984000EF210840B077F8BD86883046FFF7D7FC97
:10985000002804D156485549D0300CF0E4FD60682A
:109860008078012804D052485049D2300CF0DBFDFA
:1098700060688179304602F04EFF0028E3D06178BD
:10988000294361706168C880F8BD87883846FFF752
:10989000B6FC060004D146484449E3300CF0C3FD51
:1098A00060783946284360706068C088308160689D
:1098B0000089708160684089B081022003F0FFFD5B
:1098C0000020B075FFF70EFF0028DDD001203749DA
:1098D00080020CF0A8FDF8BD80783C2815D0002748
:1098E000022815D00026002804D031482F49F8302E
:1098F0000CF099FD0021084603F0E1FD002107204E
:1099000003F0DDFD002E05D046E001270026F1E73B
:109910000126EAE76078284360702648817F294362
:109920008177002F38D160688688304601F055F87D
:109930000546807F6168800889798000012900D010
:1099400002210843A87760680622C08A28816068DF
:10995000008B68816068408BA8816068C079E87579
:1099600061682846183008310CF0DFFB6068062279
:10997000807B68706168A81C0F310CF0D6FBA87F53
:109980008107890F304602F090FDA87F8007800F85
:10999000012801D10748868006480178032913D0A1
:1099A0008078132814D00BE00302FF0144950000D7
:1099B00013030000740A0020023000000CE00FE0E6
:1099C000FF20FCA1453084E70120FFF7BDFBF8BD77
:1099D0001120FFF7D2FBF8BD204601F02AFCF8BDAC
:1099E000607828436070F8BDF7B505460078002719
:1099F00000090C463E4601287ED00022F14902288B
:109A00007BD0072804D00A2878D0EAA1EE482DE1BF
:109A1000686803780D2B31D006DC042B6FD0072B40
:109A200036D00A2B6AD106E0122B38D0132B40D047
:109A3000142BF7D1B2E011270726002C72D08088B2
:109A4000A0806968FB238979A171E04905468A7F76
:109A50001A408A77032103F0C5F80421284603F051
:109A6000C1F80021284603F0BDF80221284603F082
:109A7000B9F80121284603F0B5F8F9E001270926D5
:109A8000002CDBD08088A080686880792072EFE0AD
:109A900012270E2680882146FFF7CCFDE8E01A2722
:109AA0000726002CCAD04088A08068680079A07181
:109AB000DEE081783C2936D010271E26002CBDD050
:109AC0008088A0806868C08A20836868C08AE08235
:109AD0006868008B60836868408BA0836968207D1C
:109AE000497F4008C9074000C90F084320756968CD
:109AF000C007C00F497F03E05FE08AE0ADE01CE0F3
:109B000049084900084320756968A21DC8790831D1
:109B1000FFF748FD69682246887B0D320F31FFF759
:109B200041FD05E074E019270726002C70D0A271D2
:109B3000A648F722817F11407DE01B272E26002CAE
:109B400066D0A1806968A21D0879491DFFF72AFD2A
:109B500068682030C07A60736868C0780428A07B89
:109B600019D040084000A073F921084069681F22FD
:109B7000C9788907490F0843A07369684007C97A03
:109B8000400FC9000843A073696820460F300C31AC
:109B90000CF0CBFA6CE001210843E4E71E270E2607
:109BA000002C6DD0A1806868E21D407AA0716968C0
:109BB0008878C91CFFF7F6FC5AE0287A012805D0FE
:109BC000022815D080487BA132384FE01D270E2691
:109BD000002C55D06888A080A889E080E889208181
:109BE000288A6081688AA0817848DF22817FA2E785
:109BF00012270E266888FFF71DFD002C40D06878DC
:109C00004007400F032833D17048FD22817F92E73F
:109C100036E0287A03000CF0F7FC06041010202030
:109C2000202619270726002C2AD0A1806748A27178
:109C3000817F4908490081771AE019270726002CFF
:109C40001ED0A180287A012805D00320A0715F488A
:109C5000EF22817F6FE70220F8E721462846029A2B
:109C600001F04BFCFEBD532052A100010CF0DBFBC8
:109C70000298002C068001D0278066800020FEBD5F
:109C800002980680FAE710B5504894B080781328FF
:109C900002D0082014B010BD22206946087009A91E
:109CA0006846F9F760F904460021072003F007FC35
:109CB0002046EFE700B5454895B08078122801D0DE
:109CC0000820B5E41E216846017000218170C17032
:109CD00009A9F9F748F90028F3D10021072003F07A
:109CE000EEFB1120FFF749FA0020A1E400B5374848
:109CF00095B00078022801D0032818D11B2108A8AC
:109D000001730021817369460BA8F9F72CF900282B
:109D100004D1684640781B2801D0032088E4002144
:109D2000084603F0CCFB68468078002801D0082064
:109D30007EE40120FFF708FA002079E4F8B5234C0F
:109D400003000CF061FC0A068017808080804B3590
:109D50006E80FFF7CBFF00282AD1F7F7E9FD002836
:109D600026D02221017000210172F7F7C2FDA07FE9
:109D7000012152E08EB23046FFF741FA050004D1CE
:109D800011480CA12E300CF04EFB287821280FD062
:109D9000F7F7CEFD00281BD01221017002270772B1
:109DA00046800020A875F7F7A4FDA07F3843A07770
:109DB000F8BD00007372635C6761705F636F72650A
:109DC0002E630000FFFF000036050000740A00202B
:109DD000132229463046FFF7F6FBE9E7A578122D56
:109DE00006D0132D07D0FA49FA480CF01CFBDFE728
:109DF000FFF760FF01E0FFF746FF0028D8D1F7F733
:109E000097FD0028D4D022210170122D07D0022105
:109E10000172F7F76EFDA07F10210843C7E701210B
:109E2000F6E7A07C810901290BD0800904D0E9481C
:109E3000E74922300CF0F7FA03210020FFF710FC6D
:109E4000B6E70221F9E7E348E1492930CDE7F7B564
:109E500014460D0004D1DF48DD4931300CF0E3FA3F
:109E600028780827012807D002281FD0D948D849C8
:109E700062300CF0D8FAFEBD0098FFF7C0F906007A
:109E800004D1D448D24938300CF0CDFA0220B07554
:109E90001030207060783843607007CD083407C4F4
:109EA000CD482022817F11438177FEBD0098FFF7C6
:109EB000A6F9060004D1C748C54946300CF0B3FAEC
:109EC000A988C648814208D1EA88824205D1132276
:109ED00031460098FFF777FBFEBD814202D1E8884A
:109EE000002809D01220207060783843607007CDB8
:109EF000083407C4002006E07823002202200099DD
:109F000003F038FA0120B075FEBDB34840897047B0
:109F1000FFB591B01498F8F721FF00285DD1012416
:109F2000684603218471C9028180002201A920466C
:109F3000FAF719F9002850D16846152184714902B1
:109F4000818000261C2102A800960CF04DF901200A
:109F50000146684610310170002001466846417094
:109F60008178F9273940891C21438170017A0225C3
:109F70002943017212998186C6861F2101870C90A0
:109F800011980F9001A80B9009AA0BA902A8F9F744
:109F9000B5FE002821D168468F4E808CF08068463F
:109FA00084718F498180807809AA3840801C4108DB
:109FB0004900684681708586058713A80F900BA914
:109FC00002A8F9F79BFE002807D16846808C3081F3
:109FD00031460A311498F8F7D4FE15B0F0BD30B50B
:109FE0000C46804995B08C4241D37F4901229204AE
:109FF0000968944201D38C4239D3203800220125CC
:10A0000003000CF001FB06042F494D535C64002152
:10A01000082003F02EFA002802D0112015B030BD20
:10A0200024206946087000A80522A11C02300CF00B
:10A030007CF809A96846F8F796FF050002D0082DBC
:10A040000ED031E0082300221146184603F092F9A1
:10A05000082829D05F485E49D6300CF0E4F923E0A7
:10A060000620DBE76068002803D0884201D2102078
:10A07000D4E73D2168460170218841806188818054
:10A0800009A9F8F770FF05000ED1606800280BD011
:10A090006946098D018007E0206801F079FC02E043
:10A0A000204600F0D8FC05462846B7E73E2007E0EA
:10A0B000857000E0827009A9F8F755FFF3E73420B6
:10A0C000694608702078C0076846F3D0F0E707209B
:10A0D000A4E730B50C46444995B009688C4201D2DA
:10A0E00010209BE7203803000CF08EFA0504212194
:10A0F000232132002088FFF782F8002804D000785E
:10A10000222803D2082089E7384887E725216846B6
:10A1100001702188418009A9F8F725FF050015D1B4
:10A120000AA905220231A01C0BF0FFFF0EE0062554
:10A130000CE02068002805D0884201D2102505E0F7
:10A1400001F01BFC24480025808BA080284665E791
:10A15000072063E720481330704710B520211E48C0
:10A160000CF040F80120FEF7EFFF1120FFF705F893
:10A1700000211948C943818000218176E1218900AD
:10A18000818301460C300D310446F7F751FC12482B
:10A190000722214613300BF0C8FFFFF70EF8002806
:10A1A00003D00B4912480CF03EF900F0D5FF10BD6A
:10A1B00010B504463C210CF015F8A07F8008800003
:10A1C000A077202020700020A0752034607010BD82
:10A1D000B49D00008C050000740A0020FFFF000001
:10A1E000012A000000800100280000200230000049
:10A1F000FB0600007047FEB50546FF480C4681424D
:10A2000007D301208004844205D3FC4800688442BF
:10A2100001D21020FEBD002D02D0012D32D126E04A
:10A22000F74908220F4668460BF07FFF3946204663
:10A23000FFF777F90028EDD1FEF7BFFF060006D043
:10A240000722694638460BF070FF3046FEBD207885
:10A25000002801D0012805D1E94807223946C01D50
:10A260000BF063FF0021092003F029F90FE00978C2
:10A27000002907D0012905D0022905D0032903D0E0
:10A28000E048FEBD0720FEBD0120FFF7E9F9DC48EC
:10A290000C3885760020FEBD10B5D8490968884283
:10A2A00001D2102093E7D64902460C390B7B0D31C1
:10A2B0001846FFF777F9002089E7FFB599B0054602
:10A2C000002069460871087208A9087408751446C8
:10A2D000CA480122C849920400681E46002D05D0D4
:10A2E0008D420BD3954201D3854207D3002C08D071
:10A2F0008C4203D3944204D3844202D210201DB076
:10A30000F0BD2846204318D01F270CAB01AA0097A8
:10A3100028461A99FFF79FF80028F0D10DAB02AA42
:10A32000314620460097FFF796F80028E7D16846A7
:10A33000007AC10703D00A20E1E70720DFE78007A2
:10A3400005D568460079800701D50B20D7E703AF14
:10A35000002D0FD01A20694608731A988873294671
:10A36000F81C1A9A0BF0E1FE0EA903A8F8F7FBFD02
:10A370000028C4D1002C0ED02021684601738673BA
:10A3800032462146F81C0BF0D0FE0EA903A8F8F7C0
:10A39000EAFD0028B3D19A4908A8007C0C3948701E
:10A3A0000020ACE770B504460A2020700D46204618
:10A3B000F8F7D9FD002805D139202070294620461C
:10A3C000F8F7D1FD70BDF7B500260C4605460B2702
:10A3D0001AE02968B00009580978002903D001293A
:10A3E00001D00720FEBDA170296806220958E01C93
:10A3F000491C0BF09AFE277020460299F8F7B3FD2E
:10A400000028EFD1761CF6B22879B042E1D80026B8
:10A410003A270FE0A868B10041581022A01C0BF0A9
:10A4200084FE277020460299F8F79DFD0028D9D1B7
:10A43000761CF6B2287BB042ECD80020FEBDF0B509
:10A44000044671A003C897B06B4B00271591149078
:10A450009C4211D369480125AD040268AC4201D386
:10A46000944209D32078012809D16168994203D325
:10A47000A94204D3914202D2102017B0F0BD604926
:10A480000C390A78012A0CD18A88614B9A4203D090
:10A49000002806D0012804D08A7F13079B0F06D11D
:10A4A00001E00820E9E7D30701D1910701D5112088
:10A4B000E3E7218A574B0A46203A9A4207D30128FC
:10A4C00075D1002973D1628A002A70D111E0022867
:10A4D00001D0032801D1A02969D3012809D0484A15
:10A4E0000C3A5278D20704D0628A002A5FD0B42A8C
:10A4F0005DD8002806D0012808D0022804D00328FF
:10A5000055D117E0002518E0022516E0002902D1F8
:10A51000608A00280CD004256068007800280CD0E0
:10A52000012809D0022807D0032805D03548A4E720
:10A530000125F1E7032500E00127207A002806D055
:10A54000012806D0022806D003287CD105E0002689
:10A5500004E0012602E0022600E00326002D01D0DF
:10A56000022D14D1002E12D0E068FEF722FF002841
:10A5700083D123480C384078800702D02148401E00
:10A580007BE7022D03D1022E5DD0032E5BD0182174
:10A5900068460170218A4180218A8180857118482E
:10A5A0000C38007B002803D001286FD104E04AE07A
:10A5B00000216846C17102E001206946C871684601
:10A5C000077221780930012937D006210BF00AFEE5
:10A5D00069460E74207D8207C107D20F4007C90F5C
:10A5E0005200C00F11438000014314A8405C69462B
:10A5F000C873002827D00FE0008001002800002049
:10A60000800A002002320000070605040302010050
:10A61000FFFF0000E13F000009A96846F8F7A3FC2E
:10A62000002884D109A96846FFF7BCFE0028A7D1FD
:10A63000002D0AD0022D08D010E061680622491CC6
:10A640000BF073FDC4E7072017E7002E06D009AA18
:10A650006946E068FFF7B7FE002891D11B206946E4
:10A6600008700120887009A96846F8F77CFC00286A
:10A6700086D108A840791B2819D12B000BF0C4FF04
:10A680000504040707040A00032001E00FE002208C
:10A69000FEF75AFD012D0CD0608A002809D0002257
:10A6A00083001146104602F065FE002801D0032009
:10A6B000E3E60020E1E6F3B5032687B00D46002966
:10A6C0000AD0FA4885426FD301208004854203D323
:10A6D000F7480068854267D30798FEF790FD0400AD
:10A6E00005D02078222804D2082009B0F0BDF14816
:10A6F000FBE7A07F8707BF0F002D05D0294638460E
:10A70000FEF722FE0600F0D139460027EA4801296B
:10A7100007D0022931D0E949E9480BF084FE3046E0
:10A72000E3E7A27D2946012A02D0827F920701D564
:10A730001120DAE700291BD108216A46049711820B
:10A740000592418904AADF48FAF7FDF80028CCD128
:10A750006846008A082801D00320C6E768460188B9
:10A7600001814188418181888181C188C18102A99B
:10A77000079801F061FF0646D1E7A17D022916D1B5
:10A78000807F800613D4002D04D0A07F40070CD416
:10A79000002100E00121079801F08FFF0600BED1E3
:10A7A000A775002DBBD004E01AE01126B7E7002DF5
:10A7B00016D02A4621460798FEF725FF064611289F
:10A7C000ADD1A07F4007AAD42046082229460E30EA
:10A7D0000BF0ABFCA07F04210843A07700269EE786
:10A7E000102082E770B50C460546FEF708FD010013
:10A7F00004D022462846FEF7E6FE70BDAD4870BD87
:10A8000000B50146143195B0192901D2810707D04E
:10A8100001461E3104D00A3102D0072015B000BD18
:10A82000312269460A70887009A96846F8F79BFBCF
:10A83000F4E701B582B00220694608809E4802AB69
:10A8400000896A460021F9F7E7FE6946098802296E
:10A8500000D003200EBD1CB50021009102216A46E4
:10A860001180934901900968884201D210201CBDD3
:10A87000914801899348FAF766F8694609880229E0
:10A88000F5D003201CBDF0B50E46884985B01746AB
:10A8900005468E4207D386480122920400689642FC
:10A8A00004D3864202D2102005B0F0BD1F2F01D97B
:10A8B0000C20F9E7804C8D4226D3954201D3854286
:10A8C00022D3E08803A9F9F758FE0028ECD12878B4
:10A8D00069464873E08803A9F9F730FE0028E3D100
:10A8E0006946009008780221084369460870497B50
:10A8F000090703D00821084369460870E0886946C3
:10A90000F9F7B5FD0028CFD169468F80E08833463E
:10A9100001AA0021F9F780FE69468988B942C3D0AF
:10A920000320C1E71CB50C4600210091019122884B
:10A9300069460A805E4901900968002801D0884272
:10A9400001D38C4201D210201CBD002801D0002A66
:10A9500009D059486A46C1885A48F9F7F4FF694650
:10A96000098821801CBD0C201CBD10B50123FEF7F9
:10A970004DFC2CE4002310B51A461946FEF746FCA0
:10A9800025E430B505464A4895B000680C4681423A
:10A9900002D2102015B030BD2846FEF730FC00284A
:10A9A00007D00178222902D3807F800603D40820B3
:10A9B000F0E74048EEE7132168460170458009A999
:10A9C000F8F7D1FA0028E5D108AA0A2151567F29C3
:10A9D00001D02170DEE70520DCE7F8B5012304464D
:10A9E0001A46194602F0C6F8074601231A46022104
:10A9F000204602F0BFF8064601231A4604212046ED
:10AA000002F0B8F8054601231A460321204602F059
:10AA1000B1F80446002F03D128492B480BF003FD61
:10AA2000002E04D1AD20254980000BF0FCFC002D48
:10AA300004D125482149801C0BF0F5FC002C04D1E1
:10AA400021481E49C01C0BF0EEFC22213846FEF7BF
:10AA50000EFC3846F8BD10B50446006800280CD03E
:10AA60001249884207D301218904884205D310493D
:10AA70000968884201D2102014E400F071FFA08818
:10AA80000D4CA083A07E01280DD10021092002F0E9
:10AA9000F0FC002800D00120A17C8909012915D0F3
:10AAA0000321FEF7DDFD002006E400000080010028
:10AAB0002800002002300000740A0020B49D00002D
:10AAC000C6090000FFFF0000B30200000221E8E712
:10AAD00030B5F74B9A4207D301239B049A4205D322
:10AAE000F44B1B689A4201D2102030BD1578EB065A
:10AAF0005B0F042B07D85478072C04D39378102BC2
:10AB000001D8A34201D2072030BDD3785B0702D41D
:10AB100013795B0701D5062030BDC37FAC075B0806
:10AB20005B00E40F2343C3770878EF2318401378C2
:10AB30009B06DB0F1B0118430870F12318401378A4
:10AB4000DB065B0F5B001843087050780873002029
:10AB500030BD30B500240C70C378DB07DB0F0B7001
:10AB6000C578AD07ED0F6D002B430B70C5786D07F1
:10AB7000ED0FAD002B430B7014700179C907C90F9D
:10AB8000117003799B07DB0F5B001943117000798B
:10AB90004007C00F80000143117030BD70B51446EE
:10ABA0000D460646F6F7C4FE002809D0A221017022
:10ABB000142221460830F6F707FBF6F79AFE70BD1F
:10ABC000132229463046FEF7FEFC70BD70B51446D0
:10ABD0000E460546F6F7ACFE002809D0222101708A
:10ABE00045802178017261784172F6F782FE70BD6E
:10ABF000132231462846FEF7E6FC70BD10B5AE4C78
:10AC0000207C00280CD1204621461038FDF762F840
:10AC1000002803D0A9A1F2200BF005FC012020742C
:10AC200010BD70B594B015460C462C226946189E8E
:10AC30000A704880002B17D00822194601A80BF093
:10AC400074FA68468581102231460E300BF06DFA99
:10AC500009A96846F8F787F9002803D1A17F1022D7
:10AC60001143A17714B070BD002001900290E8E775
:10AC7000F0B50646008A97B080B20D460190FEF707
:10AC8000BEFA04468C48317848380746E8370990C0
:10AC90000B000BF0B9FC0EFCFB48085F8798B8D995
:10ACA000FAF9F8F7F6FC002301221946019801F0A1
:10ACB00061FF050004D1FF2080A130300BF0B3FB11
:10ACC000002C04D1FF207DA131300BF0ACFB387E8D
:10ACD000C00904D078486030C06DA86112E02B2014
:10ACE000694608720BA902A8F8F73DF9002804D0BC
:10ACF000FF2072A13C300BF096FB74490C980BF0CE
:10AD00008EFAA9617068A862B068E862A07F8007C7
:10AD1000800F012820780DD0252804D0FF2067A1BE
:10AD20004D300BF080FB324621460198FFF736FF8D
:10AD300017B0F0BD2528F6D0222806D0242804D04C
:10AD4000FF205EA146300BF06EFB25212046FEF76A
:10AD50008EFAE8E7002301221946019801F00AFF64
:10AD6000060004D1FF2055A158300BF05CFB002CED
:10AD700004D1FF2051A159300BF055FB2078252834
:10AD800004D03078012108433070D1E702202870C8
:10AD9000B068A860B068002802D000202871C7E71A
:10ADA0000120FBE72B2069460870434968464C396F
:10ADB000F8F7D9F8002804D0FF2040A178300BF034
:10ADC00032FB03201BE02A206946087000A81022ED
:10ADD000023071680BF0A9F904A810220230B168A2
:10ADE0000BF0A3F9344968464C39F8F7BCF8002851
:10ADF00004D0FF2031A189300BF015FB042028700E
:10AE00000998686094E7B068002804D1FF202BA15E
:10AE100095300BF008FBE07F400704D5FF2027A109
:10AE200096300BF000FBB06806220A3800903379A8
:10AE30000421019801F0FBF90028A6D0FF201FA1F2
:10AE40009B300BF0F0FA73E7002C04D1FF201BA11C
:10AE5000A3300BF0E8FA2046223010220546716834
:10AE60000BF063F928212046FEF701FAA07F800746
:10AE7000800F022814D100231A462146009501981C
:10AE800006E04BE1BAE0B0E095E03FE071E05FE161
:10AE9000FFF7C7FE11281BD029212046FEF7E7F94E
:10AEA000E07F317A4007400FC9000843E0773FE771
:10AEB0000080010028000020400B00207372635CBA
:10AEC0006761705F7365632E6300000040420F008E
:10AED000A07F000704D5FF20FD49B0300BF0A3FA96
:10AEE000A07F08210843A0770020608620463430E8
:10AEF0000BF078F9E07FFD220146C9071040890F69
:10AF00000843E077307A2034207011E700230122D3
:10AF10001946019801F02EFE040004D1FF20EC49EF
:10AF2000CD300BF080FA2B2069460872E94902A85F
:10AF3000F8F719F8002804D0FF20E549D2300BF0CB
:10AF400072FAE4488188204621300176090A417668
:10AF50000E2129702146FC316960017E2974407EF2
:10AF60006874DC482C30A860103030346C61E860C4
:10AF7000DEE6002C04D1FF20D549E6300BF053FA71
:10AF80002078212893D93079012802D0022808D1CD
:10AF900003E0E07F04210843E077387E0121084385
:10AFA0003876324621460198FFF7F8FD23212046E6
:10AFB000FEF75DF9BCE601220421019801F01FFCB7
:10AFC0000028A2D0002301221946019801F0D2FDE9
:10AFD000040003D1BE49C0480BF025FA0F202870A9
:10AFE000172028716E34AC60A2E60421019801F0AC
:10AFF00056FC002889D11020287099E600230122F0
:10B000001946019801F0B6FD050004D18720B0492A
:10B0100080000BF008FA2E462036307E41064DD5D2
:10B02000A17F8F07BF0FC00713D029468031486F1B
:10B0300000280ED0027CF37DD207D20F5B001A43AA
:10B040000274486F5108E27F4900D207D20F1143C2
:10B050000174307E000713D52A468032116F002913
:10B060000ED0087CF37DC007C00F5B001843087446
:10B07000116FE27F40084000D207D20F10430874DE
:10B08000307E80070BD5F8204259002A07D0012FC7
:10B0900005D02946307C31311032FEF783FA307EFC
:10B0A000C0060BD5F8204259002A07D0012F05D140
:10B0B0002946307C31311032FEF774FA0523684698
:10B0C0000370357E4570834822216038019A0170F3
:10B0D0004178C908C900C91C417042800372457299
:10B0E000F6F78EFD2078252809D021280BD07A4844
:10B0F00077495B300BF097F92078222803D9222179
:10B100002046FEF7B4F80021019801F06BFD0028FD
:10B1100000D10DE670486E49633092E674686D4D5B
:10B1200020786035092802D00A28F2D10BE0E168C6
:10B13000002902D02846F7F7E8FE2169002902D04D
:10B140002846F7F7E2FE21462846F7F7DEFEEFE550
:10B1500061485F49883074E65E4810B504222821B2
:10B160006030F7F7B9FE5B480024EC30017E4906F9
:10B17000490E01764038C465FCF739FD55493C312C
:10B1800008461038F6F78BFC52484C30047410BD5A
:10B1900070B50D46FEF733F8040004D14E484C4913
:10B1A000A7300BF040F9FF21053128460BF01CF8C1
:10B1B000A07F8007800F01280CD00221284688300C
:10B1C000FCF716FD002804D043484149AC300BF091
:10B1D0002AF970BD0121F1E70A46014610B5104673
:10B1E0008830FCF71FFD10BD70B5054611200C46D8
:10B1F0000870002161702121495D002908D00329D0
:10B200000ED0042910D034483149C6300BF00BF968
:10B2100020780009012802D9E87FC008607070BD5D
:10B220000007000F203002E00007000F30302070D0
:10B23000EEE7F0B504464068082601789BB008297F
:10B240000DD00B2903D00C294BD1012181716068ED
:10B2500087883846FDF7D3FF05004CD147E0478883
:10B260003846FDF7CCFF050004D1172018494001EE
:10B270000BF0D9F82878212833D0282833D16068FA
:10B2800002210C3000F050FF00282CD0606808210B
:10B29000001D00F049FF002825D02D2168460170CF
:10B2A000478029461022223101A80AF03EFF0FA94B
:10B2B0006846F7F758FE002804D007480449EF30E5
:10B2C0000BF0B1F8A87F10210843A877292105E0E9
:10B2D000BCAE0000F40A0020030200002846FDF77F
:10B2E000C6FF1BB0F0BD607830436070F9E7FE49DF
:10B2F000FE480BF098F8A87FEF210840A87729783E
:10B3000021290FD061688A79002A02D08978002922
:10B3100012D08007800F022849D0F448F249343017
:10B320000BF081F8FEF7DEF90028DAD0EF48EE499D
:10B330003F300BF078F8D4E7607830436070E87FF6
:10B34000C00701D0042100E00321212041552878C5
:10B3500029280BD03946062002F0B1F82878242895
:10B36000E0D122212846FDF782FFDBE700230122FE
:10B370001946384601F0FEFB040004D1C920DA4921
:10B3800080000BF050F825212846FDF770FF0D20B6
:10B3900008A90871204609A98830FCF735FC022865
:10B3A000C0D00028BED0D148CF491D30B8E7607862
:10B3B00030436070B6E7F7B58AB015460646FDF72C
:10B3C0001EFF002841D0017822293ED323293CD0FA
:10B3D000C17F490739D4807F8007800F01280DD0B5
:10B3E000002301220021304601F0C4FB0746C0487B
:10B3F0000290F7F781FD040007D101E00123F0E797
:10B40000BA48B94959300BF00EF8002F1FD08837D1
:10B4100067610298F7F770FD07460298F7F76CFD31
:10B4200009212170266225710B99E760A1602061D6
:10B4300003A92046FCF70CFC022806D0002804D003
:10B44000AA48A94975300AF0EEFF0DB0F0BD002002
:10B4500007466061E4E730B5002387B00546012266
:10B46000194601F087FB04462846FDF7C8FE007820
:10B4700022281BD9002C04D19C489B4981300AF01A
:10B48000D2FF0F21684601701721017120466E30EE
:10B49000029069461A30FCF7B7FB022806D0002854
:10B4A00004D0E520904980000AF0BDFF07B030BD10
:10B4B00030B5002387B005460122194601F05AFB3A
:10B4C00004462846FDF79BFE00782228EED9002C82
:10B4D00004D18648844993300AF0A5FF10206946BC
:10B4E000087020468830FCF78FFB0028DED0E9206A
:10B4F0007D4980000AF097FFD8E7F7B50546007848
:10B500000027000982B00C463E4602287ED007285C
:10B5100002D00A284AD14AE068680178082907D091
:10B520000B2930D00C292ED070486F49D33060E100
:10B5300014271A26002C6AD04088A080FDF75FFEF1
:10B540000090002804D169486749AF300AF06BFFCA
:10B5500000980099C07DA21D1831FEF723F8686895
:10B5600008228089E081696820461030091D0AF0B0
:10B57000DCFD207E01210843F92108402076009857
:10B580004021807F47E018270826002CD3D08088F0
:10B59000A080FDF734FE050004D1F7205249800059
:10B5A0000AF041FFA11D2846FFF71EFE23E1002CF3
:10B5B00001D0288BA080287A01287DD0022804D0D1
:10B5C00003282FD048494B4813E11C270726002C9D
:10B5D000B1D0A088FDF713FE0090002804D1FD2013
:10B5E000414980000AF01FFF287B8007800F012857
:10B5F000A07914D040084000A071FD210840297BAB
:10B600004907C90F49000843A07101E0E3E0DFE00A
:10B6100000988021807F084300998877EBE0012122
:10B620000843E9E713270B26002C84D0A088FDF7F8
:10B63000E6FD00900023A0880122194601F09AFA45
:10B6400005460098002804D12A48274960380AF0A6
:10B65000EAFE002D04D181202349C0000AF0E3FE58
:10B660000098807F8007800F012859D0E86A817890
:10B670008907890F0129A17954D049084900A1718E
:10B680008278FD255207D20F294052001143A17143
:10B69000E322114002785207D20E1143A171DF223A
:10B6A00011404278D207920E1143A1710021E1713D
:10B6B000C1782172427900E037E00179607AD307DE
:10B6C00040084000DB0F18439307DB0F28405B0066
:10B6D00018435207FB23D20F1840920010436072A8
:10B6E000A07A4008400007E0BCAE00000E03000056
:10B6F000540B002067040000CA07D20F10438A07CA
:10B70000D20F2840520049071043C90F1840890042
:10B710000843A0720098007823286CD92621AFE056
:10B72000A86AA4E701221143A9E7297BFE48022960
:10B7300010D017270C26002C4AD0012911D003293C
:10B740001ED004291FD005291DD0F849F8480AF059
:10B750006AFE23E019270726002C4CD00121A17195
:10B7600005E00121A171E17989088900E171017E7B
:10B77000CA094906D201890E49000A4302760DE042
:10B780000220A07106E0687B0007000F8030A071E6
:10B79000052918D0E07980088000E071A088FDF7C5
:10B7A0002EFD05460078212825D0232804D0E04826
:10B7B000DE490C300AF037FEA088002101F012FAB1
:10B7C000222128465DE0E07980088000401CE4E703
:10B7D0000498068015E0002C01D06888A080287AA3
:10B7E000032828D004280FD005284DD0D048CF49B1
:10B7F00064300AF018FE0498002C068001D02780DF
:10B800006680002005B0F0BD15270C26002CDFD087
:10B810000023A0880122194601F0ACF9050004D1EB
:10B82000C348C2492A300AF0FEFD0622A11DA869BC
:10B8300009F0DCF9DFE716270726002CC8D0A0881E
:10B84000FDF7DDFC00900023A0880122194601F0DD
:10B8500091F905460098002801D0002D04D1B44884
:10B86000B24938300AF0DFFD2878C00601D5022041
:10B8700000E00120A071009800782328BBD927217F
:10B880000098FDF7F4FCB6E717270C26002C9FD094
:10B89000A088FDF7B4FC00906D7A002804D1A4487C
:10B8A000A2494B300AF0BFFD0621A01D0AF09AFC08
:10B8B0000020A071207A032108432072FB21084058
:10B8C0000099C97FC907490F08432072680692D5BD
:10B8D000E07904210843E071A07AE90740084000BC
:10B8E000C90F0843E17A2A0749084900D20F1143DA
:10B8F000FD22AB07DB0F10405B001843A072E80687
:10B90000C00F114040000143E17274E710B50446D6
:10B91000807990B08009012804D04D20834900012E
:10B920000AF081FDFFF76AF90120694608707E4838
:10B930000AA9A0380190201D0290601C0B90684657
:10B94000FCF786F9002804D07948784987300AF056
:10B950006AFD0322601C0B990AF0E7FB10B010BDD2
:10B9600010B5714CA03C002805D00146102220469D
:10B970000AF0DBFB0120207410BD10B50446FFF770
:10B980003DF969491022A03920460AF0CEFB10BDCE
:10B9900070B50025644C00281CD06649884207D346
:10B9A00001218904884205D363490968884201D28C
:10B9B00010250DE0062109F003F9411C07D05A4972
:10B9C0004039C865207E80210843207600E00725A5
:10B9D000284670BD207E4006400EF6E7F3B50020F5
:10B9E00089B00D46029000290AD0524885421CD3E6
:10B9F00001208004854203D34F480068854214D358
:10BA00000998FDF7FCFB060003D03078222815D1F9
:10BA100002E04A480BB0F0BD002D08D1B07FC1094B
:10BA200003D08007800F022801D01020F2E7B07FFA
:10BA3000C10601D4000703D5002D01D00820E9E795
:10BA40003948007EC00712D1F07F400701D50D2094
:10BA5000E0E7002201231146099801F08BF8070066
:10BA600005D0B07F8007800F022802D00BE01120A4
:10BA7000D0E7002D07D02A4639463046FFF728F890
:10BA800002900028C6D128488C38F7F735FA040010
:10BA900003D126492A480AF0C6FC0A2020700998DA
:10BAA000206238468830A060B07FFB218007800F7D
:10BAB000012829D0002D4CD002202071381DE060D3
:10BAC00038780007400F20743878C006C00F6074C3
:10BAD000A07C2A788008D2078000D20F1043A0747F
:10BAE0000840F17F01AAC907490F0843A074A8784C
:10BAF000E07469462846FFF72CF8684600792075FF
:10BB000068460078607528E001202071207B2A7843
:10BB10008008D2078000D20F104320730840297894
:10BB20008907C90F89000DE0E00B0020BCAE0000C2
:10BB300053040000008001002800002002300000B3
:10BB4000630500000843207324213046FDF78FFB76
:10BB50000BE0032020710520207325213046FDF7DE
:10BB600086FBB07F4006400EB07703A92046FCF765
:10BB70006FF8022805D0002803D0FD49FD480AF0DF
:10BB800052FC029846E7FFB581B00A9D06461C4666
:10BB90001746142128460AF027FB0B980021016064
:10BBA000F8070ED0F44920680968884239D312306A
:10BBB00028602068143068602068A8600B982168AD
:10BBC0000160B80726D56068002803D0EA490968F3
:10BBD000884226D3029900290AD0FC3600280ED0CC
:10BBE00031461030FDF79DFC00281BD1606810E045
:10BBF000002816D0E86080366068B0670AE0FEF77B
:10BC0000A9FA0146072230460AF08FFAFEF7F6FF3E
:10BC1000DA48E860780707D5D749A06809688842FC
:10BC200001D21020EEE528610020EBE5FFB5D44AF3
:10BC30000E4607CA97B002AB07C3002700970197CB
:10BC40001798FDF7DCFA050005D02878262804D0DF
:10BC500008201BB0F0BDCB48FBE700231A4619466D
:10BC6000179800F087FF040004D1C248C049803013
:10BC70000AF0D9FBA87F8007800F1690012814D006
:10BC8000022824D0BB48BA4999300AF0CCFB0121E4
:10BC90000022852E31D01EDC002E26D0812E26D00B
:10BCA000822E26D0832E1ED125E0002EEFD12146F4
:10BCB0002846199AFEF70CFF0028CAD119988078F7
:10BCC000009019980078C007C00F0190DFE719981D
:10BCD000002808D1DBE7862E11D0882E11D0892EBE
:10BCE00011D08A2E11D00720B3E710460EE0084687
:10BCF0000CE002200AE0032008E0052006E0062010
:10BD000004E0082002E0092000E00A20002222715D
:10BD100001216A461176211D0791002801D020716A
:10BD2000FAE0169801280CD0A66AE06A02220121E6
:10BD300010900020A0602846173002291AD0012157
:10BD400019E0E66AA06A1090032030702078FB2387
:10BD5000C006C00F7070B07801221840009BF370CD
:10BD60008008019B800018430221B0700020707190
:10BD70003071DEE70021890009190861681C022A78
:10BD800001D0012100E00021890009190861B07883
:10BD90008007800F01285ED1109880788007800F7F
:10BDA000012858D110980079844610984079009065
:10BDB000169801281DD0317908A801747179017590
:10BDC00008A8027C6046024008A8007D009908404F
:10BDD000139010433FD06C491A98884207D3012131
:10BDE0008904884215D364490968884211D2102019
:10BDF0002FE70CAA0DA91998FEF7ABFE08A8007C46
:10BE000061460840307108A8007D009908407071B3
:10BE1000D6E720463C3021460090F031169801913B
:10BE2000022834D000211A9B20460C33FFF7ABFECA
:10BE30000028DDD12046503021460090F43116987C
:10BE40000191012825D0002120461A9B139AFFF763
:10BE50009AFE0028CCD110988078400702D4E87F61
:10BE6000C0072BD0169902A8012914D0109909787F
:10BE70004900405A21780907490F4900C8408707FF
:10BE8000BF0F2AD0012F14D0022F0FD113E00121B0
:10BE9000C9E70121D8E721780907490F4900405A2D
:10BEA000109909784900C8408707BF0F032F04D0B5
:10BEB00004E0022711E001270FE00227169801286D
:10BEC0000BD1B078FB210840E97FC907490F08432F
:10BED000B07020780007400F3070207810224008A2
:10BEE000400020701099D2434978C907C90E114308
:10BEF00008402070C00623D4022F21D0012F21D06A
:10BF00000020A061E0612062606220461830A060DD
:10BF1000E87F40084000E877204606A98830FBF714
:10BF200073FE002806D0022804D06F2010490001BB
:10BF30000AF079FA25212846FDF799F9002088E6CC
:10BF4000032008E020460D211B300AF04BF9204663
:10BF50001830A060042069460875E87F0121084375
:10BF6000E87705AA29461798FEF730FED4E70000C7
:10BF7000BCAE00008E05000028000020400B002011
:10BF8000606701000230000000800100F0B587B05A
:10BF900015460E0004460DD06A48854207D301209D
:10BFA0008004854206D368480068854202D210208A
:10BFB00007B0F0BD2046FDF722F9070004D038781D
:10BFC000272803D00820F3E76048F1E700231A464A
:10BFD0001946204600F0CEFD040003D15C495D48BF
:10BFE0000AF021FA0020002E05D0022E08D0012EE2
:10BFF00011D00720DCE701216A461171A06018E02A
:10C00000234618336946A360087110222946184652
:10C010000AF08BF80DE021461831A16069460871DD
:10C02000A061E061206260620621284608F0C8FD38
:10C03000A0612078C10714D0400840002070022081
:10C04000694608702046183002907030FBF7DCFD1E
:10C05000022806D0002804D03E483D4923300AF08B
:10C06000E2F925213846FDF702F90020A0E770B576
:10C0700094B00D460646002B02D0072014B070BDC8
:10C08000FDF7BDF8040007D02078222802D3A07F56
:10C09000400603D40820F1E72C48EFE7002D19D023
:10C0A0002D216846017046801022294601A80AF019
:10C0B0003CF8E07F297C4008C9074000C90F0843CD
:10C0C000E077297C40078906400FC90EC900084364
:10C0D000E07703E02E2168460170468009A9684692
:10C0E000F6F741FF694609782D2905D1002803D1CB
:10C0F000A17F10221143A177A17FBF221140A17718
:10C10000BCE710B50C46FDF77AF8002805D00E49BB
:10C1100009688C4203D2102010BD0C4810BD214686
:10C12000FFF762F8002010BD05E00278401C002AED
:10C1300001D0002070470A46491E89B2002AF4D176
:10C14000012070470080010028000020023000001C
:10C15000BCAE00000F07000030B50346072903D02E
:10C160000820DA781C7916E00720FAE707290BD0B7
:10C170005500ED186D79072D01D0401EC0B2521C3C
:10C18000D2B20F2A07D105E05500ED186D79072DC1
:10C19000F3D0F4E700222546641EE4B2002DE5D179
:10C1A00030BDFFB581B00C461646114620460A9FA9
:10C1B0000B9DFFF7D1FF00280AD020790F2803D369
:10C1C000FEA1A0200AF02FF9A078C00907D019E03D
:10C1D000072E02D0112005B0F0BDFD48FBE7019805
:10C1E0002880381D6880002068712871EF800498CD
:10C1F00028812846F6F7DFFE002803D1EFA1AD2005
:10C200000AF011F9E07821794018491CC0B2217177
:10C210000F2801D30F38C0B2400000194671817950
:10C22000F12249084900114081710020D3E7FFB590
:10C2300083B01C4616460F4600231A4602210C9D69
:10C24000039800F097FC010008D033463A46019568
:10C2500000940398FFF7A5FF07B0F0BDDC48801EEF
:10C26000FAE7F0B5054616460F4650888DB0002314
:10C270000122022100F07EFC040003D1CFA1DF20C7
:10C280000AF0D1F8002069460871A078400603D171
:10C29000CAA1E3200AF0C7F8042F5ED32A78D0079A
:10C2A000C017401C06D161786B78994255D121782E
:10C2B000090752D00121142A46DA012A42D0122A53
:10C2C00002D0132A40D128E00C2F3DD1A27852068B
:10C2D000520E012A38D0207800090001401C20703D
:10C2E000687860706846017168792A7901021143A3
:10C2F00068460181E879AA790102114368464181C3
:10C30000687A2A7A0102114368468181E87AAA7A1A
:10C31000010211436846C1811AE0062F14D120782A
:10C320000009000120707188012001F0C8F8022185
:10C3300068460171C91E018168792A790102114399
:10C3400068461FE0062F0AD06A461279002A1BD0E1
:10C350007088324601A9FDF77AFD0DB0F0BD207856
:10C360000009000120707188012001F0A8F8022165
:10C370006846017168792A79010211436846018192
:10C380000021C9434181E3E70028E6D0748868466C
:10C3900081766978C176022181830021C18304A856
:10C3A00005220090062311462046FFF740FF002893
:10C3B000D3D088A1D6200AF036F8CEE7F7B58CB0F6
:10C3C00015460C990D98F9F7CEF9C0B2082851D14D
:10C3D000002069468885688800230122022100F038
:10C3E000C9FB040004D1FF2074A163300AF01BF8DC
:10C3F00001230021E07822790BE046003619767996
:10C400009E4201D1491CC9B2401CC0B20F2800D1C4
:10C4100000201646521ED2B2002EEED1002902D1C3
:10C4200017206946888504AB02330BAA00950C9946
:10C430000D98F7F73BFC0006000E07D002281BD032
:10C44000032817D0FF205DA1893011E06846808D58
:10C4500000280FD002A901910090688804230122CE
:10C460002146FFF79EFE002804D0FF2053A176301E
:10C4700009F0D9FF0FB0F0BD68781021084368704B
:10C48000F8E70020584902464300401CCA520828D9
:10C49000FAD3704700218170017809090901017000
:10C4A00000214170C1700171704770B50D460023C5
:10C4B0000122022100F05EFB040004D1FF203FA115
:10C4C000CF3009F0B0FFA0786906C009C001490E5D
:10C4D0000843A07070BD704710B50146012000F000
:10C4E000EEFF10BD3EB58DB2002301220221284689
:10C4F00000F040FB040004D1FF2030A1E43009F03B
:10C5000092FF20786946000900012070022008701F
:10C5100036488880C88000222846FDF798FC3EBD3A
:10C52000F7B505460078002700090C463E4601286D
:10C5300004D0FF2021A1F33009F075FF287A0328E9
:10C540000CD041201DA1C00009F06DFF0298002C05
:10C55000068001D0278066800020FEBDEA89702712
:10C5600010460A3086B2002C0AD06888A080A889BC
:10C570002081E28020460A30296909F0D6FDE5E7EE
:10C5800002980680E8E7F8B543680246D9799C79B5
:10C59000090221435C7A1E7A25025C88981D354386
:10C5A000241FA14238D11B79022B35D1042D34D060
:10C5B000052D3DD0062D34D0402D19E07372635CFB
:10C5C0006C326361705F636F72652E630000000000
:10C5D000043000007372635C6C326361705F636F80
:10C5E00072652E6300000000000C0020FFFF0000B9
:10C5F00012D3061D0F461446284600F0E9F9082814
:10C600000AD01120207003202072A581E7812661C5
:10C610006078082108436070F8BD001DFFF7CEFE6A
:10C62000F8BD031D50880A461946FEF7C4FEF8BD42
:10C63000001DFFF716FEF8BD70B50D4600238CB047
:10C6400006461A46022100F095FA040031D02078FF
:10C650000007000F01282ED01220694688746078E8
:10C660000523801CC874082088822888C8826888AE
:10C670000883A8884883E888888302A90C20019150
:10C6800000901A4621463046FFF78BFD00280ED158
:10C69000F02300223146012000F06CFE20780009D2
:10C6A0000001401C20706078801C607000200CB07D
:10C6B00070BDCD48FBE71120F9E770B50D460023AA
:10C6C0008CB006461A46022100F054FA040006D047
:10C6D00020780007000F012803D00820E7E7C248B0
:10C6E000E5E71321684681746178C1740221818273
:10C6F000C58202A906200523019100901A46214611
:10C700003046FFF74EFD0028D1D120780009000106
:10C7100020700020CBE7F3B581B00D460023012245
:10C720000221019800F026FA00260446002803D1D1
:10C73000AE49AF4809F077FE2079A8423BD2AC4819
:10C74000AA49401C09F06FFE35E0E07841000F195E
:10C75000401C7979C0B20091E0700F2801D100200F
:10C76000E0702079401E2071B879C00708D0009889
:10C770000199042815D09D498220183109F053FEF3
:10C78000B8790007410F08D0400F019904280CD058
:10C7900096498F20183109F046FE009807280AD1E3
:10C7A00007E00846FEF784FEEAE70846FEF753FE78
:10C7B000F3E7761CF6B228466D1EEDB20028C4D110
:10C7C0003046FEBD10B500230122022100F0D2F94F
:10C7D000040004D1B5208549800009F024FEE078EA
:10C7E00021794018C0B2E0700F2801D30F38E070F3
:10C7F00000202071A07880210843A07010BDF8B5FA
:10C8000017460D4600231A46022100F0B3F9040032
:10C8100005D0002D0CD0002F07D0062006E0072DF4
:10C8200001D00820F8BD0720F8BD0820A84204D890
:10C830006F486E49423009F0F6FD29462046FFF761
:10C840008BFC0646002F28D0002E26D1E0782179D7
:10C850001CE0420012195379072B03D093791B0770
:10C860005B0F04D0401CC0B20F280CD00CE040007D
:10C8700000198079F12318406B071B0F1843907142
:10C8800000290AD104E00020491EC9B20029E0D1E4
:10C89000574856495A3009F0C6FD3046F8BDF8B53C
:10C8A0000D4600231A46022100F064F9040004D169
:10C8B0004F484E49683009F0B6FD681E052804D37C
:10C8C0004B484A49693009F0AEFD0F21E2782079E2
:10C8D000002310E0560036197779AF4206D1B179BE
:10C8E00049084900B1715B1CDBB21146521CD2B23F
:10C8F0000F2A00D100220646401EC0B2002EE9D108
:10C900000F2905D248000019817901221143817154
:10C910001846F8BD10B50446402801D2072010BDC6
:10C9200000F056F8082802D03120000210BD002186
:10C93000304802E0491C082903D24A00825A002AE2
:10C94000F8D1082903D049004452002010BD04202A
:10C9500010BD10B5402801D2072010BD00F038F8F6
:10C96000082805D00021234A40001152084610BD76
:10C97000052010BDF0B58BB016460C00074607D059
:10C98000002E05D06188402904D207200BB0F0BDED
:10C990001020FBE72088002801D0172801D90C209F
:10C9A000F4E7084600F014F808280FD0258803A8FB
:10C9B0002A463146023009F0B8FB01A8009062888F
:10C9C0002B4607213846FFF732FCDFE70520DDE77D
:10C9D00001460020074A02E0401C082803D2430019
:10C9E000D35A8B42F8D1704702300000BCC500001A
:10C9F000AD020000000C0020F8B50546E54C079E8E
:10CA0000069821706270A370E6702071681C42085D
:10CA10005200E14B0021880000198446C261605C2D
:10CA200040008218002D0AD0002005E0664647002D
:10CA3000F669401CF353C0B2665C8642F6D8491CC6
:10CA4000C9B20529E7D30026D21C9708B000BF0061
:10CA500000198760304600F042F9A15D761C48431A
:10CA6000C219F6B2052EEFD3501B80B2F8BDF0B557
:10CA70000546C84F8C460020FF247E5DA9009646DF
:10CA80000346CF190CE0F9695A008A5AC2498A4212
:10CA900004D1401CC0B2FF2C00D11C465B1CDBB291
:10CAA0009E42F0D86146002909D100280BD0002D04
:10CAB00007D0B84949788E4203D2401EC0B2002840
:10CAC00001D071460C70F0BD70B5B24C8D000023E2
:10CAD0002D19615C09E0EC695E00A45B844202D11F
:10CAE0001370012070BD5B1CDBB29942F3D80020AB
:10CAF00070BDFEB51C4617460D46060008D0002D39
:10CB000006D0F01C80088000B04203D01020FEBD8B
:10CB10000E20FEBD002F03D0002C01D0A74201D96A
:10CB20000720FEBD0094234622463946002001948A
:10CB3000FFF762FF2988814207D0814201D2042198
:10CB400000E0092128800846FEBD009423462246C5
:10CB5000394630460194FFF74FFF28800020FEBD84
:10CB600010B5044600F0C5F8002801D0E0B210BDB1
:10CB7000FF2010BDFFB50546874881B01E460C4614
:10CB8000854204D0052C02D20398022802D300204B
:10CB900005B0F0BD002769460F7028466A46214659
:10CBA000FFF792FF00280ED068460178204600F07B
:10CBB000A8F8002EECD00028EAD1284600F099F819
:10CBC000002809D103E03846002EF6D1E0E7FF2027
:10CBD00072A15C3009F027FC21462846039A00F038
:10CBE0009CF8D5E7F8B505460C4600206A4E694624
:10CBF0006E4F0870B5423BD0052C01D30720F8BD1D
:10CC00000A4621462846FFF75FFF002830D06846D5
:10CC10000178204600F075F8230009F0F5FC0504C2
:10CC2000090C11161B0001462846FEF7D5FA15E03F
:10CC3000FDF7E0FA12E001462846FFF74CFC0DE054
:10CC400001462846F6F7B5FF08E001462846F8F702
:10CC500012FC03E056A17B2009F0E5FB4D4A684633
:10CC6000A10000788918C96940000E520020F8BD63
:10CC70003846F8BD524A1268914201D210207047DE
:10CC8000052801D3072070470872002048727047BA
:10CC9000F8B504464A480068844201D21020F8BD25
:10CCA000207A3C4A83009B18617A3B4D125C11E06C
:10CCB000DE694F00F65BAE420AD04A1C6272DA6946
:10CCC0004B00D25A228000F01CF860600020F8BDB2
:10CCD000491CC9B28A42EBD861720520F8BD0EB575
:10CCE000384B40000ECB0091029301926946085ADE
:10CCF0000EBD28494978814201D9012070470020A2
:10CD0000704770B50C460546FFF7E9FF214AA900B8
:10CD1000891889686043401870BDF8B50C4606460E
:10CD200000206946134608706A4619462046FFF7F8
:10CD30009EFE002500282BD0164A6846A1000078E8
:10CD40008918C96940000E52684601782046FFF7ED
:10CD5000D8FF0546230009F057FC0504090C0F1401
:10CD6000170029463046FEF713FA11E0FDF720FAC6
:10CD70000EE0FFF78FFB0BE029463046F6F7E0FEAA
:10CD800006E0F8F771FB03E009A1622009F04BFB14
:10CD90002846F8BD100C0020FFFF00007372635C92
:10CDA000686F73745F636D2E6300000002300000D3
:10CDB0007372635C686F73745F636D2E6300000051
:10CDC000280000206C67010010B5014620220948A8
:10CDD00009F0ABF907490020C877084610BD06499D
:10CDE000012048610548064A0168914201D10021AD
:10CDF00001607047400C00200005004078000020D2
:10CE0000BEBAFECA8107C90E002808DA0007000F63
:10CE100008388008C24A80008018C06904E0800891
:10CE2000C04A800080180068C8400006800F704724
:10CE3000BD4948788978884201D3401A02E021220E
:10CE4000511A0818C0B27047B74923314878897819
:10CE5000884201D3401A02E02122511A0818C0B2B8
:10CE60007047B149463148788978884201D3401AE1
:10CE700002E02122511A0818C0B27047A94910B522
:10CE80000C310868FF22120290430122D2031043A2
:10CE90000860A54900202331487088702339487004
:10CEA0008870463148708870A04808F0C8F89F48DC
:10CEB000401C08F0C4F8F5F741FC00F028F910BD5B
:10CEC00020207047B4E770B50C4605460026FFF7F2
:10CED000AFFF9549A04214D30A46203A00232046CA
:10CEE000641EE4B200280BD08878105C2870887823
:10CEF0006D1C401CC0B288702128F0D18B70EEE709
:10CF0000012600F004F9304670BD202070479BE7F1
:10CF100070B50C4605460026FFF796FF824923317F
:10CF2000A04214D30A46203A00232046641EE4B2ED
:10CF300000280BD08878105C287088786D1C401C05
:10CF4000C0B288702128F0D18B70EEE7012600F086
:10CF5000DEF8304670BD202101700020704710B50A
:10CF60000446FFF77EFF2070002010BD70B50C4610
:10CF70000546FFF776FF6C494631A04215D30A46B5
:10CF8000203A00232046641EE4B200280BD08878A3
:10CF9000105C287088786D1C401CC0B288702128F5
:10CFA000F0D18B70EEE7002400E0614C00F0AFF8A8
:10CFB000204670BD70B50C460546212904D9FF20D6
:10CFC0005CA1473009F02FFA55484068103840B24C
:10CFD000FFF718FFC6B20D20FFF714FFC0B286425C
:10CFE00007D2FF2053A14D3009F01DFA01E0F5F7FB
:10CFF000E8FB21462846FFF766FF0028F7D070BD02
:10D00000F8B507464948484C401E474E007825462B
:10D0100046362335002806D1A9786878212200F009
:10D020006BF800280ED0A1786078212200F064F817
:10D03000002814D0B1787078212200F05DF8002823
:10D0400028D033E038496878C91C0F546878401CF0
:10D05000C0B26870212829D10020687026E03249CA
:10D06000607820390F546078401CC0B2607021286D
:10D0700001D1002060702D4F7F1E3878002815D018
:10D08000A1786078212200F037F800280ED0002027
:10D0900038700BE02449707826310F547078401CAA
:10D0A000C0B27070212801D100207070A978687812
:10D0B000212200F021F800281DD0A17860782122DB
:10D0C00000F01AF8002816D0B1787078212200F00C
:10D0D00013F800280FD0F5F756FB144807F0B7FFF8
:10D0E00001214903884203D016A1C12009F09BF910
:10D0F0000E4807F0C4FFF8BD401C884205D090429E
:10D1000001D1002901D0002070470120704710B5DF
:10D11000064807F09CFF002801D1F5F723FB10BD5E
:10D1200000ED00E000E400E0800C00207D00002025
:10D13000072000007372635C736F635F72616E64DB
:10D140002E6300007372635C736F635F72616E6461
:10D150002E6300000C4908784A78401CC0B2904207
:10D1600000D008707047094A074820BF40BF20BF61
:10D170004178037843701368002B02D103788B4207
:10D18000F3D00020704700007F00002000E200E0A4
:10D19000FEB5F34C07466068FF213E0181552178BA
:10D1A000FF2913D00901083141583246491E08327F
:10D1B00009020192090A805800F0C8F9002802D03B
:10D1C0002478254615E06168207888552770FEBDD3
:10D1D000E34842680198115828010090083010581F
:10D1E00000F0B4F9002806D1DD482C4641680098CB
:10D1F0000D5CFF2DECD1DA4821014068855547547C
:10D20000FEBD70B5D64A04460020157A53680AE080
:10D210000201561C9E5DA64203D10C329A588A42E6
:10D2200004D0401CC0B28542F2D8FF2070BDF8B5D2
:10D23000CB4F3E7801F013FE0146FF2E68D034013B
:10D24000254678680835405900F080F9022802D94F
:10D25000786840595AE0C2494868025D0A70A11CCA
:10D26000425C002A0CD0521E425441590122D20580
:10D2700089180902090A41513046FFF789FF30E059
:10D28000631CC25C0092221D94468258002A10D072
:10D2900001239B029A420FD99205920D43595703DD
:10D2A000DB191B021B0A43516346C3589A1A920AA0
:10D2B00009E0FF21C1540AE0435952039A181202AF
:10D2C000120A4251002242543046FFF761FFA4483F
:10D2D0000C344168C26800980959800012580098BF
:10D2E00090479F4C2078FF2812D001F0B8FD0146EE
:10D2F0002078626800010830105800F027F90128F2
:10D3000096D92078616800010830085801F09AFD2C
:10D31000F8BDF8B51C4615460E460746FF2B03D34D
:10D3200090A1D32009F07FF88D48FF21C7604560A8
:10D3300004720674017000224270104604E002017B
:10D34000521C401CA954C0B2A042F8D3F8BD70B51D
:10D35000834C06466578207C854203D381A1E62074
:10D3600009F061F8E068A90046506078401C6070E0
:10D37000284670BDFFB581B01D46FF2401F06FFD4A
:10D38000774F064679780198814203D875A1F42039
:10D3900009F049F872480021037A406810E00A0158
:10D3A0009446521C825CFF2A24D0019FBA4205D1C8
:10D3B00062460C328758029A97421DD0491CC9B266
:10D3C0008B42ECD8FF2C17D021014B1C019AC25480
:10D3D0000B33029AC250039B614F0022012B0ED0E7
:10D3E0000B1DC25001239B029D4216D9AA05920D26
:10D3F00008D008E00C46E1E7FF2005B0F0BD0B1DAA
:10D40000C550EFE71A4653039B190E461B02083618
:10D410001B0AAA1A8351920A09E0002D00D10125A6
:10D420006B039B191D022D0A0B460833C550891C3E
:10D4300042543D463E782046FFF7AAFE2878B04287
:10D4400015D001F00CFD014628786A68000108300B
:10D45000105800F07BF8012807D928786968000186
:10D460000830085801F0EEFC01E0FFF7E0FE0198FB
:10D47000C3E770B50C46054601F0F1FC06462146AF
:10D480002846FFF7BEFEFF2817D0354D0401204681
:10D49000696808300858314600F058F8012109033E
:10D4A00040186968A41C095D400B002901D089025D
:10D4B0000818002800D1012070BD002070BDF3B510
:10D4C00081B00F460198FFF79CFEFF282AD0244D1B
:10D4D0002E7869683246344604E0844205D02646F8
:10D4E0002301CC5CFF2CF8D11CE0FF2C1AD0A64203
:10D4F0001FD11001085C2870FF2818D001F0AFFC84
:10D500002A780146120168680832805800F01EF837
:10D51000012809D92878696800010830085801F005
:10D5200091FC06E00020FEBDFFF781FE01E001F066
:10D5300091FC39460198FFF79CFF22016968FF239F
:10D54000541C0B558A5C3301CA54FEBD401A0002BC
:10D550000121000AC905884200D900207047000057
:10D56000CC0C00207372635C736F635F74696D65CC
:10D57000722E6300F0B500241C4A01211C4B0803E5
:10D58000546018601B4B1C601B4C20601B480469D6
:10D59000E443E406E617046910252C430461184CA3
:10D5A0006160184D2960761C00E020BF1F68002FC5
:10D5B000FBD0002E03D107691026B743076190689E
:10D5C0008005906801D5104A10436960A160002170
:10D5D00019600121084A09031160F0BD10B5044625
:10D5E000FFF7C8FF2060002010BD000000C500400C
:10D5F00080E100E000C1004080E200E000ED00E0DA
:10D6000000C3004000C0004000FCFFFF70B51F4990
:10D610000A68002A17D000231D4601244A68521CBC
:10D620004A60092A00D34D600E792246B2400E6846
:10D6300016420AD072B60B6893430B6062B6496813
:10D640000160002070BD052070BD5B1C092BE5D377
:10D650000FA1362008F0E7FEF5E70120104980050C
:10D6600008607047EFF31081CA07D20F72B601212C
:10D6700081400648036819430160002A00D162B660
:10D68000EBE7024800210160416070478400002000
:10D690007372635C736F635F6576742E6300000062
:10D6A00000E200E001208107086070470120810747
:10D6B000486070471048C068C00700D0012070471C
:10D6C0000D488068C00700D0012070470A484069B3
:10D6D000C00700D0012070470748C069704706495D
:10D6E0008A69D20306D589698907890F814201D1E8
:10D6F000012070470020704700040040F8B5F84C46
:10D70000207BE17A88421CD00126F64D0027E07A82
:10D71000215C14200A4642435019037C052B11D08A
:10D72000037C062B1CD0037C072B28D0437C012BC9
:10D7300033D0EDA1EF4808F076FE207BE17A8842F5
:10D74000E5D1F8BD0674E07A0A2807D0E07A401CDB
:10D75000E072491CC8B2AA5802210CE00020F7E789
:10D760000674E07A0A2808D0E07A401CE072491C6E
:10D77000C8B2AA5803219047DFE70020F6E70674F5
:10D78000E07A0A2807D0E07A401CE072491CC8B24F
:10D79000AA580821EFE70020F7E74774E07A0A2843
:10D7A00007D0E07A401CE072491CC8B2AA58072191
:10D7B000E1E70020F7E770B50024CF4E0620707235
:10D7C000CE4825464477047738300473C472CC4879
:10D7D00007F035FCCB480575F572CB49601E8860B3
:10D7E0007571B570F57035717570C848643905701C
:10D7F00045701420604340180574641CE4B2052C85
:10D80000F7D30120F5F764F80020F5F761F801205F
:10D81000B071F4F727FDBE48F4F736FDBD4C20701B
:10D82000BD48F4F731FD6070F4F7F2FF70BD10B53C
:10D83000F5F719F8B74C2078F4F744FD6078F4F761
:10D8400041FDAD4C207A002803D0F4F7CAFD00203A
:10D85000207210BD70B5A84CA079002804D0A2A1F8
:10D86000AE4808F0E0FD70BDE07A002803D19EA12B
:10D87000AB4808F0D8FD0126A6710025E572607A54
:10D88000042114225043974A801801749E488168ED
:10D89000491C04D0691E81600120F5F719F80020A9
:10D8A000F5F716F8F4F7FAFF07F00AFDF5F7FBF8BD
:10D8B0009C480560056001209B49C0030860F5F79E
:10D8C00071F992480078022804D0032804D1E07846
:10D8D000002801D0A67000E0A570F5F7D0F870BD63
:10D8E000034680490520142242435218203A127FF1
:10D8F000002A04D0401E0006000EF4D17047142206
:10D90000424351180A46803AD366012220390A77E9
:10D910007047012805D0032805D1002903D1002034
:10D9200070470029FBD010B4734C00236370774A12
:10D93000002890700CD002280AD007291AD20800BB
:10D9400078440079001887441505070D0F1113005E
:10D95000D37003E01B2000E03A20D07001206070FB
:10D9600010BC70475820F8E77720F6E79620F4E7D8
:10D97000B520F2E710BC0020704710B5634840782E
:10D98000F5F798F880B210BD411E1422504310B52F
:10D99000544A8418203C042902D8207F002803D14F
:10D9A00051A1624808F03FFD207F012804D0B32038
:10D9B0004DA1800008F037FD0020207710BD70B524
:10D9C0004E4C607F217F884201D1012500E0002577
:10D9D000F5F709F8F5F76EF8617F227F914201D1E2
:10D9E000012100E00021A942EBD170BDF7B5074647
:10D9F000481E84468EB0C0B2142205905043394A66
:10DA000085180495287C2D1D07282AD1344C002622
:10DA1000E07A227B824221D0235C059A934201D195
:10DA2000012601E0002E04D00A2811D0421CA25C7D
:10DA300022540A280ED0401C227BC0B28242EBD175
:10DA4000002E0BD0207B002806D0207B401E04E057
:10DA50000022ECE70020EFE70A202073049A01205F
:10DA600010746046244C042813D8142041431D48E8
:10DA700008182038007F00280BD00498007C01286B
:10DA80000BD00498007C012803D01098807A0128DC
:10DA900007D015A1264808F0C6FC1098807A012806
:10DAA0006FD104980F4B007C022845D00C4C207B92
:10DAB0000A2872D0207BE17A401C884203D10AA157
:10DAC0001C4808F0B0FC049901204874217B05989B
:10DAD0006054207B0A2864D0207B401C20731CE10A
:10DAE000D80D0020E80D00207372635C72656D2E06
:10DAF00063000000CF0500006C0E0020A00D002088
:10DB0000780E0020C00D00204C0E00208E0000205A
:10DB10002FD200008C000020FDD600007D02000006
:10DB20005E02000000F5004080E200E0CB02000051
:10DB30001503000022030000607A059A0146904216
:10DB400006D0014614267043C018807C9042F8D15C
:10DB5000627A824208D1617A14225143C918897CC1
:10DB600061720121A17207E014224243D2181426E7
:10DB70007143927CC9188A74142206215043C0183C
:10DB800081741098007A062819D201007944097925
:10DB900049188F440812100E0C0AE07A00288ED023
:10DBA00091E700209AE700200FE0B4200DE07320F9
:10DBB0000BE0322009E00A2007E0062005E0FF2004
:10DBC000FDA1E03008F02FFC0020029010980168C1
:10DBD0000298081A28601099097A002912D00221A7
:10DBE000401A0102090A296010980268406810185A
:10DBF0000002000A68601098807A0228109803D00A
:10DC0000007B74E00421EBE7007A002813D00222A5
:10DC1000029810188446109842686046083016181A
:10DC2000E848029A4078904202D9E278002A04D06B
:10DC30003046083005E00422EAE7029A801A80198B
:10DC40000830627A062A1CD0627A14235A43DE4BCB
:10DC5000D2185268914214D0DC4B0793617A142297
:10DC60005143D94A89184A688968D21BC91B1202D4
:10DC70000902120A090A90423AD89A4238D89942BF
:10DC800036D83818801B0002000A286010996044BA
:10DC9000CF4AC9680002000A9446421A01239B0534
:10DCA00007929A4201D2104614E00A1A09929A4247
:10DCB00001D207980EE0079A6346624503D9591AC4
:10DCC0000818401C06E0099A624506D9181A40183F
:10DCD000401C4042002860DC03E0B7A1BD4808F0CA
:10DCE000A2FB286880190002000A686000202872E0
:10DCF0006868082608300002000A68601098407AB8
:10DD0000A8721098007A687203280ED200280CD0EE
:10DD1000FFF7D0FC002803D007E0002011B0F0BDD1
:10DD200002983A210E1A32200290A6480178012961
:10DD300001D0032909D141780298814205D9E078C0
:10DD4000002802D10298081A861928689F4AC01B29
:10DD5000844601026868090AC01B03021B0A029379
:10DD60008E421AD81346914217D80299994214D874
:10DD7000617A062915D0667A6146062203920092DE
:10DD80001422914B7243D2189368DB1B8B4216D836
:10DD90000396967C062EF3D177E0059801F055F9AD
:10DDA000BBE70499022205980A74627A062A00D019
:10DDB000627A8A7460720120A07211B0F0BD062EE2
:10DDC00063D000223146944614227F4B4A43D21836
:10DDD0005368DB1B834229D2917BAB7A99421FD8CF
:10DDE00004980521059C01747B4D287B0A2811D0DD
:10DDF000287BE97A401C884203D16FA1774808F05C
:10DE000012FB287B2C54287B0A2807D0287B401C37
:10DE1000287382E7E87A0028EFD0F2E70020F7E7DE
:10DE200001218C46917C0629CED102E06046002873
:10DE30002AD03546009114202A46424362480621E2
:10DE4000171839741038007B0A28634816D0017BF4
:10DE5000C07A491C814203D157A1614808F0E3FA16
:10DE60005D48017B4554017B0A290BD0017B491C8D
:10DE70000173BD7C0098A842DDD106E0C07A00287D
:10DE8000EAD0EDE70021F3E70096049902204E4D19
:10DE90000874607AB04207D1049900988874059894
:10DEA00060720120A07221E00398062E0FD0062890
:10DEB00003D141A14B4808F0B6FA0398142250430D
:10DEC0004019059981740499009888740EE0062819
:10DED00003D139A1444808F0A6FA0398142250430C
:10DEE000401905998174049906208874012011B0A5
:10DEF000F0BD70B50D463D4A441900210B46101A7D
:10DF00008B4103D22CA13A4808F08DFA394885425A
:10DF100003DD29A1384808F086FA3848854203DA3B
:10DF200025A1374808F07FFA3648844205DA002CEC
:10DF300001DB204670BD334800E03348201870BD37
:10DF4000401E70B5C0B2142148431F494418607B7D
:10DF5000062813D201007944097949188F44020C2C
:10DF60000A080604002068E0B42010E073200EE0E8
:10DF700032200CE00A200AE0062008E0FF200EA173
:10DF8000E03008F050FA617B0020002955D00221D2
:10DF90004018616840180002000AF4F78BFD0C2558
:10DFA0006557124A441900210B46101A8B412FD293
:10DFB00001A10F482AE000007372635C72656D2E48
:10DFC000630000008E000020E80D0020FFFF3F00EE
:10DFD000FFFFFF000E070000D80D00200702000021
:10DFE000C5030000DD030000E3030000FF7F841E83
:10DFF000F50300000020A107F603000000E05EF832
:10E00000F70300000080841E00807BE108F00BFA1B
:10E01000FB48854203DDFB49FB4808F004FAFB4856
:10E02000854203DAF749FA4808F0FDF9F9488442D5
:10E0300007DA002C03DB204670BD0421A8E7F54871
:10E0400000E0F548201870BDF0B5064683B0F348EF
:10E050000190457A029534687068001B0702F04809
:10E060003F0A001B0090062D2DD014202946414365
:10E07000EC480122081884464168E9489205864622
:10E08000081B904210D3631A93420DD30246704688
:10E09000724503D900984018401C05E073450ED91D
:10E0A000411A0819401C404200280CDA60460295CB
:10E0B000857C0198C0790028D5D003B0F0BDD14946
:10E0C000D94808F0B0F90298854226D01421484377
:10E0D000D4490123401802908068D1499B058C46A1
:10E0E000011B8646994210D3221A9A420DD36346E9
:10E0F000614503D900997144491C06E019466245FF
:10E100002DD9091A0819401C4142002905DD029841
:10E11000B17A807B814200D37446062D15D0C14967
:10E120001420454368184268121B1202120ABA42B0
:10E130000BD2B37A827B934200D38468857C0198AA
:10E14000C0790028B9D1062DEAD13068A042B4D0F8
:10E15000E0190002000A3460706003B0F0BDA94904
:10E16000B14808F060F9D8E7F0B5B049044648680E
:10E1700085B0C005C00D1CD0103840B200280CDAA4
:10E180000207120F083A920892005118C9698007D5
:10E19000C00EC1400806800F09E08108A44A89002A
:10E1A000891809688007C00EC1400806800F002842
:10E1B00008D000272078002806D0012804D00020AD
:10E1C00005B0F0BD0127F5E72079062813D201003C
:10E1D0007944097949188F44020C0A080604002082
:10E1E00018E0B42010E073200EE032200CE00A208A
:10E1F0000AE0062008E0FF208249E03008F013F929
:10E2000021790020002905D002214618834D002FD6
:10E2100002D003E00421F8E70020E871694602AA71
:10E22000A068F4F751FC694608228A56E06801A903
:10E2300080180122C01C1F2801DA019209E003AAFC
:10E24000F4F742FC6846007B002802D00198401C8D
:10E25000019000990198401808300002000A0190CE
:10E26000881B0002000A0090607969468872009855
:10E270000390F4F7B8FB009A019B121A181A6D4923
:10E2800012020002120A000A8A4216D8884214D8E2
:10E290006846FFF7D9FE00990398814205D0881996
:10E2A0000002000AF4F706FCA0600120E9790029C9
:10E2B00086D0002FB0D005B0F0BD0020F6E7F3B552
:10E2C0008FB05D480C460B9006F0C1FE5B4A0F997B
:10E2D000524F56185A4D203E00280BD05948007D09
:10E2E000002803D058A15B4808F09DF82078012849
:10E2F0007ED060E1687F0A280CD0687F297F401CAF
:10E30000884203D150A1544808F08DF820780128A4
:10E3100004D00CE0287F0028F4D0F7E7F07F002835
:10E3200003D049A14D4808F07EF80120F077697FBD
:10E330000F9814224A4E51438919087420780228F4
:10E3400022D0687F14214843861920793072607981
:10E35000707232460C323146A068F4F7B5FB0C20DF
:10E3600030560F2804DD1F3830733068401C306091
:10E370000C217156301DE26801905018C01C1F28F6
:10E3800070DA01200199FDE028494868C005C00DF8
:10E3900021D0103840B200280CDA0207120F083AD8
:10E3A000920892005118C9698007C00EC140080642
:10E3B000800F09E081081E4A8900891809688007D2
:10E3C000C00EC1400806800F002804D105201EA100
:10E3D000000208F028F8687F1421484386190021BC
:10E3E000E0686A460691117006A9F4F76DFB00E03B
:10E3F000D7E06A46002010560F2834DD012033E0B4
:10E400000020A107B8DF0000F603000000E05EF87E
:10E41000F70300000080841E00807BE16C0E00206A
:10E42000FFFFFF00E80D00200E07000000ED00E0F8
:10E4300000E400E0FFFF3F00780E00209200002083
:10E44000A00D0020C00D00207372635C72656D2EFC
:10E450006300000011050000EF040000F404000058
:10E46000E00C002082E0002006994018079002206E
:10E47000B0722079307260797072A068311DC01C52
:10E4800006911F2801DA012009E0F4F71DFB684618
:10E490000078002804D0069806990068401C08609F
:10E4A000307A062813D201007944097949188F443B
:10E4B000020C0A08060400200FE0B4200DE07320CF
:10E4C0000BE0322009E00A2007E0062005E0FF20EB
:10E4D000FD49E03007F0A7FF00202179002943D053
:10E4E00002214018069071680830081807990890B2
:10E4F00009180698081A0C900020F871F4F773FABE
:10E5000004463060079820180002000AF060787A0C
:10E51000062825D0797A14204143EC480818406831
:10E520000899029040180002000A0390707A694628
:10E53000887402A8FFF788FD0299039A091B121B31
:10E5400009021202E24B090A120A0C98994207D8F2
:10E55000824205D80299069808180002000A306025
:10E56000F8790028C8D110E00421BAE704AA01997B
:10E57000F4F7AAFA6846007C002804D001980199B3
:10E580000068401C08602078B072687F0A2806D0B6
:10E59000687F401C68770B9806F071FD47E000200B
:10E5A000F8E7F07F002804D0A320CAA1C00007F03C
:10E5B0003AFF0120F077CA490F98087420780228A2
:10E5C00003D1C4A1C74807F02EFFC54E2079307291
:10E5D0006079707232460C323146A068F4F774FAF2
:10E5E0000C2030560F2804DD1F3830733068401C73
:10E5F00030600C22B256301DE16801908818C01CB2
:10E600001F2802DA012001990BE003AA0199F4F70F
:10E610005BFA6846007B002804D0019801990068E5
:10E62000401C08602078B072AD4901200875687FF1
:10E63000297F884224D07C7A062C23D0F4F7D3F9A2
:10E6400014214C43A14961180A7C042A18D00A7C81
:10E65000032A15D04B6889681B1A081A1B0200028E
:10E660009B4A1B0A000A082B0AD31146934207D87B
:10E67000884205D8687F297F884201D0F4F7FFF9E6
:10E6800011B0F0BD687F297F8842F7D111B0F0BD8D
:10E6900010B50020F4F709F910BD10B50120F4F70A
:10E6A00004F910BDF1B5009802281ED08E4C607A96
:10E6B000062803D187A18D4807F0B5FE0026A67174
:10E6C0000125E572607A03211422804F5043C0195E
:10E6D0000174F4F7D9F9009800280BD0012829D04B
:10E6E000032879D07BA1824844E082480078F3F780
:10E6F000EFFDF8BD8048007F002803D075A17F485A
:10E7000007F091FE65717C4D00202E60F4F7E0F873
:10E71000A968481C04D0012300221846F4F70EF91A
:10E72000607A617A401CC0B2142251437A580121A8
:10E730009047F8BD0120F4F7CBF8607900280DD0A0
:10E740006D488068401C09D0607A617A401CC0B274
:10E75000142251437A5806219047F8BD6648007F3D
:10E7600001280AD0022812D0032822D0042834D04D
:10E7700058A1634807F057FEF8BD2079002803D060
:10E780002671F4F786F9E5705B480677F8BD207AC4
:10E79000002802D1F3F7FCFD2572607A617A401CF3
:10E7A000C0B2142251437A5800219047524806774C
:10E7B000F8BD514F0123397B78680022411A184671
:10E7C000F4F7BCF82079002803D02671F4F761F93A
:10E7D000E57002203877F8BD19E0474E217870685F
:10E7E0000123411A00221846F4F7A8F8207A0028DD
:10E7F00002D1F3F7CDFD2572607A617A401CC0B278
:10E80000142251437A58002190473577F8BD607A39
:10E81000617A401CC0B2142251437A5805219047B6
:10E82000F8BD10B5304C607A062803D129A13548CF
:10E8300007F0F9FD607A617A401CC0B2142251439E
:10E84000224A52580421904710BDF0B583B00620EB
:10E850000290F4F7C8F8244C0090617A2A4801909D
:10E86000062920D0617A1420414318480918097CF0
:10E87000042918D0617A142251430818007C032817
:10E880007BD0019900980B6849681B1A081A1B0273
:10E8900000020F4A1B0A000A082B6ED3114693424E
:10E8A0006BD8884269D814488068401C03D009A1FD
:10E8B000164807F0B8FD00206071607A06282CD158
:10E8C0006078002829D023E0B8DF0000E80D0020A0
:10E8D000FFFF3F007372635C72656D2E6300000082
:10E8E000C00D00201E0500006C0E00204F0500002A
:10E8F000A20500008C0000204C0E00205B050000EB
:10E9000096050000A90500005C0E0020E50500004A
:10E91000FE48C178417081780170607A062815D070
:10E92000607A1421FA4A48438018007C04280DD1EB
:10E93000607A0290607A0121142358438018017490
:10E94000607A58438018807C6072A172F14D687FB4
:10E95000297FF14F884233D0F04E287F142148435D
:10E960008019007CC05D0128287F07D048438019AA
:10E97000007CC05D02282FD044E0FDE11421484313
:10E980008019807A01280AD0287F0221142250435E
:10E990008019007CC155287F0A2808D009E0287F0B
:10E9A0000021142250438019007CC1552AE0002028
:10E9B00001E0287F401C2877687F297F8842CCD1DE
:10E9C000D74D287D00284CD0287CC15D012928D056
:10E9D000C05D022830D03AE0287F142148438019D6
:10E9E000807A012803D0CFA1D14807F01CFD297FF0
:10E9F00000201422514389198872297F51438919B3
:10EA0000097CC855287F142148438219287F484330
:10EA10008019017C0098FEF7E9FF287F0A28C8D1F9
:10EA2000C5E7A97A012904D00221C1550020287523
:10EA30000DE00021C1550AE0A87A012803D0B9A150
:10EA4000BC4807F0F0FC0020A872297CC855287D3E
:10EA5000002806D0297CB24A0098FEF7C7FF0020A4
:10EA60002875029806281ED014214843A84940184A
:10EA7000017C012917D107210174AF4D287B0A2899
:10EA80003CD0287BE97A401C884203D1A5A1AB4841
:10EA900007F0C9FC297B02986854287B0A2831D0EA
:10EAA000287B401C2873607A06287DD0A07A002835
:10EAB0007BD00020A072617A1420414394480E1844
:10EAC0009F49B56873680A46F6687C32CB679660E2
:10EAD00055609C4D697E002916D00226617A142269
:10EAE0008B4851430818407B06281BD2010079440B
:10EAF000097949188F440A1412100E0CE87A00287C
:10EB0000C4D0C7E70020CDE70426E7E700210FE0E7
:10EB1000B4210DE073210BE0322109E00A2107E066
:10EB2000062105E0FF208849E03007F07CFC002149
:10EB30002973687E022801D0012810D12869009A23
:10EB40004018821A1202120A3A2A08D932380321CE
:10EB500000026976000A28613220287308E0322911
:10EB600006D2207A00280AD1F3F712FC012005E032
:10EB7000207A002803D0F3F734FC00202072634988
:10EB80000822487820700978012901D0032906D18C
:10EB900001212171297B884201D9421A0832A378C8
:10EBA000002B00D0921C01E08DE09BE02179002930
:10EBB00001D1002B5DD09446644A00990092019ADD
:10EBC000176852687F1A511A3F0209023F0A090A60
:10EBD000BC451BD85D4A974218D8009A914215D877
:10EBE000297B884223D92B69421A9A1A1202120AE7
:10EBF000101880190002000A2A616860002914D0E8
:10EC0000032028770006000E3ED14CE00020207142
:10EC1000A070297B002925D028694018801900029E
:10EC2000000A6860022028772EE00120E9E781428F
:10EC30000BD92A69511889190902090A6960002843
:10EC400001D00420DDE70220DBE7002B03D135A152
:10EC50003F4807F0E8FB286980190002000A686055
:10EC6000002004E0296989190902090A69602877E6
:10EC700019E0287B00280FD02969081880190002A4
:10EC8000000A686002202877286901238119002280
:10EC90001846F3F753FE09E0286980190002000ABC
:10ECA0006860002028770120F3F712FE607A1421B3
:10ECB000484317490C2240188256012300206968F6
:10ECC000F3F73CFE0EE00120F3F702FE0020F3F71D
:10ECD000FFFDF3F7E3FD207A002803D0F3F781FB73
:10ECE00000202072A078002804D0F3F7D2FE002084
:10ECF000E070A0706078002804D00448C1784170AA
:10ED000081780170207900282BD023E08E0000202C
:10ED1000E80D0020A00D002091000020E00C002054
:10ED2000C00D00207372635C72656D2E630000007D
:10ED30000706000023060000D80D0020350600005D
:10ED4000E00D00204C0E0020B8DF0000FFFF3F0068
:10ED5000870600000020CF49E0700978002900D123
:10ED60002071CD48017BC07A814203D0CB484078E6
:10ED7000F3F7AEFA0120E07103B0F0BDF0B5C84C76
:10ED80000746607A83B0062803D1C6A1C84807F0B9
:10ED90004AFB607A1421C74E48438019007C03283F
:10EDA00003D0C0A1C44807F03EFBC44DA868401C76
:10EDB00003D0BCA1C24807F036FB607A1421484357
:10EDC00081190C20085600216A4600911171C01962
:10EDD00001AA6946F3F778FE6A46042010560F2808
:10EDE00001DD012000E0002000994018696840180A
:10EDF0000102090AA9606079002804D001230022D9
:10EE00001846F3F79BFD03B0F0BD70B5AE4CAD4AAC
:10EE10000B1AA34214D3451AA54211D3934203D926
:10EE2000101A43185B1C0BE0954204D9511A0818BC
:10EE3000401C434204E0A549A54807F0F4FA00232A
:10EE4000184670BD10B50146012300220220F3F7D9
:10EE500075FD10BD10B50220F3F73AFD10BD10B5D9
:10EE6000F3F7C1FD10BDF0B58D4D0446E87A83B0CF
:10EE7000002803D18BA1974807F0D5FA642C4DD315
:10EE8000954900200246091B824147D39348417FA0
:10EE9000007F814242D19248007D00283ED1687AAD
:10EEA0001421844F4843854EC519306801AA0019C2
:10EEB0006946F3F709FE694604200856002802DD7A
:10EEC0000098401C0090A96800986B680A18D21A34
:10EED0001202844B120A9A4220D8AA7C062A08D031
:10EEE00014235A43D2195268511A0902090A81425D
:10EEF00014D3B068401C05D00120F3F7E9FC0020D2
:10EF0000C043B060306800193060A86800994018AC
:10EF10000002000A7061012003B0F0BD002003B0C0
:10EF2000F0BDF8B50646401EC5B2142061496843DD
:10EF30004418207C002803D15AA16B4807F073FACB
:10EF40006648017F407F81420CD0684A14234B43BE
:10EF50009B181B7CB3420CD00A290CD0491CC9B2A7
:10EF60008142F3D15E48017D002964D0007CB0422B
:10EF700061D10020F8BD0021F1E7217C052905D0F1
:10EF8000217C062902D0217C072928D10121217466
:10EF9000C17A0023027B8A4221D00246565CAE42EF
:10EFA00001D1012301E0002B04D00A2911D04E1C0D
:10EFB000965D56540A290ED0491C167BC9B28E4262
:10EFC000ECD1002B0BD0117B002906D0117B491E00
:10EFD00004E00026ECE70021EFE70A211173617CD1
:10EFE00000292AD06774C17A0023027B8A4224D088
:10EFF000425CAA4201D1012301E0002B04D00A297E
:10F0000012D04A1C825C42540A290FD0491C027B50
:10F01000C9B28A42ECD1002B0FD0027B0146002AF4
:10F0200006D00A7B521E04E00022EBE70021EEE747
:10F030000A220A7301E018480027217C01299CD18B
:10F04000617C002999D10120F8BD70B505461420D6
:10F05000184A05216843801801740F4C207B0A2848
:10F0600011D0207BE17A401C884203D11749204807
:10F0700007F0D9F9207B2554207B0A2807D0207B74
:10F08000401C207370BDE07A0028EFD0F2E700202A
:10F09000F7E700008E000020D80D00208C00002033
:10F0A0006C0E00207372635C72656D2E630000004D
:10F0B000EA060000E80D0020EB0600004C0E0020E0
:10F0C000EC060000FF7F841E0020A107B8DF0000CF
:10F0D0000E0700002D070000FF1FA107A00D002054
:10F0E000C00D0020FFFF3F006A070000E00C002079
:10F0F0000702000070B5FF4D00246C702C70AC61ED
:10F1000000F0CEFC284620304470C473AC6214304A
:10F110002C6305F094FF002804D0FF20F6A14E30A8
:10F1200007F081F92C7770BD0B23DB4310B5C21AB1
:10F13000F54998421FD008DC1C3222D00A2A20D080
:10F14000142A1CD0182A08D117E0083011D004283E
:10F150000DD0082809D00C2805D0FF20E6A1753075
:10F1600007F061F910BD04200CE000200AE0FC204B
:10F1700008E0F82006E0F42004E0F02002E0EC20B3
:10F1800000E0D820C86010BD70B50125DF49022617
:10F190000E60DF490022CA63CD63DE49C96A0907F0
:10F1A0000ED4DC494031CB6ADB4A53620B6B93626D
:10F1B0004B6BD3628B6B1363C96BD30519435163DC
:10F1C000D14C002826D0012828D0FF20CAA1A13088
:10F1D00007F029F9D148A063FF200430606325635C
:10F1E00003202061C849962040314860C1491C2055
:10F1F0000856FFF799FFCB49C9488860C948CA49F2
:10F2000080304160C9490160C9480660C949102081
:10F21000486070BDC8486061C84803E0C848606184
:10F22000C648801FA061D5E770B50C46B14D0146B8
:10F230000622A81C06F079FF2C7270BDAD48203064
:10F2400040787047AB4A517010707047F8B504466B
:10F250000D465079117900020843690009190884A4
:10F260001F461646501C06F0C1FF317800020843C5
:10F27000A90060502846083001268640002F0ED095
:10F28000012F04D0FF209CA1E83007F0CCF8206BC0
:10F29000304301460120A84001432163F8BD206BA3
:10F2A000B043F6E770B50D460446082904D9FF209F
:10F2B00091A1F93007F0B7F80022A24809E09100C7
:10F2C000635809180B6053001B191B8C0B62521CEE
:10F2D000D2B2AA42F3D3206B9A494031086070BD84
:10F2E00010B50446FFF720FF8248047710BD81481F
:10F2F0002030007B704710B5834CC178616206F006
:10F3000075FF0002E06110BD252808D0262808D02E
:10F31000272808D041000A2807D8091D06E0022145
:10F3200005E01A2103E0502101E0891DC9B2764AA7
:10F33000916075494031486170476E4988617047F6
:10F3400070B5002818D002226A4C784B0320A272B4
:10F35000F0331860734D72486860002001262075F4
:10F3600000290BD0012910D002291BD0952062A1C1
:10F37000800007F058F870BD0122E5E77248012AC5
:10F3800001D0466070BD066070BD5A48012A006B0E
:10F3900005D00121490508432063696070BD012142
:10F3A0000905F8E7A069002803D153A1674807F0D1
:10F3B0003AF8A169A06A40186549886059486549CA
:10F3C0008030816060491031C1600120216BC00331
:10F3D00001432163686047482030C67370BD08B59B
:10F3E0000C20694608705148002110380161564AC6
:10F3F000012111610BE000BF00BF00BF00BF00BFD3
:10F4000000BF00BF00BF6A461178491E11706946EF
:10F410000978002902D001690029ECD068460078FB
:10F42000002804D1494834A1203006F0FCFF08BD73
:10F43000F8B53E4CF034206886083E48B600416876
:10F44000C906CD0F10218160002727603549344857
:10F450008860FFF7C4FF35481038076100F020FBD3
:10F460002660002D02D0334910204860F8BD10B549
:10F4700006F0BCFE00022449000AC86310BD2349FF
:10F48000022008602A49086070472049022080391C
:10F4900008607047304908707047164810B534301E
:10F4A00005F0D5FD002804D0284813A15A3006F0F5
:10F4B000BAFF10BD0F4810B5343005F0E0FD10BDA7
:10F4C00011494860704770B50A4D0446A86AA042C9
:10F4D00004D31E4808A16B3006F0A5FF0120287355
:10F4E0001C49002008392C6148601948446000F02C
:10F4F000DEFA70BD7C0E00207372635C68616C5F25
:10F500007263732E630000000015004080E100E08C
:10F51000C01F004080000010001700405B06000084
:10F520000040000400F50140408000401011004000
:10F5300080E200E000130040060102002500030203
:10F5400005010300001600400010004047020000C3
:10F5500040850040488100409700002010B5FF48DA
:10F5600002210173C6210161FD4A00215160806AB8
:10F57000FC49C630486000F09AFA10BD0121FA48F3
:10F5800089058160F548026B8A430021026301739B
:10F590007047F64801214160C160F1490020486090
:10F5A000F0494860ED4988627047F149402008629F
:10F5B000F0490A6802430A607047EE480168402239
:10F5C00091430160EA49002008627047E9480168F8
:10F5D000102291430160E849012088617047E749A2
:10F5E0000020C861E34801681022114301607047A0
:10F5F000E249CA69012A01D000207047DC4A9268BA
:10F600005206520E524202700020C861012070471B
:10F6100070B5D248D24D017B002902D0696801291A
:10F6200009D00024D5490A69012A06D00023807A2E
:10F63000012804D006E00124F4E74023F7E7CA6874
:10F64000012A04D000221A43012802D004E020221B
:10F65000F9E74B68012B05D000231343C84A022861
:10F6600002D007E01023F8E71668012E02D1CE6819
:10F67000012E04D000261E43022802D007E00826EF
:10F68000F9E71268002A02D1CA68012A04D00022D0
:10F690003243022802D005E00422F9E7002C01D011
:10F6A000022300E000231343022807D14868012801
:10F6B00004D16868012801D0012600E00026B14885
:10F6C0001E4302681206120E02D04A69012A00D0B7
:10F6D0000022A24C2034227300680006000E02D0E3
:10F6E0008869012800D000206073A148006A0028C2
:10F6F00003D000F0A8FA012800D00020A07300F089
:10F70000C7F9002068603046F3E670B50C00054686
:10F7100003D19D499D4806F086FEE00706D0012CE6
:10F7200004D06D209849C00006F07DFE002D0ED05B
:10F7300002218A4801294172C4728E4809D00229E7
:10F740000AD0924890491A3006F06DFED1E60121A8
:10F75000EFE70168042201E001680822114301601B
:10F76000C7E670B57D4C0022E37A990701D54107C1
:10F7700014D47A49DD062031002D05DA4D7B002DA9
:10F7800002D08D7B002D09D01D0702D50D78002DEC
:10F7900004D15B0703D54978002900D10122637A9F
:10F7A0007449002B06D00225284010430CD0FFF7E7
:10F7B0003FFE9EE66C4A76489060086880088000AC
:10F7C000086000F06DF994E6012B07D0022B0ED0F3
:10F7D0006E486D496B3006F026FE8AE60868042202
:10F7E0009043086000F05CF90120A07281E608688F
:10F7F00008229043086000F053F9A57279E6574952
:10F8000008757047F8B5554F544D2037FA7B564C64
:10F810000021286B002A31D00122D203A26090433C
:10F820002A46544D10632E685A4A102090600020DA
:10F8300028601014A060FFF7D2FD00F029F92E60B7
:10F84000281460605349102048604448817A4A482F
:10F8500001290DD002290ED04C484FA1801F06F07F
:10F86000E2FD0020F8733D48007D022874D0F8BD09
:10F8700001210160F5E701214160F2E73A4A906019
:10F880000E462963FFF7C4FE044636482E754168CC
:10F8900069620068A862AA7A022A0AD16A78002AF4
:10F8A00007D0334B403B5B681B7813402A789A4360
:10F8B00008D03E70E20708D0084603F04AFD012157
:10F8C000A86A09E001223A70F4E7A10601D50221F5
:10F8D00002E0A10702D5002103F04BFD2448403887
:10F8E00041680622A81C093106F0F2FB002809D164
:10F8F0001F48297A403840680078C009814201D108
:10F90000012000E0002078702046FFF72AFF2648FB
:10F91000007800280DD001284AD002285BD00328A7
:10F9200078D01DA1214806F07EFDA87A022870D06B
:10F93000A3E0A00701D502F0EDFB200702D50120CE
:10F9400002F020FC600702D5002002F01BFCA0069C
:10F95000EBD502F07CFBE8E793E000007C0E002092
:10F96000408100404085004000F50140008000409B
:10F9700040150040001200400010004000110040FF
:10F980000014004040160040F8F40000630300003B
:10F9900000400004001300407372635C68616C5F98
:10F9A0007263732E6300000097000020E6040000DD
:10F9B000A00701D504F0BBFF200702D5012004F009
:10F9C00021FF600702D5002004F01CFFA006ACD583
:10F9D00004F0A4FEA9E7A007BF27002802DA3C40F4
:10F9E000F3F702FB200703D53C400120F3F7FBFAB5
:10F9F000600703D53C400020F3F7F5FAA00602D5D6
:10FA00003C40F3F7EFFA60068FD5F3F7EEFA8CE798
:10FA100000E012E0A00701D5F3F7EAFA200702D5CB
:10FA20000120F3F7E4FA600702D50020F3F7DFFACC
:10FA3000A00690D5F3F7DAFA77E7287B00281CD0E8
:10FA40001F494E6002281FD0012803D01D491E48BF
:10FA500006F0E9FCA96A2869884204D81A481949BD
:10FA6000401C06F0E0FC2969184841600120296B20
:10FA700080050143296316494860287D012800D08C
:10FA8000F5E6F3F7C5FAF8BD2969A86A4118EBE76E
:10FA900010480021C160016141604161816170478E
:10FAA0000D480021417281720121C17270470A48DC
:10FAB0000121026B89050A430263054841607047D2
:10FAC0004081004098F90000FB04000040850040A0
:10FAD00000F50140001100407C0E00202E4800215E
:10FAE00001704170704770B5064614460D460120FE
:10FAF000F1F758FC28490120284B08709E60DC6013
:10FB00001D6170BDF8B504460120F1F74BFC224998
:10FB10000120087021494C60214900264E600321D4
:10FB2000204D0906A960204F002C0AD0012C03D0DB
:10FB30001EA1412006F077FC3E60032000066860AD
:10FB4000F8BD386001200006F9E710B512480178C9
:10FB500000290ED00321134A0906916010494A6812
:10FB60000021002A03D0154A1268427000E041705B
:10FB700001700020F1F716FC10BD0748017800293C
:10FB800007D007484068002802D00C480068C0B27F
:10FB900070474078704700009800002000F5004052
:10FBA00000F1004000F5014000F200407372635C18
:10FBB00068616C5F63636D2E6300000000F40040B9
:10FBC0003A4800210170417010218170704770B572
:10FBD000064614460D460220F1F7E4FB01203349A6
:10FBE000334A0870E41E14619660556070BD10B50C
:10FBF0000220F1F7D7FB2D49012008702D48002184
:10FC000001604160816001202B49C005486010BD42
:10FC100010B5264C2078002811D001202649C005B7
:10FC2000886000F034F80021002804D001206070C2
:10FC30002248006801E061701020A070217000204F
:10FC4000F1F7B0FB10BD10B51848017800290BD0B2
:10FC500018480068002805D000F019F8002800D0E6
:10FC6000012010BD022010BD407810BD10B50F4816
:10FC70000178002909D000F00AF8002803D00F48C5
:10FC80000068C0B210BD102010BD807810BD0948BA
:10FC90000168002905D04168002902D08068002849
:10FCA00001D0002070470120704700009A0000201A
:10FCB00000F5004000F1004000F5014000F4004074
:10FCC000FFB593B0044600201D9E049015981C9D1E
:10FCD0001027082806D0E06901F014F8002809D0A0
:10FCE0003770CCE028880921384328801F980227E4
:10FCF000017016E0E169012088710521E269C902FD
:10FD00009180E1698872E169F9480881E169002020
:10FD10008873288820210843288011211F980427F0
:10FD200001701F980225801C0390307810900A20E3
:10FD30003070204618301190F6F76BFC00206FE011
:10FD40001598102809D1022D07D06846828A049997
:10FD50000398401A8270110AC1706846C08A1699C9
:10FD6000884203D9E349097A149106E0884204D114
:10FD70001099002901D0317021E003990870000A20
:10FD800048701E980088401BC01B83B2FF20C01B18
:10FD9000984200D203460398149AC0190CA9009205
:10FDA000019002912020015D6846C08A0022F6F78A
:10FDB000A5FC3070002806D0C0B2832862D0684607
:10FDC000C08A208345E00F98002805D0C948006804
:10FDD00000790A2830D33CE06846008EC119C9B2C8
:10FDE0000491022D0FD01F99049A4978914203D1B2
:10FDF0006A46128C824209D0BE480491006801789C
:10FE0000032909D027E008461F994870B9480068BF
:10FE10000178042906D008E000790A281BD20120C5
:10FE20000F9009E06946C98A8180039904980818EF
:10FE300003900498281885B205AA14991198F6F72A
:10FE4000EBFB002805D11E980088401BB84200DB60
:10FE500076E7022D0ED01598102807D1049A039941
:10FE60006846808A891A8870000AC8701E980580C2
:10FE7000002030709F4800680078032802D00020DE
:10FE800017B0F0BD0220FBE7F8B50446406B002632
:10FE9000134600282BD0491F8DB2618F2A460832A5
:10FEA000278F8A18BA4221D89A7840185F781102B1
:10FEB00039430170090A41701A79DF781102394318
:10FEC0008170090AC1700571290A41712A46591DBC
:10FED000801D06F02AF9608FAD1D401980B2608741
:10FEE000626B002110180170417000E00926304655
:10FEF000F8BD30B50B88048F9C4212D9446BE018D2
:10FF00004478057824022C430BD0447905792402E7
:10FF10002C436404640CA41D1B190B80106000208A
:10FF200030BD822030BDF7B588B000256846058217
:10FF300005275DE00398417802780E021643417967
:10FF4000027908021043000452D40A980123068063
:10FF500005A802905B02002200970195304609999E
:10FF6000F6F7CCFB04004AD16846018A0183039866
:10FF70004179027909021143437802781C02144343
:10FF8000B4421ED10A041CD44B0401215B0C89032A
:10FF900000950B4301970295C17880780A020243CD
:10FFA00020460999F6F7C6F9040011D1039948795A
:10FFB0000A79000210430122D20310430871000A9B
:10FFC000487103AA06A90898FFF793FF0400CED052
:10FFD0000399009501970295487809780002084333
:10FFE00069468B8A00220999F6F7A4F9822C06D17A
:10FFF00003AA04A90898FFF77CFF04009AD068467A
:020000040001F9
:10000000058209E003984179027909021143490404
:10001000490C0171090A417103AA04A90898FFF764
:1000200068FF0028EED0822C02D020460BB0F0BD35
:100030000020FBE730B50446406B002597B0002850
:100040000DD00B2268460270228F0281606B0391F3
:10005000019000216846F3F7E2FA6846057065638F
:100060006587258717B030BDF8B50F460546696B23
:100070000020069E144600290FD0012B0DD13246D8
:1000800039462846FFF74FFF002806D1002C04D040
:1000900032463946284600F044FEF8BD0022028070
:1000A000C262831D0263C3614263428702872030BC
:1000B0000170704710B50022D24302800420FDF782
:1000C000FEF910BD10B596B00446FFF7B3FF208EC1
:1000D000002808D0012069460870E06A01900021DC
:1000E0006846F3F79CFA0020E062206316B010BD6A
:1000F00001280000B40E00200146098800200A07EC
:1001000000D501200A06120F01D002221043CA05B1
:1001100001D5042210438A0501D510221043490558
:1001200001D5202108437047FFB5A9B00600329DD4
:10013000359C2B981F46229016D0007841060FD48C
:100140008106890E1E2909D021884A05520E0BD13D
:100150003A88172A08D3FE4A914205D0C10906D031
:100160008006800E122802D003202DB0F0BD20465C
:100170002C302690F7492A980872002018AA03907C
:1001800010726A46107404AA0A60339A4A6020AA60
:10019000908090812298007801908106681C1C90C4
:1001A000701F1D902B98890EC21C2492224620326B
:1001B0001B92083A401C02920B0006F025FA1FFD24
:1001C000FD11FD1FFD8EFDFCFDFBFDFAFDF9FDFCA3
:1001D000FDF8FDFDFDF7FDF6FDFDFDFDFDF5FD0066
:1001E000032E76D102E018A9087219E303202870C3
:1001F0001C9917220A7000224A70CFE2052EF0D116
:100200004178027808021043208320A98880249A2C
:100210005178127809021143618300287ED0884208
:100220007CD800202072E080401E60840298F6F79F
:10023000F0F905202870A81C0190022000901BAA4C
:100240002A990298F6F7E8F9002868D118A8807C66
:10025000012803D002206870102002E0012068709D
:1002600002202490002225A91CA8F2F746FD0028B0
:100270002BD120A8007D2499814226D13A8800996B
:10028000801C511A814220DB10A8C18D0198017099
:10029000090A417001991CA8891C01910099019AD1
:1002A000891C009125A9F2F728FD20A8007D01995D
:1002B0001BAA091801910099081880B200902A9988
:1002C0000298F6F7A9F90028CCD00098022826D089
:1002D00064E272E018A9087261E2072E6DD34178DA
:1002E0000346027808021043208320A98880249ABC
:1002F0005178127809021143618300280ED0884298
:100300000CD8012020725879197900020843E08046
:1003100000202073E06900F0F5FC01E098E0A9E01E
:1003200000280ED1E169012088710521E269C90226
:100330009180E1698872E16987480881E16900205C
:100340008873F01F60842298C01D60620298F6F7DF
:1003500060F907202870681C00900120019000209F
:1003600010A9C8852FE00198012814D0E069807990
:10037000012830D000981E38417F007F09020143D8
:1003800000980170090A41700098801C0090019843
:10039000801C80B2019010A8C18D00980170090ADC
:1003A00041700098801C09E00AE296E13BE1DFE041
:1003B00004E29BE077E036E016E2AFE000900198BF
:1003C000801C80B201901BAA2A990298F6F724F9A2
:1003D000002803D007E010A8818DD1E73988019863
:1003E000081A0428BFDA0198012843D0E06980790F
:1003F000012804D010A8818D5548814206D110A84B
:10040000818D00980170090A417009E000981E383A
:10041000417F027F0802009910430870000A48706B
:100420000198801CBAE1072E01D0152E76D14178B3
:10043000027808021043208320A98880249A5178EA
:100440001278090211436183002801D0884201D942
:1004500001203FE7012020720020E0802073052E5C
:100460000AD01D982299E269C0B2491DF2F71FFC1B
:10047000002801D00A202DE70020C04360841AA87C
:10048000019023A9229802970395009100780023F8
:100490008206920E20462A99FFF712FC0390208BC9
:1004A00020A988807BE1032EC0D1402220A98A8127
:1004B0004178027808021043208320A988802A9975
:1004C0001EAB1C9A02930192009139880022491EAA
:1004D0008BB21B990978F6F711F918A90872002850
:1004E00033D10B20287010A8008F3FE0052E9DD13E
:1004F000802220A98A814178027808021043208353
:10050000249984464A78097812020A43628420A911
:1005100088801248824202D30720DBE6AFE03F200A
:100520008002024362842A981FAB1C9902930191B6
:1005300000903888401E83B21B9801786046F6F719
:10054000DDF818A9087200280CD08328AAD107E08A
:10055000FFFF0000B40E002001280000010200008F
:100560000220B8E00D20287010A8808F401C15E1F3
:1005700001990C22C9095143C91CB14204D90198FF
:1005800040067CD5002009E1427803781002184328
:1005900020AA9080844622980078400609D505203C
:1005A0006A46107422980078C00905D000201074A3
:1005B0001DE106206A46107424981F902A9A009024
:1005C0000023701A029383B21E9001921B9800229E
:1005D00001786046F5F7AEFE18A908720022694658
:1005E0000A74832801D102200390229800784006E3
:1005F0000DD52088C00506D520A9208B8988884282
:1006000001D100206062002018A90872C6E0FF2115
:10061000013120A88181808820831E9860841F98E2
:1006200060621320B8E0052E29D3417802780802D1
:10063000104320A98880218F002902D0FE4A9142D0
:1006400006D10A216A4611740121C943218702E0BB
:1006500007216A46117422992A9A491D0192009134
:1006600001221D990023D203029311438BB22499D6
:100670004A78097812020A431B99097800E0C9E018
:10068000F5F758FE18A90872002269460A7401227B
:10069000520220A98A81832808D0002809D0218FFE
:1006A000E54881427ED10020208778E08888208339
:1006B0004DE7606B002808D031462046229AFFF7AC
:1006C000E3FB18A90872002869D12B463A46304648
:1006D000229900F056FB039061E02298022E4078A8
:1006E00001907DD1002801D0012879D108206946E8
:1006F00008740198087521A800901B9800220178C1
:100700002046019BFFF7B0FC6946002248758A75B8
:10071000002802D10198012809D0208F002806D096
:10072000002008740120800220A988810EE004A81E
:100730003399F2F774FF0390002069460874012092
:10074000800220A988810398022807D0BB4800684E
:100750008079002805D018A908722BE00198208321
:100760001DE00398002803D0812018A9087240E0FA
:1007700021A800901B98012201782046019BFFF7D9
:1007800073FC18A9087220463499FFF753FC18A986
:10079000087A002803D11920287001203880684683
:1007A000007C00E03CE0002804D004A83399F2F774
:1007B00036FF0390039800282ED01AE0062012E599
:1007C0002078000713D5012E11D109216846017444
:1007D000A188818204203499FCF771FE082100E091
:1007E00005E020A88181CDE60198400612D50320BE
:1007F000039020A9208889890843208020A988891E
:100800004005400E04D026992B98086026988680D3
:100810000398AAE40420E6E418A8007A00280ED081
:100820000120287022980078687020A88088A8701D
:10083000000AE87018A8007A28710520388020A9DD
:100840002088898988432080E2E7FFB50746A1B068
:1008500000201C903A7801209040794A7C68104032
:1008600010AA1087744B22885B1C9A4203D0002880
:1008700004D0100702D5012025B0F0BD249E002031
:10088000307023980025028810A8028518A80575E5
:100890006A4B68461972057404A8186020462C300B
:1008A0001B902A985860249E94463878721C052123
:1008B000039201282DD0022808D003287DD130785A
:1008C000800980011D303070B889A08038780228F6
:1008D00004D13078800980011B303070F01C1FAAD1
:1008E00001900292009110A8008D0022C01E83B2D8
:1008F0002020015DB889F5F701FF0028DED10398BB
:10090000B9890170090A417010A9888FC01C088537
:1009100028E1787B18AA10753A7B012A02D0022AB6
:10092000CCD1FCE022887F231B011A4010AB1A8730
:10093000802A4AD006DC102A10D0202A0ED0402A65
:100940000AD124E0FF3A013A65D0FF3A013A79D062
:10095000FF3AFF3A022A76D00525A2E02078C006A9
:1009600001D5082000E010201C9004206A46107475
:10097000002090821AA81DAA1EAB03960192029035
:1009800000933B8A20461C9AFFF79AF984E0228B59
:100990003B8A9646934268D10A221C92002839D19C
:1009A000039801906046401E1FAA83B20292202045
:1009B0000091015D0022704600E0BAE0F5F79EFE6E
:1009C000014618A801750B201AE0228B3B8A964637
:1009D00093424AD10C221C92002862D103980190C4
:1009E00060461FAA401E0292009183B22020015D42
:1009F000628C7046F5F782FE014618A801750D203D
:100A0000307010A8818F491C01850421684601744B
:100A1000218B818245E0238B3A8A9C469A4224D1DD
:100A200012221C9200283CD1606A002813D00022B8
:100A30006B4607C3638C07E0FEFF0000B40E002086
:100A400009F800000DE04BE02020015D6046F5F75D
:100A500071FC18A9087513203070012010A90885B1
:100A60001FE0398A228B914201D00425B6E016217D
:100A70001C91002815D11B98818802682046FFF739
:100A800003FA18A9087500280BD11B983346016892
:100A900080881AAA00F075F9054602281BD0042D9B
:100AA00019D01B988088002811D06846007C002847
:100AB00004D004A82A99F2F7B2FD05460120694640
:100AC00008741B981B990068059000208880002DF1
:100AD00048D0052D2ED06846007C032878D07DE0D4
:100AE00018211C91002806D0388A20832046B96836
:100AF000FFF7A0FAD5E72046183000902020015DCE
:100B0000237E01222046FFF7AFFA18A908750028B6
:100B1000ECD119203070012010A90885E6E7208863
:100B200001214902084010A90887FF38FF38022830
:100B300006D0052510A92088098F884320804DE024
:100B4000208F9849884290D116201C90386900283F
:100B500005D06063B88A20870020608702E000200B
:100B6000C043208710A8008F7F21090102468A43D5
:100B70000DD0782300220420B968FCF7FBFB3878FD
:100B8000A07010A92088098F0843208002E02188E6
:100B9000814321806846007C002805D08248416856
:100BA00004A8F2F73CFD054618A8007D002815D0E2
:100BB0001C98707001203070208BB070000AF070AB
:100BC00018A8007D3071052110A8018506E0FFE717
:100BD0007548416804A8F2F722FD05467248017A7B
:100BE00020884005400E22D11B98808800281ED006
:100BF000239A0026138810AA1385249A2A9B6F46ED
:100C00004CC71B9A039412681AABFFF78DFA05467E
:100C100002280CD00120694608741B982A990068A4
:100C2000059004A8F2F7FBFC05461B98868010A8E7
:100C3000018D2398018028461EE600B597B0042850
:100C400007D102206A461070019100216846F2F730
:100C5000E6FC17B000BD10B5534C037800222168A4
:100C6000012B02D0022B42D126E00B78002B01D0C1
:100C7000042B03D10A712268032111702168838833
:100C80000A79D200921D8B5221680A79D20008326B
:100C90008918C2880A80216803890A79D2000A3239
:100CA0008B52428920680179C9000C314252216877
:100CB0000879401C08711EE00A7482888A802168C5
:100CC000C288CA80226801891181226841895181C4
:100CD000C1682068C1606168F2F7A1FC0146022882
:100CE00007D02068007C002802D1002903D0812091
:100CF00010BD832010BD002010BD406B002800D027
:100D0000012070478178012909D100880521C90295
:100D1000884202D0491C884201D10020704705203A
:100D20007047F7B586B00024684615460F468481A3
:100D300005261AE0049841780278090211432980B7
:100D4000811D019602940091417902790B021343AF
:100D5000C178827809020A43417800780902084381
:100D60003946F5F7E7FA002806D104AA03A9069840
:100D7000FFF7BFF80028DDD0822800D1002009B09D
:100D8000F0BD10B51488844201D2052010BD17248F
:100D90001C701080421E581C491C05F0C6F900202A
:100DA00010BD0000FEFF0000B40E002010B540484A
:100DB00004F04DF9002801D00C2010BDFF211131A5
:100DC0003C4805F011FA3B4901200870002048809A
:100DD000E03188718874887520310871344804F0D6
:100DE0004EF9002010BD10B5314804F028F9002854
:100DF00003D031A1312005F016FBFFF7D7FF002803
:100E000003D02DA1382005F00EFB10BD10B504460F
:100E1000274804F01CF9002801D00C2010BD2549FA
:100E20000878002807D0002008702148216004F0CD
:100E300026F9002010BD1E4804F021F91F2010BD26
:100E400070B505460C461A4804F001F9002801D097
:100E50000C2070BD174A5088A84202D11078002893
:100E600004D0134804F00BF9122070BD1048226022
:100E700004F005F9002070BD10B504460C4804F0DC
:100E8000E6F8002801D00C2010BD0A48017800299E
:100E900007D00020C0432080054804F0F0F812205D
:100EA00010BD40882080024804F0E9F8002010BD01
:100EB0009D000020C00E00207372635C6C6C5F6448
:100EC000622E630010B5282105F08CF910BD70B5B5
:100ED000054600780A0700090001120F1043287028
:100EE0000B0005F091FB07050705070509050B0039
:100EF000062408E00C2406E0222404E00024F2A1E9
:100F0000572005F090FA68788009800120436870C6
:100F100070BD00780007000F704710B50622C01C96
:100F200005F003F910BD10B50622093005F0FDF8F3
:100F300010BD0278BF23C9071A40490E0A43027048
:100F4000704702785206520EC9010A430270704778
:100F500070B515460E4604461F2A03D9DAA1A8200B
:100F600005F061FA20462A463146093005F0DDF8E1
:100F70006078AD1D80098001A906890E0843607064
:100F800070BD70B515460E4604461F2A03D9CEA182
:100F9000CC2005F048FA20462A463146093005F0B3
:100FA000C4F86078AD1D80098001A906890E084348
:100FB000607070BD70B501780907090F03292ED044
:100FC000052931D1411C827E0C46437E1102194312
:100FD000037FC27D1D02037EC67E1B021343827DFA
:100FE000407835438006800E22281DD106291BD368
:100FF0001920C001814217D8FF26F436B54213D814
:10100000002A11D0082A0FD88A420DD28B420BD861
:10101000617F227F09021143814207D904E04078B1
:101020008006800E0C2801D0002070BD012070BD0C
:1010300000210A464254491C2229FBDB704710B5A7
:1010400002788B07920892009B0F1A430270427835
:10105000520952014270012908D0022906D0032901
:1010600005D0FF2098A1EE3005F0DDF910BD01217B
:101070000A43427010BD10B502788B0792089200A7
:101080009B0F1A43027042785209520142700129A3
:1010900007D0022905D0032904D08BA18E4805F082
:1010A000C2F910BD01210A43427010BD00788007CB
:1010B000800F70470278EF23C9071A40C90E0A4310
:1010C0000270704770B50546C1700B0005F09CFAC0
:1010D0000E080A0C0E1012120C14141212160C1810
:1010E0000C2413E0082411E002240FE017240DE083
:1010F0000D240BE0012409E0092407E0062405E0A3
:101100007548002470A1A03005F08DF96878400979
:1011100040012043687070BDC0787047017AC27981
:10112000080210437047817A427A080210437047E0
:10113000017BC27A08021043704781794279080224
:101140001043704700797047817B427B080210434F
:10115000704770B5017AC37909021943431C857A37
:101160001C46467A2B023343657926792C02344398
:10117000C21C5A4E00798D1FB54214D8FF25F43594
:10118000AB4210D800280ED008280CD888420AD2CA
:101190008C4208D8507A117A00020843B11D884267
:1011A00001D8012070BD002070BD0B4610B5011D97
:1011B0000522184604F0B9FF10BD817A427A080270
:1011C0001043704701717047007970470B4610B5A6
:1011D000011D0822184604F0A8FF10BD027B0A700A
:1011E000407B487070470B46014610B508220E310F
:1011F000184604F09AFF10BD0B46014610B50422B4
:101200001631184604F091FF10BD10B50822001DDC
:1012100004F08BFF10BD10B504220C3004F085FFE4
:1012200010BD017170474171090A81717047C17128
:10123000090A017270470079704781794279080282
:1012400010437047017AC279080210437047017158
:101250007047017170470B4610B5011D08221846F2
:1012600004F063FF10BD10B50822001D04F05DFFFF
:1012700010BD70B515460E4604461B2A03D912A1AF
:10128000174805F0D0F82A463146E01C04F04DFF1F
:101290006078E90640094001C90E0843607070BDDE
:1012A00070B5054640780E46C406E40E1B2C04D9E2
:1012B0000B4805A10C3005F0B6F82246E91C304673
:1012C00004F033FF204670BD7372635C756C5F7011
:1012D00064752E6300000000070200007A0C000015
:1012E000F7030000C1074008C207C90FD20F511809
:1012F0004008C207D20F51184008C207D20F511838
:101300004008C207D20F51184208D007C00F40183A
:101310005208D107C90F0918500840187047002219
:1013200002808271C271C2720273427382738270D0
:10133000C270027142714276828303464284203336
:101340009A7102859A72C2750276C2730274DA7259
:101350001A739A7319750284FF21603081709A752F
:10136000704770B504460020A083208C1E46484379
:101370001546114604F061FF2084F000294604F070
:101380004EFF401C80B20146192269439202E0835D
:10139000914201DD401EE0837D202946000204F0D9
:1013A0003EFF401CA08470BD70B50546087B0E460C
:1013B000C006C00E08730020A87504463019007AD4
:1013C000FFF790FF29194874A97D641C0818E4B23E
:1013D000A875052CF2D3C0B2252803D979A18A209B
:1013E00005F021F870BDF8B5044630302646274692
:1013F0002546C036A03780350090032909D0002942
:101400001AD0012924D0022902D1A11CFFF7CCFF58
:10141000F8BD1146FFF783FF002028836883A88367
:10142000E883288468847871E88538732621085514
:10143000A08430703071F8BD0020E885B871A188B3
:1014400023890A460098FFF78CFFA11C0098DDE76E
:101450000020E885B38A328AA1880098FFF781FFCF
:10146000F8BD70B5867D0D460446002E01D0252EB0
:1014700001D9122070BD002A18D0287EE17D50438A
:101480000818252104F0CBFE0846E1754207520FEB
:10149000C908504B69189A5C097A8A4368D031466A
:1014A00004F0BDFE491CCAB2002007E0002070BD58
:1014B000002803D02118097C511ACAB22118497C8E
:1014C00091423AD32918097AC943CB07DB17D21ABC
:1014D000521E1206120E35D08B07DB17D21A521E7F
:1014E0001206120E30D04B07DB17D21A521E12060C
:1014F000120E2CD00B07DB17D21A521E1206120E38
:1015000028D0CB06DB17D21A521E1206120E24D098
:101510008B06DB17D21A521E1206120E20D04B0673
:10152000DB17D21A521E1206120E1CD00906C9175A
:10153000511A491E0A06120E18D0401C0528B7DBA6
:101540001F2070BDC00013E0C000401C10E0C000B0
:10155000801C0DE0C000C01C0AE0C000001D07E0B8
:10156000C000401D04E0C000801D01E0C000C01D9F
:1015700020769BE738B505460C466846FEF738F8F6
:1015800000281ED0694600200856207209216156A5
:101590000022411A00D5494220356B798B420FDC7D
:1015A000FF2B0DD0A17A491CC9B2A172AB79994227
:1015B00002D8617A7F2903D160720020A0720122D3
:1015C000104638BD7372635C6C6C5F7574696C2E09
:1015D000630000007667010010B5040004D0FF200E
:1015E000FAA1AB3004F01FFFFB4821464143FB4802
:1015F000FF230918FF330022581C5A544254C81DB7
:10160000FF30FA3002704270F448001FC378A342E2
:1016100002D18270FF23C370EF48EF4BC01E081841
:101620009B1EC91802700A7010BD70B5EB480026E9
:10163000001F8670FF24C47035462846FFF7CCFF94
:101640006D1C2D062D0EF8D00020E4490B229201CE
:10165000E14B43435B189B181E74401C0006000EB0
:10166000F6D0DF48FFF7E4FC0021DD48FFF722FD5C
:101670000121DB48FFF7E3FCDA4804704470847012
:10168000C4700471447170BDCFE71B20704730B542
:101690000021D24A0B239B01CF4C4C43A418E418E1
:1016A000247C002C05D0491C0906090EF4D000202A
:1016B00030BDC94C01254C43A218D21815740170D5
:1016C000284630BD10B5044600F0D0F900280CD0F3
:1016D0002046FFF781FFC0490B224C43BF49002041
:1016E0006118920189180874012010BD10B50446D4
:1016F00000F0BCF9002802D0BA484471012010BDA6
:10170000034610B5B748B44940794843B349421835
:101710001046FF30E130C17F807F04F0D5FF10BD5F
:1017200010B5B048AC4940790F224843AB49401846
:10173000A949D239095CFF30FF3004F09FFF10BD8A
:1017400010B5044600F092F9002802D0A5480471B3
:10175000012010BD034610B5A2489F4900794843B7
:101760009E4942181046FF30E130C17F807F04F06F
:1017700098FF10BD70B59B4C97492079974D484311
:101780004019C11DFF31F931FF30E130807F0F2258
:1017900004F064FF002813D020798F494843401992
:1017A000FF30FF3002300178491C01700178407829
:1017B000814204D1884885A1773804F034FE0120A5
:1017C00070BD884884490079484384494018FF30F7
:1017D000E130C17F807F814201D10120704700202C
:1017E000704770B57F487C49007948437B49401871
:1017F000FF30E130867FC57F0F242946304604F054
:1018000026FF002801D0204670BD70066906400EF4
:10181000490E884201D3401A01E0081A201AC0B2CA
:1018200070BD0F20704770B50C46054600F01EF9DC
:1018300000280ED0002020706748454367482818CC
:10184000FF30FF300230017842788A1A22704170EE
:10185000012070BD70B50C46054600F007F9002860
:101860000BD05D4845435D482818FF30FF300230FB
:1018700001784078081A2070012070BD5849016035
:10188000704710B5044600F0F1F8002802D0554822
:101890000470012010BD5149091FCA78FF2A02D0E7
:1018A0000021016007E08A784C492439012A02D0DE
:1018B000016001207047002070474848801E017871
:1018C000012908D001210170464801784348001FD2
:1018D000C170012070470020704710B5044600F029
:1018E000C5F8002802D03F484470012010BD3B4994
:1018F0003C4B091FCA785B789A4206D18A78203916
:10190000002A02D001600120704700207047334850
:10191000344A001FC1785278914209D1FF21C17029
:10192000801C0178002903D000210170012070473C
:101930000020704729482B4A001FC17852789142F5
:1019400004D18078002801D0002070470120704722
:1019500010B5044600F08AF8002802D02148C4706F
:10196000012010BD034610B51E481B49C0784843EE
:101970001A494018C21DFF320B21FC328901401860
:10198000C17B807B04F0A0FE10BD10B51548124944
:10199000C0784843114940180B2189014118C97B7F
:1019A0000D4AD21E8018062204F068FE10BD0D48B4
:1019B0000949C0784843094941180B20800108189B
:1019C000C17B807B81420FD1012070477372635CC1
:1019D000646D5F712E630000D1020000F40F0020DF
:1019E000C51200209E0000200020EEE710B504463E
:1019F00000F03CF8002802D021488470012010BD7E
:101A0000034610B51E481F49807848431E494018B8
:101A1000C21DFF320B21FC3289014018C17B807B43
:101A200004F03FFE10BD10B51548164980780B2212
:101A300048431549920140181249891E41188018DF
:101A4000807B062204F00AFE10BD0D480D49807807
:101A500048430D4941180B2080010818C17B807B49
:101A6000814201D10120B0E70020AEE7002805D176
:101A70000648007C002801D00120A6E70020A4E74A
:101A80009E000020D1020000F40F0020B4120020BC
:101A9000F8B5FF4E0446B079002500280AD0002989
:101AA0002DD1657010202070F079A070307AE07030
:101AB000B57124E0F64F203F387A012804D0707ABF
:101AC000012810D00020F8BD002918D1657013201E
:101AD000EF4920701C221639A01C04F026FB0120BF
:101AE000A0713D720BE0002909D165701420E8490E
:101AF000207008220A31A01C04F017FB7572012027
:101B0000F8BDF8B5E3480178002902D00C2630462C
:101B1000F8BD0026DE4D3446403D2E756E75EE75DF
:101B20002E76AE75294620396E730F464E734037B8
:101B30007E717F218170687E002804D0FDF73DFD15
:101B4000FEF766F86C763C72D14884711430FFF76A
:101B5000B9F9CF483C30FFF7B5F9D8E710B5CD4B10
:101B600000221A70CA4B203B1A711A46603A11665D
:101B7000D065FFF7C6FF002804D0FF20C6A187303C
:101B800004F051FC10BDC2484038007D7047C04988
:101B900010B54039C87B897B42078307D20FDB0F22
:101BA000D218C007C00F101840000B0004F02CFD25
:101BB000050B060B04080F00BB4906E0BB4810BD2F
:101BC000B949083101E0B8490839085A10BDFF2069
:101BD000B1A1A73004F027FC002010BDAC48B449E7
:101BE0004038008A48437047F8B5A94C0646407B08
:101BF000403CE07337791346A773012F26D0308815
:101C00002082A348B27B203882710546603D29704E
:101C100006221946681C04F088FAB0796873062217
:101C2000F11DE81D04F081FA607B0126002800D038
:101C3000667597486038407B002800D0A6753B0049
:101C400004F0E2FC0506082549084B000020D7E710
:101C500000211DE08E4801211430FFF738F98C482F
:101C6000E91D1430FFF75FF9687B002807D00128D1
:101C700007D0FF2088A1EE3004F0D5FB0CE0002156
:101C800000E0012182481430FFF75BF904E00621EF
:101C90007F481430FFF71BF90020E07520767C4860
:101CA000691C1430FFF739F9794829781430FFF7A7
:101CB00040F9774804213C30FFF709F97448691C62
:101CC0003C30FFF72AF9724829783C30FFF731F9A8
:101CD00026750020F8BD0221DAE7FF206EA1F8305A
:101CE000CAE770B56A4C0125403C0346257620467C
:101CF0002030007A002801D03A2070BD64480022CC
:101D0000803806789E4206D1E2750622401C04F017
:101D10000CFAE57500E02276002070BD70B504462F
:101D20005B4D0020403DA87528462246323804F01D
:101D3000FCF92846203844730120A87570BD544929
:101D400020390871704710B5514C0022403C627533
:101D5000607302462046123804F0E7F901206075EE
:101D600010BD4B49203948717047F8B500F0A4FB0D
:101D7000474C0025403C607E002804D0FDF71DFC48
:101D8000FDF746FF6576434F3D70FDF793FBA07B63
:101D9000012804D00021084601F0A6FAF8BD002170
:101DA000022001F0A1FA3A4C203C207A002809D008
:101DB000374881790029F1D11321C17105720121C0
:101DC0008171F8BD78780028FBD0314E0622803E24
:101DD000707BE0733078A0753046F11D703004F0F0
:101DE000A4F930460622711C773004F09EF93C209D
:101DF000A072012020727D70F8BD10B5244C403CCB
:101E0000E17BA07CCA0701D0C2070BD08A070FD59F
:101E100082070DD42620FDF777FAA07C0221084323
:101E2000A07410BD2520FDF76FFAA07C0121F6E714
:101E30004907F6D54007F4D42720FDF765FAA07CC2
:101E40000421ECE770B5134E3078002872D1104CA5
:101E5000403C207D00286DD0FDF71FFB0025A574B8
:101E6000E57475702846FDF715FB0020FDF78CF929
:101E70000D480D38FDF73FFA0B481038FDF7F7FA1B
:101E8000FDF76CFBFFF7B9FFFDF7FFFA012111E049
:101E900068130020A40000207372635C6C6C5F61A7
:101EA00064762E63000000008E6701009A8913009B
:101EB000710200000020FDF743FA0F210520FDF715
:101EC000C1F92646403E3178701CFDF7ADF9A07B84
:101ED00001280CD004280AD0607D002807D02146B4
:101EE00012390846627B6630FFF732F86575A07DCF
:101EF000002807D0FE480146427B12399C30FFF78C
:101F000040F8A575306E0178002903D00178001DD6
:101F1000FDF7C8F9F06D0178002906D0F44A401C9D
:101F2000C732FDF754FE01206076FDF7C3FA0020AA
:101F300070BDFFE70C20FBE7EE494860704770B5C5
:101F4000050001D0FFF759FFE94C2034E07C002860
:101F50000AD0A07B012804D19920E749C00004F0F1
:101F600062FAFFF702FFE3E7002D0DD00221002007
:101F7000FDF7E6F9DE4840300079032801D001285A
:101F800002D10220FDF73BFCE07D002600280DD0A9
:101F9000D74D203D2846691C9430FEF7BEFF2846E9
:101FA000691CBC30FEF7B9FFE6752676D048743060
:101FB000FDF786FAA07B030004F026FB0504040469
:101FC0000D04090001210846FDF79FFB03E0CA4903
:101FD000CA4804F028FAE17BA07C81430120002953
:101FE00003D1A17B012903D0E074C24908709FE7A7
:101FF000A674FAE710B5FDF750FABE48007800283D
:1020000018D1BB482030007D002813D00020FFF7F6
:1020100096FFB74840300079002809D001280FD03A
:10202000022805D003280BD0B349B54804F0FBF9CA
:10203000002010BD00F040FAFDF73CFA0C2010BD66
:10204000F0F7E6FFF4E7AB49012048707047F8B5B8
:10205000002400F0E0FF002824D0FF202D30FDF701
:102060006CF9A44D2878A24F403701281DD00228D2
:1020700001D0032834D0A2489F496B3004F0D3F933
:10208000287800280DD0387900280AD0012808D0F7
:10209000022838D0032836D099489749803004F078
:1020A000C2F9F8BDFFF761FEF8BD914E2036B07B56
:1020B000032815D0707E002803D0FDF798FDFDF7AA
:1020C00074FA8B48C430FDF7FBF9B07B012812D0BD
:1020D000042810D0B879012806D0032804D004E0E1
:1020E0000120FFF72CFFCBE7102421460E200143EF
:1020F0000020FDF70AFB7879012801D1FDF76FFA7E
:1021000002202870BCE728780228CDD10120FDF7F5
:1021100076FBF8BD70B5764840304079012801D192
:1021200000F0D4F9724C2034607E002803D0FDF713
:1021300044FAFDF76DFD00F06EFF00280CD06D4DE8
:102140002878022804D06E486B49A33004F06BF95C
:10215000A07B012803D006E0FFF707FEE8E6992000
:102160008000FDF7EAF80120FFF7E9FE2878002853
:10217000F4D028780128F1D039205F49000104F01B
:1021800052F9D5E6F0B5074689B000200690FDF774
:10219000AEF800900020019056480078022804D044
:1021A00057485549F03004F03EF9514D40356879B3
:1021B000012801D100F08AF94D48C430FEF7A9FE8C
:1021C0004B4E04462036002F70D03046A430FEF728
:1021D000F1FE0028F8D0FDF731F80028F4D0707E29
:1021E00000280AD005277F1EFFB2FDF72CFD02282C
:1021F0000FD0012800D0002001903D492046C43175
:102200000C46643C030004F0FFF906A4A4A40CA44B
:1022100056A4002FE7D177203AA1C00004F003F9BB
:10222000E9E7B07B012841D004283FD0019A00980B
:10223000104304D1A879002801D0022836D168794A
:1022400001281DD1607A00281AD101206072087817
:1022500006224006C00FA0722548C91C6B3003F04F
:1022600064FF244C224FA07871377F2804D1A92025
:1022700024A1C00004F0D7F8A07838707F20A070A7
:102280001B489C30FDF71CF91A480321017028797E
:10229000002860D001280AD002285CD0032806D08C
:1022A000164818A1E03804F0BEF854E051E00120CF
:1022B000FDF7A5FA4FE00E480F462038C978C079DF
:1022C000814230D10A4839792038027A91422AD1A4
:1022D0007979427A914226D1B979827A914222D192
:1022E000F979C27A91421ED1397A027B914211E08A
:1022F00008130020A4000020981E0100F60400002E
:10230000DE0200007372635C6C6C5F6164762E6346
:102310000000000007D13978407B4906C90F81428F
:1023200001D1012100E00021B07B012801D0042867
:1023300001D100290AD100280BD101990098084346
:1023400004D1A879002801D0012802D1307E0028CC
:102350001FD001200690707E002803D0FDF72DF9D4
:10236000FDF756FC0698002802D00120FFF7E7FD94
:102370005D48017800290AD00178012907D000784A
:10238000032804D095205949C00004F04CF809B046
:10239000F0BD55480422406855490F3003F0C5FE92
:1023A000387806224006C10F4F4840680177F91C73
:1023B0001D3003F0BAFE4C484D4940680322091D08
:1023C000133003F0B2FE4848494A4068B97D817530
:1023D0000F3A117ED37D09021943018311468B7E8A
:1023E0004F7E1B023B438380137FD77E1A023A4302
:1023F000C2808A7F4B7F1102194301813C4905222B
:1024000010310A3003F091FE3948374A1130017912
:102410005768C906C90EB97600794009F876287A56
:10242000002809D0A07900283AD11320E0710020BB
:1024300020720120A07133E00020A8727888B08556
:10244000387FE8732A48394606221D31833803F065
:102450006CFE27490622F3390878A87508467730BC
:10246000491C03F062FEB888F087F888208038891C
:102470006080F87E20710198002860790BD00121DE
:1024800008436071FDF7F2FB61794000C907C90F8D
:102490000143617102E04008400060710120287230
:1024A000114C0020207000F007F8FDF703F8012020
:1024B000616800F019FF4EE710B5FDF76AF8FDF707
:1024C0005DF8FCF7B5FFFCF7DAFF10BD064810B564
:1024D000801CFDF78DF8002802D103497F20887009
:1024E000FDF774F810BD0000A400002004230100D3
:1024F000DB1300208107C90E002808DA0007000F4F
:1025000008388008F74A80008018C06904E0800815
:10251000F54A800080180068C8400006800F7047A8
:1025200010B500F03BFF10BD70B5F04C0546626879
:10253000002908D0002A04D0FF20EDA10C3003F0C0
:1025400072FF656070BD002A04D1FF20E8A112303F
:1025500003F069FF0020606070BDE948C07E7047ED
:10256000E7482830C07E704738B5E04C20680168E5
:102570004978012925D001216846FAF7C9FC684647
:102580000078E049000203F04AFE2068426AC06811
:1025900012685118FBF7ADFC2168C860D84A206862
:1025A00028320321904218D0028B002A15D0012234
:1025B0004272017200210171021D017F00F0FBFED9
:1025C00038BD7D21C068C900FBF793FC2168C86055
:1025D000FFF7DDFA21680861E0E7028B521C0283F5
:1025E0004172E6E7FFB5C64E85B0706A346805688B
:1025F00060680190306A0390298E0798401A80B273
:1026000002900898002804D02746383720464830E2
:1026100002E0371D2846A830009003203871059845
:10262000002820D001287DD002285ED003287AD04F
:10263000AFA1B54803F0F7FE0898002807D0387915
:10264000032804D0B048AAA1093003F0ECFEA16A27
:102650007069FBF74EFCB860616A206A88427DD9D8
:10266000009801601FE1306A002804D1A648A0A1AB
:102670007A3803F0D8FEA449288B373948434018EC
:10268000069900F0A6FEA0619F49A8883739484303
:10269000069900F09EFEE061316A9B48891CA162A8
:1026A0002A8B37384243A069974B121AE63BD2185F
:1026B0005118A162944BAA7D373B5A4340008018C1
:1026C000FF30193020626062306A081AED21FF384D
:1026D000C90015388842AFD28C49884204D28A4852
:1026E00083A15D3803F09FFEB6E0874A288B373A16
:1026F000E16850430818069900F06BFEA06182491A
:10270000A88837394843069900F063FEE061306AD3
:10271000002804D17C4876A1553803F084FEAE2011
:10272000405B01E02CE05AE00028288B784AE16801
:102730001DD050430818A169401AA0622169A06801
:10274000734A4843A1694018A97D4000514340188D
:10275000FF3017302062A888504300E0A1E0E16913
:10276000411A6F20C000081A6062A06A34E050432A
:102770000818A169401A3168D63849684018DCE762
:10278000284680300190C08D002802D0306A002891
:1027900004D15F4856A1401F03F045FEA8885C495C
:1027A000E3694843C01AA06201999C46CA8D216919
:1027B000A368521A4B43A169591863465343C91879
:1027C000AA7D534B49005A438918FF3117312162C2
:1027D0006F21C900411A6162316A401A35E00898D8
:1027E000002803D03420005D002878D1A88848490B
:1027F0004843E169401A02994843A0622846803064
:102800000490C08D0028019829D0002804D03E48AB
:1028100037A1163803F007FE04983D4AC18D02988F
:102820000818E16948434000FF3017302062A8884B
:102830005043411A6F20C000081A606200F0AEFDDC
:1028400000281CD0A16A0398081AED21FF38C9009E
:102850005538884200D3EFE601203871ECE60028B5
:1028600002D00398002804D1294821A11A3003F08E
:10287000DAFD0198A16AD6380818A062CCE7FBF708
:102880009EF8726901461046FCF7BFFAA16A081A61
:10289000ED21FF38C90050388842DCD2012009B050
:1028A000F0BD0099086000981A4900688035081842
:1028B000F860298B0798081A00B2002804DD0598F3
:1028C000022801D0032000E00120787108983870B8
:1028D0000898002820D03420005D00281CD0022059
:1028E000DDE7000000ED00E000E400E0B4000020BF
:1028F0007372635C6C6C5F6C6D2E73302E630000C2
:10290000F413002010270000190500002902000020
:10291000E20400004B1700000898012148402034D1
:102920006075317F3A46304600F045FD0020B6E73D
:1029300010B5FE4900280A68516A096807D0126874
:102940008988FB4BD2695943891A03F068FC10BD92
:10295000F8B5F64F38680468416A26460D68203697
:10296000717D00290AD0618E2A8E914206D1407A6B
:10297000012803D1EF49F04803F055FDFBF71FF89C
:10298000014638684069FCF740FAFFF7D1FF2A8E0C
:10299000618E1318994202DB491C618602E0401CDB
:1029A00010186086B07D002806D19C21608E495B9E
:1029B000884201D1401C6086DC480168088B0328EE
:1029C00002D2401C088302E0618E982041532846C1
:1029D00040300646C1898089081A298E401E401859
:1029E00087B218E0D148EB7E00685B00406A00794E
:1029F0004100D248415AC05A401881B2207D00237C
:102A0000FFF7F0FD00280FD001280ED0CA48C949B1
:102A10003A3003F008FD628EB81A00B20028E1DAFD
:102A20000820B07200F010FEF8BD608E401C608679
:102A3000F1E770B5BD4D002168680162C27E1300E8
:102A400003F0E2FD045656034A56426A14680268CF
:102A500011700268516000682030407D002808D164
:102A6000FAF7ADFF69680968096CFCF7CEF9002830
:102A700018DC6868228E0168498E914206D1214691
:102A800080318B8B9A1ACA83238605E0891A9E228D
:102A900011530168498E21860268C1681164C168BA
:102AA000416111E068680168098E228E8B1A224606
:102AB0008032D3830168098E218601680B6CC36064
:102AC0000B6C4361886C9062204601F0D8FC0028B2
:102AD0000DD098499A4808E0C1684161FFF7B2F902
:102AE000002804D096489349801D03F09CFC70BDDB
:102AF000934890490D30F8E710B58C4A0B001268E6
:102B000003F082FD0906090F1F0C2E2E082B2E0044
:102B1000FFF78FFF10BD00F068FC10BDFCF772FEE0
:102B200010BDD07E022806D0D07E032806D0FF201C
:102B30008049A3300EE0FFF70BFF10BDFFF714FD37
:102B400010BDD07E0228F6D0D07E0328F6D0FF201C
:102B50007849AE3003F067FCF0E7FAF715FF10BDD7
:102B6000FF207449BC3003F05EFC10BDF3B581B0AA
:102B70000E4601276D4D734C0B0003F045FD090611
:102B80002F39392F40403939400001216D48FFF776
:102B9000CBFC31460198FFF7AFFFE07E022826D13B
:102BA00068680568406A0668FAF7E7FEB188604A17
:102BB0005143EA69891AD639E962B72802D26248D4
:102BC000081803E0081A6049B7314018E8625F4806
:102BD000E96A814200D80846E86205E00198FFF7FB
:102BE0008BFFE07E022802D1206820300775FEBDF1
:102BF0002C600198FFF780FF00202860FEBDFF20B9
:102C00004C495C3003F00FFCFEBD70B50C46064627
:102C10000B0003F0F9FC09060D10100D1A1A101024
:102C20001A00484801212830FFF77EFC2146304633
:102C3000FFF762FF70BD43483C4D283028603046A6
:102C4000FFF75AFF0020286070BDFF20394982300D
:102C500003F0E9FB70BDF0B5344C0020216885B06D
:102C600003258D76CA7E0746032A03D0C97E002934
:102C700029D029E0087F002803D12E49344803F0E9
:102C8000D2FB2068067F684605714571FAF797FE0A
:102C90000290FF20F53003900121684601706946DB
:102CA0003046FBF70CFB00E020BF2068007FFCF7FC
:102CB00038F90028F8D02068007FFAF765FE206810
:102CC000077700F072FB012021688F7605B0F0BD18
:102CD00016490A68907600E020BF0A68D07E002876
:102CE00003D0D07E937E9842F6D0D07E002803D0C9
:102CF00000200021917670470120FAE770B5114954
:102D00000024CA7E094D032A03D02831CA7E032A33
:102D10002ED12960002827D0012821D00C48054950
:102D2000973003F080FB0020296813E0B4000020F6
:102D3000E2040000F0280100F70500009E67010092
:102D4000A1030000F4130020C4F8FFFF38120000B4
:102D500072020000086048622860002C08D070BD34
:102D60000320FFF7B5FF01E0FFF775FF0446DAE740
:102D70000C2070BDF8B5F94F04461F25E67E3300E0
:102D800003F042FC042920031B20F548844204D0B0
:102D9000FF20F449FC3003F046FB02203C60FFF7C3
:102DA00097FF002805D03968002008604862386025
:102DB00011E00C25002038600AE00120FFF79EFF9B
:102DC000054603E0E749E84803F02DFB002D02D05B
:102DD000E07EB042D2D1E07E002804D0E248E14952
:102DE000801D03F020FBF8BD10B5DD48FFF7C2FFE2
:102DF000DB482830FFF7BEFFD94900205031087565
:102E0000D649C91F4870D64948610A4628325061E0
:102E100088769076D1494860086010BD70B5044648
:102E20000120FFF767FBC5B20B20FFF763FBC0B2C1
:102E3000854204D0FF20CB49C63003F0F4FA0120CC
:102E4000FFF758FBC5B21820FFF754FBC0B285420C
:102E500004D0FF20C349C73003F0E5FA0420C04383
:102E6000FFF748FBC5B21920FFF744FBC0B285420B
:102E700004D0FF20BB49C83003F0D5FAB748B849A1
:102E8000083804700020C87688760A462832D07642
:102E90009076B24B012408331C711860486250626E
:102EA00008601060FFF7A0FF70BDAC4908310871E1
:102EB0007047FEB5AA49CA7E08462830A74C002AAA
:102EC00002D1C27E002A03D0C97E022903D005E0C8
:102ED000A648216006E0C17E002901D00C20FEBD7D
:102EE0002060A348FAF7FCFC216808779B4920681A
:102EF000C91F0160C91C4162007F002804D1AD20B8
:102F00009849800003F08FFAFAF737FD9949884213
:102F100000D20846FF30C83086B220680325C57647
:102F2000FEF735FE21680861FEF758FE00270028ED
:102F300027D0FEF753FE21684A6A10600968012015
:102F4000087001466846F9F7E3FF684600788A4949
:102F5000000203F064F90191FAF731FD019971184B
:102F6000FAF7C7FF2168C8602068057245720771CB
:102F7000021D017F00F01FFA2068078300202760F0
:102F8000FEBDFAF71CFD3146FAF7B3FF2168C860B1
:102F900008680770096801204870E5E77047F8B5D0
:102FA0006F4EF17E002904D131462831C97E0029B7
:102FB00001D00C20F8BD0221F176694C674F5034E6
:102FC0000837776234600025386025753979C07E0E
:102FD0004A006A4940008A5A085A2B46101881B2A2
:102FE0002A462846FFF7FEFA002804D0CF205D4984
:102FF000800003F018FA25610120A5602075658620
:1030000025865748703085753968088E401E0886B9
:1030100035830020F8BD10B5504801244068817EFA
:1030200003290CD001684978002906D0006A544968
:10303000884202D90024FFF706F8204610BD00247C
:10304000FBE74648406802681178491C1170016A24
:103050000068C26A914204D8007D012801D0012095
:1030600070470020704700207047F8B53B4C3C4843
:103070002060416A00680D68002634210E54A621A4
:10308000495D00294BD1007D032848D1FAF797FC10
:10309000014620684069FBF7B8FE00283FDDFFF7D6
:1030A00047FC298E401C4118206802681186006880
:1030B000018E9C22525B511A09B200292FDD012199
:1030C0002030817528464030C1898089081A298EB0
:1030D000401E401887B21BE0496A09794A00274917
:1030E0008B5A028E007D9446EA7E5200895AC91896
:1030F00089B201236246FFF775FA00280FD0012834
:103100000FD002280BD01B481649193803F08BF951
:1031100021680868028EBA1A12B2002ADCDA266028
:10312000F8BD20680068018E491C0186F0E7F8B5FB
:103130000A4D00266A680128516A0C6853D1087943
:103140000E4940000B5A1068077D032F1AD0027DEC
:10315000022A24D0007D012834D044E0B4000020AD
:10316000F4130020F0280100070200006D2B01007D
:103170000B2C0100F6050000102700009E670100DF
:10318000D98213000661106886609C20025BE07E95
:103190004000085AC01881B2002303201BE02246D9
:1031A0008032D78D0761E07E928B4000085AC018AC
:1031B00081B200230220FFF715FA6A680121126824
:1031C00011750AE09C20025BE07E4000085AC0189E
:1031D00081B200230120FFF705FA002803D09C49A3
:1031E0009C4803F020F9FAF735FB9B480078EFF78D
:1031F0006FF8686806830268218E51860068203067
:103200008675F8BD38B5944C0021083460680D46C9
:1032100000684278002A01D045701FE0007800283D
:1032200009D001216846F9F773FE684600788B499A
:10323000000202F0F4FF6068426AC0681268511828
:10324000FAF757FE01466068C160057103214172BB
:10325000021D017F00F0AFF860680583FAF7FAFA03
:103260007D480078EFF734F838BD7B4A10B5014649
:10327000083250680B0003F0C7F9060D1504081753
:103280000C31012100F0D1F807E00021106800F0B6
:10329000CCF810BD0120FFF74AFF00210846FFF7D8
:1032A00043F910BD032116E0416A02680968D36939
:1032B00093608A886A4B5A430368DA600A46C032D0
:1032C000D3890B83137B8B75138A8B80538ACB80B6
:1032D000928A0A8102210068017510BD5D485C492F
:1032E000913003F0A0F810BD70B500280BD05A4CF7
:1032F000083401280ED002281ED056485449B43054
:1033000003F091F870BDFFF77DFF00210846FFF73D
:103310000BF970BD6068002501684D7000F045F83C
:103320000320F5F7B8FEFAF795FA4B486560007888
:10333000EEF7CEFF656070BDFFF764FF606800F0D8
:1033400034F800210846FFF7EFF80420F5F7A3FE54
:1033500070BD414908314968CA7E022A08D10A680D
:103360001378002B04D150600968CA6A1018C8622B
:103370007047394A10B50832526800290CD001292B
:1033800007D0022907D033483149D93003F04BF830
:1033900010BD801E00E0401F106210BD2E48083096
:1033A0004068002800D0012070470021C176817656
:1033B00001604162704710B50B46C17E847EA14218
:1033C00004D011461846FAF77AFF10BDFFF7EDFF5B
:1033D00010BD024610B50020002905D00846504314
:1033E000204902F01CFF401C10BD1B4810B50830DE
:1033F0004068C07E030003F007F9041515030B15A0
:1034000001F05EF900280CD00F2017A1800106E022
:10341000FEF7F0FD002804D0F12013A1800003F096
:1034200002F810BD10A11448F9E710B504460029B0
:1034300003D00020FFF77BFE03E007480078EEF79B
:1034400047FF2046FFF7B1FF0020F5F724FE10BD2F
:10345000F028010092060000AC00002010270000B8
:10346000E204000040420F007372635C6C6C5F6C9E
:103470006D2E73302E630000CB030000F8B5FEF70D
:10348000B0F90446FEF756FAF84E0546706920304A
:10349000407D002809D0012827D002282AD00328FF
:1034A00032D0FF20F2A19A3037E0F0481830FEF712
:1034B0001EFA002801D003200FE0EC481830FEF778
:1034C00049F9002804D070695B21095C002908D003
:1034D000E6481830FEF7D2F90120716920314875AD
:1034E0001DE002212030417519E0E0481830FEF758
:1034F000C5F914E0DD481830FEF72CF900280ED18C
:10350000FF20DBA18C3008E0D8481830FEF7EFF937
:10351000002804D1FF20D6A1943002F084FFB069C6
:10352000F72201781140017072692032937DDB0728
:103530001B0F1943FB2319400170D37DDB075B0F81
:1035400019430170577DEF23022F04D0012F07D0BC
:10355000032F07D00CE0012C06D8002D04D007E083
:103560006D1E2C43002C03D019401023194300E09A
:1035700019400170D17F002916D0517D012913D047
:10358000BF48FBF79DFFBE480021283001767269D5
:10359000916ED26E42610161B949B269FCF7A3FA3A
:1035A0000020FCF7AFFA03E0FBF78AFFFCF7CDFA47
:1035B000B0690078C00606D4F0690078C00602D46D
:1035C000F079002806D0B079002803D101210846FF
:1035D000FCF79BF8032030703079002803D1FBF70B
:1035E000BDFF01203071F8BD70B5A0481C30FEF75A
:1035F000B9F901259D4C002802D00020607002E03E
:1036000065709F48E061606940300078002802D012
:103610006078002805D0E069FBF752FFFCF795FAC7
:1036200070BD9748FBF74CFF9548283005766269D6
:10363000116F526F42610161914AE169FCF753FADF
:103640000120FCF75FFA70BD10B588490023486976
:1036500002462030C3768377012049239854A03254
:103660009279002A03D008700021022001E0002195
:103670000320FFF7FAFD10BD70B57C4C6079C206DF
:103680002046406901468031002A01DA002202E02A
:10369000CA8DCB8BD218CA850246C0321379002B53
:1036A00005D0034640331D8AC98B69181982617A97
:1036B000002903D03D2001F051F94AE003462033B0
:1036C000D97E042945D0217A002913D0480701D496
:1036D000C80601D51E2030E0080701D53D202CE0AA
:1036E000C80705D1880703D461A1664802F09BFE94
:1036F0002A2022E04030817D002905D0418A4D1CDE
:103700004582858AA9420FD2517A062902D0117AC0
:10371000062905D1018B4A1C0283828A914203D279
:10372000028AC1898A4201D3222006E09A7F8089D9
:10373000002A0AD088420FD3082001F00FF96069EF
:103740002030C07E042804D006E0062804D33E20A2
:10375000F3E7FFF779FF70BD0120207000210846D4
:10376000FFF783FD70BD10B5404840690146203128
:103770008A7F002A29D0012A27D0022A06D0032ACC
:1037800004D03BA1404802F04EFE10BDC97E032983
:103790000FD0082919D001464031CA898989511AA8
:1037A000891E89B2032900D303218030828B5118EE
:1037B00009E0014640318A89032A06D3028EC9896D
:1037C00080305118491C018310BD8030818BFAE78D
:1037D00000B5030002F018FF0604070B0F121217C2
:1037E00000290ED00FE0891E02290AD90BE0891F9B
:1037F000012906D907E0082903D004E00B390C2978
:1038000001D8012000BD002000BDFEB505461748C7
:103810001830FEF740F8002804D11B4814A1D13815
:1038200002F001FE114CA069FDF702FC0321A06922
:10383000FDF721FCA069EF220178114001702946B3
:10384000FDF740FC002601272B0002F0DDFE0E5C98
:103850005C085C2C6060255C4C5C603C375C60699B
:103860006521095C002911D0062111E0C400002067
:103870007372635C6C6C5F736C6176652E630000C1
:1038800090140020430200005C080000C030417921
:10389000A069FDF797FC3AE060698030417CA0693F
:1038A000FDF7D7FC33E06169A069B831FDF7ADFCE5
:1038B0006169A0698C31FDF7AEFC28E00621A069A2
:1038C000FDF7C5FC23E020690178A069FDF7A9FC9C
:1038D00020698188A069FDF7A6FC20694188A0695C
:1038E000FDF7A5FC13E00096019660696030007951
:1038F000002803D069460878384308706946A069F3
:10390000FDF7B1FC03E0F949F94802F08CFDFDF741
:10391000D4FF002804D1F648F449801D02F083FD4D
:103920000C2D06D0072D03D0606940304682877584
:10393000FEBD606940300683FEBDF0B5ED4CC82089
:1039400061698DB0405C04280AD0052835D15C201F
:10395000405C00282AD0012060314871022026E016
:1039600010226846D63101F030F86169102204A8AF
:10397000B03101F02AF8684601F0DFFB08AE8DCEC9
:10398000616984250E4678360DC66F5000250D6797
:103990004D67012540267554D74D88318DC5284681
:1039A0000822093002F0C1FB052000E00D20FFF7DE
:1039B0002CFF61690020C03108720DB0F0BDF8B570
:1039C000CC481830FDF767FF002848D0C94C207A52
:1039D000002844D16069C421095C002500290ED06B
:1039E0002030C17E0120FFF7F3FE002807D1606977
:1039F0002030C17E0420FFF7EBFE002806D060696E
:103A0000C921095C0126062907D00DE06069502113
:103A10000D526030457102204EE02030C17E0420FE
:103A2000FFF7D6FE002813D0616908462030C27E19
:103A3000921E130002F0E8FD166262621D6262626D
:103A400060621F6262622843626262626262466210
:103A500060695E21095CC90702D0C0304572F8BDBB
:103A60000C20FFF7D2FE60694030817F31438177BF
:103A7000F8BD072020E0FDF79AFF0028F8D0606924
:103A8000403005700B2017E0F9F741FA0C28EFD30E
:103A900060690821B830F9F73BFA002806D0606960
:103AA00004218C30F9F734FA002804D1C72093A1FF
:103AB000C00002F0B8FC0420FFF7A7FEF8BDFFF736
:103AC0003CFFF8BD00228A66CA66C6770A4678318E
:103AD000C8C9894878322838D26842632830C8C0BB
:103AE00008220D30091D02F020FB0620FFF78DFE95
:103AF000606940308575F8BD0920DDE700F036FFCC
:103B0000F8BD70B57B4C3B216069095C08292FD159
:103B10000146028EC0314B89521C9A4228D1227A2A
:103B2000002A25D10A8A83889A4207D14B8AC58800
:103B3000AB4203D18B8A0589AB4209D043884B85C0
:103B40008A854A8ACA858A8A0A860122E6210A5417
:103B500001221146FDF747FC00210420FFF785FBF9
:103B600060690021C92211542030C1760321817778
:103B700070BD70B55F4C60692030C07E172803D0DF
:103B80005EA1624802F04FFC616900220B4640339F
:103B9000DA7608469A75E030867D0B240125002EE2
:103BA00006D0837C002B14D1C4740275857410E098
:103BB0001E7F002E07D01A774C88FA235C520276BB
:103BC0000C23837505E04E88FA235E520276057752
:103BD00084752031CA7670BD70B5464CA0798007D7
:103BE00036D5207A002833D160692030C17E01208B
:103BF000FFF7EEFD00282BD1A0690126C078002533
:103C0000030002F001FD0E8585088537465F0A85B1
:103C1000168526625285032152E060692030C07EFD
:103C2000052804D0394835A1333802F0FCFB60691F
:103C30000CE060692030C07E092804D033482FA1F1
:103C40002D3802F0F0FB606956210D542030C57606
:103C500070BD60692030C07E0B2804D02B4827A19E
:103C6000263802F0E0FB60695B210E540C21203005
:103C7000C17670BD60692030C07E0F2804D0234813
:103C80001EA11F3802F0CFFB60695B210E5410218A
:103C9000EDE760692030C07E102804D01B4817A1D2
:103CA000183802F0C0FB12210AE060692030C07EA3
:103CB000102804D0154811A1123802F0B4FB1421C9
:103CC0006069D4E7FFF755FF70BD60690146C030F9
:103CD000027A062A04D14031897F890700D505720E
:103CE000417A0629F0D1457270BD0000703801009C
:103CF000CD070000C4000020B81400207372635C7C
:103D00006C6C5F736C6176652E6300004C0500007F
:103D1000FD49FE4802F087FBE6E710B5FC4C606900
:103D20002030C17E0020FFF753FD002803D1207A08
:103D3000012108432072207A002808D1E069FDF7AC
:103D4000EBF961699122505405202031C87610BDED
:103D500010B5EF4C60690146C0314A7A002A06D09E
:103D6000097A062903D0217A012211432172217A8E
:103D7000002928D14030807F800715D4E069FDF705
:103D80005AFA61694031C877E069FDF756FA61690E
:103D900040310884E069FDF755FA6169022240313B
:103DA0004884887F10438877606900220146C031CB
:103DB0000B7A062B00D10A724030837FDB0702D1D9
:103DC00006234B72028310BDF8B5D14C60692030D8
:103DD000C17E0020FFF7FCFC0125002807D16069A7
:103DE0004030007F002802D1207A28432072207AB8
:103DF000002830D160690026014640304682857532
:103E0000B031E069FDF7EFF96169E0698831FDF7EC
:103E1000F3F960690146E030827D0827002A06D068
:103E2000817C002913D1C774067585740FE04A8818
:103E3000F8204252FA31E069FDF7C8F96169E0699A
:103E4000FF310331FDF7CAF96069E03087756069B9
:103E50000F212030C176F8BD10B5AD4C606920301F
:103E6000C17E0020FFF7B4FC002803D1207A012195
:103E700008432072207A002812D1E069FDF769F921
:103E800000280ED0E069FDF75FF96169CA2250523F
:103E9000098E00F0D6FD002806D0282000F05EFD37
:103EA00010BDFFF73AFF10BDE069FDF74BF96169FE
:103EB000C0310873E069FDF740F96169C031C8811C
:103EC000E069FDF72BF96169C0310882E069FDF70F
:103ED0002AF96169C0314882E069FDF729F9616911
:103EE000D422505208202031C87610BDF8B5884C35
:103EF000A079C00776D0207A002873D1606920307D
:103F0000C17E0120FFF764FC002863D1E069002531
:103F1000C178022701260B0002F076FB0D1613086C
:103F2000415A5A445C575A192F545A00FDF74CF91C
:103F30006169C62250543B20475440314D828E75F2
:103F400048E000F093FD45E0FFF786FF42E060693E
:103F50002030C17E0020FFF73BFC002802D1207AF0
:103F600030432072207A002834D160690146403104
:103F70004D828E750B2120300FE0606901462030A4
:103F8000C27E0C2A02D0227A3A432272227A002A76
:103F900020D1C57740310E770D21C1761AE0FFF7A9
:103FA00013FF17E0606901462030C27E122A02D05A
:103FB000227A3A432272227A002A0BD140318D753F
:103FC0001721EAE7FFF7C4FE04E000F00DFD01E071
:103FD000FFF7A3FE62690023106F516F401C594127
:103FE00051671067F8BDF8B5494C05466069203047
:103FF0008079012801D1FBF7E9FA012D14D160691C
:104000004021095C002903D12030C07F002801D065
:10401000FBF79BFDFBF7BDFAFBF7B0FAFBF708FADD
:10402000FBF72DFAFBF746FA60790225C107012656
:10403000002901D180070ED560692030817F0029D9
:1040400002D0032902D006E0867700E085770021C0
:104050000120FFF70AF960692030817F012903D12F
:104060006179090700D58577607A002803D100F0CF
:1040700027FDFFF7A4FC207900250028606902D005
:104080008030058403E08030018C491C0184607914
:10409000C00705D06069AC210D544030858104E033
:1040A000616940318889401C8881E079002806D008
:1040B0006169A031087B022806D8401C087360693A
:1040C000A030007B022806D9606901468030058453
:1040D0004584A0310D7360692030C17E0020FFF758
:1040E00077FB002804D160692030C07E072855D1B5
:1040F00060690146C0310A7A062A4FD0497A0629FA
:104100004CD03E21095C05E0FC3C0100BA050000F2
:10411000C4000020022941D1A030007B00283DD1FD
:10412000FDF74FFB002839D0FDF704FC002835D0FF
:1041300061690A468032508B01282FD90846A03089
:10414000844646716038C7898389B81E834201DB83
:10415000012002E0F81A401E80B2138CA789BB42EE
:1041600001D3012302E0FB1A5B1C9BB2984200D9E9
:104170001846012801D163465D71C0310B78002BD0
:1041800010D0528C49888A4201D3012102E0891A59
:10419000491C89B2884205D9084603E061690120BB
:1041A000A0314D7161690A8E803110188883FFF744
:1041B000DAFAFFF761FAFEF756FF002809D06069C6
:1041C0000146FF3001300279002A02D14988C180BE
:1041D00006716069A0308571F8BD70B5F84C6069F2
:1041E0002030407D00283ED0022810D1FDF7C2FAD1
:1041F000002804D17120F349000102F014F962692A
:104200000023916ED06E491C58419166D06660695A
:10421000002520304575017D012904D10575A1795E
:1042200010221143A171C17C012915D1C574A07957
:1042300008210843A071FDF76AFB002804D1E5209E
:10424000E049C00002F0EFF860690023816EC26EA1
:10425000491C5A41C266816660692030817D01290E
:1042600002D0012181753FE585753DE570B5D44CDF
:104270000026E169012508788207920F0420012AAF
:1042800015D0022A13D0032A03D0217A01432172C8
:104290002AE560780028FBD1606920308574A17917
:1042A0002943A17122E0C6751EE5C5751CE5497854
:1042B000CA0624D06278002AEAD1C906C90E1B2991
:1042C00018D8617901436171FDF75FFB002804D1C3
:1042D0003B20BC49400102F0A6F860690023016F51
:1042E000426F491C5A41426701672030C17D012954
:1042F000DBD1D8E7207A102108432072F4E460690A
:10430000F3E77CB504460020C0436946888001A8D5
:10431000FCF7B2FD00287AD169468888FCF790FD49
:10432000002803D0A749A84802F07DF8009801466C
:10433000E030827C0025002A08D0657010212170B1
:10434000C17CA170017DE170857472E082799C4E20
:10435000002A13D065700720207008E07169E620FC
:104360008D8445540A22A01CE83101F0DEFE00983D
:10437000E03080790028F1D1A5705AE0827D002AD2
:1043800038D0827D130002F03FF90D2F2F2F2F2FF1
:104390002F2F2F112F2F24082F0065700C21217033
:1043A000017EA17071694988A18010E065700820C4
:1043B00020707069082240886080201DFA3101F069
:1043C000B4FEFF2100980331095AA181E0308575C0
:1043D0002FE065700B212170017EA1707169498801
:1043E000A180017FA171F2E7774876495D3002F044
:1043F0001AF81EE0C81DF9300279002A08D01122EF
:1044000065702270811C89886180057111E012E05D
:10441000027A002A0FD012226570FF312270033118
:1044200004E005720A8962804A89A280027A002A21
:10443000F7D101207CBD00207CBD614800780128B7
:1044400001D00C2070470020704770B55C4C0546C9
:104450002078002804D05C485A49933001F0E3FFEB
:1044600000202561A07201202070FFF7E6FF0028E0
:1044700004D0554853499E3001F0D5FF34E4F8B5D7
:104480004F4F3978012901D00C20F8BD0126A62113
:1044900078610E548030807CFDF752F900282FD0CF
:1044A00078698030807CFDF753FA002828D078693D
:1044B0008030807CFDF7E5F9002821D078698030D4
:1044C000807CFDF70AFA00281AD0FAF7E6FF78692F
:1044D00000258030408B002827D039481830FDF760
:1044E000DAF9002821D07869C421095C00291CD0A0
:1044F0002030C17E0120FFF76BF9002802D014E0C4
:104500001220F8BD78692030C17E0420FFF760F9E1
:1045100000280AD1786950210D526030457102207F
:10452000FFF773F97869A03045717869E621095C75
:10453000002903D1818CC288914200D8C188B981F9
:1045400001468031CA8B521E93B20A8CD21892B2A5
:104550000A8494460246A0321479002C02D04D847D
:10456000157102E04C8CE4184C8404464034A78951
:10457000FF18A7814C8B012C01D8641C4C83002BA5
:1045800000D015732030C07E0D4C04281ED0507909
:1045900000281DD0A1898C451AD2FDF712F90028F8
:1045A00016D060690146C0310A78002A10D08030E8
:1045B000408C498888420BD3A570E6700AE0000061
:1045C000C4000020FC3C010081080000A67001E04E
:1045D000A570E5706069A5210D543B21095C062991
:1045E00001D0072918D1CA21028E095A511A09B2DD
:1045F000002911DB01460522CC310A3001F095FD7E
:10460000012202216069FCF7EEFE6069C9210D54A8
:104610003B210D546030867160699E210A5A811CCD
:104620003030FCF71EFFA07800283DD16069C02122
:10463000095C002901D0803045840120FAF7A4FDEF
:1046400060691330FAF713FF60690F30FAF753FE11
:104650000120FAF71FFF61694020405C002803D168
:104660003F20405C00280DD00A467831C8C9F9487F
:104670007832D26842632830C8C008220D30091D44
:1046800001F053FDFAF701FF01210846FAF758FE41
:1046900060698030806AFAF716FFFEF7A5FF60694F
:1046A0004030007AFAF730FE6571E571A571257228
:1046B0006572257102202070FAF7FCFE0020F8BD1B
:1046C00010B5E54C2078022801D00C2010BDA07850
:1046D000002803D00020FFF786FC17E0FAF7DDFE84
:1046E00000F033F9606920308079012801D1FAF7B0
:1046F00076FFA07A002809D0012807D0022807D029
:10470000032805D0D549D64801F08DFE002010BD04
:10471000EEF77EFCFAE7D0498872704710B5CE4CB0
:104720002078032804D0CE48CC49293001F07BFE04
:10473000606901212030827C002A06D00022827428
:104740000175A27904231A43A271A2691378DB438D
:104750009B0707D1C37C002B04D1C174A07902212F
:104760000843A0711078C00606D4E0690078C0063E
:1047700002D4E07900280CD06078002809D1A07913
:10478000002806D1FEF75DFC002802D0207A002820
:1047900003D00120FFF727FC03E0FEF725FF00F020
:1047A000D4F8207801280DD0A07A00280AD001285A
:1047B00008D0022807D0032805D0A948A7496830A7
:1047C00001F031FE10BD0120FBF719F810BD10B546
:1047D000A14C606920308079012812D1FAF7F6FEE9
:1047E0006169881C3031FCF7C5FE002809D060697A
:1047F000C21D4388F93253812030007E107301209E
:10480000107210BD70B5944C05462078042804D071
:1048100093489249803001F006FE617910200143EF
:104820006171002D50D0FBF7A8F96178012508438C
:10483000002811D160694021095C00290CD0E16990
:104840004A78D20608D0097820300907C07DC90F00
:10485000814201D165724EE0E078002809D0E0691C
:104860004178C90605D10078C00602D4FFF7AFFF32
:1048700041E0FFF7ACFFE06900784007C10F6069D5
:104880002030807D814205D0FFF7A7FC60790821A8
:1048900008436071E06900780007C10F606920304B
:1048A000C07D814201D1FFF7E1FC6079284360714E
:1048B0000020E071A079000704D560692030C07E37
:1048C000032818D0207A14E0022001436171E079B6
:1048D000401CC0B2E07101280DD8606940300078FA
:1048E00000280CD05B484078C106C90E052906D2C5
:1048F000C006002803D00120FFF775FB01E0FEF79A
:10490000BDFD207801280DD0A07A00280AD001280A
:1049100009D0022806D0032805D051484F49E2307B
:1049200001F081FD9FE40120FAF769FF9BE410B5D7
:1049300049480078042804D049484849EA3001F041
:1049400072FD0120FFF74FFB10BD10B501210020C3
:10495000FAF7DBFE40490420087010BD3E494A22A8
:104960004969505404202031C876704710B53A4C3C
:10497000C8206169405C00281CD0062806D0203180
:10498000C97E0020FEF724FF002813D0606901468D
:10499000C0310A7A130001F037FE070D0D0D0D0D21
:1049A0000D050D004030807FC20704D0C043800752
:1049B00000D1087210BD0C20FEF727FF60690122AC
:1049C0004030817F1143817710BD10B5002A0AD095
:1049D000002306E0D41A6418203CE47FC4545B1C16
:1049E000DBB29342F6D310BD7CB51B4C606920301E
:1049F000C17E0020FEF7ECFE0125002802D1207ABE
:104A000028432072207A00281AD16946E069FCF711
:104A100022FC684600780022C107C90F6846017071
:104A20006069002902D06030057101E060300271D8
:104A30006069014640304282857509202031C87680
:104A40007CBD401A074900B2884201DC00280BDC1B
:104A50000120704790140020C4000020FC3C01009D
:104A6000F4090000FE7F00000020F2E710B5534C6F
:104A700060692030C17E0020FEF7AAFE0028207A5F
:104A800010D000280DD1E069FCF797FB6169CA22BC
:104A90005052098EFFF7D5FF002807D02820FFF7D6
:104AA0005DFF10BD01210843207210BD6169E069FE
:104AB000CC31FCF77AFB606906212030C17610BD4D
:104AC00010B500F04EF83D4C607940070BD5606999
:104AD0002030C17E0520FEF77BFE002803D0207A1F
:104AE000082108432072FFF701FA00F018F8FFF7D9
:104AF00073F8A079C0060FD5207A00280CD1606920
:104B00002030C17E0B0001F07FFD07070707070774
:104B1000070507000721C176FEF7F3FF10BD10B5AA
:104B200026488179490715D5017A002912D14069B3
:104B30003B21095C891E0B0001F066FD07050C0C8A
:104B40000C0D0C0F0C00002256210A54C030807945
:104B5000FFF704FF10BD012100E00221C0304172C7
:104B600010BD10B515488179090720D5017A0029B3
:104B70001DD1406902462032D47EA41E230001F0DC
:104B800043FD13160B1616161616161616161616BF
:104B90001616161616171600562211546030407954
:104BA000002801D0062000E01620FFF7D7FE10BD38
:104BB0004030C1768175D17610BD0000C400002060
:104BC00030B50346002002460DE09C5C2546303D92
:104BD0000A2D02D30020C04330BD0A256843303877
:104BE0002018521CD2B28A42EFD330BD70B50D46A8
:104BF000144608E00A2101F012FB2A193031203A4C
:104C0000641ED177E4B2002CF4D170BD10B500233E
:104C100010E0040A00020443A0B2CC5C4440200629
:104C2000000F60400407240C44402006C00C604084
:104C30005B1C9BB29342ECD310BD000010B572B662
:104C400000F0DCF800280BD0ECF72AFBF8F7EFFDBA
:104C500000F0A5FD6E490020C86288626D490860B9
:104C600062B6002010BDF3B5002501200007C06A20
:104C700081B0C0430006000E04D167480068401CA4
:104C800000D1012572B600F0B9F8002802D062B652
:104C90000820FEBDECF75AFAECF706FB5F4B604EBE
:104CA00000211A68CA40D2071FD00246CA40D20764
:104CB00018D14AB2002A07DA1407240F083CA408C6
:104CC000A400A419E46904E09408564FA400E41970
:104CD00024689207D20ED4402206920F012A04D0F3
:104CE000032A02D062B65048FEBD491C2029D8D301
:104CF0000198030001F088FC14212323232323239C
:104D000023230B0D0F11131F1517191B1D2E002424
:104D100016E0012414E0022412E0032410E004242D
:104D20000EE008240CE009240AE00A2408E00B2421
:104D300006E00C2404E0052402E0072400E0062439
:104D4000F06901210002000AC9070843F061002D43
:104D500004D009E062B601200003FEBD2C4D3348AB
:104D6000E862ECF7A1FAA8622A49314808603149A3
:104D700002980860ECF798FA214600F0F7FCF8F783
:104D80001AFD00F0FDFE00F073FD0198ECF756FAF5
:104D9000040062B603D0FFF751FF2046FEBD00209D
:104DA000FEBD10B5044600F029F8002800D001200F
:104DB0002070002010BD204908600020704710B509
:104DC0000C46102808D011280BD012280CD013281C
:104DD0000ED00120086010BD03CC083CFFF743FF54
:104DE0000AE0FFF72BFF07E02068FFF7DAFF03E098
:104DF0001149206808600020206010BD05480C495A
:104E00000068884201D101207047002070470000EF
:104E100000050040780000200010001000E100E0D4
:104E200000ED00E000E400E00110000000190000C7
:104E3000BEBAFECAE40000200400002010B52038ED
:104E40000C46030001F0E0FB33A6AAAEB2B8BCC02A
:104E5000C5E0DBE41B1F23272C31373C41474D5075
:104E600054585C606D71656974787C8084888C901E
:104E700094989C9FA2CACFE9F0F3D3D7F80020689A
:104E800000F0DDF8D6E0206800F0E1F8D2E020681C
:104E900000F0F5F8CEE0207840B200F0D7FAC9E093
:104EA000207840B200F0F5FAC4E02078616840B2A2
:104EB00000F008FBBEE0207840B200F018FBB9E03B
:104EC000207840B200F023FBB4E02078217940B292
:104ED00000F02EFBAEE02078616840B200F058FB95
:104EE000A8E000F064FBA5E0206800F068FBA1E00A
:104EF000207800F07DFB9DE02068F8F72CF899E021
:104F00002068F8F72CF895E021792068F8F72EF85A
:104F100090E0206800F0E6F98CE0206800F0E7F906
:104F200088E0207800F0E7F984E000F0F1F981E012
:104F3000207800F0F3F97DE0207800F005FA79E0C0
:104F4000206800F01EFA75E0206800F020FA71E099
:104F5000206800F022FA6DE0206800F023FA69E092
:104F6000206800F025FA65E0206800F027FA61E08B
:104F7000206800F028FA5DE00846ECF7FFF859E0F9
:104F8000EDF719FA56E0EDF746FA53E02068EDF731
:104F90004EFA4FE0206800F0E1F84BE0206800F0A6
:104FA000E9F847E0206800F0F0F843E02078A268D4
:104FB000616800F0F5F83DE0207800F006F939E08E
:104FC000207800F017F935E02078616800F027F9C3
:104FD00030E02078616800F03AF92BE02179207800
:104FE00000F016FC26E0206800F06BF822E0206854
:104FF000F8F70CFB1EE02068F8F7F0FA1AE007CC8F
:105000000C3C00F0FFFC15E0206800F052FD11E0C0
:1050100003CC083C00F07DFD0CE0206800F06EFF42
:1050200008E009E003E0FFE700F080FF02E020680D
:1050300000F0B8FF206010BD0120086010BD002105
:105040000170084670470146002008707047EFF372
:105050001081C907C90F72B60278012A01D0012256
:1050600000E0002201230370002900D162B6002A6B
:1050700001D000207047012040037047E7E7EFF3BD
:105080001081C907C90F72B600220270002900D131
:1050900062B600207047F2E710B52848FFF7CFFF4F
:1050A000002803D026A11D2001F0BDF92348401C93
:1050B000FFF7C5FF002803D021A1212001F0B3F99B
:1050C00010BDF1B5224D6F6801261C48FFF7BFFFE8
:1050D0001A4C002803D10026601CFFF7D0FF1D4AA0
:1050E0001D490120506000BF00BF00BF00BF00BFCE
:1050F00000230B604B60009B6B60106000BF00BF23
:1051000000BF00BF00BF0868002802D1486800281F
:10511000F9D048680028E4D1002E04D06F60601CEC
:10512000FFF795FF07E0601CFFF791FF0028D3D140
:105130000248FFF7A4FF0020F8BDC2E7E800002006
:105140007372635C736F635F6563622E630000005C
:1051500000E5004000E0004000E100405A495B4BA0
:105160000A685B499A42096801D18904890C016087
:10517000002070475449554B0A6855499A4201D15D
:105180008004800C4860002070474F494F4B0A68EC
:105190004F499A4201D18004800C886000207047FA
:1051A00030B5494B494D1C684A4BAC4202D01028DF
:1051B00002D203E00E2801D3184630BDC300444894
:1051C000181801614261002030BD3F493F4B0A6819
:1051D0004049491C9A4202D0042802D203E0022826
:1051E00001D3084670473C4A0121C0008018016085
:1051F000002070473449354B0A683649491C9A42A9
:1052000002D0042802D203E0022801D308467047E6
:10521000314A0121C000801841600020704770B5FC
:10522000294A2C4B14682D4E284D82005B1C921984
:10523000AC4203D0042803D2116006E0022801D357
:10524000184670BD8804800C1060002070BD70B5D9
:105250001D4A204B1468214E1C4D82005B1C921984
:10526000AC4203D0042803D2106806E0022801D320
:10527000184670BD10688004800C0860002070BD66
:1052800010B5134A164890600E200021C3009B18E9
:1052900019615961401C1028F8D300200F4A05E01D
:1052A000022803D383009B18196005E083009B1834
:1052B0001C68A404A40C1C60401C0428F0D310BD7E
:1052C000034907488860704778000020BEBAFECACC
:1052D00000F501400820000000F0014000F8014006
:1052E00000C0FFFF47490968016000207047454939
:1052F0000860002070470121434A002803D001289C
:1053000003D042487047916300E0D16300207047AA
:105310003F49012008603D48801C704704223D4BF6
:105320003B49002805D05A600869012210430861F2
:1053300008E008694008400008619A60324900208E
:10534000C03188600020704731490622002808D00B
:10535000012809D002280DD003280FD02B48401C6B
:1053600070470869904302E008699043801C086117
:105370000020704708699043001DF8E70869104352
:10538000F5E723494A6A02434A62002070472049F0
:105390004A6A82434A62002070471D49496A016097
:1053A000002070471A49CA690243CA610020704749
:1053B0001749CA698243CA61002070471449C96904
:1053C0000160002070471249024600204031002A47
:1053D00003D0012A01D0072070478A6370470D4926
:1053E0000420886008490020C03188600A480168AC
:1053F0008022090A0902114301600849012008605E
:1054000070470000000400404000004004200000FD
:10541000000500400003004000E400E000E100E07F
:105420008107C90E002808DA0007000F0838800835
:10543000814A80008018C06904E080087F4A8000AB
:1054400080180068C8400006800F704710B50446F9
:1054500000F0DBF8002813D02046FFF7E1FFC0B2D0
:1054600000F0E1F800280DD07549E2060B78D20E65
:1054700001209040002B08D04A681043486006E0A5
:10548000704810BD6F48401C10BD6F490860002077
:1054900010BD10B5044600F0B8F800280BD06849DC
:1054A000E2060B78D20E01209040002B05D04A680E
:1054B00082434A6004E0634810BD6349803108605C
:1054C000002010BD70B50D46044600F09EF800287F
:1054D0000BD05E480068E206D20E012191400840E0
:1054E00000D001202860002070BD564870BD10B566
:1054F000044600F08AF8002807D0E106C90E012012
:10550000884052490860002010BD4E4810BD10B5BB
:10551000044600F07AF8002808D0E106C90E012000
:1055200088404A4980310860002010BD454810BDC0
:1055300070B50D46044600F068F8002819D02846DA
:1055400000F071F8002816D0A007C10EFF228A4093
:10555000A807000E8840002C10DA2107090F08392F
:105560008B0835499B005B18D96991430143D96188
:105570000CE0344870BD3348401C70BDA3082F496F
:105580009B005B181968914301431960002070BDAE
:1055900070B50C46054600F038F8002805D02846BE
:1055A000FFF73EFF2070002070BD264870BDBFF39E
:1055B0004F8F21492648C860BFF34F8FFEE770B573
:1055C0001F4C05462178012000290ED1207072B6AB
:1055D00000F0F4F81C4E803631688143616000F0C1
:1055E000EDF8C043306062B600202870002070BD26
:1055F00013490A78002A06D0002804D1124A4868C4
:105600001060002008700020704710B50446202864
:1056100007DA00F0D3F80121A140084201D10120AE
:1056200010BD002010BD012803D0032801D00020A8
:10563000704701207047000000ED00E000E400E04A
:10564000EC0000200120000000E100E000E200E0AA
:105650000400FA05F8B50446800700250126002855
:1056600004DA5848C563C66302208443E00404D5C5
:105670005548C563C66380148443600003D553480E
:10568000456080058443E00504D55148C563C66381
:1056900080158443A00404D54E48C563C6634014F6
:1056A000844360042704C00FF90F884203D04AA145
:1056B000612000F0B8FEB80F0AD04C49CD634C48C9
:1056C000C563C563CE63C663C6630320800384439A
:1056D00020050AD5474FFD632F20EBF765FDFE63DC
:1056E0002F20EBF761FDF8148443FFF7C9FD424812
:1056F000044203D038A18D2000F095FEF8BDF0B52E
:1057000000210A46FF230446CC40E4072AD04CB2CD
:10571000E606F60E0125B540384E3560384E356048
:10572000002C11DA25072D0F083DAE08354DB600C7
:105730007719FD69A407E60E1C46B440A54314463C
:10574000B4402543FD610DE0A6082F4DB600761943
:105750003568A407E70E1C46BC40A5431446BC4070
:1057600025433560491C2029CDD3F0BD70B5274CA9
:105770000D462060FFF76EFF2068FFF7C0FF284648
:10578000ECF7EAFEFFF788FCF7F778FBFFF778FD08
:10579000FFF725FEECF766FD00F06AF870BD10B566
:1057A0001A4C2068FFF756FF2068FFF7A8FFFFF7A5
:1057B00067FDECF74BFF0020206010BD1348006828
:1057C00070470000C01F0040C0CF004000E501400E
:1057D000C08F0040C0DF00407372635C736F635F13
:1057E000636F6E6669672E6300000000C0EF0040C3
:1057F000C0FF0040C0BF0040FEFF0FFC80E100E0A2
:1058000080E200E000ED00E000E400E0F4000020B1
:1058100070B5002402460D4620462146002A1ED0BF
:10582000012A04D0022A04D0032A1ED103E0012059
:1058300002E0022013E003202B0000F0E5FE071633
:105840000507090B0D0F1600012108E0022106E0F3
:10585000032104E0042102E0052100E00621F8F71D
:1058600058F8002801D0204670BD0724FBE700004F
:10587000B348002101708170704770B5B14D0123AC
:105880006B60B14B1C68002CFCD0002407E00E6854
:1058900006601E68002EFCD0001D091D641C944289
:1058A000F5D30020686018680028FCD070BD70B582
:1058B000A34C0E466178884203D0A4A16F2000F06B
:1058C000B2FD0325330000F09FFE09520624245246
:1058D0005252524952002078022803D09BA17320D3
:1058E00000F0A1FD2570A078022802D0012804D084
:1058F00008E0A06800F0D2FB04E02046083007C8AA
:10590000FFF7BBFF0020A070F7F7A4FF0420207072
:1059100070BDF8F754F801466068F9F776FA064664
:105920002078022803D089A1872000F07CFD8B4AD3
:105930008B498C48964205D86269032A02D2521CD0
:10594000626102E0864207D84D71801BC8608449BD
:105950006078F8F7B4FC70BD032003E0A07800285D
:10596000FAD10220F7F77EFE00F0E1F870BD77A1D2
:10597000B12000F058FD70BD70B50546F8F71FF86E
:105980006F4C60602078012803D070A1B82000F02F
:105990004AFD73490220087000220A718D600422BA
:1059A0004A71704ACA6020706078F8F788FC70BD50
:1059B00010B5634CA078002802D12078002801D0CF
:1059C000112010BD6848F7F78BFF607060780028E1
:1059D00004D0012020700020606110BD032010BDA4
:1059E00010B50124020B64040121604BA04202D2D5
:1059F0009140186802E0203A58689140084000D071
:105A0000012010BDF8B50E46910005464F19144609
:105A10003F1F009100F053FB009980028919091F74
:105A2000B14201D2012200E00022002C03D0FF216C
:105A300001318C4201D90920F8BD4D498D4219D35D
:105A4000AF4217D3854205D2874203D2284630435E
:105A5000800701D01020F8BD8E420BD3002A09D157
:105A60002846FFF7BDFF002804D13846FFF7B8FFEE
:105A7000002801D00F20F8BD3E483F490068884209
:105A800005D0224631462846FFF7F7FE0FE0FFF724
:105A90008FFF0028EFD12A480121C660856004618C
:105AA00081702046302148431830FFF765FF002001
:105AB000F8BD10B504462E48800A84420BD300F08E
:105AC000FEFAA04201D8102010BDA0020446FFF744
:105AD00087FF002801D00F2010BD26482649006806
:105AE000884203D0204600F0D9FA0AE0FFF760FFB1
:105AF0000028F1D112480221846081701F48FFF70D
:105B00003BFF002010BD1A48010B01208840401EB9
:105B1000704700B50B460246FFF7F5FF104201D073
:105B20000F2000BD114802604360002000BD10B589
:105B3000034C6078F7F728FF00202070A07010BD9C
:105B4000F800002000E5014000E401407372635C4E
:105B5000736F635F666C6173682E6300307500005D
:105B6000E0140020D0FB0100AF5801000006004007
:105B70000080010078000020BEBAFECA3A5600003C
:105B8000F74805218170002101704170C17081606A
:105B9000704710B5F3490A78022A07D0CA6810186E
:105BA000C860C8689638F9F7E9F810BD8A68101817
:105BB00088608868F6E70378EB49EC4A002B02D04E
:105BC000012B10D014E00379002B01D0012B0FD151
:105BD0004379002B01D0012B0AD18368643B8B42AF
:105BE00006D2C06810E00379002B03D0012B01D04E
:105BF000002070474379002B01D0012BF8D1C368F6
:105C0000643B8B42F4D280689042F1D80120704707
:105C1000F8B504460226F8F740FD0068002803D0D6
:105C2000D3A1BD2000F0FFFB0127CD4D002C08D0F3
:105C30002078002817D0012805D0022811D0032889
:105C400013D02F710DE06068C82808D3F9F70BF95D
:105C5000002804D06068FFF79CFF012603E00026BF
:105C600001E000F0F9F93046F8BD28780028F8D1B5
:105C70006068FFF7A0FF0028E3D060680078002884
:105C800026D0A878042803D0B9A1F72000F0CBFBD8
:105C9000B44F0020387060680079012800D00020DF
:105CA000387160684079002837D0042078716068C6
:105CB0008168E868F8F71DF9B8606068C0689630D8
:105CC000F8600320A870A749E878F8F7F8FAC8E761
:105CD000A4480221017061680979012919D00021C5
:105CE000017161684979002915D004214171616809
:105CF0008968963181606168C968C160C068984CE4
:105D000014346060F7F75BFE20606F700220A870AB
:105D1000A7E70321E4E70321E8E70320C6E7F8B596
:105D20008F4C0D46E178884204D0FF2090A11930B5
:105D300000F079FB28468A4F00250126143703001E
:105D400000F062FC090612375A7C8D97C4A0C4008B
:105D5000A078032807D0A078022804D0FF2084A1CF
:105D60001D3000F060FBF8BDA078032807D0A078B4
:105D7000022804D0FF207EA1213000F054FB042033
:105D8000A07025712078002810D1FFF702FFE0787D
:105D9000F8F7D6F8E0607D49886A7D4A02402261C2
:105DA0007B4AD24310408862002050E000F054F952
:105DB000F8BDA078032807D0A078022804D0FF20DF
:105DC0006BA1423000F02FFB2078002802D000F0B9
:105DD0004FF9F8BDA07803281FD104202AE0091A42
:105DE0006048C1600146E078F8F769FAF8BD042020
:105DF000F7F738FCA570F8BDA078032807D0A07885
:105E0000022804D0FF205AA1633000F00CFB207858
:105E10000028DCD1A07803280BD0F7F7D0FD01468D
:105E20003868F8F7F2FF0028E1DB79688142DEDBB1
:105E3000D5E70520F7F716FCA670F8BDA078042872
:105E400004D0FF204AA1843000F0EDFA0220A168BE
:105E50008847FFF7DDFEFF260546BD3642E0A07805
:105E6000042804D0FF2042A1893000F0DCFA012090
:105E7000EDE7A078042899D0FF203DA18E3000F0F6
:105E8000D2FA93E7A07804280AD06078002802D0DC
:105E9000A078022804D0FF2035A1933000F0C3FA87
:105EA0002078002893D12079002804D00620F7F725
:105EB000D9FB2571C0E76078002805D02949E07832
:105EC000F8F7FDF96570F8BD0720B3E7FF2028A1BA
:105ED000AE3046E7002D0AD0012D06D024A1304671
:105EE00000F0A1FA022DF5D1F8BD042000E0032056
:105EF000A1688847FFF78CFE0546F3E770B50500FB
:105F000005D0174CA078052803D0112070BD1020B3
:105F100070BD2048F7F7E4FCE070E078002803D07B
:105F2000A5600020A07070BD032070BD10B50C48A6
:105F30000178002901D0112010BD817805292BD0CE
:105F4000817801292AD08178002927D00121017088
:105F50008178012922D0807800281FD020E000001D
:105F600010010020F01400203D860100FF1FA10752
:105F70007372635C736F635F726164696F5F74698E
:105F80006D65736C6F742E630000000000050040A7
:105F9000028100001F5D01000F2010BD00F068F8B5
:105FA000002010BDF8B5394E0446B078002801D065
:105FB00001280DD1002C0DD02046FFF7FCFD002854
:105FC0000AD02078324D002808D0B078012823D09C
:105FD0000F20F8BD1020F8BD0720F8BD02272F7054
:105FE0002079012814D0002028716079002811D070
:105FF00004206871A0689630A860E068E860E868EE
:10600000224C14346060F7F7DAFC2060B77019E0B6
:106010000320E9E70320ECE700202870207901281D
:1060200016D0002028716079002813D004206871F0
:10603000A168F068F7F75DFFA860E0689630E86057
:106040000320B0701249F078F8F739F90020F8BD54
:106050000320E7E70320EAE710B50E48816A0E4AFD
:1060600011400A4A126911438162F7F7F3FB10BD30
:1060700010B5064CE078F7F787FC0820F7F7F2FA3E
:106080000520A07000202070607010BD100100205D
:10609000F014002000050040FD7EFFFF0A4A0221A7
:1060A00051600A490B68002BFCD0906008680028FA
:1060B000FCD00020506008680028FCD07047012008
:1060C000000740697047000000E5014000E401401E
:1060D000034610B50B439B070FD1042A0DD308C804
:1060E00010C9121FA342F8D018BA21BA884201D9A8
:1060F000012010BD0020C04310BD002A03D0D307EB
:1061000003D0521C07E0002010BD03780C78401C1F
:10611000491C1B1B07D103780C78401C491C1B1B16
:1061200001D1921EF1D1184610BDF8B5042A2CD326
:10613000830712D00B78491C0370401C521E830742
:106140000BD00B78491C0370401C521E830704D0EF
:106150000B78491C0370401C521E8B079B0F05D007
:10616000C91ADF002023DE1B08C90AE0EBF72CF870
:10617000F8BD1D4608C9FD401C46B4402C4310C064
:10618000121F042AF5D2F308C91A521EF0D40B7854
:10619000491C0370401C521EEAD40B78491C037042
:1061A000401C012AE4D409780170F8BD01E004C064
:1061B000091F0429FBD28B0701D50280801CC90767
:1061C00000D00270704700290BD0C30702D00270C4
:1061D000401C491E022904D3830702D50280801C7B
:1061E000891EE3E70022EEE70022DFE70378C278AA
:1061F0001946437812061B0219438378C0781B04A2
:10620000194311430902090A000608437047020AAC
:1062100008704A70020C8A70020ECA707047002221
:1062200003098B4273D3030A8B4258D3030B8B426F
:106230003CD3030C8B4221D312E003460B437FD4A3
:10624000002243088B4274D303098B425FD3030AB5
:106250008B4244D3030B8B4228D3030C8B420DD3C8
:10626000FF22090212BA030C8B4202D31212090256
:1062700065D0030B8B4219D300E0090AC30B8B4294
:1062800001D3CB03C01A5241830B8B4201D38B0342
:10629000C01A5241430B8B4201D34B03C01A5241E7
:1062A000030B8B4201D30B03C01A5241C30A8B422A
:1062B00001D3CB02C01A5241830A8B4201D38B0215
:1062C000C01A5241430A8B4201D34B02C01A5241B9
:1062D000030A8B4201D30B02C01A5241CDD2C3092B
:1062E0008B4201D3CB01C01A524183098B4201D3A7
:1062F0008B01C01A524143098B4201D34B01C01A92
:10630000524103098B4201D30B01C01A5241C30809
:106310008B4201D3CB00C01A524183088B4201D378
:106320008B00C01A524143088B4201D34B00C01A64
:106330005241411A00D201465241104670475DE079
:10634000CA0F00D04942031000D3404253400022FC
:106350009C4603098B422DD3030A8B4212D3FC22A5
:10636000890112BA030A8B420CD3890192118B4224
:1063700008D3890192118B4204D389013AD092113A
:1063800000E08909C3098B4201D3CB01C01A5241F5
:1063900083098B4201D38B01C01A524143098B42BE
:1063A00001D34B01C01A524103098B4201D30B01A7
:1063B000C01A5241C3088B4201D3CB00C01A5241CC
:1063C00083088B4201D38B00C01A5241D9D24308B3
:1063D0008B4201D34B00C01A5241411A00D20146F0
:1063E000634652415B10104601D34042002B00D55A
:1063F0004942704763465B1000D3404201B500201C
:10640000C046C04602BD70477047704710B500F0E7
:106410003BF810BD012308CB134B1860134B1960D8
:10642000134B1A607047134A134B13607246053AB8
:10643000F0E7114A0F4B1B689A420ED10D4B00201A
:10644000186001980D4B04B598470CBC9E46024657
:10645000029800990A4B1B68184706980599094B42
:106460001B68DB6818470000340100203801002059
:106470003C0100202C010020EFBEADDEC9CD0000A4
:10648000E4000020040000201D481E497047FFF76B
:10649000FBFFEAF753FE00BD01200007C06AC0B24F
:1064A000FF2804D1184819490968884202D01848C1
:1064B00018490160184819490968884203D1184AE7
:1064C00013605B68184700BD20BFFDE71248134901
:1064D000096888420ED1134B18680B498842F3D0E3
:1064E00080F308881049884204DD104802680221C0
:1064F0000A4302600E4880470E4880470E48004716
:106500000015002000150020FFFFFFFF0010001005
:106510002C050040080000000010000000000020D2
:10652000040000200080010000200020240500401D
:10653000DFCD000099640100156401001348704527
:1065400002D1EFF3098101E0EFF308818869023895
:106550000078102814DB202810DB2B280BDB0C4ADA
:1065600012680C4B9A4203D1602804DB0A4A104798
:10657000022008607047094A10470000084A104787
:10658000084A12682C32126810470000FDFFFFFF16
:1065900078000020BEBAFECAAD1200003D4E0100D8
:1065A000BF4D0100040000200D4B0E4908470E4B63
:1065B0000C4908470D4B0B4908470D4B0949084743
:1065C0000C4B084908470C4B064908470B4B05493B
:1065D00008470B4B034908470A4B0249084700008C
:1065E00079250000192200009D2B00003F2A0000A1
:1065F000ED2900009F270000B912000013140000CD
:10660000012B00000F23000030B47446641E25786F
:10661000641CAB4200D21D46635D5B00E31830BCD6
:10662000184703B5684600784006400E401C884273
:1066300005D269460878401CC0B208700CBD684697
:106640000078000601D500200CBD80200CBD414023
:10665000802901D0002070470120704737B50878A5
:106660000C4669460978884206D020781146FFF723
:10667000D8FF207001203EBD00203EBD37B5044646
:106680000078154669460979FFF7E1FF002801D037
:1066900000203EBD20782946FFF7C3FF207001206F
:1066A0003EBD0FB568460179007881420AD0684640
:1066B000007922214006400E4843801818600120CE
:1066C00004B000BD0020FBE77FB5684601791C4699
:1066D00015460078FFF7BBFF002802D0002004B069
:1066E00070BD6846007822214006400E484340199C
:1066F00020600120F3E70000FFFFFFFF0000FFFF25
:106700000100030000000100000000000000000084
:1067100000000000000000008700000000000000F2
:10672000000000000000000000000001020304005F
:106730000D0E0F100000000033690000516B0000C7
:10674000196C0000736C0000C76C00002F6D000016
:106750008D690000456A0000D16D0000DF790000FE
:10676000100110013A0200001A02000004013C006E
:10677000230044000E0001020408102040805555FB
:1067800055D6BE898E0000007006120DB4130000AD
:1067900014035A06A00900006004F208840DF401F5
:1067A000FA00960064004B0032001E001400000046
:1067B000E067010008000020100000000411000044
:1067C000F0670100180000202801000004110000FB
:1067D0001869010040010020C013000020110000D2
:1067E0000249022208681042FCD0704700E200E033
:1067F0000000000000000000000000000000000099
:106800000000000000000000000000000000000088
:106810000000000000000000000000000000000078
:10682000000000000100010054000020FB349B5FC9
:106830008000008000100000000000000000000048
:106840000000000000000000000000000000000048
:106850000000000001000000000000000000000037
:106860000000000000000000000000000000000028
:106870000000000000000000000000000000000018
:106880000000000000000000000000000000000008
:1068900000000000000000000000000000000000F8
:1068A00000000000000000000000000000000000E8
:1068B00000000000000000000000000000000000D8
:1068C00000000000000000000000000000000000C8
:1068D00000000000000000000000000000000000B8
:1068E00000000000000000000000000000000000A8
:1068F0000000000000000000000000000000000098
:106900000000000000000000196401000000000009
:0869100000000000000000007F
:1080000000400020415802007D5802007F580200C5
:108010000000000000000000000000000000000060
:108020000000000000000000000000008158020075
:108030000000000000000000835802008558020084
:108040008758020099E00100FD6202008758020093
:1080500087580200000000004959020087580200BA
:10806000875802006D680200315F020087580200E5
:10807000875802008758020087580200875802007C
:10808000875802008758020087580200875802006C
:1080900087580200FD460200F9530200875802008B
:1080A000875802008758020000000000000000000E
:1080B00000000000000000000000000000000000C0
:1080C00010B5064C2378002B07D1054B002B02D0AE
:1080D000044800E000BF0123237010BDA02200204F
:1080E00000000000A8720300084B10B5002B03D05D
:1080F0000749084800E000BF07480368002B00D18B
:1081000010BD064B002BFBD09847F9E7000000009C
:10811000A4220020A87203007422002000000000A6
:10812000164B002B00D1144B9D46402292029A1A06
:10813000924600218B460F461348144A121A1CF02F
:108140006DFF0F4B002B00D098470E4B002B00D03B
:1081500098470020002104000D000D48002802D09F
:108160000C4800E000BF16F08DFB200029001CF039
:10817000ECFC16F071FBC046000008000040002037
:10818000000000000000000078220020142B0020D6
:10819000000000000000000010B50400034B416027
:1081A0000360080019F003F8200010BDA058030078
:1081B00070B50500082002F0ADF9041E05D0044B8F
:1081C00045600360280018F0F2FF200070BDC04633
:1081D000A05803001FB50C00416803A803F0E0FDA0
:1081E000002362420193009303A9034805F0AAF813
:1081F00003A818F096FE1FBD1024002030B585B0EE
:108200000C00416803A8150003F0CAFD0023624278
:10821000009303A90195044805F094F803A818F009
:1082200080FE05B030BDC0461024002030B585B0BA
:108230000D00416802A8140003F0B2FD02A903A8D2
:1082400018F07CFE00230193FF3B220003A900935A
:1082500005482B0005F032F903A818F062FE02A8C9
:1082600018F05FFE05B030BD1024002010B50AB232
:10827000FF2301B2014803F0ABFD10BD84240020B0
:10828000F8B5FF2304000D0016009A420CDC002311
:108290009A4209DDFF339A4206D0094F380019F09F
:1082A00035FD012807D133002AB2DBB221B20548DF
:1082B00003F08EFDF8BD0121380019F009FDF2E749
:1082C000102400208424002010B50AB2002301B23B
:1082D000014803F07DFD10BD8424002010B50AB2D2
:1082E00001B2024803F08AFD10BDC046842400207C
:1082F00010B5024819F00CFD10BDC0461024002036
:1083000010B50100014805F007F910BD1024002048
:1083100010B5024804F05CFF10BDC04610240020D8
:1083200010B5C1B2014819F0D3FC10BD10240020D3
:1083300010B5024819F0EAFC10BDC0461024002018
:10834000030010B50448002B02D019F025FD01E010
:1083500019F027FD10BDC0461024002037B50C4988
:1083600001A819F028FD01A803F02AFD050001A8C5
:1083700018F0D7FD082002F0CDF8041E02D0290025
:10838000FFF70AFF280018F01CFF20003EBDC04682
:1083900010240020F8B504000E00082809D1E425B7
:1083A000134F6D0078590368DB699847022819DD7F
:1083B00003E00300093B012B06D932001023210002
:1083C0000D2002F053FCF8BDE425094F6D007859EB
:1083D0000368DB6998470528EFDC785908210368B2
:1083E0009B6903E00421785903689B699847E4E797
:1083F0002023002070B5E424064D640006002859AF
:1084000018F0AEFF285918F0DAFF801B434258419C
:10841000C0B270BD20230020030010B50948012B15
:1084200002D0022B03D1084818F0D7FF05E0002046
:10843000032B05D1054819F0FCFF431E9841C0B23B
:1084400010BDC04688240020B0240020D82400207D
:10845000F7B5E422214B5200985818F081FF11F033
:108460007FFAE4221D4B5200040098580D0018F0CA
:108470007EFF11F075FAE422184B5200060098585E
:108480000F0018F07BFF11F06BFA220000900191B1
:108490002B002000290010F03FFC32003B000400BC
:1084A0000D003000390010F037FC02000B002000F6
:1084B00029000FF0E1FC009A019B0D000400190057
:1084C000100010F029FC02000B00200029000FF022
:1084D000D3FC12F061FF11F00DFAFEBD2023002045
:1084E000030010B50020032B1BD818000EF0D0FAA3
:1084F00002091017E4230B4A5B00D05818F030FF34
:108500000FE0E423074A5B00D05818F030FF08E082
:10851000E423044A5B00D05818F030FF01E0FFF775
:1085200097FF10BD2023002010B5024819F04FFC22
:1085300010BDC04610240020E62310B5024A5B009F
:10854000D05804F09DFA10BD2023002010B5024839
:108550001AF071F910BDC0460025002010B50028A2
:1085600008D001280DD1E423074A5B00D05803F05E
:10857000EDFF07E0E423044A5B00D05803F0D0FF8E
:1085800000E0002010BDC0462023002070B5E62486
:10859000164D64000600285918F08CFF002802D1FF
:1085A000285904F06FF9032E16D830000EF070FA37
:1085B00002060A0E285918F0F0FF0AE0285918F0B0
:1085C000F3FF06E0285918F0F6FF02E0285918F0EA
:1085D000A7FF11F0C5F901E0002000210022044BA3
:1085E0000FF076FF00F082FA70BDC0462023002015
:1085F00000408F40E62310B5024A5B00D05804F0DB
:1086000041F910BD20230020E423044A5B0010B58B
:108610000100D05802689269904710BD20230020C5
:1086200013B50423C25E811D684603F05BFB022381
:108630006A4601A8084906F02DF801980223C15E98
:10864000043016F0B1FD040001A818F0ADFB684637
:1086500018F0AAFB200016BD2423002013B50E4CF1
:10866000200019F0E9FF021E05D101000B4816F0A9
:108670009BFD04000EE00023210001A81AF01EF863
:1086800001980223C15E043016F08EFD040001A89B
:1086900018F08AFB200016BD24230020626D030021
:1086A00037B50D000423C25E811D01A803F01AFB3B
:1086B000094C01A90022200005F01EFE01A818F0B7
:1086C00073FB2A00102301210C2002F0CFFA0021B5
:1086D000200005F05DFF37BD2423002007B50028EA
:1086E0000DD00423C25E811D01A803F0FBFA022213
:1086F00001A9034819F0D9FF01A818F055FB07BDDF
:108700002423002010B5002806D00100426808315B
:108710000223024805F0CCFE10BDC04624230020F1
:108720000223F7B5051E124F019305DC380019F03E
:1087300083FF0023050001932900002000F0A6F824
:1087400004002600083601F0CFFF31003800019BFD
:10875000626805F03FFF27000100854203D030002A
:1087600000F094F80700200017F022FF3800FEBD4B
:10877000242300200C4B10B50C00984206D00B4B64
:10878000984207D119230B70183B0BE018230B708C
:10879000173B07E001F04AF8031E03D00E23C3562F
:1087A00023700123180010BDE9030000EA03000054
:1087B000F0B585B002AB9E1D0F0031000192FFF7AE
:1087C000D9FF0C4C002807D002ABDD1D2900380072
:1087D000FFF7D0FF002805D10199200005F00CFD1E
:1087E00005B0F0BD00220021AA567156200006F007
:1087F00055F8F1E72423002010B50100014805F0E9
:10880000FBFC10BD2423002010B5064C19221821B2
:10881000200006F043F8E1212000490205F0ECFCBD
:1088200010BDC0462423002010B50100014806F009
:1088300019F810BD2423002010B50100014805F0EF
:1088400097FD10BD2423002070B506000D1E02DA2E
:108850001CF024FC05000B48002D12D0E81D01F08F
:1088600059FE041E01D0084B0360A580002E04D0E1
:10887000A01D2A0031001CF0B3FB00232000651965
:10888000AB7170BD64590300E859030070B5060070
:108890000D1E0B4813DD0800083001F03BFE041EDE
:1088A00001D0084B03602000656008302A00311EAB
:1088B00002D01CF095FB01E01CF0B0FB200070BD65
:1088C0002859030034590300014B18607047C04613
:1088D00004200020034B044A58431368584010609A
:1088E0007047C046CB5725CA04200020F7B50500C5
:1088F00001260F490B6801912C000020DF0FBC46B8
:1089000061469F094F405F4019095A084F409B0834
:108910007B405340DB0713431A00400032401043B2
:108920006408EBD18542E7D3019A1360FEBDC046CF
:10893000042000200048704764590300F7B5040084
:108940000D0000280AD0154B002922D008009C42B7
:1089500023D0124B20009D4204D11EE0104C002970
:10896000F7D12500A688AF880020B919FFF76CFF62
:10897000030006330090A11D3200180001931CF083
:108980002FFB019BA91D98193A001CF029FB0098A8
:1089900003E0034D28009C42E4D1FEBD645903006E
:1089A000D0580300F0B57F22040087B005912378EA
:1089B00019000939042903D919001140202901D1CE
:1089C0000134F4E72B3B5A425341E41823782D2B12
:1089D00003D101340026314F01E00026304F00233F
:1089E0000022039302930023009201932578002D27
:1089F00030D02B00303B0493092B1ED800980199EE
:108A00000022284B10F088F900900191049810F092
:108A1000A7FF009A019B0FF02FFA01230393029BFB
:108A200000900191002B13D03000390000221D4B23
:108A30000FF04EFD06000F0008E0029B002B03D054
:108A4000039B002B06D125E02E2DF9D101230293A3
:108A50000134CBE7009A019B3000390010F05CF93B
:108A6000202306000F009D43452D10D10599601C61
:108A70000A2216F009F80B49020000200EF020FA35
:108A800002000B003000390010F046F904E0059BAD
:108A90001C6001E00020044907B0F0BD0000F0BFF9
:108AA0000000F03F000024400000F87F70B50B008C
:108AB00004000D48002A15DDA588002903DA6B188B
:108AC000D943C9170B40E91A8A4203DB064800293B
:108AD00001DC07E0110000209D4201D90634E018B6
:108AE000FFF7B2FE70BDC0466459030070B50A00BE
:108AF00005000C000600002902D10120002D4CD0F9
:108B0000630026495B0D59181D2908D91E2931D14A
:108B1000002E2FD1224B9A422CD122483DE014291D
:108B20000EDC002E26D120481B182000984021D1B1
:108B30008020E302000618431F23591AC84010E0A2
:108B40001A481B182800984014D18020E302000620
:108B500018431F235B1AD8403423591A2B00CB40EB
:108B600018430123002A02DA4042984000E0400006
:108B7000184312D123002A002800210010F09AFE89
:108B800003000E20002B08D1023801F0C3FC00289E
:108B900001D0074B03604560846070BD01FCFFFF9E
:108BA0000000D0C1010000800DFCFFFFEDFBFFFFC6
:108BB0007859030073B5063001A9FFF7F3FE0400EE
:108BC0000E0000220023200031000EF0F1F80028F2
:108BD00027D1012275006D085242144B2000290054
:108BE00010F068FE00281AD10122104B52422000DA
:108BF00029000EF0F7F8002811D1802300225B0332
:108C00002000290010F056FE002808D18023002201
:108C10005B03200029000EF0D1F8002801D00024C9
:108C2000034E31002000FFF761FF76BDFFFFEF7FAD
:108C30000000F87F10B516F03FFB040006480E2C2C
:108C400009D0E30703D5601016F0B2FA03E0034839
:108C500001F024FFF7E710BD645903007103000021
:108C6000064B10B5984203D801234000184303E097
:108C700010F0B8FEFFF73AFF10BDC046FFFFFF3F00
:108C8000F0B5002385B01500002206000C000EF0A0
:108C900095F8002805D02D232B7080231B06E4189F
:108CA000013500220023300021000EF081F8002859
:108CB00004D030232B7000236B70BAE03000210009
:108CC00012F06AFA10F016FE5B4A07005B4B3000A8
:108CD00021000EF073F8002807D1594A594B300093
:108CE00021000EF07FF800281FD0002F0BDA7A4207
:108CF000002055490EF0E4F802000B00300021007E
:108D000010F00AF80AE03A0000204F490EF0D8F8B7
:108D100002000B00300021000FF0DAFB0123029764
:108D200006000C00002701931BE001230293FB18AF
:108D300001930E2F15DD0E3F3A00002042490397A4
:108D40000EF0BEF802000B00300021000FF0C0FB57
:108D500000223E4B0FF090F80EF02EF906000F00A7
:108D600015E00E220020D21B37490EF0A9F80200B0
:108D70000B00300021000FF0CFFF344B00220FF02A
:108D80007BF80EF019F9002306000F000393019BF6
:108D9000002B04DD2E4A012394462E241EE02E23B0
:108DA000302201996B70AB1C2A705D1A9D42F1D084
:108DB0001A700133FAE7B94217D0361A8F410132DF
:108DC000B942F8D92A703200691C3A4314D1019A89
:108DD0009A420DDD0133102B0AD00D006146DA00F6
:108DE0008A1A906FD16F3022EAE7B042E5D9E9E7FD
:108DF000039BCF18302305E0019A9A42EAD1A91CBF
:108E00006C70E7E78F4202D00B700131FAE7029BEA
:108E1000012B0CD065233B70029B791C002B02DDDB
:108E20002B23B91C7B70029802F032F901E0002379
:108E30003B7005B0F0BDC0468DEDB5A0F7C6B03EA5
:108E400050EFE2D6E41A4B44000024400000E03F1B
:108E500068570300012070B54042FFF747FD04004A
:108E60000D48FFF743FD0600200010F0BBFD002277
:108E70000A4B0FF051FF040030000D0010F0B2FD5E
:108E8000074A084B0FF024FB02000B0020002900CA
:108E90000EF0F2FF70BDC046FFFFFF000000F03D86
:108EA0000000E0DFFFFF6F43024B1B68588CC000DF
:108EB0007047C046D4220020154B70B51B680500D2
:108EC0000C00002B0FD05A6A002A0CD00023990006
:108ED0005158A94203D101339B009B5816E0002949
:108EE00001D00233F3E716F044FA230000280DD036
:108EF00000239A008258954203D101339B001B58EE
:108F000004E0002A01D00233F3E72300180070BD0B
:108F1000D422002070B505000C00160000290CDBDF
:108F20008388994209DAA4002C19E368002B09D040
:108F30000B21064817F07FFA04E00A21034817F0D6
:108F40007AFAF0E72800E66070BDC04686030000AC
:108F5000031E03D0024A904200D10023180070473C
:108F6000645903001B4BF7B51B680600DB6A1A1D2A
:108F700001921A689B68551E984204D3019AAB006F
:108F80009B58984201D901271AE00123AB421CDC0F
:108F900058194010019982005258964218D001D9B0
:108FA000431CF3E7451EF1E77C196410019AA30006
:108FB0003100985816F006F9002808D003DA671C2B
:108FC000AF42F1DD01E0651EFAE7002000E020007D
:108FD000FEBDC046D4220020044B10B51B680131F1
:108FE000DB6A8900C95816F0E5F910BDD4220020CB
:108FF000044B10B51B680131DB6A8900C95816F0B3
:10900000E8F910BDD4220020014B18687047C04613
:10901000D022002010B5040016F0BEF8002806D0BB
:10902000201E1BD0012302201C4217D108E0012280
:10903000236804209343DA78F92A0FD198780DE059
:109040000E2C0BD01800422C08D00A2C06D004207D
:10905000062C03D0024801F021FD042010BDC046BB
:109060002103000010B504000E2819D0002817D0E5
:1090700016F092F8002805D0200000F017F810F044
:109080006FFC0FE02000FFF7C5FF022802D16068E7
:10909000A16807E0032803D12000FFF78BFDE2E77A
:1090A0000020014910BDC0460000F87F70B5421095
:1090B000C30752D4830704D580110200531E9A417E
:1090C0004BE0002842D0FFF7CDFF012205004C0005
:1090D00064080E005242224B2800210010F0EAFBE7
:1090E000002833D101221E4B5242280021000DF0EE
:1090F00079FE00282AD1802300225B03280021006A
:1091000010F0D8FB002821D1802300225B03280027
:1091100021000DF053FE002818D12800310011F075
:109120008FFC00220F4B11F043FF002200230400AC
:109130000D000DF043FE00280AD020002900002277
:10914000084B0EF099FE04000D0001E0002204E03F
:10915000200029000DF012FF0200100070BDC04673
:10916000FFFFEF7F0000F04110B504000E2811D082
:1091700000280FD016F010F8002805D02000FFF7C7
:1091800095FF0EF0F3FD06E02000FFF76BFF10F0F7
:10919000B5FC00E0004810BD0000C07F10B5FFF72F
:1091A00061FF0022034B0EF067FE11F081F8FFF71C
:1091B0009DFC10BD0000E03FF8B5040015F0ECFF89
:1091C00000280ED00A2C01D100252CE0002CFBD069
:1091D0000E2CF9D0062CF7D0013C25006C1EA541C1
:1091E00021E02000FFF716FF032804D10F4B0125D3
:1091F0009C4218D1E8E70125022814D12000FFF78E
:1092000031FF02000B0006000F0010F053FB002896
:10921000DAD100230022300039000DF0C9FD4342AD
:109220005841404205402800F8BDC046645903003B
:1092300070B590B00400FFF7EDFE03002000032B93
:1092400056D0022B06D1E30718D56010694601F00D
:109250001FFF31E02748052B4AD02748002C47D074
:1092600026480A2C44D026480E2C41D02548422CB2
:109270003ED02548062C3BD0244839E00E2C2BD07C
:109280002000FFF7EFFE01224E0076080D0052424B
:109290001F4B3100040010F00DFB002812D02200FB
:1092A0002B002000290010F005FB002814D16A468D
:1092B00020002900FFF7E4FC012168464942FFF73E
:1092C000C3FA15E00122124B5242200031000DF08A
:1092D0007FFD0028E3D101E0094809E000230022D6
:1092E000200029000DF06AFD031E0A4800D10A483B
:1092F00010B070BD445A0300B85903006C59030004
:10930000185A03000C590300D0580300A859030051
:10931000FFFFEF7FDC580300EC58030010B504009A
:10932000FFF778FE042804D1002C0FD0A3070DD13D
:1093300003E02000FFF77CFF08E0012322689A4346
:109340005369034A934201D02000984710BDC0469C
:109350001D93010010B5FFF75DFE05280ED80DF036
:1093600097FB12030507090B08480DE008480BE0BE
:10937000084809E0084807E0084805E0084801F007
:109380008DFB002000E0074810BDC046345A0300A2
:10939000D8590300245A0300C85903001859030080
:1093A00022030000FC58030010B5062805D0FFF783
:1093B00031FEF5239B00C01800E0024801F06EFB6F
:1093C00010BDC046DD03000070B501F0C7FB0469A5
:1093D0000500002C02D1044801F060FB2368200046
:1093E0002B6101F083F870BD53030000F0B587B026
:1093F000070001F0B3FB04690600002C05D138001A
:10940000FFF78CFF0B4801F049FB22002368336112
:1094100002AB019323CA23C3126820001A6001F033
:1094200065F8054B77611B6831009B6B0198984785
:1094300007B0F0BDE7030000D422002010B501F012
:109440008DFB1223446943619C4202D1024801F022
:1094500025FB200010BDC0465303000010B50300DB
:109460004118054C05488B4204D060431A780133FB
:109470005040F8E710BDC04693010001C59D1C8116
:1094800070B50400436800205900FFF7DDF90F268E
:109490002200094D6168131B013299420ADDD1791E
:1094A0005B000911695CC3189971D1793140695C1D
:1094B000D971EFE770BDC0469C68030010B5002865
:1094C00002D0024801F0EAFA10BDC0469F03000036
:1094D00010B5024801F0E2FA10BDC0469F0300003B
:1094E00010B5024801F0DAFA002010BD9F03000019
:1094F00010B5024801F0D2FA10BDC0469F0300002B
:1095000010B5024801F0CAFA10BDC0469F03000022
:1095100010B5024801F0C2FA002010BD9F03000000
:1095200070B50B4C0E002368002B0AD11C201BF0D9
:1095300024FDDD230500074A9B00D15800F0DAFA2C
:109540002560B288B11D0023206800F06FFB70BD5C
:10955000C42200202023002010B514201BF00DFD94
:10956000E422DD21034B520089009A58595806F035
:10957000A7F910BD2023002010B50C201BF0FDFC26
:10958000DD23034A9B00D15807F0F8F810BDC04610
:109590002023002010B558201BF0EFFCDD230349E9
:1095A0009B00034AC95807F0A1FD10BD20230020ED
:1095B0001825002010B580201BF0DFFCDD230349B7
:1095C0009B00034AC95807F0B9FE10BD20230020B4
:1095D0001024002010B510201BF0CFFCDD23034920
:1095E0009B00034AC95808F02DF910BD2023002024
:1095F0000025002010B51C201BF0BFFCE622DD2159
:10960000034B520089009A58595807F0D7FF10BDF4
:109610002023002070B5094C2368002B0DD11C209D
:109620001BF0ABFCDD2105000548890041583C23B7
:109630003D22280008F010FA256070BDC0220020ED
:109640002023002037B50400FFF7E4FF084BA11DDD
:109650001D6801A80423E25E02F044FB022201A976
:1096600028001AF02DF801A817F09EFB37BDC04660
:10967000C022002037B50400FFF7CCFF0E4BA11D20
:109680001D6868460423E25E02F02CFB02236A4652
:10969000290001A808F0B4FA01980223C15E043041
:1096A00015F082FD040001A817F07EFB684617F054
:1096B0007BFB20003EBDC046C022002010B5040048
:1096C000FFF7A8FF21000448083102236268006800
:1096D00008F0B8FB10BDC046C022002070B5FFF7EF
:1096E00099FF124D286819F0E1FF01000020FFF7F3
:1096F000CDF804002600083600F0F6FF3100022302
:109700006268286808F058FB011E02DA0021080090
:1097100004E063682500984203D03000FFF7B6F8F4
:109720000500200016F044FF280070BDC022002074
:1097300073B504000D00FFF76DFF0C4BA11D1E68F3
:1097400001A80423E25E02F0CDFA01A90022300054
:1097500008F040FA01A817F027FB96202A001023F2
:109760000121C00001F082FA73BDC046C022002072
:10977000F0B5160085B00724072902DCCC43E417B6
:109780000C400D4B811D1D570423C25E03A802F03F
:10979000A9FAC823094F5B002A0003A900933800E7
:1097A000330019F0CDFA03A817F0FEFA21003800B3
:1097B00006F020FC05B0F0BDAD680300482600208F
:1097C000436813B51400102B13D1072901DD0721BD
:1097D00002E0CB43DB171940064B02005B56010049
:1097E000C82040000190123208310094024819F05C
:1097F000B0FA13BDAD6803004826002010B5010083
:10980000072801DD072102E0C343DB1719400248A6
:1098100006F0F0FB10BDC0464826002010B50248F7
:1098200019F055FA10BDC046482600200300643BDD
:109830000020142B02D8024A9B0098587047C0465B
:10984000585A0300014B98687047C04678220020A0
:1098500010B50C00FFF7EAFF002805D0FA22034BF1
:10986000D200210004F008FB10BDC046DC0500005A
:1098700010B5FFF7DBFF014B186010BDCC220020B4
:1098800070B504000D1E03DD0B4B1B78002B04D1BB
:109890000021200004F05EFA0CE001215B119940E8
:1098A00004F058FA290005480DF086F9010020005F
:1098B00004F00EFB70BDC0464422002040420F0061
:1098C00010B5002801DA002002E0FF2800DDFF20AB
:1098D000094B1870094B1B78002B0BD000218842D4
:1098E00002D0401101318140054B1868002801D099
:1098F00004F030FA10BDC04644220020362A002071
:10990000CC220020014B18787047C046442200202A
:1099100070B5104C0E002368002B01D10E4B236054
:1099200001230E4D2B702368002B04D00100320060
:109930001800FFF7A5FF002E0ADD300001F0A4FF9C
:109940002068002802D0002104F004FA00232B70C4
:1099500070BDC046CC22002018250020362A0020E9
:10996000F7B5040008000E00170016F0E3FB020034
:1099700005000097330008326100024803F0D6FD6D
:109980002800FEBDD8230020130007B50A004000C0
:1099900000934B6808320100014803F0D7FD0EBD6B
:1099A000D823002037B5094C2368002B0CD11C208C
:1099B0001BF0E3FA012305005B42009316221833E3
:1099C00015210BF091FE256020683EBDC8220020C5
:1099D000F7B505000C00002805D1002929D1184849
:1099E00001F05CF825E0002906D06B6862689342BC
:1099F00002D0134801F052F8FFF7D4FF06006B685D
:109A00002A0027000832E31800920193019B9F422D
:109A100014D03368291E1B6801D0009A11783000D9
:109A20009847002C00D03872009B01370133009317
:109A3000ECE7FFF7B7FF63680600E1E7F7BDC04654
:109A40008D030000F0B5164C0700206885B00E00AD
:109A50001500002804D003689B6898470023236002
:109A60003800FFF7E3FE0E23C356300003930E26A3
:109A7000FFF7DCFE86572800FFF7D8FE0E27C757F2
:109A80001C201BF07AFA01235B42009332003B005A
:109A9000039905000BF028FE256005B0F0BDC04617
:109AA000C822002010B5024800F0F8FF10BDC046E3
:109AB0009F03000010B5022000F014FC014800F0E4
:109AC000EDFF10BD93030000014B18607047C046C6
:109AD000BC220020024B40001B6818187047C0468B
:109AE000D422002010B5024800F0D8FF10BDC046B7
:109AF0009F030000F0B506000024A9B00291316078
:109B000021000BAB1A1901345170102CFAD101222B
:109B100042481A701A1B013C015D5174002CF9D1A6
:109B20009A7B597B12020A434527311D0391252157
:109B30001B7813AD2B7002ABFF18C9186A8238006E
:109B400010221BF04DFA331D6B6114232B8301236C
:109B50002B770F33FB771DAB1C706D2302AA9B186C
:109B60001C706E2321009B181EA80C221C706C8395
:109B7000EC836C621BF052FA294B0C22210023A8C3
:109B8000AB63EC631BF04AFA264B14222100301D14
:109B9000EB642C651BF042FA462302A902225B18F3
:109BA0002100DA77059506AB1A1901345170102C93
:109BB000FAD101221C481A701A1B013C015D517434
:109BC000002CF9D19A7B597B12020A4325201121DE
:109BD0001B780BAF3B7002ABC9187A82C0181022F9
:109BE0001BF0FEF9012302983B7505ABBB61BC83FA
:109BF00008F002FE036839001B689847EB8B306859
:109C0000338308F0F9FD03680094DC68318B14237A
:109C1000039AA047300029B0F0BDC046B7680300E2
:109C2000DB010300CD010300C7680300F0B50500A8
:109C300085B000681C000391019219F02BFE836D22
:109C40009B0726D5002C01D0134B00E0134B0027B7
:109C50001B785BB20293019B9F421ADADC1B132C28
:109C600000DD13242E00029B220023432B71039B53
:109C7000681DD9191BF0B4F901CE08F0BDFD0368C9
:109C800032005B69298B9C4614236646B0473F1916
:109C9000E1E705B0F0BDC046B5680300B668030053
:109CA000030010B50420002B11D058003F2B0EDD0F
:109CB000074A934205DC0520032158430CF07CFF42
:109CC00005E0581C034BFF30984200D9024810BDF4
:109CD000FF010000FEFF0000FFFF0000012370B540
:109CE0000A6805009A4313890E00042B02D00D4820
:109CF00000F0D4FE3000002D12D0A8000C3000F08F
:109D000009FC041E01D0084B03602000B368AAB20E
:109D1000A580A36092000C3000211BF07FF9200089
:109D200070BDC04685030000DC5A03000B4B02697E
:109D300070B505009A4203D0E220800000F0AEFE2C
:109D4000288800F0E7FB041E00D005602A88201D4B
:109D5000043A00211BF062F9200070BDA502030047
:109D60001C4BF7B505000E00994232D8C488A142B9
:109D700023D92000FFF794FF0700B04200DA370034
:109D8000B80001F075FEA30000900193002C03D0F1
:109D90001A0029681BF024F90099019B8C463A1B94
:109DA00063441800920000211BF038F9286801F084
:109DB00095FE009BEF802B600AE08288914207D2DB
:109DC0002B68521A88009200181800211BF026F9FF
:109DD000AE80F7BDFFFF0000084B70B505000C001A
:109DE0001600994208D88388994202D30131FFF7BF
:109DF000B7FF2B68A400E65070BDC046FEFF000010
:109E0000C38870B505000C0016008B4206D8084BBD
:109E100099420BD8013189B216F062FA2A68A30080
:109E20009E50AB889C4201D30134AC8070BDC046CB
:109E3000FEFF0000034B0360002343600381438166
:109E40007047C046AC5A0300024B036000234360D6
:109E50007047C0460C5B0300044B03600023436063
:109E600003814381C3600382438270473C5B0300EC
:109E7000014B1B6818697047D4220020014B1B68F6
:109E800098697047D4220020014B1B68188C7047DA
:109E9000D4220020014B1B68D86B7047D4220020CD
:109EA0001B4B026870B506009A4200D0FEE743687B
:109EB000184D194A19682B60914203D1174800F0D8
:109EC000EDFD23E0188C800016F064FB2B68144C29
:109ED0001A8C0021920020601BF0A0F823681C60FF
:109EE0002C68104B22689A4203D1B36822699A42C7
:109EF00000D0FEE716F0B9FC2B6820001C6B002395
:109F000040301A001900A04716F0A1FC70BDC046F1
:109F100010420000D4220020718E3B929F0300006B
:109F2000D0220020708E3B9210B50248FFF7B8FF98
:109F300010BDC0464052030070B506000C2000F072
:109F4000E9FA041E05D0104B03600023436003812F
:109F50004381300016F088F90C4B984211D13589B5
:109F6000002D0ED0200000F0BFFB201D290016F0B0
:109F7000E3F9AA00716860681BF032F8200016F05F
:109F800017FB200070BDC046AC5A03003C5B0300C9
:109F900070B504000D0016F067F90B4B984202D023
:109FA0000A4800F07BFD2900200016F01DFA051E6E
:109FB00008DB2900201D16F0D8F9200029000C30FC
:109FC00016F0D3F9422070BD3C5B03009B030000F8
:109FD000014B58887047C04678220020014B986892
:109FE0007047C0467822002010B50121014815F0C5
:109FF000DBF810BDD768030010B508210148FEF753
:10A0000045FC10BD60000010024B1A68501C18601F
:10A010007047C046082000200148C000C0087047B3
:10A0200000400020074B1B68002B09D01A000832A3
:10A030008242F8D8596852189042F4D2012000E0C8
:10A0400018007047E02200200C4A536891680133E1
:10A05000536043680830C9189160094AD91C0A4006
:10A06000802109060A430260064A9B081168416084
:10A070001060054AC31813607047C046E4220020F0
:10A08000FCFFFF7F1023002004230020084A1368F0
:10A09000002B01D0834205D90360106007E0904295
:10A0A00003D313001A68002AF9D1026018607047C0
:10A0B000E0220020032370B5046805009C43A30F31
:10A0C000002C03D10C4800F0E9FC04E0002B02D086
:10A0D0002501AD0903E02800E36998470500002D3C
:10A0E00004D0064B9D4204D9002C02DB044800F04A
:10A0F000D5FC280070BDC04651030000CA0800000E
:10A1000049030000104A70B59188060001391068B3
:10A110008B00C3180D0010006A1C0FD01C00043BFC
:10A120005A68B24208D18D4202D116F0CBF809E04C
:10A1300016F0C8F8206005E0013DEDE7D220800070
:10A1400000F0ACFC70BDC046D822002010B518212C
:10A150000148FEF79BFB10BDE422002010B5041F50
:10A160002368DB0702D5084800F098FC2000FFF7C1
:10A1700059FF002802D1054800F090FC0123226815
:10A180001343236010BDC0464F0300004A03000084
:10A1900010B5040016F0B0F9002816D123680B4A58
:10A1A000134212D1DB78F92B0FD12000FFF73AFFD1
:10A1B000002802D1064800F071FC0123226821002A
:10A1C00013432360034816F0A2F910BD03000040BA
:10A1D0004A03000008230020F7B50E000024019078
:10A1E000B44230D0019AA300D5580134280016F0AB
:10A1F00083F90028F4D12B68134A1342F0D1DB789D
:10A20000F92BEDD12800FFF70DFF002802D10F48F0
:10A2100000F044FC01232A680D4F13432B602900F2
:10A22000380016F074F9BB88642BD9D90C2001F0E2
:10A230001FFC084A0199136810600360A300CB1843
:10A24000341B43608460F7BD030000404A030000F4
:10A2500008230020FC22002070B5040016F04CF901
:10A26000002836D123681B4A134232D1DB78F92B00
:10A270002FD12000FFF7D6FE002802D1164800F0AB
:10A280000DFC012223681A432260032293439B6939
:10A29000002B01D020009847032410488388002B0E
:10A2A00008D016F00FF80368A3439B69002BF4D085
:10A2B0009847F2E70A4B186800280AD002688668B7
:10A2C00045681A6001F00AFC31002800FFF784FF9E
:10A2D000E3E770BD030000404A03000008230020AC
:10A2E000FC220020F0B5764C87B0237806009B074F
:10A2F00003D5D220800000F0D1FB02222378012573
:10A300001343237000246F4B1A689F880192A74261
:10A310000AD9019AA300D058284201D0A843006866
:10A32000FFF79AFF0134F2E7300000F025FC664E9B
:10A330003368002B11D0654B1B685C8DFFF7A4FDC3
:10A3400033680026051BA4001C19B54205D0B300D4
:10A35000E058FFF781FF0136F7E700245C4B1D68EA
:10A360005C4B1E78A64205D9A300E858FFF774FF9E
:10A370000134F7E70022584B58491A600B680192E4
:10A3800001330B60564B04921F6802920392002F18
:10A3900061D03C007B6808349B089A00A2180592A3
:10A3A000049AD3180493059BA34252D9012223682F
:10A3B000134203D11A0F2500062A1BD10122934311
:10A3C00023602000FFF776FE850065192C00EAE780
:10A3D000012213421CD11A0F062A19D08022D2055D
:10A3E00013420BD02800FFF765FE059B80002D1857
:10A3F000AB420DD92B68002BEADAF3E7DB78F92BB7
:10A4000002D0384800F04AFB280015F04FFFE9E77A
:10A41000029B2E1BB6109B190293019B9E4200DDEE
:10A420000196B200FF2120001AF0F8FD8023B2004F
:10A430001B0613432360012EC8DD00236360039BCA
:10A44000002B02D1244B1C6001E0039B5C60039451
:10A45000BCE73F689BE724480368002B14D0029BAD
:10A460005C081D4B19683B0000290DD00A681201D9
:10A470009209D218944204D2E31A9B00C9180160D1
:10A4800002E049681300EFE7049A14499000019A2A
:10A49000029B92000A614A699B00CB60002A01D0AE
:10A4A000934200D24B610A225343984201D316F0E3
:10A4B00013F80221024A13788B43137007B0F0BDE2
:10A4C000372A0020D8220020D0220020D4220020C9
:10A4D00000230020382A002010230020E42200203E
:10A4E000E0220020490300000423002070B5041F6F
:10A4F000236805005B0F032B02D0054800F0CEFA5D
:10A50000802322681B0613432800236070BDC046C9
:10A5100049030000F0B5C31C9B0885B00293404B73
:10A52000984202DD162000F0B9FA3E4B3E4E5B68C1
:10A53000DB0569D133781B0766D1012233781343D9
:10A54000337000F00BFB002805D04368002B02D1CC
:10A55000364800F0A3FA00270022354B01921D680F
:10A560000393002D40D0002F03D1324B1B689D4236
:10A570003CD8280015F0C0FF002802D02E4800F07B
:10A580008DFA2C68002C02DB2C4800F087FA029B25
:10A590002401A409E41A6B6823D40BD08020029A0A
:10A5A000A10092000006AA1801431160012C01D0FD
:10A5B00053601300019A002A01D0536001E0039A0E
:10A5C000136000222A60934222D0586890421FD024
:10A5D00015F092FF00281BD0D420800000F05EFA16
:10A5E00016E001951D00BCE7002F03D10020FFF706
:10A5F00079FE07E0012F02D115F06EFF02E0152071
:10A6000000F04CFA0137A7E70D4800F047FA94E74D
:10A610000122280033789343337005B0F0BDC04663
:10A620002823000000ED00E0372A00204E03000040
:10A630001023002004230020510300004B030000DE
:10A6400092030000032310B5C41C9C43201DFFF798
:10A6500061FF044B07341C408023DB051C4310C002
:10A6600010BDC046FCFFFFBF1A4B70B55B6806000B
:10A670000D00DB0502D0184800F010FA00F06EFA69
:10A68000164B04001D60164B751BAD101D701D0090
:10A6900000280AD00C2015F07DFF63680360A368D2
:10A6A0004360E3688360E0600DE0182015F072FFFE
:10A6B0000C4B12221B68426103600023C3600361DC
:10A6C000040000F053FA0023A6602B7020006360A2
:10A6D00070BDC04600ED00E09203000000230020A2
:10A6E000382A0020D022002010B5040015F004FF05
:10A6F000002803D12100024815F009FF10BDC04613
:10A70000D82200200023044A13609380D380034A98
:10A7100013609380D3807047D82200200823002044
:10A72000014B18607047C04618230020084B10B535
:10A730001860084B64391960074B1868002806D068
:10A74000064B1B681C6B00231A001900A04710BDA4
:10A750001C2300201423002018230020D4220020D2
:10A76000014B18687047C0461C230020014B186835
:10A770007047C0461423002070B5040001211AF070
:10A78000EAFAE368626817481A601AF0CCFADC202B
:10A790002E25002662682369FF301A601AF0C3FA7A
:10A7A000002120001AF0D7FA05201AF0BCFA6169DE
:10A7B0006268FF350B68013D134018004342434176
:10A7C000F618002DF6D137201AF0ADFA63696268E9
:10A7D0001B6828001A4204D001201E2E00DC281C11
:10A7E000C0B270BDE303000070B58AB00400FFF78B
:10A7F0001DF80E21415604A80BF08EF8002504A880
:10A8000015F0AEFF002807D10A3001F03DF8022D07
:10A810000DD12100012071E0052001F035F804A8D8
:10A8200015F0BFFF002808D10A3001F02DF80135DE
:10A83000032DE4D12100022060E05625012104A867
:10A840001AF089FA059A079B0A201A6001921AF0F9
:10A850006AFA059A089B00201A6001921AF063FABE
:10A86000059A079B00211A6004A801921AF073FA56
:10A870000A201AF058FA099B01211E68059B04A8BA
:10A8800001931E401AF067FA059A079B01921A601D
:10A89000002E08D10A20013D00F0F6FF002DCDD199
:10A8A000210004202AE0002504A8FFF765FF002806
:10A8B00019D00122CC2104A815F0D8FEBE2104A88D
:10A8C000012215F0D3FE03A904A815F00FFF0028FC
:10A8D00009D000210E4B04A819600E4B1C601AF021
:10A8E0003AFA039811E06E1C022D05D00A2000F000
:10A8F000CBFF3500032ED7D121000320FFF716FF31
:10A9000004A800211AF027FA03480AB070BDC04617
:10A910001C230020142300200000C8411FB50C0098
:10A92000010003A801F03CFA002203A900921300E1
:10A930000194034802F006FD03A816F0F2FA1FBDC9
:10A940001024002037B50C1E00DC0124124D002815
:10A9500002D08288002A07D1280017F027FA0520A4
:10A96000604300F091FF15E0012A0DD0811D12B265
:10A9700001A801F0B7F9220001A9280002F03EFD6C
:10A9800001A816F011FA05E005228179624328003A
:10A9900002F0B6FC37BDC0461024002010B50248B6
:10A9A00016F0E3FA10BDC046842400201FB50C0049
:10A9B000010003A801F0F4F90023220001930093A1
:10A9C00003A90533034802F079FD03A816F0A9FA9C
:10A9D0001FBDC046102400201FB5010002A801F0D1
:10A9E000DFF902A903A816F0A9FA002203A901922F
:10A9F00000921300054802F0A5FC03A816F091FA96
:10AA000002A816F08EFA05B000BDC0461024002042
:10AA1000044B10B51B681C6B00231A001900A047DB
:10AA200010BDC046D42200201FB5009001910292B3
:10AA300069461022084803931AF0D2FA6B465888E8
:10AA400014F020FC054B01001B6806981C6B0023CA
:10AA50001A00A0471FBDC04678220020D422002043
:10AA600010B50400034B0360403016F09DF9200040
:10AA700010BDC046745B0300064B10B51B780A007E
:10AA8000002B05D1010004480233043003F010FD0F
:10AA900010BDC046392A00202023002010B5040034
:10AAA00003481AF040F9200000F06CFB10BDC046CE
:10AAB000E093040010B500F043FC034800F016FCDE
:10AAC000FDF702FF10BDC046FFFFFF7F10B508482D
:10AAD00000F0C0F9012000F0B9FF064B984206D9FA
:10AAE000012000F0B3FF044BC01815F029FD10BD84
:10AAF000202300200404000000FCFFFF10B5041E0A
:10AB000006D0FFF7F1FD034A2100034816F020F8B4
:10AB100010BDC0468F0B03002908030010B5041EAA
:10AB200006D0FFF7E1FD034A2100034816F010F8B4
:10AB300010BDC0461D08030011AA0100054B10B549
:10AB40001C68FEF7B1F9044BE4182018800A800253
:10AB500010BDC046D4220020FF030000024B1B683A
:10AB6000181E00D0D86D7047A4260020014B1B682A
:10AB7000D8657047A4260020F0B51A4B85B01A6836
:10AB80000193002A07D1012000F072FF039003987F
:10AB900000F0A4FF23E000F0B9FC0400002C1ED05C
:10ABA000E36D1E1D002B04D1A46DF7E7B668002EDF
:10ABB000FAD0019B35681A68944203D0636CE16B4C
:10ABC0005B1AED187768944203D0636CE26B9B1AB2
:10ABD000FF18BD42EAD201CDFFF73EFBF9E705B011
:10ABE000F0BDC046A426002010B5064C200000F0A1
:10ABF00079F8054A054920001AF0B4F9044816F01E
:10AC000062F910BD202300200020002015AC0100B7
:10AC100078220020CA23144A9B0010B5C2501C336E
:10AC20000400C01816F0C0F8D0239B00E01816F0FE
:10AC3000BBF820009130FF3001F09EFC200069300D
:10AC4000FF3001F099FC2000F03002F0A5F920005F
:10AC5000D03002F09DFE200064300AF00BFD201D74
:10AC6000FFF7FEFE200010BD10600300F0B583B2B8
:10AC700091B00293102301930023184F8EB20392D8
:10AC8000009332003B00029904A816F024F8144DFA
:10AC900004A9D035280002F0B7FD04A816F03AF850
:10ACA00030201AF06AF9102304000193039B0299E3
:10ACB000009332003B0016F00EF82100280002F04D
:10ACC000EFFD002805D0200016F024F820001AF02F
:10ACD00050F90398FFF708FD11B0F0BD29AA010053
:10ACE000202300201423F0B5040093B01922009310
:10ACF0001821043003F08AFA23002500260064336B
:10AD00001800B43513211093B8360AF0BFFC2800A0
:10AD100017F039FD00221E21300017F06CF82000DA
:10AD2000D03002F055FE2300F033474A07211800C7
:10AD3000119302F055F920000027012369301A0011
:10AD400000971121FF3001F093FC20009130009713
:10AD5000012302221A21FF3001F08AFC2000B930C1
:10AD6000022201210323FF3002F006FF300001F030
:10AD7000E7F9E4235B00E050300001F0D5FCE62366
:10AD80005B00E0500100E42220005200D130119B12
:10AD9000A2580095FF3002F033F82000E13029007E
:10ADA0000822FF3003F03CFF782320000F93013B83
:10ADB0000E93033B0D93013B0C93013B0B93013B23
:10ADC0000A93013B0993013B0893013B0793013B25
:10ADD0000693013B0593013B0493013B0393013B25
:10ADE0000293013B0193F930013B652200936421FA
:10ADF000013BFF3017F020F8CA239B00E018290020
:10AE000005F0BCF8D3239B00E018092103F0DEF81D
:10AE1000DD239B00E75010982770032119F09EFD59
:10AE200023002200200009499C33A0321C601160DD
:10AE30005760074A80305A61022101220AF036FE2B
:10AE4000200013B0F0BDC0467C5B030095090300F1
:10AE5000810903000123F0B505788DB007001D407E
:10AE600000D0EFE00300D0331800039300F09AFB0A
:10AE700000F066FA30201AF080F80400103016F066
:10AE800022F82000243015F09CFE6F4B6580238053
:10AE900018201AF072F806006C4B80C6029010223F
:10AEA000290030000A930B951AF0B8F808220AA975
:10AEB00030001AF095F8664B029AE5605361122350
:10AEC000A260A3802562E5622100039802F0E8FCFD
:10AED000002805D0200015F01DFF20001AF049F8C9
:10AEE00001223B785B4913433B703B00B4331800AD
:10AEF000049317F04EFC002657490500049817F0FC
:10AF000048FC34000590642000F0BEFC02963B0033
:10AF10006933FF331800069316F05FFA002802D158
:10AF2000002D0ED10AE038009130FF3016F055FAAE
:10AF30000028F5D0029B182B03DDF1E7059B002BC1
:10AF40005AD03800653021B2FF2332B2FF3000F012
:10AF50003FFF322000F098FC029B01340133E4B241
:10AF60000293052C02D100240136F6B2029B192B64
:10AF700002D0002D02D1CAE7002D03D03549049834
:10AF800003F0E2FD280019F0F4FF059819F0F1FF35
:10AF90003249080000F02CFDDD239B00FB5807938D
:10AFA000002B20D100F0B4F8010008A800F08AFEC0
:10AFB00009A815F064FDCA200123800009AA08A988
:10AFC00000933818039B05F02DF809A815F0ECFE46
:10AFD00008A815F0E9FECC239B00FB580793DD235E
:10AFE000079A9B00FA50CA2339009B00069AF03159
:10AFF000F81805F011FA8AE7DD241849A4000800C2
:10B0000000F0F6FC3B59002B1CD100F081F8010048
:10B0100008A800F057FE09A815F031FDCA239B00CF
:10B02000F818059B09AA08A90093039B04F0FAFFEE
:10B0300009A815F0B9FE08A815F0B6FECC239B00B0
:10B04000FB583B510DB0F0BDFD030000090A0300A1
:10B05000C9090300196903002469030000200020C6
:10B0600010B5041E0DD01AF019F82300013820186D
:10B07000834208D21A78017801381970427001337E
:10B08000F6E7024800E0002010BDC04617FCFFFFB5
:10B09000F0B585B001900C1E28D00027C217161AF3
:10B0A00056407D1C631902933000013B0A21039333
:10B0B0000BF068FECB17C9185940039B303119704B
:10B0C00030000A210BF078FD061E01D02F00E8E7C2
:10B0D000019B002B03DA2D23029ABD1C137000265E
:10B0E00020006655FFF7BCFF300000E0014805B0C6
:10B0F000F0BDC04617FCFFFFBFF34F8F024A034B62
:10B10000DA60BFF34F8FFEE70400FA0500ED00E0C0
:10B11000F0B58DB005AF19221549380019F060FF60
:10B120000022144B05245A7180225205566E0122CA
:10B130002500019402920393019930000BF038FD31
:10B14000080002990BF0AEFC019B03996B4301933D
:10B15000029B361A6B430293631E2C1B6C433C19F3
:10B16000225C1C1ECA54E7D108000DB0F0BDC046D9
:10B17000346903003A2A0020014B18607047C0462A
:10B1800098260020F0B595B01822002106000EA8E0
:10B1900019F044FF13210EA819F041FD03210EA858
:10B1A00019F0D3FD01224A4B00921B68002B01D0FD
:10B1B000DBB200930123474A002109A80AF0E6FD0B
:10B1C000454B9E4200D9002672B6444B1022002106
:10B1D00005A81D6819F022FF414B6421300005933A
:10B1E00005240BF0E9FC60435030281806900A2132
:10B1F00030000BF0E1FC0A210BF0C4FD614350313B
:10B200006918079130000A210BF0BCFD4C43210066
:10B2100050316C18802608940024B601009B002B46
:10B220003CD004AD0027032C02D180260024B601B7
:10B230006B682C4A029363000133D31800220192F9
:10B240001021581E00780141039119788C46604600
:10B250000299095C0398014204D0012090400199B1
:10B260000143019101320633092AE9D1019B2A6881
:10B27000D9431D4B09011940029B934203D1312F41
:10B2800001DC002100E0314309A819F02BFEFA236C
:10B29000139A0F99DB001068014201D1FFF72CFFD0
:10B2A000013B002BF7D1FA23013401377600E4B2D9
:10B2B0005B009F42B7D1043508ABAB42B2D1044B1F
:10B2C0001B68002BAAD0009B013BDBB20093A5E7D3
:10B2D00098260020F0FF0000E70300000C2000206B
:10B2E000836903004D690300F01F0000F7B50028D3
:10B2F0001FDD0126104C421E23680194150000201A
:10B30000DF0FBC4664469F0967405F401C0959082F
:10B3100067409B087B404B40DB070B431900400014
:10B32000314008436D08EBD18242E7D3019A1360A4
:10B3300000E00248FEBDC0469C26002017FCFFFF2F
:10B34000F8B50023144C236015F0BAFB2500002843
:10B3500008D00421200015F0AFFB00281BD00F4BB4
:10B36000236018E00122A12704210D4B0D4E1A6025
:10B370002368FF000B4A7060944662465268084C8E
:10B38000002AFAD0E2591B02013913430029F1D1F6
:10B390002B6001236360F8BD9C260020ED5EBC0B92
:10B3A00000D00040FCD00040F0B585B01F000AABD3
:10B3B0001B880600029115000393002F1AD030203D
:10B3C00019F0DBFD6B4604001989039BAAB20093B8
:10B3D0003B0015F065FC336821005B68300098473E
:10B3E000002808D0200015F095FC200019F0C1FDC0
:10B3F000024800E0024805B0F0BDC04616FCFFFF61
:10B4000017FCFFFF0B4B70B51C68002C11D0656D4D
:10B4100000F014FCA36C002903D1834201D92C0055
:10B42000F3E7200015F07DFB0349200015F068FBD1
:10B43000F5E770BDC4260020D0260020F0B504003A
:10B4400095B00793230C0293294B04901C68294B59
:10B4500005911E68069285B20027002E46D0002C6A
:10B4600030D0636D24480393A36C9AB21B0C99B23D
:10B47000854216D12148824213D1002B04D0029B71
:10B48000994201D0039CEAE7002F01D00127F9E798
:10B49000200015F046FB1A49200015F031FB01375A
:10B4A000F0E7002A01D09542ECD1002B02D0029B9C
:10B4B0009942E7D1200015F034FB1149200015F026
:10B4C0001FFBDFE70F4BEB18012B0FD91023029A5C
:10B4D000009329000C4B08A815F0E2FB336808A97B
:10B4E0009B683000984708A815F014FC15B0F0BD13
:10B4F000C0260020D4260020FE030000FF03000029
:10B50000D026002002FCFFFF3DB40100014B18686B
:10B510007047C046CC26002010B572B60E4B1C6892
:10B52000002C03D0200015F0FCFA08E062B6602081
:10B5300019F023FD60220021040019F06FFD0023A3
:10B54000064AE364E263E36572B6054B1A681C6061
:10B55000A26562B6200010BDA02600200040002099
:10B56000CC260020094B10B51C68E36CDB070AD51C
:10B57000FFF7D2FF064B1860002804D0E36DC365C7
:10B580000023E3650400200010BDC046A42600206F
:10B59000C8260020024B1878012318407047C04687
:10B5A000402A0020F7B50600FFF7F4FF051E33D14F
:10B5B0001A4C2660FFF7B0FF194B1A49186015F0B6
:10B5C0009FFAFFF7A9FF184B1860184B4363184BFD
:10B5D0008363206800280ED0C027164E2A0033004F
:10B5E00015490097FFF7E0FE009733002A00134942
:10B5F0002068FFF7D9FE0C2019F0BFFC00238380E0
:10B6000083710F4B03600F4B836000F02FFB012110
:10B610000D4A13780B431370F7BDC046D4260020A3
:10B62000A4260020D0260020D8260020FC3F0020A1
:10B63000B70B03003DB40100FF030000FE03000050
:10B640009C5B030005B40100402A0020F7B5134FAE
:10B6500004003B680E00002B03D0FFF79BFF00287F
:10B6600001D10F4818E0FFF77DFF050033042343A5
:10B67000836415F056FA0B49280015F041FA0A4B7D
:10B68000E318012B07D9C02300933200074B210098
:10B690003868FFF789FE0020FEBDC046D426002092
:10B6A00016FCFFFFC026002002FCFFFF3DB4010096
:10B6B000F7B506000D0017000193002801D1002006
:10B6C00015E00029FBD0FFF727FF041EF7D0084B39
:10B6D000019A4363066045608760064B002A00D0EC
:10B6E000054B2000A363054915F00AFA2000FEBDB2
:10B6F000FC3F0020810B03009F0B0300D02600209D
:10B70000F8B50500EFF30884C36B006C1C1B6B6C71
:10B710001B1A9C4210D91F23084F20343E689C43BB
:10B720003D60002801D000F0D9F9200000F0A0F918
:10B730002864201868643E60F8BDC046A426002036
:10B74000024B1868434258417047C046D02600203B
:10B75000002310B504499C006258002A01D001332F
:10B76000F9E76050100010BDA8260020002310B596
:10B77000044A99008C58844201D00133F9E7002033
:10B78000885010BDA826002010B50024074BE058B3
:10B79000002802D003685B6898470434182CF5D160
:10B7A000034B1B68002B00D120BF10BDA826002032
:10B7B000D0260020F8B5FFF7EDFE002856D02C4E1D
:10B7C00034683500E36CDA0718D502273B43E3649D
:10B7D000284B1D680423EA6C28001343EB64636B59
:10B7E000EB63FFF78DFF2800696C06F0A0FE306860
:10B7F000C36C3B423AD006F0D4FE37E01E4F1F4EDA
:10B800003A68002A01D1326808E0216DB94205D1B9
:10B81000616D002900D11100296000E02A602A68CA
:10B8200031688A4208D11B0706D52C60FFF7ACFFB0
:10B830003B68002BFAD02B6029688C4216D0336805
:10B84000994204D10E4B4B630E4B8B6305E09C4237
:10B8500003D100224B6C100006E02000FFF750FFE0
:10B8600020002968626C4B6C06F020FEF8BDC046D3
:10B87000A4260020C8260020D0260020D82600209C
:10B88000FC3F0020B70B030070B50500FFF782FEF8
:10B89000002803D1280019F051FA0FE0FFF762FEEB
:10B8A000040000F0CBF92818A064200015F039F945
:10B8B0000349200015F024F9FFF77CFF70BDC04656
:10B8C000C4260020F8B5FFF765FE002831D0002619
:10B8D000184D286815F025F9174C2368002B02D065
:10B8E00001365B6DFAE7032E0ADD2768013E7B6DAA
:10B8F000386C236000F0F2F8380000F0EFF8F2E75F
:10B900002100286815F0FCF872B60C492A680B680B
:10B91000934206D19B6D0B6008E0996D8A4203D07B
:10B920000B00002BF9D101E0926D9A6562B6FFF72A
:10B9300041FFF8BDA4260020A0260020CC26002030
:10B94000F7B507000D00002830D0FFF723FE0028D0
:10B950002ED0194E3068C36C5B0703D1C36D0193C1
:10B96000002B06D0154A2900380015F0F1F8002404
:10B970001FE0022406F0FDFD3268D36C1C4003D0AA
:10B9800003218B43D364F2E701210B43D3642800E6
:10B99000B84733680120DA6CDC6511008143D96453
:10B9A000530706D5280015F0F2F802E0044C00E039
:10B9B000044C2000FEBDC046A42600208F0B0300CF
:10B9C00017FCFFFF16FCFFFF020010B5014B12CB66
:10B9D00012C210BDDC260020034A044B12681A6014
:10B9E0007E225A607047C0460C200020DC260020D2
:10B9F00070B5124E05003278022A1AD081421AD947
:10BA00000C1A072C17D9080003232843034012D12E
:10BA100072B60B48D2001550821851608022A408DB
:10BA2000120614432C6032780132327062B618006C
:10BA300002E0044800E0044870BDC046412A0020EE
:10BA4000E426002013FCFFFF17FCFFFF064B1A78CB
:10BA50000023824205D9054AC00013185B6880584C
:10BA60001B1A18007047C046412A0020E426002017
:10BA700070B5051E24D0134A134E13781400002B02
:10BA80000CD1124912483370FFF7B2FF114B9842A4
:10BA900002D11E20FFF776FB0123237000243378A8
:10BAA0009C4209DA0C49E300C918280015F08DF80A
:10BAB000002805D10134F2E71420FFF763FB0020D2
:10BAC00070BDC046422A0020412A0020003B0020D1
:10BAD000182B002017FCFFFFE426002070B500287B
:10BAE0001FD0104B10491C780023A34216DADA004D
:10BAF0005558A84210D98A18526890420CD2041F97
:10BB00002368002B02DC1E20FFF73CFB8023226809
:10BB10001B061343236004E00133E6E71E20FFF712
:10BB200031FB70BD412A0020E426002070B5051EBF
:10BB300015DD0C4B0C4E1A681C00002A02D0306830
:10BB400018F087FFFA21256000243068074B890030
:10BB50008361C462694318F084FF200000E0044858
:10BB600070BDC04624270020F426002019BC010027
:10BB700017FCFFFFF8B5114F06003D68002D0AD1F4
:10BB8000302019F0FAF9040009F02CFE0C4BA561E5
:10BB90002360E5623C600B4D2B68002B09D110201F
:10BBA00019F0EBF9040018F0A9FF20002C6018F040
:10BBB0007FFF3000FFF7BAFFF8BDC046F426002033
:10BBC000E463030020270020014B18687047C0463B
:10BBD0002427002070B50D4C2368002B03D00C4B9C
:10BBE0001B68002B02D10620FFF7C4FF206818F065
:10BBF00076FF02000749C3170D684E68521973415A
:10BC000020680A604B6018F070FF70BD202700208C
:10BC1000F42600208822002010B5FFF7DBFF002467
:10BC2000054BE058002802D003681B68984704348D
:10BC3000282CF5D110BDC046F826002010B5FFF71E
:10BC4000C9FFFA22034B92001868596800230BF0D1
:10BC500017F910BD8822002010B5FFF7BBFF024B7B
:10BC60001868596810BDC046882200200B4B10B5DB
:10BC70001B680400002B03D0094B1B68002B02D16A
:10BC80000620FFF777FF0023064A9900885800280E
:10BC900001D00133F9E78C5010BDC04620270020A9
:10BCA000F4260020F8260020002310B5044A99004D
:10BCB0008C58844201D00133F9E70020885010BD30
:10BCC000F826002010B50400002902D00B78002BC4
:10BCD00002D1034B236001E015F06DF8200010BD88
:10BCE000AC5B0300F8B505000E00140000290AD073
:10BCF0000B78002B07D0002A05D0080097B219F066
:10BD0000CDF9874202D90B4B2B6010E0601DFFF785
:10BD1000AFFE286015F044FA286822004780310001
:10BD2000043019F05DF92B681C19002323712800D9
:10BD3000F8BDC046AC5B0300014B03607047C046D2
:10BD4000AC5B030010B50548054C206015F02FFAD8
:10BD5000044A0549200019F005F910BDAC5B030049
:10BD60002827002000200020A90D0300084B73B5F0
:10BD70001C680500002C0AD0010026680831082242
:10BD8000684619F02DF90CCD31682000884773BD45
:10BD90002C270020014B03607047C046B45B0300B2
:10BDA00010B50400002902D1044B036003E00160D8
:10BDB000080015F0FCF9200010BDC046B45B03007C
:10BDC0000300024A00681A607047C046B45B030073
:10BDD00030B504686088814206DAA588AA4203DA91
:10BDE000002901DB002A01DA034804E0424360181D
:10BDF00080188371002030BD17FCFFFF10B500686C
:10BE00004388994206DA8488A24203DA002901DBDA
:10BE1000002A01DA034803E05A4343189B18987933
:10BE200010BDC04617FCFFFFF0B5070085B00E003F
:10BE30001D00002921DD002A1FDD002B1DD0046814
:10BE4000638803938B4200DD0391A388029393429E
:10BE500000DD0292002306340193019B029A934273
:10BE60000DDA29002000039A19F0BAF83B68AD19E1
:10BE70005B88E418019B0133EEE7024800E00020F4
:10BE800005B0F0BD17FCFFFFF8B504000D0016006B
:10BE90001F00002901DB002A02DA0D4B236016E0A7
:10BEA000100048430630FFF7E3FD206015F078F9F5
:10BEB00023685D809E80002F06D03B003200290061
:10BEC0002000FFF7B1FF02E0200015F04EF8F8BDAA
:10BED000B45B0300F7B505000C1E05D000200F0071
:10BEE00006000190010015E0224B03603FE0302284
:10BEF000524294469C446246092A14D90A2B0DD119
:10BF0000019B361801330193B14200DA3100002061
:10BF1000060001373B78002BE9D106E00028F8D075
:10BF200001360020F5E70120F3E76A46928809B25E
:10BF300012B22800FFF7A8FF2B680A26991D0123DB
:10BF40005B422078002812D00200303A092A06D835
:10BF5000DA43D217134073431B18303B05E0002B24
:10BF600003DB0B70012301315B420134E9E7280058
:10BF7000FEBDC046B45B0300F0B5040087B004A862
:10BF800015001E000F00FFF71FFD23685A88954219
:10BF900008DA9B88B34205DD1F2F03D9059B009368
:10BFA0009F4201DD18482DE0052300217B430093CB
:10BFB000049B0193009B019ACB18A03BD35C002209
:10BFC000029373189C465319276803937888834219
:10BFD00002DABB889C4507DB0132052AF3D1013127
:10BFE0000529E7D100200DE0634658435319FB189B
:10BFF000102717411B1802980740781E87417F427F
:10C000009F71E9E707B0F0BD17FCFFFFF7B50368C4
:10C0100006009C1D5B880D005A1A0192002918DD4C
:10C020000027994202DB14F0A0FF14E033689B88DC
:10C030009F4210DA6119019A200018F0D1FF019B8C
:10C040002900E01814F074FF336801375B88E418A6
:10C05000ECE7024800E00020FEBDC04617FCFFFFF1
:10C0600010B50548054C206015F0A1F8044A0549B3
:10C07000200018F077FF10BDB45B030030270020CC
:10C0800000200020230F030010B5054C01212000E3
:10C0900015F07DF8034A0449200018F063FF10BD35
:10C0A00034270020002000204D1103000388074A98
:10C0B00010B50120934208D0834202D00020DB0754
:10C0C00003D41E20FFF75EF8002010BDFFFF000024
:10C0D0000048704716FCFFFF10B53220FFF752F8FA
:10C0E000004810BD16FCFFFF8280142210B5134CCF
:10C0F000028108340200002304604162040002212E
:10C10000303283718172C360036143618361C361B3
:10C1100003623634137053704386838622788A43D1
:10C12000F1310A402270020040321370021DD387A1
:10C13000013343878387C38710BDC046D45B0300A8
:10C14000F0B5544F97B03B6806000593002B00D024
:10C1500094E006AC0B331C228221200001F044FD48
:10C160000EAD0B231D2283210AA801F03DFD0B23F8
:10C170001B228421280001F037FD082018F0FDFE65
:10C180000122059B1100049017F008FB3A213000B2
:10C1900016F0AEFB00281CD0A38812ADAB80A379AB
:10C1A0005C20AB713C4B1293A3681493237B2B73DD
:10C1B000637B6B73A37BAB7318F0DFFE05230193E6
:10C1C000353300932A00049B3100040003F0C4F8C7
:10C1D00053E03221300016F0B9FB00281CD0A388B0
:10C1E00012ADAB80A3795C20AB712B4B1293A3688B
:10C1F0001493237B2B73637B6B73A37BAB7318F05C
:10C20000BCFE052301932D3300932A00049B3100CB
:10C21000040003F03FFA30E03C21300016F051FBFF
:10C22000002822D0AB8812ACA380AB79A420A371E4
:10C23000194B1293AB6814932B7B23736B7B637343
:10C24000AB7BA37318F099FE062305000293013B14
:10C250000193373300932200049B310002F098FFD2
:10C260000E4B3D6044351D6008E0442018F085FE0B
:10C27000052204990400FFF737FF3C60074B054C8B
:10C280001868002802D0216815F027F9206817B037
:10C29000F0BDC04638270020C45B03003C270020C7
:10C2A000F0B56049C56885B08D4206DA03003633C3
:10C2B0001A78022313400BD117E0C8220023520042
:10C2C000954212DD030036331A78002392070CD40E
:10C2D000012306001F00363632785408A7433C007D
:10C2E00002279C40BA432243327004698C4205DA2B
:10C2F000020036321278520709D415E0C8225200E3
:10C30000944211DD02003632127852070CD4060036
:10C310000122363633789F08BA43970004229343AC
:10C320001A0001233A433270426901920200019ED1
:10C3300040328E4205DA01003631097809070AD405
:10C3400015E0C821019E49008E4210DD0100363102
:10C35000097809070BD40600012136363378DF0847
:10C36000B9430827C900BB430B43337001E0002BDE
:10C3700018D01378032B15D80133DBB21370012BBF
:10C3800003D10021031DD9870CE0042B0AD1020040
:10C3900001213632137804300B4313700023C38716
:10C3A0000B333CE013780293002B1BD006000127CF
:10C3B000011DCB8F363601339BB2CB87039636787F
:10C3C000BC46374008D01D2B0CD963469E43039BC7
:10C3D0001E700023CB8704E0092B03D9029BCF8773
:10C3E000013B137014F025FF0F4A0723904216D922
:10C3F0000E49043B8D4212DBC82201339200954264
:10C400000DDC023B8C420ADB013B944207DC0198C5
:10C410000433884203DB0133904200DC0023180020
:10C4200005B0F0BD70FEFFFFFF700200E0FCFFFFF3
:10C43000F0B5040089B0C0680DF092FA0090019147
:10C4400020690DF08DFA0690079160690DF088FA69
:10C4500002000290802000060B18039100980199B9
:10C460000EF03CFC0DF04AFBE0620DF0F3FA060022
:10C470000F000EF0F5F904900591300039000DF031
:10C48000CDFE049A059B06000F00009801990CF060
:10C4900043FC3200009001913B00029803990CF09C
:10C4A0003BFC02000B00009801990CF0AFFE02006B
:10C4B0000B00069807990EF011FC0DF01FFB0022EF
:10C4C000051C0023029803990AF08CFC002801D176
:10C4D000A56219E00021281C0AF0BEFC0D4E0028C0
:10C4E00001D10D4F00E00D4F281C0DF0B3FA0200F2
:10C4F0000B00300039000CF089FE32003B000BF0DD
:10C50000BBFC0DF0FBFAA0620222A3791343A371D6
:10C5100009B0F0BDEA2E4454FB21F9BFFB21F93FDD
:10C5200010B514F032FF06490BF064F90DF092FAE1
:10C53000044A054B0BF0CCFF0DF0DCF910BDC046F2
:10C540000000B443EA2E4454FB21194010B514F006
:10C5500029FF06490BF04EF90DF07CFA044A054B11
:10C560000BF0B6FF0DF0C6F910BDC0460000B44395
:10C57000EA2E4454FB21194010B50400034B083344
:10C580000360FFF791FB200010BDC046085C03006C
:10C5900070B5C369C2681B688AB00400451D1A42A1
:10C5A00050D0EB7F002B01D0013BEB77EB7F082BCA
:10C5B0000DD90122A379134209D11343A371A18894
:10C5C000130006A814F08AFCFFF738FB2062EB7F0B
:10C5D000012B26D80123A2791A4222D00025A18856
:10C5E000A571022202A814F079FCA31DDE7F012EA2
:10C5F00017D1FFF723FB2B00226A801A9941009084
:10C600000191019BA188AB4203D1174B009A9A423A
:10C6100002D90123042201E03300032206A814F00A
:10C620005DFC0323A2791340012B1AD1FFF706FB0F
:10C630000023226A801A9941994208D10B4B9842F3
:10C6400005D80EE0EB7F0B2BB0D80133ADE702220B
:10C65000A379A1881343A3710332012306A814F020
:10C660003DFC0AB070BDC046E7030000DB050000DA
:10C67000F0B5070000250E0085B002930AAB1B78C9
:10C6800008370393104B0400083303600192858040
:10C69000857129001822380018F0C0FC039A310077
:10C6A000380018F0C1FA6B466A469B88127AA3805C
:10C6B000A31DE671DA77631D25622000DD77FFF7A1
:10C6C000D5FA200005B0F0BD085C030000487047B3
:10C6D00016FCFFFF10B53320FEF754FD004810BDD7
:10C6E00016FCFFFF002310B50400838083710D4802
:10C6F0002164083020608020C000A061E0612062D9
:10C70000E3602000236163616362A362E3622363E9
:10C710006363A363E3636364110014F0A4FE200069
:10C7200010BDC046205C0300F0B5534F97B03B6886
:10C7300006000593002B00D094E00B331C228221CD
:10C7400006A80AAC01F050FA0EAD0B231D2283217E
:10C75000200001F049FA0B231B228421280001F05C
:10C7600043FA082018F009FC0122059B11000490EF
:10C7700017F014F81D21300016F0D1F800281CD055
:10C78000A38812ADAB80A3796020AB713B4B1293B1
:10C79000A3681493237B2B73637B6B73A37BAB73B3
:10C7A00018F0EBFB06230193173300932A00049B38
:10C7B0003100040002F0A4FE53E03C21300016F0EA
:10C7C000DCF800281CD0A38812ADAB80A3796020D0
:10C7D000AB712A4B1293A3681493237B2B73637B57
:10C7E0006B73A37BAB7318F0C8FB0623019336333E
:10C7F00000932A00049B3100040002F0EDFF30E0BA
:10C800003C21300016F05DF8002822D0AB8812AC35
:10C81000A380AB79A420A371184B1293AB68149337
:10C820002B7B23736B7B6373AB7BA37318F0A5FB2C
:10C83000062305000293013B019337330093220046
:10C84000049B310002F0A4FC0D4B1D6044353D609B
:10C8500008E0482018F091FB062204990400FFF735
:10C8600041FF3C60064B1A68034B002A01D019684F
:10C870004A64186817B0F0BD3C270020C45B030071
:10C88000382700207FB50426040080793040051E3B
:10C8900018D123682000DB699847200014F00EFEB1
:10C8A000A37903223343A371A1880123684614F0BE
:10C8B00015FBA37928001A00B243A2719B0702D48A
:10C8C000024800E0024804B070BDC04614FCFFFFFF
:10C8D00015FCFFFFF0B504008BB0406C14F062FD56
:10C8E000061C606C14F051FD02222100051C07A8F3
:10C8F00014F0F5FD08980BF039FA041C09980BF0B8
:10C9000035FA0090301C0DF0A5F806000F000DF070
:10C91000A7FF0DF0F3F83900019030000DF07EFC18
:10C920000DF0ECF80290281C0DF094F806000F00B2
:10C930000DF096FF0DF0E2F83900039030000DF095
:10C940006DFC06000F00009801990AF053FF029950
:10C95000051C201C0AF04EFF011C281C0BF05EF881
:10C960000DF078F80490059107980BF0FFF9390065
:10C97000051C30000DF0C2F8011C281C0AF03AFF1B
:10C980000399051C201C0AF035FF01990AF032FFBB
:10C99000011C281C0AF0EEFB0399041C00980AF005
:10C9A00029FF02990AF026FF011C201C0AF0E2FB75
:10C9B0000DF050F8049A059B0EF090F900220E4BF2
:10C9C0000CF0AAF90D4A0E4B0BF082FD0DF096F813
:10C9D000011C0C480BF022F80021041C0AF028FA74
:10C9E000002804D0201C08490AF0C4FB041C201CA9
:10C9F0000BF09AF90BB0F0BD00807640EA2E44545B
:10CA0000FB2119400000B4420000B44330B585B0AA
:10CA10000122010001A814F062FD02980BF0A6F9B2
:10CA20000DF018F804000D0001980BF09FF90DF0BF
:10CA300011F822002B000EF051F900220C4B0CF0E3
:10CA40006BF90C4A0C4B0BF043FD0DF057F800212D
:10CA5000041C0AF0EDF9002804D0201C07490AF054
:10CA600089FB041C201C0BF05FF905B030BDC046EB
:10CA700000806640EA2E4454FB2109400000B44384
:10CA800010B5837904005A070DD49B0701D4FFF732
:10CA9000F9FE636C2000002B02D0FFF71BFF03E0C0
:10CAA000FFF7B4FF00E0014810BDC04615FCFFFFD2
:10CAB00082B0F0B50400EBB064207193709218F06E
:10CAC0003DF905220EA8110014F058FA97490FA855
:10CAD000FFF700FA002396251A001FA86D001A50D0
:10CAE000C1180C334A608A60AB42F8D11922002188
:10CAF00011A818F093FAA06815F00AF90026099019
:10CB0000FF21A06800F008FD894FA06800F060FBDD
:10CB100007960896864B9F4202D0864B9F4212DAB8
:10CB2000A06815F043F9A568834918A8FFF7CAF86B
:10CB3000782218A9280000F037FC18A814F034F95E
:10CB40007B4F002606E0002F01D00F2E02D1A068F7
:10CB500000F03EFB0322089B606801331A400892F4
:10CB600014F0FEFB0500606814F001FC0022734B1A
:10CB700006929D4210DB013206922A00C8320BDB7E
:10CB8000AA22042192000691954205DC0322069216
:10CB9000C82D01DC013A069200220492984210DB73
:10CBA000012304930300C8330BDBAA2304329B0048
:10CBB0000492984205DC03230493C82801DC013B5E
:10CBC00004930EA814F0D1F9002511ABEB5C012BF6
:10CBD00008D15B496B00CA185278C95C0EA8FF23C4
:10CBE000FFF7F6F80135192DEFD16B4610229A5E4A
:10CBF0006B460EA81821595E089BFFF7E9F8002F35
:10CC000001DB0F2E07D90023A068009374301A00AF
:10CC10000EA914F0C0F900230593059B484A5B0058
:10CC2000995C0698814227D1D3185B78049A934285
:10CC300022D12C2206AB9B18059A9B5C012B1BD0A2
:10CC40000C23079A216853431D0000220AA814F000
:10CC500046FC1FAA2B0094460AAA634423CA23C396
:10CC60002C2206AB05999B182B3A5A54079B01338B
:10CC7000DBB20793731CDEB2059B01330593192BBE
:10CC8000CBD1642018F05AF83B00643B1FB2079BDD
:10CC9000182B00D83EE71A001FA918A814F08CFE24
:10CCA0006A461BAB23CB23C21B6813601899199AE1
:10CCB0001A9B206814F0E8FBE568002D0CD0214990
:10CCC00010A8FEF7FFFF1C2318AA10A9280015F0D2
:10CCD00093FD10A814F068F8A06815F067F80FA984
:10CCE00010A8A56814F02AF90022174B009210A989
:10CCF00001932800130000F0D7FA10A814F011F9DE
:10CD0000FA20800018F01AF8A06815F04FF8099979
:10CD1000A06800F001FC0FA814F003F90EA814F0AD
:10CD200000F96BB0F0BC08BC02B01847956B03006B
:10CD30008C3C0000D18AFFFFDA6B030058FDFFFF37
:10CD4000636B0300EF6B0300DC050000F0B587B0F8
:10CD500001930EAB1B88060003930D9B0D000093FF
:10CD6000019B02920C9F002B41D0002F02D1009B0F
:10CD7000DB073CD5302018F000F90400103014F027
:10CD8000A2F82000243013F01CFF6B461B891820EA
:10CD90002580638018F0F1F8049707000500009BD8
:10CDA00010220593019B002108C7380018F036F9BE
:10CDB000082204A9380018F013F90E4B02226B6107
:10CDC00000230399E3602362E36233680A43A560AA
:10CDD000A2805B68210030009847002808D020001E
:10CDE00013F098FF200018F0C4F8034800E003484F
:10CDF00007B0F0BDC515030016FCFFFF17FCFFFFD1
:10CE000070B58CB08360109B01604260C360040009
:10CE10001849180015F0BDFC051E14D001001C2295
:10CE2000103105A818F0DCF86A4608AB43CB43C2C2
:10CE30001B68136020680599069A079B14F024FB71
:10CE4000280018F096F80C4B186800280ED00B4AF2
:10CE500005AB059200220692C03202926A4622CBAE
:10CE600022C2230003220621FFF770FF20000CB02E
:10CE700070BDC046EF6B03002C270020B1CA010033
:10CE8000F0B5040085B0637A9C46002B03D12000E6
:10CE900014F0AFFD69E0A37A266F01931023019A85
:10CEA000F35600259B1801229A402900F36802924C
:10CEB0000393039B9D4231DAB368019A6B439B183D
:10CEC00072695B00E77AD3181A785878E379012FF2
:10CED00004D15F1E3F1A10003A000EE0022F05D168
:10CEE0005F1EBA1A277A013F381A06E0032F04D1D1
:10CEF000277A013FBF1A020038005B004343606F8E
:10CF00008218D3189B79634500DD6346627B1A4221
:10CF100002D00123AB4019430135CAE71123C943AD
:10CF2000F356606C994023691940029B194317F02E
:10CF3000D9FFA37B072B18D8627B581C5200627361
:10CF40000B499A00A073022B03D8885817F0EBFE08
:10CF500099E7084B2000236300236363064B89583D
:10CF6000E4622364143017F07CFD05B0F0BDC046C8
:10CF7000645C030081CE0100DF19030010B50400DA
:10CF8000044B036017F065FD200008F041FC200011
:10CF900010BDC046E463030010B504000E4B083317
:10CFA0000360FEF781FE2000743013F0BAFF20000A
:10CFB000603013F0B6FF2000583013F0F5FE20006B
:10CFC000503013F0F1FE2000044B14306361FFF782
:10CFD000D5FF200010BDC0464C5C0300F863030081
:10CFE000F8B500250400324B858008330360857155
:10CFF000143016000F0008F0F5FB20002D4BE56201
:10D00000636125645030FEF797FE20005830FEF72C
:10D0100093FE20006030FEF7BDFE20000423F25E88
:10D0200033682667590009B2743013F0A7FF3378CC
:10D03000226FE3717368012623721023E572A572D3
:10D04000A7802561D356916859188B4204DA3000C5
:10D05000984001330543F8E711230120D356D168E6
:10D0600059188B4206DA02009A402669013332438E
:10D070002261F6E7142017F080FF226900212A437D
:10D080000123060008F082FEFF22627222000023C4
:10D090000125483266646573A373237320001370FF
:10D0A000A366FEF7E3FDA37920002B43A371F8BD2F
:10D0B0004C5C0300F8630300F0B5437A85B00400CC
:10D0C000002B03D1200014F094FC66E00122837A47
:10D0D00011009C461023066F0025F356039263440B
:10D0E000994001912900F3680293029B9D422CDA3A
:10D0F000B36872696B4363445B00E77AD3181A78AC
:10D100005878E379012F04D15F1E3F1A10003A00CE
:10D110000EE0022F05D15F1EBA1A277A013F381A96
:10D1200006E0032F04D1277A013FBF1A020038001E
:10D130005B004343606F8218D3189B79002B02D0A9
:10D14000039BAB4019430135CFE71123C943F35685
:10D15000606C994023691940019B194317F0C2FE86
:10D16000667AB31EDBB2FC2B14D8FEF72DFD0C4BF8
:10D170000500236300230B4863630B4BFF21E4622C
:10D180002364704309F018FD290041432000143046
:10D1900017F067FC637A012B94D905B0F0BDC04647
:10D1A000F3190300B6030000DF1903001FB50123C4
:10D1B00081881A00684613F091FE012303491A0082
:10D1C000684613F08BFE05B000BDC046FE030000AC
:10D1D0001FB5030048331A780400002A0DD000223E
:10D1E0001A70012381881A00684613F077FE012324
:10D1F00004491A00684613F071FE2000743013F0E1
:10D20000B4FE1FBDFF03000010B504002300483327
:10D210001A78002A07D01B78012B04D0012102487C
:10D2200013F0A5FCF2E710BDFF03000010B50121CB
:10D230000400072013F09BFC064B984209D1230001
:10D2400048331A78002A04D01B78012B01D020BF64
:10D25000F5E710BD16FCFFFF70B50500141E09DBD5
:10D26000060048363378002B06D03378012B03D0E4
:10D270000B4813E00B4811E0002328001A0074301B
:10D28000FEF77AFE0020844207D02B004A331C8030
:10D2900007234C352880337000E0200070BDC04665
:10D2A00012FCFFFF17FCFFFF73B5079C0500002C65
:10D2B00009DB060048363078002806D0307801288F
:10D2C00003D00D4816E00D4814E006981BB2C0B21A
:10D2D0000090280012B2743013F05DFE00208442EA
:10D2E00007D02B004A331C8007234C35288033702D
:10D2F00000E0200076BDC04612FCFFFF17FCFFFFD8
:10D30000F8B505000F00161E13DBFFF77DFF2B009D
:10D3100048331C78E4B2002C0DD1320039002800CB
:10D32000FFF79AFF301E07D02800FFF77FFF20008D
:10D3300002E0024800E00248F8BDC04617FCFFFFCB
:10D3400011FCFFFFF0B587B00D9E05000F000292A3
:10D350000393002E1EDBFFF757FF2B0048331C788A
:10D36000E4B2002C18D1390005A813F0E7FD0C9B9E
:10D37000029A009305A9039B01962800FFF794FFEA
:10D3800005A813F0CEFD301E07D02800FFF74EFF92
:10D39000200002E0024800E0024807B0F0BDC046AD
:10D3A00017FCFFFF11FCFFFFF8B50400171E09DD95
:10D3B000060048363378002B06D03378012B03D093
:10D3C0000C4816E00C4814E02200E3795632013B89
:10D3D000137023000025200054331D80503013F0BB
:10D3E00040FD23004A331F80022328004C3425804F
:10D3F0003370F8BD12FCFFFF17FCFFFFF7B5050007
:10D400000F00161E18DDFFF7FFFE2B0048331878BB
:10D41000C4B2002C12D1390001A813F01AFD320059
:10D4200001A92800FFF7C0FF01A813F0BDFC2800E8
:10D43000FFF7FCFE200002E0014800E00148FEBDCD
:10D4400017FCFFFF11FCFFFFF8B50400161E09DDF5
:10D45000070048373A78002A06D03A78012A03D0E4
:10D46000144826E0144824E05D42069BFF3301D1B6
:10D470006B1D00E0069B22001BB264321380230068
:10D48000200066331D70603013F060FD2200002321
:10D490006C3213709D4200D0B3B222004A32138026
:10D4A000079B00205A1E9341013E4C3405332680D1
:10D4B0003B70F8BD12FCFFFF17FCFFFFF0B587B013
:10D4C00005000F00161E03931DDDFFF79DFE2B00C8
:10D4D00048331C78E4B2002C17D1390005A813F0AA
:10D4E0002DFD0D9B320001930C9B05A90093280094
:10D4F000039BFFF7A9FF05A813F013FD2800FFF712
:10D5000095FE200002E0024800E0024807B0F0BDAE
:10D5100017FCFFFF11FCFFFFFF2902D8417200201A
:10D5200000E001487047C04617FCFFFF13B5040038
:10D5300004A800780090200017F0E8F9002801D135
:10D54000207500E0004816BD0EFCFFFF13B5040077
:10D5500004A800780090200017F0C0F9002801D13D
:10D56000207500E0004816BD0EFCFFFF7FB50D00E2
:10D5700011000F226A4404001E1E117015D0089B72
:10D58000002B12DD012329000093FFF7DFFF0028A5
:10D5900001D007480AE00090089B320029002000D3
:10D5A000FFF7C4FF002801D0F3E7024804B070BDC4
:10D5B0000EFCFFFF17FCFFFF30B5040087B0057BB2
:10D5C000006C08F089F9A02200210E4BAD00D200BA
:10D5D000285199500C4A14319950636C6846597C13
:10D5E000237BC91849B214F0DBFC039B019A032189
:10D5F0001A60207B0130C0B209F0DAFA217307B05B
:10D6000030BDC046007000400405000082B070B517
:10D610000400002588B00C920D93636C9A689542C3
:10D620000ADA197C02A8491949B214F0B9FC069B20
:10D63000039A01351A60F0E75D7C237B02A8ED18A0
:10D640006DB2290014F0ACFC039A059B01921A609C
:10D650000021182202A817F0E1FC02A800222900EC
:10D6600017F0E2FA206C002801D017F082FC0820A5
:10D6700017F083FC2900060008F006F9094B20008A
:10D68000E3620023FA212363074B2664A462E36369
:10D690001030090117F0E5F908B070BC08BC02B001
:10D6A0001847C046B9D501004D1F0300F0B504006E
:10D6B00085B000930CAB1B8810300E001500019351
:10D6C00013F001FC2000243013F07BFA26806580E3
:10D6D000182017F052FC070002AE33003D000AAAE2
:10D6E00003CA03C3009B102208C50021280017F0BD
:10D6F00095FC31000822280017F072FC064B02222C
:10D700007B61200000230199A7600A43E360A280A7
:10D710002362E36205B0F0BD611F030070B5050030
:10D72000040010350E00302286B00021280017F0CA
:10D7300075FC280008F056F80023194A6664226137
:10D74000184AA3621668E363237323606360A360CF
:10D750009E421FD0144A30200492059317F00DFC0E
:10D76000C02305006A46029304AB03CB03C2230027
:10D77000072102222800FFF799FF336829005B6820
:10D7800030009847002805D0280013F0C3FA28007D
:10D7900017F0EFFB00232000236406B070BDC046E5
:10D7A000F86303002C2700200DD6010030B5134B81
:10D7B00093B01D680400002D17D0114B6A460493E6
:10D7C000002305931033029304AB03CB03C2230061
:10D7D0000222072106A8FFF769FF2B6806A99B68AC
:10D7E0002800984706A813F095FA2000054B103042
:10D7F0002361FFF7C3FB200013B030BD2C270020AE
:10D800000DD60100F8630300F7B507000D1E27D001
:10D810000023022604690193002C1DD0AA88A38846
:10D820005340334216D1324203D1AB88334207D042
:10D8300010E0A968A06815F096FF002804D1F4E76D
:10D84000A368AA68934205D12B88002B0AD02288AE
:10D850009A4207D0E46ADFE7019B2000002B1ADC24
:10D860000D4818E06B88002B02D062889A42F1D1F3
:10D87000EB68E268934201D0002BEBD17B68002B70
:10D8800001D020009847A388044A1343A380019B3A
:10D8900001330193DEE7FEBD17FCFFFF0080FFFFB1
:10D8A000F0B5060085B00D1E5CD001270469002C80
:10D8B0001DD00221AA8800230A4202D0A3885B0857
:10D8C0003B40226829688A4257D1002B0AD0A968B8
:10D8D000A06815F048FF00284FD0EB68E26893423B
:10D8E0004BD141E0A368AA68934246D1F5E731697C
:10D8F0002A880F000B1E0CD135610123214968468F
:10D9000013F0ECFA20003AE0D86A1F00002812D089
:10D91000030018889042F7D318003B000488944213
:10D9200009D147886C88A74205D8C46A0300002C37
:10D9300001D02000F2E799420AD10888824204D33C
:10D9400006D14C886888844202D9E962356102E0D8
:10D95000D96AE962DD6201230A49684613F0BEFA1A
:10D9600000200CE008480AE0A3881AB2002A02DA74
:10D970005B045B0CA380054801E0E46A97E705B00F
:10D98000F0BDC046FD03000017FCFFFF16FCFFFFC3
:10D99000064B10B51A00040008322C330260836075
:10D9A0000830FDF7E3FE200010BDC046845C030094
:10D9B00008B4024B9C46083808BC604791D9010066
:10D9C00008B4024B9C46083808BC60470720030097
:10D9D0000C4A002311002C32083110B543608381BA
:10D9E0008373826003614361836183830160040008
:10D9F0000830FDF7ADFE044B1A68002A00D11C6008
:10DA0000200010BD845C03002C27002082B0F7B5F5
:10DA10000125402709930CAB1B78046908920193F8
:10DA2000002C37D008AA238812889A4201D0002BF4
:10DA30002AD108AA638852889A4201D0002B23D1A8
:10DA4000FDF7A8FD0123002806D0A288BF331340AC
:10DA5000C03B5A425341DBB2019A934213D1A6888C
:10DA600033B2002B0FDB102208A9A01817F0B8FA68
:10DA70003E420BD1FDF78EFD002807D0210008485B
:10DA8000FDF75EFF00E00025E46AC9E7200014F01E
:10DA9000C3FAF9E72800FEBC08BC02B01847C0462C
:10DAA0001920030008B4024B9C46083808BC6047A4
:10DAB000B521030010B5024813F005FA10BDC046A9
:10DAC00090220020F0B587B001930EAB1B880600B2
:10DAD00003930D9B0D000093019B02920C9F002B62
:10DAE00041D0002F02D1009BDB073CD5302017F03E
:10DAF00044FA0400103013F0E6F92000243013F04B
:10DB000060F86B461B8918202580638017F035FA72
:10DB1000049707000500009B10220593019B00213C
:10DB200008C7380017F07AFA082204A9380017F05D
:10DB300057FA0E4B02226B6100230399E3602362C4
:10DB4000E36233680A43A560A2805B68210030006D
:10DB50009847002808D0200013F0DCF8200017F0C8
:10DB600008FA034800E0034807B0F0BDF5210300C0
:10DB700016FCFFFF17FCFFFFF0B5040016000025A0
:10DB80008380164A164B8571026021814681057398
:10DB9000186889B08C46A8421DD0124A0595049297
:10DBA000C02202926A4604AB82CB82C26146230045
:10DBB0002A00FFF787FF0B4A094B0692C02218681C
:10DBC00002926A4606AB079582CB82C223002A00E6
:10DBD0003100FFF777FF200009B0F0BDC85C0300FB
:10DBE0002C2700201F23030030B5002403730123DA
:10DBF000034D84710560818082734373846030BDFE
:10DC0000C45B030070B583790400DB0702D580682C
:10DC100017F0AFF9A3799B0702D5A06817F0A9F90F
:10DC2000A3795B0707D5A0230021144ADB00D1505C
:10DC3000A06817F09EF9A3791B0708D5A568002DE9
:10DC400005D0280015F006FE280017F092F9A379F8
:10DC5000DB0605D5A068002802D00368DB6898477A
:10DC60006023A2791A4205D0A068002802D0036878
:10DC70005B6898470023A360A37170BD00700040EB
:10DC8000F7B50222037B04000F00134224D00129C0
:10DC900024D88579154015D1FFF7B4FF182017F067
:10DCA0006CF90E230600E35618222900019317F0A1
:10DCB000B5F90199300016F0C9FF0222A379A660D8
:10DCC0001343A371A3685A68002F03D0DB681A605E
:10DCD000002004E01B69FAE7014800E00148FEBDAE
:10DCE00016FCFFFF17FCFFFFF7B50126037B0400BE
:10DCF00033422BD0612385791D4017D1FFF782FF76
:10DD0000182017F03AF90E230700E3561822009363
:10DD1000637B2900019317F081F9019A009938007B
:10DD200016F082FFA379A7603343A3716023A27921
:10DD30001A4203D0A06816F00AFE08E0A2685369F0
:10DD400050681B681840431E984100E00048FEBD23
:10DD500016FCFFFF70B5037B04000D001B0713D5F5
:10DD60000B4B994212D814F075FB0300002083423C
:10DD70000DD1280009F0FAFF064909F071FB011CDA
:10DD8000A06804F037FC02E0034800E0034870BDDF
:10DD9000FF03000000C07F4416FCFFFF17FCFFFFDD
:10DDA00070B50425037B04002B4214D083792B42E9
:10DDB0000DD1FFF727FF082017F0DFF80E2106002E
:10DDC000615607F061FDA379A6602B43A371A0689B
:10DDD00007F082FD00E0014870BDC04616FCFFFF61
:10DDE000F7B50127037B04003B4219D01023857946
:10DDF0001D4011D1FFF706FF282017F0BEF80E21B5
:10DE0000A2883B00615600950600FEF731FC102207
:10DE1000A379A6601343A371A06813F0DEFA00E0B3
:10DE20000048FEBD16FCFFFF70B5037B05000E0029
:10DE30001B0713D5002913DB14F00CFB041E11D1B2
:10DE4000A86804F0EBFB0949884202D0A86804F0F6
:10DE5000EBFB3100A86808F09FF804E0044C02E0F6
:10DE6000044C00E00024200070BDC046204E00009D
:10DE700016FCFFFF17FCFFFFF8B51400027B07003C
:10DE800012071CD500291CDB002C1ADD002B18DD25
:10DE9000B42900DDB421FA26B600714365100800EC
:10DEA000B4215D1B08F088FE7543604331002818DB
:10DEB00008F082FE01003800FFF7B6FF02E00248DA
:10DEC00000E00248F8BDC04616FCFFFF17FCFFFF4C
:10DED00010B583791B0703D5806804F0A5FB00E02B
:10DEE000004810BD16FCFFFF10B501248379417373
:10DEF0001C4004D0806816F028FF002007E0602254
:10DF0000134203D0806816F029FDF6E7004810BDE3
:10DF100016FCFFFFF8B56023867904000D001E4053
:10DF200025D1FFF76FFE582017F027F80E210700C4
:10DF3000615600F0EBFE3800A760617B16F00EFD25
:10DF40000122A068104B114F43620462866247634E
:10DF500011001C3007F0AAFDA0680D4B8463C36359
:10DF60000664C76401221C30022107F09FFD602275
:10DF7000A3799343403A022D02D0032D01D14022D0
:10DF800013430020A371F8BDD724030041240300EC
:10DF9000FB24030010B50300042912D8080008F080
:10DFA00077FD0C10030307001800FFF7B3FF02E032
:10DFB0001800FFF715FF002004E0180014F0AFFA76
:10DFC000F9E7014810BDC04617FCFFFF70B504001B
:10DFD00000250D4B0E0008338580857103602100FC
:10DFE000183014F0D3FA20002100203014F0F1FA98
:10DFF000064BA680A571E5712572E5602561656116
:10E0000020001C6070BDC046D85C03004027002083
:10E010008379DB0702D5C160002000E0004870472B
:10E0200016FCFFFF8379DB0701D5C06800E00148DB
:10E030007047C04616FCFFFF70B545690400002D0F
:10E0400021D0037A032B20D8FFF7ECFFA8622C2005
:10E0500016F093FF2C220021050016F0DFFF0023AD
:10E06000626953622369002B01D1226105E0596A7C
:10E07000002901D00B00FAE75A62237A6561013367
:10E080002372002002E0024800E0024870BDC04652
:10E0900017FCFFFF13FCFFFF154B70B55A68154DB9
:10E0A000002A03D000225A600132AA601B69114E77
:10E0B000002B1CD000210E4B0F4C19618023DB007C
:10E0C000F358012B0ED1A923DB00F15820684942F7
:10E0D000FFF79EFF2068FFF7AFFF23685A69074BE1
:10E0E000F25002E02068FFF793FF0123AB6070BDA0
:10E0F000FC100040001000404027002004050000F4
:10E1000003000069002809D00221054AD167426A4C
:10E110001A611A7A013A1A72024B19607047C046A6
:10E1200004E100E000E100E0F0B585B0040016F085
:10E1300035FC204B1B785B073AD50025236CC6B213
:10E140000227DF5FBD420EDA200029B2403012F014
:10E15000ADFE864205D101230C211A00684612F05B
:10E16000BDFE0135EEE7250023004E3528884C33EF
:10E170001978013008F006FE230050331B8889B25D
:10E180008B420FD02B88A26CD654636C2980002B55
:10E190000EDB2A8893420BD101235B426364022287
:10E1A000023301E0012303220C21684612F096FE9F
:10E1B00005B0F0BD432A00200121024A13780B4329
:10E1C00013707047432A00200221024A13780B4340
:10E1D00013707047432A00200121024A13788B43B1
:10E1E00013707047432A00200221024A13788B43A0
:10E1F00013707047432A002010B5002903DB024B3F
:10E20000196016F0FCFB10BD4427002070B5040017
:10E210001E0004AB1D7807F05DFA20000E4B403065
:10E220002360FDF789FD230001364C3301352200C0
:10E230001E701D730023E1214E32A36463651380B9
:10E2400053809381D381013B200063644902FFF72F
:10E25000D3FF200070BDC046745B030070B505009D
:10E260001400012A10D003004E331888023B4018D6
:10E27000197808F087FD69640025022C05D121007A
:10E280000C2012F074FC00E0014D280070BDC04667
:10E2900017FCFFFF70B5050004000A005035002987
:10E2A00007D103004E331B882A889A4212D11148A5
:10E2B0001FE0012906D101002A884E310B889A42BD
:10E2C000FCD007E0022905D103004E331B882988C2
:10E2D00099420AD0A36C28884C341E5C2178013006
:10E2E00008F050FD3000298003E00121FFF7B6FF60
:10E2F000F0E770BD0CFCFFFF70B51500012A0AD0D5
:10E30000403012F0AEFD0024022D05D101210C2079
:10E3100012F02DFC00E0014C200070BD17FCFFFF47
:10E32000F8B5114D04002B781B0705D5012114F019
:10E33000B6F9606DFDF7D2FB082723002E7858331D
:10E34000BE432E701878FDF793FB6065002808D057
:10E35000230000205A335C343E4318802E70208006
:10E3600000E00248F8BDC046432A002013FCFFFF2E
:10E3700070B50B4B05001B780C009B070ED4FFF704
:10E3800023FF2B00013458331C702800FFF7C8FF0F
:10E3900004002800FFF728FF200000E0014870BDBE
:10E3A000432A00200DFCFFFFF0B5060007005C3695
:10E3B0005A3733883A8885B004009A421ED0104BF1
:10E3C0001B781B071AD53388426DD15C16F0EAFA28
:10E3D0002300308858331978013008F0D3FC3B888B
:10E3E0008DB2AB4209D1074901230222684612F0DF
:10E3F00075FD0121200014F052F9358005B0F0BD03
:10E40000432A0020FF03000073B50D0006A9040095
:10E4100009780430002A01D1DE070DD5002D0BD07C
:10E420000C34260018244C433419A360044B62605A
:10E4300025606361012200E0002207F091FF73BDB7
:10E44000FD250300F0B507000400002589B0039105
:10E45000049205935A37049B9D4213DA23003E88A9
:10E4600058331978701C08F08DFC23005C331B882E
:10E4700089B2994206D0039B626D5B5D013593556D
:10E480003980E8E7059B012B03D002210648FDF700
:10E49000DDF8012320000093044A00232100FFF748
:10E4A000B3FF280009B0F0BDFF030000A9E301009D
:10E4B000F7B5194C1F0023780500019116009B0742
:10E4C00025D4002A25DD002923D0FFF77DFE2378FF
:10E4D0001B0701D5002407E02800FFF721FF0028D3
:10E4E000F8D017E0A6420DDD019B321B1919280058
:10E4F0003B00FFF7A7FF39002418280014F0C0F8EC
:10E50000002FEFD12800FFF76FFE200002E0034844
:10E5100000E00348FEBDC046432A00200DFCFFFF7B
:10E5200017FCFFFFF0B5174E87B0337805005B0787
:10E5300005D5002114F0B3F8A86CFDF7CFFA042735
:10E540003378BB4303936B461B7B33702B004C33F8
:10E550001878FDF78DFAA864002810D02B0000244D
:10E560004E331C805C80039B28001F433770064A93
:10E57000009423002900FFF747FF200000E0034834
:10E5800007B0F0BD432A002029E1010013FCFFFF82
:10E5900070B50E4C050023780E00DB0714D4FFF78E
:10E5A0000BFE23785B0709D531002800FFF772FEC8
:10E5B00004002800FFF710FE200006E02800FFF707
:10E5C000B1FF0028F0D000E0014870BD432A0020D0
:10E5D0000DFCFFFFF7B52C4C0193237805000F00CD
:10E5E0001600DB074DD4FFF7E7FD23785B0703D563
:10E5F000019B1C1E0AD011E02800FFF793FF0028A2
:10E60000F6D03FE0B44237DA385501340021280013
:10E61000FFF740FE1D4B9842F4D12DE0019B012BEA
:10E620000AD13C00E31BB3421BDA01212800FFF7AB
:10E6300031FE20700134F5E7019B0024022B1BD131
:10E64000280013F0FCFF864207DD280013F0F7FFD7
:10E65000019A311A2800FFF701FE3C00E31B9E429D
:10E6600003DCF443E417344006E002212800FFF7FE
:10E6700011FE20700134F1E72800FFF7ADFD200006
:10E6800000E00348FEBDC046432A00200CFCFFFF0B
:10E690000DFCFFFFF0B58BB002AF7B60704BB86034
:10E6A0001B780C001500DA072CD45B0708D408008F
:10E6B000FFF738FF011E03D0B86812F091FBCAE0E3
:10E6C0002000FFF779FD230050331B88FB603B617E
:10E6D00001235B427B6126004E3633883A699A42B9
:10E6E00003D07B69013300D197E07B68012B21D0F7
:10E6F0007B68022B2FD07B69002B50DA2000FFF7BC
:10E700006BFDB868FDF718FBA5E0138839699942DD
:10E71000FBD00026A36C5B5C7B602B6802229B5EB7
:10E720009E420DDB230038694C331978013008F024
:10E7300029FB39617B690133DDD122004E32E4E7E8
:10E7400031B2280012F0B2FB7B68834201D13B69F1
:10E750007B610136E1E77B690133CCD11C232900C1
:10E76000F81812F076FB1C237A68F9182000FFF7DE
:10E77000C3FD1C23F81812F017FB3388013B7B61A3
:10E780001C23F818FDF7D8FA1C232000F918403094
:10E7900012F067FB1C23F81812F006FBABE76B4680
:10E7A000FA687B607B699D1A934205DA23004C333B
:10E7B0001D787B69AD1AED182B0069460833DB081C
:10E7C000DB00CB1A9D4602AE6A1C0021300016F019
:10E7D00025FC23004C333B611A78BB8A200001934F
:10E7E000FB680093A16C330013F012FF2300503339
:10E7F0007B6118883B6901301978401908F0C2FA2A
:10E800007B6920001980FFF7E7FC2AB23100B86865
:10E81000FDF768FA7B689D461DE00026A36C3A6907
:10E820009B5C3B602B6802229B5E9E420ADA31B2FF
:10E83000280012F03BFB3B68834201D13B697B61BE
:10E840000136EFE7230038694C331978013008F0BE
:10E8500099FA39613FE7BD46B86809B0F0BDC046D6
:10E86000432A002070B50B4B05001B780C00DB071A
:10E870000ED4FFF7A1FC2B0001344C331C70280090
:10E88000FFF750FE04002800FFF7A6FC200000E080
:10E89000014870BD432A00200DFCFFFF70B5224BDC
:10E8A00086B01B7804000D0016009B0701D01F489E
:10E8B00037E0FFF789FC2000FFF77EFC200013F013
:10E8C000CEFE002803DD0121200013F0E8FE002128
:10E8D000200013F0E4FE29000025201D320007F07F
:10E8E000A1FC20000095124A2B002100FFF78CFDAF
:10E8F000200013F0B4FEA84207DD01230D4A009367
:10E9000021002B002000FFF77FFD0B4B2000196832
:10E91000FFF772FC2000FFF75FFC2000FFF764FCAC
:10E92000002006B070BDC046432A00200DFCFFFF4A
:10E9300029E10100A9E3010044270020F7B5802761
:10E940007F053D697C690822113C6C43060021006B
:10E95000684616F045FB104B009A9A4219D0009376
:10E9600000230193796930001339694313F0CCFE19
:10E97000019A0099300013F0DFFE2100300013F0FF
:10E98000C3FE7969AB08133969432200300013F0E4
:10E99000C5FE0198FEBDC046FECA0000F0B50D00E0
:10E9A000ABB00D9200213022060012A80B9316F096
:10E9B00035FB280016F072FB431C0C93102B00DD76
:10E9C000B6E00B9B202B00D9B2E02900300013F0F9
:10E9D000E0FE071E29D129000C9A12A816F000FBB0
:10E9E0000D990B9A16A816F0FBFA80235B051F6998
:10E9F0005A693000113A7A435D690D92FFF79EFF24
:10EA00000D9B30220833002104001EA80F9316F03E
:10EA100005FB290013397943300013F075FE0F9B75
:10EA20000B9300230C930E9335E010300B9A0D9945
:10EA300016F0C7FA0400380016F09BFA002C7AD0C2
:10EA4000C9E70B9930221EA816F0CAFA12A91EA80F
:10EA500016F01AFB002822D138493000220010910C
:10EA6000119413F069FE6A460B9B099315AB23CBF7
:10EA700023C223CB23C223CB23C23000149B129981
:10EA8000139A13F067FE01230E930B9B30330B9305
:10EA90000C9B01330C930C9BA342D2DB10E06A4623
:10EAA0000B9B099321AB23CB23C223CB23C223CBC4
:10EAB00023C230001E991F9A209B13F04BFEE4E7FF
:10EAC000E5433021ED1725404D430F9B5D190E9B0B
:10EAD000002B1BD1B81E07F0E5FF84422AD017494E
:10EAE0000134300022001091119413F025FE6A4683
:10EAF000099515AB23CB23C223CB23C223CB23C23F
:10EB000030001299139A149B13F024FE0D993000D3
:10EB100013F0FAFD80235B0559690C236343133915
:10EB2000023379430D9A300013F0F8FD002402E01F
:10EB3000034C00E0034C20002BB0F0BDFECA0000E7
:10EB400017FCFFFF13FCFFFF8023F0B55B051A697C
:10EB500095B002925A6905910299113A51435C6944
:10EB6000029B133C050003915C43FFF7E7FE061E82
:10EB70004ED00027039B302208330021083408A818
:10EB8000019316F04BFA2100280013F0BDFD049705
:10EB9000B74220DA0199302208A816F021FA059927
:10EBA00008A816F071FA002809D11B49721E280026
:10EBB0000691079213F0C0FD0123049306E02200A2
:10EBC0000C230199280013F0A9FD3034019B013773
:10EBD00030330193DCE7049B002B05D10E49320052
:10EBE000280013F0A9FD13E00399280013F08CFD11
:10EBF00080235B0559690C23029A13394A437343F6
:10EC0000110028000233039A13F088FD002000E071
:10EC1000024815B0F0BDC046FECA00000CFCFFFF64
:10EC200070B50400A280FA22002308000C4992006B
:10EC300008312160A3716061E260A36063820949C9
:10EC400013F0A7FD051E09D001002000103102229B
:10EC5000123016F0C5F9280016F08BF9200070BDAF
:10EC6000F05C0300FA6B030030B50225837987B0AE
:10EC700004002B4204D1FCF76BFDA3792B43A37155
:10EC8000200013F0CAFD00282DD06B46DD1C2800A3
:10EC900013F0BAFD2B78002B03D001A813F0B2FDBE
:10ECA0000FE00122114B1A60114A5368002BFCD06F
:10ECB00000220F4B5A600F4B01321B6801930B4B24
:10ECC0005A600322019BD9170A40D3189B10238254
:10ECD000FCF7B4FFE368A18818180123A0601A00AC
:10ECE00002A812F0FBF8002007B030BD00C00040C1
:10ECF000FCC0004008C5004010B50400024B036092
:10ED000006F0B8FC200010BD105D030010B5040033
:10ED100006F0BCFC034B0022236000232000226588
:10ED2000636510BD105D0300022802D10122014B72
:10ED30001A707047442A002070B5064C05002378ED
:10ED4000002B04D1044804F035F901232370280076
:10ED500070BDC046452A002029ED010070B50C00A9
:10ED600011F0AEFE002811D0164B0022A50A1C009F
:10ED70001A70280013F087FD002803D00A2015F030
:10ED8000DDFFF6E72378002BFCD019E00221802577
:10ED90000D4B0E4AED00995080205959C0000029B2
:10EDA000FAD0A121084DC9006C5019580029FCD097
:10EDB0000020054988508021C9005A58002AFCD0FB
:10EDC00070BDC046442A002000E001400405000058
:10EDD000F8B50C0015001E0011F072FE002812D0CC
:10EDE000194B00221F001A7032002900200013F076
:10EDF00048FD002803D00A2015F0A0FFF4E73B7877
:10EE0000002BFCD01EE00121104A114B9446995072
:10EE10008021C9005A58002AFCD080270022FF0018
:10EE20008021C900964207DD910068586050D95989
:10EE30000029FCD00132F3E7002260461A505A58EC
:10EE4000002AFCD0F8BDC046442A0020040500007A
:10EE500000E00140F0B589B00E9D06000F0005925C
:10EE6000002D05D1802252055569314AAD18AD02F9
:10EE7000AC05A40D57D1BA0A92020192BA05920DBF
:10EE80000292D218049205993A00300013F0FDFC6A
:10EE900000280AD1FF2403223900049BA400043374
:10EEA000934321400393019D14E0002D3BD02900A2
:10EEB0003000FFF753FF8023019A5B0029003000E8
:10EEC000FFF786FF01993000FFF748FF80232100FC
:10EED000DB00039300230793039B8B4225DD032272
:10EEE000029B0A40D200994207DB049B994204DA54
:10EEF000059B02981B1A5B5C00E06B5C9340032748
:10EF0000079A4C1C13430793274001D02100E3E7E5
:10EF1000019B89108900591807AA01233000FFF7C7
:10EF200057FF0797F2E7034800E0002009B0F0BD63
:10EF3000EDFF3F0017FCFFFF08B4024B9C4644382E
:10EF400008BC6047A7280300F8B5FA230189DB0055
:10EF500004005943324814F01CFCFA21890007F0E0
:10EF6000A1FD304F2081A17A380014F012FC23005B
:10EF70002600250022894C33A072A0361A808C35D9
:10EF8000317800232A22286812F03DFF002801D0A2
:10EF9000254844E031781F235B22286812F033FFB4
:10EFA0000028F5D1317820235C22286812F02BFF4D
:10EFB0000028EDD1317801232C22286812F023FF9C
:10EFC0000028E5D1317801232D22286812F01BFF9B
:10EFD0000028DDD1317801232E22286812F013FF9A
:10EFE0000028D5D1A17A380014F0CEFB3178C3B215
:10EFF0000E22286812F007FF0028C9D1FA232189C0
:10F000009B005943064814F0BFFB01231843C3B2C9
:10F0100031782A22286812F0F6FE0028B8D1F8BD0F
:10F02000D85D0300585D03000EFCFFFF08B4024BDF
:10F030009C46443808BC604749EF0100074B10B5B7
:10F040001A00040008323C3302604364443012F07A
:10F05000D8F9200012F0E6F8200010BD785D03001A
:10F0600008B4024B9C46443808BC60473DF00100A0
:10F0700008B4024B9C46443808BC6047B1280300E2
:10F08000F0B5042583798BB004002B4204D1FCF742
:10F090005FFBA3792B43A37120009030FEF724FE81
:10F0A000061E66D12300A033197820000C2307AD7B
:10F0B00000938C302B0001220068FEF757FA0028DD
:10F0C00001D02E4E56E00A2304AA9B182A785A70C3
:10F0D0006A781A700022995EAA785A70EA781A70D3
:10F0E00000201A5E03922879587068791870002001
:10F0F0001F5EA8795870E87918700022985E049015
:10F10000287A5870687A18700022985E0590A87A5C
:10F110005870E87A18701F2000229B5E039A9C4664
:10F12000A37A52425A435943D5177B430540AA1844
:10F130005211A261DF17CA1702403840C3185B1191
:10F14000236264235118059A5B4253434911A36714
:10F150006423E1616146049A20005A434B43E2670D
:10F16000221DD36712F0CEF82000443012F050F97F
:10F1700000E0002630000BB0F0BDC0460EFCFFFFE3
:10F1800008B4024B9C46443808BC604781F001003B
:10F19000F7B51E00040008AB1B881500019309ABEE
:10F1A00000911A8831000AAB1F88FCF79DFF2000F0
:10F1B0003A0031004430FDF795FA144B20001A0054
:10F1C0003C336364230008322260009A8C331A6057
:10F1D000AB8890308380AB796A4683710C4B928800
:10F1E0000360AB68032183602B7B03736B7B4373EA
:10F1F0000E23EB5683732300A0331A80FEF774FEB0
:10F200002000FFF7A1FE2000FEBDC046785D030090
:10F21000C45B0300F8B5FA260189B6000400714307
:10F22000264814F0B6FA310007F03CFC244F208148
:10F23000A17A380014F0ADFA2500A072583529786B
:10F2400000232A22606C12F0DEFD002801D01D4848
:10F2500032E0297810232B22606C12F0D4FD0028B4
:10F26000F5D1297801232D22606C12F0CCFD002805
:10F27000EDD1297801232E22606C12F0C4FD002804
:10F28000E5D1A17A380014F07FFA2978C3B20E22B2
:10F29000606C12F0B8FD0028D9D12189074871436C
:10F2A00014F072FA01231843C3B229782A22606C41
:10F2B00012F0A9FD0028CAD1F8BDC046745E030053
:10F2C000205E03000EFCFFFF10B50400034B083363
:10F2D000036011F0A7FF200010BDC046405E030090
:10F2E0007FB50425837904002B4204D1FCF730FA62
:10F2F000A3792B43A37120004830FEF7F5FC051ECF
:10F3000024D1230058331978062302AE009301223A
:10F310003300606CFEF72AF9002801D00D4D16E08D
:10F32000042302200022A17AF3563056B2564B43F2
:10F33000C0004A4340424143DB0023622368D200BD
:10F34000A161E2619B6A2000984700E00025280047
:10F3500004B070BD0EFCFFFFF8B50400150006AA4E
:10F36000168807AA0F0012881900FCF7BDFE0F4B84
:10F370006764083323602300AA8848339A80AA79F7
:10F3800020009A710A4AA264AA6822652A7B1A732D
:10F390006A7B5A730E22AA569A730023A371230024
:10F3A00058331E80FFF736FF2000F8BD405E030093
:10F3B000C45B030010B50400034B0833036012F074
:10F3C00020F8200010BDC0467C5E030070B5082503
:10F3D000837986B004002B4204D1FCF7B9F9A379F4
:10F3E0002B43A37120004C30FEF77EFC002830D068
:10F3F00023005C331978062304AE00930122330006
:10F40000A06CFEF7B3F8051E01D0134821E00E23CF
:10F4100032786B445A70727820001A700022995E1C
:10F4200064224A43A263B2785A70F2781A700022BA
:10F43000995E642252425143616331795970717906
:10F44000197000215B5E5A432368E2631B6A984788
:10F45000280006B070BDC0460EFCFFFFF0B50700E7
:10F460005C3787B00400397800231022806C12F0DA
:10F47000CAFC0326002807D01F483AE02B78334205
:10F4800011D06420FCF700FA0F2502ABED18012320
:10F49000397808220093A06C2B00FEF767F8164B12
:10F4A0009842EBD1E8E7FA252189144EAD00694373
:10F4B000300014F06EF9290007F0F4FA2081397851
:10F4C000A0231122A06C12F09EFC0028D4D1A36CC2
:10F4D00021890393694330003F7814F055F90123E3
:10F4E0001843C3B210223900039812F08CFC002894
:10F4F000C2D107B0F0BDC0460EFCFFFF005F0300A5
:10F50000F8B50400150006AA168807AA0F0012888D
:10F510001900FDF7E7F80D4BA764083323602300BB
:10F52000AA884C339A80AA7920009A71084AE2642A
:10F53000AA6862652A7B1A736A7B5A730E22AA56DE
:10F540001E829A73FFF78AFF2000F8BD7C5E0300DD
:10F55000C45B0300F7B5FA250189204FAD00040014
:10F560006943380014F015F9290007F09BFAA17AD5
:10F5700020811B4814F00DF92600636CA0720093E3
:10F5800021895836337869433800019314F0FCF828
:10F5900007231843C3B220220199009812F033FCCC
:10F5A000002801D00F4818E0317810232222606C27
:10F5B00012F029FC0028F5D1A17A0948656C37784A
:10F5C00014F0E2F880235B421843C3B223223900CF
:10F5D000280012F018FC0028E4D1FEBDAC5F030047
:10F5E000845F03000EFCFFFF10B50400034B0833DB
:10F5F000036011F017FE200010BDC046085F030035
:10F60000F0B50425837985B004002B4204D1FCF7C2
:10F610009FF8A3792B43A37120004830FEF764FBC9
:10F62000002832D0230058331978062302AE009305
:10F63000A8223300606CFDF799FF051E01D0144825
:10F6400023E01F200023F25ED31703409B18022201
:10F65000B15E5B11CA17024052180427F15F338074
:10F66000CF17384040184111A07A5B4243435211F2
:10F67000728052424243B1804143E3612368A261F8
:10F6800021629B6A20009847280005B0F0BDC04663
:10F690000EFCFFFFF8B50400150006AA168807AA9D
:10F6A0000F0012881900FCF71FFD0F4B6764083329
:10F6B00023602300AA8848339A80AA7920009A718F
:10F6C0000A4AA264AA6822652A7B1A736A7B5A7363
:10F6D0000E22AA569A730023A371230058331E806A
:10F6E000FFF738FF2000F8BD085F0300C45B03008C
:10F6F000F7B5FA2504000189134EAD0069433000C7
:10F7000014F047F8290007F0CDF92700A36C2081F9
:10F7100000935C373B7881B269433000019314F069
:10F7200033F86022C3B20199009812F06CFB0028F4
:10F7300001D0064807E0397801236222A06C12F05C
:10F7400062FB0028F5D1FEBD006003000EFCFFFF48
:10F7500010B50400034B0833036011F052FE200083
:10F7600010BDC046B45F03007FB50825837904004F
:10F770002B4204D1FBF7ECFFA3792B43A3712000AC
:10F780004C30FEF7B1FA002822D023005C33197800
:10F79000062302AE0093E8223300A06CFDF7E6FEDC
:10F7A000051E01D00B4813E00223F25E96235B4254
:10F7B0005A4362630021725E20005343A363042313
:10F7C000F25E96235343E36323681B6A984728003D
:10F7D00004B070BD0EFCFFFFF8B50400150006AACA
:10F7E000168807AA0F0012881900FCF77BFF0D4B43
:10F7F000A764083323602300AA884C339A80AA792F
:10F8000020009A71084AE264AA6862652A7B1A732A
:10F810006A7B5A730E22AA561E829A73FFF768FFFC
:10F820002000F8BDB45F0300C45B0300F0B585B0F1
:10F8300001930AAB1E880BAB1B78451C02930EABE1
:10F840001B78040003930B78170003704B8A102277
:10F8500043820131280015F0C3FB6B469B88268349
:10F8600063836B461B7B002623776B4601221B7A42
:10F870006761E683EB77A31CDA770C9B0C25636248
:10F88000230020000D9A28331A705E709E702A00A3
:10F8900031002C3015F0C2FB2000074BE663A36358
:10F8A0002A003100403015F0B9FB2000034B2665DB
:10F8B000E36405B0F0BDC046DB010300CD010300E9
:10F8C000F0B50700C5B0016042606E4900222FA864
:10F8D00013F0D8F83B0008330693122300240126C6
:10F8E00001930C3B12AD04960093069A23002FA9B6
:10F8F000039402941AA8FFF799FF22006249280096
:10F9000013F0C0F83B000E3307930A230496B61990
:10F910002900079A019300962300039402942FA8CC
:10F92000FFF784FF78683C8103687C815B69BC8158
:10F930009847622302AA9B18DE77B6239B18DE77CE
:10F940001AABF881099322002FAB50490DA80A93F6
:10F9500013F098F82C222D21412002AB9B181B7824
:10F960001C3A2B7002ABDB8F6B8202ABC918C0183C
:10F9700015F036FB09AB38682E75AB61AC8302F02D
:10F980003BFF036829001B6898477E2202AB9B1847
:10F990001B8854323B8202AB9B181B8838687B82E1
:10F9A00002F02AFF0368398A0094DD68069A06236C
:10F9B000A847386802F020FF0368798A0094079A04
:10F9C000DD683300A847386802F016FF06001420EF
:10F9D00015F0D3FA05000C22210015F01FFB2800BA
:10F9E0002B4B2C61082280C00BA90B930C9415F0B3
:10F9F000F7FA284BEB60B369A34200D02B61264B8A
:10FA0000B5611E68002E3AD0302015F0B6FA040019
:10FA1000103011F058FA2000243011F0D2F80523EC
:10FA20002380043B6380182015F0A7FA1B4B0500C8
:10FA30000D93002380C519000690102228000E9314
:10FA400015F0ECFA08220DA9280015F0C9FA144B9C
:10FA5000069A210053610023E360C233A380002390
:10FA6000A2602362E362336830005B689847002835
:10FA700005D0200011F04EF9200015F07AFA380078
:10FA800045B0F0BD126C0300026C0300226C030051
:10FA9000F72903008D2903002C2700203B2A0300AF
:10FAA000B729030010B50400054B083303601C3070
:10FAB00011F07AF92000183011F076F9200010BD0D
:10FAC00008600300FF23F0B52B4C8DB0237000239A
:10FAD000050069460088009304F0ECFD002802D17F
:10FAE0006B469B782370254E3368DB68002B06D16C
:10FAF000002328881A00190012F0EAFF3AE0237860
:10FB0000032BF5D81E4901A8FCF7DCF8336801A9DE
:10FB1000DE6804A811F09DF904A9300012F066FE19
:10FB2000060004A811F040F9371E1ED03100202233
:10FB3000103104A815F054FA300015F01AFA2178A3
:10FB400004ABC9005918082202A815F049FA288800
:10FB50000123082202A912F0BBFF0127002804D1CB
:10FB60002888084A0C2112F0B1FF01A811F01CF9F5
:10FB7000002FBDD00DB0F0BD452200204827002049
:10FB8000B56C0300FFFF0000F0B5837991B004006D
:10FB90005B071BD5FCF752F800232269801A9941B4
:10FBA000994203D1F423FF3398420FD9A06800286B
:10FBB00008D0364B1D8802F00FFE036815221B6A21
:10FBC000290098470422A3799343A371A3799B0743
:10FBD0005AD52F4D2B68DB68002B51D02D4B1A784E
:10FBE0000193032A4CD8294B2B491B8804A8009366
:10FBF000FCF768F82B6804A9DE6808A811F029F959
:10FC000008A9300012F0F2FD070008A811F0CCF8A6
:10FC100002AB9E1D08233200338006A9073B0098E3
:10FC200012F058FF002F08D039002022103108A808
:10FC300015F0D6F9380015F09CF9019B32881B7835
:10FC400006A9DE0008AB9E19300015F0BAF90028AD
:10FC500013D0082206A9300015F0C2F92B6804A9B8
:10FC6000DD6805A811F0F5F8202308AA05A92800E9
:10FC700012F0C2FD05A811F097F804A811F094F84D
:10FC80000222A3799343A37111B0F0BDE8290020AB
:10FC90004827002045220020B56C0300F7B504007A
:10FCA00000250192C77FAF4254D966197078884207
:10FCB00002D1152927D804E0605D2D180135EDB279
:10FCC000F1E701228A40264802421CD0D9190120BE
:10FCD0001F2943DCE1193718B94210D80021C8B2F6
:10FCE000834205D9019A7018575C01318770F6E795
:10FCF000625D9A186255E27F9B18E37728E00878E6
:10FD0000C8540139E8E7655D013DEDB2AB4209D168
:10FD10000021C8B283421BD9019A7018545C01318A
:10FD20008470F6E7FF187F1B01201F2F16DC0227C7
:10FD3000A81C7F4236187F1BE07F2218964203D210
:10FD40003078F0550136F7E7451B023DE57701E0D5
:10FD5000002003E0019A200012F0F8FEFEBDC0462C
:10FD6000FC00200070B50D0002F036FD04000368B1
:10FD7000002D02D15B69984708E09B68984785424F
:10FD800004D2236820009B6898470500FA20800071
:10FD90006843024906F086FEE08070BD71020000F3
:10FDA000F0B507001600A1B002C704006B4918A8FF
:10FDB0001D0012F0FDFE331E03D0300015F06EF969
:10FDC00083B2012204920022039202920232019233
:10FDD0000093320018A93800FFF728FD230060497E
:10FDE000583318A8079312F0E3FE2B1E03D0280007
:10FDF00015F054F983B20122049200220392029278
:10FE00000232019200932A0018A90798FFF70EFD0D
:10FE100023005449AC3318A8089312F0C9FE269B5E
:10FE2000002B03D0180015F039F983B20122049297
:10FE3000002203920292023201920093269A18A99C
:10FE40000898FFF7F3FC631CFF33474918A8099390
:10FE500012F0AEFE279B002B03D0180015F01EF900
:10FE600083B2012204920022601C039202920232A9
:10FE700001920093279A18A9FF30FFF7D7FC2300BF
:10FE80005533FF33394918A8099312F091FE289B86
:10FE9000002B03D0180015F001F983B2012204925F
:10FEA000002203920292023201920093289A18A92A
:10FEB0000998FFF7BBFC2300A933FF332C4918A88E
:10FEC0000A9312F075FE299B002B03D0180015F041
:10FED000E5F883B201220492002218AD0392029247
:10FEE000023201920093299A29000A98FFF79EFC9A
:10FEF000204B1B780B93002B2DD1079B129713934C
:10FF0000089B0DAF1493631CFF331593099B1A498B
:10FF100016930A9B3800179312F04AFE1D214920C0
:10FF20003B7810222B707B8A12AE6B8206ABC9180D
:10FF3000C01815F055F806232B756B469B8D20686D
:10FF4000AB83AE6102F058FC036829001B68984738
:10FF50000122084B1A70200021B0F0BD292A0000B0
:10FF6000242A0000252A0000272A0000262A000053
:10FF7000282A0000462A00200A18000070B5002533
:10FF800004000B4B8580083385710360C160183015
:10FF9000FBF7D2FE20001C30FBF7CEFE0123621CD3
:10FFA000D377044AA560656120001460A37170BD19
:10FFB0000860030048270020FA2130B585B005000D
:10FFC000012302228900684610F088FF074C206850
:10FFD000002809D012F036FE2988054B22681980C6
:10FFE000022193790B43937105B030BD482700205F
:10FFF000E829002010B50C0007290BD8806802F012
:020000040002F8
:10000000EBFB054B195703685B6C9847002802D03F
:10001000024800E0024810BDB16D030016FCFFFF6E
:1000200017FCFFFFF0B5A54C0D00A5440400049398
:100030009AAB1B78A24909A805930792FBF742FEE9
:10004000200029001C3010F00CFFE020C00002F05E
:10005000A7FF082014F091FF0700002102F084FBA5
:1000600015AD0021A7600C220EA814F0D7FF2B00BD
:100070000EAA43CA43C3934B2900EB600023380008
:100080002B6113F0F0FBA06802F0A6FB0C2200210C
:100090000690280014F0C2FF142014F06EFF8A4B63
:1000A0002A0015930300C2CAC2C3884B069EC360D0
:1000B0000023A43603613368002B00D00361306055
:1000C000A06802F099FB0C2200210600280014F021
:1000D000A5FF142014F051FF7D4B1593030086CD2E
:1000E00086C37C4BC36000230361336B002B00D0BD
:1000F00003613063A06802F06FFB15AD0C22002194
:100100000600280014F08AFF142014F036FF724B0A
:1001100098361593030086CD86C3704BC3600023C9
:1001200003613368002B00D003613060012004AB11
:100130001B7C04AA034308A9137412F0CDFCA06829
:1001400002F06AFB036866495B6A9847A06802F0A0
:1001500063FB036863499B699847A06802F05CFBF6
:100160000022036800921D6805990323A847059B98
:10017000002B0AD0200012F06EFD032805DDA068D8
:1001800002F04AFB0368DB6898470EA812F0D5FC22
:100190002F2004ABC01812F0D0FC362004ABC018DE
:1001A00012F0CBFC3D20042504ABC01812F0C5FCB6
:1001B0000EAB0A93A06804AB5D7702F02DFB0368D9
:1001C0000AA91B699847A06802F006FB03680AA900
:1001D0005B6D9847A06802F0FFFA03680021DB6DB1
:1001E0009847A06802F0F8FA036802219B6D9847CF
:1001F00006212000FFF7FEFE182014F0BEFEA168C5
:1002000000F066FB542014F0B8FE049AA16801F0D7
:1002100059FF354B354A1B68A1680393344B15A829
:100220001B680CAE0293334B00271B680193079B9E
:100230001B685B190093304B12681B68FFF7B0FD19
:10024000302014F09AFE049AA16800F0BFFCA06868
:1002500002F0C2FA036831009B6A98470823A0683D
:100260003380DB187380B78002F0B6FA0368310080
:10027000DB6A98472900A06812F0A6FC099A0921B8
:100280009378A068521912F0B2FCA06802F0A4FAA8
:1002900032210771A068FFF765FD04AB1B7FBB42ED
:1002A00004D0A06802F098FA12F078FC09A810F0C7
:1002B0007BFD95239B009D44F0BDC046ACFDFFFF38
:1002C000C16C0300DD2A0300B9FF0100EB2A030023
:1002D000C5FA0100F92A0300272B0300072B0300AE
:1002E000FD02020031030200502700204C270020AD
:1002F00014200020542700201020002013B50622CF
:100300006846FBF7EFFC094B1C68002C0AD06946D5
:1003100001A810F09EFD200001A912F0BDFC01A86B
:1003200010F042FD684610F03FFD13BD4827002045
:10033000002373B501AE0C0031000500019304F0F9
:10034000B9F9002802D1B278064B1A70064B18682A
:10035000002806D061426141044BC9B21D8012F0F1
:10036000A3FC73BD4522002048270020E829002077
:1003700030B5284CA9B06A220D000DA8210014F058
:100380002FFE0DA903A8FBF70BFD03A906A810F08B
:10039000D5FD01230193013BFF3B00930533FF3360
:1003A000642206A92800FDF789F806A810F0B9FD17
:1003B000210019226A3106A814F012FE0522002439
:1003C000110006AB04A810F0E0FD04A905A810F088
:1003D000B5FD019400942300220005A92800FCF734
:1003E000B1FF05A810F09DFD21002800FDF794F84D
:1003F00005340520FBF748FAFF2CF5D1FA208000E0
:10040000FBF742FA04A810F08CFD03A810F089FD58
:1004100029B030BD326C0300F0B5954B95B0059214
:100420001A68082304000291D16C06A80B43D36418
:100430009049FBF747FC904907A8FBF743FC2200D3
:1004400000250DAE30001C3206A910F019FD07AAD8
:10045000310008A810F014FD300010F0A5FC631C5A
:10046000DD77A06802F0B8F903680BAF5B699847C5
:10047000300012F062FB2B2004ABC01812F05DFBC1
:10048000322004ABC01812F058FB392004ABC0185E
:1004900012F053FB0B960426A0687E713D7102F0AA
:1004A0009BF9036839005B6D9847A06802F094F9E6
:1004B000036829009B6D9847A06812F0B2FB0621E3
:1004C000A06812F081FB089A09219378A06892191C
:1004D00012F08DFBA06802F07FF9C8210571A068B9
:1004E000FFF740FCA06802F077F9FF270581A068BC
:1004F00002F072F912F052FB0298FCF769FE20003C
:10050000FBF726F902992000FFF732FF029920003D
:1005100012F057FC039504966369DB0735D55749FC
:1005200009A8FBF7D7FC09A90AA810F007FD0022CB
:100530000AA91300019200920298FCF703FF0AA88F
:1005400010F0EFFC039B002B01D1043F00E00437C7
:10055000282F03DD0023FE2F06DC06E0029811F0B1
:1005600025FC0123002F00DC0393059810F035FFD4
:10057000002806D0012362699A431300049A1343AA
:10058000636109A810F0CDFC00256369049A134249
:100590002AD0FF210298FCF7BFFF0025A3690222A1
:1005A0009B5E9D421BDA200029B2183010F07EFCC1
:1005B0000023010002981A007430FBF7DDFCC8200C
:1005C0008000FBF761F9029811F0F0FBC820FBF7FF
:1005D0005BF902226369134201D10135DEE7FA209B
:1005E0008000FBF751F9002502226369134233D0E2
:1005F00008261E401AD0224909A8FBF76BFC09A95E
:100600000AA810F09BFC00220AA901920092130094
:100610000298FCF797FE0AA810F083FC1948FBF734
:1006200033F909A810F07DFC174D15E0174909A80A
:10063000FBF750FC09A90AA810F080FC3300320037
:100640000AA9019600960298FCF77CFE0AA810F011
:1006500068FC09A810F065FC6420FBF715F90C4B49
:1006600001359D4200DC57E710F03CFA54E7C046E4
:10067000A4260020CF6C0300DF6C0300E16C0300B4
:10068000266D0300983A00008C0A0000636D030099
:100690008B0A000073B50B4E05003100C06812F0E4
:1006A00078F8041E0AD16B46DA1D1070042331005D
:1006B000E868FEF773F9200014F05BFC10F012FA02
:1006C00073BDC04619690300F0B587B001930EAB46
:1006D0001B88060003930D9B0D000093019B029263
:1006E0000C9F002B41D0002F02D1009BDB073CD593
:1006F000302014F042FC0400103010F0E4FB200025
:10070000243010F05EFA6B461B8918202580638028
:1007100014F033FC049707000500009B102205939A
:10072000019B002108C7380014F078FC082204A9B6
:10073000380014F055FC0E4B02226B610023039924
:10074000E3602362E36233680A43A560A2805B68CA
:10075000210030009847002808D0200010F0DAFA75
:10076000200014F006FC034800E0034807B0F0BD89
:100770002B2E030016FCFFFF17FCFFFF0300F0B554
:10078000C5B0050002C300224B492FA80024122740
:10079000079312F077F9012312AE049301970093A7
:1007A000079A23002FA9039402941AA8FFF73EF892
:1007B00022004249300012F065F901233100049310
:1007C000019700936A1D2300039402942FA8FFF75A
:1007D0002DF8622302AA9B180222DA77B62302AA16
:1007E0009B180222DA771AAB099322002FAB344907
:1007F0002C716C710DA80A9312F044F92C222D2152
:10080000412002AB9B181B781C3A337002ABDB8F84
:1008100009AF738202ABC918C01814F0E1FB0223C0
:1008200028683375B761B48301F0E6FF03683100CF
:100830001B6898477E2202AB9B181B885432EB80C2
:1008400002AB9B181B8828682B8101F0D5FF036839
:100850000094E988DE68079A0123B047286801F010
:10086000CBFF03680094DE68298901236A1DB04725
:10087000144F3868A0421CD0134A0C940B92C0222B
:1008800002926A460BAB42CB42C201212B002200EE
:10089000FFF71AFF0D4B38680D93C02302936B4688
:1008A0000E940DAA42CA42C32B0022000221FFF778
:1008B0000BFF280045B0F0BDB96D0300D96D0300F2
:1008C000C96D03002C270020752E0300D12E0300D4
:1008D000F0B505000024574BA9B00833036003911D
:1008E000A96021000BAB1A1901345170102CFAD1F8
:1008F000012251481A701A1B013C015D5174002CF1
:10090000F9D19A7B597B12020A43290045270C3101
:10091000029125211B7813AE337002ABFF18C91862
:1009200072823800102214F05BFB029B02AA7361F2
:100930000123338333770933FB771DAB1C706D23A1
:100940009B181C706E2321009B1874830C22F48367
:100950001EA81C70746214F061FB384B0C22B36348
:100960002100F46323A814F059FB354B0222F364F1
:10097000462302A95B18DA77220034652C730596AA
:1009800006AF3B1901345A70102CFAD101232D49BE
:100990003B703B1B013C0A5D5A74002CF9D11121BC
:1009A0002520BB7B7A7B1B020BAE13433A78738204
:1009B00002ABC9183270C018102214F011FB0123C9
:1009C0000398337505ABB361B48301F015FF036879
:1009D00031001B68984713ABDB8BA868AB8201F032
:1009E0000BFF03680094A98A029ADE680123B047CE
:1009F000A86801F001FF0290142014F0BEFA06006E
:100A00000C22210014F00AFB30000123346108227B
:100A100020C039000793069414F0E2FA0A4BF36001
:100A2000029B9B69002B00D033612800029B9E61D2
:100A300029B0F0BD20600300F96D0300DB01030065
:100A4000CD010300E96D0300292F030010B5054C0B
:100A50002368002B03D1012014F08FFA2060206856
:100A600010BDC04658270020F0B591B01400019188
:100A70001222002105A8039314F0D0FA002C5ED0B6
:100A80002378002B5BD000252E4AAB009F583800FE
:100A900014F004FB390006000200200014F005FBEE
:100AA000002804D104AB1D71A41901230DE0013508
:100AB000042DE9D1002308E001360E2E0DD1694640
:100AC000097805AA6B1C515501341D002378009349
:100AD000002B16D0112D14DC00261B4AB3009F58A2
:100AE000380014F0DBFA390002900200200014F004
:100AF000DCFA0028E0D105ABEE54029B0135E41886
:100B0000E4E7AA230AAC237054336370EE3BA3706E
:100B10006B461B7B2A0005A90BA8E37014F060FA52
:100B200002230A4A0321019812F061F82B1DDBB25F
:100B300022001621019812F05AF8002000E0044823
:100B400011B0F0BD5020002018200020826E03005C
:100B500017FCFFFFF0B58DB01D0012AB1B780F0026
:100B60005BB2111E01932AD0002D28D003AC0A22BB
:100B7000200014F035FA0E2002AB29000622C0181E
:100B800014F02EFAAA2307AE3370543373706B46F9
:100B900000251B79B570F37008AB07CC07C322683A
:100BA00003211A6038000223064A12F020F81423A9
:100BB00032001621380012F01AF8280000E002482E
:100BC0000DB0F0BD826E030017FCFFFFF0B50026EC
:100BD0000400764BDDB0083303608160C26086801C
:100BE00086713200724947A811F04CFF230014337C
:100BF00008931223012501930E3B04950093089A54
:100C0000330047A9039602961DA8FEF70FFE320097
:100C1000684947A811F036FF0C2322000193083BD6
:100C200015AF10320495009347A93300039602963E
:100C300032A8FEF7FBFD32005F49380011F022FFB9
:100C400023001C33099308230193043B39000495C6
:100C50000093099A33000396029647A8FEF7E6FD33
:100C600032005649380011F00DFF542014F085F978
:100C7000230018330793122301930E3B3900049588
:100C80000093079A3300039602960690FEF7CEFD76
:100C9000069B0822A3624A4B0AA90A93069B0B965D
:100CA0001800DC62303014F09BF9069A454B26821E
:100CB00093631300668229331D7023690422E36164
:100CC0000999079814F08CF904220799089814F0F0
:100CD00087F96622022304A95218D377BA22521840
:100CE000D377872252005218D377069A3649D21802
:100CF000D3771DAB0C9332AB0D9347AB0E93069B92
:100D00003200A68510A80F9311F0BCFE30223121CD
:100D1000452004AB9B181B7812323B7004AB9B1828
:100D20001B88323A7B8204ABC918C01814F058F9FA
:100D300004230CADA0683B75BD61BE8301F05CFD72
:100D4000036839001B689847822204AB9B181B88F4
:100D50005432238404AB9B181B885432A38404AB05
:100D60009B181B88A068638401F046FD07001420CF
:100D700014F003F905000C22310014F04FF928009B
:100D8000124B2E61082210C010A91093119614F076
:100D900027F90F4BEB60BB69B34200D02B61BD61FB
:100DA0002000FAF7D5FC20005DB0F0BD2C600300F8
:100DB000946E0300C46E0300B46E0300846E0300DF
:100DC0003B300300A72F0300A46E0300450E020072
:100DD000D12F0300F0B5040085B000930CAB1B8845
:100DE00010300E001500019310F06DF82000243033
:100DF0000FF0E7FE26806580182014F0BEF807008B
:100E000002AE33003D000AAA03CA03C3009B1022AE
:100E100008C50021280014F001F93100082228003B
:100E200014F0DEF8064B02227B61200000230199BA
:100E3000A7600A43E360A2802362E36205B0F0BDCD
:100E4000FB2F0300F0B50B898DB00593CB6805002F
:100E500004934B88828C9A420ED1049C059B049A81
:100E60001B1BD318032B39DD62882188012308A8B6
:100E700010F034F80434F1E7428C9A422ED1049CED
:100E8000059B049A1B1BD318032B27DD23883020D6
:100E900006936388EF680793114B08930023099327
:100EA00014F06BF8C0236A460600029308AB03CB2C
:100EB00003C22B000699079A3000FFF78BFF3B68AF
:100EC00031005B6838009847002805D030000FF0EB
:100ED00021FF300014F04DF80434D1E70DB0F0BD1F
:100EE0006930030070B5040092B0806811F0BDFF56
:100EF0000223010019401AD1A38D002B17D00D4BEE
:100F00006A4604931023E568A1850591029304AB1A
:100F100041CB41C20A00230006A8FFF75BFF2B6804
:100F200006A99B682800984706A80FF0F3FE12B0A8
:100F300070BDC04669300300F0B5060050364A88DF
:100F4000338885B004000D009A4206D026004E3644
:100F50006A8833889A4243D125E00B89032BF5D95F
:100F6000CB681B684361806801F046FC318800262D
:100F7000220003680096DF6814320423B847012773
:100F8000B74023693B4203D163693B4200D091E003
:100F900023693B4203D063693B4200D090E00136B5
:100FA000132EECD1D2E72B89032B19D9EB68A0685B
:100FB0001B68236101F020FC3188002622000368B1
:100FC0000096DF6810320423B8470127B740236931
:100FD0003B420CD023693B420DD10136132EF4D194
:100FE000230052336A881B889A423CD107E0636928
:100FF0003B426BD1EEE763693B426DD1EDE72F8950
:10100000002F6FD00721380005F0D2FD89B20029EA
:1010100068D10731380005F045FD0723C0B25843B9
:10102000EE6833180293029BB3421CD03379F178F7
:101030001B020B431A00737937781B041343B279F0
:101040003F0112061A430392B178737809021943DB
:10105000E3680736D819FCF77DFEE3680399D819D1
:10106000FCF736FFDFE7636D6A88DB8B9A4239D184
:101070002E89ED68012E35D901222B789A409446AD
:10108000614662690A4211D167461801E268236924
:10109000697810183B4202D1FCF7F2FD06E0FF2907
:1010A00001D0890000E01049FCF754FE023E0235F1
:1010B000B6B2DFE7E36830011818FCF715FE67E702
:1010C000E36830011818FCF76BFE68E7E36830014D
:1010D0001818FCF709FE7DE7E36830011818FCF7E3
:1010E0005FFE7AE705B0F0BDFF030000F0B5002415
:1010F0000500884BDDB0083303608160C2608480E6
:1011000084712200844947A811F0BCFC2B001033E5
:1011100001270A2608930423019604970093089A4E
:10112000230047A9039402941DA8FEF77FFB220029
:101130007A4947A811F0A6FC2B0014330993042325
:101140000196049715AE0093099A230047A90394CA
:10115000029432A8FEF76AFB22007149300011F0B8
:1011600091FC2B00183307930823019306333100B9
:1011700004970093079A23000394029447A8FEF76C
:1011800055FB22006749300011F07CFC542013F01D
:10119000F4FE1A232A000193063B310026320497FD
:1011A00000930394230002940690FEF73FFB069BF6
:1011B00008226B655C4B0AA90A93069B0B941800E6
:1011C000DD62303013F00CFF069A584B2800936311
:1011D000130029331F70132221002C616C613A30F7
:1011E00013F01CFF0E222100079813F017FF662250
:1011F000022304A95218D377BA225218D377872230
:1012000052005218D377069A4949D218D3771DABAA
:101210000C9332AB0D9347AB0E93069B220010A8A4
:101220000F9311F02FFC30223121452004AB9B1885
:101230001B781232337004AB9B181B88323A7382CE
:1012400004ABC918C01813F0CBFE04230CAFA86878
:101250003375B761B48301F0CFFA036831001B68BE
:10126000984782222F002E0004AB9B181B884E3714
:101270003B80543204AB9B181B88503633802B00C4
:1012800052330693543204AB9B181B88069AA86805
:10129000138001F0B1FA036839880094DF68089A76
:1012A0000423B847A86801F0A7FA036831880094BE
:1012B000DE68099A0423B047A86801F09DFA069BEE
:1012C000079A198803680094DE680E23B047A8685F
:1012D00001F092FA0700142013F04FFE06000C22D2
:1012E000210013F09BFE3000124B3461082220C015
:1012F00010A91093119413F073FE0F4BF360BB69A8
:10130000A34200D03361BE612800FAF721FA280019
:101310005DB0F0BD44600300146F0300D46E0300A1
:10132000F46E0300E46E03007D310300B13003006E
:10133000046F0300390F0200DB3003000300F0B537
:101340000400C7B0016042602C330022664931A816
:10135000089311F097FB2300083307930A23002515
:1013600001270193053B04970093079A2B0031A9AD
:10137000039502950898FEF759FA2A005B4931A8AF
:1013800011F080FB0823220001930C3314AE1032BD
:101390000497009331A92B00039502951CA8FEF732
:1013A00045FA2A005249300011F06CFB23000E333D
:1013B00009930A230193083B310004970093099A8B
:1013C0002B000395029531A8FEF730FA052229007B
:1013D000079813F023FE78232000E381454B082271
:1013E0000AA92574A4655C300A930B9513F0F8FDE7
:1013F000414B02226366230055331F70083B1A706D
:10140000622304AA9B180222DA77B62304AA9B1847
:101410000222DA77089B2A000C931CAB0D93374904
:1014200031AB0FA80E9311F02DFB2C222D21412062
:1014300004AB9B181B781C3A337004ABDB8F0CAFEA
:10144000738204ABC918C01813F0CAFD03232068C7
:101450003375B761B58301F0CFF9036831001B68BC
:10146000984723007E224A331B882068A38404AB5C
:101470009B181B885432E38404AB9B181B8823857C
:1014800001F0BAF903680095218DDE68099A0223FC
:10149000B047206801F0B0F903680095A18C079A65
:1014A000DE680523B047206801F0A6F90700142084
:1014B00013F063FD06000C22290013F0AFFD30008D
:1014C0000F4B3561082210C00FA90F93109513F030
:1014D00087FD0C4BF360BB69AB4200D03361200049
:1014E000BE6147B0F0BDC046446F0300246F0300E7
:1014F000346F0300A3320300AB310300546F0300C9
:10150000FF310300D5310300F0B587B001930EAB76
:101510001B88060003930D9B0D000093019B029214
:101520000C9F002B41D0002F02D1009BDB073CD544
:10153000302013F022FD040010300FF0C4FC200016
:1015400024300FF03EFB6B461B89182025806380FA
:1015500013F013FD049707000500009B102205936C
:10156000019B002108C7380013F058FD082204A988
:10157000380013F035FD0E4B02226B6100230399F6
:10158000E3602362E36233680A43A560A2805B687C
:10159000210030009847002808D020000FF0BAFB47
:1015A000200013F0E6FC034800E0034807B0F0BD5C
:1015B0003133030016FCFFFF17FCFFFFF0B50700F7
:1015C000F7B061AE0160426095490022300011F031
:1015D00059FA3B0008330693012300241225049393
:1015E0000533019531000093069A23000394029479
:1015F00022A8FEF71BF922008A49300011F042FAB6
:101600003B000E33079301230493DB18019531004F
:101610000093079A23000394029437A8FEF706F973
:1016200022008149300011F02DFA3B00103308935D
:101630000123049309330193083B1AAD3100009351
:10164000089A2300039402944CA8FEF7EFF82200B6
:101650007649280011F016FA3B0012330993012352
:10166000049317330193173B2900099A0093300024
:10167000230003940294FEF7D9F878683C8103684C
:101680007C819B69BC81FC8198477A2304AA9B18C2
:101690000222DA77CE2304AA9B180222DA7791235A
:1016A00004AA5B009B180222DA77BB2304AA5B0022
:1016B0009B180222DA7722AB119337AB3882129350
:1016C00022004CAB5A49BC7415A81393149611F020
:1016D000D9F944224521592004AB9B181B781232BA
:1016E0002B7004AB9B181B88463A6B8204ABC9185D
:1016F000C01813F075FC042338682B7511ABAB616F
:10170000AC8301F079F8036829001B68984796229A
:1017100004AB9B181B885432BB8204AB9B181B88FC
:101720005432FB8204AB9B181B8838683B83F38BD5
:101730007B8301F061F80368B98A5D69069A062324
:10174000A847386801F058F80368F98A5D69079A74
:101750000223A847386801F04FF80368398B0094DA
:10176000DD68089A0223A847386801F045F8036845
:10177000798B0094099ADD680123A847386801F045
:101780003BF80600142013F0F8FB05000C222100A2
:1017900013F044FC2800274B2C61082280C015A9B7
:1017A0001593169413F01CFC234BEB60B369A34212
:1017B00000D02B61B561214E33689C46002B2BD0A5
:1017C000C022002402926A461D4D0C940B950BAB6F
:1017D00003CB03C206213B0001226046FFF794FEC3
:1017E000102202926A460E940D950DAB03CB03C2F4
:1017F00006213B0002223068FFF786FE1022306887
:1018000002926A460FAB0F95109412CB12C23B00A6
:1018100004220621FFF778FE380077B0F0BDC046FD
:10182000846F0300A46F0300746F0300946F0300C0
:10183000646F030071330300073303002C2700207B
:1018400095340300F0B50700C5B0016042606D49F2
:1018500000222FA811F016F93B000833069301234C
:101860000024049311330193113B12AD0093069AA7
:1018700023002FA9039402941AA8FDF7D7FF220092
:101880006149280011F0FEF83B000A330793012359
:101890000226049309332900079A01930096230036
:1018A000039402942FA8FDF7C1FF3C72786810F0F2
:1018B000D7FF622302AA9B18DE77B6239B18DE7738
:1018C0001AAB7881099322002FAB50490DA80A93D7
:1018D00011F0D8F82C222D21412002AB9B181B7847
:1018E0001C3A2B7002ABDB8F6B8202ABC918C0189D
:1018F00013F076FB09AB38682E75AB61AC8300F052
:101900007BFF036829001B6898477E2202AB9B1867
:101910001B885432BB8102AB9B181B883868FB8143
:1019200000F06AFF0368B9890094DD68069A012314
:10193000A847386800F060FF0368F9890094079AA7
:10194000DD683300A847386800F056FF0600142011
:1019500013F013FB05000C22210013F05FFB28009D
:101960002B4B2C61082280C00BA90B930C9413F015
:1019700037FB284BEB60B369A34200D02B61264BA9
:10198000B5611E68002E3AD0302013F0F6FA04003C
:1019900010300FF098FA200024300FF012F90823CD
:1019A000238001231820638013F0E7FA1B4B050006
:1019B0000D93002380C519000690102228000E9375
:1019C00013F02CFB08220DA9280013F009FB144B7F
:1019D000069A210053610023E360C233A3800023F1
:1019E000A2602362E362336830005B689847002896
:1019F00005D020000FF08EF9200013F0BAFA38005D
:101A000045B0F0BDB46F0300C46F0300D46F030092
:101A10002D350300C33403002C2700206D3503004F
:101A2000ED3403001FB5084B1B68DB8B834209D1E3
:101A3000064B07491A78074B68461A7001230322A0
:101A40000FF04CFA05B000BD5C270020482A0020AA
:101A5000FF030000472A0020F0B505001C00AFB0CE
:101A600029610134143017000691FAF765F9E3B2E1
:101A700018000793F9F7FCFF00240137FFB26860F4
:101A80003800F9F7F5FF494B11AE1C70484B286040
:101A90001C706B461B7FAF72EB7222004549300011
:101AA0002C726C7210F0EEFF012304930B333100A3
:101AB000019300970B3B2A680394029419A8FDF741
:101AC000B5FE22003C49300010F0DCFF542013F03A
:101AD00054FA0123070004931F330193079B31003D
:101AE00000936A68012303940294FDF79FFE334B31
:101AF00022001F60324919AB0CA80897099310F017
:101B0000C1FF282229213D2002AB9B181B78183ADF
:101B1000337002AB5B8F738202ABC918C01813F02D
:101B20005FFA02230698337508ABB361B48300F003
:101B300063FE036831001B6898477A2202AB9B184A
:101B40001B880698EB6000F057FE0700142013F086
:101B500014FA06000C22210013F060FA3000194B31
:101B60003461082220C00AA90A930B9413F038FAB2
:101B7000154BF360BB69A34200D03361BE61069888
:101B800000F03AFE040000210C220CA813F046FAE3
:101B90000E4B0CAA0C9323006C3343CA43C30C4B6B
:101BA0002800A3670023E3672FB0F0BD482A002078
:101BB000472A00204B7003003B7003005C27002085
:101BC0002B700300DF350300B5350300251A020032
:101BD000A735030070B51500012A0BD014300FF0A3
:101BE00040F90024022D06D196200121C0000EF0FC
:101BF000BEFF00E0014C200070BDC04617FCFFFF97
:101C0000F0B58BB002AFB8600C0015007B60012B03
:101C100003D147490FF0E4F885E04B7A3B611E00A1
:101C200001235B427B61237A9E421FD07B69013393
:101C300042D123689B5D3B600023FB602B6802223E
:101C40009B5EFA689A420BDA0C23F95E28000FF0CB
:101C50002DF93B68834200D17E61FB680133ECE7DC
:101C6000701CA17A05F08EF80E00DCE77B68022B71
:101C700022D17B6901331FD11C232900F8180FF0F2
:101C8000E8F81C237A68F9182000FFF7A3FF1C234B
:101C9000F8180FF089F8237A013B7B611C23F818B0
:101CA000FAF74AF81C232000F91814300FF0D9F87D
:101CB0001C23F8180FF078F87B69002B30DB6B469B
:101CC0003A69FB607B699D1A934203DAA57A7B69C6
:101CD000AD1AED182B0069460833DB08DB00CB1A80
:101CE0009D4602AE6A1C0021300013F097F9BB8AB2
:101CF000A27A01933B69200000932168330011F020
:101D0000C1FC607AA17A0130401905F03BF82AB293
:101D10006172B8683100F9F7E5FFFB689D4602E0A3
:101D2000B868FAF709F8BD46B86809B0F0BDC04612
:101D300017FCFFFF70B505001400012A0ED0007AD1
:101D40004018A97A05F01EF8A9610025022C06D1D9
:101D500096202100C0000EF00AFF00E0014D28008F
:101D600070BDC04617FCFFFF70B50A0004000129D2
:101D700016D0437A002904D1027A9A4206D10C483F
:101D800014E0022902D1017A8B420BD0607A2368D9
:101D9000A17A1D5C013004F0F5FF2800617205E0B6
:101DA000044803E00121FFF7C5FFEFE770BDC0461F
:101DB0000CFCFFFF17FCFFFFF8B506000F00150035
:101DC0001C00012B28D0002B0AD1AC4226DA0021BE
:101DD0003000FFF7C9FF002820DB38550134F4E755
:101DE0000020022B1BD1300011F060FC854204DD85
:101DF000291A22003000FFF79DFF3C00E31B9D42A3
:101E000003DCE843C017284009E002213000FFF757
:101E1000ABFF20700134F1E7014800E02000F8BD7D
:101E200017FCFFFF054B01001A78054B1B78981A29
:101E30009A4202D9C87AC318981A7047472A0020D4
:101E4000482A0020F0B58DB002AF04003960BA61B5
:101E50007B61002A00DC99E07B69012B00D195E0D1
:101E600027230025FB1800691D7000F0C5FC272200
:101E700003684A499B69BA1809689847206910F0B5
:101E8000F4FF02231840A84206D12533FB181B7823
:101E9000AB427DD0F86100E0FD61206910F0E5FF04
:101EA0000223184276D02533FB181B78FB60002BE9
:101EB00070D06B46BB603A4BFD691E78394B1B787E
:101EC0007B6000233B61BB699D4212DA701CE17AA2
:101ED00004F058FF7B68994209D03B6862685B5DFB
:101EE0009355FB69CEB20133FB61FB683B61013561
:101EF000E9E73B69002B01D0294B1E702000FFF75A
:101F000091FF6A46C31DDB08DB00D31A9D4602AB76
:101F100002000021050018003B6113F07FF8204B00
:101F2000E27A1B78200001937B6800933B6961682B
:101F300011F0A8FB7B69022B03D103211A48F9F7A2
:101F400085FB206900F058FC0026ABB2134D2A68CF
:101F5000D18B02680096D6683A69B0477B69022B3C
:101F600011D1F9F727FC206900F046FC272203680D
:101F7000BA189B6929689847BB68BA699D46FB698E
:101F800093428ADB06E0BB689D4603E0074802E017
:101F9000074800E0F869BD460BB0F0BD5C270020A3
:101FA000482A0020472A0020FF03000017FCFFFFFB
:101FB00016FCFFFF82B0F0B587B0040003A80D93B4
:101FC0000C92FCF7B9FE0CAB5D88022D34D0FF2DCE
:101FD00062D0012D64D104A810F0D5FB334904A8C8
:101FE00010F0D7FB05AE071E06D12B0032002F499B
:101FF00004A83570FCF7D2FC380012F0BAFF256D4A
:10200000AB0503D1290003A8FCF7A8FE220010238A
:10201000290003A80C32FCF7DBFE02222449300021
:1020200012F0DEFF206800F0E7FB03682189320030
:102030005C690223A04733E02200256D10232900AC
:102040000C3203A8FCF7C4FE80235B01EC1880254A
:102050006D056B69174A9B189B029C4212D2164B66
:1020600022689A420CD1154B62689A4208D100232B
:1020700005AA13702100009303A80133FCF7EAFEC0
:102080000834E6E705A810F07EFB084905A8FCF730
:102090005BFD0EF027FD03E0094B1868FEF7FAFA26
:1020A00007B0F0BC08BC02B01847C0462469030062
:1020B000E46F0300EDFF3F00EF401104BBA22FB817
:1020C00048270020F0B5002504000300216042608D
:1020D0002A00A9B04C338572C5721D7002AB009105
:1020E0000565DD700BAF7B1901355A70102DFAD1E3
:1020F000012367493B707B1B013D4A5D5A74002DEB
:10210000F9D12521BB7B7A7B1B0213AE134373826B
:1021100002ABC91845233A7802A81B183270180080
:10212000102212F05DFF012202AB033364217361C0
:1021300014237283327702AA5218137033831DABB3
:102140001D706D2302AA9B181D706E2329009B1819
:10215000F5830C221EA81D70756212F05FFF4D4BB7
:102160000C22B3632900F56323A812F057FF4A4BF2
:1021700002A9F364462302225B182900DA77356549
:10218000039606AB5A1901355170102DFAD1012270
:1021900042481A705A1B013D415D5174002DF9D11E
:1021A0009A7B597B12020A43252011211B787A82DF
:1021B0003B7002AB1022C918C01812F011FF0123A6
:1021C00000983B7503ABBB61BD8300F015FB036852
:1021D00039001B689847F38B2068238100F00CFBC3
:1021E0000700142012F0C9FE06000C22290012F08C
:1021F00015FF30002A4B3561082210C004A9049352
:10220000059512F0EDFE274BF360BB69002B00D063
:102210003361BE6163683020019312F0AEFE0500A9
:1022200010300EF050FE280024300EF0CAFC0026BC
:10223000C8236E802B80182012F09FFE07001A4BD7
:1022400010C700901022310038000693079612F054
:10225000E5FE082206A9380012F0C2FE134B009AD0
:10226000EE6053611223AB80019BAA601B682E6253
:10227000EE625B68290001989847B04205D02800BB
:102280000EF048FD280012F074FE200029B0F0BDC9
:10229000E86F0300DB010300CD010300F86F0300CA
:1022A00079230200D3360300B51F0200FD36030078
:1022B0007FB5CB78827A04000D00934226D006D2F7
:1022C000D31A07210022DD0F9942554104E09B1AE1
:1022D0000125F82B00DC0025EDB2002D49D10222AA
:1022E00024496846891812F07BFE206800F084FAC1
:1022F000036821895E696A460223B047E37A0433A2
:10230000DBB2E372A3724C34257032E00600013375
:10231000837223004C3630780C33000118180431D6
:10232000102212F05DFE3378012B16D0002B0DD059
:10233000032B1CD10123C8211A0068460EF0CEFDE4
:1023400000233370E37A0433E37212E06B78AA78E7
:102350001B021343236501230AE06B781A06AB784E
:102360001B041343226D13432365022300E0013352
:1023700033707FBDE46F0300F0B54A88038997B0DE
:1023800007009A4200D08DE00B89002B00D189E034
:10239000CD682C78022C00D17EE008D8002C0BD020
:1023A000012C00D07EE02900FFF782FF7AE0EE2CBE
:1023B00052D0FF2C68D075E006A800F089F91421EE
:1023C00001AE34706B7806AA73706B780E204B43A5
:1023D000D3189B6868441B0EB3706B784B43D318BB
:1023E0009B681B0CF3706B784B43D3189B681B0ADC
:1023F00033716B784B43D3189B6873716B784B4385
:10240000D318DB681B0EB3716B784B43D318DB68B2
:102410001B0CF3716B784B43D318DB681B0A3372C8
:102420006B784B43D318DB6873726B785943511840
:102430001031082212F0D4FD386800F0DDF903688D
:1024400039895D6932001223A8473B004C33BC72C6
:10245000FC721C703C6525E006AD032200212800BB
:1024600012F0DCFD01236B700F4B2C70186810F01C
:10247000D9FCA870386800F0BFF9036839895C6935
:102480002A000323A0470DE06B78002B04D0012B1A
:1024900008D10EF027FB05E001232200C82106A881
:1024A0000EF01CFD17B0F0BD48270020002815D005
:1024B000006041608260C360046145618661C761FC
:1024C000444604624C464462544684625C46C4629C
:1024D000644604636E46466374468463002A06D0ED
:1024E000C46B043C043A25681560B442F9D18C6B86
:1024F000A6464E6BB546002B06D0CC6B043C043B85
:102500001D682560B442F9D10C6BA446CC6AA34681
:102510008C6AA2464C6AA1460C6AA046CF698E69B5
:102520004D690C69CB688A68086849687047006023
:1025300041608260C360046145618661C761444651
:1025400004624C464462544684625C46C4626446FB
:1025500004636E46466374468463C46B043C04396A
:1025600025680D60B442F9D1C76986694569046977
:102570007047006041608260C360046145618661AC
:10258000C761444604624C464462544684625C46D9
:10259000C462644604636C4644637446846304699D
:1025A0007047846BA646446BA546046BA446C46A78
:1025B000A346846AA246446AA146046AA046C76943
:1025C000866945690469C368826800684168704724
:1025D0000CC8074810B51B18DB00D318180093422D
:1025E00005D31C688C4202D31800083BF7E710BDE6
:1025F000FFFFFF1F70B50D1C06000021281C04F012
:1026000017FC041E06D13000291C03F081FD756003
:10261000200000E0004870BD17FCFFFF014B186868
:102620007047C0466020002070B504000D0003F024
:1026300083FD61682000FFF7DDFF024B00201D6075
:1026400070BDC04660200020F8B51B4C0500A305F6
:102650009B0D03D08022D200A418E41A80235B05CE
:10266000164A5B6916499B181648174A174E9B0273
:102670009C421FD22768974218D167688F4215D1B4
:10268000A768874212D1E768B7420FD1280021001E
:1026900008221031243012F0A3FC28002100383029
:1026A0001831082212F09CFC2C6303E08027FF0005
:1026B000E419DDE7F8BDC046B4720300EDFF3F004A
:1026C000C615A841C49866C9708E3B9275EE5197A5
:1026D000F8B50023070004000370061D40370025ED
:1026E000300035707560B5600C3008222900143652
:1026F00012F094FCBE42F2D12278032A09D01423AE
:10270000C02153434902E31801329D60D960227011
:102710001D712178124B03290AD01422C0204A438C
:102720004002A21801319060D36021700121117123
:102730008022D20099189B0522789B0DC91A032A82
:1027400009D014235343E318996006490132D96034
:10275000227002221A712000FFF776FF2000F8BDD8
:10276000B4720300FFBB0300002370B504000160D6
:10277000436099420AD1064D2B68002B02D111F01B
:102780009DFA286023689B00EB586360200070BDB1
:102790006C27002070B500280DD10C4C2668002E47
:1027A00007D1083012F0E9FB05003100FFF7DCFF2C
:1027B0002560206808E00122054906480B6813409F
:1027C00002D1026043600A6070BDC04660270020ED
:1027D0007027002064270020436810B50400002BF8
:1027E00002D1044812F0F2F9606803681B69984747
:1027F00010BDC04608700300436810B50400002BEC
:1028000002D1044812F0E2F9606803689B699847B6
:1028100010BDC04608700300436810B50400002BCB
:1028200002D1044812F0D2F9606803685B6A9847E5
:1028300010BDC0460870030000487047FFFF00004D
:10284000F0B597B00593036807AD1B680491039337
:1028500011002B00060091C991C30024D368210008
:102860000C220CA8EB602C6112F0D8FB21000B4B62
:1028700010940F9311AB1C701A1901345170102C65
:10288000FAD100225A820193059B2A0000930499F1
:102890000CAB3000039CA04717B0F0BDA539030076
:1028A000FC3070B5046C0500002C0DD1242012F012
:1028B00064FB064B44608361054B8460C460046123
:1028C0004461C46103602864286C70BD30610300FA
:1028D00018620300FC3070B5C56B0600002D16D1E0
:1028E000342012F04AFB04003422290012F096FB37
:1028F000084BA5606360084B65612361074B256247
:10290000E361074BE562A362064BF4632360F06B5F
:1029100070BDC0466061030050610300C0610300E8
:10292000D0610300E06103007FB503791548002BF7
:1029300026D0154D154C2B782000002B20D102AE4F
:10294000300011F013F8002814D17388592B11D1DD
:102950003378B288D91F012902D800920C4A01E0CD
:1029600000920C4A202120000BF0CEFF01232B7097
:10297000200005E020220849200012F0A8FBF7E71C
:1029800004B070BD5B700300492A00204A2A002071
:102990007570030092700300B770030010B5040057
:1029A000024B08C011F06DF8200010BDD06103008B
:1029B00010B50400024B08C011F063F8200010BDF0
:1029C0007061030010B50400024B08C011F059F803
:1029D000200010BD6061030010B50400024B08C068
:1029E00011F04FF8200010BD5061030010B5040035
:1029F000024B08C011F045F8200010BD40610300F3
:102A000010B50400024B08C011F03BF8200010BDC7
:102A10008061030010B50400024B08C011F031F8CA
:102A2000200010BD3061030010B50400024B08C047
:102A300011F027F8200010BD8460030010B50400D9
:102A4000024B08C011F01DF8200010BD7460030097
:102A500010B50400024B08C011F013F8200010BD9F
:102A60006460030010B50400024B08C011F009F8BF
:102A7000200010BD9460030010B50400024B08C094
:102A800010F0FFFF200010BDC0610300FC3070B5E6
:102A9000046C0500002C0DD1242012F06EFA064BB8
:102AA00044608361054B8460C46004614461C46117
:102AB00003602864286C70BD306103001862030055
:102AC000104B10B5083303600F4B0400C360802324
:102AD0000E4A5B00C250C018FAF750FA20000C4BA7
:102AE000B830E360FFF7BEFF2000AC30FFF79CFF7B
:102AF0002000A030FFF7A2FF20006C30FFF7A8FFF6
:102B0000200010BD446203008C620300F8630300E0
:102B1000A4600300F0B50500040087B0AC356B6815
:102B2000AB60AE68002E08D0F368210030009847F3
:102B3000AB68002BF3D01B69F2E72000B03010F037
:102B4000A0FF2200FC235832117820000B401370A4
:102B500023005C331E700A3011F0A7F820003430D7
:102B600011F0A3F82000643010F08BFF20009830A3
:102B700010F087FF200001ADA43010F082FF31007B
:102B80000C22280012F04AFA23002A006C3383CA70
:102B900083C3094BE667A3670C223100280012F0BB
:102BA0003DFA2300803307CD07C33000034A903439
:102BB0001A60266007B0F0BD973903008939030019
:102BC000454AF0B50600C260A022444B16360833D1
:102BD00003600100002342820400320085B00371CB
:102BE0008360037483823531137001320025914272
:102BF000FAD1802780222000D201BF001100F57792
:102C000037842B000095383000F024FF230021008A
:102C1000403303931A002B005F31137001320025FB
:102C20008A42FAD1039B2200DD77230060331F80A4
:102C3000FC236432117820000B40137023006833AA
:102C40001D70274B2900E36625670C22783012F0AF
:102C5000E5F92300270088331D60224B0837FB6706
:102C6000843729000C22380012F0D8F91E4B1F4A75
:102C7000FB602300A0333D611A601D4A5D60DA608D
:102C80001C4A1D619A61DD61300011F00EF8039855
:102C900011F00BF8184B601CE3602300C4331D7067
:102CA0005D709D70FF3002F09DFD8C235B00E55050
:102CB00023001933FF335D618023104A5B00E2502B
:102CC000230001222000FE3352425A86023B9D63BC
:102CD000DD631D6405B0F0BDA46003004462030021
:102CE00064600300973903008939030074600300AE
:102CF00084600300946003008C620300F8630300A7
:102D000070B5074C2368002B07D1A020400012F0BB
:102D100034F90500FFF754FF2560206870BDC046F8
:102D20007427002070B50C220D000021040012F061
:102D300075F900232361024B25602000E36070BD1C
:102D4000A735030070B500250400264B057103600C
:102D5000254B45718360254BC5604361244B8561DC
:102D60000362244B4562C362234B05638363C563DF
:102D700029004430FFF7D6FF200029005830FFF724
:102D8000D1FF200029006C30FFF7CCFF1B4B220045
:102D900023602300F832803320C39342FCD1260005
:102DA0001D00E936FF36280008220021083512F000
:102DB00035F9AE42F7D18E22330000209200A118DF
:102DC00001C300229942FBD18E239B00E2540C499F
:102DD0000C4B6118E3181A8002339942FBD1200092
:102DE00070BDC04690610300406103005061030064
:102DF00060610300706103008061030018630300D9
:102E0000620200003A02000010B5040002F04CF823
:102E1000034B1B68002B01D02000984710BDC04613
:102E200078270020F0B58DB0050001F083FA00206E
:102E3000FFF766FF036807001B6998473B680400BB
:102E40009B69380098473B6806005B6A38009847E2
:102E50000300288810380B2800D998E003F018FEEA
:102E6000063D9797975A979797619773AF88200079
:102E7000390011F03CF922006B7B58320193137832
:102E8000A87919000223194306AB11701F80012392
:102E900006AA9370D07013006A461279E91D9A72DF
:102EA0002B000622163307A80B9312F099F829007D
:102EB0000B2006AB06220E31C01812F091F89434A4
:102EC0006368A360A068002861D0C36806A998471A
:102ED000A368002BF4D01B69F3E720002F49AF88CB
:102EE00011F005F92200022058321378A9798343A2
:102EF000137006AB1F809970A0346368A360A0684C
:102F0000002844D0C36806A99847A368002BF4D0D2
:102F10001B69F3E75B69A91D002B38D0A888984787
:102F200035E0636EAF79002B31D0A366A06E002828
:102F30002DD0C36839009847A36E002B01D1636E72
:102F4000F3E71B69F1E701220D27AB7BE91D1A406E
:102F500001925A07920FDB08029206A80622EF5749
:102F6000049312F03DF86A46127906ABDA716A46AC
:102F7000127A9F711A726A46127C20005A722B00D4
:102F80008C340F3309938030236806A998472900B1
:102F9000300011F09FF90DB0F0BDC046FFFF0000FA
:102FA0000723D72802D9024B186000231800704766
:102FB0007C270020014B18607047C046782700200E
:102FC0001FB5A3238022DB00D205D3580820DB07DE
:102FD00000D405301E4B48221E4902F0C9F90028D2
:102FE0000AD080B2002807D1BFF34F8F1A4A1B4B7B
:102FF000DA60BFF34F8FFEE702AC08220021200009
:1030000012F00CF801232370154B20001B6863603D
:1030100010F0CCFE002801D0072017E0684610F021
:10302000C3FE0028F8D1694610F0BCFE0028F3D199
:103030000C4802F0CDF980B2002807D10A4802F00E
:10304000D1F980B2002801D100F082FC04B010BD9B
:10305000B33D0300802700200400FA0500ED00E0E6
:103060007C270020252E0200092E020080B20028B5
:1030700007D1BFF34F8F034A034BDA60BFF34F8F83
:10308000FEE770470400FA0500ED00E070B500208F
:103090000C00FFF735FE03685B6A98472378142B12
:1030A00017D002D8132B05D03FE0152B18D0222BB8
:1030B00035D03AE064680122A37819005D08114018
:1030C0002A404568DB065B0F002D2ED02088A847DC
:1030D0002BE08368002B28D06268917810881CE070
:1030E0006468A27813091207120F012A02D0022A7B
:1030F00008D00DE0013BDBB20021022B09D80C4ABD
:10310000D15C06E00421012B03D00131022B00D059
:103110000021C368002B08D02088984705E0036988
:10312000002B02D0626810889847002070BDC0460E
:10313000BF700300014B18787047C0466B2A00200F
:10314000F0B51E002F4B87B0009201931A78002330
:1031500005000C009A4252D101F0D8FE002801D09F
:103160000B234CE0002E0ED003A92220039610F072
:1031700028FE002807D00623082840D011384342F3
:10318000434104333BE0002302AA1000137000F017
:1031900095FE011EE4D101261B4F35403A7834409C
:1031A000B2432A436300022514000720009AAC436F
:1031B00002401C431C23AA409C4314433C7003ACB4
:1031C0000C22200011F02AFF0920104B3900039334
:1031D00002AB0522C018257111F002FF21000C4836
:1031E00000F0D8FE002807D00723042807D0013BB1
:1031F000082804D0053302E0019B1E70030018006C
:1032000007B0F0BD6B2A0020462200208D3002005E
:103210006A2A002010B5074800F086FF0023984274
:1032200006D00733042803D0013B082800D005331B
:10323000180010BD6A2A0020002373B501930F4BBC
:1032400001AD1B780E0029002B7001F033FA041E2B
:1032500004D0042305280FD007330DE031002800E7
:1032600000F0D2FE2300002806D00723042803D054
:10327000013B082800D00533180076BD6A2A0020DB
:1032800073B5104C0E00050005222100684611F0B0
:10329000A7FE012E06D0022E11D10122237813435E
:1032A000B34303E002222378B343934369462800E3
:1032B000237010F084FD031E02D00B2300E00223D4
:1032C000180076BD46220020094B10B51A7801007F
:1032D0000923002A09D0074800F0CEFE00239842B7
:1032E00003D003330E2800D00333180010BDC046AE
:1032F0006B2A00206A2A0020024B0B60092313600E
:103300007047C046C270030010B504000020FFF7EC
:10331000F7FC03681B6998470300F3331C7086238E
:103320005B00C05003000021044AFC335A61044A88
:1033300099615A62F43011F094FB10BDB13F030063
:10334000C33F0300012110B5044A080001F0E6F96B
:10335000031E00D00B23180010BDC0460933020025
:10336000F0B593B0019000200C00FFF7C9FC036892
:103370005B6A9847FFF7DEFE06AB00280DD00022FF
:103380001A7105AA0692082218001A730AAA9A60EE
:10339000FFF79AFF002802D052E01871187300233B
:1033A0001F0023732371019BBA331B78BB4246D99C
:1033B00007237B43019AD218BB321278022A31D1FB
:1033C000002506AE337BAB4236D907207843AB00ED
:1033D0000293019BAA001818089BBB30995810F063
:1033E000F2FC00281BD0B368AA009A58237BA1687E
:1033F0009B005A50237B01332373337B5A1E954223
:1034000008D01049B2685B189B009B58039303993E
:10341000029BD15006AA137B013B13730CE00135CC
:10342000EDB2CEE701992279CB182168BB33920027
:1034300053502379013323717B1CDFB2B3E70020A3
:1034400013B0F0BDFFFFFF3FF0B59DB01F006B460E
:1034500005001A70581C0622229E02AC11F0C0FD15
:10346000002F07D03B8823807B886380BB88A380A4
:10347000FB8806E032232380DB186380F533A780C6
:10348000FF33E3800CAB04A9049314AB8B602F00D3
:103490000023B9370B710B733B78002B17D1012038
:1034A0003B78022708A903405A000B78BB4304AFBE
:1034B0004F601343002E10D0B27983430240134370
:1034C0000B7033880B8173884B81B38811E028001F
:1034D000FFF746FF0028E2D029E02A0032321278B6
:1034E0008343024013430B70AB8D0B81EB8D4B81FB
:1034F0002B8E220068468B8110F093FC0300002085
:10350000834214D00630082B11D005D80130042B8B
:103510000DD0834208D109E00520112B07D0054AC0
:10352000934203D0102B01D00B2000E004201DB0EB
:10353000F0BDC04602320000F0B50A7804009BB02E
:103540000D000220012A44D04B88032A06D1A03B5B
:1035500021499BB210008B423BD805E0203B1F4A1B
:103560009BB20320934234D81D4BAA8803209A4271
:103570002FD80AAB009312AB02936A4600232600B1
:1035800013711373B8363378002B05D069462000C9
:10359000FFF7E6FE00281CD104AF182200213800F6
:1035A00011F03CFD2B7838003B7033783B726B4652
:1035B000FB606B883B82AB887B8210F01CFC0200B6
:1035C0000320002A05D101211000583423780B4331
:1035D00023701BB0F0BDC046603F0000E03F00001C
:1035E000FF3F000013B504680093A46813000A00AD
:1035F0000149A04716BDC046FFFF000037B506AC25
:103600002578046801950093246913000A00014994
:10361000A0473EBDFFFF0000F0B589B00193070051
:103620000FAB0D0016000021082202A81C7811F033
:10363000F5FC0EAB1B8802AA1380019B0393002CA0
:1036400006D03100280010F05AFD002841D154E086
:103650003B007A79F833A2423DD908331900083982
:103660000988B14208D130222034A400E359013343
:10367000DB7F134202D12EE00134ECE7022200206E
:10368000DB06DB0F04ACD31AA370019B2680E3603A
:103690000EABA3601A4BA0809D4207D1FFF730FB11
:1036A00003681B69984710F025FD050021002800DC
:1036B00010F029FD80B200281FD011281CD013D88B
:1036C000082817D002AA3100280010F018FD0028A1
:1036D00012D0032011E002AA3100280010F00FFDE3
:1036E0000028F6D1063008E0064B984204D0064B7D
:1036F0009842E7D1062000E0052009B0F0BDC046A1
:10370000FFFF00000330000001340000F0B50500A9
:1037100097B008002E240B9100F046F904ABE41892
:103720001090220010A9012010F0E7FC002801D021
:103730000320D4E023880B9A0A9093830B9B0A9A68
:103740001B7D934250D96B791D2B01D90720C6E010
:103750000B9B9B690C930A9B0C9A9B009C5863697A
:10376000002B46D1638B002B43D1631CDB7F022BE4
:103770003FD134E06979A31C1F31C9006918621C6C
:10378000DB7FD27F089121002A3109780020079140
:1037900021002931097806910D9905910C99049120
:1037A000217F0391218B0291618B019161690091CD
:1037B00010A910F0D0FE0028BAD16B7907001A00CA
:1037C000203292001F335451DB005B5BE3836B7943
:1037D00001336B71230028331B78BB4237D80A981A
:1037E0000130C3B20A93A9E72B79002001332B7172
:1037F00075E0200000F0D8F8002610900D960C9689
:10380000230028331B78B342B4D9626AB3009F58AF
:10381000342204AB9B1800221A700023002111AA45
:10382000D21801335170102BF8D1462204AB9B18EB
:103830002C4A11A938001A8010F0E8FC002803D0A7
:103840007B690C937B8B0D93731CDEB2D8E78E23C0
:103850009B00EB5C132B00D978E7626ABB009E5893
:103860000023180011A90B70CA1801335070102BD7
:10387000FAD11C4B30004B8210F0C8FC0C90002891
:103880002AD1300000F090F88E229200AA5C738B4F
:103890001D32FF325200AA1802320292327F10907B
:1038A0000192328B10A9009272690C9810F030FFCF
:1038B000002800D03CE78E238E219B00EA5C890023
:1038C000531CDBB26B541D337A32FF3392005B0022
:1038D0005651EB185B88F383781CC7B27AE717B0B0
:1038E000F0BDC0460129000070B5050010F00BFACC
:1038F000041E1CD1280078222100803011F08EFB9C
:103900002800E93050222100FF3011F087FB280009
:1039100008222100F83011F081FB064B2822E8181C
:10392000210011F07BFB8E239B00EC5400E0062469
:10393000200070BD3A0200000B68002B01D103602B
:1039400002E0024B0360002343607047B13D030077
:103950001FB502AC08220021200011F05FFB2823D4
:1039600023806933FF336380E380803B01A8FF3B02
:1039700005220C49037010F0CFFD80B200280FD152
:103980008020800010F0C4FD80B2002808D1200003
:1039900010F0C0FD80B2002802D110F0B7FD80B257
:1039A00004B010BDCB700300F0B5438A87B002931A
:1039B000037804000126002B3ED0244B24491A68CA
:1039C0000393112301929C4600228519019B934287
:1039D00014D0674600235743CF19981E012803D9F6
:1039E000FE5CE85C864207D10133102BF5D1112330
:1039F0005A4389180E7C1FE00132E7E7280010F0D7
:103A000093FD237807000600002B01D11234250016
:103A1000019B042B10D011245C430D4B10221C1968
:103A20002900200011F0DCFA0023A370E370019B51
:103A3000039A01332774136005AB9E705888029B6C
:103A400000040343180007B0F0BDC046C82700209B
:103A50006C2A0020F7B5FA26B6007143009308AB34
:103A60001B780400080015491700019303F01AF8A9
:103A700085B2300025807843104903F013F86B4677
:103A80001B8880B2A3806B461B796080A371032DD5
:103A900001D80423238080232288DB019A4200D9A5
:103AA0002380032801D80422628062889A4202D9C6
:103AB0008023DB0163802000FEBDC0467102000050
:103AC000F0B58BB004AB9C1D0E230C22039001912A
:103AD00023804B7806A95343234AD3181889220020
:103AE000032310F052FE00283AD11827019B1F4DE6
:103AF0005B7826885F4300933B000833EB18320065
:103B000006A91800029311F05CFA2C0000280DD1D0
:103B10000C22009B5343144AD318997A022319406C
:103B20001ED1E819182211F079FA19E0E819436852
:103B30000F4F002B00D10F4F18250322009B06A921
:103B40006B43E250E3185E603200029811F048FACD
:103B5000019B2A0059780398694338236118B847B4
:103B600000200BB0F0BDC046EA29002090280020BC
:103B700021510200A5500200F0B585B004000E00EE
:103B800002AA8178214801F067FA00283CD10C2371
:103B900061781F4A4B43D3189B7A01921D4F5B06F5
:103BA00005D4022E03D01C4F012E00D01B4F1C2524
:103BB000A1781B4B69432A00591802A80023B84773
:103BC000002813D1022E1FD00C234021627802A8B6
:103BD0005343019AD3189A7A8A439A726178114BA7
:103BE00069432A0059182B00B84701E0022E0BD078
:103BF0000C232278210053430B4A02A8D3189B7A46
:103C00000A4A9B009B58984705B0F0BDB828002091
:103C1000EA29002021510200A55002008F4703002D
:103C2000CC27002074280020A8280020506303001F
:103C3000F7B518220190437826485A4381184C68FA
:103C4000254F002C0FD00C2159437918897A4DB299
:103C5000002D07DA490605D415000835A6B2451926
:103C6000145802E00024260025000C225343FB18C0
:103C7000188932002300290010F085FD0B2816D189
:103C80000C22019B29005B785343FB1818893200F2
:103C9000012310F078FD0C21019B104A5B784B4307
:103CA000FF18388910F06DFD002806D111E00028BA
:103CB00000D00B48012C0CD1EDE70222094BC318B0
:103CC000934305D0082803D0112801D0002000E03C
:103CD0000348FEBD90280020EA290020FFFF0000D5
:103CE00041800000FECFFFFFF8B507004878182498
:103CF00003006343084D0E00E81822003823390002
:103D000001F04CFA002806D173785C432C196368E3
:103D1000013300D16060F8BD9028002070B51C24EC
:103D200044430D4E0500301906223419002111308C
:103D300011F074F910220021200011F06FF9FF2317
:103D40002374A376013BFF3B23830233AB40034A3A
:103D500011689943116070BDCC270020B428002061
:103D600037B581B205006A46074801F075F9041EAF
:103D700008D15421684601F05DFA041E02D12800E2
:103D8000FFF7CCFF20003EBDB8280020F0B51D0095
:103D9000434B93B01B6801900F001600002B7CD0A2
:103DA000189B542B79D8FF22002403AB5A709A70C9
:103DB000DA701C7002AB1C74189B0B950A93A1B2AD
:103DC00004AA384801F048F9002809D1082204A9BA
:103DD000019811F0F6F8002802D103AB9C7002E0C4
:103DE0000134062CEBD103ACA178FF2955D0032F69
:103DF0000AD1189A06AB542A01D1343A00E0402285
:103E00001A701A7803213AE0274BEB1AA72B10D827
:103E1000264B002E04D101228A40186810423CD063
:103E200001228A40196891432022196006AB1A705A
:103E300020E01F4BEB1A1B2B09D8202206AB1A706F
:103E4000002363700CAB0B9318230A9312E01948FC
:103E50002D1A172D21D8302302AA13740023637062
:103E60000133E370144B997A0223194002D11822CE
:103E700011F0D4F806AB022F0CD101211A780A43B5
:103E80001A7009AB0793064B32001B6806A9200085
:103E9000984702E01A780221F1E713B0F0BDC0465E
:103EA000A8280020B8280020CC270020B428002013
:103EB0007428002090280020EA290020F0B5040092
:103EC00085B0002852D000252A4B2B481D605D721A
:103ED0009D7201238372023B072229000381C37272
:103EE00011F09CF818222900244811F097F82800B6
:103EF0000135FFF713FF062DF9D154236A46204FF1
:103F00009380204B39006846D580009301F040F83B
:103F100000282CD101231C4D24782B70002C1BD1A0
:103F20001C27A1B202AA164801F096F8061E0CD171
:103F30003B00634315481C22C01802A9330001F05E
:103F40002DF9002804D02E7011E000232B700EE014
:103F50000134062CE5D10AE06B466A469B88D1887D
:103F60003800594389B201F065F900E0084805B00E
:103F7000F0BDC046A8280020EA2900209028002093
:103F8000B82800208D3D0200B02A0020CC27002058
:103F90000E800000F8B5174B06001B780F00002BB1
:103FA00022D0002822D0002920D00B68002B1DD061
:103FB000114D2C68002C1BD12800053108C00522AA
:103FC00011F00EF83B790220AB72012304212A7A0A
:103FD0009A4302438A432A72EA79134303438B4389
:103FE000EB712000347004E0044802E0044800E073
:103FF0000448F8BDB02A0020A8280020088000004E
:104000000E80000004800000154B1B78002B22D08E
:1040100000281ED000291CD00378002B1BD1114B87
:104020001B68002B17D04278002A16D10E4B9B7AC2
:10403000012B12D02420184003D0012310000B7054
:104040000CE05BB2002B02DA02230B7006E0087072
:1040500004E0064802E0064800E006487047C04613
:10406000B02A0020A8280020EA2900200E800000A5
:104070000880000010800000254BF0B51B78002B55
:1040800026D0002822D0002920D00B68002B1DD07C
:104090008B68002B1AD00378002B19D11D4A1268A7
:1040A000002A15D01C0018001B4A10321B4DEF7A55
:1040B0009F420FD1AF7A02252F420BD001331C3221
:1040C000062BF3D108710C7300201FE014481DE08B
:1040D00014481BE00F7BBC420CD20325977A2F407B
:1040E000022F07D1133DAC46944466468D68A70065
:1040F0007E5101340F79B842E0D20225977A2F42DF
:10410000DCD10D6887007A510130D7E7F0BDC04699
:10411000B02A0020A8280020CC270020EA2900206F
:104120000E80000008800000104B70B51B78002B3B
:104130001AD0002816D00478002C15D10C4B1B681F
:10414000002B11D020001C252B006343094AD318F3
:104150009B7EFF2B02D02000FFF702FE0134062CCD
:10416000F2D102E0044800E0044870BDB02A00200B
:10417000A8280020CC2700200E8000000880000026
:104180000048704791800000194A0300127810B56A
:104190000800002A28D0002B24D0002922D01C7827
:1041A000002C21D1134A1268002A1DD09978FF29CA
:1041B0000AD15978FF2919D00C2359430E4B5918AD
:1041C0008B7A9B0712D508E01C2359430B4B5918D7
:1041D00002238C7E1C4009D11031072210F000FF11
:1041E000200004E0064802E0064800E0064810BD52
:1041F000B02A0020A8280020EA290020CC2700208F
:104200000E8000000880000005800000F0B5244BFF
:104210008BB01B7806000C00002B3CD0002838D057
:10422000002936D00278002A35D11E4B1B68002B9E
:1042300031D08378052B30D81C256B431A49CB1815
:104240009B7EFF2B29D0E260837803AF6B43CB18B2
:104250002361164B6261A26063602760817801AAC6
:10426000134800F0F9FE002818D12B002A0001A9FC
:10427000380000F093FF002810D1E060B37860614F
:104280005D43094BA0605D19084B256163602760A1
:1042900004E0084802E0084800E008480BB0F0BD20
:1042A000B02A0020A8280020CC270020B12A002016
:1042B000B82800200E800000088000001080000058
:1042C00013B5040081786A460B4800F0C5FE00284B
:1042D00010D11C226078094B50436946181813000E
:1042E00000F05CFF064B074A9B7A21009B009B581D
:1042F0006846984713BDC046B8280020742800209F
:10430000A82800206063030070B5050000241C2667
:104310003300634306492800C91810F0BCFA00288E
:1043200004D10134062CF3D1FF3000E0200070BD31
:10433000CC270020FF23F0B5BD4A8FB012780500CE
:104340000393002A00D1AEE1BA4A11680192002914
:1043500000D1A8E104AF7B70BB70FB70031D069316
:104360002A23002602AA938203883E70B24C102BA7
:104370000AD0A67AB2075ED58288B0498A4207D0B1
:104380002189914257D103E0A37ADB0705D48AE162
:10439000E27ABA7000227A704DE0112302AA1373F8
:1043A0007E7083880635238102230722A3722900A9
:1043B000200010F015FE2800FFF7A6FF0390FF284D
:1043C0002DD11C2070439E4B103018180722290055
:1043D00010F0F7FD002801D1039620E00136062EEB
:1043E000EFD102E0EB7903423DD10022019B05AC05
:1043F0001B682100380098472378122B00D052E127
:104400008D48837A012B00D14DE101238372023B59
:104410000381C3720722002110F000FE43E108214E
:10442000A27A039B0A43DBB2E372A2723800BB702C
:10443000FFF746FFD9E7172B46D1012204201424A9
:10444000019B01995B7A864393434B727A4B05A992
:104450000C709E72AC791900002CC3D0D87AFFF78B
:104460007FFCAA79C2E7BB78FF2BBED008200643A9
:10447000E87A8E72800706D51C205843704C2018AD
:10448000847E94438476CA7AFF2AAED01C220878B0
:104490006B4C5A4302280AD0A4182000072210307F
:1044A00010F09EFD0222A37E9343A37607E0012134
:1044B000A318644A528A1A839A7E8A439A76012103
:1044C0003800FFF759FB90E7172B00D9A0E0132B1A
:1044D00059D102AA137304231E43A672A81DFFF725
:1044E00013FF0390FF2802D0C0B2B870E072E37AE5
:1044F000FF2B21D10026E33B18007043504A1018CF
:10450000827EFF2A13D12378022B07D0FD23F83AAD
:1045100083762100103010F063FD01E0FE238376E6
:1045200003AB1E70039BDBB2BB70E37211E001367C
:10453000062EE1D1444C0DE01623444802AA137321
:1045400000210E22083010F069FD4022A37A1343A7
:10455000A37200240021384B0B91DA7A1C235343B9
:10456000374A0D91D3180C93364B09910893019B50
:104570000A911A1DA88808AB10F0FFF8002800D097
:1045800091E0220032E7142B26D1E37AFF2B18D1D9
:104590001C2200239446E98962465A43284882181F
:1045A000128B8A420AD1082203931643DBB2E372CC
:1045B000A6723800BB70FFF783FE02E00133062BC2
:1045C000EAD1E37A1F49FF2B00D10021A8880023FC
:1045D0001B4A10F0D4F866E0112B64D1022332009C
:1045E0009A431300A272320707D55BB2002B0BDA95
:1045F00000213800FFF7C0FA06E0B878FF2803D0A2
:10460000FFF78CFBFF23BB701023A372023302E081
:104610001C2B03D1132302AA1373E6E6522B19D1E4
:10462000019B0B4A9B7A38009B009B5898473AE0C5
:10463000B02A0020A8280020EA290020FFFF00005F
:10464000CC27002074280020438000009028002000
:1046500040630300182B26D1AB79112B14D13307FB
:1046600012D512480E220021083010F0D7FC162374
:1046700002AA137302224A331E43019BA6725B7A7D
:104680001343019A5372B0E680235B421E4302AA91
:1046900095331373019BA6729B7A054A9B009B5826
:1046A00038009847A1E60FB0F0BDC0469028002022
:1046B0004063030030B5002912D00A78002A11D1D6
:1046C0000A4B1B68002B0DD0FF23094C8B702589EA
:1046D000FA3B854207D14A70E37A8B70130002E0FF
:1046E000044B00E0044B180030BDC046A828002051
:1046F000EA2900200E800000088000000120054A01
:1047000010B513785840044B10701B68002B00D074
:10471000984710BDC82A0020C02800200C4B70B557
:10472000050015200C001A6010F04DF800280ED17D
:104730002900153010F049F8002808D1153010F084
:1047400040F8002803D12100033010F040F870BD7C
:10475000C028002010B5064B586980235B05421C19
:1047600004D0196989B202F09DF900E0586910BDC2
:1047700000100010034B10B51B78034A9B009B5898
:10478000984710BDC92A0020706303000B0037B59D
:104790000C24020018009D6809786C43044D083011
:1047A0002D680095034D1B696459A04737BDC0466D
:1047B0000C290020F82800208022520511691422BB
:1047C00010B50E4889B203785343C3181A69501EB6
:1047D000DA881B898018C01802F064F9084B0200BF
:1047E0001B6801209A4207D800209A4204D1054B49
:1047F0001B6858425841C0B210BDC046C4280020B2
:10480000F0280020F4280020082310B5034A11687E
:1048100099431160FFF7AEFF10BDC0460429002088
:10482000094A10B5136819070AD4990702D501215E
:104830000B4313600222054B1A70FFF79BFF01E048
:10484000FFF7E2FF10BDC04604290020C92A00205E
:10485000064B10B51B681B0705D40122044B1A70C8
:10486000FFF788FF01E0FFF7CFFF10BD042900200C
:10487000C92A002010B5002814D0112805D108231A
:10488000094A11680B4313600CE01423074A11789E
:10489000594351180431FFF779FF0422044B1A7071
:1048A00000F092F810BDC04604290020C428002062
:1048B000CA2A0020F8B514238025124A6D05147801
:1048C000114E5C432B691419E2889BB22789206939
:1048D0009A420ED92B6961699BB2D31A2A6938189A
:1048E00092B2C918C01892080FF077FF2B699BB2DB
:1048F00005E09208381861690FF06FFFE3883360B4
:10490000F8BDC046C42800201829002070B58025B5
:10491000094B6D052A691C68631E94B25C43FFF75E
:1049200019FF2B69411E9BB25943044B20001A68A2
:104930000FF053FF70BDC046F0280020142900205E
:10494000142270B580260E4976050B785343CB1898
:104950001A89DC881B69A4183169E418200089B21F
:1049600002F026F90D00FFF7F5FE3369411E9BB2F8
:104970005943044B49191A6820000FF02EFF70BDEF
:10498000C4280020F428002010B5FFF7E3FE8022A1
:10499000074C520513691169126924689BB292B2DF
:1049A00089B201389208614358430FF016FF10BDD9
:1049B000F028002010B5034B18680FF00CFFFFF72C
:1049C00059FF10BDF0280020F0B52B4B85B01878AA
:1049D00003284ED802F05CF8020E114B0023274A40
:1049E0001360274A1360274B5B78002B41D000F0FF
:1049F000F9F83EE0FFF75EFF3BE0234C8027236899
:104A00007F0501930123019A9A43142322600292A5
:104A10001C4A3969157889B25D4355192B6918000C
:104A2000039302F03FF8194B039A18603969EB8839
:104A30000600501E181889B202F034F8864203D1DD
:104A40000223029A134303E00323019A9A431300BB
:104A500023600F4B1A680F4B002A03D121680232E2
:104A6000114200D000221A70FFF784FE01E0FFF728
:104A7000A1FF05B0F0BDC046CA2A002010290020C1
:104A800018290020C428002004290020F028002034
:104A900014290020C92A00201422F0B580254B4992
:104AA0004B480B7885B05343CB18DF68083A7A43FC
:104AB000821814895089526860436D0582182969EB
:104AC0001C890192DA881E6913199B19009300232F
:104AD0000292404A89B21360300002F069F83D4BFF
:104AE0002A00039300290BD12B6902999BB29942AA
:104AF00008D0019B00998B424FD1002C59D101E085
:104B0000022F08D11169300089B201F0CBFF324B7E
:104B1000186003233BE02969301989B202F048F894
:104B20002E4B89081960009A019B296993422DD068
:104B300089B2009802F03CF8002927D080246B4607
:104B400064052169988889B21F8801F0ABFF266946
:104B50000500B1B2380001F0A5FFADB280B28542C8
:104B600008D16B466A469B8812889B1A039A9B0859
:104B700013600BE023692169380089B29CB202F00E
:104B800017F889B2641A039BA4081C600223144A14
:104B90001370FFF719FF05B0F0BD022FB2D02969DD
:104BA000301989B202F004F80C4B890819602969A0
:104BB000BEE7022FA6D02969301989B201F0F8FFAB
:104BC000064B890819602B69E0E7C046C42800201D
:104BD000F8280020F4280020F028002014290020C4
:104BE000CA2A0020142210B50A490B785343CB1867
:104BF000D988094A1B791160032B08D0042B06D0F1
:104C0000012B06D1054A1370FFF7DEFE01E0FFF726
:104C100043FF10BDC42800200C290020CA2A002010
:104C2000F7B5124D01936E7808AC27880424022E44
:104C30001AD02C78A419012C00DD023C14235C430B
:104C40002C196261220020710C3209C909C26B461D
:104C50009B882781E3800024054B01361B786E700A
:104C6000A34201D1FFF7BEFF2000FEBDC4280020F3
:104C7000CA2A002070B51424114D00202978614300
:104C800069180431FFF782FD2300002201202978F2
:104C90004B43EB181A71DA80D8601A615A611A8195
:104CA0006B780918013B6B70CBB2022B01D02B70D3
:104CB00000E02A70034B1A70FFF786FE70BDC046F5
:104CC000C4280020CA2A0020142210B507490B78F6
:104CD0005343CB181B79042B02D0FFF7CBFF04E022
:104CE0000122034B1A70FFF76FFE10BDC42800208D
:104CF000CA2A0020F8B508241D4F3D682C4022D157
:104D000080235B0519691B4B1E68002E1ED01422E0
:104D1000194889B203785343C3181A69501EDA88B8
:104D20001B898018C01801F0BDFE144B1B68984207
:104D30000CD1134B1C6001231D43124B3D601C70B2
:104D4000FFF718FD13E0FFF75FFD10E0FFF734FDFC
:104D5000002804D000220A4B1A60023202E0002E22
:104D600003D00322074B1A70EAE7FFF7ADFFF8BD47
:104D700004290020F4280020C4280020F028002066
:104D800014290020C92A0020054B10B51B681B07F9
:104D900002D4FFF799FF01E0FFF736FD10BDC046D2
:104DA0000429002070B5154D2C68230723D4144A1C
:104DB000136801331360134B04221B68002B04D1CA
:104DC000FFF7FAFC002802D002220F4B0CE00F4B39
:104DD0001B68002B0CD0012122000B4B0A4002D192
:104DE0000C432C6000E003221A70FFF7C3FC04E0C0
:104DF000FFF76AFF01E0FFF707FD70BD04290020FF
:104E0000F028002014290020C92A0020F4280020BE
:104E10001E4B10B51B78022B30D0032B19D0012B61
:104E200032D108211A4A13680B4222D1142319499E
:104E30000A785A43184B8A181968D3885B1A9BB2B0
:104E4000D380002B02D1FFF715FF1DE0FFF732FDE5
:104E50001AE008210E4A13680B420AD10F4A136860
:104E600001331360FFF7A8FC002804D1FFF72CFFE3
:104E70000AE08B431360FFF7A7FD05E0084B094AE2
:104E80001B789B009B58984710BDC046CA2A00203B
:104E900004290020C428002018290020F028002020
:104EA000C92A00208463030070B5144C04252278BD
:104EB0001300AB4321D002281DD003281DD1104B75
:104EC0001B681B0717D40F490B6801330B60032BBA
:104ED00004D0022A0CD1FFF74DFC0EE014230A4A3D
:104EE0000D201178594351180431FFF74FFC2570FC
:104EF000FFF76AFD01E0FFF78BFF70BDCA2A0020B3
:104F00000429002010290020C428002010B5012207
:104F10000024164B1C705C701C71DC80DA601C6114
:104F20005C611C811C765C831A625C629C629C835F
:104F30000F4B1C80FFF70EFC802304225B051B69CE
:104F400002389BB258430B4B18600B4B20001C607F
:104F50000A4B1C601C815C81094B1C70094B1C6056
:104F6000094B1C60094B1A6010BDC046C4280020C4
:104F7000F629002008290020F0280020F828002029
:104F8000CA2A002010290020182900200429002006
:104F9000F7B504222C4B04001B680E0008201342B6
:104FA00051D00630002C4ED000294CD02368002B65
:104FB00049D080277F053A69A38892B2934201D9EC
:104FC000072040E00F2BFBD9E288002AF8D01F49C8
:104FD00053430D685B190093FFF7BCFB3B69013835
:104FE0009BB25843194B0193009B8342E8D8A38896
:104FF0009C469B07E4D1164B04201F88012F22D02A
:105000000C237B43134A2068D118985063468020B4
:10501000376075604D600B81E288400503694A8105
:1050200001690469604650439BB2C018013889B2D7
:1050300001F0C2FDA4B2604345190020019B013775
:105040001D60034B1F80FEBD04290020082900209D
:10505000F6290020F8280020104B30B51C680823E2
:10506000640719D50633002816D0002A14D0036827
:10507000002B10D10A4D2C68002C0CD02C894068D4
:10508000614309186889444368682418A14202D220
:105090001360516000E00723180030BD0429002090
:1050A000F8280020F0B504001B4885B005680820EA
:1050B0006D072ED5063000292BD0002C29D025686D
:1050C0000738002D25D1154D2E68002E21D0666899
:1050D00003962E896F896D687743BC46039F6544AC
:1050E000AF4216D2002A14D0964212D3D518AE423F
:1050F0000FDB0325093029420BD12E002B4208D1AA
:10510000374206D100930F3813000A002100FFF741
:1051100087FD05B0F0BDC04604290020F828002016
:10512000F0B504001B4885B0056808206D072ED532
:10513000063000292BD0002C29D025680738002DF7
:1051400025D1154D2E68002E21D0666803962E8934
:105150006F896D687743BC46039F6544AF4216D2A2
:10516000002A14D0964212D3D518AE420FDB032585
:10517000093029420BD12E002B4208D1374206D1EB
:1051800000930C3813000A002100FFF749FD05B019
:10519000F0BDC04604290020F8280020F0B5170013
:1051A000224A85B0126802900E009C4608245307DC
:1051B00039D50634002936D0002834D00C68002CAC
:1051C0002ED11B4D2A68002A2AD04A68688929896D
:1051D0006B684843C018824222D2002F20D0B942C7
:1051E0001ED36346F81881421ADB0321029B0B424F
:1051F00018D163460B4215D11140039112D162447C
:10520000110002983A000FF0EBFE0C233268009771
:1052100053430221ED58039A029B3000A84702E055
:10522000072400E01024200005B0F0BD0429002070
:10523000F8280020F0B51F4B85B01B6805000E0054
:1052400008245B0733D50634002830D00368073CB8
:10525000002B2CD1184B1A68002A28D01A894768CD
:10526000029258685B8953431B1803939F421ED2D6
:105270000934BB071BD1381A110001F099FC093C15
:10528000002914D10299300001F092FC89B2002962
:105290000DD1002E0BD0039AF3199A4207D30022A6
:1052A0003300009229000320FFF7BAFC040020001D
:1052B00005B0F0BD04290020F8280020F0B5274BE8
:1052C00085B01B78002B47D0254D264E2B683468BF
:1052D0005A425341DBB2009363425C41E4B2009B0B
:1052E000002B37D103A80FF092FA05280AD0002826
:1052F00004D000221100FDF7B9FE05E003982B68E9
:10530000984701E001230093002C1FD1164B03A9FD
:105310001B8801240B80154B1B68180001930FF0AC
:105320007CFA070005280BD0002805D000221100C8
:10533000FDF79CFE002403E00198336898473C0089
:10534000009B002BCED0002CC9D005E0009B002B89
:10535000C8D001E0002CD9D005B0F0BDCB2A002088
:105360002029002024290020F82900201C290020C1
:1053700070B504000720002913D08D0711D109480A
:105380000160094920000A80084A094913600FF0AA
:1053900040FA002805D10122064B16301A700FF092
:1053A00034FA70BD1C290020F8290020282900208B
:1053B0001F480300CB2A002010B50FF02CFA030081
:1053C0005A1E9341014ADBB2137010BDCB2A002054
:1053D0000E23002802D0024B1860002318007047EB
:1053E000242900200E23002802D0024B186000233D
:1053F0001800704720290020074B10B51B68002BB0
:1054000007D09847002806D000221100FDF72EFE95
:1054100001E0FFF753FF10BD28290020F0B50E78FA
:105420008FB0002E00D097E0514C02AB9A1D2100A6
:105430000823058813803431073B28000FF0F5F965
:105440004C4B1B689847B1200FF0F1F9002803D0AE
:1054500032003100FDF70AFE0FF0EBF9002803D00F
:1054600000221100FDF702FE434E70690FF0E3F9D0
:105470000196002803D000221100FDF7F7FD00235C
:105480003E4E280031000493FFF714F9051E4CD15D
:1054900008A93A48FEF7BAFE071E33D10C9D072231
:1054A0002900200010310FF09BFD29001022E01D83
:1054B0000FF096FD2000089D1122290018300FF0F2
:1054C0008FFD200029002A3012310A220FF088FDBA
:1054D00020000FF0B2F9002803D03A003900FDF7A0
:1054E000C5FD0123002404930333069305A904ABEF
:1054F000224807930594FEF743FEA04215D02200F0
:10550000210010E021003000FEF73EFE002803D00D
:105510002A002900FDF7AAFD20000FF08EF90028CF
:1055200003D000221100FDF7A1FD8021C022144B01
:10553000C90352009950196801200023114C020040
:105540009A40114200D0E2670133202BF7D1019B32
:10555000586900F04BF809E00322012100F014F82B
:10556000002803D000221100FDF780FD0FB0F0BD30
:10557000FA2900206420002000100010CC2A00200E
:1055800000E100E004E100E0F0B5060087B00E2085
:10559000002E22D03788124B06389F421DD0114B67
:1055A0001B78002B19D0104D102369706846032119
:1055B00002ACC180AA7000211A0020002B700FF0ED
:1055C0002DFD338A210023800123A3706B46380010
:1055D0000633A360E5600FF07FF907B0F0BDC04669
:1055E000FFFF0000D02A0020D12A0020F0B50300E0
:1055F000186880F308885868FF2464B2EFF30585C3
:10560000002D01D1A6460047251C061C21273FBAC4
:10561000F0B40024002500260027F0B4F92040B2A1
:105620000047C046F0BDC04670B504000D0016002E
:10563000002110220FF0F2FC054B320023612900FB
:10564000200000F0FBFA034B20001C6070BDC04638
:10565000A08601002C29002070B5054D04002B68A0
:10566000834203D0016900F0A3FA2C6070BDC046EC
:105670002C29002010B50400034B083303601C30B4
:1056800000F00CFA200010BD9863030070B505000F
:1056900004000E4B0E00083308C528001822002114
:1056A0000FF0BCFC002320003100E3612362636340
:1056B000A363E364064A23001C3000F0BFF928000E
:1056C00031000FF0ACFA200070BDC04698630300B3
:1056D0008749030010B5040000F058F8014B200082
:1056E000236010BDB0630300F7B50027040008A8CD
:1056F000C7570E48002508302060082020610C485C
:10570000261D6560A56025736561A0610097300066
:1057100000F0F2FE2B0030006269216900F072FE99
:105720003000A16900F0A6FE2000FEBDB8630300B2
:1057300040420F0070B5094D04002B6883420BD026
:10574000061D426901690023300000F05BFEA1697B
:10575000300000F08FFE2C6070BDC0463029002064
:105760004261002210B5034B01611A60FFF7E2FFAE
:1057700010BDC04630290020002210B5024B8161C7
:105780001A60FFF7D7FF10BD302900200C4B70B511
:105790000360002343608360C360036243628363EA
:1057A000962304009B01051DC363280000F03AFD09
:1057B00028002200034900F0C7FD200070BDC0464C
:1057C000D4630300CF49030010B50400044B036009
:1057D0000FF03FF9200000F01BF8200010BDC0467C
:1057E000E4630300084B10B50833036000234360F3
:1057F0008360C360040000F017F8044920610FF0D3
:105800002AFA200010BDC04604640300194B0300AF
:1058100010B50400034B083303600FF08AF9200031
:1058200010BDC04604640300004870472C640300A8
:1058300010B502480FF018FA10BDC0462C640300E2
:105840000848026803210A4302600749074A084BD7
:105850009B1A03DD043BC858D050FBDC0548804749
:105860000548004724050040B472030000200020D2
:1058700074220020D569020021810100FEE7FEE7C5
:10588000FEE7FEE7FEE7FEE770B50E000F4C0500F1
:105890002100300001F08EF8210028600023CB5653
:1058A0005A1C05D09E4201D18B6802E00C31F5E70D
:1058B0000023A0210120064AC9002B7150506A2103
:1058C0001B020B430349535070BDC04634640300B0
:1058D00000700040040500000C4B0D4A10B50D4946
:1058E0009C582140995001799C58090221439950B4
:1058F00080200122C0001A6019581142FCD1A12356
:10590000024ADB00D05880B210BDC0460070004093
:1059100004050000FF00FFFF01704B1C0AD00123AB
:105920008B404360044BC360044B0361044B4361F1
:10593000044B83607047C046080500500C050050BA
:105940001005005014050050F7B5A223A022DB007B
:10595000D205D358BE220193314B520099580029E9
:105960005DD0C12189005958002958DA0024E0256A
:10597000C0269C50ED00B6022A4BA700F85800281C
:105980004AD0294BE35C002B30D0019B0121E3403E
:105990000B4212D02300A022C133FF339B00D2055B
:1059A0009B589B039B0F032B07D0204B1B68E340A6
:1059B0000B4202D01E4B1B6817E0019B0122E34003
:1059C000134213D12300A021C133FF339B00C9052B
:1059D0005B589B039B0F032B08D1164B1B68E340BE
:1059E000134203D00221124B1B689847A023DB050A
:1059F000FB185A5932420FD059590F4A0A405A518E
:105A0000019AE240D20702D55A59324303E080217D
:105A10005A5989020A435A5101341F2CACD1F7BD9F
:105A20000060004040290020D82A0020BC29002026
:105A30003C290020C0290020FFFFFCFF30B50400F6
:105A400008004D1C1CD00F482160BE2402600020BD
:105A50000D4A640010510D4C8D002B5101240C4B4C
:105A60005C54C121802389001B065350094A0A4B0C
:105A700054582340C024240423435350402313602C
:105A800030BDC0463C290020006000404029002075
:105A9000D82A002000E100E0FFFF00FF002103689A
:105AA000014A9B00995070474029002070B5A024FE
:105AB000E0250068E40583001B19ED005E59204CC9
:105AC00034405C511F4D0124002A0ED0A14204D164
:105AD00081402A681143296015E0022913D18440CE
:105AE000194A11680C4314600DE0012904D181406A
:105AF0002A688A432A6006E0022904D184401249B8
:105B00000A68A2430A602A680121C2400A4204D1FD
:105B10000D4A1268C2400A4211D0A222A021D2002E
:105B2000C9058958F132C140FF32C90702D59958D9
:105B3000C02001E08020995880020143995070BD37
:105B4000FFFFFCFFBC290020C02900200368074A92
:105B50009950074AFC33196A002904D1013A002AF6
:105B6000F9D1012001E00020186270471C050000F7
:105B7000A186010010B50368002A03D0802202200C
:105B80009200985001221C001A62084AFC34E06816
:105B9000002804D1013A002AF9D1012005E00020B3
:105BA000A322E060D2009B580B7010BDA1860100BB
:105BB00010B50B4C02680B4BA14204DC0A49816012
:105BC000CC2149040AE0094CA14203DC0849816068
:105BD000802102E007498160CD21C904D15010BD68
:105BE0008FD0030024050000A08601007F1A060064
:105BF00090D00300801A060070B504001000A025A4
:105C0000C026C130FF30F600ED0580004651080087
:105C1000C130FF3080004651A1252068ED0042517F
:105C2000054A815019002000FFF7C2FFA02305217B
:105C30002268DB00D15070BD0C050000F8B50E00E5
:105C40001500040000F0B0FD2648F2B20378010010
:105C5000DBB2012B06D14778974203D18778E8B2AF
:105C6000874211D02048EFB20378012B05D1437849
:105C7000934202D18078B84211D00878002806D12A
:105C800001230B704A708F706373184B15E0164B2D
:105C90001978002907D1013119705A709F700223B9
:105CA0006373134B09E013480EF090FF0023FC22AE
:105CB0002360657126719362FFDE19000022FC31BA
:105CC0002360657126718A62A021C9005A500A4971
:105CD00020005A5001325A502A003100074BFFF77A
:105CE0008BFFF8BDF72A0020FB2A0020003000407F
:105CF00000400040D1700300FC0F0000A0860100AE
:105D0000036800221900FC3110B58A62A021C90085
:105D10005A5006495A5001325A50052204218256DF
:105D200041568368FFF768FF10BDC046FC0F0000B6
:105D3000036800211A00FC3210B5916001315961ED
:105D4000074B9168002904D1013B002BF9D10120B8
:105D500004E000240473FFF7D3FF200010BDC04609
:105D6000A1860100036810B51900FC318A6A002081
:105D7000012A08D1044C1C5988625A610238A407D0
:105D800001D40120404210BDC40400000261064A53
:105D900010B54260054A01738260054A190002602D
:105DA0000FF07CF810BDC0460405005010050050EF
:105DB0000007005000210C4A0300515681420BD0CD
:105DC00001215156814209D001209278404252B2BD
:105DD0009A4207D1033002E0002000E00120034B8B
:105DE000187040B27047C0464C220020FF2A0020A5
:105DF0000022134B30B59A56824209D001229A569E
:105E0000824207D002229A560221824217D102E032
:105E1000002100E001210A0045320A4C0A48FF3205
:105E200092001450012215004800441CA5408240F5
:105E3000A120064C2A43C0002250FF225A5430BDF4
:105E40004C220020031F02000060004000F00140CF
:105E50000022F8B5124F0600BA563B00114D013230
:105E600009D00122BA56013207D00222BA560220C6
:105E7000013207D102E0002000E001201E5428700A
:105E800040B20BE028780321013000F07BFF0C00CA
:105E900078562970FFF7ACFF3E5560B2F8BDC0469A
:105EA0004C220020FF2A0020012370B51E000200B2
:105EB000A0258640C132FF32ED0592005351134AAE
:105EC0000002AE50A226124A4C001043114A89002B
:105ED0008D18F600E4B2A851C046C046C0460E4830
:105EE000E20012180D482B6015500D480918915109
:105EF0000C490D485550043950501900E218914092
:105F0000A3400A4A0B4304498B5070BD0C050000A6
:105F1000030013000060004000F001401405000081
:105F200040A100401C0500004CA1004004050000F9
:105F3000A820012110B5124A124B1488C0005960E4
:105F40001C50548810481C509088A922D2009850A8
:105F50008022082092009850802009320003FF32EE
:105F600098500A4A1078A222D2009850084A108805
:105F7000084A985000221960FC331A6510BDC046CB
:105F80003E22002000A00040440500004B220020DB
:105F90003C2200204C05000070B5012545570E003D
:105FA0002800FFF707FF0400431C0ED12800FFF76D
:105FB0004FFF030051331D49FF331D4A9B0004006E
:105FC0009950C1B22800FFF76FFF1A4BA200D650BC
:105FD0003200194B64001B78043BDA40174BE25245
:105FE000002E03D0164B1B689E420ED32800FFF7ED
:105FF000FFFE0123A022AB40D205002E02D0A1213A
:10600000C90000E00F4953500EE072B600210E4A5D
:10601000074B11658021C1220903920099500B4959
:10602000053AFF3A995062B670BDC046FFFF0000C6
:1060300000A00040C42900204B2200203E22002066
:10604000682000200C050000FCA0004008080000AB
:10605000F8B5254B06001A780D00002A28D1012139
:10606000224B234859601A5019502248C2271A500F
:1060700004301A50204ABF001078A222D200985053
:1060800080220820920098501C4A10881C4A985080
:106090001C48C259944664461B4A22408024E403AB
:1060A0002243C2518022D200026019600E4B197047
:1060B0002800FFF77FFE0400431C0ED12800FFF7E5
:1060C000C7FE030051331149FF33084A9B00040007
:1060D0009950C1B22800FFF7E7FE757034703000A8
:1060E0000021FFF759FFF8BD002B002000A0004061
:1060F000FC0F0000040500004B2200203C22002081
:106100004C05000000E100E0FFFF00FFFFFF000082
:10611000084B70B50D1C0400186801F06FFE291CB7
:1061200001F068FB01F000FE01002000FFF734FFE2
:1061300070BDC04668200020F0B5254B85B01F68B3
:106140000D001A008F4240D0802104234902A94249
:106150000ED3092B39DC15602A001E4903AE0B70E3
:10616000043BDA401C4B00241A80FF23337007E005
:10617000132B2AD049000133E9E70134032C24D042
:10618000164B6200D25A164B9A42F6D0154BA2001B
:10619000E35C7370144BD05801F030FE009028007F
:1061A00001F0E4FD0190380001F028FE011C019887
:1061B00001F056F9011C009801F01CFB00F0C6FE2E
:1061C00001003000FFF7E8FED7E705B0F0BDC0469C
:1061D000682000204B2200203C2200203E2200208C
:1061E000FFFF00004C220020C4290020012310B52D
:1061F0000A4ADC00A4588C4207DD013BDB00D318BF
:106200005A680168064BCA5007E00133112BF0D1E0
:1062100080210268024B4905D15010BD88640300FB
:1062200024050000F8B50F000121254BB94003609B
:10623000A023244CDB0516001A5905000A438021CF
:106240001A511A5909060A430121B1401A511A5923
:106250008A4396211A511A598901520052081A513B
:10626000FFF7C4FF002204202B6817495A506C39ED
:1062700058500121996019601900FC31CA60134916
:106280005A506A6014391F325A5011495F50091828
:106290005A501E517B1C03D0032138000EF0DCFD48
:1062A000731C03D0032130000EF0D6FD0122094BF0
:1062B00029001A60084807320EF092FEF8BDC04669
:1062C00000200040140500006C0500001C050000C3
:1062D0000C050000D0290020082B0020962310B5C3
:1062E000DB00994202DDFFF781FF04E09E21026896
:1062F000014BC902D15010BD24050000C1230E4A34
:106300009B00D15810B5090603D50C49096A00292C
:1063100008D1D3585B070DD5084B0021DB68002B53
:1063200001D107E00121064B1868002802D0054B77
:106330001B68984710BDC04600200040FC2000406C
:10634000D4290020D8290020034B19604368034951
:106350009B005A507047C046D8290020D4290020FD
:1063600000681E4B30B5C3185C4263415B00002AD5
:106370001AD0002903D0012905D1802100E0042191
:10638000C12292008150FF20C024DD00A8401449A2
:10639000A4000A5982431000C022AA4002430A51B5
:1063A00001229A400A6018E0002908D0012914D17E
:1063B000C2228024920084508258920806E0C222B1
:1063C00004219200815082580339D209914304D0AC
:1063D00001229A401300034AD36730BD00E0FFBF9B
:1063E00000E100E004E100E003681A00FC32106AFA
:1063F0000128FCD100201062014AC9B299507047AF
:106400001C05000070B51D00A02304001600DB0071
:10641000002D03D000224068C25001E00268D55030
:10642000082902D010480EF0D1FB032E0AD8300004
:1064300000F02EFB0B020406022307E0042305E014
:10644000062303E009480EF0C1FB0023A022084800
:10645000D200002D03D061680B50022302E02168B6
:106460000B5001238B5070BDE2700300FB700300E2
:1064700054050000036810B55A1C2ED0A02200203D
:10648000164CD20098501000154AA14202DC80211F
:1064900089041FE0134CA14202DC8021C90419E0E9
:1064A000114CA14202DC8021090513E00F4CA142EE
:1064B00002DC802149050DE00D4CA14202DC802167
:1064C000890507E00B4CA14202DC8021C90501E0EF
:1064D00080210906995001221A5010BD8FD0030067
:1064E000240500001FA107003F420F007F841E000B
:1064F000FF083D00FF117A00F7B5009308AB1B7849
:1065000005005BB20F0016000193013329D1624BE5
:106510001A78022A10D15978FAB291420CD199789E
:10652000F2B2914208D1DA786B461B789A4203D1D5
:1065300001235A4C03723BE0594A1378DBB2022B19
:106540000FD15078F9B288420BD19078F1B28842DD
:1065500007D1D1786A461278914202D12B72514C00
:1065600026E04F4B1A78002A0BD10232F9B21A708A
:106570005970F1B29970694609782A72D970494CFC
:1065800013E0454B1A78002A0CD102321A70FAB285
:106590005A70F2B29A706A461278404CDA7001234F
:1065A0002B7202E040480EF011FB019B01332ED10B
:1065B0000123002201205B426B6039003B4B2C60C1
:1065C000E250E050A023C131FF31DB058900C85003
:1065D000374967500099C131FF318900C850A12166
:1065E0000098C90060503100C131FF318900CA50A4
:1065F000A223DB00E650FC342800E26013000821EF
:10660000FFF700FF2B492800FFF734FF42E001238A
:1066100000225B422B60254B6C60E2500123234932
:1066200038006350A021C130FF30C90580004250BE
:106630003000C130FF30800042500098C130FF3040
:10664000800042500198C130FF3080004250A221AA
:10665000C9006750164900986650043960501649C1
:10666000019860502100FC318A60CA62A721C900EC
:10667000635010316350114811496050114912485C
:1066800060508021042089006050F939FF392800CA
:10669000FFF7B8FEF7BDC046F72A002000300040E3
:1066A000FB2A0020004000400C710300FC0F00009A
:1066B0000C05000040420F0014050000022B0020D2
:1066C0004405000034050000012B002003681A0077
:1066D000FC32D0680028FCD105481950D168012946
:1066E000FCD10021D160A322D20098587047C04647
:1066F0001C050000A023F0B5284FDB00FA5885B038
:1067000001920022A024FA50E023254AE405DB0090
:10671000E658E2507833E15801250291E250A12376
:106720008022DB00D205E2500420E5500EF0F5FB9C
:10673000A222D200A35803979B0F2B4205D0A35847
:1067400013242B4202D0012018E01324A025012796
:10675000ED05013C002C10D0124B0420EF500EF040
:10676000DCFBA123DB00EF5004200EF0D6FBA223BC
:10677000DB00EB585B00ECD5E5E72000A023E0222E
:106780000299DB05D2009E5078329950A023039ADB
:106790000199DB00D15005B0F0BDC046004000407B
:1067A0000D0600000C050000A023E021134ADB05C4
:1067B000C90010B55A5078315A50114B00221900B7
:1067C000FC31CA600A62A1211E20C9005A500D4A3C
:1067D0000D4C9850CC200D4A40049850A2200C4AF1
:1067E000C00014500B4C0C48145001205050A022F3
:1067F0000521D2009950FFF77DFF10BD0C06000067
:10680000004000400C050000384100402405000015
:1068100000F001401C4000401405000001230E4A16
:1068200010B5936480230D499B00CB670C4914007D
:10683000086D0C4A002804D0002008651168013159
:10684000116009490B60A923DB001068E358010CB3
:106850009BB20004184310BD0090004004E100E02A
:10686000FC900040E029002000E100E0F8B50F4C6A
:10687000636C002B0FD000270D4E67643378BB424A
:1068800009D00C4B1D68FFF7C9FF2D1ABD4202DC71
:106890003770FEF7CDFF236D002B06D0064A136834
:1068A000013313600022014B1A65F8BDFC900040D3
:1068B000042B0020DC290020E02900201B4970B5B2
:1068C0000C78002C30D10120194B1A4A58605460C2
:1068D0008024E405206050680028FCD000220124B8
:1068E000042515481A500C30DC601D5008381A5029
:1068F0001248C2251A50C1228020920000039850ED
:106900008020400298500E48AD0046590D4A324052
:10691000C0263602324342518022893D9200FF3D1B
:10692000425102601C600C7070BDC046032B0020F9
:1069300000900040FC000040040500004C050000F1
:1069400000E100E0FF00FFFF044B10B51B78002BB7
:1069500001D1FFF7B3FFFFF761FF10BD032B00204C
:10696000104B70B51B780400002B01D1FFF7A6FF78
:106970000D4D0E4E2B78002B02D033689C4210D068
:10698000FFF74CFF201A0A2803DCFFF747FF0A3005
:10699000040001232B70A823054A3460DB00A4B255
:1069A000D45070BD032B0020042B0020DC290020D4
:1069B0000090004010B50400431C07D00EF0C6FA4A
:1069C0000400431C02D102480EF000F9200010BD63
:1069D0003F710300234A10B513781100012B19D120
:1069E000214B1B681B0715D1204BE0241A68F023AC
:1069F0001000184022420BD11D4A12681A4209D1D8
:106A00001C4A1D4B1A6080221C4B12021A6001E0C6
:106A10003028F1D00B68DBB2012B0DD1124A12687D
:106A2000120709D1F021114A12680A40402A03D105
:106A30000F4A12680A420DD08022A3230021D205FA
:106A4000DB00D1500E4B9960013191609A68002AA9
:106A5000FCD005E0C1228021D200C9058B50EBE7B4
:106A600010BDC046E00F00F0E40F00F0E80F00F0AA
:106A7000EC0F00F0DFFF07C004050040186C004079
:106A8000FC000040014B18687047C046E429002014
:106A900002B4714649084900095C49008E4402BCB1
:106AA0007047C046002243088B4274D303098B42CF
:106AB0005FD3030A8B4244D3030B8B4228D3030CCE
:106AC0008B420DD3FF22090212BA030C8B4202D370
:106AD0001212090265D0030B8B4219D300E0090A98
:106AE000C30B8B4201D3CB03C01A5241830B8B42A1
:106AF00001D38B03C01A5241430B8B4201D34B038A
:106B0000C01A5241030B8B4201D30B03C01A5241EE
:106B1000C30A8B4201D3CB02C01A5241830A8B4273
:106B200001D38B02C01A5241430A8B4201D34B025C
:106B3000C01A5241030A8B4201D30B02C01A5241C0
:106B4000CDD2C3098B4201D3CB01C01A5241830974
:106B50008B4201D38B01C01A524143098B4201D3AE
:106B60004B01C01A524103098B4201D30B01C01AD9
:106B70005241C3088B4201D3CB00C01A5241830853
:106B80008B4201D38B00C01A524143088B4201D380
:106B90004B00C01A5241411A00D2014652411046E0
:106BA0007047FFE701B5002000F0F0F802BDC046D5
:106BB0000029F7D076E7704703460B437FD40022C5
:106BC00043088B4274D303098B425FD3030A8B4281
:106BD00044D3030B8B4228D3030C8B420DD3FF22EB
:106BE000090212BA030C8B4202D31212090265D0B9
:106BF000030B8B4219D300E0090AC30B8B4201D36C
:106C0000CB03C01A5241830B8B4201D38B03C01AB2
:106C10005241430B8B4201D34B03C01A5241030B29
:106C20008B4201D30B03C01A5241C30A8B4201D3DA
:106C3000CB02C01A5241830A8B4201D38B02C01A85
:106C40005241430A8B4201D34B02C01A5241030AFC
:106C50008B4201D30B02C01A5241CDD2C3098B42E1
:106C600001D3CB01C01A524183098B4201D38B015E
:106C7000C01A524143098B4201D34B01C01A524101
:106C800003098B4201D30B01C01A5241C3088B4246
:106C900001D3CB00C01A524183088B4201D38B0031
:106CA000C01A524143088B4201D34B00C01A5241D3
:106CB000411A00D201465241104670475DE0CA0FAA
:106CC00000D04942031000D34042534000229C466A
:106CD00003098B422DD3030A8B4212D3FC22890174
:106CE00012BA030A8B420CD3890192118B4208D34A
:106CF000890192118B4204D389013AD0921100E0AC
:106D00008909C3098B4201D3CB01C01A52418309BF
:106D10008B4201D38B01C01A524143098B4201D3EC
:106D20004B01C01A524103098B4201D30B01C01A17
:106D30005241C3088B4201D3CB00C01A5241830891
:106D40008B4201D38B00C01A5241D9D243088B42E7
:106D500001D34B00C01A5241411A00D2014663468A
:106D600052415B10104601D34042002B00D54942EE
:106D7000704763465B1000D3404201B5002000F02D
:106D800005F802BD0029F8D016E770477047C046E5
:106D90008446101C62468C46191C634600E0C046BF
:106DA0001FB501F04FFF002801D40021C8421FBDCC
:106DB00010B501F0A3FE4042013010BD10B501F046
:106DC00041FF002801DB002010BD012010BDC0469E
:106DD00010B501F037FF002801DD002010BD0120B3
:106DE00010BDC04610B501F0C9FE002801DC00202E
:106DF00010BD012010BDC04610B501F0BFFE002837
:106E000001DA002010BD012010BDC0468446081CD8
:106E10006146FFE71FB500F0A9FC002801D400215E
:106E2000C8421FBD10B500F035FC4042013010BD16
:106E300010B500F09BFC002801DB002010BD0120F4
:106E400010BDC04610B500F091FC002801DD002007
:106E500010BD012010BDC04610B500F043FC002855
:106E600001DC002010BD012010BDC04610B500F0AF
:106E700039FC002801DA002010BD012010BDC046F9
:106E8000002B11D1002A0FD1002900D1002802D0F7
:106E90000021C943081C07B4024802A1401802900F
:106EA00003BDC046E9FEFFFF03B4684601B5029882
:106EB00000F0A0F8019B9E4602B00CBC7047C04693
:106EC0001300F0B545464E4657469146D2179B18DB
:106ED0005340E0B404000D009846DB0730D50600AF
:106EE0000F0001239A4643465B08984618D02200BB
:106EF0002B002000290001F00FFF534642460400FA
:106F00000D001342EFD00B0002003900300001F0F9
:106F100003FF43465B0806000F009846002BE6D1AE
:106F20004B4630003900002B05DA32003B000020D0
:106F3000054901F0CDFA1CBC90469946A246F0BD29
:106F40000026014FCDE7C0460000F03F9E2110B55E
:106F5000C905041CFFF78AFF002803D1201C00F09C
:106F6000E3FE10BD9E21201CC90500F057FD00F076
:106F7000DBFE80231B069C466044F2E770B50022CE
:106F80000C4B04000D00FFF737FF002804D1200050
:106F9000290002F0AFFC70BD064B00222000290042
:106FA00002F034F902F0A6FC80231B069C466044E4
:106FB000F1E7C0460000E04170B500220B4B0D0028
:106FC000040001F0A9FEFFF7D9FF060002F00AFD58
:106FD0000022074B01F0A0FE02000B002000290058
:106FE00002F014F9FFF7CAFF310070BD0000F03D58
:106FF0000000F041F0B54D46564644465F46F0B4B9
:10700000924683B004000D0099468B422FD82CD0B5
:107010004946504602F01CFE29000600200002F0FE
:1070200017FE331A9846203B9B4600D574E0534622
:107030005A4693401F005346424693401E00AF42BB
:1070400029D826D05B46A41BBD41002B00DA79E08D
:10705000002200230092019301235A46934001939A
:10706000012342469340009319E08242D0D9002286
:107070000023009201930C9B002B01D01C605D60EB
:107080000098019903B03CBC90469946A246AB4695
:10709000F0BDA342D6D900220023009201934346BB
:1070A000002BE8D0FB0772081A4346467B080EE027
:1070B000AB4201D1A2420CD8A41A9D41012024194F
:1070C0006D410021013E24184D41002E06D0AB42F7
:1070D000EED9013E24196D41002EF8D15B4600988F
:1070E000019900196941002B22DB2B005A46D3403D
:1070F0002A004446E2401C005B461500002B2CDBB6
:1071000026009E40330026004746BE403200801ACB
:10711000994100900191AEE7424620239B1A5246C6
:10712000DA40414613004A468A4017001F4382E76F
:10713000424620239B1A2A0046469A402300F340E9
:107140001343D5E74246202300219B1A00220091D9
:1071500001920122DA40019282E742462023260072
:107160009B1ADE402F00B446974066463B003343EF
:10717000C9E7C046F8B54A02430244004E00C50FB5
:10718000240E28009B09360EC90F92098D4259D052
:10719000A01B002800DC8DE0002E1AD1002A00D0B0
:1071A00079E05A0704D00F221A40042A00D0043391
:1071B0005A0138D50134FF2C00D189E028009B0109
:1071C0005B0AE4B25B02E4055B0A2343C007184391
:1071D000F8BDFF2CE5D08021C9040A431B2800DD3F
:1071E00089E016002021C640081A8240511E8A41BB
:1071F00032439B1A5A0114D59B019E09300002F0BC
:1072000009FD05388640844265DC041B33002020DC
:107210000134E340041BA640721E96410024334310
:10722000BFE75A07BFD1DF082800FF2C2FD1002F5E
:1072300000D187E08022D20313003B435B025B0A4C
:10724000FF24BFE7A11B002949DD002E29D0FF2C18
:10725000A7D08026F60432431B2900DD8DE01700FD
:107260002026CF40711A8A40511E8A413A439B180A
:107270005A01D6D50134FF2C64D0012276491A4038
:107280005B080B4013438CE7031ECAD100207B022E
:107290005B0AE4B296E701380028AAD0FF2C9DD102
:1072A0007FE7002A00D17CE701390029DFD0FF2CDD
:1072B000D2D176E7002820D1601CC0B2012853DD6E
:1072C00080279E1AFF0437402FD0D61A0D0095E76D
:1072D0002800002376E7614B241A334061E7002938
:1072E0004DD1611CCEB2012E2FDDFF292AD09B1873
:1072F0005B080C0055E701227BE7002C1BD1002B1B
:107300005BD0C04300280CD0FF2E7ED01B2800DDB0
:1073100092E01D002024C540201A8340581E83415E
:107320002B43D31A34000D0064E7002E00D065E72C
:1073300000200024ABE7FF2E67D08024E404404205
:107340002343E3E7FF2400233CE7002C61D1002B1B
:107350007ED0002A00D124E79B185A0100D460E7B0
:107360003E4A0C0013401CE7002C1ED1002B2FD1ED
:10737000002A66D013000D0013E7012277E7002CE6
:107380001FD1002B5AD0C94300290BD0FF2E50D05B
:107390001B295FDC1F002024CF40611A8B40591E3F
:1073A0008B413B439B18340062E7002B1CD1002A21
:1073B0004AD013000D00FF24F3E6130034000D0043
:1073C000EFE6FF2E35D08024E40449422343DFE773
:1073D000002A00D1E5E68027981AFF04074000D173
:1073E00052E7D31A0D00DCE6FF24002A00D1D8E6CC
:1073F0008020DB08C003034204D0D208024201D13E
:1074000013000D00DB00FF24CBE61300FF240D006A
:10741000C7E6002B0DD0FF24002A00D1C1E6802151
:10742000DB08C9030B42EDD0D2080A42EAD11300AF
:10743000E8E71300FF24B4E6012372E713003400E9
:10744000AFE60027002022E780270020FF03F1E6B7
:107450001300A6E60123A5E7FFFFFF7DFFFFFFFB6B
:10746000F0B5564644465F464D46F0B444024600E9
:10747000C70F83B08846650A360EBA463DD0FF2E48
:1074800022D00023EC00802599469B46ED0425433D
:107490007F3E43465C025800DB0F640A000E9846AC
:1074A00036D0FF2830D080230021E400DB041C43C9
:1074B0007F38301A0190484642460843724E800099
:1074C00030587A4013008746002D44D1082399464E
:1074D000063B9B46DDE70122FF2000241A406402A0
:1074E000C305640AD2071C431443200003B03CBC0C
:1074F00090469946A246AB46F0BD002D20D104230C
:107500009946033B9B46C4E7002C17D1022102E0B9
:10751000002C0AD10121321A01924A4643460A43FD
:107520005A48920082587B409746200002F072FB36
:10753000431F76309C4040420021BAE70321B8E760
:10754000280002F067FB431F9D400023763046422F
:1075500099469B469DE70C239946093B9B4698E735
:1075600080240022E403FF20B9E70024C2468B46B2
:107570005A465346022AAED0032A7DD0012A31D181
:10758000012200201A400024A9E70122101A1B281A
:1075900056DD1A4000200024A1E78023DB031D42B2
:1075A0004BD18023DB032B435C02640A3A00FF20AB
:1075B00095E76D016001854230D2019A0024013ABD
:1075C00001921B220127290064006D00002901DBC4
:1075D000A84201D82D1A3C43013A002AF3D16A1E71
:1075E00095412C4301987F300028CEDD620704D0FE
:1075F0000F222240042A00D00434220103D5244A59
:10760000019814408030FE2800DD64E70122A401C7
:10761000640AC0B21A4062E72C00A9E72D1A1A22A8
:107620000124CFE76B02BCD500248023DB031C437D
:107630006402640A4246FF2051E71C42B3D1F4E7DA
:1076400021002022C140101A8440621E94410C4344
:10765000620704D00F222240042A00D004346201C1
:1076600004D5012201201A40002438E70122A40198
:10767000640A1A40002032E78023DB031C436402C3
:10768000640A5246FF202AE7106503005065030094
:10769000FFFFFFF7430270B542004C005D0AC30FC5
:1076A0004802120E460A240EC90FFF2A0FD0FF2CE3
:1076B00011D00120A24200D070BDB542FCD18B4256
:1076C0000DD0002AF8D12800431E9841F4E701208C
:1076D000002DF1D1EBE70120002EEDD1E9E70020EC
:1076E000EAE7C0464302F0B542005D0AC30F480214
:1076F000440A4800120E000EC90FFF2A1FD0FF28AF
:1077000022D0002A09D16E426E4100280FD1002CF0
:107710000DD10020002D09D005E0002801D1002C5A
:1077200001D08B4213D0584201231843F0BD002EE4
:10773000F7D048424141012049420843F6E7002D75
:10774000DDD002204042F1E7002CDAD0F9E7824296
:10775000E9DC04DBA542E6D80020A542E6D2584287
:10776000434101205B421843E0E7C0464302F0B5C5
:1077700042004C005E0AC30F4802120E450A240E56
:10778000C90FFF2A17D0FF2C19D0002A0BD1704245
:107790007041002C17D0002807D0484241410120F9
:1077A00049420843F0BD002C13D08B4214D05842FC
:1077B00001231843F6E70220002EF3D1E3E702206D
:1077C000002DEFD1E1E7002DE5D10020002EE9D01A
:1077D000EDE7002DE9D1EAE7A242E8DC04DBAE42A6
:1077E000E5D80020AE42DDD25842434101205B4241
:1077F0001843D7E7F0B557464E4645464300E0B438
:1078000046028846760A1F0EC40F002F47D0FF2F6E
:1078100025D0002380259A469946F600ED042E4394
:107820007F3F434642465D02D20F5B006D0A1B0E4E
:10783000904640D0FF2B39D080220020ED00D204AA
:1078400015437F3BFB1842465746591C62408C4605
:1078500007430F2F5CD86F49BF00C9598F46002ED0
:1078600045D108239A46063B9946DAE74246022864
:107870002DD0032800D1C3E0012800D0A2E00025CC
:1078800000260240D4B27602ED05760A2E43E407C4
:10789000264330001CBC90469946A246F0BD002EFF
:1078A0001AD104239A46033B9946BAE72A00511E8F
:1078B0008A41901CC6E70120002DC3D0280002F0A9
:1078C000A9F9431F76309D4043420020BAE70124C6
:1078D000FF2514400026D6E7300002F09BF9431F35
:1078E0009E400023763047429A46994699E70C23FA
:1078F0009A46093B994694E780260024F603FF2523
:10790000C1E735004846B2E7350022004846AEE7F9
:107910002904090C0800370C3604360C2C0C79436A
:10792000704367437443060C64183619B14203D997
:1079300080214902884647440004000C310409189C
:107940008D01681E8541890E2943350CED19AD0165
:107950000D43290104D5012369081D4063460D43E9
:1079600019007F31002925DD680704D00F20284049
:10797000042800D00435280103D5274980330D4061
:107980001900FE29A3DC0124AD016E0A1440CDB21A
:1079900079E78020C003064207D0054205D128437D
:1079A0004602760A4446FF256DE706437602760ACC
:1079B000FF2568E70124611A1B2905DD1440002515
:1079C000002660E76346CBE72E002023CE40591AFD
:1079D0008D406B1E9D412E43730704D00F2333400F
:1079E000042B00D00436730104D501240125144072
:1079F000002648E70124B601760A1440002542E734
:107A000080260124F6032E437602760A1440FF25D1
:107A100039E7C04690650300FFFFFFF7F8B54A025B
:107A20004E0043024400240EC50F9B09360EC90FB9
:107A30009209FF2E00D183E001204140A01BA94202
:107A40005CD0002800DC95E0002E1CD1002A00D07C
:107A500081E05A0704D00F221A40042A00D00433D0
:107A60005A013BD50134FF2C00D191E001209B014C
:107A70005B0AE4B205405B02E4055B0AED072343C1
:107A80002B431800F8BDFF2CE3D08021C9040A4322
:107A90001B2800DD90E016002021C640081A824015
:107AA000511E8A4132439B1A5A0115D59B019E09EA
:107AB000300002F0AFF80538864084426CDC041BCD
:107AC000330020200134E340041BA640721E96417F
:107AD00000243343BDE70D005A07BCD1DF08012362
:107AE0001D40FF2C33D1002F00D190E08022D20323
:107AF00013003B435B025B0AFF24BCE700284FDD19
:107B0000002E2ED0FF2CA4D08025ED042A431B2864
:107B100000DD97E016002025C640281A8240501E3E
:107B2000824132439B185A01D5D50134FF2C6DD0C8
:107B300001227B481A405B08034013430D0088E78D
:107B4000002A00D07AE777E7031EC5D100257B0223
:107B50005B0AE4B28FE701380028A4D0FF2C97D14C
:107B600077E7002A00D174E701380028DAD0FF2C2B
:107B7000CDD16EE7002821D1601CC0B2012858DDAC
:107B800080279E1AFF0437402FD0D61A0D008FE7AA
:107B900001231D4000236EE7624B241A334058E74F
:107BA000002851D1601CC6B2012E33DDFF282DD034
:107BB0009B185B0804004CE7012274E7002C1AD0E4
:107BC000FF2E1FD08024E404404223431B2800DD05
:107BD00096E01D002024C540201A8340581E834192
:107BE0002B43D31A34000D005EE7002E00D05FE770
:107BF00000250024ABE7002B44D0C0430028F0D080
:107C0000FF2EE3D11300FF240D0022E70D00FF2417
:107C1000002330E7002C5DD1002B7DD0002A00D15D
:107C200017E79B185A0100D456E73E4A0400134058
:107C30000FE7002C1ED1002B2FD1002A65D0130096
:107C40000D0006E701226DE7002C1FD1002B59D053
:107C5000C04300280BD0FF2E4FD01B285EDC1D0038
:107C60002024C540201A8340581E83412B439B1873
:107C7000340058E7002B1CD1002A49D013000D0016
:107C8000FF24E6E6130034000D00E2E6FF2E34D0B8
:107C90008024E40440422343DFE7002A00D1D8E6F1
:107CA0008027981AFF04074000D14DE7D31A0D0032
:107CB000CFE6FF24002A00D1CBE68020DB08C003FA
:107CC000034204D0D208024201D113000D00DB00B0
:107CD000FF24BEE6002B10D0FF24002A00D1B8E616
:107CE0008020DB08C003034203D0D208024200D147
:107CF0001300DB000D00FF24ABE61300FF24A8E611
:107D000001236EE713003400A3E6002700251EE7D9
:107D100080270025FF03E9E613009AE60123A6E782
:107D2000FFFFFF7DFFFFFFFB4302590A4300C20F25
:107D30001B0E00207E2B0EDD9D2B0DDC8020000411
:107D40000143952B0BDC9620C31AD9400B005842F7
:107D5000002A00D118007047034BD018FBE7963B70
:107D600099400B00F3E7C046FFFFFF7F70B5002886
:107D700030D0C317C5185D40C40F280001F04AFF7A
:107D80009E231B1A962B0DDC9622D21A95406A026E
:107D9000520AD8B25202C005520AE40702432243F3
:107DA000100070BD992B19DC9922D21A9540124A05
:107DB0002A40690704D00F210D40042D00D0043261
:107DC000510103D50C4B1A409F231B1A9201520AF2
:107DD000D8B2DFE7002400200022DBE705222E00D6
:107DE000121AB921D6402A00C91A8A40551EAA4142
:107DF00035001543DBE7C046FFFFFFFB70B5041EEF
:107E000028D001F007FF9E231B1A962B0ADC96222E
:107E1000D21A94406202520AD8B25202520AC005E3
:107E2000104370BD992B18DC9922D21A9440114A44
:107E30002240610704D00F210C40042C00D00432F2
:107E4000510103D50B4B1A409F231B1A9201520A72
:107E5000D8B2E2E700200022DFE705222500121A4F
:107E6000B921D5402200C91A8A40541EA2412C00D3
:107E70001443DCE7FFFFFFFBF8B556465F464D466F
:107E80004446F0B40F00FD0FAA4609037C002E0003
:107E90005F00450F490A7F0D2943C5001803BC4602
:107EA000400A570F640DDB0F3843D2009A4500D1CA
:107EB000AAE06646A61B002E00DCFFE06346002B0E
:107EC00039D10300134300D0D9E06B0709D00F2349
:107ED0002B40042B05D02B1DAB42AD416D424919FF
:107EE0001D000B0200D482E0CA4B01349C4200D139
:107EF000FEE00A005646C84BED081A4050076405DC
:107F000052020543120B640D002112030B0D1B05D9
:107F10006405120B1A436308C04CF60714401C4357
:107F2000640064083443280021003CBC9046994614
:107F3000A246AB46F8BDB74B9C42C6D080231B047B
:107F40001843382E00DDEBE01F2E00DD1EE120235C
:107F50009B1B9C4603006746BB4098461300474660
:107F6000F3403B436746BA40571EBA4113430200F1
:107F7000F240EB1A9D42B6411D008A1A7642911BCF
:107F80000B0231D54A02560A002E00D1B4E030006F
:107F900001F040FE0300083B1F2B00DDB5E020226E
:107FA0002900D21AD1409E400A009D4032439C4293
:107FB00000DDB1E01C1B631C1F2B00DDD5E0202180
:107FC00014002800C91A8C40D8408D400443DA4080
:107FD000681E854111002543002476E74146314360
:107FE00000D134E2310045466B0700D06FE75646BA
:107FF0004807ED08C9080543864B9C4235D00A0363
:108000006405120B640D7FE76346E31A9B46002B61
:1080100000DC8BE06746002F3CD07E4FBC4200D195
:1080200053E780273F0438435B46382B00DCF7E0FA
:108030000243501E82410020D2B253194218AB4273
:1080400089411D00494289180B02CDD5714B01347D
:108050009C4200D13DE101206F4A6B080A40284054
:108060001843D507054351082FE72B000B4300D1D8
:10807000CBE180231B030B431A03120B44E7013EA1
:10808000002E6DD1AE1AB5429B41091A5B42C91A46
:10809000350075E70700174300D116E701235B425F
:1080A0009C46E3445B46002B00D0E0E0AA18AA42BD
:1080B0009B4109185B4259181500C5E7002E75D180
:1080C000661C7605760D012E00DCF3E0AE1AB04694
:1080D0004545BF410E1A7F42F61B370200D48FE0A0
:1080E000551BAA42B641411A76428E1B9A464BE76F
:1080F00056460022002507E7280001F08BFD2030BE
:108100000300083B1F2B00DC49E72A002838824087
:1081100000259C4200DC4DE73F49E41A1140D4E6BB
:108120000243501E8241D3B2002222E7002B00D02E
:10813000F3E0631C9C465B055B0D012B00DC9FE0BC
:10814000344B9C4500D1C3E0AA180918AA428041CB
:1081500040424118CD075208154349086446B4E629
:108160002C4B9C4200D0ECE6AFE611001F3CE140F6
:108170000C00202B00D17FE04021CB1A9A40154300
:108180006A1E95410021254300242DE73300070096
:10819000203BDF403B00202E70D04027BE1BB0406C
:1081A0000243501E824113430022E2E6002C4FD0CE
:1081B000184CA44500D1ABE080242404764221432E
:1081C000382E00DDDFE01F2E00DD43E12027BC1B41
:1081D000A1460C004F46BC40A0462C004746F44048
:1081E0003C434F46BD406F1EBD41F1402C43151B23
:1081F000AA429241411A5242891A64469A46BFE6FF
:1082000041464546314300D0BEE600260024002505
:10821000F2E6C046FF070000FFFF7FFFFFFF0F8071
:108220001F2B59DC2027FF1ABC46070063469F40DE
:108230005B46B9461700DF40B8464F4643461F43EA
:1082400063469A40531E9A415B463A43D840F4E64F
:108250000C002C435CD0F643002E55D1551BAA428E
:10826000A441411A6442091B9A46644688E6964F27
:10827000BC4200D0D8E628E6002280E700208FE745
:108280000B002B43002C00D0C2E0002B00D101E1F9
:108290000300134300D118E6AB18AB42B6410918EE
:1082A000764271180A0200D409E1884A1D00114083
:1082B00064460AE6002C5BD10E002E4300D08AE013
:1082C0000100114300D1C2E0010015009A46FCE50F
:1082D0006446002100258FE620235B429C46DC4457
:1082E00063460700DF405B46BC46202B00D1ACE074
:1082F00040235F46DB1B98400243501E8241634689
:1083000013431A00002098E66F4CA44500D057E7AD
:108310000100150064469A46D7E5002C39D10C00BF
:108320002C436ED0DB43002B1AD0674CA44568D099
:10833000382B00DDA4E01F2B00DDAEE020240F0071
:10834000E41AA740B9462F00DF40B846A3464F467F
:10835000444627435C46A5406C1EA541D9403D4399
:10836000AD1895429B4109185B42591864466BE66B
:108370000C002C4315D1010011437BD001001500E6
:108380009A46514CA1E50D43691E8D410021ECB286
:108390002DE74D4CA44534D0802424045B42214376
:1083A000C6E7040014434ED0ED084C072C4380254B
:1083B000C9082D03294208D0C6082E4205D1D2088B
:1083C000410711430C009A463100620FC900E500D5
:1083D00011433D4C79E50600164300D175E5AE1A10
:1083E000B0464545BF410E1A7F42F61B370200D406
:1083F000F4E5551BAA42B641411A7642891B9A46BA
:1084000063E50100150064465FE5002200257BE579
:10841000002B3BD00300134315D0ED084B072B4333
:108420008025C9082D03294207D0C4082C4204D155
:1084300041070B002100D2081343C9005A0F114312
:10844000DD00214C41E5204C3FE5002054E70026AB
:108450000025D1E534000F00203CE7403C00202EF1
:108460002BD04027BE1BB1400D43691E8D4100211A
:108470002C43BCE6802100260903134C0025BBE5F4
:108480000D43691E8D410021EDB269E70100150021
:108490000D4C1AE50100150017E51C000F00203CEB
:1084A000E7403C00202B0CD04027FB1A99400D439D
:1084B000691E8D410021254352E70021D4E71D00AC
:1084C00092E50021F3E7C046FF070000FFFF7FFFB2
:1084D000F0B556464D4644465F46F0B41D000E03C7
:1084E0004C00CB0F87B0070092468146360B640DD7
:1084F00098466AD06D4B9C4235D08022430F1204BF
:108500001343F6001E43C3009946694B00279C465F
:108510000023644402932B0368001B0BED0F5146AC
:108520009B46400D009500D178E0604B98426CD09E
:108530005B46DA004B0F802109040B4313439B4633
:108540005346D9005A4B9C46002360444246201AA9
:108550006A40924601901F430F2F00D9B0E0554862
:10856000BF00C0598746374300D088E000239946B2
:108570000233082700260293CDE74346B346494617
:108580000093029B009A9246022B00D0BFE100218B
:1085900053460122002689461A40444B00213603E7
:1085A0000C0D2405360B2643434C1B0526401E4369
:1085B0007600D207760816434846310007B03CBC27
:1085C00090469946A246AB46F0BD330003434FD0D8
:1085D000002E00D1BCE1300001F01CFB03000B3B7E
:1085E0001C2B00DDADE11D220100D31A08393A0031
:1085F0008F408E40DA40B9461643304B00279C46E8
:10860000002360444442029385E753465A4613438D
:108610002CD1002300219B46023397E70B4320D047
:108620005B46002B00D19EE1584601F0F3FA0300AF
:108630000B3B1C2B00DD8FE102005946083A9140AC
:108640008B461D21CB1A5146D9400B0059460B438E
:1086500051469B469140194B9C4660444042002342
:1086600074E7002300219B4601336FE703236DE786
:108670000023994601330427002602934BE7032386
:108680000C27029347E70122D51A382D00DCB0E110
:1086900053461A4000210023002689467EE7002326
:1086A0008026994600223603004B77E7FF0700003B
:1086B00001FCFFFFD0650300FFFF0F80F303000004
:1086C0005E4500D972E100D16DE1019B4D46013B51
:1086D00001930023340002935B461E020B0E1E43DF
:1086E0000B020393330C994633041B0C49462000BC
:1086F0000093FEF7D7F9009B370043430600494635
:1087000020009846FEF754FA2C0C09040C43A045AF
:1087100009D9E419731EA74200D95CE1A04500D82D
:1087200059E1023EE4194346E41A49462000FEF7A7
:10873000B9F90300009A80465343494620009B46FE
:10874000FEF736FA2A040904120C0A4393450DD9A0
:108750004346D219013B974200D93AE1934500D8EC
:1087600037E102235B429C46D219E0445B46D21AB1
:108770004346360433439B460399180C0B0C1D00EB
:10878000059309045B46090C0C001B041B0C4443B5
:10879000049159436B4368431B190D0CEB189C4221
:1087A00003D980246402A44660441C0C09041B0401
:1087B000090C20185D18824200D2DEE000D1D7E01B
:1087C000161A029B9C465D1BAC459B415B42F61A08
:1087D000B74200D106E149463000FEF763F9009B3D
:1087E00004004343494630009846FEF7E1F92E0C59
:1087F00009040E43B04509D9F619631EB74200D9E2
:10880000F3E0B04500D8F0E0023CF6194346F31A15
:10881000494618000293FEF745F9009B06004343C2
:10882000494602989846FEF7C3F92D0409042D0C19
:108830000D43A84509D9ED19731EAF4200D9D6E002
:10884000A84500D8D3E0023EED1924042100434698
:108850003143049E059A3000ED1A0B040C0C1B0CDE
:1088600058436643534354439A19030C9B189E4242
:1088700003D980225202944664441A0C00041B045B
:10888000000C14191B18A54250D34DD001231943D5
:10889000964A019B94466344002B00DCF3E64A07AA
:1088A00009D00F220A40042A05D00A1D8A428941B4
:1088B00049428B4411005A46D20108D55A468C4B86
:1088C0001A4093468022D2009446019B6344894A11
:1088D000934200DD5BE65A46C9085007084356023A
:1088E000514601225B058146360B5B0D0A4055E679
:1088F00080231B031E4211D05A461A420ED15E46F7
:108900001E433603360B2A0089467B4B46E6032B73
:1089100000D1E1E0012BBBD11A40BBE61E43360378
:10892000360B4246744B39E6002BB1D07D194A1EF6
:10893000AF4252D91100A542A8D1039A9A42A5D1BB
:10894000A6E703003E00283B9E400023994654E6DC
:1089500001F060F9203041E603005246283B9A407E
:108960000021934677E6504601F054F920305EE648
:10897000029B0026AB4200D323E7039E0299B44634
:1089800061448846B045B6415B467642F619B21856
:10899000013B0291974213D290424FD800D18EE012
:1089A000161A9B460DE7894500D28EE674084B46A1
:1089B000F60735005B081D434B46DB0702938BE649
:1089C0009742EDD10399029CA142E5D93E1A9B46FC
:1089D000F7E69846CAE61E00A5E6AC423ED874D03B
:1089E000110053E70121494252E71C000EE71E0027
:1089F0002BE71F2D3CDC20230A0058465B1B9840C8
:108A0000EA4099400243481E81415E461143EE40D0
:108A10004B0709D00F230B40042B05D00B00191D69
:108A200099429B415B42F61833023CD553460122E2
:108A300000211A40002601238946AFE502235B424C
:108A40009C46039CE344A446029B63449846A0458D
:108A5000B6417642F6190293B218B1E603988A1E1F
:108A600041008142B6417642F619AD19039161E7A2
:108A70001F225242D31A5A46DA401300202D29D021
:108A800040225846551BA8400143481E81410720FB
:108A90000B4318400026002809D00F2200261A4058
:108AA0001900042ABBD10B0070077602360BDB08D5
:108AB00003439946012253461A4000236EE502996A
:108AC0008D42BBD89B4600267BE603989842C5D3CF
:108AD000110032E70020D7E780265B4636031E43AD
:108AE0003603360B009A8946034B57E5FF03000017
:108AF000FFFFFFFEFE070000FF070000F0B55F4626
:108B000056464D464446F0B41F035C00DB0F9A46C0
:108B1000194B0E034D00C90F8046360B6D0D8B4669
:108B200091463F0B640D9D4219D0134B9C421BD0C4
:108B30000123A54206D018003CBC90469946A246A7
:108B4000AB46F0BDBE42F6D1C845F4D1D34510D0F6
:108B5000002DF0D1304303005A1E9341EBE7310062
:108B600001230143E7D1E0E73A430123002AE2D1A0
:108B7000DEE70023DFE7C046FF070000F0B55F46F1
:108B8000444656464D46F0B41F033C0B2C4F0E0393
:108B90004D00A3465C008446360B6D0DC90F904610
:108BA000640DDB0FBD422BD0254FBC422ED0002DD3
:108BB0000ED130430700814678427841002C17D10E
:108BC0005F463A4314D14B460020002B0AD006E002
:108BD000002C02D15846024301D099421AD00123F9
:108BE000484218433CBC90469946A246AB46F0BD6D
:108BF0000028F2D058425841012240421043F1E788
:108C000037000743D0D002204042EBE75F461743CE
:108C1000CDD0F8E7A542E2DC05DB5E45DFD808D021
:108C200000205E45DED248424841012340421843BD
:108C3000D8E7C445D3D80020C445F4D3D2E7C04612
:108C4000FF070000F0B55F464D4644465646F0B477
:108C50001C03240BA4462F4C0F034D005E00C90FCC
:108C600080463F0B6D0D8B469146760DDB0FA5427E
:108C700020D0284CA64222D0002D12D138434442A5
:108C80004441002E20D0002C0DD05C4263410124D1
:108C90005B421C4320003CBC90469946A246AB4632
:108CA000F0BD002E17D05B4519D05B465C42012316
:108CB0001C43EFE7390002240143EBD1D9E76146B9
:108CC00002241143E6D1D7E761460A43DBD10024F1
:108CD0000028DFD0E9E761460A43E4D1E5E7B54281
:108CE00003DD01225C421443D4E7B542CDDB674586
:108CF000DBD809D000246745CCD259464C426141AB
:108D0000012449420C43C5E7C845CED80024C845D4
:108D1000F3D3BFE7FF070000F0B55F4656464D4668
:108D20004446F0B40D0399464E002B0B87B0070064
:108D3000924680469B46760DCC0F002E69D06D4B37
:108D40009E4235D05B468022DD001204430F134360
:108D50002B439B46C3009846674B00279C46002345
:108D6000664401934A4615035000D20F53462D0B1B
:108D7000400D914600D176E05E4A90426CD0802250
:108D80005B0F120413435C4AED0094461D435346A7
:108D90000022DB00604449463618701C6140029096
:108DA00017430F2F00D9AFE05448BF00C759BF4643
:108DB0005B461F4300D088E000239B469846023361
:108DC00008270193CEE74946022A6AD0032A00D138
:108DD00009E2012A00D0BBE1114000220023002556
:108DE0009046CCB200212D030A0D12052D0B154320
:108DF000434A1B0515401D436D00E4076D082543DC
:108E00004046290007B03CBC90469946A246AB4676
:108E1000F0BD034352D05B46002B00D18AE1584697
:108E200000F0F8FE03000B3B1C2B00DD7BE11D2254
:108E3000D31A3A0001005D46DA4008398D4013002C
:108E40008F402B439B46B8462E4B00279C46002361
:108E500060444642019385E752462A432CD10025BF
:108E60000023022297E752462A4321D0002D00D149
:108E700054E1280000F0CEFE03000B3B1C2B00DD6C
:108E800046E11D21CB1A51460200D9405346083A0B
:108E9000954093400D431B4A944660444042002253
:108EA00079E7012400220C40124B0025904699E7F7
:108EB0000025002301226EE703226CE700239B4676
:108EC00098460133042701934CE703230C270193B1
:108ED00048E700238025984600242D03054B81E7B1
:108EE0005D464346019A6FE75D4643462100019A7D
:108EF0006AE7C046FF07000001FCFFFF10660300A1
:108F0000FFFF0F80F30300004246120C91461A0C3B
:108F10009446424617044A461B041B0C5A436046BB
:108F200090464A4642431000039262461C003F0CA2
:108F30007A437C4342440192220C9246019A524465
:108F4000904506D98246802040028046C244504661
:108F50000390100C049048462404240C12041219A7
:108F600005922A0C2D042D0C68432C00824648469D
:108F70007C4350438146200C804657435744474426
:108F8000BA4503D9802040028046C144380C3F04D2
:108F9000B84648442404240C01900498A04440445A
:108FA00004905846000C814658460404200C824622
:108FB000070048465F434C4643436046604364466F
:108FC000834650464443380C8446E4186444A34224
:108FD00003D980235B029C46E34448463F04230CAC
:108FE0003F0C2404E419574668436F4384464D46BA
:108FF000504655434243380C814662444A445B44E0
:10900000944503D9802040028446654403983F0478
:10901000834604983F0C8446E344C3458041404264
:109020008246100484460198674484466744A344FA
:10903000BC46A345A4419946D44464428742BF41FB
:10904000D4458041E144A04699459B417F4240423E
:10905000C8440743120CBA18A045A4415F423B0024
:1090600064422343D71843467D19DB0D6D021D432F
:109070005B465A02059B1A43531E9A415B46DB0D21
:109080001A4343465B021343EA0107D501225C08F9
:1090900013402343EA07029E13436D08574AB21850
:1090A000002A4BDD580709D00F201840042805D0AE
:1090B000181D98429B415B42ED180300E80104D55E
:1090C0004F4A15408022D200B2184E48824200DD3D
:1090D000E7E60124DB08680718436D025305804664
:1090E0002D0B5B0D0C407DE6802259461203114288
:1090F00008D0154206D115432D0398462D0B4C463A
:10910000414B6FE65D4615432D032D0B3E4B69E643
:1091100003005546283B9D400023BCE6504600F026
:1091200079FD2030A8E60300283B9F400023BB4682
:10913000984689E600F06EFD203073E60124A61AF9
:10914000382E07DD00220C4000230025904649E61A
:10915000029EA3E71F2E20DC20222C001800921B69
:10916000F040944093400443581E83411C43F54013
:10917000630709D00F232340042B05D023001C1DB7
:109180009C4292415242AD182B021FD5012400226D
:109190000C4001230025904624E61F202C0040426D
:1091A000821AD440202E1CD04022961BB5402B435F
:1091B000581E83410720234318400025002809D06A
:1091C0000F2200251A401C00042AD8D1230068076A
:1091D0006D022D0B0124DB08034398460C4000234D
:1091E00000E60025E3E780220124120315432D0346
:1091F00098462D0B0C40044BF4E5C046FF030000DD
:10920000FFFFFFFEFE070000FF070000F0B5574616
:109210004E464546E0B40E001100F20F9246C500DE
:10922000420F180337037400400A4E0F7F0A304381
:10923000CF4E17435A00640D520DDB0FC900B242E6
:1092400000D1E5E001267340A61AB446534500D18B
:10925000AFE0002E00DC0DE1002A3AD103000B4301
:1092600000D0E4E06B0709D00F232B40042B05D07E
:109270002B1DAB42AD416D427F191D003B0200D456
:1092800088E0BB4B01349C4200D110E13A00B94B5D
:1092900051461A4001235007ED0852026405054368
:1092A000120B640D0B400021280012030D0D120B50
:1092B00064052D0515436208AF4CDB072C401443B1
:1092C000640064081C4321001CBC90469946A246D9
:1092D000F0BDA74B9C42C5D080231B0418436346B6
:1092E000382B00DDFDE01F2B00DD30E1624620233E
:1092F0009B1A02009A40664690460A009940F24046
:1093000046464B1E99413243114363460200DA4000
:10931000691A8D429B410D00BA1A5B42D71A3B0273
:1093200035D57A02530A98464346002B00D1C4E053
:10933000404600F06FFC0300083B1F2B00DDC5E03A
:1093400020222900D21A4746D1409F400A009D4062
:109350003A439C4200DDC0E01C1B631C1F2B00DD58
:10936000E4E0202114002800C91AD8408C408D4028
:109370000443DA40681E854117002543002471E745
:10938000424663461A4300D14CE2674645466B07A6
:1093900000D069E7012351467807ED08FA080B4031
:1093A000054373498C4238D012036405120B640DD7
:1093B00079E7002E00DC9AE0002A47D06C4A9442FC
:1093C00000D14FE78022120410436246382A00DCA5
:1093D00008E10143481E81410022C9B24919D2194E
:1093E000A942BF410D007F42BF183A0200D442E1BA
:1093F0005F4A0134944200D14EE101205D4A690880
:109400003A4028400843D507054357089A4629E7BC
:1094100006000E4300D017E714E72900114300D1DE
:10942000F9E1802109030A431203120B3BE70123F0
:109430005B429846C4446346002B72D1691A8D4240
:109440009B413F1A5B42FF1A0D0068E702000A4386
:1094500000D107E7012252429046C4446246002AE6
:1094600000D0E6E06918A942B6413F187642F719E4
:109470000D00BAE7002E00D080E0621C5205520DAC
:10948000012A00DCF9E06A1A91464D45B6413A1AC4
:109490007642921B9046120200D499E04D1BA942DD
:1094A0008941C71B49427A1A90469A463CE7524680
:1094B0000123002513400022F5E6280000F0AAFB56
:1094C00020300300083B1F2B00DC39E72A00283836
:1094D000824000259C4200DC3EE7264FE41A1740FC
:1094E000C0E60143481E81410022C9B210E7002EA8
:1094F00000D0F1E0621C94465205520D012A00DCB6
:10950000A0E01B4A944500D1C5E06918A9429241E8
:109510003F185242D2194908D5070D4357086446EF
:10952000A0E6134B9C4200D0D9E69BE611001F3CFD
:10953000E1400C00202B00D180E04021CB1A9A4062
:1095400015436A1E95410027254300241FE7634603
:109550000200203BDA406346202B71D04023664650
:109560009B1B98400143481E814111430022CFE6D6
:10957000FF070000FFFF7FFFFFFF0F80002C48D098
:10958000CA4CA24200D1A2E07442A1468024240425
:1095900027434C46382C00DDDBE01F2C00DD44E186
:1095A0004E462024A41B3E00A640A246B0464C4690
:1095B0002E00E640B4464646644626435446A5403F
:1095C0006C1EA54134002C434D46EF400D1B28E096
:1095D0004A4643464D461A4300D0A5E600230024E0
:1095E0000025DEE61F2A5ADC66462022921B060072
:1095F00096409146B04662460E00D640424616431B
:109600004A4691404A1E9141020060463143C240A1
:10961000E4E63C002C435AD0F443A146002C52D13E
:109620004D1BA9428941C71B49427F1A14009A4623
:1096300075E69E4A944200D0C7E613E600227FE713
:1096400000208FE7002C00D0C8E03B002B4300D166
:109650000FE103000B4300D104E66918A9429B41C6
:109660003F185B42DF193B0200D41AE1904B0D001A
:109670001F406446F6E59A4689E63A002A43002CE4
:109680005CD1002A75D102000A4300D1CAE007006C
:109690000D009A46E6E564460022002581E6624612
:1096A0000600203AD6406246B046202A00D1B7E0F4
:1096B00040226646921B904001434246481E81412B
:1096C000114300228AE6794CA24200D061E70700EC
:1096D0000D0014009A46C5E5002C41D13C002C43F6
:1096E00078D0F443A146002C20D0704CA24271D017
:1096F0004C46382C00DDB2E01F2C00DDBCE02026FB
:10970000341BA2463C005646B4404E46A0462C00B0
:10971000F440A446444666463443A4465446A54015
:1097200064466E1EB54125434C46E7406D188D4298
:1097300089413F184942CF19140056E6002A2FD11B
:1097400002000A4300D184E007000D009A46574CFE
:1097500088E53D436F1EBD41ECB200270D1B60E75D
:10976000524CA24236D0744280263604A14637437A
:10977000BEE702000A4300D174E56A1A90464545E7
:10978000B6413A1A7642921B9446120200D4F7E58B
:109790004D1BA9428941C71B49427F1A9A4661E580
:1097A00002000A433AD0ED087C072C438025FA08D2
:1097B0002D032A4208D0C7082F4205D145072C00A7
:1097C0003A009A46C9080C43670FD200E5001743D8
:1097D000364C47E507000D00140043E53A002A43E4
:1097E00043D002000A4319D0ED087C072C438025A2
:1097F000FA082D032A4207D0C6082E4204D1470793
:109800003C003200C9080C43D700620FE500174343
:109810009A46264C26E50022002544E5234C21E506
:10982000002049E700230025BBE54C463E00203CD4
:10983000E6404C46B446202C31D040244E46A61B70
:10984000B7403D436C1EA54164462C4300270D1BC9
:10985000E7E6802200231203144C0025A1E53D43D6
:109860006F1EBD410027EDB260E707000D000F4CF1
:10987000F8E407000D00F5E44E463C00203EF440BD
:10988000A0464C46202C0ED040244E46A41BA74098
:109890003D436F1EBD4144460027254346E7002750
:1098A000CFE70D0073E50027F2E7C046FF07000091
:1098B000FFFF7FFF70B50E4E0C031D0349005B00D8
:1098C000240B490D2D0B5B0DB14204D0084900203B
:1098D0008B4208D070BD04430120002CFAD104490A
:1098E00000208B42F6D115432800451EA841F1E720
:1098F000FF0700000B0330B5134D1A0B4B005B0D37
:10990000C90F0024AB4211DD104CA34210DC8024AF
:10991000640322430E4CE41A1F2C0CDD0D48C31ABD
:10992000DA4013005C42002900D11C00200030BD49
:10993000094BCC18FAE7E040084CA44663449A402F
:1099400013000343EEE7C046FE0300001D040000C1
:109950003304000013040000FFFFFF7FEDFBFFFF57
:1099600070B5002830D0C317C4185C40C50F200064
:1099700000F050F9174B184A1B1AD21A1F2A18DD8B
:10998000164AD21A9440002224035B05240B5B0D77
:109990000021100024030A0D1205240B1443104A61
:1099A0001B0514401C436400ED0764082C43210090
:1099B00070BD210091400A000B21081AC4405B05CC
:1099C0002403240B5B0DE3E7002500230024002281
:1099D000DEE7C0461E04000033040000130400004C
:1099E000FFFF0F8070B5051E28D000F013F9154B4E
:1099F000154A1B1AD21A1F2A16DD2C00134A0025FD
:109A0000D21A94405A052403240B520D002124033A
:109A10000B0D240B1B0523430D4C12052340134350
:109A20005B002800590870BD0B212C00081AC440A7
:109A3000954024035A05240B520DE7E70022002429
:109A4000E4E7C0461E0400003304000013040000D5
:109A5000FFFF0F804200120E511C4302C9B270B5C5
:109A60005D0AC40F012915DDE02189008C466D07D0
:109A70001B0B6244002128000D0D2D052B431C4DAE
:109A800052052B40520813435B00E4075B08234355
:109A9000190070BD002A15D1002D1FD0280000F03C
:109AA000B9F80A281DDC0B232A001B1ADA40130020
:109AB0000200153295400F4A1B03121A52051B0B68
:109AC000520DD7E7002D06D080221B0B1203134343
:109AD0006D07094ACEE7084A0023CBE7002200239E
:109AE000C8E703000B3B9D402B000025E3E7C04681
:109AF000FFFF0F8089030000FF0700004B0070B5D7
:109B00005E0D0C03751C640A420F6D052243C90FDC
:109B1000C4006D0D012D2ADD3B4BF318FE2B1ADC22
:109B2000002B42DD8001451EA841D2001043620F88
:109B30000243500704D00F201040042800D0043204
:109B40008020C004104021D00133FF2B03D09201AC
:109B5000520ADBB201E0FF2300225202520ADB0567
:109B600013435B00C9075B080B43180070BD002E50
:109B700007D01443EFD08020D20080040243FF239B
:109B8000D7E722430023002A03D00522D208FF2B67
:109B900003D05202520ADBB2DFE7002A32D0802023
:109BA000C00302435202520AD7E71800173014DBF1
:109BB0008020000402431E20C01A1F280FDC25004D
:109BC000124BF3189D406E1EB5419A402B00134373
:109BD0002200C2401A430023ABE70023D5E7022549
:109BE0006D42EB1A1500DD40202809D0084BF31810
:109BF0009A401443621E9441220000232A4398E7AE
:109C00000022F6E70022A8E780FCFFFF82FCFFFFAE
:109C1000A2FCFFFF1C2101231B04984201D3000C6E
:109C200010391B0A984201D3000A08391B099842CF
:109C300001D30009043902A2105C40187047C046E5
:109C40000403020201010101000000000000000005
:109C500010B5002903D1FFF7DDFF203002E0081C1A
:109C6000FFF7D8FF10BDC046F0B54746494A4B0044
:109C700080B406000F0088465B0893424BDC464ADE
:109C800093420FDC454A464BFEF7F6F8454B00225F
:109C9000FDF7A8F83B00002854D03000190004BCA0
:109CA0009046F0BD404A93423CDC8022D20593426C
:109CB00048DD00F0F9FA320004000D003B003000EE
:109CC0003900FFF729F80022364BFEF7D5F803F0EC
:109CD0001DFA02000B0020002900FEF7CDF802005B
:109CE0000B0000202F49FEF7F3FB220006000F00B7
:109CF0002B0020002900FEF7BFF802000B00300007
:109D00003900FEF7B9F802F095FC43460600002B37
:109D100014DD0B00C1E70B000200FEF7ADF80600F2
:109D20000B00BAE700F0C0FA02F084FC1F4B204A97
:109D3000FEF7A2F843460600002BEADC80231B0650
:109D4000CB18AAE732003B0030003900FEF7E4FFF1
:109D500004000D003000390000F0A6FA00220600D1
:109D60000F00104B20002900FEF786F803F0CEF913
:109D700000220C4BFEF780F802000B0020002900A7
:109D8000FEF7A6FB32003B00FEF776F800F028FB5A
:109D9000BBE7C046FFFFEF7FFFFF2F3E9C750088AB
:109DA0003CE4377E0000F03F0000B041422EE63F29
:109DB000EF39FAFEF8B556464D4644465F46A54B88
:109DC000F0B44E00804689468A4676089E420CDDF5
:109DD000A14B9E4200DDA0E000D19BE05346002B4A
:109DE00000DCE3E09D4B9E4A9FE09E4B9E4200DDDF
:109DF000B1E09D4B9E4200DC9FE001235B429B460D
:109E000042464B4640464946FEF786FF02000B009D
:109E100006000F00FEF780FF04000D00934A944BEC
:109E2000FEF77AFF934A944BFEF726F822002B00A8
:109E3000FEF772FF914A924BFEF71EF822002B00AC
:109E4000FEF76AFF8F4A904BFEF716F822002B00B0
:109E5000FEF762FF8D4A8E4BFEF70EF822002B00B4
:109E6000FEF75AFF8B4A8C4BFEF706F832003B0098
:109E7000FEF752FF894A8A4B06000F002000290096
:109E8000FEF74AFF874A884BFFF7C0F922002B00F4
:109E9000FEF742FF854A864BFFF7B8F922002B00F8
:109EA000FEF73AFF834A844BFFF7B0F922002B00FC
:109EB000FEF732FF814A824BFFF7A8F922002B0000
:109EC000FEF72AFF0B0059460200013100D170E075
:109ED00059463000CC003900FDF7CEFF42464B46D4
:109EE000FEF71AFF774D784B2D191C19226863680D
:109EF000FFF78CF942464B46FFF788F902000B004A
:109F000028686968FFF782F953460A00002B48DB8E
:109F100003000AE0002800D160E742464B46404675
:109F20004946FDF7A9FF03000A00180011003CBCD8
:109F300090469946A246AB46F8BD644A644BFDF78D
:109F40009BFF0022634BFCF74DFF002800D154E734
:109F500043464A46E9E700F0A7F95F4B04000D00CD
:109F60009E4237DC5D4B9E425DDC02000B00FDF73C
:109F700083FF0022574BFFF749F9802306000F00AB
:109F80000022DB0520002900FDF776FF0B00020010
:109F900039003000FEF79CFA0023804689469B4634
:109FA0002EE78022120603008A18BEE72B4B4C4A8C
:109FB000BBE730003900FDF75FFF42464B46FEF736
:109FC000ABFE02000B0040464946FFF71FF90300B5
:109FD0000A00AAE7434B9E421ADC0022424BFFF7DD
:109FE00015F9002206000F003F4B20002900FEF764
:109FF00093FE0022374BFDF73FFF0B0002003900B4
:10A000003000FEF765FA0223804689469B46F7E654
:10A010000B00020035490020FEF75AFA0323804660
:10A0200089469B46ECE600222A4BFFF7EFF8002218
:10A0300006000F00274B20002900FDF71DFF0B0035
:10A04000020039003000FEF743FA012380468946BA
:10A050009B46D5E6FFFF0F440000F07F182D4454C7
:10A06000FB21F93FFFFFDB3FFFFF1F3E11DA22E339
:10A070003AAD903FEB0D76244B7BA93F513DD0A0EC
:10A08000660DB13F6E204CC5CD45B73FFF830092B2
:10A090002449C23F0D5555555555D53F2F6C6A2C57
:10A0A00044B4A2BF9AFDDE522DDEAD3F6D9A74AF6F
:10A0B000F2B0B33F711623FEC671BC3FC4EB989952
:10A0C0009999C93F00580300E05703009C75008828
:10A0D0003CE4377E0000F03FFFFFF23FFFFFE53F2B
:10A0E000FB21F9BFFF7F03400000F83F0000F0BFF5
:10A0F000444AF8B5564692464B005B0D9A44444696
:10A100005F464D465246F0B4884605000C000E00EE
:10A110000700132A27DC002A59DB52463A4B134129
:10A1200099460B004A461340034316D0374A384B32
:10A13000FDF7A2FE00220023FCF754FE00280AD0FF
:10A14000002C04DD802352465B03134198444646AD
:10A150004B4600279E43380031003CBC9046994650
:10A16000A246AB46F8BD5246332A08DD8023DB0009
:10A170009A45F2D102000B00FDF77EFEEDE7254A7D
:10A180009446012263445242DA4093460242E4D0AC
:10A190001E4A1F4BFDF770FE00220023FCF722FE33
:10A1A0000028D8D0002C0CDD5346142B26D03423A5
:10A1B000524601279B1A9F407F19AF429B415B4249
:10A1C00098445B4646469F4338003100C5E70F4A36
:10A1D0000F4BFDF751FE00220023FCF703FE002881
:10A1E000B9D0002C06DB2C4300270026002CB2D06F
:10A1F000094EB0E7802600273606ACE7133B9C46A5
:10A20000E044DEE701FCFFFFFFFF0F009C750088C4
:10A210003CE4377EEDFBFFFF0000F03F30B5204A05
:10A220004B0087B05B0893421CDD1E4A934205DD5C
:10A2300002000B00FEF7EAFF07B030BD02AA02F0F1
:10A240008FFC03231840049A059B012818D002288C
:10A250000DD000281ED0029803990124009403F029
:10A26000B7FDE9E70022002303F046F8E4E702988F
:10A27000039903F041F880231B069C466144DBE709
:10A2800000900298039903F0A3FD80231B069C46CF
:10A290006144D1E70298039903F02EF8CCE7C04659
:10A2A000FB21E93FFFFFEF7F49004B081900704792
:10A2B000454AF8B5564692464B005B0D9A444D46CA
:10A2C0005F4644465246F0B4894605000C000E0035
:10A2D0000700132A22DC002A47DB52463B4B13417E
:10A2E00098460B0042461340034311D0384A394B7D
:10A2F000FDF7C2FD00220023FCF774FD002805D005
:10A30000002C41DB4E46434600279E433800310077
:10A310003CBC90469946A246AB46F8BD5246332A0D
:10A3200008DD8023DB009A45F2D102000B00FDF727
:10A33000A3FDEDE7284A9446012263445242DA40E5
:10A3400093460242E4D0224A224BFDF795FD0022BB
:10A350000023FCF747FD0028D8D0002C1ADB5B4611
:10A360004E469F4338003100D2E7194A194BFDF79A
:10A3700083FD00220023FCF735FD0028C6D0002C09
:10A3800016DB00270026C1E7802352465B031341FA
:10A390009944B7E75346142B12D034235246012771
:10A3A0009B1A9F407F19AF429B415B429944D6E77D
:10A3B0006400640825430027002DA7D0074EA5E7B9
:10A3C000133B9C46E144CAE701FCFFFFFFFF0F007F
:10A3D0009C7500883CE4377EEDFBFFFF0000F0BF7A
:10A3E000F0B54F464646C0B4CA4A8BB004000D00D3
:10A3F0000B00914212DCC84A4E00760896421BDDE3
:10A400000022C64BFCF7D4FC002800D181E00022DA
:10A4100000230020C249FEF75BF808E0C14A9142E0
:10A4200036DD22002B0020002900FDF725FD0BB0B2
:10A430000CBC90469946F0BDBB4A964274DDBB4ABF
:10A4400094466344934200D98FE00022B84B200029
:10A450002900FDF711FDB74A0B15914699444B466B
:10A4600080460F000E00002B00DCD7E122002B00FD
:10A47000FEF7CCFE02000B000020AD49FEF7C6FE41
:10A4800042463B00FEF724F84446029003910BE05D
:10A49000A94A9342D9DDA74A1E0091461B1599444B
:10A4A000002200230292039333031B0B9846A34B15
:10A4B000984500DDEDE042469D4B20001A43110017
:10A4C00000229B4BFEF7A2FE04000D0000229C4BD5
:10A4D00006000F00FEF720FC22002B00FEF71CFCFC
:10A4E0000B00020004920593009201934346002B57
:10A4F00049D10022002320002900FCF759FC002844
:10A5000000D1D5E04B46002B00D06BE100200021AC
:10A510008DE722002B0020002900FEF777FE0200C5
:10A520000B00FDF7D5FF82E70022864BFDF7A4FC68
:10A5300000220023FCF756FC002805D0824B2000A7
:10A5400029009E4200DC72E722002B002000290037
:10A55000FEF7E2FB00227A4BFEF7DEFB02000B0067
:10A5600020002900FEF752FE61E70022744BFEF73F
:10A57000D3FB2B002200FEF7CFFB002326002F0089
:10A5800099460090019180230022DB0530003900BC
:10A59000FDF772FC02000B0030003900FDF798FF58
:10A5A00002000B0004900591FEF7B6FB04000D00BD
:10A5B000664A674BFEF7B0FB664A674BFDF75CFCEB
:10A5C00022002B00FEF7A8FB644A654BFDF754FC04
:10A5D00022002B00FEF7A0FB624A634BFDF74CFC08
:10A5E00022002B00FEF798FB604A614BFDF744FC0C
:10A5F00022002B00FEF790FB5E4A5F4BFDF73CFC10
:10A6000022002B00FEF788FB5C4A5D4BFDF734FC13
:10A610002B002200FEF780FB4B4604000D00002BB0
:10A6200062D04846FFF79CF9564A574B069007916F
:10A63000FEF772FB009A019B089009912000290007
:10A64000FDF71AFC049A059BFEF766FB4F4A0400CF
:10A650000D00069807994E4BFEF75EFB029A039B8E
:10A66000FDF70AFC02000B0020002900FDF704FCA6
:10A6700002000B0000980199FEF7C8FD32003B0074
:10A68000FEF7C4FD02000B0008980999FEF7BEFD15
:10A69000CDE6012342469C46294BE1441A438023E0
:10A6A000110042465B039B1A9B102000984607E767
:10A6B000384A334B20002900FEF72EFB02000B0026
:10A6C00000201B49FEF7A2FD049A059BFEF724FB20
:10A6D0004B4606000F00002B5ED102000B0020004D
:10A6E0002900FEF793FDA2E6009A019BFDF7C4FB4B
:10A6F000049A059BFEF710FB02000B0000980199DD
:10A70000FEF784FD02000B0030003900FEF77EFDED
:10A710008DE6C0467982DA3FFFFFEF3F0000F0BFD1
:10A72000000050C3FFFFEF7FFFFF1F3E3C412D4065
:10A730000000F03F01FCFFFFFFFF3F439DA006002C
:10A740000000E03F00005043FFFF8F3C44523EDFDB
:10A7500012F1C23F9FC678D0099AC33FDE03CB9661
:10A760006446C73FAF788E1DC571CC3F5993229484
:10A770002449D23F04FA97999999D93F9355555551
:10A780005555E53F0000E0FE422EE63F763C793528
:10A79000EF39EA3D555555554846FFF7E1F8254A4A
:10A7A000254B00900191FEF7B7FA244A04900591D9
:10A7B00000980199224BFEF7AFFA029A039BFDF72E
:10A7C0005BFB02000B0030003900FEF71FFD22008A
:10A7D0002B00FEF71BFD02000B0004980599FEF705
:10A7E00015FD24E64846FFF7BBF8144A144B040055
:10A7F0000D00FEF791FA029A039BFDF73DFB0D4A0F
:10A8000006000F000C4B20002900FEF785FA02001D
:10A810000B0030003900FDF72FFB08E60022094B42
:10A82000FEF7F4FC02000B0020002900FEF7EEFC0E
:10A8300026E6C0460000E0FE422EE63F763C793533
:10A84000EF39EA3D0000F03F10B500F01DFC024A70
:10A85000024BFDF73DFE10BDEF39FAFE422EE63FFA
:10A8600030B5214A4B0087B05B0893421EDD1F4A7A
:10A87000934205DD02000B00FEF7C8FC07B030BDB7
:10A8800002AA02F06DF903231840049A059B0128DF
:10A890001ED0022811D000281FD00298039902F080
:10A8A0002BFD80231B069C466144E7E70023002222
:10A8B0000093002303F08CFAE0E701240298039947
:10A8C000009403F085FA80231B069C466144D5E77B
:10A8D0000298039902F010FDD0E701240298039931
:10A8E000009403F075FAC9E7FB21E93FFFFFEF7F12
:10A8F00030B5134A4B0087B05B08934218DD114A0C
:10A90000934205DD02000B00FEF780FC07B030BD6E
:10A9100002AA02F025F9049A059B02214000084092
:10A920000139081A00900298039903F001FBEDE742
:10A93000012300220093002303F0FAFAE6E7C04661
:10A94000FB21E93FFFFFEF7F384AF8B54B000500D8
:10A950000C000E005B0893420EDD02000B0000208D
:10A960003349002C36DBFDF7B3FD314B0022FDF7F8
:10A9700083FA03001800F8BD2E4A934209DD002037
:10A980002B490300002EF5DA80221206944661441A
:10A99000F0E7294A934225DD284A93422CDDFFF750
:10A9A00083FC02000B00FDF767FA03F087FC8023AD
:10A9B0000022DB05FDF760FA0B0080210200C905CB
:10A9C0000020FDF785FD02000B0000201849FEF76E
:10A9D0001DFCD6E7FDF77CFD154B0022FEF716FCAB
:10A9E0000300C7E70022124BFDF746FA23002A00B6
:10A9F000FEF792F90300BDE7FFF756FCC0230022E3
:10AA00001B06FEF789F903F059FC80231B06CF18BB
:10AA100080230022DB050400FDF72EFA02000B0064
:10AA200020003900FDF754FDABE7C046FFFFEF7F84
:10AA30000000F03FFFFF3540FFFF7F3CFFFFEF3F8F
:10AA40004B00134A5B0D9A1870B5132A0ADCCB0F22
:10AA5000DB07002A19DB0F48002410418143200046
:10AA6000194370BD332A08DD8023DB009A42F8D1F8
:10AA700002000B00FDF700FAF3E7074A94460122B3
:10AA800063445242DA409043EBE700201900E8E7C4
:10AA900001FCFFFFFFFF0F00EDFBFFFFF0B5464697
:10AAA0004F46C0B48DB004000D0000F0D5FC284B1B
:10AAB000060098461B780F005BB2013332D02200AB
:10AAC0002B0020002900FEF7F5FE8146002829D141
:10AAD00020002900FFF7E8FB00221E4BFCF782F95B
:10AAE00000281FD0012302931B4B1C4803934B46A5
:10AAF000069407950A930494059503F023FE4346B4
:10AB00001B78089009915BB2022B12D002A803F0C7
:10AB100017FE00280DD00A9B0193002B11D1089835
:10AB2000099901E0300039000DB00CBC90469946FF
:10AB3000F0BD03F08BFE212303600A9B0193002BE1
:10AB4000EDD003F083FE0A9B01930360E7E7C04664
:10AB50004F2200200000F03F506603008066030093
:10AB6000F0B546464F46C0B48DB004000D0000F06D
:10AB700069FE264B06001B780F005BB29846013336
:10AB800010D022002B0020002900FEF793FE814602
:10AB9000002807D100221E4B20002900FCF70EF9E7
:10ABA000002806D1300039000DB00CBC9046994603
:10ABB000F0BD01230293174B002203934B460A93E7
:10ABC0000023100019000694079504940595FDF7DD
:10ABD0007FFC434608900991022B0BD002A803F09A
:10ABE000AFFD002806D00A9B0193002B07D10898DF
:10ABF0000999D9E703F02AFE21230360F3E703F064
:10AC000025FE0A9B01930360F1E7C0464F22002016
:10AC10000000F03F58660300F0B546464F46C0B40A
:10AC20008DB004000D0000F095FE284B06009846FC
:10AC30001B780F005BB2013332D022002B002000C2
:10AC40002900FEF737FE8146002829D1200029007F
:10AC5000FFF72AFB00221E4BFCF7C4F800281FD088
:10AC6000012302931B4B1C4803934B460694079504
:10AC70000A930494059503F065FD43461B780890FC
:10AC800009915BB2022B12D002A803F059FD0028F3
:10AC90000DD00A9B0193002B11D10898099901E06E
:10ACA000300039000DB00CBC90469946F0BD03F061
:10ACB000CDFD212303600A9B0193002BEDD003F00F
:10ACC000C5FD0A9B01930360E7E7C0464F220020C1
:10ACD0000000F03F606603008066030010B501F0DD
:10ACE0001FF810BDF0B546464F46C0B48DB0040005
:10ACF0000D0001F0D1F8344B0090019198461B787B
:10AD00005BB2013343D022002B0020002900FEF764
:10AD1000D1FD814600283AD120002900FFF7C4FA6E
:10AD200000222A4B06000F00FCF766F800282ED000
:10AD300030000022254B3900FCF754F802AE002801
:10AD400034D001230293224B002273604B463362BE
:10AD500000231000190034617561B460F560FDF7DF
:10AD6000B7FB43461B78B061F1615BB2022B11D097
:10AD7000300003F0E5FC00280CD0336A002B10D122
:10AD8000B069F1690DB00CBC90469946F0BD0098D1
:10AD90000199F7E703F05AFD21230360336A002B82
:10ADA000EED003F053FD336A0360E9E70223029318
:10ADB000074B3062736034617561B460F5600022E6
:10ADC000002320002900CAE74F2200200000F03FA6
:10ADD00068660300F0B546464F46C0B48DB0040027
:10ADE0000D0001F0E1F82B4B060098461B780F0090
:10ADF0005BB2013332D022002B0020002900FEF785
:10AE000059FD8146002829D120002900FFF74CFA7E
:10AE1000214A224BFBF7E6FF00281FD003230293B1
:10AE20001F4B0694079503934B460A9343461B78A2
:10AE3000049405955BB2002B17D1E022194B120642
:10AE40000892099302A803F07BFC002813D00A9B08
:10AE50000193002B17D10898099901E030003900BF
:10AE60000DB00CBC90469946F0BD00200E490890EC
:10AE70000991022BE6D103F0E9FC222303600A9B2F
:10AE80000193002BE7D003F0E1FC0A9B01930360E0
:10AE9000E1E7C0464F2200207DF8B98FCE338640CF
:10AEA00070660300FFFFEF470000F07FF0B54646F5
:10AEB0004F46C0B48BB004000D0001F01FF9344BB5
:10AEC000060098461B780F005BB2013338D0200093
:10AED000290003F02BFC002832D02E4A2E4B2000F4
:10AEE0002900FBF77FFF8146002830D12B4A2C4BED
:10AEF00020002900FBF762FF002821D004230093E3
:10AF0000284B002201934B46089300230692079397
:10AF100043461B786E465BB20494059502940395F4
:10AF2000022B30D0300003F00BFC00282BD0336A0A
:10AF3000002B03D003F08AFC336A0360F769B6691B
:10AF4000300039000BB00CBC90469946F0BD03238D
:10AF50000093144B6E4601930023089343461B78DD
:10AF6000049405955BB202940395002B05D1E02271
:10AF70000D4B120606920793D4E700200B4906906A
:10AF80000791022BCED103F061FC22230360CEE7B0
:10AF90004F220020EF39FAFE422E864051302DD547
:10AFA000104987C078660300FFFFEF470000F07F7D
:10AFB000F0B546464F46C0B48DB01D0006000F00E8
:10AFC000140001F00DFA2E4B009001911B785BB23A
:10AFD0009846013333D022002B0020002900FEF7D1
:10AFE00069FC00282BD132003B0030003900FEF70D
:10AFF00061FC8146002822D1002200232000290084
:10B00000FBF7D6FE00281AD0012302931D4B0496AD
:10B01000059703934B460A93434606940795002BE6
:10B0200014D10896099702A803F08AFB002818D0CB
:10B030000A9B0093002B1CD10898099901E0009805
:10B0400001990DB00CBC90469946F0BD002300223A
:10B0500019001000FDF73CFA434608900991022BB5
:10B06000E1D103F0F3FB212303600A9B0093002B43
:10B07000E2D003F0EBFB0A9B00930360DCE7C046E1
:10B080004F2200207C660300F0B5474680B48CB0A8
:10B0900004000D0001F0CEFA3A4B06001B780F00B9
:10B0A0005BB2984601330FD022002B00200029000C
:10B0B000FEF700FC002807D1002200232000290011
:10B0C000FBF790FE002805D0300039000CB004BC1E
:10B0D0009046F0BD2C4B0A9003934346049405958B
:10B0E00006940795002B1AD1E022284B12060892ED
:10B0F00009932000002200232900FBF759FE0028B5
:10B1000038D00223029302A803F01AFB002817D0BC
:10B110000A9B0193002B18D1089E099FD4E70022B7
:10B120001B4B200008920993290000220023FBF703
:10B130003FFE00280FD0022302934346022BE2D1A8
:10B1400003F084FB22230360E2E703F07FFB0A9B0A
:10B1500001930360E0E7012302934346022B0BD1E6
:10B1600003F074FB212303600A4803F0EBFA089014
:10B170000991CDE70123029302A803F0E1FA002828
:10B18000F2D1EDE74F22002084660300FFFFEFC7F6
:10B190000000F0FF80660300F0B546464F46C0B49D
:10B1A0008DB004000D0001F047FC3C4B06001B78FD
:10B1B0000F005BB29846013310D022002B00200014
:10B1C0002900FEF777FB8146002807D100220023E3
:10B1D00020002900FBF7FCFD002806D130003900D3
:10B1E0000DB00CBC90469946F0BD2D4B04940595CE
:10B1F00003934B460A93434606940795002B1AD1B6
:10B20000E022284B12060892099320000022002316
:10B210002900FBF7CDFD002838D00223029302A8B5
:10B2200003F08EFA002817D00A9B0193002B18D147
:10B2300008980999D4E700221B4B20000892099333
:10B24000290000220023FBF7B3FD00280FD00223C2
:10B2500002934346022BE2D103F0F8FA2223036063
:10B26000E2E703F0F3FA0A9B01930360E0E70123AE
:10B2700002934346022B0BD103F0E8FA212303602B
:10B280000A4803F05FFA08900991CDE70123029381
:10B2900002A803F055FA0028F2D1EDE74F22002072
:10B2A00088660300FFFFEFC70000F0FF8066030021
:10B2B000F0B546464F46C0B48DB006000F0001F011
:10B2C00055FE2F4B040098461B780D005BB20133EE
:10B2D00007D003F02BFA81464B4620002900002BB3
:10B2E00004D00DB00CBC90469946F0BD390030003A
:10B2F00003F01CFA290003002000002BF1D00323E7
:10B300000293204B002403934B460A9343461C5759
:10B31000069607970496059700220023300039000F
:10B32000002C14D1FBF75EFDE0221206002823D08A
:10B33000154B0892099302A803F002FA002810D0D6
:10B340000A9B0193002B11D108980999C9E7FBF7D3
:10B3500049FD0022002811D00C4B08920993022CC1
:10B36000E9D103F073FA22230360E9E703F06EFAF0
:10B370000A9B01930360E7E7054BDAE7054BECE72F
:10B380004F22002090660300FFFFEF470000F07F90
:10B39000FFFFEFC70000F0FFF0B546464F46C0B4D0
:10B3A0008DB004000D0001F0B1FE294B0090019119
:10B3B0001B785BB29846013312D022002B0020008C
:10B3C0002900FEF777FA8146002809D100260027D8
:10B3D00032003B0020002900FBF7F0FC002806D1DA
:10B3E000009801990DB00CBC90469946F0BD012320
:10B3F0000293184B0694079503934B460A934346D2
:10B4000004940595002B15D03B0032003000390024
:10B41000FDF75EF8434608900991022B0CD103F02A
:10B4200015FA212303600A9B0093002B0AD1089888
:10B430000999D7E70896099702A803F081F900282F
:10B44000F1D1ECE703F002FA0A9B00930360EEE708
:10B450004F22002098660300F0B5DB4A4B0085B010
:10B4600007000E005B0893420CDDD84A9446634403
:10B47000034300D0ACE0002900DC25E100200021DE
:10B4800005B0F0BDD24A934200DC9BE0002900DA0F
:10B490001DE102000B000020CE49FDF7B7FE00229F
:10B4A000CD4BFDF739FC04000D0001F02FFECB4A17
:10B4B0000F0000900191CA4B20002900FDF72CFCE1
:10B4C000C84AC94BFCF7D8FC22002B00FDF724FC2E
:10B4D000C64AC74BFDF79AFE22002B00FDF71CFC65
:10B4E000C44AC54BFCF7C8FC22002B00FDF714FC36
:10B4F000C24AC34BFDF78AFE22002B00FDF70CFC6D
:10B50000C04AC14BFCF7B8FC22002B00FDF704FC3D
:10B51000BE4A02900391BE4B20002900FDF7FCFBC0
:10B52000BC4ABD4BFDF772FE22002B00FDF7F4FB79
:10B53000BA4ABB4BFCF7A0FC22002B00FDF7ECFB4A
:10B54000B84AB94BFDF762FE22002B00FDF7E4FB81
:10B550000022A04BFCF790FC02000B00029803991C
:10B56000FCF7B6FF009A019BFDF7D6FB0026029080
:10B57000039132003B0030003900FDF7CDFB0200A3
:10B580000B0020002900FDF741FE320004000D00F1
:10B59000009801993B00FCF76FFC02000B002000B3
:10B5A0002900FCF795FF02000B0002980399FCF7B5
:10B5B00063FC32003B00FCF75FFC02000B00FCF771
:10B5C0005BFC5DE7994A93420BDC9948994957E740
:10B5D00002000B00FDF71AFE02000B00FCF778FFDB
:10B5E0004EE702000B00FDF797FB04000D007B4ABD
:10B5F0007B4BFDF791FB7B4A7B4BFCF73DFC22002C
:10B600002B00FDF789FB794A794BFDF7FFFD2200FE
:10B610002B00FDF781FB774A774BFCF72DFC2200CE
:10B620002B00FDF779FB754A754BFDF7EFFD220006
:10B630002B00FDF771FB734A734BFCF71DFC2200D6
:10B640002B00FDF769FB714A00900191704B2000BF
:10B650002900FDF761FB6F4A6F4BFDF7D7FD220014
:10B660002B00FDF759FB6D4A6D4BFCF705FC2200E2
:10B670002B00FDF751FB6B4A6B4BFDF7C7FD22001A
:10B680002B00FDF749FB0022524BFCF7F5FB0200B3
:10B690000B0000980199FCF71BFF3A003300FDF7FF
:10B6A0003BFB02000B0064486449FDF7AFFD02005C
:10B6B0000B0038003100FDF7A9FD02000B005C48CB
:10B6C0005C49FDF7A3FDDBE659485D49D8E6002259
:10B6D000404BFCF7D1FB00223F4BFDF71DFB040064
:10B6E0000D003E4A3E4BFDF717FB3E4A3E4BFCF732
:10B6F000C3FB22002B00FDF70FFB3C4A3C4BFDF740
:10B7000085FD22002B00FDF707FB3A4A3A4BFCF778
:10B71000B3FB22002B00FDF7FFFA384A384BFDF748
:10B7200075FD22002B00FDF7F7FA364A364BFCF781
:10B73000A3FB22002B00FDF7EFFA009001912000FF
:10B74000290001F0E3FC314A06000F00304B2000D5
:10B750002900FDF7E1FA2F4A2F4BFDF757FD220094
:10B760002B00FDF7D9FA2D4A2D4BFCF785FB220063
:10B770002B00FDF7D1FA2B4A2B4BFDF747FD22009A
:10B780002B00FDF7C9FA0022124BFCF775FB0200F3
:10B790000B0000980199FCF79BFE32003B00FDF77F
:10B7A000BBFA254A254BFDF731FD32003B00FCF783
:10B7B00063FB02000B00FCF75FFB02000B001C4860
:10B7C0001F49FDF723FD5BE6FFFFEF3F000010C0C0
:10B7D000FFFFDF3F0000F03F0000E03F09F7FD0DF5
:10B7E000E13D023F88B20175E0EF493F3B8F68B50C
:10B7F0002882A43F5544880E55C1C93F7D6FEB0395
:10B8000012D6D43F555555555555C53F82922EB148
:10B81000C5B8B33F59018D1B6C06E63FC88A599CD9
:10B82000E52A00404B2D8A1C273A03400000603C6B
:10B83000182D4454FB21F93F075C143326A6913C94
:10B84000FB210940F0B53C4A83B005000C00914251
:10B8500036DD3A4A914208DD394A91423CDD020028
:10B860000B00FCF709FB03B0F0BD364A8A1802430F
:10B870002FD08022D205914235DC0022324BFDF7D9
:10B88000C5FC02000B0004000D00FCF7F5FA2200D5
:10B8900006000F002B0020002900FDF73DFA0200F2
:10B8A0000B0030003900FCF7E7FA01F02FFC020032
:10B8B0000B0020002900FCF7DFFAFEF791FDD2E72C
:10B8C00002000B00FDF7A2FC02000B00FCF700FEDB
:10B8D000C9E700200021C6E700F0ACFE1B4A1C4B64
:10B8E000FCF7CAFABFE702000B00FDF715FA0022C9
:10B8F000154BFDF78BFC01F009FC2A0006000F0038
:10B90000230028002100FCF7B7FA320000900191D3
:10B910003B0028002100FCF7AFFA02000B000020DA
:10B920000949FCF7D5FD02000B0000980199FDF7CD
:10B930006DFC00F07FFE96E7FFFFEF3FFFFFAF419A
:10B94000FFFFEF7F000010C00000F03FEF39FAFE6C
:10B95000422EE63FF0B557464E464B005B089A46EE
:10B96000C0B4CD4B87B006000F0089469A4512DD62
:10B97000CA4B5344034322D002000B00FDF746FCA0
:10B980000B000200FCF7A4FD0300180007B00CBC7C
:10B9900091469A46F0BDC24B9A4524DCC14B9A456C
:10B9A00000DD0CE1C04AC14BFCF766FA0022C04B37
:10B9B000FBF718FA002816D033003900E5E7BD4A36
:10B9C000BD4BFDF7A9F9BD4A04000D00BC4B30008A
:10B9D0003900FDF7A1F90B00020029002000FCF757
:10B9E0004BFA0300D1E730003900FEF75DFC02009E
:10B9F0000B000020AE49FDF709FC0022B14BFDF71A
:10BA00008BF904000D00B04AB04BFDF785F9B04A40
:10BA1000B04BFCF731FA22002B00FDF77DF9AE4A5E
:10BA2000AE4BFDF7F3FB22002B00FDF775F9AC4A96
:10BA3000AC4BFCF721FA22002B00FDF76DF9AA4A66
:10BA4000AA4BFDF7E3FB22002B00FDF765F9A84A9E
:10BA5000A84BFCF711FA22002B00FDF75DF9A64A6E
:10BA600002900391A54B20002900FDF755F9A44A47
:10BA7000A44BFDF7CBFB22002B00FDF74DF9A24AAA
:10BA8000A24BFCF7F9F922002B00FDF745F9A04A7B
:10BA9000A04BFDF7BBFB22002B00FDF73DF9844BCB
:10BAA0000022FCF7E9F9049005912000290001F03B
:10BAB0002DFB994B06000F009A4563DC0B000298A2
:10BAC0000399002200920193049A059BFCF700FD64
:10BAD0003200029003913B0030003900FCF7CCF9B2
:10BAE00002000B0002980399FDF716F902900391EA
:10BAF0000098019902000B00FDF70EF902000B00FF
:10BB000020002900FDF782FB009A019B04000D0034
:10BB100030003900FCF7B0F902000B0020002900CA
:10BB2000FCF7D6FC02000B00FCF7A6F902000B00A4
:10BB300062486349FDF76AFB02000B000298039913
:10BB4000FDF764FB04000D000098019902000B0052
:10BB5000FCF792F902000B0056487049FDF756FBBE
:10BB600002000B0020002900FDF750FB02000B0033
:10BB700050486A49FDF74AFB4B46002B00DC84E045
:10BB8000030002E7049A059B02980399FCF7A0FCC6
:10BB900032003B00FDF7C0F832003B00FCF76CF9C7
:10BBA00002000B00FCF768F9444A454BFDF72EFBF9
:10BBB00002000B003F484049FDF728FBDCE702008C
:10BBC0000B00FDF7A9F804000D003F4A3F4BFDF7BD
:10BBD000A3F83F4A3F4BFCF74FF922002B00FDF73B
:10BBE0009BF83D4A3D4BFDF711FB22002B00FDF772
:10BBF00093F83B4A3B4BFCF73FF922002B00FDF743
:10BC00008BF8394A394BFDF701FB22002B00FDF779
:10BC100083F8374A374BFCF72FF922002B00FDF74A
:10BC20007BF8354A00900191344B20002900FDF744
:10BC300073F8334A334BFDF7E9FA22002B00FDF786
:10BC40006BF8314A314BFCF717F922002B00FDF756
:10BC500063F82F4A2F4BFDF7D9FA22002B00FDF78E
:10BC60005BF80022124BFCF707F902000B0000986A
:10BC70000199FCF72DFC32003B00FDF74DF83B002D
:10BC80003200FCF7F9F803007FE6802212069446A2
:10BC90000300614479E6C046FFFFEF3F000010C09B
:10BCA000FFFFDF3FFFFF3F3E9C7500883CE4377E8F
:10BCB0000000F03F182D4454FB21F93F075C14337A
:10BCC00026A6913C0000E03F09F7FD0DE13D023F53
:10BCD00088B20175E0EF493F3B8F68B52882A43FE9
:10BCE0005544880E55C1C93F7D6FEB0312D6D43F32
:10BCF000555555555555C53F82922EB1C5B8B33FE0
:10BD000059018D1B6C06E63FC88A599CE52A004004
:10BD10004B2D8A1C273A03403233EF3FFB21E93F8A
:10BD2000F8B515004F4646465A001C006B42C0B499
:10BD30002B434B4F5208DB0F88461343BB423AD884
:10BD40004B005B0899464E4643420343DB0F3343A7
:10BD5000BB4230D8434BE3182B4343D00226A317F2
:10BD60001E40CB0F1E434B4603432ED013002B43E4
:10BD700032D0BA4241D0B9452ED04B469A1A12154C
:10BD80003C2A32DC002C55DB2A002300FCF7A0FB08
:10BD9000FEF78AFAFEF70EF8012E46D0022E39D0B1
:10BDA000002E0ED0304A314BFDF730FA304A314B7D
:10BDB000FDF72CFA05E002000B0028002100FCF73B
:10BDC0005BF80CBC90469946F8BD022E10D0032EAD
:10BDD000F7D127482849F4E743462548002B0ADBDA
:10BDE0002649EEE7FDF7E6FFEBE721482349D3E7D5
:10BDF0001F482049E5E72249E3E791451FD0022E7D
:10BE0000F6D0032EE5D000200021012ED9D18021CB
:10BE10000906D6E7144A154BFDF7F8F902000B00A6
:10BE200013481449FDF7F2F9CBE7802424060B19D7
:10BE30001900C6E73C32A7DA00200021ACE7022E49
:10BE400006D0032E09D00A48012E04D00D49B8E7C8
:10BE50000D480E49B5E70E49B3E70B480D49B0E769
:10BE60000000F07F000010C0075C143326A6A13C40
:10BE7000182D4454FB210940FB2109C0FB21F93F47
:10BE8000FB21F9BFFB21E93FD221337F7CD902405E
:10BE9000FB21E9BF7CD902C0F0B5474680B44342DC
:10BEA0004E0003433A4A7608DB0F82B004000D00CF
:10BEB000070088463343934214D8964242D0354B0C
:10BEC0009E4219DC344A354BFBF7D6FF0022002393
:10BED000FAF788FF290000283AD0380002B004BCE5
:10BEE0009046F0BD02000B00FDF790F902000B0038
:10BEF000FCF7EEFA0700F0E7294B35009E4228DDFB
:10BF0000330002003100FBF7B7FF220006000F00EC
:10BF10002B0000201E49FDF779F902000B003000CC
:10BF20003900FCF7D5FAFEF75BFA1E4B0022FCF74E
:10BF3000F3FE43460700002BCFDA80231B069C4606
:10BF40006144CAE700220023FCF7C2FA0700C4E7F5
:10BF5000350022002B0020002900FBF78DFF220076
:10BF60002B0006000F00FCF7D7FE22000090019185
:10BF70002B0000200649FDF749F902000B0000984C
:10BF80000199FCF7A5FA32003B00FBF775FFCAE701
:10BF90000000F03FFFFF2F3E9C7500883CE4377E99
:10BFA000FFFFDF3F0000E03FF0B54B005E08474B6E
:10BFB00083B09E4218DC464B9E421FDD454B9E429D
:10BFC0005EDD454B9E4200DC75E0444B9E4242DD07
:10BFD000434B9E423CD0434A434B10001900FCF7B0
:10BFE0009BFE04000D0005E002000B00FCF794FE30
:10BFF00004000D002000290003B0F0BDFEF754F945
:10C0000002F05CF9394B002200900191FBF734FFFC
:10C01000374B04000D009E42ECDD009A019B10009E
:10C020001900FCF779FE22002B0006000F0020000B
:10C030002900FBF721FF02000B0030003900FCF75C
:10C0400047FA0022294BFBF717FF04000D00D1E748
:10C05000284B9842BFD8FEF727F90022264BFCF761
:10C060005BFE00F04BF804000D000022224BFCF7B1
:10C0700053FE22002B00FCF74FFE04000D00B9E731
:10C08000FEF712F900F03AF800221B4B04000D00F5
:10C09000FCF742FE22002B0006000F00002016498C
:10C0A000FCF716FA02000B0030003900FBF7E4FE43
:10C0B00004000D009EE7FEF7F7F800F01FF80022DD
:10C0C0000D4BFCF729FE04000D0093E7FFFFEF7F07
:10C0D000422ED63FFFFF3540412E8640CD3386406D
:10C0E000CE3386409C7500883CE4377E0000F03FEC
:10C0F000FFFF7F3C7DF8B98F0000E03FF0B5574669
:10C1000080B44B000E00CC0F954984B007005B084B
:10C110008B420ED993498B4200D884E03203120B34
:10C12000024300D0F7E03100002C78D0002000213D
:10C1300075E08D4A934200D9B6E08C4A934200D80C
:10C14000CAE000239A463A00330038003100FCF779
:10C15000E3FD04000D00864A864BFCF7DDFD864AB0
:10C16000864BFDF753F822002B00FCF7D5FD844ADF
:10C17000844BFBF781FE22002B00FCF7CDFD824AA9
:10C18000824BFDF743F822002B00FCF7C5FD804AE7
:10C19000804BFBF771FE22002B00FCF7BDFD020077
:10C1A0000B0038003100FDF731F8534604000D0054
:10C1B0000200002B00D1B4E00B0038003100FCF786
:10C1C000ABFD0F008021060022002B000020C905D6
:10C1D000FDF71CF802000B0030003900FCF778F97D
:10C1E00002000B0002980399FDF710F8009A019BDA
:10C1F000FDF70CF80B00020067490020FDF706F878
:10C20000664B9A4500DB7AE0FA24A40054442405E6
:10C2100063181900B82300225B04FCF77DFD04B00D
:10C2200004BC9246F0BD5E4A5E4B3100FAF7DAFD7F
:10C23000002869D15C4A5D4B38003100FAF7BEFD39
:10C24000002800D072E75A4BE4001C19594A5A4B97
:10C2500038003100FCF760FD22686368FBF70CFED4
:10C26000FDF748FB8246FDF77BFB544A544B040024
:10C270000D00FCF751FD02000B0038003100FCF707
:10C28000C5FF504A009001914F4B20002900FCF758
:10C2900043FD02900391029A039B00980199FCF7D9
:10C2A000B5FF07000E004EE7484A9342CBD8484BF3
:10C2B000E5005B191A685B683100FCF7A7FF454B86
:10C2C000009001915D192A686B6802920393012323
:10C2D0001B1B1B1B9A46DEE73F4A404B3100FBF716
:10C2E000CBFD00222C4BFAF77DFD002800D128E77A
:10C2F0000022294B38003100FBF7BEFD8FE7544682
:10C300002405631819008AE7334A344B10001900DA
:10C31000FCF702FD83E7020033003100FBF7ACFDC0
:10C320007DE70B0038003100FCF7F6FC802300901D
:10C3300001910022DB0520002900FCF767FF0200C5
:10C340000B0000980199FCF7C3F83A003300FCF7A2
:10C350005DFF02000B0000200F49FCF757FF5EE76E
:10C36000412E8640FFFFEF7F422ED63FFFFF2F3E3C
:10C37000D0A4BE726937663EF16BD2C541BDBB3EEB
:10C380002CDE25AF6A56113F93BDBE166CC1663FC9
:10C390003E5555555555C53F0000F03F03FCFFFF86
:10C3A000EF39FAFE422E864051302DD5104987C014
:10C3B00020580300FE822B654715F73F0000E0FE82
:10C3C000422EE63F763C7935EF39EA3DB1A2F03FA7
:10C3D00040580300305803009C7500883CE4377EC9
:10C3E000F8B5564644465F464D4698465B005B08A6
:10C3F000F0B41E008246040015001700164326D034
:10C40000CE0FF607B3464E40B146804EB1451EDC16
:10C4100056421643F60F1E43B4467D4EB44516D819
:10C42000994504DC84461ADB904218D35FD07949E1
:10C4300089451BDC4946002900D0AAE056467649CA
:10C44000002E18DD01397600002EFBDC13E0434698
:10C45000FCF762FC02000B00FCF73AF884466046E9
:10C460003CBC90469946A246AB46F8BD6B4E494649
:10C47000B44609156144674EB3420ADC002B00D074
:10C480009EE0654E002D07DD013E6D00002DFBDCBA
:10C4900002E0624E1D15AE19614DA94267DB4846A8
:10C4A000050380202D0B400305435D4886424FDB8A
:10C4B000434680221B031B0B52031343881BEA1ABB
:10C4C00000281DD0BC4289414942521A09D41100AA
:10C4D000E41B21430BD0E50F5200551964000138CD
:10C4E000EDE7E10F6A00551864000138E7E75B46A5
:10C4F000DE0F4C4BF6009E19336871689C46AEE720
:10C50000BC429B415B42D21A6CD4E41B1300234310
:10C51000EDD0404B18009A4206DCE10F53005A1848
:10C520006400013E8242F8DD3D498E424FDA891BAC
:10C53000142959DC202023001400401ACB408440E9
:10C540001C4313000B415A461A431100A44686E7C8
:10C55000801B84461F282DDC20273F1A1000F8403E
:10C5600007006046834082403B431700A6E76C1AF1
:10C57000A4461F2C18DC20252D1B0400EC404D4642
:10C58000A2466446A540544625436446A0400400A4
:10C590008BE74946CE022249002E00DC6BE70139C9
:10C5A0007600002EFBDC66E71F4C641AA0400024D6
:10C5B00005007AE71C4B00279B1B9A4013007DE780
:10C5C000174EDD02013E6D00002DFBDC64E7174BCA
:10C5D000A446D3185A461343154AB5182D052B43C4
:10C5E00019003CE72A0091E71F2908DC23002020DE
:10C5F000CB40411A8A4014001C435B46A3E70A4B18
:10C600009B1B1A415B4614009DE7C046FFFFEF7F6E
:10C610000000F07FFFFF0F00EDFBFFFF01FCFFFFBD
:10C6200002FCFFFF50580300E2FBFFFF0000F0FF99
:10C63000FF030000F0B557464E464546E0B4DA4ADF
:10C6400088B00B00914255DC4A005208024300D1E9
:10C65000EFE0002900DA79E1D44B0022FCF75CFB23
:10C660003625D34C0B006D42A34247DC1A151B0341
:10C670001B0B9846CF4C8023A446CF4C5B0344440D
:10C680002340CE4C624452195C4045461B159946E6
:10C690002543CA4B290091440022FCF7B7FD4346CD
:10C6A00002331B0306000F001B0B0022022B2FDCA2
:10C6B0000023FAF77DFB002800D1C1E04B46002B98
:10C6C00000D14CE14846FDF74BF9BD4ABD4B040093
:10C6D0000D00FCF721FBBC4A06000F00BB4B2000FD
:10C6E0002900FCF719FB02000B0030003900FBF7B2
:10C6F000C3FB07E0AE4C0025A342B7DD02000B00F0
:10C70000FBF7BAFB08B01CBC90469946A246F0BDA8
:10C710008023DB05FBF7B0FB02000B003000390083
:10C72000FBF7D6FE040048460D00FDF719F922007C
:10C73000029003912B002000290004940595FCF73A
:10C74000EBFA04000D00A24B020043449A460B0092
:10C7500000940195FCF7E0FA04000D009D4A9E4B01
:10C76000FCF7DAFA9D4A9E4BFBF786FB22002B0072
:10C77000FCF7D2FA9B4A9C4BFBF77EFB22002B0076
:10C78000FCF7CAFA994A9A4BFBF776FB009A019B91
:10C79000FCF7C2FA974A00900191974B20002900BC
:10C7A000FCF7BAFA954A964BFBF766FB22002B0082
:10C7B000FCF7B2FA934A944BFBF75EFB22002B0086
:10C7C000FCF7AAFA0B00020000980199FBF754FB52
:10C7D0000D0041468D4B04005B1A51460B43002B64
:10C7E00054DD00228A4B30003900FCF795FA320004
:10C7F0003B00FCF791FA4B460A00010000910192C0
:10C80000002B72D11300290002002000FBF734FB3B
:10C81000049A059BFCF780FA02000B00009801992E
:10C82000FCF7F4FC02000B0030003900FCF7EEFCD2
:10C8300068E70022002300207649FBF749FE61E704
:10C84000754A764B30003900FCF766FA02000B009F
:10C8500000206F49FCF7DAFC320004000D003B00B9
:10C8600030003900FCF758FA0B00020029002000C4
:10C87000FCF752FA4B4604000D00002B72D1020067
:10C880000B0030003900FCF7C1FC3BE74B46002BA6
:10C8900000D1C5E002980399494A4A4BFCF73CFA9B
:10C8A0002200009001912B0030003900FCF7AEFC13
:10C8B000049A059BFCF730FA434A04000D000298E5
:10C8C0000399424BFCF728FA02000B0020002900D4
:10C8D000FCF79CFC32003B00FCF798FC02000B00CC
:10C8E00000980199FCF792FC0CE7354A354B029809
:10C8F0000399FCF711FA009A019B0690079120001A
:10C900002900FBF7B9FA049A059BFCF705FA2E4AB1
:10C9100004000D00029803992C4BFCF7FDF902006E
:10C920000B0020002900FBF7A7FA02000B0000987B
:10C930000199FCF76BFC32003B00FCF767FC02003E
:10C940000B0006980799FCF761FCDBE602000B0080
:10C95000FCF75CFC00220023FBF7BAFDD2E60020C6
:10C960000021CFE64846FCF7FBFF154A154B009027
:10C970000191FCF7D1F9144A0290039100980199B2
:10C98000124BFCF7C9F902000B0020002900FCF74C
:10C990003DFC32003B00FCF739FC02000B00029822
:10C9A0000399FCF733FCADE6FFFF0F000000504396
:10C9B000FFFFEF7F01FCFFFF645F09000000F03F15
:10C9C0000000E0FE422EE63F763C7935EF39EA3D45
:10C9D00086EBF9FF44523EDF12F1C23FDE03CB96F5
:10C9E0006446C73F599322942449D23F93555555E5
:10C9F0005555E53F9FC678D0099AC33FAF788E1D45
:10CA0000C571CC3F04FA97999999D93F51B806005E
:10CA10000000E03F000050C3555555555555D53FD2
:10CA200022002B0030003900FCF7F0FB049A059B34
:10CA3000FCF772F9F6E6C046F0B54F464646C0B47C
:10CA40003B4A83B004000D000B0091421CDC4A00FD
:10CA5000520802435BD0002960DB0022354BFCF713
:10CA60005BF936220D000B003349040052428B4221
:10CA70000EDD22002B0020002900FBF7FDF903B09A
:10CA80000CBC90469946F0BD2B4900228B42F0DC4D
:10CA90002A4918158C4660448218D10F89461B0319
:10CAA0004A441B0B10009846FCF75AFF4A46244B99
:10CAB00006009B1A42461B051A430F002000110076
:10CAC000FFF7B8FD1F4A04000D001F4B300039006E
:10CAD000FCF722F91D4A009001911D4B200029000E
:10CAE000FCF71AF902000B0000980199FBF7C4F952
:10CAF000184A04000D00184B30003900FCF70CF9FF
:10CB000002000B0020002900FBF7B6F9B7E700226E
:10CB1000002300201149FBF7DBFCB0E702000B000B
:10CB2000FCF774FB00220023FBF7D2FCA7E7C0460A
:10CB3000FFFF0F0000005043FFFFEF7F01FCFFFFEE
:10CB4000FF030000362BF111F3FE593D0EE52615CB
:10CB50007BCBDB3F00609F501344D33F000050C3AA
:10CB6000F0B54E4657464546E0B4DC4B4E0090B01B
:10CB70001700894676089E4200DC81E0D84B9E4231
:10CB800020DCD84A002900DC89E1D74BFCF73EFBCA
:10CB9000D54B04000D009E4200D18AE0D34AD44B0D
:10CBA000FCF734FB02000B0020003A607B60290098
:10CBB000FCF72CFBCD4ACE4BFCF728FBB860F960A4
:10CBC000012066E0CB4B9E4200DC8DE0CA4B9E42CA
:10CBD00065DCCA4932158A46924453461B05F51A4C
:10CBE00029000400FCF786FEFCF7BAFE02000B00E9
:10CBF000200029000A920B93FCF708FB0022C04B8F
:10CC0000FCF78AF802900391FCF774FEFCF7A8FE8B
:10CC100004000D0002000B00029803990C940D957E
:10CC2000FCF7F4FA0022B64BFCF776F8002200235A
:10CC30000E900F91FAF7BCF8002800D14CE10023C8
:10CC4000002220002900FAF7B3F80222431E98417F
:10CC5000131AAC4A3900019202220AA800925246E5
:10CC600000F064FC4B46002B13DA80221206944637
:10CC70007B68404263447B60FB686344FB6008E080
:10CC800002000B003A607B60002200230020BA60A3
:10CC9000FB6010B01CBC90469946A246F0BD020055
:10CCA0000B00FCF7B3FAB860F960386079600020D7
:10CCB000EFE7D3228E4B5205FCF7A8FA924A934B2A
:10CCC00004000D00FCF7A2FA02000B0020003A60FD
:10CCD0007B602900FCF79AFA8B4A8C4BFCF796FA9A
:10CCE000B860F9600120D4E7FDF7DEFA884A894B85
:10CCF00004000D00FCF710F80022874BFBF7BCF88E
:10CD0000FCF7F8FD8046FCF72BFE764A764B069042
:10CD10000791FCF701F802000B0020002900FCF746
:10CD200075FA734B02900391069807996F4AFBF7C7
:10CD3000F3FF434604000D00049405951F2B30DCDF
:10CD4000013B764A9B009B589E422AD002000B0072
:10CD500002980399FCF75AFA02000B0005000C0038
:10CD60003A607B60029803992A002300FCF74EFA90
:10CD7000049A059BFCF74AFA06000B003200BA60E1
:10CD8000FB604B464046002B00DB82E780231B06FE
:10CD90009C46644461443D607C60BE60F9604042F2
:10CDA00077E7049A059B02980399FCF72FFA0B008A
:10CDB00002003A607B604B0036155B0D05000C00ED
:10CDC000F31A102BCEDD06980799D322484B520553
:10CDD000FBF7A2FF04000D0002000B00029803996C
:10CDE000FCF714FA02000B000298039908920993C9
:10CDF000FCF70CFA22002B00FCF708FA04000D00E7
:10CE000006980799404A414BFBF786FF22002B000A
:10CE1000FCF7FCF902000B000490059108980999B1
:10CE2000FCF7F4F902000B003A607B604B005B0DED
:10CE3000F61A0500089A099B0C0002920393312E02
:10CE400090DD06980799B822304B9205FBF764FFF6
:10CE500004000D0002000B0002980399FCF7D6F9BC
:10CE60000A00010013000291039202000898099938
:10CE7000FCF7CCF922002B00FCF7C8F904000D00E8
:10CE800006980799264A274BFBF746FF22002B00FE
:10CE9000FCF7BCF902000B000492059358E7124B13
:10CEA000FAF7EAFF104B04000D009E423CD00F4AF7
:10CEB0000F4BFAF7E1FF02000B0020003A607B60A5
:10CEC0002900FCF7A3F9094A094BFAF7D5FFB86026
:10CED000F96001204042DCE60323BAE6FB21E93F8A
:10CEE0007BD9024000004054FB21F93F3163621AB4
:10CEF00061B4D03DFB213941FFFFEF7FEAFBFFFF2B
:10CF000000007041206703007370032E8A19A33B51
:10CF100083C8C96D305FE43F0000E03FA0660300B6
:10CF2000C14920259A837B39D3220D4B5205FAF74C
:10CF3000A3FF0C4A0C4B04000D00FAF79DFF020002
:10CF40000B0020003A607B602900FCF75FF9054A7E
:10CF5000054BFAF791FFB860F9600120404298E66E
:10CF600061B4D03D7370032E8A19A33BF0B54B001A
:10CF70005C08594B85B007000E009C421DDC00295F
:10CF800030DB0022554B00920193554B9C4219DC3B
:10CF9000544B9C4200DD73E0534A544B380031003F
:10CFA000FAF76AFF524B0022F9F71CFF3100030029
:10CFB0003800002B1BD005B0F0BD02000B00FAF7C3
:10CFC0005BFFF8E74B4B9C4278DD4B4B9C4240DDCE
:10CFD0004A4B9C423AD0444A444B38003100FBF75C
:10CFE0009BFEE8E70022464B00920193CDE7380014
:10CFF0003100FDF759F901F061F906000F00320028
:10D000003B0030003900FAF737FF320004000D0012
:10D010003B0030003900FBF77FFE002202900391B5
:10D02000334B30003900FAF727FF02000B0002985B
:10D030000399FBF74DFA02000B0020002900FCF7D2
:10D04000E5F8009A019BFBF767FEB4E72D4B9F4282
:10D05000C1D838003100FDF727F900221F4BFBF73C
:10D060005BFEFFF74BF806000F0002000B00009874
:10D070000199FBF751FE32003B00FBF74DFE9AE7AA
:10D0800038003100FDF710F901F018F91E4B0600C9
:10D090000F009C42B3DD0022154BFAF7EDFE0200B3
:10D0A0000B0030003900FBF713FA32003B00FAF7AF
:10D0B000E3FE009A019BFBF72FFE7CE7380031006E
:10D0C000FDF7F2F8FFF71AF802000B00009801993B
:10D0D000FBF722FE6FE7C046FFFFEF7F0000E03F57
:10D0E000FFFF3540FFFF2F3E3374AC3C1F7BAC7F0E
:10D0F0000000F03F412E8640CD338640CE3386403F
:10D100000000E0BF7DF8B98FFFFFEF3FF0B5564656
:10D110004D4644465F46754BF0B40A000D001900B9
:10D1200083B0060004002940994200D1BAE0002DE6
:10D1300000DC94E02D1500D1A3E06D4B12039C465A
:10D140008023120B5B0365441A43EB0700D581E093
:10D150006B109846E30F9B189B188022162100261F
:10D16000002764009203B818984202DC87181B1A43
:10D17000B618E00F5B0001391B1864005208002943
:10D18000F1D100220192944680221206202091467D
:10D1900009E09F4241D0E10FC9180138CB18640063
:10D1A000520800281ED0614651189F42F1DA8D18AE
:10D1B000AC46CD0FED07BA464D4539D0DB1B8C424E
:10D1C000BF417F42DB1B641A019901388B469344AF
:10D1D00059460191E10FC9185746CB18640052080F
:10D1E0000028E0D123432BD1019B5B0841497210F9
:10D1F0008C466244F10702D5802109060B43414663
:10D2000009058D181E002F003000390003B03CBC0A
:10D2100090469946A246AB46F0BDA1420ED88D1865
:10D22000AC46CD0FED074D4548D09A460023CAE7DE
:10D230006546002DC2DB7D1CAA46BFE73B00AAE77E
:10D24000019B01333ED0019A01239446134063446D
:10D250005B08CBE7E30F52009A18640078E76B0095
:10D260005B0803432F00002BCED00025002A31D1CC
:10D27000E20A153D6405002AFAD080235B031A42B6
:10D2800023D180200023400300E00B005200591CF2
:10D290000242FAD02020401AED1A2300C3408C40ED
:10D2A0001A434AE702002B002900FBF735FD320044
:10D2B0002B00FAF7E1FD06000F00A5E76546002DFB
:10D2C000B9DAB2E70136002390E7012320205B4260
:10D2D0000021E1E73B0002003900FBF797FF020065
:10D2E0000B00FBF7F5F806000F008DE70000F07F5C
:10D2F00001FCFFFF0000E03FF0B54F464646C0B4DA
:10D3000087B000920193754B4F00814688467F0895
:10D310009F4263DCFCF7EEFA002800D1DAE04A46CF
:10D32000434648464146FBF7F7FC04000D006C4AB3
:10D330006C4BFBF7F1FC6C4A6C4BFAF79DFD22003D
:10D340002B00FBF7E9FC6A4A6A4BFBF75FFF220000
:10D350002B00FBF7E1FC684A684BFAF78DFD2200D1
:10D360002B00FBF7D9FC664A664BFBF74FFF220008
:10D370002B00FBF7D1FC644A644BFAF77DFD2200D9
:10D380002B00FBF7C9FC029003910022604B2000A8
:10D390002900FBF7C1FC029A039B06000F00200046
:10D3A0002900FBF7B9FC009A019B04000D004846D8
:10D3B0004146FBF7B1FC02000B0020002900FBF7FF
:10D3C00025FF02000B0030003900FBF71FFF0200B1
:10D3D0000B0000204F49FBF719FF70E002000B0023
:10D3E000FBF79AFC04000D003D4A3E4BFBF794FC12
:10D3F0003D4A3E4BFAF740FD22002B00FBF78CFC28
:10D400003B4A3C4BFBF702FF22002B00FBF784FC5E
:10D41000394A3A4BFAF730FD22002B00FBF77CFC2F
:10D42000374A384BFBF7F2FE22002B00FBF774FC67
:10D43000354A364BFAF720FD2B002200FBF76CFC37
:10D44000354B029003919F429FDD344B00229F4257
:10D450003ADC334900207B182E4916001F00FBF7E9
:10D46000D5FE049005910022294B20002900FBF7EE
:10D4700053FC32003B00FBF7C9FE029A039B0600F7
:10D480000F0020002900FBF747FC009A019B0400D5
:10D490000D0048464146FBF73FFC02000B00200010
:10D4A0002900FBF7B3FE02000B0030003900FBF748
:10D4B000ADFE02000B0004980599FBF7A7FE07B02C
:10D4C0000CBC90469946F0BD164B0026049205937D
:10D4D000154FC8E700200F49F1E7C046FFFF3F3E68
:10D4E000D43888BEE9FAA8BDC4B1B4BD9EEE213ED1
:10D4F000AD529C804F7E923E9015CB19A001FA3E12
:10D500007751C1166CC1563F4C5555555555A53FE1
:10D510000000E03F0000F03F3233D33F0000E93F1E
:10D520000000E0FF0000E73F0000D23FF0B55646A4
:10D530004D4644465F46F0B4904CA544099119000D
:10D540001400A89A0B938E4B9200D2580B000290B5
:10D55000013BE01E18211D00160008920093F9F708
:10D560002BFBC3430200DB171A40130011000133E9
:10D570000E929A009B1ADB001B1906934C1B76191E
:10D5800018D4A99BA5009C46361926AF65440136E0
:10D5900007E02868FCF7E4F9013403C70435B44216
:10D5A00008D0002CF5DA00200021013403C704352F
:10D5B000B442F6D1089B002B01DA00F0FDFB76ABFC
:10D5C0000A939A46009B0B9A9946089B94469B4661
:10D5D000D300E3449C46029A059362449046009B24
:10D5E000002B00DABBE14B46DC0026AB9C46002654
:10D5F0000027029D64442268636803CDFBF78CFB1F
:10D6000002000B0030003900FAF736FC083C060037
:10D610000F004545EFD15346C0C39A4601239C46AF
:10D62000E144D945DBD1089A564913008C4663443E
:10D630009B0012A8844619000298614484460D910B
:10D640000599043361448B4612A98C4663440F93B9
:10D650000592059A0A98D30019000C938C46030092
:10D6600063441E685F68002A34DD12AB99461300DC
:10D67000454A804694466344DB00984474AB9A461E
:10D680000022424B30003900FBF746FBFCF732F931
:10D69000FCF766F900223E4B04000D00FBF73CFB53
:10D6A00002000B0030003900FBF7B0FDFCF722F957
:10D6B0004B4601C39946434620001A685B6829001F
:10D6C000FAF7DAFB08235B429C46E04406000F00B1
:10D6D000D045D5D1069B30001A003900994601F09B
:10D6E00037F8FF2300229B0504000D00FBF714FB15
:10D6F000FCF7DEFD0022274BFBF70EFB02000B00C0
:10D7000020002900FBF782FD04000D00FCF7F2F871
:10D710008046FCF725F902000B0020002900FBF7EA
:10D7200075FD4C4606000F00002C00DCF8E0059B60
:10D7300018205A1E920012AB9B58001B1900014181
:10D74000884481405B1A12A98B501722121B134187
:10D750000793079B002B4BDD01239C46059BE04470
:10D76000002B00DCF2E280251096119712AB00210D
:10D77000002409486D04059F19E0C04684FDFFFFA1
:10D7800028680300FEFFFF3FFFFFFF1F0000703E01
:10D790000000704100002040FFFFFF00002A02D07F
:10D7A000AA1A1A600134013104338F4209DD1A6864
:10D7B000002CF3D0821A01311A60012404338F4205
:10D7C000F5DC109E119F069B002B0EDD012B00D176
:10D7D000B1E0022B09D1059B12A95A1E920012AB8F
:10D7E0009B5810939B029B0A8B50079B022B7ED069
:10D7F0000023002230003900F9F7DAFA059B0028EF
:10D8000000D16BE208995A1E914210DCBF490F9873
:10D810008C4612A963448C4600219B0063441C681B
:10D82000043B21438342FAD1002900D0B5E0089B94
:10D8300012AA013B9B00D358002B00D084E20122A6
:10D840000D9B043B596801320029FAD005990B0061
:10D850008C46013362440792934242DC0E9A94460E
:10D86000A99A634492460B9A9B00944626AA904636
:10D870009A44059B0A9A6344DB0098440C9B9446A7
:10D880009946079BE144DB006344059353461868BF
:10D89000FCF766F8434618605960009B002B23DBB9
:10D8A000444600260027029D2268636803CDFBF7EB
:10D8B00033FA02000B0030003900FAF7DDFA083CB9
:10D8C00006000F005D45EFD14B469E60DF600423EC
:10D8D0009C460433E2449C46059BE144E044994560
:10D8E000D4D1079B0593B4E600260027ECE732006D
:10D8F0003B0000208649FBF789FC06000F00002C46
:10D9000000D175E7069A0020814900F021FF02004E
:10D910000B0030003900FBF779FC06000F0067E7C9
:10D92000069B002B12D1059B12AA013B9B00D558E8
:10D93000EB1507930DE7059B12A95A1E920012AB37
:10D940009B5810935B025B0A8B504EE70022714B91
:10D95000F9F752FA00280ED10023079348E75346FF
:10D9600000260027C0C39A4601239C46E144D945BE
:10D9700000D034E657E601239C4601330793059B0C
:10D98000E044002B00DDEEE632003B000020604961
:10D99000FBF73CFC06000F002AE743460B93069B6F
:10D9A00012A8183B190006939300C3580092002B4D
:10D9B0000FD156481300844612A8634484469B0046
:10D9C0006344043B5868013A18390028F9D00092A2
:10D9D0000691069A00204E4900F0BAFE009B040012
:10D9E0000D00002B00DAB3E112AA94469F00DB0081
:10D9F00067449C460A9A0593624493461600386829
:10DA0000FBF7AEFF22002B00FBF786F9424B30609C
:10DA10007160002220002900FBF77EF9083E74ABFC
:10DA200004000D00043FB342E9D100239A464EABF7
:10DA30000293089B99464B4600260027002B21DBCA
:10DA40008020364B5D469846C005354900260027A4
:10DA5000002408E008239C460835E044A24511DB79
:10DA60004346186859682A686B68FBF755F9020045
:10DA70000B0030003900FAF7FFF9013406000F00FF
:10DA8000A145E7DA029A53469446DB0063441E60E0
:10DA90005F6001239C46093BE2449C4674ABE3442F
:10DAA0009B45C8D1029B9946A89B022B00DD82E0D2
:10DAB000002B37DC1DD1059B00254B441E000024A4
:10DAC0003268736828002100FAF7D6F9009B050038
:10DAD0000C00083E5A1E0092F2D2079B002B03D086
:10DAE00080231B069C4664442A00230009990A608F
:10DAF0004B6007200B9B18409F239B009D443CBC20
:10DB000090469946A246AB46F0BDC046FFFFFF3F98
:10DB10000000F03F0000E03F0000703E605803004E
:10DB2000FB21F93F059B00204B441E0000214CAF18
:10DB300032687368083EFAF79FF9BE42F8D1079B36
:10DB4000002B24D08023099A1B06CB181060536049
:10DB50000B0002004E984F99FBF758FB009B002BDF
:10DB60000BDD012450AD0CCDFAF786F9009B013492
:10DB7000A342F8DA079B002B03D080231B069C46A8
:10DB800061440B00020009998A60CB60B1E7020092
:10DB90000B00099C226063600B0002004E984F99B5
:10DBA000FBF734FB009B002BDBDC0B000200099928
:10DBB0008A60CB609DE7A89B032B9AD1009B002B2A
:10DBC00000DCE3E07F4A059B94464B441E685F6897
:10DBD000009B63449A46DB004B4498464CAB9B4603
:10DBE00043465C681B681800210032003B0002902D
:10DBF0000391FAF741F904000D0002000B000298AE
:10DC00000399FBF703FB3B003200FAF735F9434673
:10DC10009860D9601C605D6008235B429C46E044CC
:10DC200026002F00C345DBD1009B012B00DCADE0BB
:10DC3000059BC8464B441E685F685346DB009B4605
:10DC4000D844434630005C681B6839000093019457
:10DC50001A002300FAF710F904000D0002000B006F
:10DC600000980199FBF7D2FA3B003200FAF704F969
:10DC700043469860D9601C605D6008235B429C4607
:10DC8000E04426002F00C145DBD15D46002700247B
:10DC900008354D4450AE2A686B6838002100FAF709
:10DCA000EBF8083D07000C00AE42F4D1079B002BB7
:10DCB00071D08021099A4E9B090613604B468C4611
:10DCC0005B686444634453604B469B681761936090
:10DCD0004B46DB6854616344D3600AE79946434688
:10DCE0000B93069B30005A42390000F031FD0022B0
:10DCF000354B04000D00F9F77FF8002832D0334B84
:10DD0000002220002900FBF707F8FBF7F3FD4A4645
:10DD100006009700FBF724FE00222B4BFAF7FCFFCE
:10DD200002000B0020002900FBF770FAFBF7E2FD70
:10DD300012AAD0514A46069B01321833009206932C
:10DD4000930012AAD65044E601227FE500243AE56A
:10DD5000A89B022B14DC002B0FDC00D0C9E60025A9
:10DD60000024BAE64B46200029009E00FBF7C2FDC6
:10DD700012AB98514B4600932BE600200021DEE6C3
:10DD80004EAB9946A89B032B00D0B2E6079B002719
:10DD90000024002B8DD14E9A4F9B09990A604B604D
:10DDA0004B469A68DB68009201938A60CB603A0028
:10DDB00023000A614B619CE676AB0A930B9BDB0068
:10DDC000059330E4FFFFFF1F000070410000703E2C
:10DDD000F0B54F464646C0B487B000920193464A1C
:10DDE0004B00814688465B08934205DCFBF782FDC9
:10DDF0004146031E484666D04A4643464846414689
:10DE0000FAF78AFF04000D0002000B004846414665
:10DE1000FAF782FF394A3A4B06000F00200029002A
:10DE2000FAF77AFF374A384BFBF7F0F922002B005C
:10DE3000FAF772FF354A364BFAF71EF822002B002C
:10DE4000FAF76AFF334A344BFBF7E0F922002B0064
:10DE5000FAF762FF314B324AFAF70EF80E9B029046
:10DE60000391002B34D00098019900222D4BFAF732
:10DE700053FF029A039B0490059130003900FAF792
:10DE80004BFF02000B0004980599FBF7BFF9220035
:10DE90002B00FAF741FF009A019BFBF7B7F9224AE2
:10DEA00004000D00214B30003900FAF735FF020065
:10DEB0000B0020002900F9F7DFFF02000B004846A5
:10DEC0004146FBF7A3F907B00CBC90469946F0BD5C
:10DED00002000B0020002900FAF71EFF124A134B24
:10DEE000FBF794F932003B00FAF716FF4A46434627
:10DEF000F9F7C2FFE7E7C046FFFF3F3E7CD5CF5AA8
:10DF00003AD9E53DEB9C2B8AE6E55A3E7DFEB157BA
:10DF1000E31DC73ED561C119A0012A3F1111813F00
:10DF2000A6F810110000E03F495555555555C53F1D
:10DF3000F0B55F4656464D464446F0B489B000936E
:10DF40004B005B089A46BB4B8146884602928B4643
:10DF50009A4516DCFBF7CEFC00282FD14B465246E3
:10DF60001A43129B0133134300D148E1129B012B4A
:10DF700000D15BE14A4643460020AF49FAF7A8FAD0
:10DF8000F8E0AE4B9A4519DD002900DA42E14A4635
:10DF90004346AB48AB49FBF739F904000D00029A40
:10DFA000009BA948A949FBF731F92B002200F9F79A
:10DFB00063FF002381468846029300934A46434606
:10DFC00048464146FAF7A8FE02000B0006000F0083
:10DFD000FAF7A2FE320004000D003B00484641461D
:10DFE000FAF79AFE9A4A049005919A4B200029006C
:10DFF000FAF792FE984A994BF9F73EFF22002B0060
:10E00000FAF78AFE964A974BF9F736FF22002B0063
:10E01000FAF782FE944A954BF9F72EFF22002B0067
:10E02000FAF77AFE924A934BF9F726FF22002B006B
:10E03000FAF772FE904A914BF9F71EFF32003B004F
:10E04000FAF76AFE8E4A069007918E4B200029004F
:10E05000FAF762FE8C4A8D4BF9F70EFF22002B0077
:10E06000FAF75AFE8A4A8B4BF9F706FF22002B007B
:10E07000FAF752FE884A894BF9F7FEFE22002B0080
:10E08000FAF74AFE864A874BF9F7F6FE22002B0084
:10E09000FAF742FE844A854BF9F7EEFE02000B00C8
:10E0A00006980799F9F7E8FE049A059BFAF734FEFB
:10E0B000029D009C2A002300F9F7DEFE32003B009F
:10E0C000FAF72AFE02000B0028002100F9F7D4FE1F
:10E0D00004000D0004980599754A764BFAF71CFE6A
:10E0E00022002B00F9F7C8FE0B000200414648460B
:10E0F00000920193F9F7C0FE504B04000D009A45C1
:10E100003FDC129B012B35D00F0002000B000020DA
:10E110004949FAF7DDF900260D00029003914A46BD
:10E12000434630003900FBF771F8002402000B0071
:10E1300000980199FBF76AF822002B00FAF7ECFD32
:10E140002200009001912B0030003900FAF7E4FD25
:10E150000022594BF9F790FE02000B00009801993C
:10E16000F9F78AFE029A039BFAF7D6FD22002B00EC
:10E17000F9F782FE09B03CBC90469946A246AB46F0
:10E18000F0BD1298FBF7ECFB220006000F002B00FD
:10E1900020002900FAF7C0FD3200029003913B00F5
:10E1A00020002900F9F768FE02000B00029803998D
:10E1B000FAF78EF9009A019BFBF728F802000B0092
:10E1C00048464146FBF722F802000B00F9F754FEDF
:10E1D00002000B0030003900FBF718F85B46040022
:10E1E000981702231840013B181A0D00FBF7B8FBE3
:10E1F00002000B0020002900FAF78EFDBAE748461E
:10E200004146FCF751F802000B0000202A49FAF7BA
:10E210005FF9AFE78022802112069446009B090631
:10E2200041446344814688460093B0E648464146EF
:10E23000A0E7C046FFFF2F3E0000F0BF2794E53F58
:10E24000182D4454FB21E93F075C143326A6813C7A
:10E25000D47ABF74702AFB3EE9A7F0320FB8123FA0
:10E2600068108D1AF726303F1583E0FEC8DB573F54
:10E2700093846EE9E326823FFE41B31BBAA1AB3F14
:10E28000735360DBCB75F3BEA69237A0887E143F34
:10E290000165F2F2D844433F280356C9226D6D3F11
:10E2A00037D60684F464963F7AFE10111111C13FEF
:10E2B000635555555555D53F0000F03FF0B54E46D6
:10E2C00045465746E0B4DF4ACC0F4B0084B0814648
:10E2D0008846E4075B0893424FD9DB4A934200D952
:10E2E000F9E0002C00D17BE1D84AD94B48464146A1
:10E2F000F9F7C2FD00220023F8F760FD002800D0E6
:10E30000F4E0D44AD44B48464146FAF705FD0200F2
:10E310000B000020D149F9F7AFFDFBF7EBFA82467D
:10E32000FBF71EFBCE4ACF4B06000F00FAF7F4FCBA
:10E3300002000B0048464146FAF768FFCA4A04004B
:10E340000D0030003900C94BFAF7E6FC06000F005B
:10E3500032003B0020002900FAF758FF02000B00B2
:10E360008146884620002900FAF750FF32003B0022
:10E37000FAF74CFF0290039109E0BD4A934200D99D
:10E38000DBE00021BB4A8A46934200D805E1002227
:10E39000B94B48464146FAF7BFFC04000D000200A5
:10E3A0000B0048464146FAF7B7FC06000F00B34A97
:10E3B000B34BFAF7B1FCB34AB34BF9F75DFD32004A
:10E3C0003B00FAF7A9FCB14AB14BFAF71FFF320044
:10E3D0003B00FAF7A1FCAF4AAF4BF9F74DFD320015
:10E3E0003B00FAF799FCAD4AAD4BFAF70FFF32004C
:10E3F0003B00FAF791FC0022AA4BF9F73DFD009093
:10E40000019102000B0020002900FAF785FC0200B0
:10E410000B000020A449FAF7F9FE02000B000400EB
:10E420000D0000980199FAF7F1FE22000090019189
:10E430002B0048464146FAF76FFC02000B00002013
:10E440009A49FAF7E3FE02000B0000980199FAF7E7
:10E450003FF83B003200FAF75FFC5346002B48D0F0
:10E46000029C039D22002B00FAF7D0FE4A46434649
:10E47000FAF752FC22002B00FAF7C8FE3B003200EC
:10E48000FAF7C4FE534604000D00013300D1B2E098
:10E490005346012B00D188E053460133392B5ED817
:10E4A0005346132B00DCB5E081490022C91A0B0545
:10E4B00020002900F9F7E0FC02000B004846414625
:10E4C000FAF7A4FE774B0022F9F7D6FC53461B055A
:10E4D0005D1829001DE0774A934220D90903090BF2
:10E4E000014300D013E14146002C12D000207249B4
:10E4F0000FE002000B0048464146FAF70DFC3200DF
:10E500003B00FAF783FE02000B0048464146FAF74B
:10E510007DFE04B01CBC90469946A246F0BD674AF9
:10E52000674BF8F75FFC002800D1DAE6654A664BD6
:10E5300010001900FAF7F0FBEBE7644A934200D9A8
:10E54000CAE0474A474B002C1ED0F9F795FC01233F
:10E550005B4204000D009A46434E5D4FF8E64A4682
:10E560004346FAF753FE02000B0000204D49FAF72C
:10E570004DFE544602002005431819001000494B77
:10E580000022FAF743FEC4E7FAF740FE0123040035
:10E590000D009A46344E354FDAE64A4A4A4B414618
:10E5A000F9F76AFC02000B00ABE70022494B484632
:10E5B0004146F8F703FC002800D199E000222E4BD9
:10E5C00048464146F9F758FC02000B00200029009C
:10E5D000FAF71CFEC02300221B06FAF79DFB98E702
:10E5E0001C4A1D4B48464146FAF796FB02000B00B9
:10E5F000002021498FE602000B0048464146FAF709
:10E6000005FE00221C4BFAF787FB00221A4BFAF793
:10E61000FDFD7EE7802352469B031341214A0026DD
:10E62000D71A4A464346FAF7F1FD02000B003000C4
:10E630003900FAF7EBFD5446020020054318190093
:10E64000100066E779684340412E864059F3F8C2CE
:10E650001F6EA501FE822B654715F73F0000E0BF46
:10E660000000E0FE422EE63F763C7935EF39EA3D88
:10E67000422ED63FFFFF8F3C0000E03F2DC3096EC6
:10E68000B7FD8ABE3952E686CACFD03EB7DBAA9E16
:10E6900019CE143F8555FE19A0015A3FF4101111EF
:10E6A0001111A13F0000F03F000008400000184099
:10E6B000FF030000FFFFEF7F0000F0BFEF39FAFE1D
:10E6C000422E86409C7500883CE4377EB1A2F03F24
:10E6D000EF39EABD0000D0BF104A114BFAF71CFB1E
:10E6E00002000B000020002C00D013E60D4912E6BA
:10E6F00022002B0048464146FAF788FD02000B0035
:10E70000F9F7BAFB0022084BF9F7B6FB01E7020064
:10E7100043464146F9F7B0FBFBE6C046FE822B6557
:10E720004715F73F0000E03F0000F03F034B480073
:10E730009C4640086044C00F7047C04600001080EF
:10E7400000207047002001497047C0460000F87F54
:10E750004B0070B55B0D14000A00002B1AD14B0062
:10E760005B08034315D00022224BFAF7D5FA224B5F
:10E770000A009C4222DB4B005B0D363B1F4DE31829
:10E78000AB4220DC002B0DDD1D4C1B0522401A4343
:10E79000110070BD1B4DAB42F0D102000B00F9F728
:10E7A0006BFBF6E71D00353518DA174B02009C426B
:10E7B0000ADC0B001548164900F032F8134A144BD6
:10E7C000FAF7AAFAE5E702000B001248124900F036
:10E7D00027F8104A104BFAF79FFADAE7084C36335D
:10E7E00022401B051343190000220C4BFAF794FA40
:10E7F000CFE7C04600005043B03CFFFFFE070000DB
:10E80000FFFF0F80FF07000050C3000059F3F8C25C
:10E810001F6EA5019C7500883CE4377E0000903C8B
:10E8200030B54A00DB0FDB0752081A43110030BD38
:10E8300070B5054C05001300201E04D00A0002200C
:10E84000290000E000BF70BD00000000014B186807
:10E850007047C046CC200020084B10B50400002BA8
:10E8600002D0002100E000BF054B1868836A002B2E
:10E8700000D09847200006F070F9C0460000000064
:10E88000986803000E4B70B500251E000D4CE41A6D
:10E89000A410A54204D0AB00F35898470135F8E71F
:10E8A00006F0B8FC084B00251E00084CE41AA41022
:10E8B000A54204D0AB00F35898470135F8E770BD86
:10E8C00050220020502200205022002070220020E0
:10E8D00010B5034B0100186806F0A8FB10BDC04638
:10E8E000CC200020002370B5064C05000800110064
:10E8F000236000F067FB431C03D12368002B00D08A
:10E900002B6070BD102B00200CB430B5164B9DB0A1
:10E910000C1E1D6804DA8B2301202B6040421DE091
:10E92000822302A99B008B810023029008619C42F4
:10E9300000D0631E8B604B6101235B42CB81209A28
:10E9400021AB2800019300F015F9431C01DA8B2359
:10E950002B60002C02D00023029A13701DB030BC33
:10E9600008BC02B01847C046CC200020F0B51F00FC
:10E970000E0087B00590039102920C98347806F04F
:10E98000B9FB082300194078751C184001D02E00EF
:10E99000F3E72D2C04D1073BB51C7478019304E0F8
:10E9A00001902B2C01D17478B51C002F02D0102FB0
:10E9B0000AD162E0302C5ED120222B789343582B71
:10E9C00054D110276C780235019E3900731E9E4188
:10E9D0002C4BF6183000F8F7EBF8300004913900B2
:10E9E000F8F760F8002302001800210030390929E7
:10E9F00001D80C000AE021004139192901D8373C1F
:10EA000004E021006139192914D8573CA74211DDCF
:10EA1000591C0CD0824208D302D1049BA34203DBD1
:10EA200078430123201802E0100001235B422C7878
:10EA30000135DAE75A1C0BD10198124B471EB84139
:10EA4000C0182223059A1360029B002B0AD117E0FD
:10EA5000019A002A00D04042029A002A10D0039A5C
:10EA6000002B00D06A1E029B1A6009E03024002FA0
:10EA7000AAD10827A8E70A27A6E7302C9CD0A3E74D
:10EA800007B0F0BDFFFFFF7F37B51300064A050052
:10EA90001068046A002C00D1044C0A00009429007C
:10EAA000FFF764FF3EBDC046CC200020D0200020F0
:10EAB000F0B58E6885B007000C00039201939E426A
:10EAC00043D890238A89DB001A423ED00325096986
:10EAD000236801985B1A029363695D43EB0F5D192C
:10EAE000029B6D1001331B18AB4200D91D0053056A
:10EAF00010D52900380002F0C3F8061E14D0029A7F
:10EB0000216906F06DFAA289194B13408022134344
:10EB1000A38112E02A00380002F0BCF8061E0CD1D6
:10EB20002169380002F0B1F80C23402201203B603B
:10EB3000A38940421343A38117E0029B2661F61884
:10EB400026606561019EED1AA560019BB34200D26B
:10EB50001E0032000399206806F04BFA0020A368DB
:10EB60009B1BA36023689E19266005B0F0BDC046BC
:10EB70007FFBFFFFF0B59FB0029005938B890F00DC
:10EB800016001B0610D50B69002B0DD1402102F099
:10EB900077F838603861002804D10C23029A0138D4
:10EBA0001360D8E040237B61002306AD6B61203306
:10EBB0006B761033AB7634002378002B03D1A31B84
:10EBC000049312D003E0252BF9D00134F4E7A31B02
:10EBD000320039000298FFF76BFF431C00D1B4E00C
:10EBE0006A69049B944663446B612378002B00D1CF
:10EBF000ABE00122002352426A6002A9543252184B
:10EC000001342B60EB60AB601370AB65534E217821
:10EC10000522300006F0CAF9002807D00123801B26
:10EC200083402A68013413432B60EFE72B68DA0630
:10EC300004D55322202102A8121811701A0704D5F6
:10EC400053222B2102A81218117022782A2A03D0ED
:10EC5000099B00200A210EE0059A111D12680591FA
:10EC6000002A01DB099204E05242EA6002221343C7
:10EC70002B6001340BE02278303A092A04D84B4348
:10EC800001349B180120F6E7002800D0099323786F
:10EC90002E2B1ED163782A2B0AD1059B02341A1D14
:10ECA0001B680592002B01DA01235B42079310E0F9
:10ECB00000230A201A0001346B60217830390929B9
:10ECC00004D84243013452180123F6E7002B00D048
:10ECD0000792234E21780322300006F067F90028BE
:10ECE00006D04023801B83402A68013413432B60E5
:10ECF000217806221B48661C297606F057F9002861
:10ED000012D0194B002B06D10722059B07339343E2
:10ED10000833059314E005AB00933A00134B290028
:10ED2000029800E000BF07E005AB00933A000F4BEC
:10ED30002900029800F01CF80390039B013304D0D3
:10ED40006B69039A9B186B6135E7BB890B985B066F
:10ED500001D5012040421FB0F0BDC04683710300C1
:10ED6000897103008D71030000000000B1EA020008
:10ED7000F0B58BB006920A004332079305900492D7
:10ED80000A7E0C00109B6E2A00D1ABE011D8632ADA
:10ED900022D009D8002A00D1B5E0582A00D0C5E019
:10EDA00045310A70814A4FE0642A1DD0692A1BD080
:10EDB000BCE0732A00D1AAE009D86F2A29D0702AB2
:10EDC00000D0B3E0202209680A43226037E0752AA8
:10EDD0001FD0782A33D0A9E00E001A684236111DE0
:10EDE000196013683370A4E021681A68080606D415
:10EDF000490604D5111D19600023D55E02E0111DDE
:10EE000019601568002D3BDA2D23049A6D421370AA
:10EE100036E021681A68080606D4490604D5156844
:10EE2000111D1960ADB202E0111D196015685F4B2C
:10EE3000227E039308276F2A1DD00A271BE0220099
:10EE40007821453211705A4A19680392081D2268C8
:10EE500018600D68100602D4500600D5ADB2D30775
:10EE600002D520231A4322601027002D03D120232E
:10EE700022689A4322602300002243331A7002E082
:10EE80000A274A4B03936368A360002B09DB042223
:10EE9000216891432160002D05D1049E002B11D0E3
:10EEA0007BE0002D79D0049E28003900F7F780FE22
:10EEB000039B013E5B5C280033703900F7F7F2FDDD
:10EEC000051EF1D1082F09D12368DB0706D5636839
:10EED0002269934202DC3023013E3370049B9B1B6A
:10EEE00023612BE009681A68080607D4490605D58E
:10EEF000111D19601368A28A1A8004E0111D19609F
:10EF0000136862691A600023049E236116E01A6880
:10EF1000111D1960166800216268300006F046F87D
:10EF2000002801D0801B6060636803E02600423641
:10EF30003270012323610023049A1370079B09AAEE
:10EF400000932100069B059806F0E9F8431C02D1C6
:10EF50000120404227E02369320006990598079D69
:10EF6000A847431CF4D0236800259B070FD4099BB6
:10EF7000E068984217DA180015E0220001231932E0
:10EF800006990598079EB047431CE1D00135E36818
:10EF9000099A9B1A9D42F0DBE9E72600039B423663
:10EFA0001B7833708EE70BB0F0BDC0469471030040
:10EFB0009C68030058220120014B40421A607047B0
:10EFC000102B002058220120014B40421A6070474C
:10EFD000102B002070470220704710B5406802F0E7
:10EFE000F0F810BD704713B50400406802F0DBF87C
:10EFF000002811D061686846ECF7D2FE694601A886
:10F0000002F097F801A8ECF7DBFE606001A801F0C0
:10F0100088FF684601F085FF13BD10B5E9F7C8F811
:10F0200010BD0300203B13B5040000205E2B0AD85E
:10F030006846ECF7C9FC05214C432000009BA03832
:10F040001818E9F723FC16BD10B543689B8859438F
:10F05000E9F7C0F810BD13B50400FFF7C4FF6168FD
:10F0600001A8ECF79DFE01A801F07FFF01A801F0C7
:10F0700058FF13BDF7B5070015001E000C00FFF781
:10F08000B2FF796801A8ECF78BFEF3B22AB221B285
:10F0900001A8ECF79DFE01A801F043FFF7BD37B5CD
:10F0A00015000C00416801A8ECF77AFE2AB221B2E3
:10F0B00001A8ECF7A3FE040001A801F032FFE04331
:10F0C000C01720403EBD4368588870474368988801
:10F0D000704710B55C1EA3415B42DBB2FFF7CAFF6D
:10F0E00010BD10B5FFF7DBFFC317181AC00F10BD16
:10F0F00010B543689B885943E9F780F810BD10B5F7
:10F100000A0010230321EBF7B1FD10BD70B5040018
:10F110000D00EAF78BFB002807D0EEF761FE102305
:10F120002A0003212000EBF7A1FD70BD70B504009B
:10F130000D00EAF77BFB002807D0EEF751FE102305
:10F140002A0002212000EBF791FD70BD10B5EAF70F
:10F150006DFB031E04D0EEF743FE431E9841C3B27D
:10F16000180010BD704780880A30800870477047CB
:10F1700006307047808870478288030000208A42EA
:10F1800001D30633581870470320704740680B308E
:10F1900080087047808870470123820702D143426C
:10F1A0005841C3B21800704710B5E9F74DFB10BDC8
:10F1B00007B5002201AB1A80012118701800E9F789
:10F1C00043FB0EBD030030B500208B4214D08D1DD3
:10F1D0009A888988981D914200D911000022835C89
:10F1E000AC5CA34204D0A3429B410120184303E03E
:10F1F00001328A42F3D9002030BD80887047F0B5D3
:10F2000085B000282AD0002928D0D343DB171A4024
:10F210008388871D00259A4200D2BD18EA1B9B1ADD
:10F2200001938E88002D19D0B34217D32C008B1D6B
:10F2300003938B7902932378029A934208D1320088
:10F240000399200005F0BDFE002801D1E01B07E076
:10F25000019B01341B1BEB18B342ECD2012040424E
:10F2600005B0F0BD10B5FFF7CAFF0130431E98414D
:10F2700010BD01235840704710B5FAF7EBFBE9F7D2
:10F2800035FC10BD430010B55A10904202D1012048
:10F29000184303E0FAF764FBE9F728FC10BD03000C
:10F2A00010B50E20002906DB9A88914203DA59181E
:10F2B0008879FFF7E7FF10BD10B50E23002802D0B4
:10F2C000FFF7EDFF0300180010BD4223002800D116
:10F2D000383B180070470023062806D00333422825
:10F2E00003D0023B0A2800D003001800704710B575
:10F2F000E9F7B0FDE9F7FAFB10BD4843704710B5D8
:10F30000F7F75AFC10BD10B50C20EBF703F9041EFB
:10F3100001D0EAF78FFD200010BD0089704710B5BD
:10F32000043001F009F810BD10B50A0004308188DE
:10F33000EAF766FD10BD10B5043001F008F810BD05
:10F3400002890023914202D243688900CB581800F9
:10F35000704710B50430EAF753FD10BD10B5043006
:10F3600001F003F810BD10B5043001F01CF810BD19
:10F37000704700207047406870474160704710B583
:10F380000820EBF7C7F8041E01D0EAF75DFD200066
:10F3900010BD10B5EBF782FB10BD431E98417047BE
:10F3A00010B51420EBF7B6F8041E01D0EAF754FDAF
:10F3B000200010BD10B5040001F016F8002398429B
:10F3C00005DB228A904202D2E3688000C35818000D
:10F3D00010BDF8B504000F001600250001F004F878
:10F3E0000C35011E05DA2189201D3A00EAF708FDD7
:10F3F000218A32002800EAF703FDF8BD704710B5F6
:10F40000E9F754FE10BD70B50D00E9F74FFE04009A
:10F410002800E9F74BFE1F23184084402000FFF727
:10F4200031FF70BD70B50D00E9F740FE0400280003
:10F43000E9F73CFE1F23184004412000FFF722FF9C
:10F4400070BD70B50D00E9F731FE04002800E9F742
:10F450002DFE6040FFF716FF70BD70B50D00E9F797
:10F4600025FE04002800E9F721FE2043FFF70AFFEC
:10F4700070BD10B5E9F71AFEC043FFF703FF10BDDA
:10F4800070B50D00E9F712FE04002800E9F70EFE42
:10F490002040FFF7F7FE70BD70B50D00E9F706FEDE
:10F4A00004002800E9F702FE1F231840C440200092
:10F4B000E9F7D6FB70BDD0B50C0001002143002355
:10F4C000890720D1032A05D12100FFF77BFE4342A3
:10F4D000434117E0022A12D1E9F7C4FD06002000DB
:10F4E0000F00E9F7BFFD02000B00300039000124D6
:10F4F000F7F75EFC002800D1041CE3B203E0031B15
:10F5000058424341DBB21800D0BD70B50E00E9F798
:10F51000A9FD040030000D00E9F7A4FD02000B0076
:10F5200020002900F8F7A8FCE9F7E0FA70BD70B5F3
:10F530000E00E9F797FD040030000D00E9F792FD99
:10F5400002000B0020002900F9F760FEE9F7CEFA6F
:10F5500070BD0B000340D0B50C00DB0703D5C3130F
:10F560000133012B0FD9E9F77DFD060020000F00C4
:10F57000E9F778FD02000B0030003900F9F7CCFB09
:10F58000E9F7B4FA08E0E3130133012BEBD840109C
:10F5900064106043FFF776FED0BDD0B503000C00C9
:10F5A00003290FD0E9F75EFD060020000F00E9F700
:10F5B00059FD0B00020039003000F8F789FFE9F728
:10F5C00095FA03001800D0BDF8B501230C001842CD
:10F5D00001D019420FD1E9F745FD060020000F00C8
:10F5E000E9F740FD02000B0030003900FBF7E0FCBA
:10F5F000E9F77CFA0EE04B10EDD0E9F757FD050076
:10F600002000E9F753FD01002800F7F7BBFB0800D5
:10F61000FFF738FEF8BD70B50E00E9F723FD0400D2
:10F6200030000D00E9F742FD290002002000F7F745
:10F6300047FCE9F75BFA70BD0123F7B50C001842EF
:10F6400001D0194236D1E9F70DFD060020000F0068
:10F65000E9F708FD04000D0002000B00300039003E
:10F66000F7F7C0FB002805D122002B0034003D0035
:10F6700016001F0032003B0020002900F7F798FB1E
:10F68000002802D02000290011E0E9F7E3FB220066
:10F69000009001912B0030003900F9F7B7FD009A76
:10F6A000019BF9F739FB22002B00F8F7E5FBE9F79E
:10F6B0001DFA10E040106410844206DB23000400B1
:10F6C00018009C4201D1200003E0001BE9F70EF96D
:10F6D0002018FFF7D7FDFEBD10B5E9F7C3FCFBF717
:10F6E000D3FCE9F703FA10BD10B5E9F7BBFCFBF753
:10F6F00053FDE9F7FBF910BD10B5E9F7B3FCFAF7D4
:10F70000D7FDE9F7F3F910BD10B5E9F7ABFCFAF74F
:10F71000EFFCE9F7EBF910BD10B5E9F7A3FCFBF737
:10F720008FF9E9F7E3F910BD70B504000D000E285C
:10F7300001D1002016E00E29FBD0012318008C42D5
:10F7400010D00B401C42F4D12000E9F763FC060006
:10F750002800E9F75FFC8642EBD132002900200047
:10F76000FFF7A9FE70BD10B5FFF7DEFF42230028AA
:10F7700000D1383B180010BD10B5FFF7D5FF42236C
:10F78000002800D0383B180010BDF7B504000D006C
:10F790000E2801D1002051E00E29FBD0FFF79BFD80
:10F7A00006002800FFF797FD01230190019A180039
:10F7B000964243D02B401C42ECD12000E9F72AFCB2
:10F7C000009007002800E9F725FC0300032F01D172
:10F7D000022803D0032815D1022F29D12000E9F7F0
:10F7E00041FC060028000F00E9F73CFC02000B007A
:10F7F000300039000124F7F7DBFA002800D1041C9F
:10F80000E0B21BE0012F09D0012801D0019500E0F2
:10F810000223009A26009342BCD103E0012809D1BB
:10F8200002230093009A01993000FFF744FE05E09F
:10F83000012FEBD1022234000092E7E7FEBD10B5A4
:10F84000FFF7A3FF10BD10B5FFF79FFF422300286D
:10F8500000D1383B180010BD10B5FFF796FF4223CA
:10F86000002800D0383B180010BDF8B50F00002468
:10F8700046680589AC420AD2A3003900F058FFF768
:10F8800084FF002801D0200003E00134F2E70120CA
:10F890004042F8BD10B500220400FFF7E6FF01006A
:10F8A0000020814203DB201D00F05FFD012010BD20
:10F8B00010B50123422805D000230A2802D0E9F719
:10F8C0007BFC0300180010BDF8B504000E000E28E4
:10F8D00001D1022042E00E29FBD0E9F79BFB050095
:10F8E0003000E9F797FB032D06D1032804D131003E
:10F8F0002000FFF767FC32E00020B4422FD0200048
:10F90000E9F7B0FB040030000D00E9F7ABFB220083
:10F9100006000F002B0020002900F9F7CBFF00287C
:10F92000D7D132003B0030003900F9F7C3FF00287F
:10F93000CFD132003B0020002900F7F73FFA002822
:10F940000BD13B00320020002900F7F74BFA431E91
:10F95000984101234042184001E001204042F8BD97
:10F9600010B501230C001C40044004D0884200DB89
:10F970000023D8B206E0FFF7A7FF0300C00F023351
:10F9800000D1200010BD0B00034010B5DB0709D4E7
:10F99000FFF79AFF831C01D10A2006E00028FBDC58
:10F9A000422002E08842FBDDF6E710BD0B00034079
:10F9B00010B5DB0709D4FFF787FF831C01D10A20AC
:10F9C00006E00028FBDA422002E08842FBDBF6E793
:10F9D00010BD0B00034010B5DB0705D4FFF774FF23
:10F9E000002803DA0A2002E08842FBDB422010BD37
:10F9F0000B00034010B5DB0705D4FFF765FF0028B7
:10FA000003DC0A2002E08842FBDD422010BDE42036
:10FA100010B58000EBF742F810BD10B5EBF79EF87B
:10FA20000400102000F0B6FD23690360206110BDC2
:10FA300010B5EBF793F84369122B03D0E9F7FEFCFE
:10FA4000E9F7D4FC10BD70B50E00E9F70BFB04001C
:10FA500030000D00E9F706FB02000B002000290032
:10FA6000FBF73CF9E9F742F870BD10B5E9F7FAFA8F
:10FA7000FAF73EFFE9F73AF810BD10B5E9F7F2FAE8
:10FA8000FAF7EEFEE9F732F810BD10B5E9F7EAFA39
:10FA9000FAF7C4FBE9F72AF810BD10B5E9F7E2FA66
:10FAA000FAF788F9E9F722F810BD10B5E9F7DAFAA4
:10FAB000FBF7B2F8E9F71AF810BD10B5E9F7D2FA7A
:10FAC000FAF7ECFFE9F712F810BD10B5E9F7CAFA3A
:10FAD000FBF762FCE9F70AF810BD10B5029C9442EE
:10FAE0001FDB002B09D00B0080185C1A94421BDA34
:10FAF0001C78013804700133F7E7042A06D1032388
:10FB000003400BD10A68026018000EE0022A05D1FA
:10FB10000123034002D10A88028005E005F060FA63
:10FB200002E00120404200E0002010BD10B50400BA
:10FB300008000299914205DA002105F06FFA0120D0
:10FB4000404220E0002B09D00300A418191A91426A
:10FB500018DA013C217819700133F7E7042A05D13E
:10FB6000032323400BD12268026006E0022A06D15B
:10FB70000123234003D122880280180003E02100E2
:10FB800005F02EFA002010BD08307047031E07D084
:10FB90000023994204DB4268914201DA41180B7A52
:10FBA00018007047002806D0002904DB43689942FA
:10FBB00001DA41180A72704710B5FFF7E7FF10BD70
:10FBC0000123820705D1002803D0000F434258418A
:10FBD000C3B21800704710B5FFF7E4FF10BD70B551
:10FBE0000C001600002B1CDB00291ADB41688C423C
:10FBF00017DC5268091BD21A8A4200DD0A00002A6B
:10FC00000FDB35000835864204D1E918281905F0C4
:10FC1000F0F904E008300019E91805F0E1F90020D6
:10FC200001E00120404270BD4068704710B5002AD5
:10FC30000EDB4468A2420BDC002B00DA2300A41A7E
:10FC40009C4200DD1C0008308018220005F0E6F917
:10FC500010BD436810B51C008B4200DD0C00002A6B
:10FC600000DA1A00191B914200DD1100083000195A
:10FC7000E8F70CFE10BD70B50D00002B01DA4368EB
:10FC80009B1A002A2EDB44689918A1422ADC8A427A
:10FC900028DC002B26D0690024D059428D4201DD9A
:10FCA000AB4206DC0022012311005B42FFF7BEFFDE
:10FCB00018E008308618002D09DA6C425A19310014
:10FCC000301905F096F922000021300008E05C1B95
:10FCD00071192200300005F08CF92A00002130193A
:10FCE00005F09CF970BD030010B508305968FFF7A6
:10FCF0005BFA10BD70B50400160008001D1E01DA85
:10FD000063689D1A002E2BDB6268AB19934227DCD7
:10FD10009E4225DC002D23D0430021D0002801DAAB
:10FD20002B02C0182900F7F72DF8002900DA49192D
:10FD300022000832921951180B0055199A420FD01F
:10FD400014781E780132501E0670581C1C708542B3
:10FD500002D108000300F1E79142FBD10100F9E76D
:10FD600070BD012307B55B4200930023FFF737FF07
:10FD700007BD0300002010B50C0081420DDD180006
:10FD800059680830E9F76AFB1F2C06DC0300E340E2
:10FD900058400123A340013B184010BD10B501009D
:10FDA0000020E8F773FD10BD10B581880630E8F734
:10FDB0006DFD10BD30B50400501E85B00D000F283C
:10FDC00069D8F6F765FE080C14141C25252E2E376D
:10FDD000203B404F475C1800FFF711FB03E0180081
:10FDE000FFF70DFBC0B2002D55DD207053E0180069
:10FDF000FFF705FB02A908800023009518E0180012
:10FE0000FFF7FDFA02E01800E9F750F902901EE052
:10FE10001800FFF7F4FA012302A908701A000095F0
:10FE200036E01800FFF7EBFA012302A908800095DD
:10FE300002222DE01800FFF7E2FA02E01800E9F7CD
:10FE400035F902900AE01800E9F78EF90290009562
:10FE5000002305E01800E9F787F9029001230095D7
:10FE6000042214E01800E9F7FDF802900391072D31
:10FE700011DD082202A9200005F0B2F80BE01800FD
:10FE8000E9F7F0F80123082202900391009502A9F6
:10FE90002000FFF722FE05B030BD10B50C00002A8F
:10FEA00006DB41680830891A80182200FFF782FFBC
:10FEB00010BD30B5013A050085B000200F2A68D882
:10FEC000100002AC0091F6F7E3FD080B1517191DA1
:10FED0002629323A1B424C584E5A0023012213E085
:10FEE0000023012221002800FFF720FE2078FFF7E1
:10FEF000C9F94EE0002312E0002319E000231FE0BF
:10FF0000002325E001231A0021002800FFF70EFE40
:10FF100000202056EBE701231A00E3E70123022229
:10FF200021002800FFF702FE0023E05EDFE7012347
:10FF3000022221002800FFF7F9FD2088D7E70123DE
:10FF4000042221002800FFF7F1FD0298CFE70123EA
:10FF5000042221002800FFF7E9FD0298E8F780FE5F
:10FF600017E0002300E00123042221002800FFF70E
:10FF7000DDFD0298FFF780F90BE0002300E001238C
:10FF8000210008222800FFF7D1FD02980399E8F725
:10FF9000ADFD05B030BD10B5002A03DA0020FFF733
:10FFA00071F907E0436808309B1A80180A001900AD
:10FFB000FFF77FFF10BD10B5E9F782FC10BD10B54B
:10FFC000E9F7A0FC10BD70470200FA2010B510231D
:10FFD00001218000EAF74AFE10BD0200FA2010B5A8
:10FFE000102302218000EAF741FE10BD10B5E9F7A9
:10FFF0001DFC10BD10B5E9F719FC002801D0EDF784
:020000040003F7
:1000000073FE10BD10B50C00E9F710FC002802D0FB
:100010002100EDF735FE10BD10B5E9F707FC00280B
:1000200001D0EDF7BDFE10BD10B50C00E9F7FEFBE9
:10003000002802D02100EDF78DFE10BD10B50C0098
:10004000E9F7F4FB002802D02100EDF741FF10BDD5
:1000500070B504000D001600E9F7E8FB002808D091
:100060000321EDF797FF1023320029002000EAF763
:10007000FDFD70BDF0B585B00C001500E9F7D6FBAD
:10008000061E01D1002030E0EBF7E6FD0090019163
:10009000043C67426741EC173000EDF725FEB8429B
:1000A0000BD0EBF7D9FD009A019B801A9941A14230
:1000B000E8D8F1D18542EFD2E4E7EBF7CDFD03902C
:1000C0003000EDF711FEB8420BD1EBF7C5FD009AF9
:1000D000019B801A9941A142D4D8F1D18542EFD237
:1000E000D0E7EBF7B9FD039BC01A05B0F0BD704730
:1000F00010B50C00E9F79AFB002802D02100EDF7BB
:1001000093FE10BD10B50124002903D0023401294B
:1001100000D00024E9F78AFB002802D02100EDF787
:10012000E3FE10BD10B50C00E9F780FB2100EDF7F0
:1001300031FF10BD10B501000020E8F7A7FB10BD8E
:10014000704710B50400E9F72DFC036821001B6817
:10015000984710BD10B50400E9F724FC2100F5F71D
:100160000BFB10BD70B50D000400E9F71BFC2A0065
:100170002100F5F7F5FA70BD37B504000E25E9F753
:1001800055FB4557282004F0F8FE0323290000936F
:10019000A2B2023BECF76CFA37BD10B5E9F768FB89
:1001A00010BD10B5EAF792FCE9F7BEFE002010BDC5
:1001B000704710B50120EAF795F810BD7047002090
:1001C00070477047704770477047704710B50368B5
:1001D000002B01D00800984710BD10B50368002B14
:1001E00001D00800984710BD10B5E8F73BFFFAF7BB
:1001F0002BFBE8F77BFC10BD10B5E8F733FFFAF7EF
:1002000055FEE8F773FC10BD10B5E8F72BFFFAF7C1
:100210009BFBE8F76BFC10BD10B5E8F723FFFBF77D
:1002200047F8E8F763FC10BD10B5E8F71BFFFAF7D5
:10023000D1FDE8F75BFC10BD10B5E8F713FFFAF746
:1002400051FDE8F753FC10BD10B5E8F70BFFF9F7C7
:100250000BFDE8F74BFC10BD10B5E8F703FFFAF70C
:100260007FFCE8F743FC10BD031E0BD003220240C5
:100270000020002A06D1186801239843C378F92B7F
:1002800000D0100070470023438103814360704712
:10029000002343810381436043820382C36070472C
:1002A000704770477047704770477047012310B51B
:1002B00002689A431369984710BD10B5FFF7F6FF1F
:1002C00010BD704783880200181E08D0013B9BB206
:1002D000938012689B00D318002218681A60704738
:1002E000F8B5C688050030000F00E9F7D9FC041CFA
:1002F00080B2B84200D23C1CA4B2A64214D2A000E4
:10030000EAF7A0F9EA880600002A03D092002968DB
:1003100004F066FEE8880021221A8000920030185E
:1003200004F07CFE2E60EC80F8BDC38810B58B42D3
:1003300001D8FFF7D5FF10BDC38870B504000D00CC
:100340008B4202D289B2FFF7F0FFA58070BD83888F
:100350000200181E08D0013B9BB2938012689B00DC
:10036000D318002218681A607047F8B58388040013
:1003700000208B4216D927688E00B8194A1C0568E0
:10038000934206D9013B5A1A311D9200791804F0A4
:1003900030FE00212800A3882268013B9BB2A38085
:1003A0009B009950F8BDF8B50D0081880400160037
:1003B000A94214D9013189B2FFF7B7FFA288681C9E
:1003C00023688000071F521BD9191818920004F0E7
:1003D00010FE2368DE51A3880133A38002E02900C8
:1003E000E9F70EFDF8BD7047F7B5068947680020AC
:1003F000B04205D28300FB588B421AD00130F7E798
:1004000000248B1D8D880193B4420CD2A300F958AF
:100410008B889D420AD106312A00019804F0D1FD53
:10042000002803D104E00120404202E00134EBE760
:100430002000FEBD704710B5EAF730FB10BD10B5C7
:10044000FFF712FF002804D00089063843425841C4
:10045000C0B210BD10B5EBF7F1FB10BD10B5EBF756
:10046000FBFB8000800810BD10B5EAF757FB10BDFC
:1004700010B500F0F4F910BD10B500F033FB10BD5D
:1004800010B5C11700F0E7F910BD1FB5D3B28AB29D
:1004900081B2684600F022FD05B000BD10B5002B0A
:1004A00000D11033EAF7E2FB10BD10B5EAF730FED9
:1004B00001214942FEF778FE10BD10B500F00EFB99
:1004C00010BD704710B5081E03D08988063000F0B3
:1004D000D3F910BD70477047802010B54000EBF78E
:1004E000C7FAF8234360002304008361E9F7ACFDF9
:1004F0002000E9F7CBFD10BD0123820705D10028BC
:1005000003D0000F43425841C3B21800704710B5E2
:100510000A008188E9F760FC10BD0122036893435B
:1005200018888010704770B504680500002C06D04C
:100530002000E9F713FEA9882000E9F74DFE70BD01
:1005400070B50400EBF794FA083C05004460A3077B
:1005500003D0D2208000EAF7A1FA2800E9F774FD61
:100560002800E9F793FD70BD10B5002811D0C468CC
:10057000002C09D02368436063688360A368C3606C
:100580002000E9F7B3FF04E0E9F7B0FF2000EAF745
:10059000EDFA10BD10B5031E08D0EAF753F880231A
:1005A000021F11689B050B4313600300180010BD68
:1005B00010B50400FFF7A0FF002802D12000E9F7E2
:1005C000A1FD10BD10B50430FFF7ADFF10BD10B593
:1005D00081880C30E9F700FE10BD10B54068E9F7DE
:1005E000D7FD10BD10B504000430FFF79CFF2000BC
:1005F0000C30FFF798FF10BD012210B508C89343D7
:10060000198804398908E9F7E7FD10BD0320704710
:10061000808880000F3080087047022070470520D6
:10062000704770B504000D00C368426801211A606C
:1006300004F091FB0A2004F076FB626823695520E0
:100640001A606B426B415B42184004F06CFB002166
:10065000200004F080FBE368626855201A606B1E7E
:100660009D416D42284004F05EFB70BDF8B5060068
:100670000D0000240127E21F2900531E9A41394032
:10068000D2B230000134FFF7CCFF6D08082CF2D154
:10069000F8BD10B50400012104F05DFBE368626859
:1006A0000A201A6004F03FFB2369626800201A6088
:1006B00004F039FBE368626800211A60200004F04E
:1006C0004AFB002004F02FFB9E230120002806D0C7
:1006D0006269106862681040421E9041C0B2013BDE
:1006E000002BF3D1E36862681A6010BDF0B50026F4
:1006F000340087B00090019100252F000098FFF78B
:10070000C8FF0300AB401F430123FFB2234064082E
:10071000984203D074235B425C40E4B20135082D5B
:10072000ECD103AD77550136092EE5D101202856CD
:100730002B7800021843F7F719FBF6218905F7F724
:1007400059F8019B18600020844207D1AB78FF2B39
:1007500004D1E878803843425841C0B207B0F0BDB8
:1007600070B50400EAF708F8051E18D00122CC2164
:100770002000FFF77BFF01224E212000FFF776FFCC
:100780000122FF212000FFF771FF012280212000BC
:10079000FFF76CFF01227F212000FFF767FF280091
:1007A00070BD10B50400E9F7E7FF00280FD0012263
:1007B000CC212000FFF75AFF002244212000FFF740
:1007C00055FF2000FFF765FF01235840C0B210BD60
:1007D00010B5EAF793F910BD10B5EBF755F810BD59
:1007E00070477047704770477047704710B50400F6
:1007F00004F0BFFB200010BD10B5040004F0B9FBED
:10080000200010BD10B5040004F0B3FB200010BDA3
:1008100010B5040004F0ADFB200010BD10B5FFF7CB
:10082000C7FEEBF74FF810BD10B504002000EAF743
:10083000EFF81420EBF728F8F8E710B50400EAF712
:100840000FF9200004F095FB200010BD704710B593
:10085000EBF738F810BD10B504F065FA10BD10B50F
:1008600089B280B200F083F910BD10B50420EAF718
:1008700083FCEAF71FF910BD10B5EAF7FDF810BDCB
:10088000F8B50D00002116001F000400EDF7F8F97F
:100890009620400004F047FA72B63B00320029006F
:1008A000200000F050F862B6F8BD70B50D000021D0
:1008B00016000400EDF7E4F99620400004F033FA46
:1008C00072B632002900200000F024F862B670BD34
:1008D00010B5041E0AD04368002B07D00800E8F7C3
:1008E000A5FF210062680831FFF7DFFF10BD70B57A
:1008F0000400150000280BD04368002B08D0080026
:10090000E8F794FF21002B0008316268FFF7B8FF79
:1009100070BD7047F0B50C461546806841680269A5
:10092000C36808E01960064200D11160760807D15B
:100930000134013D05D38026C04611602078F1E7DF
:10094000FBE71160F0BDF0B50C4615461F46806808
:1009500041680269C36808E01960064200D111606D
:1009600076080AD10134013D08D3802620787843E7
:10097000000A1160C046C046EEE7FAE71160F0BD1C
:1009800010B518C96210E10701D58158CB588018FD
:10099000984710BD70B5DD24A4000500005900285B
:1009A00004D002F077FF836D9B0702D400F09AF821
:1009B00070BD2859F1F710FF036813215B6A98474F
:1009C000642004F0BBF9F1E782B030B585B008923D
:1009D0000500082202A8099304F002FB039B029C75
:1009E0005810DB0701D52B581C592D180AA90822CD
:1009F000684604F0F5FA089A099B2800A04705B05C
:100A000030BC08BC02B0184782B01FB50400100CFF
:100A10000338069207930A282DD8F6F739F8062CE2
:100A200020192C272C2C2C2C200020006930FF3082
:100A3000002100F0CFFC20009130FF30002100F0B9
:100A4000C9FC2000B930FF30012101F0F0FC12E0B8
:100A5000E6235B00E15801A800F054FD0BE0E4231D
:100A60005B00E15801A800F06DFC04E02000E130DB
:100A7000FF30EEF7F9F81FBC08BC02B0184773B599
:100A8000060000F02BF8050000F028F80400A9B2D9
:100A9000684600F0A5F9210C01A800F0A1F901AA0F
:100AA0006946300000F0ECF901A800F07DF96846D5
:100AB00000F07AF9300076BD3ADF704712DF7047F8
:100AC00013B56B46DC1D002320002370FFF7F6FFF3
:100AD0002078013843425841C0B216BD80235B05DF
:100AE000586E704710B5EAF707FB10B58368984752
:100AF00010BD704710B5040004F03BFA200010BD93
:100B000072B601650B68002B02D14365086006E0F0
:100B10005A6D002A01D01300FAE75865426562B6A3
:100B20007047036D002B12D072B6026D13689842A5
:100B300002D1436D136006E05A6D904201D013005C
:100B4000FAE7426D5A6500234365036562B6704754
:100B500070B504000E001500EAF71CFD002805D052
:100B60000123320029002000EAF7A2FD70BD10B574
:100B7000EAF76CFD041E01D1EAF71CFE200010BD4F
:100B800010B50C008047A047EAF79CFE10BD10B5D9
:100B9000EAF700FD002801D0EAF794FE10BD70B519
:100BA0001400030010000D0098472000A847200003
:100BB000FFF7EDFF70BD10B5EAF7E6FDEAF7FAFDC5
:100BC000FAE700234360037070470300F0B5820822
:100BD000980702D1181E01D137E00132541C72B6B9
:100BE000802621C93606A84217D20368002B11DAE5
:100BF0005B005B08990041180F68002F08DAA942D2
:100C000006D231007F007F08DB1919430160F1E74C
:100C1000A34205D29B00C018E5E762B6002014E0AD
:100C20000232934203D992008218954204D8036895
:100C30005B005B08036006E080211B1B0906043A89
:100C40000B431360046062B60430F0BD70B504005D
:100C500008000E00EAF70CFF0500002C0ED000285B
:100C60000CD0231F1A689200B24200DD320021002E
:100C7000280004F0B5F92000EAF730FF280070BD25
:100C800010B50800EAF7F4FE10BD10B50800EAF749
:100C900025FF10BD10B508001100FFF7D7FF10BDEC
:100CA000F7B504001D0008AB1B88103016000F00BC
:100CB000019300F008F920002430FFF782FF6A4614
:100CC0000023928827806680A5602000E360A280D0
:100CD000E3622362FEBDF7B504001D0008AB1600F9
:100CE00004CB10301B880F000092019300F0EBF84A
:100CF00020002430FFF765FF009B019AE360012389
:100D00001343A380002327806680A5602000E36250
:100D10002362FEBD10B5838804009B0702D580685E
:100D200004F027F9200010BD82B030B5046A87B006
:100D30000B9305000A920123002C14D110220AA95A
:100D400002A804F04DF9182004F017F90400082255
:100D500004A9684604F044F9029A039B200000F0BD
:100D6000CDF82C621BE02269002A02D00133140066
:100D7000F9E7092B13DC10220AA902A804F030F9C4
:100D8000182004F0FAF80500082204A9684604F0C7
:100D900027F9029A039B280000F0B0F8256107B0FC
:100DA00030BC08BC02B0184710B50400006800F061
:100DB00008FA200010BD70B5060008000D0004F010
:100DC0006DF904000530EAF753FE306000F0E8F9F1
:100DD000306829004480621C043004F001F970BDC1
:100DE0001FB50400080001A9EAF752F9200001A983
:100DF000FFF7E1FF200004B010BDF8B50B68170045
:100E000002241C5F1368050002229B5E0E00E4189A
:100E1000601DEAF72DFE286000F0C2F928683168ED
:100E200044800223CA5E0430043104F0D9F82B68F0
:100E30003968181D336802229B5EC0180223CA5EFF
:100E4000043104F0CDF82B6828001C19002323710D
:100E5000F8BD10B504000868206000F0A8F9200073
:100E600010BD70B50B68040000680D00984205D0F5
:100E700000F0A7F92868206000F099F9200070BD03
:100E800070B5136804005D880868002D01D12060EA
:100E900004E04088002804D11800236000F087F99E
:100EA00002E02000FFF7A9FF200070BD0023994257
:100EB00007DB02680223D05E0023884201DD51185F
:100EC0000B7918007047002310B50380438004009D
:100ED000EAF7C2FEA060E160200010BD70B501809D
:100EE000428004001D00EAF7B7FEA060E160002D1B
:100EF00002D02000EAF73AFF200070BD82B010B5A2
:100F0000040003930292FFF7DEFF102202A92000E3
:100F100004F066F800232000236110BC08BC02B076
:100F2000184710B50400006800F04BF9200010BD10
:100F300010B50A00002104F071F810BD10B50400CE
:100F40000868206000F033F9200010BD70B50B6810
:100F5000040000680D00984205D000F032F92868BE
:100F6000206000F024F9200070BD10B500684188B1
:100F7000838806305943FFF7DBFF10BD10B504002E
:100F80000023EAF781FF200010BD10B50400EAF746
:100F90007BFF200010BDF0B587B004910CA9097843
:100FA00007000591016800200391498801918A4258
:100FB00077DA039989888B4273DA049C2468A44603
:100FC00064881519029485426BDD6446A4881E1955
:100FD000864266DD002A03DA00952800019D03E0C1
:100FE0000198029D801A0090A84200DD0095002B18
:100FF00003DA8E4205DD0E0003E0CE1AA64200DDC4
:10100000260060460024D117554206302940A342ED
:1010100002DA029C64425C43641804190398111CB0
:101020000630002A00DA0021002509B2AB4201DDBA
:10103000019D5D43059B69184518002B27D00022B0
:101040001000B2422DDA002300998B4206DAE15CEF
:10105000002901D0E95401300133F5E7049B013246
:101060001B6801935B88E4183B685B88ED18E8E730
:1010700021002800009A03F0B3FF049B1B68029331
:101080005B88E4183B685B88ED18019B0133019392
:10109000019BB342ECDBF043009BC017304043435D
:1010A000180007B0F0BDF0B587B000AF09687B61EC
:1010B0003B6BB8603961D418786B7B6949881B1821
:1010C0008C4201DA002C00DC0C0038698688B342BF
:1010D00002DA002B00DD1E0033006846634307334D
:1010E000DB08DB00C31A9D4678697B6041433B699E
:1010F000891806335D186B46FB607B699E420EDDE6
:1011000029002200F86803F06BFF3B695B88ED184B
:10111000FB689B19FB607B6901337B61EDE7B86875
:1011200032B221B27B68EAF7AFFEBD46B86807B0BD
:10113000F0BD10B50400096804200A5E8B1D022072
:10114000095E2000EAF7A0FE200010BD10B50400E3
:10115000006800F036F8200010BDF8B5D443E4175D
:101160001440070020000C301E000D00EAF780FC40
:10117000386000F015F83B681C7238684660002D36
:1011800004D009302200290003F02AFFF8BD002313
:1011900010B504000A001900FFF7DFFF200010BDA2
:1011A00003230380704710B5EAF780FF10BD10B528
:1011B0000400EAF77BFF002802D123880233238052
:1011C00010BD10B50400EAF771FF002809D123888B
:1011D000023B9BB2012B01D0238002E02000EAF702
:1011E0007DFC10BD036870B5040001811B6A98473F
:1011F000236805005B69200098472081280070BDA6
:1012000000897047036870B5040081721B6A9847B3
:1012100023680500DB6920009847A072280070BD94
:10122000807A7047704710B5040003F0A2FE2000DA
:1012300010BD0C300EC8494352435B438818C01898
:1012400070477FB50400FFF7F4FF250090230600E8
:101250001B04313598422AD9638F002B07D1013303
:1012600008220D216846FFF739FE0123638790238A
:101270009B049E4219D9A38F002B07D10133092269
:101280000D216846FFF72AFE0123A3878023DB0494
:101290009E420AD9E38F002B07D101330A220D2188
:1012A0006846FFF71BFE0123E38700232B702B7892
:1012B000042B02D801332B7003E00023E387A387BC
:1012C00063872000EAF7ECFF02000B2813D023000D
:1012D000A18E3033814204D11A78042A04D8013215
:1012E00001E00022A0861A70A28E618E914208D081
:1012F0001B78042B05D9628601230D216846FFF770
:10130000EDFD7FBD30B50400036A8BB0009302ADE4
:10131000416A8269C369280002F083FA23000C3312
:1013200007CD07C30222A37920009343A371FFF7DF
:1013300088FF0123A1881A0006A8FFF7CFFD00202F
:101340000BB030BD70B50C0005000B6808005B6A7F
:10135000984721002B000C3115C915C3280070BD1A
:1013600010B5040003685B6A9847E06810BD10B5CB
:10137000040003685B6A9847206910BD10B504003B
:1013800003685B6A9847606910BD10B50400036884
:101390005B6A9847A3799B0702D42000EBF748F8D3
:1013A000A06A10BD10B5040003685B6A9847A37972
:1013B0009B0702D42000EBF73BF8E06A10BD408E9B
:1013C000704710B50400EBF7D7F8200003F0D1FD0B
:1013D000200010BD0630C177704701238079184086
:1013E0007047036870B5040001811B699847236842
:1013F00005009B69200098472081280070BD008966
:101400007047704710B5040003F0B3FD200010BD15
:1014100030B50400436BC26801699A1A83698BB0C6
:101420005A43836B92125B1AC16942634B439B120E
:101430008363C16B406902AD091A206A4143891276
:10144000E16300912800216C02F0EBF923002833BE
:1014500007CD07C30123A1881A0006A8FFF73EFDA8
:1014600000200BB030BD002310B5837164330381BD
:101470000368040081801B6998470222A379934383
:10148000013A1343A37110BD84B030B50693030035
:101490000491059204AC0C3326CC26C326CC26C37B
:1014A00022681A60022283791343837130BC08BC1E
:1014B00004B0184702238079184070478022002327
:1014C000D2008261C26102620222C3600361436191
:1014D000436283799343837170474164704773B566
:1014E0000C00050016000B680800DB699847E36BE9
:1014F000280001960093626BA36B216C02F052F9F5
:10150000280076BD70B50C0005000B680800DB698B
:10151000984721002B00283115C915C3280070BD3C
:10152000F0B587B0010003A8FFF7ECFF0398F8F7C8
:1015300017FA040004980D00F8F712FA060005984F
:101540000F00F8F70DFA2200009001912B00200007
:101550002900F7F7E1FB320004000D003B003000EA
:101560003900F7F7D9FB02000B0020002900F6F73D
:1015700083FC009A019B04000D0010001900F7F78E
:10158000CBFB02000B0020002900F6F775FCF9F7F1
:1015900003FFF8F7AFF907B0F0BD10B5040003681A
:1015A000DB699847A06A10BD10B504000368DB69C9
:1015B0009847E06A10BD10B504000368DB699847DE
:1015C000206B10BD82B030B585B0089205000822AE
:1015D00002A8099303F004FD039B029C5810DB074B
:1015E00001D52B581C592D180AA90822684603F06A
:1015F000F7FC089A099B2800A04705B030BC08BC3E
:1016000002B01847F8B50A6803680E000700981A78
:10161000F6F7ACFB72687B68051C981AF6F7A6FB18
:10162000BB68041CB068181AF6F7A0FB291C061C3E
:10163000281CF6F7DFF8211C051C201CF6F7DAF849
:10164000011C281CF5F796FD311C041C301CF6F714
:10165000D1F8011C201CF5F78DFDF8BDF0B585B063
:10166000019002910392FFF7CDFF0127041C061C95
:10167000039B9F4217DA0C217943029B019859186A
:10168000FFF7C0FF051C011C201CF5F7E5FB002837
:1016900000D02C1C291C301CF5F7CAFB002800D0F8
:1016A0002E1C0137E4E7211C301CF6F7B7F905B012
:1016B000F0BDF0B58BB009938023DB000025C3603B
:1016C00003614361002304000C2707910892056021
:1016D0004560856085610293119B9D4218DA39004F
:1016E0006943109B07A85918FFF78CFFF8F7B2F968
:1016F000F9F752FEF8F7FEF8F6F738FB061C011C66
:101700000298F5F795FB002800D002960135E3E733
:1017100000260023109D059301960096371C059B1B
:10172000119A93425EDA290007A8FFF76BFFF8F7DA
:1017300091F9F9F731FEF8F7E1F9011C03900298ED
:10174000F5F78EFEFE218905F6F768F90490381C3E
:10175000F6F7EAFA07000498F6F7E6FA874200DAA5
:1017600007003800F6F702FB2B68079A071C981A47
:10177000F6F7FCFA0399F5F773FE40000499400868
:10178000F6F738F8011C0098F5F7F4FC089B009078
:101790000693069A6B68981AF6F7E8FA0399F5F734
:1017A0005FFE400004994008F6F724F8011C0198F8
:1017B000F5F7E0FCAB68019009980C35181AF6F7BC
:1017C000D5FA0399F5F74CFE400004994008F6F766
:1017D00011F8011C301CF5F7CDFC059B061C0133EC
:1017E00005939CE70099081CF6F704F80199051C7D
:1017F000081CF5F7FFFF011C281CF5F7BBFC311C8A
:10180000051C301CF5F7F6FF011C281CF5F7B2FC8F
:10181000F8F720F9F9F7C0FDF8F770F9051C011C7D
:101820000098F5F71DFE391CF5F7E4FFFE21890548
:10183000F5F7A0FC8921C905F5F7DCFFF6F774FA86
:10184000291CE0600198F5F70BFE391CF5F7D2FF73
:10185000FE218905F5F78EFC8921C905F5F7CAFF38
:10186000F6F762FA291C2061301CF5F7F9FD391CE6
:10187000F5F7C0FFFE218905F5F77CFC8921C90534
:10188000F5F7B8FFF6F750FA079B60612360089BF5
:10189000029800936360099BA360F6F745FAA06184
:1018A00020000BB0F0BDF0B50025040017000B00C0
:1018B0002E0028002A0091B00791BA4208DA196870
:1018C000013240185968761899680C336D18F4E79E
:1018D0003900F5F771F9390020603000F5F76CF93F
:1018E000390060602800F5F767F93A00A0600799B1
:1018F0002000FFF7B3FE00260DAB08900696059674
:101900000393C8235B420493C8235B420293C8231A
:101910005B4201932200039B23CA23C32268049BDA
:101920009446039A6344136062681D009446029BC8
:10193000039A63445360A26809939446019B039AF7
:101940006344936007993A0003980A93FFF786FE71
:101950000B90011C0898F5F77FFA002805D0099B29
:101960000A9E06930B9B05950893019BC833019330
:101970001A00C8235B009A42CCD1029BC833029361
:101980009342C4D1049B029AC83304939342BBD1BF
:10199000059B2268934206D16368069A934202D15E
:1019A000A368B34205D0059BA6602360069B6360D5
:1019B000A7E7200011B0F0BD70B504000D001600BF
:1019C00086B003A8FFF76FFF2000019600950399EA
:1019D000049A059BFFF76DFE200006B070BD10B5A0
:1019E00018C96210E10701D58158CB588018984773
:1019F00010BD10B50021406C03F074FA10BD10B595
:101A00000400EBF7C9FA200003F0B3FA200010BD80
:101A100010B50400EBF7B2FA200003F0AAFA200098
:101A200010BD70B505000400743501212800EAF7E7
:101A3000EDFA2200563213780133DBB21370E179EC
:101A400001318B4225D1002326001370226D5436BC
:101A50000221525E33882021934205DA200019B218
:101A60005030FFF723FA0100E27900232800EAF75B
:101A700083FA226D33880221525E934207DD2300F0
:101A8000002248331A702000EBF790FB01E001338D
:101A9000338070BD70B505000600826D5C35022193
:101AA000525E2B88040074362021934204DA19B266
:101AB0005830FFF7FBF90100002330001A00EAF765
:101AC0005BFAA26D2B880221525E934207DB230052
:101AD000002248331A702000EBF768FB01E0013365
:101AE0002B8070BD73B504000600250074363000ED
:101AF0006435FFF73AFA0023EA5E210000236031E3
:101B000000933000FFF747FA002804D123006C331C
:101B10001B78002B05D1230066331B785BB2002BAA
:101B200007D12300002248331A702000EBF73EFB58
:101B300005E02A886C34D3182B800123237073BDF1
:101B4000F0B506000021050004006636006E7156EF
:101B5000408864350023EA5E4B1D1B1A200085B0C7
:101B60006C3003909A4202DC0378002B24D12700CA
:101B70007437002A04DD494209B23800EAF746FA10
:101B80000023EA5E21000023603100933800FFF754
:101B900002FA0023F356002B05D1220048321370BD
:101BA0002000EBF703FB0123039A137000222B881C
:101BB000B256D3182B800DE0250048352B78062B24
:101BC00003D120007430FFF7D0F9002320002B70E0
:101BD000EBF7ECFA05B0F0BD70B5050048352B7891
:101BE0000400002B33D0E9F7EFFF23004C331A88B1
:101BF0001018220080B218804A321288824226D8F9
:101C000000221A802B78022B02D12000FFF709FF57
:101C10002B78032B02D12000FFF73CFF2B78042BFD
:101C200002D12000FFF75EFF2B78052B0BD02B781D
:101C3000062B08D02B78072B09D1002320002B700E
:101C4000EBF7B4FA03E02000FFF77AFFF2E770BD8C
:101C50001FB5036F827A9B68040001339A4207D153
:101C60008188012302226846FFF738F9002306E045
:101C7000EBF722FA2000FFF7AFFFA37A0133A3723C
:101C80001FBD10B583790400DB0720D5027B022A33
:101C900002D1FFF7DDFF1AE0837A016F0133DBB277
:101CA000837289688B4201D100238372002A02D19A
:101CB0002000EBF701FA237B012B05D1637300238E
:101CC0002000A373EBF7DCF82000FFF785FF10BDC1
:101CD00070B504000D00022906D1E9F775FF05284B
:101CE00002D00520E9F722FF237B022B0CD1022D25
:101CF0000AD0A66E002E05D03000EBF757FD30005D
:101D000003F037F90023A366257370BD007B70478D
:101D1000407A7047F0B5837987B004000D00DB0787
:101D200002D5002902D035E0002933D0102100224D
:101D30000127206F41568368CB188B4204DD3E009B
:101D40008E4001313243F8E711210023012741562B
:101D5000C0680818884204DD3E008E4001313343DC
:101D6000F8E71A43002D08D00123002101A8F4F759
:101D70000DF80122A37913430BE02B00290001A8E1
:101D8000F4F704F8290001A803F076F80122A379FA
:101D90009343A37107B0F0BD10B50121FFF7BAFF5F
:101DA00010BD10B50021FFF7B5FF10BD10B57430A0
:101DB000FFF7DBF810BD052313B501930093002353
:101DC000040074311A00FFF76EF9200016BD70B5DB
:101DD000037B0400022B0AD00221FFF779FF482081
:101DE00003F0CBF80500216FEBF798FCA566A06E19
:101DF00000F0E3F870BD10B50400F3F715FC002304
:101E00002000237510BD1FB503AC63700023227042
:101E1000009322000233EBF799FB04B010BD1FB50D
:101E20000F2401236C4400932300EBF79FFB002851
:101E300000D1207804B010BD70B5040016001D005C
:101E400003220F23EBF7D0FE200031000F230222E4
:101E50001030EBF7C9FE200029000F2301222030AB
:101E6000EBF7C2FE200004990F2304223030EBF779
:101E7000BBFE200005990F2305224030EBF7B4FE8E
:101E8000200006990B2311225030EBF7ADFE200005
:101E900007990B230C226030EBF7A6FE0B232000E2
:101EA0001A0008997030EBF79FFE200009990B2368
:101EB00012228030EBF798FE20000A990B230A22A9
:101EC0009030EBF791FE20000B990F230622A030F3
:101ED000EBF78AFE20000C990B231A22B030EBF7A7
:101EE00083FE20000D990B231422C030EBF77CFEFB
:101EF00020000E990B231722D030EBF775FE20003F
:101F00000F990B231622E030EBF76EFE200010999C
:101F10000B231522F030EBF767FE601C11990B23A1
:101F20001022FF30EBF760FE2000113012990B23D6
:101F30000022FF30EBF758FE200021300B231E2239
:101F40001399FF30EBF750FE200070BD10B518C993
:101F50006210E10701D58158CB588018984710BD11
:101F600082B030B585B008920500082202A8099316
:101F700003F036F8039B029C5810DB0701D52B5861
:101F80001C592D180AA90822684603F029F8089A56
:101F9000099B2800A04705B030BC08BC02B0184718
:101FA00070B504000D001822002103F037F8290055
:101FB000200002F04BFE200070BD03684268032140
:101FC0009A18836810B5D018F4F7F6FD5221A923AA
:101FD000FF315B001A00884204DC083AFF3A904265
:101FE00000DD0200FF2008219B1A5843FF31F4F75F
:101FF000E3FD10BD0069002904DD002802D001398D
:10200000C06AF8E7704710B50400EBF7C1FC200088
:1020100002F0AFFF200010BDF7B5838804005A0717
:102020000FD59A0648D4DA060BD5010008221831DC
:10203000684602F0D5FF226963692000FEF774FE4E
:102040003AE00422022601271343A380A3883342E7
:102050000BD0210008221831684602F0C1FF226926
:102060006369A06801F06AFB10E03B4208D0E368B6
:10207000206900936169A269E369A568A84705E042
:1020800020696169A269E369A568A8471022A3884D
:1020900013420ED0256A002D0BD02900A01802F0A3
:1020A0009FFF2B692800236202F063FFE9F782FBA0
:1020B000CCE704229343A380F7BD030072B64069C6
:1020C000002807D002695A61002A00D19A619A8BD0
:1020D000013A9A8362B67047F7B5002507002E00D3
:1020E0000469002C1BD0A288E36A11B2002914DA1B
:1020F00004210A4211D1002E01D13B6100E0F362BC
:10210000E36A20000193FEF705FE200002F031FF94
:10211000340001352600019CE3E70193FAE728002B
:10212000FEBD70B501230D00040088B08669082249
:1021300008316846029302F053FF2A686B6820005A
:10214000EBF764FC002827D1A38B092B24D82900A6
:10215000102204A802F044FF182002F00EFF050030
:1021600006A90822684602F03BFF049A059B280056
:10217000FEF7C4FE72B6002E03D1636965612B6160
:1021800002E033692B6135612B69002B00D1A56119
:10219000A38B0133A38362B608B070BD82B010B5C3
:1021A00002A902920393FFF7BCFF002010BC08BCF9
:1021B00002B0184730B585B00500FFF78DFF280045
:1021C000FFF77BFF041E13D0010000230831082213
:1021D0006846029302F004FF226863682800EBF768
:1021E00015FC200002F0C5FEE9F7AAFA0028E6D1A6
:1021F00005B030BD82B030B585B008920500082228
:1022000002A8099302F0ECFE039B029C5810DB0726
:1022100001D52B581C592D180AA90822684602F02E
:10222000DFFE089A099B2800A04705B030BC08BC17
:1022300002B01847028903008A4202D18079012343
:1022400005E0428900208A4202D198790223184091
:102250007047028903008A4202D18079042305E095
:10226000428900208A4202D1987908231840704799
:10227000028903008A4202D18079102305E0428955
:1022800000208A4202D198792023184070470389A0
:1022900010B58B4207D183790124002A01D0234352
:1022A00000E0A343837143898B4207D183790221E4
:1022B000002A01D00B4300E08B43837110BD0389DA
:1022C00010B58B4207D183790424002A01D023431F
:1022D00000E0A343837143898B4207D183790821AE
:1022E000002A01D00B4300E08B43837110BD0389AA
:1022F00010B58B4207D183791024002A01D02343E3
:1023000000E0A343837143898B4207D18379202165
:10231000002A01D00B4300E08B43837110BD82B0D3
:10232000F0B589B00E920F93078995B20400BD42B3
:1023300000D147890EAB5E88022E23D0052E0FD028
:10234000012E6FD1290020003200FFF7A0FF3900D5
:102350002000FFF76FFF002864D0A18833000CE055
:10236000290020000122FFF7AAFF39002000FFF713
:1023700070FF002856D00123A188320004A8FEF780
:10238000ADFD4FE039002000FFF754FF002815D0C5
:102390003200A18801236846FEF7A0FD2900200035
:1023A000FFF757FFA68800282DD039002000FFF73F
:1023B00050FF002827D00123042226E02900200016
:1023C000FFF756FF00280ED1267B012E0BD12900E6
:1023D0002000FFF73EFF002821D03300042229000F
:1023E00004A8FEF77BFD290020000022FFF74FFF25
:1023F000290020000022FFF762FF002229002000B0
:10240000FFF775FF0EE001230322310004A8FEF759
:1024100065FD012239002000FFF769FFE3E7330083
:102420000322DCE709B0F0BC08BC02B01847017316
:10243000704703238079184003384342584170475E
:1024400010B518C96210E10701D58158CB58801822
:10245000984710BD70B5837904001B0706D58068C6
:1024600001F0FEF90E23E35683420FD02000EBF774
:10247000C9FB082002F081FD0E216156050001F024
:10248000E3F90822A379A5601343A371002070BD6E
:10249000D0B5040086B08AB20023818802A8FEF776
:1024A0001DFD049E059FA06800F0E8F903000B43A2
:1024B0000AD0049A059B00920193121A8B4102A83C
:1024C00004920593E9F752FC32003B00A06800F04B
:1024D000D2F906B0D0BD1FB5837904005B0602D5E2
:1024E0000521FFF7D5FFA3799B0605D5A188012318
:1024F00002226846FEF7F2FC1FBD1FB58379040077
:102500005B0602D50421FFF7C3FFA3799B0605D51F
:10251000A188012303226846FEF7E0FC1FBD70235B
:1025200010B582791A4201D0EBF76CFB002010BD88
:10253000704710B5040002F01CFD200010BD30B53E
:10254000040085B02569002D1ED0EA78012A06D046
:10255000022A09D12000203000F03FF80AE02000D4
:10256000183000F017F805E092B201230A216846FE
:10257000FEF7B4FC23699D42E4D12000EBF7C0FDD7
:10258000280002F0F6FCDDE705B030BD0023016055
:10259000436070471FB504000068EBF7B1FD0023EE
:1025A000626843629A4201D160600BE0516A00297F
:1025B00002D001330A00F9E7032B02DD02F0D9FC57
:1025C00006E05062012309211A006846FEF786FCE6
:1025D0001FBD002341600370704770B50400406860
:1025E000EBF78EFD0123050023700430E9F7BEFBF5
:1025F00000232800237002F0BCFC70BD10B518C980
:102600006210E10701D58158CB588018984710BD5A
:10261000F8B50E001C00150006AA108807AA178836
:10262000B84208D0335C290023700130F4F7AAFBCC
:10263000013488B2F4E7F8BD4C30007870470300ED
:10264000020050334E321B8811888B4204D9118806
:10265000023A1078401800E01088C01A7047020053
:1026600003005C325A3311881B88994205D91188BE
:10267000043A1078C318581A01E01088181A7047E5
:1026800010B50400012905D12000FFF7E8FF00285C
:10269000FADC03E0022901D1E9F78CF810BD10B58E
:1026A00004300022F3F75CFE10BD10B5096813007A
:1026B00002240A5F0431EBF7FBFE10BDF7B51500ED
:1026C00000AF7B602B000E0069460833DB08DB009F
:1026D000CB1A9D46013200210400684602F09EFCA0
:1026E0007B682A0069463000EBF774FF002803DCA2
:1026F0002000E9F721FB04E002B269462000E9F777
:10270000F1FABD462000FEBD13B50C0001A8ECF7A0
:1027100013FB210001A8ECF721FB13BD73B50D00DD
:1027200014001E0001A8ECF707FB33002A0021006B
:1027300001A8ECF74DFB73BD07B501928022009113
:102740005205136952696946133A5A430223FFF747
:10275000E5FF07BD84B010B5049280220391059374
:102760005205116953695269113B133A4A4359435F
:102770000F9B5B1AD21803A90C23FFF7CFFF10BCE5
:1027800008BC04B0184710B50400ECF7D7F82000D7
:1027900010BD8023F7B55B051A695D690191113D94
:1027A0005543ECF7CBF8061E1FD0302002F0E5FBB6
:1027B000302200210400002702F030FC0835B74227
:1027C0000DDA29003022200002F00AFC21000198D5
:1027D00002F05AFC002802D030350137EFE7200024
:1027E000B74202D102F0C5FB0020FEBD10B509685A
:1027F0000431FFF7CEFF10BD10B509680431ECF7C6
:10280000CDF810BD52DF704712DF7047704710B52A
:10281000040002F0AEFB200010BD10B50400E9F783
:102820000DFA0022A46801238A4202D1844200D911
:102830001300180010BD10B50400ECF715FA1022B3
:10284000A35E1222A05E181A10BD10B5ECF70CFAA8
:1028500010BD70B50D000400ECF706FAE56070BD20
:10286000C068704710B50400ECF746FA200002F08B
:1028700080FB200010BD026543657047416D006D0F
:10288000704729DF704728DF7047002030B51C1AD9
:10289000002C06DD155C0C5C0130AC43F7D0012048
:1028A00000E0002030BD10B503685B6A984710BD9A
:1028B00010B50400ECF7C2FB200002F05AFB200028
:1028C00010BD10B5C9B20D22FFF7A9FAC7384342AF
:1028D000584110BD10B503685B6A984710BD10B52C
:1028E0000400ECF7F1FC200002F043FB200010BDD7
:1028F00010B5C9B20D22FFF792FA5A384342584137
:1029000010BD10B50368DB69984710BD10B5040011
:10291000ECF750FD200002F02CFB200010BD10B59C
:10292000C9B20722FFF77BFAC4384342584110BDB1
:1029300010B503685B6A984710BD10B50400ECF74A
:1029400053FE200002F015FB200010BD10B5C9B2E7
:102950000F22FFF764FA33384342584110BD10B5D7
:102960000368DB69984710BD10B50400ECF7F0FE72
:10297000200002F0FEFA200010BD10B5C9B24F22AF
:10298000FFF74DFA40384342584110BD37B504684F
:102990000D00002C0ED0011D0822684602F020FB1D
:1029A000019A009B5010D20701D52258D358201805
:1029B0002900984737BD82B030B585B00892050030
:1029C000082202A8099302F00BFB039B029C5810FB
:1029D000DB0701D52B581C592D180AA90822684677
:1029E00002F0FEFA089A099B2800A04705B030BC07
:1029F00008BC02B0184713B54A88438A04009A42BB
:102A00001AD10B89012B17D9CB681988C18140686D
:102A100003681B699847606803685B699847E081B1
:102A20002068EFF7E9FE2200618A00240368009421
:102A3000DC680E320223A04713BD82B010B504003B
:102A400000680393029200F025FF836D9B0715D564
:102A50006068FEF785FC20816068FEF788FC608175
:102A60006068FEF78BFCA0812068EFF7C5FE2200AE
:102A70000368218A08325C690623A04710BC08BCA1
:102A800002B0184770B5040001302500030000268D
:102A900011351E7001339D42FBD100236382013347
:102AA0002370002A08D10B001033994207D0013B54
:102AB0001A7802700130F8E7102202F09AFAA37B2C
:102AC000627B1B0213432000638270BDA7DF704747
:102AD000A9DF7047AADF704768DF704710B5036849
:102AE000002B01D00800984710BD10B50368002BDB
:102AF00001D00800984710BD10B50368002B01D025
:102B00000800984710BD10B50368002B01D00800DD
:102B1000984710BD10B50400ECF7C4FF200002F088
:102B200028FA200010BD1FB50123FA211A008900E0
:102B30006846FEF7D3F905B000BD0022431C0270C1
:102B4000C11D1A7001338B42FBD1704770B51D0057
:102B50000E001100C27F0400931C5B1901201F2B83
:102B600012DC2B18A354E37F2A001B18DBB2E37797
:102B7000E654E07F0130C0B2E077201802F030FA6E
:102B80000020E37FED18E57770BD0200010010B56D
:102B9000036834320A319B6F984710BD10B50400AA
:102BA000FFF7F3FF2368211DDB6F2000984710BD5E
:102BB00010B5002204000270431C11341A70013356
:102BC000A342FBD1418210BD37B50D00EFF704FEE3
:102BD0006B46DA1D0123040019000A301570EDF769
:102BE0005DF8002802D12000FFF7CFFF3EBDF8B509
:102BF0000D0016001F00EFF7EFFD0400092D03D1B3
:102C0000036831005B6B984720003B0032002900CD
:102C10000A30EDF743F8002802D12000FFF7B5FF96
:102C2000F8BD70B5EFF7D8FD05000A3504001F2286
:102C30000021280002F0F2F900232000EB77FFF7D3
:102C4000A4FF70BD806810B5002803D0EFF7C4FD65
:102C5000FFF7A4FF10BD70B58AB003AD06002800D1
:102C6000FFF76BFF13206844FFF767FF1A206844E3
:102C7000FFF763FF21206844FFF75FFF042301ACE7
:102C8000B06863710195EFF7C7FD036821001B6908
:102C90009847A0790AB070BD10B504001830FEF74F
:102CA000E0F80123636110BD022370B543610400A5
:102CB0000D00E8F7C3FF2061002D07D008236269EB
:102CC000134304226361A3791343A37170BD10B54C
:102CD0008068EFF781FD03685B69984710BDF7B521
:102CE000009308AB1B88040080680E001700019356
:102CF000EFF772FD002503685B699847A068FFF74E
:102D000090FF009BA068AB4200D10335EFF764FD54
:102D100001990571A068EDF725F80621A068FFF775
:102D200053FFEDF793FE3B003200A168EDF79CFEE8
:102D30000500A068EFF750FDFFF730FF2800FEBD4B
:102D400013B504AC2488096800940431FFF7C7FF69
:102D500016BDF0B587B003930CAB1B780400049349
:102D60000DAB1B8880680E0017000593EFF734FD4C
:102D7000002503685B699847A068FFF752FF049B32
:102D8000A068AB4200D10335EFF726FD0599057128
:102D9000A068ECF7E7FF0621A068FFF715FFEDF745
:102DA00055FE039B3200A16800933B00EDF7D2FE75
:102DB0000500A068EFF710FDFFF7F0FE280007B050
:102DC000F0BD8023F0B55B0585B008005F6E029111
:102DD000FEF7ECFF012304240525019329003800A8
:102DE000F3F7E6FE08000199F3F75CFE05230522E0
:102DF00000265D43019B039053433F1A0193039BBD
:102E000001339E420ADA042302989A1B12B221B2BD
:102E1000FB337430E8F7DCFF0136F0E7013CDDD22C
:102E200005B0F0BD0130C07F704782B030B585B0CD
:102E300008920500082202A8099302F0D1F8039B2A
:102E4000029C5810DB0701D52B581C592D180AA9D4
:102E50000822684602F0C4F8089A099B2800A04797
:102E600005B030BC08BC02B0184710B500F012FD28
:102E7000806D10BD82B070B50400006805930492A7
:102E8000150CFFF7F2FF022318421DD09D4201D11D
:102E900000230EE0012D0AD12600257101CEEFF7A7
:102EA000ABFC0368E18832005C692B000BE0052D68
:102EB0000AD12500237101CDEFF79EFC0368E1885C
:102EC0002A005C690123A04770BC08BC02B0184707
:102ED00082B070B50400006805930492150CFFF7EA
:102EE000C4FF022318421BD09D4201D100230DE0F4
:102EF000012D09D165712068EFF77EFC0368621D22
:102F000021895C692B000AE0052D09D163712068D5
:102F1000EFF772FC0368621D21895C690123A047F9
:102F200070BC08BC02B0184737B504680D00002C0F
:102F30000ED0011D0822684602F052F8019A009B4B
:102F40005010D20701D52258D3582018290098478D
:102F500037BD10B54A88838A90B00C009A4219D1C7
:102F60000B89002B16D0CB681B78012B12D18068FF
:102F7000EFF732FC036815215B6A9847FA2080005E
:102F800001F0DCFE238804A80380002301A90B7054
:102F9000F2F744FA10B010BD704710B5040001F00C
:102FA000E8FF200010BD37B504680D00002C0ED0DE
:102FB000011D0822684602F013F8019A009B501088
:102FC000D20701D52258D35820182900984737BD79
:102FD00037B504680D00002C0ED0011D082268468C
:102FE00001F0FEFF019A009B5010D20701D5225834
:102FF000D35820182900984737BD82B030B585B026
:1030000008920500082202A8099301F0E9FF039B3A
:10301000029C5810DB0701D52B581C592D180AA902
:103020000822684601F0DCFF089A099B2800A047A7
:1030300005B030BC08BC02B0184713B5836A4A8893
:10304000DB8B04009A420ED1838D01338385806827
:10305000EFF7D2FBA36A2200D98B00230468009308
:103060001832E468A04713BD82B010B50400806830
:1030700003930292FFF7F9FE83070ED502AB1A887D
:10308000A068A2825B88E382EFF7B6FB22000368A8
:10309000218C14325C690423A04710BC08BC02B028
:1030A0001847704710B5040001F063FF200010BD01
:1030B00037B504680D00002C0ED0011D08226846AB
:1030C00001F08EFF019A009B5010D20701D52258C3
:1030D000D35820182900984737BD37B504680D002C
:1030E000002C0ED0011D0822684601F079FF019ADC
:1030F000009B5010D20701D52258D3582018290020
:10310000984737BDF7B50026070005003400019148
:103110003A370122B2406B6913421CD0EB6829692F
:1031200030011818114202D1EAF7DEFD02E0EAF799
:1031300037FE8010019BC0B2002B02D13B78834246
:1031400009D06300EB18DA1D013408333870D677E4
:10315000D877092C05DC01360137132ED9D1002C84
:103160000BD0A868EFF748FB2A006400A3B2696D92
:1031700004682632C98B6469A047F7BD10B5436D5A
:103180004A88DB8B9A4202D10121FFF7BBFF10BDB9
:1031900010B50400806800F07DFB836D9B0703D5AC
:1031A00000212000FFF7AEFF10BD37B504680D0009
:1031B000002C0ED0011D0822684601F011FF019A73
:1031C000009B5010D20701D52258D358201829004F
:1031D000984737BD37B504680D00002C0ED0011D8F
:1031E0000822684601F0FCFE019A009B5010D207AD
:1031F00001D52258D35820182900984737BDF0B57B
:10320000CB6885B001934B88828C04000D009A42F4
:103210001FD10A89013A042A1BD84068E9F7D8FF70
:1032200000262B899E423ADA00270422019BD21BFA
:103230009B5D60681341012213405B4239B2DBB2EF
:1032400032B274300137E8F7C3FD052FEDD10136F6
:10325000E7E7E28C9A4219D10823EA5E019902A8B5
:10326000E8F740FD6068E9F7B3FF656802A903A8C5
:10327000FDF7EFFDE28903A92800EAF795F803A816
:10328000FDF792FD02A8FDF78FFD08E0228D9A421E
:1032900005D12B89012B02D9019B1B88E38105B045
:1032A000F0BDF0B54A88838C85B005009A4228D1DC
:1032B0000600431D03930024771B34723FB26868F5
:1032C00021B274303A00E8F799FD002806D00423B3
:1032D00001221B1B9A40337A134333720134052CAD
:1032E000EDD1039B01369E42E5D12868EFF784FAC1
:1032F0002A00A98C002503680095DD6808322300A8
:10330000A84705B0F0BD37B504680D00002C0ED0FD
:10331000011D0822684601F063FE019A009B5010CF
:10332000D20701D52258D35820182900984737BD15
:1033300082B030B585B008920500082202A8099332
:1033400001F04EFE039B029C5810DB0701D52B5861
:103350001C592D180AA90822684601F041FE089A56
:10336000099B2800A04705B030BC08BC02B0184734
:103370001FB54B88028B9A4208D10A89012A05D9C8
:10338000CB6802221B88038201230BE0428B9A4206
:103390000CD10B89002B09D0CB681B788374012BCF
:1033A00004D1042206216846FDF798FD05B000BD52
:1033B00010B504004068E9F765FA0223002800D040
:1033C0000323A3742068EFF717FA22000368618BC8
:1033D00012325C690123A04710BD73B50400006878
:1033E00000F058FA0225836D2B4239D06068FEF751
:1033F000D4F820816068FEF7D7F860816068FEF736
:10340000DAF8A081606803689B6998472082206889
:10341000EFF7F2F90022218B036800922200DE68A8
:1034200010322B00B0472068EFF7E6F9220003685E
:10343000A18A5E6908320623B0476068FEF73AF851
:1034400000280DD06068E9F71BFBE0812068EFF7EA
:10345000D3F922000368E18A0E325C692B00A04791
:1034600073BD13B504004068218A03685B699847FF
:10347000606803689B69984720822068EFF7BCF971
:10348000218B2200002403680094DC6810320223A0
:10349000A04713BD82B010B502920393120C012A0B
:1034A00002D1FFF79AFF08E0022A02D1FFF7D9FF05
:1034B00003E0042A01D1FFF77BFF10BC08BC02B077
:1034C000184737B504680D00002C0ED0011D0822E6
:1034D000684601F085FD019A009B5010D20701D586
:1034E0002258D35820182900984737BD82B030B5EC
:1034F00085B008920500082202A8099301F070FD2A
:10350000039B029C5810DB0701D52B581C592D1822
:103510000AA90822684601F063FD089A099B280061
:10352000A04705B030BC08BC02B0184713B54A88A4
:10353000C38904009A4218D10B89012B15D9CB6895
:10354000198841814068FFF784F96068FFF788F9BE
:1035500060812068EFF750F92200E18900240368B8
:103560000094DC680A320223A04713BD82B010B574
:10357000040000680393029200F08CF9836D9B07AE
:103580000DD56068FFF757F920722068EFF734F91E
:1035900022000368A18908325C690123A04710BC9E
:1035A00008BC02B0184710B50368002B01D0080012
:1035B000984710BD37B504680D00002C0ED0011DD2
:1035C0000822684601F00CFD019A009B5010D207BA
:1035D00001D52258D35820182900984737BDF0B597
:1035E000C2684B8889B004000F00934248D10B8910
:1035F000029300230093009A029B934240DD207ABD
:10360000A17A0130F3F7BEFB637A0D0099422DD009
:103610000026009AFB689B5C0193636902229B5E13
:103620000393039BB34210DD200031B21430FDF749
:103630003DFC019B834206D1012396211A00C9005B
:1036400004A8FDF74BFC0136EBE76946237A2268B4
:103650000979D154FF2325721D40A369AB420CD1D7
:1036600001235B42A3610222023301E00123032212
:10367000962104A8C900FDF731FC009B0133B9E78E
:1036800009B0F0BDF8B50E001C00150006AA1088A0
:1036900007AA1788B84208D0335C2900237001308C
:1036A000F3F770FB013488B2F4E7F8BD427A037A8D
:1036B0000100981A9A4202D9887AC318981A70475A
:1036C00010B50968130002240A5F0431EEF7BAFB53
:1036D00010BD37B504680D00002C0ED0011D082266
:1036E000684601F07DFC019A009B5010D20701D57D
:1036F0002258D35820182900984737BD82B030B5DA
:1037000085B008920500082202A8099301F068FC20
:10371000039B029C5810DB0701D52B581C592D1810
:103720000AA90822684601F05BFC089A099B280058
:10373000A04705B030BC08BC02B0184782B073B5D2
:103740000400061D069208A908226846079301F0A6
:1037500047FC65693100069A079B2068A84773BC3F
:1037600008BC02B01847026810B594460A680023E6
:10377000944507D104310430102201F022FC434269
:103780004341DBB2180010BD10B5EEF721FF4068D1
:1037900010BD10B5EEF71CFF006810BD017042703F
:1037A0004360704782B0F0B505920200069308AB03
:1037B0001B7805ACE0CCE0C2002B2ED04A78002A62
:1037C00005D0069A52424260079A524282604A6885
:1037D000022A08D0032A0DD0012A10D102684168BC
:1037E0005242016004E00268524202604268524262
:1037F000426004E042680168524202604160012B6D
:1038000004D0022B09D143685B4202E0426803689E
:103810000260436083685B428360F0BC08BC02B016
:10382000184782B037B50400180007930B7806924A
:103830000193089B009303002000FFF7B3FF2000D3
:103840003EBC08BC02B0184710B50400F2F700FCFB
:10385000200010BD10B5040001F04CFB200010BD8D
:10386000407840B2704702000B00F0B5126889B092
:10387000019203AA15001E004068016809688C4681
:1038800092CE92C5DB680199D36000231361E047B3
:1038900009B0F0BD10B5EEF79FFF10BD02207047D4
:1038A00002207047002070470020704702207047B8
:1038B00002207047022070470220704702207047A4
:1038C0000220704702207047022070470220704794
:1038D0000220704702207047022070470220704784
:1038E00000231360704700207047022070470220B9
:1038F0007047022070470220704702207047002066
:103900007047002070470020704702207047022057
:1039100070474160704781607047C16070470161C6
:1039200070474161704702207047022070470220B3
:103930007047022070470220704702207047022023
:103940007047022070470020704702207047022015
:103950007047002070477047022070470220704770
:1039600070470220704700207047704766DF70473D
:1039700048DF7047007970470C3070470C30704753
:1039800010B5FFF7F5FF10BD10B50368002B01D08F
:103990000800984710BD10B50368002B01D008003F
:1039A000984710BD10B50368002B01D00800984758
:1039B00010BD0823F0B597B002AA137106AA0292AF
:1039C00002AA137310000EAB04930C00EFF77CFCFB
:1039D00000230600984202D02371A37136E005004F
:1039E000072702AB1B7BA37102AB1B79AB4213D938
:1039F0006379AB4201D8257128E038006843236819
:103A00001818029B0193019AAB00995801350722BF
:103A100001F0E6FAEDB2E7E725710727002502ABD2
:103A200021791B7B6918AB420FD9637999420CDA73
:103A3000794323685918049B0193019AAB00985865
:103A4000013500F0C4F9EDB2E9E72171300017B09B
:103A5000F0BD10B5EFF7DEFB10BD10B5080011008A
:103A6000EFF70EFC10BD10B508001100EFF7E4FBF6
:103A700010BD10B5080011001A00029BEFF760FBA3
:103A800010BD70B504000068002804D0056901F07D
:103A900070FA2800F8E7206070BD10B50400EEF75A
:103AA0007DFF200001F065FA200010BD10B5040074
:103AB000EEF77EFF200001F05CFA200010BD10B58B
:103AC0000400EEF77FFF200001F053FA200010BD44
:103AD00010B50400EEF780FF200001F04AFA200044
:103AE00010BD10B50400EEF781FF200001F041FA8F
:103AF000200010BD10B50400EEF782FF200001F099
:103B000038FA200010BD10B50400EEF783FF200046
:103B100001F02FFA200010BD70B50400E3692362A4
:103B2000256A002D08D0EB68210028009847236AF9
:103B3000002BF3D01B69F2E720001C30FFF7A1FF38
:103B400028006560A560E5602561656170BD10B500
:103B5000FFF7E2FF002800D0062010BD10B50400DA
:103B6000EEF762FF200001F004FA200010BD10B54E
:103B70000400EEF763FF200001F0FBF9200010BD08
:103B800010B50400EEF764FF200001F0F2F9200008
:103B900010BD10B50400EEF765FF200001F0E9F953
:103BA000200010BD10B50400EEF766FF200001F004
:103BB000E0F9200010BD70B50400E36A2363256BB3
:103BC000002D08D0EB68210028009847236B002BBC
:103BD000F3D01B69F2E720002C30FFF752FF2000E2
:103BE0000830FFF74EFF20001430FFF74AFF200097
:103BF0002030FFF746FF280070BD70B50379040040
:103C00000920002B20D0F1F7D7FB03000520002B63
:103C10001AD12500FC35A86B002803D1286C002898
:103C200006D10AE003685B6A98470028F6D00BE0EB
:103C300003689B6A9847002806D120000C3000F0EA
:103C400043FA002800D1207170BDF7B50379070051
:103C50000E001400002B08D008220021684601F055
:103C6000DDF90A256B461D710CE0EFF7A9F9050097
:103C70000C20002D0FD1012308223B71290068463A
:103C800001F0CCF93000EEF785FDE368009069465D
:103C9000200098472800FEBD10B50400EEF710FF85
:103CA000200001F066F9200010BD10B51F22002190
:103CB000040001F0B3F90023E37710BD10B5002034
:103CC000EFF71EF810BDFC30836B70B50400002BBD
:103CD00007D19920800001F050F90500EFF732F884
:103CE000A563A06B70BDFC30836B70B50400002B26
:103CF00007D19920800001F040F90500EFF722F884
:103D0000A563A06B70BDF0B5040087B0E36B2364BE
:103D1000266C002E08D0F368210030009847236CF1
:103D2000002BF3D01B69F2E720003C30FFF7A9FE1F
:103D30002000267166710C30FFF7A3FE20001830BA
:103D4000FFF79FFE20002430FFF79BFE200001AD0F
:103D50003030FFF796FE31002800EEF7E3FF230036
:103D60002A00443383CA83C3EB6831002365666548
:103D70002800EEF7D7FF23002A00583383CA83C3F5
:103D8000EB6831006366A6662800EEF7CBFF2300E0
:103D90002A006C3383CA83C33000EB68E667A367ED
:103DA00007B0F0BD70DF704771DF704760DF7047AC
:103DB000704710B5F1F782FA002010BD70477EDF22
:103DC000704768DF704710B500F065FD10BD022335
:103DD00010B50B708C330B713F3B4B712D338B71D6
:103DE0004A1C043100F02EFD10BD70DF704771DFFA
:103DF000704772DF704773DF704774DF704775DF9D
:103E0000704776DF704777DF704778DF704779DF7C
:103E100070477ADF70477BDF70477CDF70477DDF5C
:103E2000704788DF70471420704764207047A020D7
:103E30008001704710B50400FFF7DFFF032300285F
:103E400006D12300012158331A788A431A700300DF
:103E5000180010BD03000800FC21583310B51C7871
:103E6000214019703B218A4200D02839FFF7C9FF51
:103E700003005A1E934103205B42184010BD03000B
:103E800010B5FE330A00D98C03681B6A984710BD31
:103E900010B50800FFF7BFFF03005A1E934103202F
:103EA0005B42184010BD10B50800FFF7B2FF0300D9
:103EB0005A1E934103205B42184010BD080010B504
:103EC0001100FFF79CFF031E00D00323180010BD54
:103ED00013B50C001100012C06D86B460622581CA5
:103EE00001F07EF8002005E0A31E012B01D903207C
:103EF00007E001206B4669461C70FFF776FF00283B
:103F0000F5D116BD37B568460D001400FFF76FFFF9
:103F1000032300280DD1002D02D06B461B782B7097
:103F2000231E06D06B460622591C200001F058F8CB
:103F3000002318003EBD080010B51100FFF76FFF09
:103F4000031E00D00323180010BD10B50800FFF7B2
:103F50005CFF031E00D00323180010BD10B508003D
:103F6000FFF755FF031E00D00323180010BD10B546
:103F70000800FFF748FF0023984203D005331128BB
:103F800000D0023B180010BD08207047B830017007
:103F900000207047B9300170002070470220704740
:103FA000B83000787047B93000787047002070470B
:103FB0000200030010B5F33211786C309B6F984704
:103FC00010BD10B518C96210E10701D58158CB5852
:103FD0008018984710BD112337B5080001AC237035
:103FE0000D0001F05BF8290082B22000FFF715FFF9
:103FF000031E00D0032318003EBDF8B506000D00D7
:10400000002407273300BA331B78A3420ED96B79FB
:10401000A3420BD9390061432B6807225818711845
:10402000BB31013400F0DCFFE4B2EBE72C7100207F
:10403000F8BD10B50C00C97F01201F290ED800293A
:1040400001D103200AE0D37F2000FFF7D2FE002831
:10405000F7D1208CFFF7D9FE0028F2D110BDF8B5BA
:1040600003680700DB6C0D000C799847032384423A
:1040700028D8002307212879DAB2904208D90A000B
:104080005A432C680133125D032AF5D1042319E049
:104090003E000024BA3634702B79A34211D907238D
:1040A00019003078614358432B6838185918BB30D1
:1040B000072200F095FF3378013401333370E4B206
:1040C000EAE700231800F8BD10B50400EEF722FD62
:1040D00000280AD123000122FE335242DA84BA3486
:1040E000463B18705870207000E0062010BDFE306E
:1040F000C1847047FE30C08C7047A0DF7047A4DFDA
:104100007047A5DF7047A6DF7047A8DF7047F7B597
:104110000D0016000021082268461F00089C00F0D0
:104120007DFF6A4623883100280013800197FFF73E
:10413000E8FF0323002803D16B461B88238003007C
:104140001800FEBD70B586B015006A4600200E004E
:10415000941DD380EEF7D4FD03681B699847FFF7E1
:10416000C9FF012302A98B7000230E808B80CD60D4
:104170008C60FFF7C8FF83B2181E00D0052006B080
:1041800070BDF8B5040000200D001600EEF7B8FD74
:1041900003681B6998472368DF69FFF7ABFF3300AB
:1041A00001002A002000B847F8BDF0B5D48B02000A
:1041B0001E000023457985B0F8329D4223D908328C
:1041C0001700083F3F88A74210D11F33DB00C318F8
:1041D0000E249A8802236C442380036803AD009464
:1041E0009F682B00B847021E02D00DE00133E4E7C0
:1041F00023880620022B07D12B8810009B0703D0B1
:104200000123337000E0042005B0F0BD10B5027842
:10421000002A09D10C781300002C13D1438A488A54
:104220001B1A584243410CE00023012A0AD10A78A4
:10423000012A07D1013101300F3200F0C2FE4342A2
:104240004341DBB2180010BD70B504000D00636877
:10425000A360A068002807D0C36829009847A36816
:10426000002BF4D01B69F3E770BD10B5C368984705
:1042700010BD30B5150087B004290ED0052917D020
:10428000032925D144300100040004A8EFF754FBB2
:10429000049B002B18D1059B14E05830010004004A
:1042A0006846EFF749FB009B002B0DD1019B09E00D
:1042B0006C300100040002A8EFF73EFB029B002BCC
:1042C00002D1039BDB0703D529002000FFF7CDFFB8
:1042D00007B030BDF0B50B888FB005000C00502B37
:1042E0000ED004D8012B25D0182B32D00CE1522B44
:1042F0002FD03FD3532B00D006E1CE88052146E0D6
:1043000002000023CE884179FC3299423ED908321E
:10431000100008380088B0420AD1302120339B00B9
:104320005A59531CDB7F0B4200D0D2E02E392EE0CD
:104330000133EAE70C7AEB682B612869002800D189
:10434000E2E0C368210098472B69002BF3D01B697A
:10435000F2E7A3880AAE33802B6B6B63686B00288F
:1043600000D1D1E0C368310098476B6B002BF3D0CC
:104370001B69F2E78B79012B05D0022B00D0C3E03B
:104380000E89072103E00E89062100E002212B009F
:1043900000206A79F83300900098824200D8B3E098
:1043A0000833180008380088B04214D1062958D0C4
:1043B000072913D03200022900D096E0A3880AA969
:1043C0000B804E80237A0B71A38BCB80E38B203440
:1043D0000B81CC6040E000980130DCE71022002126
:1043E00002A800F01BFEA38802AA13805680E38B6C
:1043F00006AF9380238C0021D38023001022223328
:1044000038000193049300F009FE02233B70009BE7
:1044100020339B005B591A002A3211780022914206
:1044200006D0180002A9DB6C4030984702AB9A898D
:10443000A0883900BA80FFF768FEBB88002B63D1E3
:10444000A3880AA90B804E80A37A0B71E38BCB80E3
:10445000238C0B81019BCB6028001430FFF7F4FE06
:1044600052E006AF10220021380000F0D7FDA388EB
:104470007E803B80A38B0AAE102200213000BB80DF
:1044800000F0CCFD01233370009B20339B005B596F
:104490001A00293211780022914205D01800390003
:1044A0002C309B6B9847BA89B280BB89002B0BD10B
:1044B000BA68002A08D00121B3790B43B371BB88D5
:1044C0003381FB88F2607381A0883100FFF71DFE05
:1044D0001AE0A11CC97F0134E07F09020843990654
:1044E00007D50321840704D5D28B2800FFF7C1FE2E
:1044F0000AE00421DB06F7D50123010019400B0077
:10450000594259410331EFE70FB0F0BD77DF7047F3
:1045100078DF70477ADF70477CDF7047A2DF704733
:10452000A3DF704763DF704710B586B06B46DC1DB4
:1045300000232370C15C02AA99540133102BF9D1D6
:1045400021001000FFF7EEFF0023984200D12378EE
:10455000180006B010BDF0B51600302499B00193D4
:104560001EAB04CB02901B880391059320AB1B88E4
:104570000492069321AB1B783440079323AB1F882A
:1045800024AB1B78089325AB1B780993002C33D000
:10459000032200210AA800F041FD012502230AAAF6
:1045A000937010212A000AA80A430270019A0D3361
:1045B000501E0AAA52789A43042818D8F2F768FACB
:1045C0000305070C1100012107E001210AE0012188
:1045D0000A431340302208E002210A43134010220C
:1045E00003E002210A4313402022134302E02A433E
:1045F00013400B430AAA537011AD1C22002128005E
:1046000000F00CFD621E94410AAB644223402E7000
:104610006B61002F05D0229B002B02D06B602F8195
:104620006F810BAC03220021200000F0F7FC012079
:10463000089B099A03400240DB001101DBB20B43E7
:104640001A00079B03401800022313430343A3707F
:1046500032231E421FD0019B581E04281BD80F2254
:1046600023789343F2F714FA0305070C1100012194
:1046700007E001210AE001210B431340302208E04A
:1046800002210B431340102203E002210B4313408D
:104690002022134323700C231E421FD0019801389F
:1046A00004281BD80F2263789343F2F7F1F903052E
:1046B000070C1100012107E001210AE001210B4351
:1046C0001340302208E002210B431340102203E084
:1046D00002210B4313402022134363700CAD1422BC
:1046E0000021280000F09AFC039B2A000C936B46E3
:1046F0009B8A11A92B816B461B8B0298AB81049B73
:104700006C602B61269BFFF709FF80B219B0F0BDEA
:10471000F0B589B000930EAB1B8805000F001600A2
:10472000019303220FAB002102A81C7800F076FC55
:10473000012302221C40144302AA94701900102283
:1047400002A81143020003AC017051702000142232
:10475000002100F063FC02AB63606B461B88109A7B
:1047600023816B469B88210028000397A381266143
:10477000FFF7D6FE80B209B0F0BD7FDF704782DF61
:104780007047A7DF7047A9DF7047AADF7047002096
:104790007047002070470020704710B5EFF790F980
:1047A00010BD10B5EFF744FA10BD10B5EFF79CFA45
:1047B00010BD002070470020704700207047002087
:1047C00070472EDF704732DF704733DF70474CDFB2
:1047D000704729DF704728DF704710B5FFF7F9FFF2
:1047E000F0F748F810BD10B5EFF7B4FF802252057E
:1047F000136911699BB20138584389B2F2F752F933
:10480000FFF7E9FFF0F736F810BD2EDF704751DFF4
:10481000704710DF704711DF704761DF704710B5D8
:1048200008001100FFF7CAFA10BDAADF704744DF85
:10483000704711DF704713DF704700DF7047704724
:104840004DDF704730B500230D0014008DB0694670
:10485000C21AD27B5A540133102BF8D100210D22F9
:1048600004A800F0DBFB6A462B786846D3776B78A8
:104870009377AB785377FFF7E3FF2F236B441B78D5
:1048800023702E236B441B7863702D236B441B789D
:10489000A3700DB030BD30B50378040085B00D00B5
:1048A0000020022B16D1611C032201A800F098FB06
:1048B000211D032203A800F093FB02AA03A92800EC
:1048C000FFF7C0FF032202A901A800F07AFB4342D0
:1048D0005841C0B205B030BDA6DF7047F0B585B015
:1048E0001C000AAB0600039117001D78F0F7B4FE18
:1048F00001235D40009523003A000399300000F049
:104900007AFA201A441EA04105B0F0BDF0B585B07A
:104910001C000AAB0600039117001D78F0F79CFEFF
:1049200001235D40009523003A000399300000F018
:104930001FFA201A441EA04105B0F0BD10B50400B6
:10494000F0F798FE200000F014FB200010BD8369F2
:1049500080681B681840431E9841704710B50430AA
:1049600000F0F3F910BD436910B50100002B04D12C
:104970000368002B06D0984704E00068002801D0A7
:104980000431984710BD10B5012903D0022904D184
:10499000383000E02030FFF7E6FF10BD10B500F022
:1049A00036F810BD10B500F037F810BD704710B5DF
:1049B000040000F0DEFA200010BD70B50D00040008
:1049C000F0F7B8FE2900201DF1F780FE70BD182316
:1049D0004A1C5A438218926810B55943002A05D1DF
:1049E0004118CB68002B09D0984707E04318DB68D3
:1049F000002B03D0411810311800904710BD70B53E
:104A00000D0004000430F1F769FCE56370BD10B5DA
:104A1000043000F075FA10BD10B50C000430F1F749
:104A2000E3FC200010BD10B50400436842699918EA
:104A300000F077F8E36A002B04D1A369002B07D0BC
:104A4000984705E0A069002802D021001C31984752
:104A500010BD10B5040000F06CF80023A361E36200
:104A600010BD70B50D00040000F063F865612069A9
:104A700000F054F92918200000F053F870BDC36A03
:104A800010B50100002B04D18369002B06D0984794
:104A900004E08069002801D01C31984710BD10B592
:104AA0000400F0F791FE200000F063FA200010BD32
:104AB000036810B50400002B05D1C06800F02EF982
:104AC00001236060236010BD10B504000068002859
:104AD00004D0E06800F022F96368C01A10BD10B578
:104AE0008468FFF7F1FF201810BD10B50400C068FE
:104AF00000F014F900236060A36010BD002310B51E
:104B00000360436083600400F0F78EFEE0602000E5
:104B1000FFF7EBFF200010BD10B503689B689847B6
:104B200010BD10B50A000300011D006900F0BEF8B9
:104B300010BD10B5011D006900F0D4F810BD10B50E
:104B40000120F9F789FE7047704710B5FFF7FCFFA9
:104B5000FFF7F9FFFBF725FB10BD10B5002801D0CA
:104B600000F001F8FEE700B59BB0032102A800F0B9
:104B70006DF8022108A800F069F801210EA800F0E4
:104B800065F8102114A800F061F8059B039A96209F
:104B90001A60099A0C9B1A600F9A129B1A60159A58
:104BA000179B01921A6000F0C9F8069B039A9620A1
:104BB0001A60099A0B9B1A600F9A119B01921A6056
:104BC000159A189B1A6000F0B9F8DEE70FB40120BF
:104BD00010B5F9F741FE70B50D0004001600F0F7AE
:104BE0009BFE6B1C07D00021200000F0B4F83100C0
:104BF000200000F0AAF870BD70B5436804000D00F5
:104C0000002A01D0C26800E002691360200001217F
:104C100000F0A1F82900200000F097F870BD10B551
:104C20000322FFF7D8FF10BD10B5FFF7D4FF10BD6A
:104C300070B50D0004001600F0F76EFE6B1C04D07A
:104C4000320000212000FFF7D7FF70BD10B5002211
:104C5000FFF7EEFF10BD70B504000D0003681B6880
:104C6000984763681D6070BD036870B5DB68040019
:104C7000984763685A682368002A02D19B6898475E
:104C800013E05B681568984763682D1A5A68002D11
:104C900007DC916859601B68002BEAD05068984780
:104CA000E7E7236810681B69984770BD70B50D0071
:104CB00072B64B60002346680A607468002C05D009
:104CC0002168511A02D42300A468F7E7002B05D10C
:104CD000036875601B691000984700E09D60AC6038
:104CE00062B670BD10B572B6426853688B420CD183
:104CF0009B6853600268002B02D1936898470BE0D1
:104D000012691868904707E01300002B04D09A68D6
:104D10009142F9D18A689A6062B610BD10B50368F5
:104D20005B68984710BD70B50400F1F70DFE0500F3
:104D3000F1F70AFE401BA042FAD370BDFA2310B56A
:104D40009B005843FFF7EFFF10BD10B5007840B24D
:104D500000F082F810BD002901D0012907D10023FD
:104D6000A022C356D205C133FF339B009950704730
:104D7000F7B50192B1221F0003684910D200995083
:104D80008021012289005A50190000240600FC31BC
:104D9000CC601A607D1E019BAC4213DA1919002207
:104DA0003000F0F7E7FE00280AD03000F0F7DAFF15
:104DB00007003000F0F7A4FF3D1E1ADB250018E0C5
:104DC0000134E7E7591901223000F0F7D3FE00283B
:104DD00003D03000F0F794FF0BE0089B3D00002B60
:104DE00007D03368FC339A68002AFCD000223D00CB
:104DF0009A602800FEBDF8B51700B1221D000368B7
:104E0000D200491099508022002492009C50012227
:104E100006009A60AC4211DA395D3000F0F796FE78
:104E2000002809D03000F0F76BFF3000F0F79AFF50
:104E3000031E0FDB23000DE00134EBE7069B002B84
:104E400004D03000F0F774FF002801D12B0001E0FE
:104E500001235B421800F8BDA0238000DB05C018C9
:104E6000E02310B50C24DB00C2588900A243C250D5
:104E7000C2581143C15010BDF8B505000E00002402
:104E800001273B00A3402A691A4203D060B23100D7
:104E9000FFF7E2FF01341F2CF3D1F8BD30B5002934
:104EA00003D001291DD1002311E001220C001300C1
:104EB0008B4005691D4203D005688B00EB181C6010
:104EC00001311F29F3D10CE001331F2B09D00A0057
:104ED0009A4004691442F7D004689A00A21811603D
:104EE000F2E730BD426800691368594001405940FB
:104EF0001160704710B5407840B2F0F779FF10BDEF
:104F000003681A00FC32D1680129FCD10021D1606C
:104F1000A322D2009858C0B2704782B00190C04618
:104F2000C046C046C046C046C046C046C046C04651
:104F3000C046C046C046C046C046019B013B0193E7
:104F4000002BECD102B07047704770470023CB565E
:104F50005A1C05D0834201D1486802E00C31F5E7C4
:104F6000180070470B0010B501001800F9F760FC3D
:104F700010BD10B5E6F7B2FD10BD10B5041E00D18E
:104F800001342000E6F774FD002807D1F1F77AFD1F
:104F9000002801D100F003F88047F2E710BD10B5FA
:104FA0000620F9F795FC0120FFF7D7FDC9B282185A
:104FB000904204D003788B4202D00130F8E7002001
:104FC000704730B50024A24208D0035D651C0C5D1B
:104FD000A34201D0181B02E02C00F4E7002030BDF2
:104FE000002310B59A4203D0CC5CC4540133F9E7D6
:104FF00010BD10B5884202D98B18984201D3002306
:1050000005E09B1A013A08D3995C8154FAE7934270
:1050100003D0CC5CC4540133F9E710BD03008218FF
:10502000934202D019700133FAE7704770B504005B
:105030000D001F2904D916230360012040421EE001
:10504000426C002A04D08B00D2181368002B08D1C0
:10505000200000F015F82A0001002000F9F742FCBA
:105060000DE00020012B0AD0591C03D11733236017
:10507000013004E00024280014609847200070BD2F
:1050800010B5F9F797FF10BD02780B78002A03D00E
:10509000013001319A42F7D0D01A70470023C25C28
:1050A0000133002AFBD1581E7047002330B59A42C5
:1050B0000BD0013AC45CCD5CAC4205D19A4202D01F
:1050C0000133002CF6D12500631B180030BD03000E
:1050D00030B5002A0DD00C7801335D1E013A2C70DA
:1050E0000131002CF5D19A189A4202D01C7001337C
:1050F000FAE730BDEC300068704782B0002900D17B
:1051000001A9101E09D0002B05D013780B60107870
:10511000431E984101E00220404202B07047F7B5BB
:10512000170001938A680B6900900C00934200DA23
:10513000130022003B6043321278002A01D0013371
:105140003B6023689B0602D53B6802333B60062523
:1051500023681D401ED0230043331B785A1E934101
:10516000226892061CD53020E118433108702100D6
:105170005A1C45310978A2184332023311700FE0EE
:1051800022000123193201990098089EB047431C60
:105190000ED00135E3683A689B1A9D42F0DBDAE7EE
:1051A0002200019943320098089DA847431C02D170
:1051B0000120404220E006232068E1683A6803406D
:1051C0000025042B03D18D1AEB43DB171D40A36888
:1051D0002269934201DD9B1AED180027BD420AD0D7
:1051E000220001231A3201990098089EB047431CFF
:1051F000DED00137F2E70020FEBD0B1E07D0FF2AEC
:1052000003D98A2303608B3B01E001230A70180055
:1052100070470000F8B5C046F8BC08BC9E46704711
:10522000F8B5C046F8BC08BC9E46704700000000B8
:10523000000000000000000000000000000000006E
:105240000108010842424242010801083ED8E98DA6
:10525000219501005995010079950100959501006E
:10526000B5950100D5950100F59501001596010051
:105270004596010075960100BD960100DD9601007E
:1052800031970100C9FF0200DBFF020071970100A6
:10529000C1970100FD9701001D9801003DAB010081
:1052A0004D080300DD9C0100719E01007D9E010000
:1052B000959E0100A98E0100899E01002D9D01008F
:1052C000350403001D930100B98E0100FFF30200B5
:1052D000AD9001006590010069910100ED8A010027
:1052E00079F2020085F20200618C0100CBF202002B
:1052F0008BF7020029F70200A99301000FFA0200C0
:10530000C3010300C5010300E85903003459030039
:1053100078590300DC5A0300A5020300C30203000E
:10532000F90503001B050300CB010300C7010300BF
:10533000C901030031920100B9910100B1F80200E6
:10534000A1F30200B5F30200658F0100D98F0100BF
:10535000D3F30200F18F0100C5F1020007F3020050
:105360001BF302001FF3020029F3020037F30200CF
:1053700041F3020053F302005DF3020067F3020001
:105380006BF8020095F80200BB0203003F04030023
:10539000399F0100919F0100C9880100D588010053
:1053A00035890100B1F10200B9F20200358C01002B
:1053B0003D890100FBF10200B58B0100AD8A0100BF
:1053C000FFF1020065F2020073F202003FF80200F2
:1053D0000BF502002FF5020053F502009BF50200C9
:1053E000C9F5020007F4020099F4020025F4020056
:1053F00043F402005BF4020073F4020081F4020043
:1054000061F9020087F90200ADF90200D3F9020048
:10541000F1F9020047F8020059F8020067F70200AC
:1054200079F7020017F60200EFF2020039F60200E7
:10543000D9F60200E9F60200F9F6020009F70200C7
:1054400019F702009D910100FBF20200FFF2020039
:10545000D59A0100A98E010071F30200B98E0100F6
:1054600077F302007BF302007FF30200158F010047
:1054700093F30200518F01009BF302000990010099
:10548000FDF3020015900100559301001BFA020084
:10549000C9930100ED9301003D94010031FA02002F
:1054A0004DA101006905030069A60100797E020093
:1054B000BD6D0200E56D02000D920200D184020074
:1054C000198D02003DAB0100B18101001BF002000B
:1054D00023F00200D5810100FD81010049F00200A6
:1054E0002D82010057F0020075F002009FF00200CB
:1054F000C7F00200CDF00200D3F00200E3F002009A
:10550000F1F002001DA9010045A901009DA90100BB
:10551000ADA90100D9A90100D1070300D9070300F3
:10552000FFF0020095830100F58301000DF10200F8
:105530002DF10200198401004DF10200E184010007
:1055400029850100398501004D8501005D85010037
:105550008D850100F58501000986010055040300D1
:105560005D0403006904030071040300790403006F
:10557000810403008B0403009D040300D19F0100FC
:10558000DD9F0100AB040300E99F0100BB040300A1
:10559000F99F0100C3040300C504030009A0010032
:1055A000D5040300D704030019A00100B3010300D0
:1055B000B59A0100C99A0100BD010300BF010300B3
:1055C0006D82010081820100C9820100DD8201003B
:1055D000F182010001830100118301002183010098
:1055E00031830100418301005D830100B7FF0200A8
:1055F000BFFF0200BD940100C7FF0200EDFF0200E3
:10560000F5FF020005000300190003002900030054
:105610003D000300510003004598010075000300A0
:1056200051980100EF000300F100030071980100A0
:10563000C1980100059901001199010005010300BD
:1056400025010300350103004101030061990100B8
:105650008999010043010300D1990100550103001C
:1056600065010300459A0100790103009B010300D5
:10567000218601005D860100A1860100DD86010012
:105680000587010021870100B1870100F98701002A
:1056900009880100298801003988010089FB02007E
:1056A0008DFB0200A5FB0200B9FB0200C1FB02005A
:1056B000D7FB02009BFE020097FF020029FC0200BC
:1056C0002DFC020053FC020077FC0200E7FC020004
:1056D00081940100F5FC020063FD020073FD0200ED
:1056E0009DFD0200A9FD0200E9010300F90103008C
:1056F0000902030019020300290203003902030012
:10570000490203005902030047FA02006BFA020043
:105710007BFA02008BFA02009BFA0200ABFA02004D
:10572000BBFA0200CBFA0200D1080300EF08030025
:10573000130903000195010011950100E59A01008C
:10574000A59A0100B101030021A70100E9A701000A
:1057500061A701006DA70100D1940100E19401004F
:10576000F1940100000000000100000000000000B2
:105770000A000000000000006400000000000000BB
:10578000E8030000000000001027000000000000F7
:10579000A08601000000000040420F000000000051
:1057A000809698000000000000E1F5050000000070
:1057B00000CA9A3B0000000000E40B540200000005
:1057C00000E87648170000000010A5D4E8000000AB
:1057D00000A0724E1809000000407A10F35A000031
:1057E000E2652F227F2B7A3C075C143326A6813C8E
:1057F000BDCBF07A8807703C075C143326A6913C39
:105800004FBB610567ACDD3F182D4454FB21E93FD8
:105810009BF681D20B73EF3F182D4454FB21F93FC7
:10582000000000000000E03F000000000000E0BFBA
:10583000763C7935EF39EA3D763C7935EF39EABD8A
:105840000000E0FE422EE63F0000E0FE422EE6BFF2
:1058500000000000000000000000000000000080C8
:1058600000000040FB21F93F000000002D44743E81
:10587000000000809846F83C0000006051CC783B66
:1058800000000080831BF0390000004020257A389A
:10589000000000802282E336000000001DF369351D
:1058A000080004F9000000000900000000000000EA
:1058B000DBEF0200E5EF0200D5EF0200D7EF0200B8
:1058C00000000000000000000000000000000000D8
:1058D000E859030004006E756C6C0000E859030081
:1058E00009002D496E66696E69747900E8590300F4
:1058F0000800496E66696E6974790000E859030012
:105900000900756E646566696E656400E859030098
:105910000400747275650000E8590300080066759C
:105920006E6374696F6E000034590300000000005C
:1059300000000000080004F900000000030000005F
:105940000000000065F102001D930100000000004E
:105950008DF10200000000000000000000000000C7
:1059600000000000E859030000000000E8590300AF
:10597000050066616C7365000C0002F90000000010
:10598000020000000000000065F102001D9301000C
:105990000000000089F1020000000000000000008B
:1059A0000000000000000000E859030008005B4F01
:1059B000626A6563745D0000E85903000900756E52
:1059C000646566696E656400E859030006006F62ED
:1059D0006A65637400000000E859030006006E75F4
:1059E0006D62657200000000080003F9000000000D
:1059F000010000000000000065F102001D9301009D
:105A00006FF1020067F1020071F1020095F10200EE
:105A100075F1020079F10200E859030003004E61BC
:105A20004E000000E85903000600737472696E6747
:105A300000000000E85903000700626F6F6C6561A9
:105A40006E000000E85903000A005B46756E63743F
:105A5000696F6E5D000000001825002028250020D9
:105A600038250020482500205825002068250020E2
:105A7000782500208825002098250020A8250020D2
:105A8000B8250020C8250020D8250020E8250020C2
:105A9000F82500200826002018260020000000001D
:105AA0000000000028260020382600200C0004F901
:105AB0000000000006000000000000008702030054
:105AC000E7030300C50503000D0603000000000006
:105AD0000000000000000000000000000C0005F9BC
:105AE000000000000400000000000000A30203000A
:105AF000A7020300CF050300110603000000000009
:105B0000000000000000000000000000080004F990
:105B1000000000000700000000000000AB020300CE
:105B2000A9020300DB0503001B06030000000000C0
:105B3000000000000000000000000000140004F954
:105B400000000000080000000000000091020300B7
:105B5000A1020300E50503001F060300000000008A
:105B60000000000000000000000000000000000035
:105B70000000000061AA01003B08030005000000CE
:105B80000500000003000000090000000D040000F3
:105B9000E36803000000000000000000EB0A0300BF
:105BA000E5070300F30A0300F50A0300FFFF000006
:105BB00000000000FFFF01000100000000000000E5
:105BC00000000000E3070300E5070300EB07030004
:105BD000ED0703000000000000000000E3070300E1
:105BE000E50703002512030027120300E511030057
:105BF000011203000512030021120300D1C00100AD
:105C0000D9C00100051303000000000000000000DF
:105C100091C50100E507030079C50100C313030026
:105C20000000000000000000E3070300E507030098
:105C30000314030005140300CDC60100E3130300A1
:105C4000FF130300D5C6010011140300000000007B
:105C500000000000831C0300E507030099CF01004A
:105C6000FF190300010000001700000046000000BB
:105C7000A30000005F010000D6020000C405000080
:105C8000A00B000000000000000000009D210300A8
:105C9000A1D8010009D80100F51F030091D9010026
:105CA00007200300B5210300F8FFFFFF00000000FC
:105CB000E3070300A5DA0100B1D90100C1D9010051
:105CC0000000000000000000E3070300E5070300F8
:105CD000E9070300F90703000000000000000000CE
:105CE000E30703003F2503003125030033250300AC
:105CF0000000000000000000E30703004B28030041
:105D00000D2803000F280300000000000000000021
:105D1000F9EC010065280300C40900000000000040
:105D20008813000008000000102700001000000089
:105D3000204E000018000000803801002000000004
:105D4000007102002800000000E2040030000000A2
:105D50000088130038000000605D030003000000AD
:105D6000020000000000000004000000010000002C
:105D70000800000002000000000000000000000019
:105D8000E3070300A72803003DF00100B12803004A
:105D9000E5110300011203000512030021120300A4
:105DA00049EF010081F0010005130300BCFFFFFF74
:105DB00000000000E307030039EF010061F001007B
:105DC00071F001002DF00100E3130300FF13030045
:105DD00081F1010011140300185D030008000000A8
:105DE000E204000000000000C409000008000000F8
:105DF00088130000100000001027000018000000A9
:105E0000204E000020000000803801002800000023
:105E1000007102003000000000C4090038000000DA
:105E2000285E0300030000000200000000000000E4
:105E30000400000001000000080000000200000053
:105E40000000000000000000E3070300D528030065
:105E5000C9F20100DF280300E5110300011203006D
:105E6000051203002112030015F20100E1F2010006
:105E700005130300E05D03000800000000000000BF
:105E800000000000E307030003290300B5F301004D
:105E90000D2903005DF40100E3130300FF13030069
:105EA000CDF3010011140300D43000000000000005
:105EB000A86100002000000050C300004000000066
:105EC000A086010060000000400D0300800000007B
:105ED000801A06008800000000350C0090000000C9
:105EE000006A1800B000000000D43000D0000000AC
:105EF00000A86100F00000000050C300F80000009E
:105F0000A85E03000B00000000000000000000007D
:105F1000E307030031290300E9F501003B290300F1
:105F2000E511030001120300051203002112030012
:105F300055F5010001F60100051303006902000098
:105F400080000000E802000090000000C40900008A
:105F5000700000008813000060000000102700009F
:105F600050000000204E000040000000409C000057
:105F700030000000A08601002000000040420F0019
:105F8000100000008C5F030004000000020000000D
:105F900000000000040000001000000008000000E5
:105FA0002000000010000000300000003C5F0300F3
:105FB000090000000000000000000000E3070300EB
:105FC0005F29030051F7010069290300F1F6010080
:105FD000E3130300FF13030069F70100111403002A
:105FE000102700000C000000204E000008000000F8
:105FF00050C3000004000000A08601000000000063
:10600000E05F03000400000000000000000000004A
:10601000E307030089FB0100A5FA0100152B03002B
:106020000000000000000000532F030000000000EB
:1060300000000000E3070300E50E0200992F0300B3
:106040009B2F03000000000000000000E307030096
:1060500091310300A3300300A530030000000000CD
:1060600000000000512A0200813B030000000000F4
:10607000000000003D2A02006F3B0300000000000A
:1060800000000000292A02005D3B03000000000020
:1060900000000000652A0200933B0300000000009E
:1060A000000000009D380300A1380300A53803005C
:1060B000A938030039280200AD380300B1380300C5
:1060C000B5380300B9380300BD380300C1380300F8
:1060D000C5380300C9380300CD380300D1380300A8
:1060E000D5380300D9380300DD380300E138030058
:1060F000E7380300EB380300EF380300F338030000
:10610000F7380300FB380300FF38030003390300AE
:10611000073903000B3903000F3903003F4B03001D
:106120003F4B0300152B02000000000000000000A0
:10613000152A0200073B03000000000000000000D9
:10614000ED290200E33A0300000000000000000017
:10615000D9290200D13A030000000000000000002D
:10616000C5290200BF3A0300000000000000000043
:10617000B1290200AD3A0300000000000000000059
:10618000012A0200F53A03000000000000000000B0
:10619000273903002B3903002F390300333903005B
:1061A000373903003B3903003F390300433903000B
:1061B00047390300073D0300000000000000000015
:1061C000792A0200A53B0300000000000000000047
:1061D0009D2902009B3A030000000000000000001F
:1061E0004B390300412802004F39030053390300A3
:1061F00057390300593903005D3903006139030041
:1062000063390300673903006B390300B73B0300B0
:106210000000000000000000733A0300673A03002A
:106220005B3A0300533A0300B33903001339030008
:10623000173903001B3903001F39030023390300FA
:106240004F3B030000000000000000004B3C030037
:1062500075390300FB3B030029290200793903004B
:106260007D390300E73C0300C73C0300D52802004A
:106270008D2A0200A128020081390300C12A0200F0
:10628000993C03000000000000000000D13E030024
:10629000053F0300273E03002B3E03002F3E030073
:1062A000353E0300B138030049340200553E030077
:1062B0007F3E0300913E0300A73E0300BD3E030066
:1062C000D73F0300373F03004B3F03005D3F030010
:1062D0006F3F0300F9320200893F0300FB3F0300D8
:1062E0005F4003008D3F0300953F03009D3F030087
:1062F000A13F0300A73F0300AD3F03000B3903009C
:10630000453302003340030039350200C940030021
:1063100000000000000000000D370200E53502001B
:106320000F410300FD35020019360200454103000C
:1063300083410300AB41030047390300E938020001
:10634000BF470300313C020097470300A347030007
:10635000B7470300C13A0200BB4703009B47030055
:10636000B3470300E93C020093470300AB47030037
:10637000E747030089490200B5490200414902008C
:106380000D4902005148020021480200A54D0200BB
:10639000894D0200F54C02000000000000000000E2
:1063A000755602003D490300000000000000000097
:1063B000E7070300050803000000000000000000DC
:1063C000BB490300AD490300AF49030000000000D2
:1063D00000000000E10703001108030000000000B6
:1063E000000000007DCF0100111A0300274A0300BE
:1063F0000000000000000000C95702009F4A03008F
:106400007F4A0300000000000000000000000000C0
:10641000000000003F4B0300BD6802004969020014
:10642000494F03004B4F03006169020018640300E9
:10643000342900200100000000700040040000002A
:10644000020000000070004008000000030000008F
:1064500000700040100000000400000000700040C8
:106460002000000005000000007000404000000017
:10647000060000000070004080000000FF000000E7
:10648000FFFFFFFF00000000B004000000F0040068
:106490006009000000D00900C012000000B0130025
:1064A00080250000005027004038000000003B001D
:1064B000004B000000A04E008070000000F075004E
:1064C000127A0000000080000096000000509D003D
:1064D00000E1000000F0EB00002C010000903A0108
:1064E00000C2010000E0D7010084030000B0AF0348
:1064F00090D00300000000040008070000705F0750
:1065000000100E00A4DFBE0E40420F00000000107D
:10651000B2750200D6740200947502006C75020018
:106520009475020060750200947502006C7502009B
:10653000D6740200D6740200607502006C75020009
:106540001876020018760200187602009A7502008A
:10655000D6740200D6740200807502006A750200CB
:106560008075020060750200807502006A75020085
:10657000D6740200D6740200607502006A750200CB
:1065800018760200187602001876020024760200BF
:10659000107902006E7802006E7802006C780200BA
:1065A0000279020002790200F87802006C78020099
:1065B00002790200F8780200027902006C78020089
:1065C0000879020008790200087902009279020035
:1065D000C08602008E850200948602008485020037
:1065E000948602009E860200948602008485020042
:1065F0008E8502008E8502009E8602008485020040
:106600007A8502007A8502007A850200F08802000D
:10661000088F0200C88D0200C88D0200C68D0200DE
:10662000E08E0200E08E0200D28E0200C68D0200D3
:10663000E08E0200D28E0200E08E0200C68D0200C3
:10664000E88E0200E88E0200E88E0200E890020068
:1066500061636F730000000061636F736800000086
:106660006173696E000000006174616E6800000073
:10667000636F73680000000065787000666D6F647A
:10668000000000006C6F67006C6F67313000000025
:1066900073696E680000000073717274000000007E
:1066A000FB21F93FFB2109407CD91240FB21194015
:1066B0007A6A1F407CD92240BBFD2540FB2129403E
:1066C0003A462C407A6A2F405C4731407CD93240B0
:1066D0009C6B3440BBFD3540DB8F3740FB2139409C
:1066E0001BB43A403A463C405AD83D407A6A3F4053
:1066F0004C7E40405C4741406C1042407CD9424057
:106700008CA243409C6B4440AC344540BBFD4540AB
:10671000CBC64640DB8F4740EB584840FB21494001
:1067200083F9A200444E6E00FC291500D1572700C2
:10673000DD34F50062DBC0003C99950041904300D8
:106740006351FE00BBDEAB00B761C5003A6E2400AA
:10675000D24D42004906E00009EA2E001C92D10009
:10676000EB1DFE0029B11C00E83EA700F5358200B4
:1067700044BB2E009CE98400B4267000417E5F007B
:10678000D6913900538339009CF439008B5F840023
:1067900028F9BD00F81F3B00DEFF97000F980500A9
:1067A000112FEF000A5A8B006D1F6D00CF7E36004F
:1067B00009CB2700464FB7009E663F002DEA5F00D9
:1067C000BA277500E5EBC7003D7BF100F7390700FC
:1067D00092528A00FB6BEA001FB15F00085D8D00DA
:1067E000300356007BFC4600F0AB6B0020BCCF00B2
:1067F00036F49A00E3A91D005E619100081BE600D3
:1068000085996500A0145F008D40680080D8FF0066
:1068100027734D0006063100CA561500C9A873003B
:106820007BE260006B8CC0000200000003000000EF
:10683000040000000600000000000000000000004E
:106840000000000000000000000000000000000048
:106850000000000000000000000000000000000038
:106860000000000000000000000000000000000028
:106870000000000000000000000000000000000018
:106880000000000000000000000000000000000008
:1068900000000000000000006C2000203031323386
:1068A00034353637383961626364656600CFDBDFC3
:1068B000E4E7ECF1F680C0B112F5E6267930DAA211
:1068C0006E0273B604384AB112F5E6267930DAA2C0
:1068D0006E0273B6043849312E5800322E30003221
:1068E0002E58000000040202040200000204040406
:1068F000000202000404030100000103030300017D
:106900000102030304020101030104030100030067
:106910000004010102000003025265626F6F744DB2
:106920006F646500666C617368496E636F6D706C4F
:10693000657465007A76677074756F6965617A76DB
:10694000677074756F6965617A76677074000004AA
:106950000202040200000204040400020200040413
:106960000301000001030303000101020303040209
:1069700001010301040301000300000401010200FE
:106980000003021B1B000E11000000000008080895
:1069900000080A4A4000000A5FEA5FEA0ED92ED3D7
:1069A0006E19324489330C924C924D080800000055
:1069B00004880808040804848488000A448A400083
:1069C000048EC480000000048800000EC000000097
:1069D00000080001224488100C9252524C048C840E
:1069E000848E1C824C901E1EC244924C06CA525F7A
:1069F000E21FF01EC13E02448ED12E1FE2448810D9
:106A00000ED12ED12E0ED12EC48800080008000011
:106A1000048004880244880482000EC00EC008046A
:106A20008244880ED126C0040ED135B36C0C925E20
:106A3000D2521C925C925C0ED010100E1C925252DC
:106A40005C1ED01C901E1ED01C90100ED013712EF8
:106A500012525ED2521C8808081C1FE242524C128D
:106A600054981492101010101E113B75B131113949
:106A700035B3710C9252524C1C925C90100C925295
:106A80004C861C925C92510ED00C825C1FE4848474
:106A900084125252524C1131312A44113135BB719A
:106AA00012524C9252112A4484841EC488101E0E25
:106AB000C808080E10080482410EC242424E048AE1
:106AC000400000000000001F0804800000000ED2FB
:106AD000524F10101C925C000ED0100E02424ED28B
:106AE0004E0C925C900E06C81C88080ED24EC24C0A
:106AF00010101C92520800080808024002424C1074
:106B0000149814920808080806001B75B131001C7F
:106B1000925252000C92524C001C925C90000ED289
:106B20004EC2000ED010100006C8049808080EC807
:106B300007001252524F0011312A4400113135BB67
:106B400000124C8C9200112A4498001EC4881E0624
:106B5000C48C8486080808080818080C88180000E7
:106B60000C8360000001000200030004000001012A
:106B700001020103010401000201020202030204F6
:106B800002000301030203030304030004010402DF
:106B90000403040404302C3235352C302C323535C6
:106BA0002C300A302C3235352C302C3235352C3007
:106BB0000A302C302C302C302C300A3235352C3029
:106BC0002C302C302C3235350A302C3235352C32E5
:106BD00035352C3235352C300A0054494C5420546C
:106BE0004F2046494C4C2053435245454E200063AC
:106BF0006F6D7061737343616C0074656D70436198
:106C00006C00E95DFB24251D470AA062FA1922DF0A
:106C1000A9A8E95DCA4B251D470AA062FA1922DF1F
:106C2000A9A8E95D0753251D470AA062FA1922DFCA
:106C3000A9A8FFFF14000500FFFFFFFFFFFFFFFFF4
:106C4000FFFFFFFF00FFFFFF000000FFFFFFFFFF50
:106C5000FFFFFF00FFFFFF000000FF00000000003B
:106C6000FFFF00FFFFFF000000FF0000000000002A
:106C700000000000FFFFFFFFFFFFFF00FFFFFF001E
:106C80000000FF0000000000FFFFFFFFFFFFFFFF0D
:106C9000FFFFFFFF00FFFFFF000000FF0000FFFFFE
:106CA00000FF00FF00FF00FFFFFF00FF00FF00FFED
:106CB0000000FFFF00626C65537973417474727356
:106CC00000424243206D6963726F3A626974004208
:106CD0004243206D6963726F3A626974205B005DA4
:106CE00000302C302C3235352C302C300A302C3200
:106CF00035352C302C302C300A3235352C323535A8
:106D00002C3235352C3235352C3235350A302C3293
:106D100035352C302C302C300A302C302C32353597
:106D20002C302C300A00302C302C302C302C300AF7
:106D3000302C302C302C302C3235350A302C302C85
:106D4000302C3235352C300A3235352C302C32355A
:106D5000352C302C300A302C3235352C302C302C60
:106D6000300A003235352C302C302C302C32353571
:106D70000A302C3235352C302C3235352C300A3057
:106D80002C302C3235352C302C300A302C32353525
:106D90002C302C3235352C300A3235352C302C3015
:106DA0002C302C3235350A00322E312E312D2D6704
:106DB00000E2ECF0F4F8FC0004E95DDA90251D47F0
:106DC0000AA062FA1922DFA9A8E95D9882251D4769
:106DD0000AA062FA1922DFA9A8E95DDA91251D4708
:106DE0000AA062FA1922DFA9A8E95D93B0251D4720
:106DF0000AA062FA1922DFA9A8E95D93B1251D470F
:106E00000AA062FA1922DFA9A82E636F6D2F002E47
:106E10006F72672F002E6564752F002E6E65742FBC
:106E2000002E696E666F2F002E62697A2F002E6722
:106E30006F762F002E636F6D002E6F7267002E65C8
:106E40006475002E6E6574002E696E666F002E628A
:106E5000697A002E676F7600687474703A2F2F7706
:106E600077772E0068747470733A2F2F7777772EA8
:106E700000687474703A2F2F0068747470733A2F1E
:106E80002F00AAFEE95DB84C251D470AA062FA1939
:106E900022DFA9A8E95D9775251D470AA062FA19A6
:106EA00022DFA9A8E95D93AF251D470AA062FA1960
:106EB00022DFA9A8E95D23C4251D470AA062FA19AB
:106EC00022DFA9A8E95D5404251D470AA062FA192A
:106ED00022DFA9A8E95DB9FE251D470AA062FA19BB
:106EE00022DFA9A8E95D8D00251D470AA062FA19D5
:106EF00022DFA9A8E95DD822251D470AA062FA1958
:106F000022DFA9A8E95D127B251D470AA062FA19B4
:106F100022DFA9A8E95D5899251D470AA062FA1940
:106F200022DFA9A8E95D93EE251D470AA062FA19A0
:106F300022DFA9A8E95D0D2D251D470AA062FA19D7
:106F400022DFA9A8E95D7B77251D470AA062FA190F
:106F500022DFA9A8E95DD91D251D470AA062FA19FB
:106F600022DFA9A8E95DF2D8251D470AA062FA1917
:106F700022DFA9A8E95D386C251D470AA062FA192D
:106F800022DFA9A8E95DFB11251D470AA062FA19B5
:106F900022DFA9A8E95DB358251D470AA062FA19A6
:106FA00022DFA9A8E95D9715251D470AA062FA19F5
:106FB00022DFA9A8E95D9250251D470AA062FA19AF
:106FC00022DFA9A8E95D1B25251D470AA062FA1941
:106FD00022DFA9A8E95D6100251D470AA062FA1910
:106FE00022DFA9A801FF01AAE97D3B10251D470A60
:106FF000A062FA1922DFA9A8E97DD91D251D470A3B
:10700000A062FA1922DFA9A86261642068616E6437
:107010006C6520746F20756E6465726C79696E673B
:10702000207472616E73706F7274006E400001B5EF
:10703000A3F393E0A9E50E24DCCA9E6E400002B5DE
:10704000A3F393E0A9E50E24DCCA9E6E400003B5CD
:10705000A3F393E0A9E50E24DCCA9E494E495449A6
:10706000414C495A4154494F4E5F494E434F4D5050
:107070004C455445004E6F7264696320424C453460
:107080002E31207665723A25752066773A253034A0
:1070900078004E6F72646963202873706563207591
:1070A0006E6B6E6F776E29207665723A2575206655
:1070B000773A2530347800756E6B6E6F776E00010D
:1070C0000203D8E2ECF0F4F8FC00046E5246357886
:1070D000004E6F20617661696C61626C6520493297
:1070E00043004F6E6C7920386269747320535049A5
:1070F00020737570706F7274656400535049206618
:107100006F726D6174206572726F72004E6F2061D4
:107110007661696C61626C652053504900636F75DC
:107120006C64206E6F742070696E6F757400706986
:107130006E6D6170206D69732D6D61746368007090
:10714000696E6D6170206E6F7420666F756E64205D
:10715000666F72207065726970686572616C00702C
:10716000696E6D6170206E6F7420666F756E64203D
:10717000666F722066756E6374696F6E00504F5350
:10718000495800232D302B2000686C4C0065666741
:10719000454647003031323334353637383941428D
:1071A0004344454600002020202020202020202885
:1071B00028282828202020202020202020202020AF
:1071C00020202020202088101010101010101010E7
:1071D0001010101010100404040404040404040427
:1071E00010101010101010414141414141010101A6
:1071F000010101010101010101010101010101017F
:10720000011010101010104242424242420202028B
:10721000020202020202020202020202020202024E
:1072200002101010102000000000000000000000FC
:10723000000000000000000000000000000000004E
:10724000000000000000000000000000000000003E
:10725000000000000000000000000000000000002E
:10726000000000000000000000000000000000001E
:10727000000000000000000000000000000000000E
:1072800000000000000000000000000000000000FE
:1072900000000000000000000000000000000000EE
:1072A000000000000000000000000000740EFE7FDF
:1072B0000100000000000000A10D0C00000400000F
:1072C00088690300C16C0300A86D0300096E030008
:1072D0000F6E0300156E03001B6E0300216E03008A
:1072E000286E03002E6E0300346E0300396E030017
:1072F0003E6E0300436E0300486E03004E6E0300B3
:10730000536E0300586E0300646E0300716E030039
:10731000796E0300204E00003F480300204E00001D
:107320000000000038680300586803007868030014
:10733000000000000000000000000000000000004D
:10734000000000000000000000000000000000003D
:10735000000000000000000000000000000000002D
:10736000000000000000000000000000000000001D
:10737000000000000000000000000000000000000D
:107380006C2000204300000000000000000000000E
:1073900000000000000000000000000000000000ED
:1073A000000000004300000000000000000000009A
:1073B00000000000000000000000000000000000CD
:1073C000000000004300000000000000000000007A
:1073D00000000000000000000000000000000000AD
:1073E000000000004300000000000000000000005A
:1073F000000000000000000000000000000000008D
:107400000000000043000000000000000000000039
:10741000000000000000000000000000000000006C
:107420000000000043000000000000000000000019
:10743000000000000000000000000000000000004C
:1074400000000000430000000000000000000000F9
:10745000000000000000000000000000000000002C
:1074600000000000FB510300FB500300000000007F
:10747000A5710300626E0300626D0300626D03007C
:10748000626D0300626D0300626D0300626D0300B4
:10749000626D0300626D0300626D0300FFFFFFFF7A
:1074A000FFFFFFFFFFFFFFFFFFFF00000100415351
:1074B00043494900000000000000000000000000F7
:1074C0000000000000000000000000000000415328
:1074D00043494900000000000000000000000000D7
:1074E000000000000000000000000000000000009C
:1074F000204EFFFF00000000FFFF0F1010070004E8
:10750000FF000001E980010005A70100E9AB0100CF
:10751000D9B9010045BD010061C0010089C0010069
:10752000B5DA0100C1800100000000000000000089
:10C00000903C002061DC030073DC030075DC03005E
:10C010000000000000000000000000000000000020
:10C0200000000000000000000000000069C10300E3
:10C03000000000000000000079DC03007BDC03004E
:10C040007DDC03007DDC03007DDC03007DDC030080
:10C050007DDC0300000000007DDC03007DDC0300CC
:10C060007DDC03007DDC03007DDC03007DDC030060
:10C070007DDC03007DDC03007DDC03007DDC030050
:10C080007DDC0300B3D703007DDC03007DDC03000F
:10C09000C9D703007DDC0300A9F303007DDC0300A6
:10C0A0007DDC03007DDC03000000000000000000D8
:10C0B0000000000000000000000000000000000080
:10C0C00000F002F800F040F80CA030C8083824183E
:10C0D0002D18A246671EAB4654465D46AC4201D1C0
:10C0E00000F032F87E460F3E0FCCB64601263342B2
:10C0F00000D0FB1AA246AB46334318476C3600000B
:10C100008C360000103A02D378C878C1FAD85207AA
:10C1100001D330C830C101D504680C6070470000FD
:10C120000023002400250026103A01D378C1FBD853
:10C13000520700D330C100D50B6070471FB5C04611
:10C14000C0461FBD10B510BD03F091FA1146FFF7B0
:10C15000F5FF00F0D3F803F0A9FA03B4FFF7F2FFFC
:10C1600003BC03F0ADFA00000648704502D1EFF3BE
:10C17000098101E0EFF30881886902380078024AFA
:10C1800010470000FDFFFFFF95D40300401E00BFD5
:10C1900000BF00BF00BF00BF00BF00BF00BF00BFA7
:10C1A00000BF00BF00BFF1D170470000401E00BFBC
:10C1B00000BF00BF00BF00BF00BF00BF00BF00BF87
:10C1C00000BF00BF00BFF1D170470000401E00BF9C
:10C1D00000BF00BF00BF00BF00BF00BF00BF00BF67
:10C1E00000BF00BF00BFF1D170470000056885F3B4
:10C1F000088846680A4AEFF305839A42304602D11E
:10C20000084CA6463047074C064D0646064FF0B48C
:10C21000034C034D024E024FF0B4044800470000A7
:10C2200000000000FFFFFFFF00000021F9FFFFFFFB
:10C2300070B505460C46164602E00FCC0FC5103E01
:10C24000102EFAD2082E02D303CC03C5083E042ECA
:10C2500007D301CC01C5361F03E021782970641C87
:10C260006D1C761EF9D270BD0A4610B501466648AF
:10C2700003F012F810BD10B502F026FC10BD10B589
:10C28000624C86B01ECC03946C460EC4002807D0C6
:10C29000684618DF002803D00022114602F0FCFF98
:10C2A0000F20800313DF002803D00022114602F084
:10C2B000F3FF574B48225749092003F051F8002853
:10C2C00003D00022114602F0E7FF00200490059001
:10C2D00001206946087404A860DF002803D000220A
:10C2E000114602F0D9FF4C4803F056F8002803D05D
:10C2F0000022114602F0D0FF06B010BD08B5474835
:10C30000C169B12943D0002445480F214069890300
:10C31000884204D000221146104602F0BDFF0120E1
:10C320000007006901218902884204D000221146D9
:10C33000104602F0B1FF3B4800903B4B0522032121
:10C34000002001F068FA002803D00022114602F014
:10C35000A3FF00F015FC00F058FC012500281AD0BE
:10C3600000F062FC002803D00022114602F094FF86
:10C3700020466840FFF783FF00F038F800F07AFCB1
:10C3800000280ED00022114602F086FF09E00124A9
:10C390000021C161B8E720466840FFF770FF00F058
:10C3A00025F803252D03002C04D1A86800F03EFBDE
:10C3B000002807D100F0F5FB002803D00022114629
:10C3C00002F06AFFA86800F031FB002806D000F0F8
:10C3D0001CFC002802D1A86800F0EFFBBFF34F8FD0
:10C3E00013491248C860BFF34F8FFEE7094A10B5E2
:10C3F00048321421082002F0B9FE002803D00022A0
:10C40000114602F049FF10BDEFBEADDEE8F60300B5
:10C41000C7F203002C2B002077C203000005004068
:10C42000001000104BDC0300EC2800200400FA058B
:10C4300000ED00E070B5FF4C1E46A06815460229CD
:10C4400002D0042916D108E0052813D1A369002BD6
:10C4500010D03246294604200BE002280AD1F648C3
:10C46000406880470320A060A369002B02D03246B9
:10C4700029469847280003D00022114602F00CFFFD
:10C4800070BD4CB5EB4E0120307005200195009435
:10C4900000F006FB4CBD10B5E64C2078002801D01A
:10C4A000082010BD206901F0A2FA002803D0002264
:10C4B000114602F0F1FE0F2100228904206901F0EB
:10C4C00059FA040003D00022114602F0E5FE20468E
:10C4D00010BDD84910B5D7481C3141610221816097
:10C4E000C1681C3002F007FD002803D0002211466D
:10C4F00002F0D2FE10BD00B589B01822CF4902A8C3
:10C50000FFF796FE069807990090019102A80FC8C0
:10C5100000F0C6FA09B000BD00B5C64987B0498829
:10C520006A4611810321090389680691C2490120E5
:10C5300050394A6803928A680492C9680591069A3C
:10C540000091019202A90EC900F0AAFA002007B0DA
:10C5500000BD10B588B0182102A802F0C5FF002464
:10C56000B4480294408869468881B3480799503896
:10C57000C06806900191009003A90EC9204600F002
:10C580008FFA204608B010BD00B5AA4987B0498887
:10C590006A461181A849032050394A6803928A6883
:10C5A0000492C9680591069A0091019202A90EC9E8
:10C5B00000F076FA0020CAE73EB5A04A6B46183272
:10C5C00007CA07C39B4D00246C7029466C801C3140
:10C5D000684602F044FC002801D0AC603EBD032058
:10C5E0009449000380681C3148609248944A0021B5
:10C5F000103001F063F9002803D00022114602F048
:10C600004BFE0F2100228904286901F0B3F90028AC
:10C6100003D00022114602F03FFE01206C60A860AA
:10C6200000203EBD83498861704770B542688248EA
:10C630001468536891685038D26804604360C260DF
:10C6400081600078440701D5840705D19C0703D198
:10C650008C0701D1940701D0062070BD5B189A1891
:10C66000744D0F239B02EA60994207D80321090306
:10C6700089687723DB02591A914201D20C2070BDE0
:10C680006D4C7049216070496160C10701D06F48ED
:10C6900004E0800701D56E4800E06E48A060A868FD
:10C6A000012802D00826304670BDFFF7F4FE0600D0
:10C6B000FAD12168E8688847F5E770B5050004D02D
:10C6C000287A800703D0102070BD0E2070BD594C11
:10C6D000A068032805D0042801D0052803D008202D
:10C6E00070BD0520A0606868E168860060688019F8
:10C6F000884204D90020C04360600C2070BDFFF761
:10C70000CAFE0028FAD1A96832466368606902F05F
:10C71000C2FB0028F2D1616889196160E268914228
:10C72000ECD0092070BD10B5424C0820616800298A
:10C7300000D010BDA1680429FBD13F486178403882
:10C7400002F010FC002802D00021617010BD05210C
:10C75000A16010BDF8B5374C0746A068032804D087
:10C76000042804D008252846F8BD0420A06060688D
:10C77000002801D00820F8BDFFF78DFE0500FAD192
:10C780007868860060788119402901D90920F8BDB0
:10C79000294AB968403A1018324602F046FE6078DD
:10C7A00080196070DFE710B5224CA068052813D10E
:10C7B000E168606888420FD10620A060FFF76BFE39
:10C7C000002808D16069E168406802F005FC002893
:10C7D00001D10721A16010BD082010BD10B515487A
:10C7E0008168072901D0082010BD006901F0FFF819
:10C7F000002803D00022114602F04EFD0E4880684A
:10C80000804710BD1CB506200195009400F048F942
:10C810001CBDF8B51C4617460D46064600F0CEF87E
:10C8200000282AD00120000385421AD9291B301B79
:10C83000234611E000280020142D0020F8F6030004
:10C8400083C40300D3C40300F7C4030019C5030065
:10C8500089C5030053C503001A46FFF7DAFF002815
:10C860000BD13A462946304600F0B3F8002804D1EF
:10C870003A462946304600F0A1F8F8BDF0B589B037
:10C88000684600F00BFA049800282AD00121090319
:10C89000079A4018904226D9501A45081046049A23
:10C8A0000C468718024668001618001908900320E5
:10C8B00000038068049988420DD261190846042259
:10C8C00000F087F800280CD121460422084600F029
:10C8D00080F8002805D1BA1B2B4630460899FFF78F
:10C8E00098FF09B0F0BD049A079800F072F8F8E7D5
:10C8F00000B58DB004A800F0D1F9099800280DD03A
:10C90000089800280CD008990B9840180190002135
:10C910000998009180080290684618DF0DB000BDAC
:10C92000032000038068F1E700B58DB004A800F093
:10C93000B5F909980028F1D0089800280ED0089978
:10C940000B984018032100910F2102908903099848
:10C95000019180080390684618DFDFE70320000399
:10C960008068EFE730B591B0684600F097F9049819
:10C97000002814D001210903079A4018904214D9C5
:10C98000501A43081046049A5C0082180019611876
:10C9900003242403A468049DAC4202D20E2011B0EB
:10C9A00030BD121AFFF735FFF9E703200CAB07C3C0
:10C9B000049880080F900CA818DFF0E71FB5032338
:10C9C00001909008039000930291684618DF04B02C
:10C9D00010BD1FB5012301909008039000930291B0
:10C9E000684618DFF3E7000010B5BB480368012B69
:10C9F00002D1022900D10160100003D000221146AB
:10CA000002F04AFC10BD10B5B34C48DF002803D03B
:10CA10000022114602F040FC02F0FCFB20680228D4
:10CA200003D0032801D00428EFD110BD38B5006829
:10CA3000401C19D00024684600F058F9009801689D
:10CA4000012910D1818800290AD0C1680320000380
:10CA50008068002202F0CEFA00998988814201D1D3
:10CA6000012400E00024204638BD10B504469A4851
:10CA70002021001D02F0B9F9002803D00022114640
:10CA800002F00AFC9448002320222146001D02F0F7
:10CA90001BF9002803D00022114602F0FDFB10BD57
:10CAA0000FB4F8B5684600F021F96846818B069D01
:10CAB0000122894CFF238948002D13D0012D17D066
:10CAC000032D2BD00021022D37D02A46052D46D02C
:10CAD000042D4ED0062A01D104202060F8BC08BCE9
:10CAE00004B0184781800A9983600260C16010E039
:10CAF0008180099D089949190A9D4919C160A5219C
:10CB000083600160089901610999856141610B9910
:10CB1000C16122607148FFF7A8FFDFE700990B6849
:10CB200003608B888380C968C160AA2181600899ED
:10CB30000161099941610A990BE0009D2E68A52EBB
:10CB400009D00660AE888680ED68C56001618360AB
:10CB500041618161DDE781800360C160F6E700F03B
:10CB600085F9002803D00022114602F095FB03202E
:10CB7000B3E781800360C160009989688160C9E77B
:10CB80000EB557480090202001900120029002F03D
:10CB900001F8002804D150496846091D02F023F825
:10CBA0000EBD10B5FFF708FD002805D100F02FFBE2
:10CBB0000446FFF728FF204610BD70B511DF00289E
:10CBC00003D00022114602F067FB464900200B68A3
:10CBD000444C012180340A4682401A4204D0C506E2
:10CBE000ED0E0A46AA402260401C2028F3D30324FD
:10CBF0002403A06813DF002803D00022114602F0AE
:10CC00004BFBA06802F0F2F970BD08B5684600F071
:10CC10006DF800980168A52904D08068AA2801D081
:10CC2000002008BD012008BD10B5FFF79BFE0028BD
:10CC300003D1FFF779FE00281BD0642001F0F2FD3C
:10CC4000FFF71CFE002803D00022114602F024FB4F
:10CC5000FFF788FE002803D00022114602F01CFBDB
:10CC6000FFF746FE040003D00022114602F014FB39
:10CC7000204610BD00B589B018221B4902A8FFF755
:10CC8000D7FA069807990090019102A80FC8FFF7FC
:10CC900007FFFFF7B8FE002009B000BD10B50E4930
:10CCA00088B0044600232022091D684602F04FF890
:10CCB0000098206068468088A0800398E060029811
:10CCC000A06004982061059860610698A0610798AB
:10CCD000E06108B010BD000024280020202D0020B5
:10CCE000E9C9030000E100E01CF70300014901600D
:10CCF0007047000000FC030008280CD004DC00286A
:10CD000007D006280FD108E00B280AD00C280AD13A
:10CD100005E001207047022070470320704704207F
:10CD20007047042901D0062070470520704770B570
:10CD300015460A46032823D0042820D1FE4C00299A
:10CD400006D0E088FD49884219D0132176DF10E033
:10CD5000284602F0A3F9002803D00022114602F071
:10CD60009BFAE069A8420AD101220321F44801F0AC
:10CD700003F8002803D00022114602F08DFA70BD9E
:10CD800001211046FFF7B8FF02460121EEE7F0B59A
:10CD9000054608790E4685B081070CD0032211465E
:10CDA000284600F0E9FF002803D00022114602F0D7
:10CDB00073FA05B0F0BDE0490090183102F047F970
:10CDC000010011D1DC4CB168009AA06902F02DFB82
:10CDD000009802F097F9010006D120466946183004
:10CDE00002F09CF9010003D0284600F0AFFAE0E71A
:10CDF00004200190009880080290A069039001A887
:10CE0000FFF75BFC07000BD0092F10D0A06902F0E0
:10CE100045F9010002D0284600F098FA3946E3E7C8
:10CE20003079616940186061A069E061C1E73079DB
:10CE300061694118616160780028BAD06089401E3C
:10CE40000004000C6081B4D1284601F0E9F8002804
:10CE500003D00022114602F01FFA20896081A8E762
:10CE600010B50022114602F017FA10BD10B5B24CF1
:10CE700001202070E088B149884208D0132176DF74
:10CE8000002810D00022114602F006FA0BE0A0782C
:10CE9000002808D074DF002803D00022114602F0D9
:10CEA000FBF90020A07001F034FC002803D0002220
:10CEB000114602F0F1F9002010BD70B50D6804466E
:10CEC00001209D4A2B0002F002FC0A2B304306137E
:10CED00020575C466012FFF766FC0421FFF70CFF49
:10CEE000024604212EE00022114602F0D5F970BD61
:10CEF000FFF7BCFF002803D00022114602F0CCF956
:10CF0000FFF76CFC002808D170BDFFF7AFFF0028C9
:10CF100003D00022114602F0BFF9FFF773FC70BD89
:10CF2000106188680078107170BD022010618868F7
:10CF300000780128F8D1FFF7F6FB0221FFF7DCFEAD
:10CF400002460221204600F017FF0028CBD170BD19
:10CF50000320106170BD12692046012A06D0022A02
:10CF600007D0032AF6D1FFF712FF70BD00F001FAD7
:10CF700070BD00F03BFA70BD507088881081508100
:10CF800070BD00205070108170BD2046516901F0C5
:10CF900010F8DAE710B5044669488EB08179684622
:10CFA000817068490180342101A802F09DFA0220B5
:10CFB000019000216846417284720121018205902E
:10CFC000002101A801F03FFA002803D000221146F9
:10CFD00002F062F90EB010BDF0B5574C8BB0A078DE
:10CFE00000283AD156481821183802F07DFA204618
:10CFF000534CC078183C00250126002837D027461E
:10D00000483700950195029510226946F81D039551
:10D0100002F0DEF9002822D0F81D08900997684632
:10D02000067509A804906846067708A806900420AB
:10D03000FFF7B0FF25700220207204A8E0602820CE
:10D0400020823F486582183873DF002803D0002211
:10D05000114602F021F9384886700BB0F0BD05206A
:10D06000FFF798FF2670676025722582E9E70620A2
:10D07000FFF790FF257065602572E0E770B52E4CD4
:10D0800001880022E588A6B017290AD01EDC1129E4
:10D090003FD008DC022977D0102902D18088E080B7
:10D0A000A27026B070BD264C30342646183613299F
:10D0B00051D01429F5D1C289638D00219A4200D143
:10D0C000314600238088E21D82DF1BE0512970D0A9
:10D0D0000EDC18296CD01929E3D180790028E0D121
:10D0E000A270E068401EE0604FD0FFF775FFD8E700
:10D0F000522976D05529D4D180790028D1D1132155
:10D10000284676DF0028CCD00022114602F0C4F871
:10D11000C7E78020694688803220E060012301AAA9
:10D1200006A92846AADF002803D00022114602F0F3
:10D13000B3F82078002807E030280020FFFF000027
:10D14000582D00203015000001D1FFF745FF0020C9
:10D15000C043E080A5E70722C14910A802F065F9A5
:10D160001022E11D0CA802F060F91C22314612A821
:10D1700002F05BF90CA80A9012A8099006ABB94A14
:10D18000852128467FDFBDE70DE01822B64906A8B5
:10D19000FFF74EF80A980B990090019106A80FC866
:10D1A000FFF77EFC7DE70021284667DFAAE700E065
:10D1B00017E0817900299AD0807A042803D00628C4
:10D1C00001D0052893D1022909D0012069460872AF
:10D1D000FF208330888102A92846A8DF92E7022039
:10D1E000F4E700F08DF88DE710B5044601F0C2FABF
:10D1F0009B482146303800F09AFE2046FFF73EFF5C
:10D2000010BD10B50022114602F046F810BD30B531
:10D21000944D87B00024203D2C7094482C6102F07E
:10D22000B3F800286AD19248FFF7FCF901F000FF3B
:10D23000002863D18A4800F059F9002801D1012063
:10D24000E87011206946087207228AA102A87CDFD3
:10D25000002803D00022114602F01EF800940C2191
:10D2600068460194018018214180FF21848091311A
:10D27000C1807ADF002803D00022114602F00CF8AA
:10D2800004206946009408807C4801907C48029004
:10D290007348303800F00BFE002803D000221146FE
:10D2A00001F0FAFF1C21684602F01EF97548019052
:10D2B0000120800302900094032168460173C48119
:10D2C0000474714806900594684601F0FEF9002840
:10D2D00003D00022114601F0DFFF6249E122087805
:10D2E0004008400010400C30DF221040087007203A
:10D2F000487010208870FFF76FFE002007B030BD27
:10D3000070B5584C614D203CE088A84201D10820FE
:10D3100070BDE178002914D051490123082234312D
:10D32000A9DF0028F4D12A460C21E088A7DF58495C
:10D33000884204D0082802D0891C8842E8D1002005
:10D3400070BD00231A461946A9DF70BD10B50A4604
:10D35000044603211046FFF7CFFC02460321204676
:10D3600000F00AFD002803D00022114601F094FFCE
:10D3700010BD30B5054687B00020009001900290A6
:10D38000039038486A46203800791070364A0C3AC3
:10D3900010689268049068460692059008790C28F7
:10D3A00006D003221BE00022114601F075FFA5E71D
:10D3B0008C68204600F049F80190201D00F045F8E7
:10D3C00002902046083000F040F8039004A8FFF7D0
:10D3D0002CF9002892D00121FFF78EFC0246012192
:10D3E000284600F0C9FC0028DDD187E7FEB50446D9
:10D3F000087982070ED08207920F04239B1A00221D
:10D40000154604E08E683554401CC0B2521C9A4246
:10D41000F8D308710120009088680290087980088C
:10D4200001906846FFF796F900280DD00221FFF71A
:10D4300063FC02460221204600F09EFC002803D037
:10D440000022114601F028FFFEBD10B5044602F08F
:10D450004DF80002E178000A0906084310BD0000FB
:10D46000882D00205028002040F70300E9D1030058
:10D470002FCD03004466755461726700BBCE030074
:10D4800003D20300CD0C000061CE0300FFFF0000BB
:10D490000230000010B50C46002802D001200860C0
:10D4A00010BD2168002911D01C48421A814212D0B7
:10D4B0003C2A0DD23C303C3101220B7803701346DC
:10D4C000491E401E521C3C2BF7D904E00E200BE0F5
:10D4D0003C2201F0AAFF00223C21104801F08AFD05
:10D4E0000E49891E08800020206010BD70B50546D9
:10D4F00000223C21094801F07DFD084CA41E218832
:10D50000884201D00B2070BD3C220449284601F01E
:10D510008CFF2088401C2080002070BD823F0020AE
:10D520008307FF22DB0E9A408907090E99400028E5
:10D530000BDA0007000F08388308FA489B001B1815
:10D54000D86990430843D86170478308F6489B0028
:10D550001B181868904308431860704770B5012481
:10D56000F24960040860F24940108860F04940398F
:10D570008860F04D6C602F20FEF708FEAC60EE4D29
:10D5800000242F206C61FEF701FE2C7170BDF0B5F8
:10D59000E94F2821BC6841430D1939694A1C09D05B
:10D5A00028224A431619AB68B268934204D8D21AAB
:10D5B000B26069623861F0BD0A4602E00A46796AE3
:10D5C0009B1B4E1C0BD028264E433719BE689E422B
:10D5D000F4D328264E433619B768FF1AB760AB60FC
:10D5E000696228214A4311194862F0BD70B5D24CD6
:10D5F0002269A5681346114606E0814207D00A4613
:10D60000282671434919496A4E1CF6D170BD002E77
:10D61000FCD08A420CD1282043435819406A20612B
:10D62000401C05D1C34B01209860002363616071E9
:10D63000282041434819282381685A43406A5219D7
:10D640005062421CE2D0282250434019826851188F
:10D65000816070BDF8B5B84C2569681C35D0B748F5
:10D66000002640686169401A07023F0A19E0282035
:10D670004543A0682A189068B84214D8A3693F1A95
:10D680008619556A002B09D0116AD069984700287D
:10D6900007D00022114601F0FFFD02E0D169106AB7
:10D6A0008847681CE3D1A178E078814206D1401C0C
:10D6B000C0B2E070022801D10020E0709E4900064F
:10D6C000800D1C310E5000F0BAF9F8BDF8B50446D3
:10D6D000994800270169009146785CE09648F1007E
:10D6E000C2688D1851E0601C07D0934A28209268C8
:10D6F000604321468018446A24E028781821414379
:10D700006A68401CC0B252182870A978884200D1BB
:10D710002F70894B516828209B684843C0181368B4
:10D72000012B34D1037E002B31D19368C360D368C1
:10D73000036113694361526902627F4A5279002A88
:10D7400000D0C7607C4BC2685B6996469C46D31A82
:10D750001A027B4B120A9A4202D20369D21808E0DD
:10D76000724663469A1A12020369120A934202D958
:10D770009A1A826000E08760C76001220761027622
:10D78000921E42620846FFF702FF601CABD1287868
:10D7900069788842A7D13046761EF6B200289DD11E
:10D7A000654801690098814201D00120F8BD002040
:10D7B000F8BD64490020086048608860C86061491D
:10D7C00040390860486045E7FEB50020C0435A4D27
:10D7D00002906869019068462E6900F035F90746A5
:10D7E00000F04FF90446002F08D002AA01990098D2
:10D7F00000F08FF90298FFF769FF06E00298FFF743
:10D8000065FF002801D1002C02D0304600F0AAF9B3
:10D8100000206871FEBDFFB59807002481B01E4648
:10D8200015460F4600280BD1002E09D0FFF796FEB3
:10D8300041490A9888610F70324600208E6008E0E6
:10D84000072005B0F0BD28234343D4509B181C7615
:10D85000401CB842F7DB28204743BB19032048701F
:10D860000F461846CB6019461830002218232E4662
:10D870005E43D3005B181C705C709D70586030185C
:10D88000521C032AF5DB0020C0433861BC70FC70D9
:10D8900001242D482405046003211420FFF740FED5
:10D8A000224880380460254C0198A0600321112093
:10D8B000FFF736FE606878610020C2E770B51E4C45
:10D8C000A568002D06D0002A06D0002804D0002329
:10D8D000247809E0082070BD072070BD28265E432B
:10D8E000AE59002E04D05B1CA342F7DB042070BDB0
:10D8F000282401265C432E516419E26161600360B3
:10D90000002070BD07494868C005C00D2CD01038F4
:10D910001CD50207120F083A920892005118C969E3
:10D9200019E0000000ED00E000E400E080E100E02C
:10D93000401301400010014058280020001501400C
:10D94000FFFF7F004011014080E200E08108B14A02
:10D950008900891809688007C00EC1400806800F39
:10D96000012803D0032803D002207047002070470D
:10D9700001207047FEB50446A748174682680D4649
:10D98000002A0CD001788C4201D2052D01D207204B
:10D99000FEBD2146282359435358012B01D00820AE
:10D9A000FEBD8818406801281DD00026FFF7AAFF99
:10D9B000C00099490190C9684018694600F018F9FB
:10D9C000002812D001214460016094494968083060
:10D9D000E2C091490198C96841180098487000F068
:10D9E0002EF80020FEBD2E46E0E70420FEBDF8B56F
:10D9F000894D0446A868002809D029788C4201D3B3
:10DA00000720F8BD282161434058012801D0082093
:10DA1000F8BDFFF777FFC600E8686946301800F0E8
:10DA2000E7F8002809D0022112C0E86831180098F0
:10DA3000487000F004F80020F8BD0420F8BD012073
:10DA4000774900050860704710B5734900238A784C
:10DA5000CC78A24212D0521CD2B28A70022A00D1D3
:10DA60008B708A786C4B92001C339A58026048691C
:10DA700010180002000A4861012010BD0360002058
:10DA800010BDF8B5644801690091457833E06248FB
:10DA9000E900C0680E1834782AE0182060437168E5
:10DAA000641C0818B178E4B2A14200D100240168D6
:10DAB000022902D003291BD113E0574A40682821CC
:10DAC000926841438F18397E002911D0FFF78EFDEF
:10DAD000002038760CE028277843C0180276406A88
:10DAE00003E04D4900228B680869471CF3D10861A7
:10DAF0007078A042D1D128466D1EEDB20028C6D163
:10DB0000454801690098814201D00120F8BD0020FC
:10DB1000F8BDF7B5404C0025A76823691EE0282111
:10DB20005943C9198E68864202D9301A886017E0B5
:10DB3000801B751900268E600E764E699C464B6AD6
:10DB4000B646002E0AD0019E76193602360ACE60FD
:10DB500076460E6116684E6261461160591CDED130
:10DB60002361FEBDF8B52C4801694A1C3DD028222E
:10DB70005143826889188E6828494C684769007942
:10DB8000E11B0D022D0AED1C002815D10120254AAC
:10DB900000045060234A403A5060214940008031DF
:10DBA0000860214908602149012008602F20FEF704
:10DBB000EDFA194901200871B54200D23546E8193D
:10DBC00000021649000A4031086014494968001BE8
:10DBD000091B0902090A0002C91C000A814203D973
:10DBE00001200F4940040860F8BDFFF7B7FCF8BDFD
:10DBF00042788378521C934200D1002203789342EA
:10DC000001D1002070470A604168407818225043D3
:10DC10000818704700E400E0582800200015014073
:10DC200000E200E04013014000E100E0001001408C
:10DC300010B50446082904D000221146104601F010
:10DC40002BFB21686068884710BD1CB501910090CE
:10DC5000024A0821684601F09DFA1CBD31DC030030
:10DC60000A48026803210A430260094880470948BC
:10DC70000047FEE7FEE7FEE7FEE7FEE7FEE70000FF
:10DC800005480649064A074B704700002405004036
:10DC9000A9DC0300C1C0030090300020903C0020AC
:10DCA0009034002090340020F8B500F035F82B4E69
:10DCB000002804D02A4870602A49F01388612A4855
:10DCC0000124018CC9B201290DD1818C09070AD127
:10DCD000018D0906090F042905D1808D0006000F6A
:10DCE00001D1224884600027B461214D6F60A805EE
:10DCF0008460686800280ED1C820FEF757FA1D48D6
:10DD00007F1C8742F5D30020B0610120800784602A
:10DD100068680028FCD0F8BD1348018CC9B20129FD
:10DD200017D1818C090714D1018D09060A0F03D17F
:10DD3000828D1206120F0ED0090F012903D1828D98
:10DD40001206120F07D0032903D1808D0006000FA1
:10DD500001D00020704701207047000000050040FE
:10DD6000DFFF07C0006C0040C00F00F0000600405D
:10DD7000000100408813000030B585B0002822D093
:10DD80000388FE4CA34220D0FD4B1B78002B1CD0F7
:10DD9000FB4B10255B1C1D705970002401259A70E7
:10DDA000032269460A820094019402940394028A31
:10DDB0000A808D708C8004A90291039300886946C3
:10DDC000A6DF05B030BD0E20FBE70820F9E7F0B56F
:10DDD0008BB004460227684607730026099687849D
:10DDE000C68408A80A900D46A18A208809AAA5DF42
:10DDF000002804D0E16A00291AD0884718E0684654
:10DE0000008CC007C00F13D068460682208803A983
:10DE1000A8DF002813D1A97E28461B3001220B0061
:10DE200001F055FC09430F1B202224263E28430005
:10DE3000FF20FE3069460882208803A9A8DF0BB0C6
:10DE4000F0BD00960AE0062219E069460A710290C8
:10DE500022E0204690470020F1E700922B8B022B16
:10DE6000F3D2F0E700971DE003201AE0042018E049
:10DE7000052016E0298B032905D20322082120461C
:10DE8000FFF77AFFDBE74178027808021043694622
:10DE9000888003D006200090A26ADAE70720FAE71C
:10DEA000092000906946A26AD3E70322E7E730B56C
:10DEB00085B00D46040038D0002D36D068680028A3
:10DEC00033D00020C043AF4B20800FCB049301AB75
:10DED00007C3AD4869460880891C01A863DF002894
:10DEE00022D1221D69460120A0DF00281CD16846EE
:10DEF0008078A071204600F0CEF8002814D120468A
:10DF000000F055F900280FD12946204600F002F90B
:10DF1000002809D16868A062A868002800D0E062E3
:10DF200097490120087000204BE70E2049E73EB5D5
:10DF3000002828D0002926D0826A002A23D00A8807
:10DF4000102A21D0112A30D0502A1FD0512A1AD19C
:10DF500004460846891D0A78022A14D14A88238A71
:10DF60009A4210D1807A04280DD006280BD00528BB
:10DF700009D0891C2046FFF72AFF002803D0E16A58
:10DF8000002900D088473EBD898810E0CA880389EF
:10DF90009A42F8D1082200928A7F6B461A7120318A
:10DFA0000291826A694690473EBD0021C9430180C3
:10DFB0003EBDF0B585B00A4605002DD028886F49D2
:10DFC00088422BD06E480078002827D06C4C102057
:10DFD000641C2070072060700127A7700321684629
:10DFE00001820026E11C104600F04CF8014668460C
:10DFF000008A0918684601820096019602960396E7
:10E00000298A01808770868004A80394029028885A
:10E010006946A6DF05B0F0BD0E20FBE70820F9E752
:10E02000F0B585B00A46050028D0288853498842B3
:10E0300026D053480078002822D0514C1120641C6F
:10E0400020700127684607820026611C104600F0F8
:10E0500019F801466846008A091868460182009648
:10E06000019602960396298A01808770868004A80B
:10E070000394029028886946A6DFCBE70E20C9E703
:10E080000820C7E70870020A4A70020C8A70000E66
:10E09000C8700420704730B58FB005461C21684613
:10E0A00001F022FA6946087804210843694608709D
:10E0B000002401940394049405940694A87908A973
:10E0C000887031486946801C0884601C00070794EA
:10E0D000000F0C77103048778A7FF9200240921C9D
:10E0E000E7200240012002438A77142109A801F0A9
:10E0F000FBF908A8099007A80A9069468C851420A6
:10E10000CC8508860D942B46A888083309AAA2DF7F
:10E110000FB030BDF0B58FB00F4605461C216846E4
:10E1200001F0E2F9684601780226314301700024CB
:10E1300001940394049405940694A97908A8817025
:10E1400011496846091D0184601C0107090F10313F
:10E150006846079401770020014668464177817F31
:10E16000F9200140891CE720014001200143684655
:10E170008177142109A801F0B7F907E0FFFF00003B
:10E180008028002058F703003015000008A80990E7
:10E1900007A80A9068468685C48506860D972B4693
:10E1A000A888203309AA6946A2DF0FB0F0BD30B5B8
:10E1B0008FB005461C21684601F096F9694608783B
:10E1C0000821084310221043694608700024019476
:10E1D0000394049405940694A87908A988701448B7
:10E1E00069460884601C00070794000F0C77103004
:10E1F0004877887FF9210840801CF72108401043A8
:10E200000121084369468877142109A801F06CF9B7
:10E2100008A8099007A80A9069468C851720CC8524
:10E2200008860D942B46A888103309AAA2DF6FE751
:10E2300031150000FFB583B0074600200C9C8646D0
:10E24000267805463AE07868A90041180A886846A9
:10E2500082804988C1800022694601A865DF0028C4
:10E2600010D1684601780598814226D17046002871
:10E2700001D0002200E002222078891841181F29CD
:10E2800002D90C2007B0F0BD7146002908D1401C0E
:10E29000C0B2411C069B049A21701A540120864684
:10E2A000217806980A18694601A865DF0028E9D197
:10E2B000694620780978401820706D1C3888A8427B
:10E2C000C1DC7046002804D020780699801B401ECF
:10E2D00088550020D6E7F8B51546069C1E46074629
:10E2E00002220094FFF7A6FF002806D13346102231
:10E2F000294638460094FFF79DFFF8BDF7B582B078
:10E3000000260546167000681446002805D02846E9
:10E31000039900F0CAF8060008D1687900281ED0D9
:10E320002078039F001D1F2802D90C2005B0F0BDE6
:10E33000684679DF0028F9D121780322481C207033
:10E340007A5421781922481C20707A542078C119F7
:10E350006846008800F0A4F8217840182070A87959
:10E360000223002810D02078039A411C21701354F6
:10E3700020780399471C012227700A542078AA7933
:10E38000471C039927700A54A868002815D000215B
:10E39000415620788C460246C01C03991F28C4D8D9
:10E3A000501C20708B5422780A23501C20708B54F0
:10E3B00020786246431C23700A54A889002809D09B
:10E3C00028460094062202210C30039BFFF783FFAE
:10E3D0000600ABD1A88A002809D02846009407225D
:10E3E00003211430039BFFF776FF06009ED1A88B14
:10E3F000002809D028460094152214211C30039BC4
:10E40000FFF769FF060091D1686A002805D022460F
:10E41000039900F07FF8060088D1A86A002805D08B
:10E420002246039900F0B5F8060084D13020405D03
:10E43000002806D022462846039900F0DCF80600A2
:10E44000C7D1304672E770B50C4692B000216A46DB
:10E45000117007251171002809D0817949070CD561
:10E4600002A9FFF74BFF002808D102AE00E000260A
:10E47000002C0ED0A079002802D0284612B070BD22
:10E4800001AA0AA92046FFF739FF0028F6D10AAAF7
:10E4900000E00022684603790178304672DFEDE73C
:10E4A0000870000A487002207047F8B514780746D3
:10E4B000A01C15460E461F2803D83879801C1F283B
:10E4C00001D90C20F8BD1D20001B80B2694686468C
:10E4D00008803019801C7DDF0028F3D138680228BD
:10E4E00005D168460088704501D8092107E03879D0
:10E4F0000821002801D0704501D968460088421CD7
:10E500003255641CE2B2B1542978801C0818287076
:10E510000020F8BDF8B50D4611780646881D144652
:10E520001F2801D90C20F8BD33880720062BFAD309
:10E530001927FF01BB4202D94D4A9342F3D1728899
:10E54000062AF0D3BA4202D9494FBA42EBD1484F1A
:10E55000BB4203D0BA4201D09342E4D8481C052202
:10E5600020706A5420781222411C21702A5420788D
:10E5700041193088FFF794FF21784018C0B220700D
:10E5800041197088FFF78CFF217840182070002017
:10E59000F8BD70B5054600790E46801C1446C0B221
:10E5A0001178821C8A181F2A01D90C2070BD0A46D6
:10E5B000491C401C2170B0542078FF22411C21705E
:10E5C0003254207881192888FFF76AFF2178401893
:10E5D000C0B22070AA88002A09D0A968002908D0F2
:10E5E000801900F022FF207829794018207000203F
:10E5F00070BD072070BDF7B582B002981446C06A9E
:10E600000F46002832D0029800252030009028E0E4
:10E610000298C16A0C2068430E18217830794A1C90
:10E62000C01C2270785421781622481C20707A541D
:10E630002078C1193088FFF733FF21784018C0B225
:10E640002070B288002A09D0B16800290ED0C01904
:10E6500000F0EBFE20783179401820706D1C009896
:10E66000EDB2007CA842D3D800205FE607205DE62B
:10E67000FFFF000038B56749674A488890420FD0CD
:10E680004A78664C521CD2B24A70237B934208D31C
:10E69000083175DF002803D0A169002900D0884720
:10E6A00038BD00254D70217C002907D03B2176DF45
:10E6B000002803D0A169002900D08847616900299A
:10E6C000EED068460095884738BD70B505460146CE
:10E6D0001C225248FDF7ACFD4E4C002626702968DE
:10E6E000002907D00822A01800F09FFE204608301D
:10E6F0007ADF02E0474808307BDF002808D1401E5F
:10E70000608044486670464A0021001DFFF7D6F835
:10E7100070BD10B53F484068FFF769F910BDF8B506
:10E720003C48103000F069F800263A4D3B4C002878
:10E7300006D06169002919D001200090684614E0D4
:10E740002878002804D0616900290FD00096F5E7E9
:10E75000687800280CD0A16800226868FFF70AF9E1
:10E76000002803D0A169002900D088472E70F8BD89
:10E770006168F1E7F8B5294C02880027254DE68944
:10E78000102A18D029464968112A21D0122A2DD0E2
:10E79000502A0FD1801D0288B2420BD1028B022A6F
:10E7A00008D1C27E837E10021843C007C00F13D069
:10E7B000FFF7B5FFF8BD818869800146154808223A
:10E7C0001631103000F031FE6F70002EF0D0F8BD21
:10E7D0000020C04368806F700846FFF708F90028E2
:10E7E000F5D0A1690029F2D08847F8BD811D0948FC
:10E7F0000822103000F019FEDAE741880548083099
:10E800000288914204D34088814201D80120704798
:10E810000020704788280020FFFF0000C42D002042
:10E8200075E6030031B5054C04E0401E009020461B
:10E83000FDF7CCFC00980028F7D138BDE7030000B5
:10E8400018225043FE4A0021801801718160416105
:10E85000012281610261C1607047FFB581B0F94C4E
:10E86000049B039A054626691A4303200092002E52
:10E8700003D1002A0ED0012222612769039A0126C2
:10E88000360792003B0000F022FF072707162940B9
:10E89000526127000222EFE77069326992B2504359
:10E8A000326933691204920C9BB2594329DF002864
:10E8B00012D102210FE0084628DF00280CD103996D
:10E8C000002901D0032106E00499002916D12978F6
:10E8D000042946D017E0216105B0F0BD70693269A6
:10E8E00092B25043326993B24B4301461846039AA1
:10E8F00029DF0028F0D10499002901D00421EAE79A
:10E900002978042920D00521E5E773693069366943
:10E9100080B2434368681B189B18B6B24E43301848
:10E9200080181946049A29DF0028E9D0D4E7306915
:10E9300080B24843696880188A08696929DF00281D
:10E94000CAD1009900290CD00621C4E77069316949
:10E9500089B24843316989B200F0D9FD28DF002827
:10E96000BAD10721B7E7F8B5B54918230A780F20BF
:10E970005A435418241DB34922782669CF68022AC5
:10E980001BD001252D07042A2AD0052A5BD128692E
:10E9900081B2304600F0BBFD0146A36828699A1990
:10E9A00080B24843101A82086068181886192869CE
:10E9B0004B1C80B25843801B34E0B8026268616926
:10E9C000121A0918A3683018181801239B029A42DA
:10E9D00002D2920829DF31E0FF22013229DF2DE047
:10E9E000E268974914205043F4314018001D0BC8C9
:10E9F000B04203D160685943814218D0022A16D030
:10EA0000286981B2304600F082FD0146286980B253
:10EA10004843301A820828694B1C80B25843636807
:10EA20009B19C01A83082046FFF717FF06E02869E4
:10EA300081B2304600F06BFDC01928DF002802D1FA
:10EA40007F4901228A70F8BDF8B57D4C069E657835
:10EA50000A2D1DD027787D19EDB20A2D01D30A3D6C
:10EA6000EDB218277D432D192871AA6103C9EE6004
:10EA7000AB6069612861A1780020002904D1FFF70B
:10EA800072FF112800D100206178491C6170F8BD27
:10EA90000420F8BD38B50246694818230178594367
:10EAA000081803690179022B0AD014246343644CCB
:10EAB000F434E4588368009383691030A04738BD6C
:10EAC000604B14331C68F5E7F8B55D4B9978012964
:10EAD00014D100255B499D700A69082A05D00228D7
:10EAE0000FD003280AD10D2006E0022807D00D70B0
:10EAF00000F025FA002801D0FFF7CCFFF8BD0D612A
:10EB0000F6E74F48182403784E496343CC68181839
:10EB1000641C001DCC600378022B05D14668A1025D
:10EB2000B14201D3012700E00027052B01D1072ABC
:10EB300003D00021042B02D003E00121FAE7072AC9
:10EB400003D00026042B02D007E00126FAE7406834
:10EB5000A302834201D3002A1AD00020314301438B
:10EB60003943C5D0374E28463561FFF793FF344C03
:10EB70002078FFF765FEF5606078401E60702078B1
:10EB8000401CC0B220700A28B2D30A382070AFE708
:10EB90000120E3E770B500252A4C2948E56025618E
:10EBA0000570457085702E463046FFF749FE761C8D
:10EBB0000A2EF9D3012212076560516928461269AD
:10EBC000491E92B25143E560A1601D49F4310D60C8
:10EBD0008D600D61CD601B4914310D60888001216D
:10EBE0002170206170BDF8B5164A044610780E46B3
:10EBF000002830D0002C30D0002E2ED020680028E5
:10EC00002BD0012000076768016989B28F4228D89C
:10EC1000102F26D3A168002923D095687943436932
:10EC20004A19006980B243439A421AD8012000076A
:10EC3000006980B2814212D901200007006903E017
:10EC4000E02D0020A028002080B2394600F05FFCB3
:10EC5000002906D103E00820F8BD0E20F8BDB80752
:10EC600001D00720F8BDBD49486801281CD00F46D7
:10EC70001421BB4A21C641438E1875602368535046
:10EC80006168B160A168F160A268616800235143C6
:10EC9000012212075B1C14699BB2A4B28C4205D2FC
:10ECA0001469A4B2091B02E00420F8BD0021146914
:10ECB000A4B265191469A4B28C42EBD9BD60401CA2
:10ECC000336178600020F8BDF8B50446A3481E46BD
:10ECD000007815460F46002807D0002F07D0002CDB
:10ECE00005D02068002817D103E00820F8BD0E20C9
:10ECF000F8BD9B48016800290ED0C2688168406851
:10ED00004A4310186268904206D9002D04D0A942E7
:10ED100002D3A819884201D90720F8BD384600F06F
:10ED200008F9002811D0304600F003F900280CD073
:10ED3000606800F0FEF8002807D02B463A462146CE
:10ED400002200096FFF780FEF8BD1020F8BDFFB549
:10ED5000824881B000781F4616460D46002808D02C
:10ED6000002D08D00198002805D02868002817D168
:10ED700003E00820B0E50E20AEE5794C20680028BD
:10ED80000ED0E168A0686268414389186A689142C0
:10ED900006D9002E04D0B04202D3F119814201D924
:10EDA000072099E5019800F0C4F800281BD03846E8
:10EDB00000F0BFF8002816D0686800F0BAF8002804
:10EDC00011D068683246C119019800F02EFB0096F8
:10EDD0002868142148432458002203212846019B17
:10EDE000A047002078E5102076E5F8B505465B4899
:10EDF0000F460078002805D0002D05D0286800288F
:10EE000021D103E00820F8BD0E20F8BD544C0026A7
:10EE10002068002817D0A168E0684843616841185D
:10EE2000686881420FD900F084F800280DD0296865
:10EE300014225143091968684A688968801A00F0E9
:10EE400066FB002903D00720F8BD1020F8BD3B4623
:10EE50000022294604200096FFF7F6FDF8BD3F4A40
:10EE60001278002A0DD000280DD000290BD002689E
:10EE7000002A08D0394A14321368002B05D0042028
:10EE80007047082070470E20704702230B6000680F
:10EE9000106000207047F8B5044630481E460078E0
:10EEA00017460D46002807D0002D07D0002C05D0AE
:10EEB000206802281BD103E00820F8BD0E20F8BD11
:10EEC000264814300068002811D0084600F031F8B8
:10EED00000280ED0304600F02CF8002809D03B4620
:10EEE0002A46214602200096FFF7AEFDF8BD072016
:10EEF000F8BD1020F8BD08B5184A1278002A05D0D0
:10EF0000002805D00268022A11D103E0082008BDBC
:10EF10000E2008BD114A14321268002A07D00B4691
:10EF20000022014604200092FFF78EFD08BD072055
:10EF300008BD800701D000207047012070470849B4
:10EF400010B5F43949780020002906D0FFF70BFDF1
:10EF5000002802D0112800D1002010BDA0280020D8
:10EF6000D42E002070B500250C290ED3044643187A
:10EF7000008941000919581A0A38C2B21748022AF2
:10EF8000027002D30A318B4201D2092070BD1448AD
:10EF900000F04BFA134914480A88824202D02388B1
:10EFA000934217D14988814202D06088884211D1AA
:10EFB0000D4A0323521E20891B03A8420AD9690067
:10EFC00009194989914203D09E896D1CB142F4D13F
:10EFD000002070BD0B2070BD00207047BC280020B1
:10EFE000E82E002080100010FFFF000010B5FDF794
:10EFF000FDF810BD10B50446002A02D0108800228A
:10F0000010E00A48FBE7030A00020343A05C5840F3
:10F0100003061B0F43401803584083B21806C00C68
:10F020005840521C8A42EED310BD0000FFFF000082
:10F030004B48002101704C484A4A02608160C1601F
:10F04000016108224161426081610846704710B544
:10F0500000291DD000220A60434A5368002B1BD0B0
:10F06000202817D85B1E5360D0682423401CD06032
:10F07000106914684343E3180B60012383409169CE
:10F08000401C19434007400F91611061002010BDE2
:10F090000E2010BD0C2010BD042010BDF0B5324A6A
:10F0A0000646916800292BD057691020791A490724
:10F0B000490F14680B4624254D436519B54206D106
:10F0C000012495698C4065400020956104E0491C4D
:10F0D0004907490F8F42EED1491C4E07760F9569BB
:10F0E00001210C469C402B4623420AD19368002BF9
:10F0F00007D05B1E936053685B1C53603346F0E798
:10F100000420F0BD184A2423117C1268491E4907C7
:10F11000490F5943203150500020704770B50028E6
:10F120001AD0002918D0104AD368002B16D05B1EC5
:10F13000D360936824265B1C9360536915681C4652
:10F140007343EE1820330660E858641C08606007BB
:10F15000400F5061002070BD0E2070BD042070BDB6
:10F16000BD280020F42E00201430002030B5CB0044
:10F1700008339DB293070024002B01D0072030BD37
:10F180003B4B9A605219DA605C701C705880998011
:10F19000002030BDF7B5364C0E466088814237D826
:10F1A000344F00F069F822786078A188884201DA4B
:10F1B000401C00E00020C0B2904202D100F062F892
:10F1C00024E065786078884201DA401C00E0002085
:10F1D000607000F057F8BD4218D0A068EF000299A7
:10F1E000C151009900290CD0002E0AD06088324607
:10F1F0004543E068281800F018F9A06838188680A0
:10F2000002E00021381881800020FEBD0420FEBDF0
:10F210000920FEBD0EB504E068468188029A009878
:10F22000904702AA01A9684600F003F80028F3D02D
:10F230000EBD70B50E4B05241D785E78AE4215D01C
:10F240001D781C789E88B44201DA641C00E000241A
:10F250001C705C88DE686C43A41904609B68E8003D
:10F26000C418A4880C80185800241060204670BD73
:10F27000C4280020FFFF000072B606480168491C40
:10F280000160704703490868401E086000D162B6FB
:10F2900070470000D4280020BFF34F8F0349024875
:10F2A000C860BFF34F8FFEE70400FA0500ED00E0F1
:10F2B00010B5002904D0002211461046FFF7ECFFDC
:10F2C00000F010F810BD10B50021024A0846FFF703
:10F2D00061FF10BDB1F2030010B508461146FCF7FE
:10F2E000C3FF10BDF8B5384C2078002837D020690E
:10F2F000002807D00026E068002805D00025002E51
:10F3000004D013E00126F6E70125F8E7684651DF4F
:10F31000052806D0002806D000221146FFF7BCFFC2
:10F3200004E0012602E0216900988847002D12D1EF
:10F33000608869460880A06861DF052806D000283B
:10F3400006D000221146FFF7A7FF04E0012502E0E6
:10F35000E168A0688847002ED8D0002DCFD0F8BD36
:10F3600070B5002901D08C0701D0072070BD164C64
:10F370000125A16062801549636010DF0028F5D186
:10F38000257016202EDF70BD002803D00E49C860FE
:10F39000002070470E207047002803D00A490861FA
:10F3A000002070470E20704710B5074840680028BD
:10F3B00007D08047002803D000221146FFF76CFFDA
:10F3C00010BDFFF78FFF10BDD8280020D9F2030031
:10F3D000034610B50B439B070FD1042A0DD308C871
:10F3E00010C9121FA342F8D018BA21BA884201D915
:10F3F000012010BD0020C04310BD002A03D0D30758
:10F4000003D0521C07E0002010BD03780C78401C8C
:10F41000491C1B1B07D103780C78401C491C1B1B83
:10F4200001D1921EF1D1184610BDF8B5042A2CD393
:10F43000830712D00B78491C0370401C521E8307AF
:10F440000BD00B78491C0370401C521E830704D05C
:10F450000B78491C0370401C521E8B079B0F05D074
:10F46000C91ADF002023DE1B08C90AE0FCF7E0FE12
:10F47000F8BD1D4608C9FD401C46B4402C4310C0D1
:10F48000121F042AF5D2F308C91A521EF0D40B78C1
:10F49000491C0370401C521EEAD40B78491C0370AF
:10F4A000401C521EE4D409780170F8BD01E004C08C
:10F4B000091F0429FBD28B0701D50280801CC907D4
:10F4C00000D00270704700290BD0C30702D0027031
:10F4D000401C491E022904D3830702D50280801CE8
:10F4E000891EE3E70022EEE70022DFE70378C27817
:10F4F0001946437812061B0219438378C0781B040F
:10F50000194311430902090A000608437047002203
:10F5100003098B422CD3030A8B4211D300239C4650
:10F520004EE003460B433CD4002243088B4231D3C8
:10F5300003098B421CD3030A8B4201D394463FE05C
:10F54000C3098B4201D3CB01C01A524183098B42BC
:10F5500001D38B01C01A524143098B4201D34B01A5
:10F56000C01A524103098B4201D30B01C01A524108
:10F57000C3088B4201D3CB00C01A524183088B428F
:10F5800001D38B00C01A524143088B4201D34B0078
:10F59000C01A5241411A00D20146524110467047EA
:10F5A0005DE0CA0F00D04942031000D340425340EF
:10F5B00000229C4603098B422DD3030A8B4212D3AF
:10F5C000FC22890112BA030A8B420CD389019211E1
:10F5D0008B4208D3890192118B4204D389013AD01E
:10F5E000921100E08909C3098B4201D3CB01C01AF3
:10F5F000524183098B4201D38B01C01A5241430906
:10F600008B4201D34B01C01A524103098B4201D3F3
:10F610000B01C01A5241C3088B4201D3CB00C01A60
:10F62000524183088B4201D38B00C01A5241D9D278
:10F6300043088B4201D34B00C01A5241411A00D2F9
:10F640000146634652415B10104601D34042002BF5
:10F6500000D54942704763465B1000D3404201B574
:10F660000020C046C04602BD7047704770477546CF
:10F6700000F022F8AE46050069465346C008C000B7
:10F68000854618B020B5FEF7FBFA60BC0027490894
:10F69000B6460026C0C5C0C5C0C5C0C5C0C5C0C52A
:10F6A000C0C5C0C5403D49008D4670470446C046B0
:10F6B000C0462046FCF751FD00487047303000201E
:10F6C00001491820ABBEFEE726000200704730B4A7
:10F6D0007446641E2578641CAB4200D21D46635DEF
:10F6E0005B00E31830BC1847020000000000000077
:10F6F0000000000000000000040000000000000006
:10F7000000000000000000000000000000000000F9
:10F7100035C40300000000000000000002000000EB
:10F7200000000000000000000000000000000000D9
:10F7300000000000030000000000000000000000C6
:10F7400005000000000000000000000000000000B4
:10F75000000000000000000023D1BCEA5F78231500
:10F76000DEEF12120000000088F7030000280020DE
:10F77000EC00000004C1030074F80300EC28002032
:10F78000A413000020C103000000000000000000DE
:10F790000000000000000000000000000000000069
:10F7A0000000000000000000000000000000000059
:10F7B0000000000000000000000000000000FFFF4B
:10F7C0000000000032000000000000000000000007
:10F7D0000000000000000000000000000000000029
:10F7E0000000000000000000000000000000000019
:10F7F0000000000000000000000000000000000009
:10F80000000000000024F4000000000000000000E0
:10F8100000000000000000000000000000000000E8
:10F8200000000000000000000000000000000000D8
:10F8300000000000000000000000000000000000C8
:10F8400000000000000000000000000000000000B8
:10F8500000000000000000000000000000000000A8
:10F860000000000000000000000000000000000098
:04F870000000000094
:10FC00000100000000000000FE00000000000000F5
:10FC100000000000000000000000000000000000E4
:020000041000EA
:0410140000C0030015
:040000050003C0C173
:00000001FF
