:1000000000040020810A000015070000610A0000BA
:100010001F07000029070000330700000000000050
:10002000000000000000000000000000A50A000021
:100030003D070000000000004707000051070000D6
:100040005B070000650700006F07000079070000EC
:10005000830700008D07000097070000A10700003C
:10006000AB070000B5070000BF070000C90700008C
:10007000D3070000DD070000E7070000F1070000DC
:10008000FB070000050800000F0800001908000029
:10009000230800002D080000370800004108000078
:1000A0004B080000550800005F08000069080000C8
:1000B000730800007D080000870800009108000018
:1000C0009B080000A5080000AF080000B908000068
:1000D000C3080000CD080000D7080000E1080000B8
:1000E000EB080000F5080000FF0800000909000007
:1000F000130900001D090000270900003109000054
:100100003B0900001FB500F003F88DE80F001FBD8C
:1001100000F0ACBC40F6FC7108684FF01022401CA7
:1001200008D00868401C09D00868401C04D0086842
:1001300000F037BA9069F5E79069F9E7704770B554
:100140000B46010B184400F6FF70040B4FF0805073
:100150000022090303692403406943431D1B104621
:1001600000F048FA29462046BDE8704000F042BA47
:10017000F0B54FF6FF734FF4B4751A466E1E11E0DA
:10018000A94201D3344600E00C46091B30F8027B3B
:10019000641E3B441A44F9D19CB204EB134394B25D
:1001A00004EB12420029EBD198B200EB134002EBB2
:1001B000124140EA0140F0BDF34992B00446D1E952
:1001C0000001CDE91001FF224021684600F0F4FB58
:1001D00094E80F008DE80F00684610A902E004C8FB
:1001E00041F8042D8842FAD110216846FFF7C0FF7C
:1001F0001090AA208DF8440000F099F9FFF78AFFCB
:1002000040F6FC7420684FF01025401C0FD0206889
:1002100010226946803000F078F92068401C08D030
:100220002068082210A900F070F900F061F9A869AF
:10023000EEE7A869F5E74FF080500369406940F6A2
:10024000FC71434308684FF01022401C06D0086838
:1002500000F58050834203D2092070479069F7E788
:100260000868401C04D00868401C03D00020704778
:100270009069F9E70420704770B504460068C34DE3
:10028000072876D2DFE800F033041929631E250021
:10029000D4E9026564682946304600F062F92A46CE
:1002A0002146304600F031F9AA002146304600F0E0
:1002B00057FB002800D0032070BD00F009FC4FF46C
:1002C000805007E0201D00F040F90028F4D100F034
:1002D000FFFB60682860002070BD241D94E80700C3
:1002E000920000F03DFB0028F6D00E2070BDFFF715
:1002F000A2FF0028FAD1D4E901034FF0805100EBAE
:10030000830208694D69684382420ED840F6F8704E
:1003100005684FF010226D1C09D0056805EB8305B8
:100320000B6949694B439D4203D9092070BD55694A
:10033000F4E70168491C03D00068401C02D003E0C8
:100340005069FAE70F2070BD2046FFF735FFFFF731
:1003500072FF0028F7D1201D00F0F7F80028F2D135
:1003600060680028F0D100F0E2F8FFF7D3FE00F05B
:10037000BFF8072070BD10B50C46182802D0012028
:10038000086010BD2068FFF777FF206010BD41684E
:10039000054609B1012700E0002740F6F8742068FF
:1003A0004FF01026401C2BD02068AA68920000F065
:1003B000D7FA38B3A86881002068401C27D020688D
:1003C000FFF7BDFED7B12068401C22D026684FF051
:1003D0008050AC686D68016942695143A9420DD9EA
:1003E000016940694143A14208D92146304600F0E5
:1003F000B8F822462946304600F087F800F078F831
:100400007069D2E700F093F8FFF784FEF6E77069B1
:10041000D6E77669DBE740F6FC7420684FF01026DB
:10042000401C23D02068401C0CD02068401C1FD0EA
:100430002568206805F18005401C1BD027683879A5
:10044000AA2819D040F6F8700168491C42D001680A
:10045000491C45D00168491C3ED001680968491C07
:100460003ED00168491C39D000683EE0B069DAE747
:10047000B569DEE7B769E2E710212846FFF778FEA5
:100480003968814222D12068401C05D0D4F8001080
:1004900001F18002C03107E0B169F9E730B108CA63
:1004A00051F8040D984201D1012000E000208A4259
:1004B000F4D158B1286810B1042803D0FEE72846CB
:1004C000FFF765FF3149686808600EE0FFF722FE1C
:1004D00000F00EF87169BBE77169BFE7706904E06D
:1004E0004FF480500168491C01D000F0CBFAFEE7C0
:1004F000BFF34F8F26480168264A01F4E06111439B
:100500000160BFF34F8F00BFFDE72DE9F0411746B3
:100510000D460646002406E03046296800F054F8EF
:10052000641C2D1D361DBC42F6D3BDE8F08140F69B
:10053000FC700168491C04D0D0F800004FF48051D1
:10054000FDE54FF010208069F8E74FF080510A690F
:10055000496900684A43824201D810207047002050
:10056000704770B50C4605464FF4806608E0284693
:1005700000F017F8B44205D3A4F5806405F5805562
:10058000002CF4D170BD0000F40A0000000000202F
:100590000CED00E00400FA05144801680029FCD0C5
:1005A0007047134A0221116010490B68002BFCD0E0
:1005B0000F4B1B1D186008680028FCD0002010603D
:1005C00008680028FCD07047094B10B501221A605A
:1005D000064A1468002CFCD0016010680028FCD08A
:1005E0000020186010680028FCD010BD00E4014015
:1005F00004E5014070B50C46054600F073F810B9EB
:1006000000F07EF828B121462846BDE8704000F091
:1006100007B821462846BDE8704000F037B8000012
:100620007FB5002200920192029203920A0B000B06
:100630006946012302440AE0440900F01F0651F80C
:10064000245003FA06F6354341F82450401C8242F8
:10065000F2D80D490868009A10430860081D016827
:10066000019A1143016000F03DF800280AD00649C4
:1006700010310868029A10430860091D0868039A3F
:10068000104308607FBD00000006004030B50F4CED
:10069000002200BF04EB0213D3F800582DB9D3F8A1
:1006A000045815B9D3F808581DB1521C082AF1D3C3
:1006B00030BD082AFCD204EB0212C2F80008C3F8CD
:1006C00004180220C3F8080830BD000000E0014013
:1006D0004FF08050D0F83001082801D0002070473A
:1006E000012070474FF08050D0F83011062905D016
:1006F000D0F83001401C01D0002070470120704725
:100700004FF08050D0F830010A2801D00020704707
:100710000120704708208F490968095808471020B0
:100720008C4909680958084714208A4909680958FA
:100730000847182087490968095808473020854923
:100740000968095808473820824909680958084744
:100750003C20804909680958084740207D490968BC
:100760000958084744207B49096809580847482028
:1007700078490968095808474C207649096809589A
:10078000084750207349096809580847542071499F
:1007900009680958084758206E49096809580847E8
:1007A0005C206C4909680958084760206949096854
:1007B00009580847642067490968095808476820AC
:1007C00064490968095808476C2062490968095852
:1007D000084770205F4909680958084774205D4937
:1007E00009680958084778205A490968095808478C
:1007F0007C205849096809580847802055490968EC
:10080000095808478420534909680958084788202F
:1008100050490968095808478C204E490968095809
:10082000084790204B4909680958084794204949CE
:10083000096809580847982046490968095808472F
:100840009C204449096809580847A0204149096883
:1008500009580847A4203F49096809580847A820B3
:100860003C49096809580847AC203A4909680958C1
:100870000847B0203749096809580847B420354966
:10088000096809580847B8203249096809580847D3
:10089000BC203049096809580847C0202D4909681B
:1008A00009580847C4202B49096809580847C82037
:1008B0002849096809580847CC2026490968095879
:1008C0000847D0202349096809580847D4202149FE
:1008D000096809580847D8201E4909680958084777
:1008E000DC201C49096809580847E02019490968B3
:1008F00009580847E4201749096809580847E820BB
:100900001449096809580847EC2012490968095830
:100910000847F0200F49096809580847F4200D4995
:10092000096809580847F8200A490968095808471A
:10093000FC2008490968095808475FF48070054998
:10094000096809580847000003480449024A034B54
:100950007047000000000020000B0000000B0000AA
:1009600040EA010310B59B070FD1042A0DD310C82C
:1009700008C9121F9C42F8D020BA19BA884201D97E
:10098000012010BD4FF0FF3010BD1AB1D30703D0C6
:10099000521C07E0002010BD10F8013B11F8014B7C
:1009A0001B1B07D110F8013B11F8014B1B1B01D198
:1009B000921EF1D1184610BD02F0FF0343EA032254
:1009C00042EA024200F005B87047704770474FF0A6
:1009D00000020429C0F0128010F0030C00F01B800C
:1009E000CCF1040CBCF1020F18BF00F8012BA8BF1A
:1009F00020F8022BA1EB0C0100F00DB85FEAC17CDE
:100A000024BF00F8012B00F8012B48BF00F8012B90
:100A100070474FF0000200B51346944696462039C1
:100A200022BFA0E80C50A0E80C50B1F12001BFF4A7
:100A3000F7AF090728BFA0E80C5048BF0CC05DF80D
:100A400004EB890028BF40F8042B08BF704748BF5B
:100A500020F8022B11F0804F18BF00F8012B7047CF
:100A6000014B1B68DB6818470000002009480A4951
:100A70007047FFF7FBFFFFF745FB00BD20BFFDE719
:100A8000064B1847064A1060016881F308884068E1
:100A900000470000000B0000000B000017040000DE
:100AA000000000201EF0040F0CBFEFF30881EFF3ED
:100AB0000981886902380078182803D100E0000015
:100AC000074A1047074A12682C3212681047000084
:100AD00000B5054B1B68054A9B58984700BD0000B0
:100AE0007703000000000020F00A0000040000006E
:100AF000001000000000000000FFFFFF0090D00386
:10100000B00F002021AE010065B0000087AD0100E7
:1010100065B0000065B0000065B000000000000091
:10102000000000000000000000000000ADAE010064
:1010300065B000000000000065B0000065B0000071
:1010400015AF01001BAF010065B0000065B00000E6
:1010500065B0000065B0000065B0000065B000003C
:1010600021AF010065B0000065B0000027AF0100AE
:1010700065B000002DAF010033AF010039AF0100B2
:1010800065B0000065B0000065B0000065B000000C
:1010900065B0000065B0000065B0000065B00000FC
:1010A00065B000003FAF010065B0000065B0000012
:1010B00065B0000065B0000065B0000065B00000DC
:1010C00045AF010065B0000065B0000065B00000EC
:1010D00065B0000065B0000065B0000065B00000BC
:1010E00065B0000065B0000065B0000065B00000AC
:1010F00065B0000065B0000065B0000065B000009C
:1011000065B0000065B0000000F002F819F077FE4D
:101110000AA090E8000C82448344AAF10107DA4552
:1011200001D119F06CFEAFF2090EBAE80F0013F00E
:10113000010F18BFFB1A43F00103184770A201000A
:1011400090A201000A4410F8014B14F00F0508BFEB
:1011500010F8015B240908BF10F8014B6D1E05D083
:1011600010F8013B6D1E01F8013BF9D1641E03D05C
:10117000641E01F8015BFBD19142E4D3704700008B
:101180000023002400250026103A28BF78C1FBD890
:10119000520728BF30C148BF0B6070471FB500F031
:1011A00003F88DE80F001FBD19F026BE70B51B4C6B
:1011B00005460A202070A01C00F0D7F85920A08016
:1011C00029462046BDE8704006F0FEBE06F00CBF82
:1011D00070B50C461249097829B1A0F160015E2969
:1011E00008D3012013E0602804D0692802D043F21C
:1011F00001000CE020CC0B4E94E80E0006EB8000C2
:10120000A0F58050241FD0F8806E2846B04720609B
:1012100070BD0120704706207047000008000020C4
:101220001800002074AF01003249884201D2012029
:1012300070470020704770B50446A0F500002E4EA0
:10124000B0F1786F02D23444A4F5000429488442F6
:1012500001D2012500E0002500F043F848B125B98E
:10126000B44204D32548006808E0012070BD002086
:1012700070BD002DF9D1B442F9D321488442F6D291
:10128000F3E710B50446A0F50000B0F1786F03D283
:1012900019480444A4F5000400F023F84FF08041FD
:1012A00030B11648006804E08C4204D2012003E00B
:1012B00013488442F8D2002080F0010010BD10B520
:1012C00020B1FFF7DEFF08B1012010BD002010BDE6
:1012D00010B520B1FFF7AFFF08B1012010BD00200D
:1012E00010BD084808490068884201D101207047B4
:1012F0000020704700C00100000000201C000020FA
:101300000800002058000020BEBAFECA10B50446EE
:101310000021012000F041F800210B2000F03DF8F1
:101320000021082000F039F80421192000F035F8D8
:1013300004210D2000F031F804210E2000F02DF8DA
:1013400004210F2000F029F80421C84300F025F8FB
:101350000621162000F021F80621152000F01DF8C6
:101360002046FFF723FF002010BDCC2101807047ED
:10137000FFF72CBF1148704710487047104A10B54E
:1013800014680F4B0F4A08331A60FFF721FF0C480F
:10139000001D046010BD704770474907090E002802
:1013A00004DB00F1E02080F80014704700F00F002B
:1013B00000F1E02080F8141D7047000003F900429E
:1013C000100502400100000130B5FF4D0446062C17
:1013D000A9780ED2DFE804F0030E0E0E0509FFDF38
:1013E00008E0022906D0FFDF04E0032902D0FFDF76
:1013F00000E0FFDFAC7030BDF34810B5407E41081F
:10140000F14800F11A0005D00DF043FBBDE8104093
:1014100006F07ABC0DF024FBF8E730B50446A1F1E4
:1014200020000D460A2847D2DFE800F005070C1916
:10143000202532373C41FFDF3FE0207820283CD197
:10144000FFDF3AE0E0488078052836D0207824286D
:1014500033D0252831D023282FD0FFDF2DE020786E
:1014600022282AD0232828D8FFDF26E02078222827
:1014700023D0FFDF21E0207822281ED024281CD092
:1014800026281AD0272818D0292816D0FFDF14E0E4
:101490002078252811D0FFDF0FE0207825280CD0F8
:1014A000FFDF0AE02078252807D0FFDF05E020785D
:1014B000282802D0FFDF00E0FFDF257030BD1FB518
:1014C0000022ADF800200C88ADF802404B88ADF842
:1014D0000430CA88ADF808208988ADF806100021CC
:1014E000ADF80A10ADF80C1080B14FF6FF70062170
:1014F000844201D1ADF80210834201D1ADF804104D
:10150000824203D14FF44860ADF8080068460DF000
:10151000BEFB06F0F9FB04B010BD70B514460D46D5
:101520000646FFF788FE60B90DB1A54201D90C202F
:1015300070BD002409E000BF56F82400FFF77BFED1
:1015400008B1102070BD641CE4B2AC42F4D300209A
:1015500070BD2DE9F04105461F4690460E46002419
:101560000068FFF7B5FE30B9A98828680844401E16
:10157000FFF7AEFE10B11020BDE8F081286800280A
:10158000A88802D0B84202D850E00028F4D0092040
:10159000F2E72968085DB8B1671CCA5D152A2ED02C
:1015A0003CDC152A3AD2DFE802F039122222282840
:1015B0002A2A313139393939393939393939220019
:1015C000085D30BB641CA4B2A242F9D833E0022803
:1015D000DDD1A01C085C88F80000072801D2400774
:1015E00001D40A20C8E7307840F0010015E0C1437B
:1015F000C90707E0012807D010E00620BCE7010773
:10160000A1F180510029F5D01846B5E7307881075F
:1016100001D50B20B0E740F0020030702868005D73
:10162000384484B2A888A04202D2B0E74FF44853AD
:1016300082B2A242ADD800209EE710B502785408CD
:1016400009D0012243F20223012C07D0022C0DD035
:10165000032C13D10FE00020087005E080790324EB
:10166000B4EB901F0AD10A70002010BD8079B2EB54
:10167000901F03D1F7E780798009F4D0184610BD98
:1016800008B500208DF800004F4890F8221051B1A5
:1016900090F8230002280FD003280FD0FFDF00BFEF
:1016A0009DF8000008BD48486946193001F0C6F9A8
:1016B0000028F5D0FFDFF3E7032000E001208DF8DC
:1016C0000000EDE738B50C460546694601F0B6F96D
:1016D00000280DD19DF80010207861F3470020709C
:1016E00055F8010FC4F80100A888A4F805000020EF
:1016F00038BD38B51378C0B1022816D033A46D4672
:10170000246800944C7905EB9414247864F347031F
:10171000137003280ED003F0FE0010700868C2F8A2
:1017200001008888A2F8050038BD23F0FE0313707D
:101730000228EED1D8B240F00100EEE702210EF00F
:10174000BDBC38B50C460978222901D2082038BD25
:10175000ADF800008DF8022068460DF0D9F906F0CA
:10176000D3FA050003D121212046FFF756FE284673
:1017700038BD1CB500208DF80000CDF80100ADF893
:101780000500114890F82200022801D0012000E055
:1017900000208DF8070068460DF024FA002800D0DC
:1017A000FFDF1CBD2DE9FF478CB00025BDF834607C
:1017B00082461C4690468DF81C50700703D5606821
:1017C000FFF739FD90B903E0A00100200302FF01FB
:1017D000FE4F4FF0010997F8220058B197F8230007
:1017E000022807D16068FFF773FD18B1102010B010
:1017F000BDE8F087300702D5A089802815D870078A
:1018000004D4B8F1000F01D0387E70B1E07DC0F390
:1018100000108DF81B00617D072041B1012906D021
:101820000229E4D00429E2D117E00720DFE78DF890
:1018300017908DF819908DF81580606878B107A918
:10184000FFF7FBFE0028D2D1606850F8011FCDF8E9
:101850000F108088ADF8130005E00620C7E7CDF82B
:101860000F50ADF81350E07B0028F6D1207C002803
:10187000F3D1607C0028F0D1A07C0028EDD1E07C81
:10188000C006EAD18DF800A0BDF83400ADF8020022
:10189000A0680190A0680290CDA0D0E90010CDE929
:1018A0000A10E07C0AA901EB501000788DF80C00BA
:1018B000FFF7E6FE8DF80D009DF81C008DF80E0078
:1018C0008DF818508DF816508DF81A5009A96846F1
:1018D0000DF02CFA06F018FA89E7F0B58FB0002465
:1018E0008DF830408DF814408DF8344006468DF860
:1018F0002840019402940394049419B10FC901ADD6
:1019000085E80F00B14DA878052801D004280CD136
:1019100001986968884200D120B90398E968884233
:1019200003D110B108200FB0F0BD1F273B460DAA10
:1019300005A903A8FFF70DFE0028F4D13B460AAA2B
:101940000CA901A8FFF705FE0028ECD19DF81400B2
:10195000C00701D00A20E6E7A88A410708D4A97D7C
:1019600031B19DF82810890702D043F20120DAE74F
:101970009DF82810C90709D0400707D4288818B156
:1019800044F25061884201D90720CCE78DF8184015
:101990008DF81960BDF80800ADF81A00019807909D
:1019A00006A80DF0CEF906F0AFF90028BBD18DF8EE
:1019B00020408DF82160BDF81000ADF8220003989A
:1019C000099008A80DF0DFF906F09EF90028AAD1C9
:1019D00001AC2D1D94E80F0085E80F000020A2E760
:1019E00070B50646FFF7AAFE054606F06FFB040039
:1019F00000D1FFDF6680207820F00F00801C20F0EF
:101A0000F000203020700320207295F83E006072B4
:101A1000BDE8704006F05EBB2DE9F04385B00400E0
:101A200000D1FFDF2078694E20F00F00801C20F0ED
:101A3000F0007030207060680178C91F14292AD224
:101A4000DFE801F04DF3290AF3F33AF2292966F2AF
:101A5000F2F129F2F2F0EFF286883046FFF76EFEDF
:101A60000546304608F0BDF8C0B16068807985F859
:101A70003E0021212846FFF7D0FC304603F0FAF95A
:101A8000304604F0ADFB3146012012F047F9A87F43
:101A900020F01000A87705B0BDE8F083207820F092
:101AA000F00020302070032020726680606880790A
:101AB000607206F00FFBDCE785882846FFF73EFEE4
:101AC00000B9FFDF60688078012800D0FFDF606820
:101AD000817905B02846BDE8F04308F04ABA868807
:101AE0003046FFF72BFE050000D1FFDF06F0F2FACB
:101AF00060683146C08828816068008968816068B4
:101B00004089A881012012F009F90020A875C2E7D8
:101B1000807828B10228BED03C28BCD0FFDFBAE7CD
:101B200006F0D8FA6568A879AD1C00B9FFDFF77830
:101B3000B5F80290B046384606F05FF8060000D1CE
:101B4000FFDF0022022148460EF0AFFA040000D168
:101B5000FFDF22212046FFF760FCA17F012060F318
:101B60000101A177298B2181698B6181A98BA181D9
:101B700084F822708DF80800B0680090F068019039
:101B80006A46032148460EF090FA00B9FFDFB0889C
:101B9000ADF81000B0788DF8120004AA052148466F
:101BA0000EF083FA00B9FFDFB088ADF80C00F078D2
:101BB0008DF80E0003AA042148460EF076FA00B90B
:101BC000FFDF062105F1120006E00000A001002061
:101BD000070605040302010000F04DFF30B36879E9
:101BE000800700D5FFDF6979E07D61F34700E0758C
:101BF000D5F80600A0616889A083062105F10C00D4
:101C000000F039FFE0B198F819104A08617862F3E2
:101C100047016170D8F81A10C4F80210B8F81E0015
:101C200017E028E020E033E02DE017E0E07D20F031
:101C3000FE00801CE075D5F81200A061E88ADBE7A1
:101C4000607820F0FE00801C6070E868C4F8020034
:101C5000288AE0800320FFF7B7FB1CE705B0204689
:101C6000BDE8F04301F092BC06F034FA16F8240FF8
:101C700040F0020005E006F02DFA16F8240F40F0BF
:101C80000400307007E705B0BDE8F04306F022BA63
:101C9000B178052909D00429DFD106F01BFA02200A
:101CA00005B0BDE8F043FFF78FBB80780028D4D0A3
:101CB000F07800F0AAFE06F00DFA0320F0E72DE917
:101CC000F047054600780027000991460C463E463D
:101CD000012871D0022870D007280AD00A286DD0B8
:101CE000FFDF00BFA9F800600CB1278066800020EC
:101CF0007EE5D5F804C0DFF8448804F108009CF8BC
:101D000000204FF0010AD21F4FF6FF71142A76D23D
:101D1000DFE802F00AF9F9F9F9F9F91DF9F926C035
:101D2000889DF91061D476EE12271026BCF80400C5
:101D30002146F3E01C270A26ECB3BCF80200A08081
:101D4000686800792072686840796072CAE71B276A
:101D5000092684B30320207268684088A080C1E708
:101D60009CF802103C29BDD010272C260CF1020C47
:101D70000CB3BCF80210A180BCF818106182BCF84A
:101D800018102182BCF81A10A182BCF81C10E18244
:101D90009CF8053002460CF106011846FFF7A9FC35
:101DA0009CF8040001289DD184F80FA00020207623
:101DB00008F1040003E00BE0A8E0B2E0EAE090E8FC
:101DC0000E00D8F81000C4E90930C4E9071289E709
:101DD000A9F800608BE720271126002CF8D0A180FD
:101DE000686804F10A02807820726868807A6072FC
:101DF00069680B1DC8781946FFF77BFC72E782E023
:101E000021270A26002CE3D0BCF80200A0806868D5
:101E10000079207268684079607298F8241021F087
:101E2000040162E022270B26002CD1D0BCF804006C
:101E3000A0806868807820726868807900F02AFE47
:101E400060726868C07900F025FEA0724AE7262714
:101E50001C26002CBCD0A1806868C07860726868BD
:101E60008079A07208F1040090E80E00D8F8100004
:101E7000C4E90530C4E90312686880783C2803D0BF
:101E8000432804D0FFDF2DE784F808A02AE70220CA
:101E9000207227E724271026002C99D0BCF80200D6
:101EA000A0806868007920816868007A608168682D
:101EB000C088A08168684089E08113E72327102645
:101EC000002C85D0BCF80200A08068688088208142
:101ED0006868C088608168680089A08168684089F6
:101EE000E08198F8241021F0020188F82410F9E626
:101EF0002F272A26002C86D0A18069682222891CDF
:101F00000BF017FAEEE64A46214644E0287A02280A
:101F100001D0FFDFE6E612271026688800F098FD62
:101F2000E0E6287AB0B3012835D0022833D0032860
:101F300001D0FFDFD6E611270926002C8AD0B5F89C
:101F400002804046FFF7FAFB90F822A0A4F8048034
:101F5000687A2072042140460EF0C2F805214046FE
:101F60000EF0BEF8002140460EF0BAF801214046BE
:101F70000EF0B6F8032140460EF0B2F802214046BA
:101F80000EF0AEF8062140460EF0AAF8504600F0DA
:101F90003CFDA7E6FFE72846BDE8F04701F02CBC72
:101FA00070B5012801D0FFDF70BD8DB22846FFF764
:101FB000C5FB040000D1FFDF20782128F4D006F013
:101FC00085F880B1017821F00F01891C21F0F00122
:101FD000103101700221017245800020A075BDE81A
:101FE000704006F077B821462846BDE870401322BD
:101FF000FFF7A7BB2DE9F04116460C00804600D143
:10200000FFDF307820F00F00801C20F0F00010304F
:1020100030702078022802D0FFDFBDE8F081404612
:10202000FFF78CFB050000D1FFDFA1884FF6FF70A2
:102030000027814202D1E288824203D0814201D14D
:10204000E08840B106F046F894E80F00083686E8CC
:102050000F00AF75E1E7A87D0128DED178230022CB
:10206000414611F0B1FD0220A875D6E738B5054606
:102070000C460846FFF7DFF8A8B9242D31D006DC5E
:10208000202D0AD0212D0AD0222D04D124E0252D87
:102090001BD03F2D2DD0072038BD062038BD6068ED
:1020A000FFF70DF908B1102038BD618820886A4615
:1020B0000CF0E1FF05F028FE0028F5D16168002949
:1020C000F2D0BDF800200A8038BDA07800F00101F0
:1020D00020880DF001F808E02068BDE8384001F0E4
:1020E000C0BD618820880CF05FFFBDE8384005F076
:1020F0000BBE207800F001008DF8000068460CF05F
:10210000BDFD05F001FE38BD70B505460C4608461C
:10211000FFF7B7F808B1102070BD202D07D0212D92
:102120000DD0222D0BD0252D09D0072070BD208881
:10213000A11C0CF03CFDBDE8704005F0E5BD06209B
:1021400070BDFE481930704708B528220021FB48B1
:102150000BF019F90120FFF737F9F84968461A31F1
:1021600005F04AFFF5489DF80020417E62F34701E3
:1021700021F001014176002180F822104FF46171B5
:102180000184022180F82310FFF736F900B1FFDF48
:1021900000F0AEFC01F0CCF908BD10B50C464022B1
:1021A000002120460BF0EFF8A07F20F00300A0777D
:1021B000202020700020A07584F8230010BD7047F7
:1021C0002DE9FC410746FFF736F810B11020BDE8B5
:1021D000FC81DA4E06F11901D6F819000090B6F824
:1021E0001D50ADF80450F47F8DF806403846FFF7D7
:1021F00069FA0028EBD1FFF7FFF80028E7D0009933
:1022000046F8191FB580B471E1E710B50446FFF731
:1022100038F808B1102010BDC848C8492246407E91
:102220001A314008FFF765FA002010BD3EB504469C
:102230000D460846FFF725F808B110203EBD14B141
:1022400043F204003EBDBD488078052803D0042831
:1022500001D008203EBD694602A80BF01AFB2A46B1
:1022600069469DF80800FFF744FA00203EBDFEB520
:102270000D4604004FF0000711D00822FFF74DF97A
:10228000002811D1002608E054F826006946FFF71F
:10229000D4F9002808D1761CF6B2AE42F4D30CF083
:1022A00037FB10B143F20320FEBDA44E3776FCB1DC
:1022B00000271AE054F8270002A9FFF7BEF900B181
:1022C000FFDF9DF808008DF8000054F8270050F853
:1022D000011FCDF801108088ADF8050068460CF0AC
:1022E0003CFB00B1FFDF7F1CFFB2AF42E2D335768B
:1022F0000020FEBD2DE9F0478AB01546894604004E
:102300001DD00F4608222946FFF707F9002810D1F3
:10231000002612E054F826006946103000F08EFBCB
:10232000002806D13FB157F82600FEF784FF10B110
:1023300010200AB0DCE4761CF6B2AE42EAD30026E6
:10234000A5F101081CE000BF06F1010A0AF0FF0731
:1023500012E000BF54F82600017C4A0854F8271008
:102360000B7CB2EB530F05D10622113011310AF06C
:10237000B3FF58B17F1CFFB2AF42EBD30AF0FF06A8
:102380004645E1DB4E4624B1012003E043F205203F
:10239000CFE700200CF000FB10B90CF009FB10B1E6
:1023A00043F20420C5E75CB300270DF1170825E0D0
:1023B00054F827006946103000F040FB00B1FFDF01
:1023C00054F82700102250F8111FCDF80110808812
:1023D000ADF8050054F827100DF107000AF0A9FF29
:1023E00096B156F82710102240460AF0A2FF684620
:1023F0000CF098FA00B1FFDF7F1CFFB2AF42D7D3D9
:10240000FFF7B7F9002094E7404601F01EFCEEE725
:1024100030B585B00446FEF70EFF18B96068FEF7C8
:1024200057FF10B1102005B030BD60884AF2B811D6
:10243000884206D82078414D28B1012806D00228CC
:1024400004D00720EFE7FEF7D7FF18E060780228F6
:1024500004D0032802D043F20220E4E785F82300E9
:10246000C1B200200090ADF8040002292CD003294D
:1024700027D0FFDF68460CF00CFB05F045FC002878
:10248000D1D1606801F0D4FB207858B101208DF8DB
:1024900000000DF1010001F0D8FB68460CF075FE5C
:1024A00000B1FFDF207885F82200FFF762F960882D
:1024B00060B1288480B20CF067FA00B1FFDF002021
:1024C000B1E78DF80500D5E74020FAE74FF46170D9
:1024D000EFE710B50446FEF7D4FE20B9606838B1C6
:1024E000FEF7EDFE08B1102010BD606801F0ADFBF5
:1024F000124830F8201F6180C178617080782070A8
:10250000002010BD2DE9F843144689460646FEF723
:10251000B8FEB8B94846FEF7DBFE98B92046FEF78C
:10252000D7FE78B9054DA878012800D154B131788B
:10253000FF2909D061B143F2040001E0A0010020AD
:10254000BDE8F8831020F8E7012801D00420F4E763
:10255000CCB3052811D004280FD06946204600F0DE
:10256000A4FA0028E9D1217D49B1012909D0022925
:1025700009D0032909D00720DFE70820DDE702465C
:1025800004E0012202E0022200E00322804623460A
:10259000174600200099FFF705F90028CDD1A08942
:1025A0002880A07BE875BDF80000A882AF75BDF853
:1025B0000010090701D5A18931B1A1892980C0077F
:1025C00004D0032003E006E08021F7E70220FEF7B5
:1025D000FBFE86F800804946BDE8F8430020FFF77F
:1025E0007CB92DE9FC41FF4C06460D46A078022837
:1025F00003D0032801D00820E9E516B143F2040016
:10260000E5E506200DF00EFD10B9A078032849D0AD
:102610000FF07CFC074610F0DBFE381A00F0FF08D4
:1026200006200DF0F7FC074606200DF0FBFC391ADA
:10263000A078042809D000221144A8EB010111F070
:10264000FF0F04D0032804D00DE00122F4E713208B
:10265000BDE5284605F0D1FA10B3407810B32846FE
:1026600005F0D6FDE570FFF70BF80BF054F80120EC
:102670008DF800008DF801008DF802602088ADF81B
:102680000400E07D8DF8060068460CF050FC05F073
:102690003BFB0028B0D1A078032805D0042010E02F
:1026A000052094E5122092E5E07805F0A6FA0400F2
:1026B00000D1FFDF607800B9FFDF6078401E6070F6
:1026C0000520FEF781FE002081E51CB510B143F224
:1026D00004001CBDC34CA078042803D0052801D0F9
:1026E00008201CBD00208DF8000001218DF801108C
:1026F0008DF8020068460CF01AFC05F005FB002876
:10270000EFD1A078052805D05FF00200FEF75CFE4F
:1027100000201CBDE07800F078F90320F6E72DE9F1
:10272000FC4180460D4603260846FEF7D1FD08B160
:1027300010204CE54046FFF701F8040004D0207853
:10274000222804D2082042E543F202003FE5A07FA0
:1027500000F003073DB1012F0AD000202946FEF703
:10276000AEFE0600E5D1012F04D0FFDF30462EE596
:102770000120F3E7A07D2946022801D011B107E02E
:10278000112024E5684600F0E7FA0028D1D1694617
:10279000404607F0CEFB0600E8D10120A075E5E732
:1027A00070B50C460546FEF7C9FF010005D022466C
:1027B0002846BDE87040FEF7C4BF43F2020070BD7A
:1027C00010B5012807D1874B9B78012B00D011B1A0
:1027D00043F2040010BD0CF009F9BDE8104005F00B
:1027E00093BA012300F01BB900231A46194600F0E2
:1027F00016B970B5064615460C460846FEF741FD6B
:1028000018B92846FEF73DFD08B1102070BD2A46D4
:10281000214630460CF017FC05F076FA0028F5D179
:1028200021787F29F2D1052070BD7CB505460C4684
:102830000846FEF700FD08B110207CBD2846FEF7D3
:102840007DFF20B10078222804D208207CBD43F20D
:1028500002007CBD634890F82400400701D5112098
:102860007CBD2178C80802D16078C20801D0072059
:102870007CBD890801D1800801D006207CBDADF85F
:10288000005020788DF8020060788DF80300022057
:10289000ADF8040068460BF00FFF05F035FA7CBD7B
:1028A00070B586B014460D460646FEF747FF28B1C0
:1028B0000078222805D2082006B070BD43F202003D
:1028C000FAE72846FEF704FD20B944B12046FEF79A
:1028D000F6FC08B11020EFE700202060A0804148FE
:1028E00090F82400800701D51120E5E703A93046C0
:1028F0000BF01FFF18B100BF05F006FADCE7ADF8DA
:102900000060BDF81400ADF80200BDF81600ADF887
:102910000400BDF81000BDF81210ADF80600ADF8C7
:1029200008107DB1298809B1ADF80610698809B190
:10293000ADF80210A98809B1ADF80810E98809B10D
:10294000ADF80410DCB1BDF80610814201D9081AB7
:102950002080BDF80210BDF81400814201D9081A88
:102960006080BDF80800BDF80410BDF816200144D1
:10297000BDF812001044814201D9081AA0806846AF
:102980000BF074FFB8E770B505460C460846FEF735
:1029900078FC08B1102070BD214628460CF04AF999
:1029A000BDE8704005F0B0B93EB505460C46084696
:1029B000FEF767FC08B110203EBD0020009001909A
:1029C0000290ADF800502089ADF8080020788DF80D
:1029D0000200606801902089ADF808006089ADF8B8
:1029E0000A0001E0A001002068460CF031F905F072
:1029F0008BF93EBD0EB5ADF8000000200190684691
:102A00000CF026F905F080F90EBD10B505F0F5F8CB
:102A1000040000D1FFDF6078401C607010BD1CB561
:102A2000ADF800008DF802308DF803108DF8042009
:102A300068460CF0D7FA05F067F91CBD0278520819
:102A400004D0012A02D043F202207047FEF7F5BD00
:102A500070B50C0006460DD0FEF770FE050000D1E3
:102A6000FFDFA68028892081288960816889A0816C
:102A7000A889E08170BD10B500231A4603E0845C8C
:102A80002343521CD2B28A42F9D30BB1002010BDAD
:102A9000012010BD00B530B1012803D0022801D0BB
:102AA000FFDF002000BDFF2000BD00220A8092B29F
:102AB00022F060020A800078062817D2DFE800F0D2
:102AC000160306090C1142F0110007E042F01D0048
:102AD00009E042F0150006E042F0100040F002006C
:102AE00001E042F010000880002070470720704786
:102AF000FD48002101604160018170472DE9FF4FD1
:102B000093B09B46209F160004460DD01046FEF75A
:102B100092FB18B1102017B0BDE8F08F31460120AC
:102B2000FEF7CDFC0028F6D101258DF842504FF478
:102B3000C050ADF84000002210A9284603F016FE50
:102B40000028E8D18DF84250A8464FF428500025BF
:102B5000ADF840001C222946684607950AF013FC90
:102B60009DF81C000DF11C0A20F00F00401C20F005
:102B7000F00010308DF81C0020788DF81D00617871
:102B80009DF81E000DF1400961F3420040F0010084
:102B90008DF81E009DF8000008AA40F002008DF894
:102BA00000002089ADF83000ADF832506089ADF8F2
:102BB0003400CDF82CA060680E900AA9CDF82890BA
:102BC000684603F0C8FB0028A5D16068FEF777FBD4
:102BD00040B16068FEF77CFB20B9607800F003002C
:102BE000022801D0012000E00020BF4C08AA0AA959
:102BF0002072BDF8200020808DF8428042F601202E
:102C0000ADF840009DF81E0020F00600801C20F06A
:102C100001008DF81E000220ADF83000ADF8340040
:102C200014A80E90684603F096FB002889D1BDF8E1
:102C30002000608036B1211D304600F059F900288F
:102C4000C2D109E0BBF1000F05D00AF017F9E8BBCB
:102C50000AF014F9D0BBA58017B1012F43D04AE088
:102C60008DF8428042F6A620ADF8400046461C2270
:102C70000021684607950AF086FB9DF81C00ADF818
:102C8000346020F00F00401C20F0F00010308DF870
:102C90001C009DF81D0020F0FF008DF81D009DF820
:102CA0001E0020F0060040F00100801C8DF81E0080
:102CB0009DF800008DF8446040F002008DF800009F
:102CC000CDE90A9AADF8306011A800E011E00E904D
:102CD00008AA0AA9684603F03EFB0028A6D1BDF861
:102CE0002000E08008E00AF0C9F810B90AF0C6F840
:102CF00008B103200FE7E58000200CE73EB504464D
:102D0000794D0820ADF80000A88828B12046FEF7CC
:102D100092FA18B110203EBD06203EBD214601208A
:102D2000FEF7CDFB0028F8D12088ADF804006088BC
:102D3000ADF80600A088ADF80800E088ADF80A00FC
:102D4000A88801AB6A46002103F00CFFBDF8001013
:102D50000829E2D003203EBD7FB5634D0446A88814
:102D600068B1002002900820ADF80800CDF80CD022
:102D70002046FEF760FA20B1102004B070BD062096
:102D8000FBE7A98802AA4FF6FF7004F02DF900288E
:102D9000F3D1BDF80810082901D00320EDE7BDF8F4
:102DA00000102180BDF802106180BDF80410A180E0
:102DB000BDF80610E180E0E701B582B00220ADF871
:102DC0000000494802AB6A464088002103F0CAFE71
:102DD000BDF80010022900D003200EBD1CB5002153
:102DE00000910221ADF800100190FEF74AFA08B1F7
:102DF00010201CBD3C486A4641884FF6FF7004F025
:102E0000F3F8BDF800100229F3D003201CBDFEB575
:102E1000354C06461546207A0F46C00705D00846B1
:102E2000FEF709FA18B11020FEBD0F20FEBDF82DE7
:102E300001D90C20FEBD3046FEF7FDF918BB2088F5
:102E400001A902F08AFF0028F4D130788DF805003E
:102E5000208801A903F064FE0028EBD100909DF8C2
:102E600000009DF8051040F002008DF800000907F1
:102E700003D040F008008DF800002088694603F078
:102E8000ECFD0028D6D1ADF8085020883B4602AAB8
:102E9000002103F067FEBDF80810A942CAD0032044
:102EA000FEBD7CB505460020009001900888ADF875
:102EB00000000C4628460195FEF701FA18B9204695
:102EC000FEF7DFF908B110207CBD15B1BDF8000098
:102ED00060B105486A4601884FF6FF7004F084F837
:102EE000BDF8001021807CBDC80100200C20FAE74D
:102EF00030B5044693B000200D46014600901422E0
:102F000001A80AF040FA1C22002108A80AF03BFAA6
:102F10009DF80000CDF808D020F00F00401C20F0F4
:102F2000F00010308DF800009DF8010006AA20F096
:102F3000FF008DF801009DF8200001A940F002007B
:102F40008DF8200001208DF8460042F60420ADF8EF
:102F5000440011A801902088ADF83C006088ADF8CD
:102F60003E00A088ADF84000E088ADF842009DF832
:102F7000020020F00600801C20F001008DF8020005
:102F80000820ADF80C00ADF810000FA8059008A8B7
:102F900003F0E1F9002803D1BDF8180028800020D3
:102FA00013B030BD0A4810B5046809490948083112
:102FB00008600FF0BEFE0648001D046010BD064903
:102FC000002008604FF0E0210220C1F88002704725
:102FD0001005024001000001FC1F00400548064AA0
:102FE0000168914201D1002101600449012008607B
:102FF0007047000058000020BEBAFECA40E50140FC
:103000002CFFFFFFDBE5B15100C00100CC00FFFF4A
:1030100071000000C1CF6A00FEA0D9111C1006C3C8
:1030200089CCFC7A7B3B49141906A8C010B504462C
:10303000FEF701F908B1102010BD2078C0F302108E
:10304000042807D86078072804D3A178102901D86C
:10305000814201D2072010BDE078410706D42179D2
:103060004A0703D4000701D4080701D5062010BD84
:10307000002010BD70B514460D46064605F026F832
:1030800080B10178182221F00F01891C21F0F00194
:10309000A03100F8081B21460AF04BF9BDE870404A
:1030A00005F018B829463046BDE870401322FEF7F7
:1030B00048BB2DE9F047064608A8904690E8300442
:1030C00089461F461422002128460AF05CF9002197
:1030D000CAF80010B8F1000F03D0B9F1000F03D106
:1030E00014E03878C00711D02068FEF7CAF8C0BBDA
:1030F000B8F1000F07D12068123028602068143022
:1031000068602068A8602168CAF8001038788007D5
:1031100024D56068FEF7D3F818BBB9F1000F21D0B1
:10312000FFF70FF80168C6F868118188A6F86C11DE
:10313000807986F86E0101F034FAF84FEF6062682A
:1031400062B196F8680106F2691140081032FEF784
:10315000D0FA1022394660680AF0EBF80020BDE88A
:10316000F08706E0606820B1E8606068C6F8640136
:10317000F4E71020F3E730B5054608780C4620F058
:103180000F00401C20F0F001103121700020607011
:1031900095F8230030B104280FD0052811D0062857
:1031A00014D0FFDF20780121B1EB101F04D295F875
:1031B000200000F01F00607030BD21F0F0002030D2
:1031C00002E021F0F00030302070EBE721F0F00059
:1031D0004030F9E7F0B591B0022715460C46064697
:1031E0003A46ADF80870092103AB05F070FD049074
:1031F000002810D004208DF804008DF80170E03410
:10320000099605948DF818500AA968460EF051FCED
:1032100000B1FFDF012011B0F0BD2DE9F84F0646E7
:10322000808A0C4680B28246FEF788FA0546BB4F7C
:103230003078203F4FF002094FF000080F287CD271
:10324000DFE800F07BA39D082C5B6A7CBADAFD976F
:1032500048979700012150460CF030FF040000D140
:10326000FFDF97F85C00C00701D0386E0BE0032148
:1032700004F11D0010F06BFAD4F81D00A849B0FB52
:10328000F1F201FB1200C4F81D0070686067B068BD
:10329000A0672878252872D0FFDF70E00121504612
:1032A0000CF00CFF060000D1FFDF3078810702D55B
:1032B0002978252904D040F001003070BDE8F88F4E
:1032C00084F80090307F207106F11D002D36C4E98E
:1032D0000206F3E7012150460CF0F0FE050000D194
:1032E000FFDF2878C10604D5072020703D356560D2
:1032F000E4E740F008002870E0E7E87F000700D529
:10330000FFDF307CB28800F0010301B05046BDE819
:10331000F04F092106F06FBD05B9FFDF716821B1DB
:10332000102205F124000AF004F828212846FEF7AF
:1033300074F8307A85F82000C0E7F7E001215046A4
:103340000CF0BCFE050000D1FFDF022105F1850075
:1033500010F0FDF90420207005F5B4706060B5F838
:10336000850020826D4810387C356561C4E90270A3
:10337000A4E7012150460CF0A1FE00B9FFDF324660
:1033800029465046BDE8F84F74E605B9FFDF2878B6
:10339000212893D93079012803D1E87F40F0080033
:1033A000E877324629465046FFF764FE2846BDE8D6
:1033B000F84F2321FEF731B83279A28004F10803D7
:1033C0000921504605F083FCE06010B10520207013
:1033D00074E74546012150460CF070FE040000D110
:1033E000FFDF04F1620102231022081F0CF0FFFC32
:1033F00005703179417061E7012150460CF05EFEA5
:10340000040000D1FFDF94F8840000F003000128DD
:1034100059D1E87F10F0010003D194F8A010C9073A
:103420002AD0D4F8602132B394F88330117C63F34E
:1034300087011174AA7FD30963F3410100E071E0B1
:10344000D4F860211174D4F8602160F30001117484
:1034500090B1D4F86001102205F12401883409F0FC
:1034600068FF207E40F001002076207820F00100E7
:1034700004F8880919E0C0B994F88810C90714D075
:10348000D4F85C218AB194F88330117C63F387010E
:103490001174AA7FD309D4F85C2163F3410111743C
:1034A000D4F85C2160F30001117494F8880080075F
:1034B00009D594F87C00D4F86421400804F17D011A
:1034C0001032FEF716F98DF8009094F884006A46E1
:1034D00000F003008DF8010094F888108DF80210B8
:1034E00094F8A0008DF803002946504601F042F8F8
:1034F0002878252805D0212807D0FFDF2878222822
:1035000003D922212846FDF788FF012150460CF0FF
:10351000E7FD00283FF4DDAEFFDFCFE6F401002039
:1035200040420F00716881F80180C7E6FFDFC5E601
:1035300070B5FE4C002584F85C5025660EF085FAC7
:1035400004F11001204604F07DFD84F8305070BD78
:1035500070B50D46FEF7F2F8040000D1FFDF4FF41E
:10356000B8720021284609F00EFF2434012105F12C
:10357000E0002C610EF06AFA002800D0FFDF70BD79
:103580000A46014602F1E0000EF081BA70B5054628
:10359000406886B00178082906D00B2933D00C2961
:1035A0002FD0FFDF06B070BD46883046FEF7C6F864
:1035B000040000D1FFDF20782128F3D028281BD178
:1035C000686802210C3000F0A0FFA8B168680821EB
:1035D000001D00F09AFF78B104F1240130460BF091
:1035E000A8FC04F091FB00B1FFDF06B02046BDE867
:1035F00070402921FDF711BF06B0BDE8704004F00E
:1036000069BD01218171686886883046FEF796F8A9
:10361000040000D1FFDF20782128C3D068688179B9
:1036200009B1807808B1FFDFBCE704F053FDA07F4B
:10363000000622D5E07FC00705D094F8200000F0F6
:103640001F00102817D0052084F82300207829288F
:1036500015D02428A6D13146042010F05FFB22218A
:103660002046FDF7DAFE012130460CF039FD002836
:1036700098D0FFDF96E70620E6E70420E4E7012183
:1036800030460CF01BFD050000D1FFDF2521204650
:10369000FDF7C3FE03208DF80000694605F1E00048
:1036A0000EF0ECF90228BFD00028BDD0FFDF79E78B
:1036B0002DE9F04788B09A46164688468146FEF7BF
:1036C0003DF805003AD02878222837D3232835D072
:1036D000E87F000732D40027012148460CF0EEFCB9
:1036E000040005D10121002248460CF0DEFC04460E
:1036F000694600F066FF009800B9FFDF00983CB112
:10370000E03404612878222804D0242802D005E07F
:10371000076103E025212846FDF77FFE009801217F
:103720004170C0F824908680C0E9028A01A90EF099
:10373000C0F9022802D0002800D0FFDF08B00EE553
:1037400070B586B00546FDF7F9FF0078222814D938
:10375000012128460CF0B2FC04002CD1FFDF2AE046
:10376000B4F85E0004F1620630440178427829B171
:1037700021462846FFF72EFDB0B913E7ADF8042027
:103780000921284602AB05F0A2FA03900028F4D0E4
:1037900005208DF80000694604F1E0000EF06EF996
:1037A000022801D000B1FFDF02231022314604F1CC
:1037B0005E000CF052FBB4F860000028D0D1F1E6B6
:1037C00010B586B00446FDF7B9FF0078222811D95C
:1037D000012120460CF072FC040000D1FFDF06201E
:1037E0008DF80000694604F1E0000EF047F900286A
:1037F00000D0FFDF06B010BD2DE9F84F0546007878
:103800000C460027010904F1080090463E46BA46DE
:10381000009002297ED0072902D00A2909D142E06E
:1038200068680178082905D00B292CD00C292AD0EA
:10383000FFDF72E114271C26002C6CD04088A0808A
:10384000FDF77CFF5FEA000900D1FFDF99F8170060
:1038500009F118014008009AFDF74BFF686880895C
:10386000208268684168C4F812108068C4F81600A5
:10387000A07E20F0060040F00100A07699F81E001E
:1038800040F020014FE01A270A26002CD5D080886E
:10389000A080FDF753FF050000D1FFDF2846009907
:1038A000FFF769FC39E10CB1A88BA080287A4FF0B2
:1038B000010B0B287ED006DC01287CD0022808D022
:1038C000032804D137E00D2876D00E2875D0FFDF0D
:1038D00023E11E270926002CAFD0A088FDF72EFF7C
:1038E0005FEA000900D1FFDF287B00F00300012818
:1038F000207A1DD020F001002072297B890861F315
:1039000041002072297BC90861F382002072297B63
:10391000090901E0F7E0AEE061F3C300207299F815
:103920001E0040F0400189F81E10F6E0D40100208E
:1039300040F00100E0E713270D26002CA6D0A08858
:10394000FDF7FCFE81460121A0880CF0B7FB0500C5
:1039500000D1FFDF686F817801F003010129217A2E
:1039600050D021F00101217283789B0863F341015B
:1039700021728378DB0863F38201217283781B094B
:1039800063F3C3012172037863F306112172437854
:1039900063F3C711217284F809A0C178A17202797A
:1039A000E17A62F30001E1720279520862F34101A7
:1039B000E17203E029E067E04EE05FE002799208FF
:1039C00062F38201E1720279D20862F3C301E1720B
:1039D0004279217B62F3000121734279520862F33C
:1039E000410121734279920862F382012173407987
:1039F000C00860F3C301217399F8000023282AD975
:103A0000262139E041F00101ADE71827102694B3D3
:103A1000A088FDF793FE00900121A0880CF04EFBDA
:103A20005FEA000900D1FFDFE868A06099F80000B4
:103A300040F0040189F8001099F80100800708D5CA
:103A400084F80CB000980078232866D927210098C4
:103A500052E084F80CA060E015270F265CB1A08826
:103A6000FDF76CFE81460622E868009909F0E9FC42
:103A700084F80EB085E042E048463DE0162709266E
:103A8000ECB3287B207248E0287B19270E26B4B3BC
:103A9000C4F808A0A4F80CA0012807D0022808D078
:103AA00003280CD004280AD0FFDF15E084F808B002
:103AB00001E002202072607A20F003000BE0697BB5
:103AC000042801F00F0141F080012172F3D1607AE6
:103AD00020F00300401C6072A088FDF72FFE054611
:103AE0000078212819D0232800D0FFDF0121A088E9
:103AF0000CF0F6FA22212846FDF78FFC0DE0FFE7D7
:103B0000A8F800600EE00CB16888A080287A10B395
:103B1000012809D002283AD0FFDFA8F800600CB1D4
:103B200027806680002007E415270F26002CE7D0A9
:103B3000A088FDF703FE0121A0880CF0BFFA050064
:103B400000D1FFDFD5F81D000622009909F079FCAD
:103B500084F80EA0E1E717270926002CD0D0A08812
:103B6000FDF7ECFD81460121A0880CF0A7FA0500C5
:103B700000D1FFDF6878800701D5022000E0012036
:103B8000207299F800002328C7D9272174E7192744
:103B90000E26002CB4D0A088FDF7D0FD5FEA000906
:103BA00000D1FFDFC4F808A0A4F80CA084F808A096
:103BB000A07A40F00300A07299F81E10C90961F3C1
:103BC0008200A07299F81F2099F81E1012EAD11FE6
:103BD00005D099F8201001F01F01102925D020F000
:103BE0000800A07299F81F10607A61F3C300607238
:103BF000697A01F0030101298FD140F0040060725D
:103C0000E87A217B60F300012173AA7A607B62F37A
:103C100000006073EA7A520862F341012173A97AC5
:103C2000490861F34100607377E740F00800D8E786
:103C300010B5F84C30B10146102204F1200009F013
:103C400078FB012084F8300010BD10B5044600F068
:103C5000A8FCF04920461022BDE81040203109F0B0
:103C600068BB70B5EB4D06004FF0000412D0FDF7B5
:103C7000E2FA08B110240BE00621304609F0C8FB37
:103C8000411C04D02866012085F85C0000E0072470
:103C9000204670BD0020F7E7007810F00F0204D036
:103CA000012A05D0022A0CD110E0000909D10AE04E
:103CB0000009012807D0022805D0032803D00428D2
:103CC00001D0072070470870002070470620704719
:103CD00005282AD2DFE800F003070F171F00087835
:103CE00020F0FF001EE0087820F00F00401C20F0BC
:103CF000F000103016E0087820F00F00401C20F093
:103D0000F00020300EE0087820F00F00401C20F07A
:103D1000F000303006E0087820F00F00401C20F062
:103D2000F0004030087000207047072070472DE9F0
:103D3000F043804687B00D464FF000090846FDF776
:103D4000C7FAA8B94046FDF7F9FC060003D0307861
:103D500022280BD104E043F2020007B0BDE8F08353
:103D600035B1B07FC10601D4000703D50820F4E7C0
:103D70001020F2E7F07F000701D50D20EDE70027C6
:103D8000012140460CF09AF9040006D101210022DD
:103D900040460CF08AF9040005D0694600F011FC99
:103DA000009818B901E00420D7E7FFDF009802214E
:103DB000E0344170C0F82480446107810121017121
:103DC000297801F00102017E62F3010101762A786F
:103DD000520862F3820101762A78920862F3C301E5
:103DE00001762A78D20862F3041101762421304644
:103DF000FDF713FB01A900980DF05BFE022801D02E
:103E000000B1FFDF4846A8E72DE9FF4F0E46824983
:103E1000904697B09A4607C914AB4FF0000983E863
:103E200007001798FDF78AFC050006D02878262899
:103E300006D008201BB0BDE8F08F43F20200F9E77E
:103E400026B94046FFF7F2F80028F3D10121179870
:103E50000CF034F9040000D1FFDF852E27D007DCF9
:103E6000EEB1812E1DD0822E1DD0832E08D11CE0F4
:103E7000862E1ED0882E1ED0892E1ED08A2E1ED0B1
:103E80000F2020710F281CD004F020F9D8B1012098
:103E90008DF83400201D0E902079B0B126E100206D
:103EA000EFE70120EDE70220EBE70320E9E705203B
:103EB000E7E70620E5E70820E3E70920E1E70A2035
:103EC000DFE70720B6E71120B4E798F80000D4E94F
:103ED0001D764208A87F002162F3C710A87798F8E2
:103EE00000008208E87F62F30000E87798F800009D
:103EF000C209607862F34100607098F8000002091E
:103F0000207862F34710207098F80000C2086078AB
:103F100062F30000607098F80100607198F800008A
:103F200000F00102B07862F30100B070AA7FD209FC
:103F300062F38200B070EA7F62F3C300B07062780F
:103F400062F30410B0702278C0F3C00052093270DE
:103F50006278C2F34002727098F80220F2707171B8
:103F60003171B978C1F3C00108405FEA000B2ED06F
:103F70005046FDF760F978BBDAF80C00FDF75BF905
:103F800050BBDAF81C00FDF756F928BBDAF80C0034
:103F9000A060DAF81C00E06060787A7842EA5001AC
:103FA00061F341006070B978C0B200EA111161F3A9
:103FB000000060700020207705F117006061681C28
:103FC000A061B07800F00300012806D046E06078D8
:103FD0007A7802EA5001E3E719E0B87800F00300CC
:103FE00001283BD1321D711D404600F099FA31790C
:103FF000387901408DF8281070797A7910408DF861
:10400000300001432AD05046FDF715F930B1102099
:1040100010E70000D4010020E8B001000AF1100010
:1040200004F5AE7304F18C028DE80D0000210AAB9B
:104030005A462046FFF73DF80028E9D104F5B07252
:1040400004F1A403CDF800A0CDE9013201210CABAD
:104050005A462046FFF72DF80028D9D1607880070E
:1040600022D4B078B978C0F38000C1F3800108434E
:104070001AD0307814AA397832F810204B00DA4080
:1040800002F00309B9F1030F01D14FF00209BBF1AE
:10409000000F09D0012801D0042805D1012901D041
:1040A000042901D14FF00409A87F40F08000A877CF
:1040B000E97F6BF30001E9776078800706D503207C
:1040C000A071BBF1000F11D100202CE00220B9F14A
:1040D000020F1AD0B9F1010F19D0B9F1040F2AD08B
:1040E0000020A071A87F20F08000A8772521284615
:1040F000FDF793F90DA904F1E0000DF0BFFC10B13C
:10410000022800D0FFDF002094E6A071DCE7A07158
:104110000D22002104F1200009F035F9207840F04B
:104120000200207001208DF84C0013AA2946179830
:1041300000F020FADAE70120A071D7E72DE9F0437B
:1041400087B09046894604460025FDF7F7FA070038
:1041500004D03878272804D00820FEE543F2020076
:10416000FBE5012120460BF0A9FF040000D1FFDF91
:10417000A6795FEA090005D0012821D0B9F1020F24
:1041800026D110E0B8F1000F22D1012E05D0022E69
:1041900005D0032E05D0FFDF2EE00C252CE00125F5
:1041A0002AE0022528E04046FDF745F8B0B9032E85
:1041B0000ED11022414604F11D0009F0BAF81BE0AF
:1041C000012E02D0022E03D104E0B8F1000F13D06B
:1041D0000720C2E54046FDF72EF808B11020BCE5E7
:1041E0001022002104F11D0009F0CDF806214046FF
:1041F00009F00EF9C4F81D002078252140F00200D6
:1042000020703846FDF709F92078C10713D020F057
:104210000100207002208DF8000004F11D000290C2
:104220008DF804506946C3300DF028FC022803D0F5
:1042300010B1FFDF00E0257700208EE530B587B0B4
:104240000D460446FDF77AFA60B1012120460BF0D5
:1042500035FF04000CD02846FCF7EDFF28B11020F4
:1042600007B030BD43F20200FAE72078400701D4DE
:104270000820F5E7294604F13D002022054609F013
:1042800058F8207840F01000207001070FD520F07A
:104290000800207007208DF80000694604F1E00056
:1042A00001950DF0EBFB022801D000B1FFDF0020EB
:1042B000D6E770B50D460646FDF740FA18B100780E
:1042C000272817D102E043F2020070BD01213046D9
:1042D0000BF0F4FE040000D1FFDFA079022809D121
:1042E0006078C00706D02A4621463046FEF772FFA6
:1042F00010B10FE0082070BDB4F860000E280BD29A
:1043000004F1620102231022081F0BF070FD01214D
:1043100001704570002070BD112070BD70B506465B
:1043200014460D460846FCF786FF18B92046FCF7F0
:10433000A8FF08B1102070BDA6F57F40FF380ED051
:104340003046FDF7FBF938B1417822464B08811C15
:104350001846FDF7CEF907E043F2020070BD204693
:10436000FDF753FF0028F9D11021E01D0FF0EFF900
:10437000E21D294604F1170000F033F9002070BD5A
:104380002DE9F04104468AB015460E46002708463E
:10439000FCF79EFF18B92846FCF79AFF18B11020C9
:1043A0000AB0BDE8F0812046FDF7C8F95FEA0008D1
:1043B00004D098F80000272810D102E043F2020050
:1043C000EEE7012120460BF079FE040000D1FFDF6B
:1043D0002078400702D56078800701D40820DFE705
:1043E000D4E91D01497801B18DB1407800B176B1B1
:1043F000ADB1EA1D06A8E16800F0F3F8102206A9A5
:1044000005F1170008F068FF18B1042707E007203E
:10441000C6E71022E91D04F12D0008F08AFF2EB135
:104420001022F11D04F11D0008F083FF20782521E2
:1044300040F0020020704046FCF7EFFF2078C107F3
:1044400015D020F00100207002208DF8000004F14A
:104450001D000290103003908DF804706946B3304F
:104460000DF00CFB022803D010B1FFDF00E027772E
:10447000002095E770B50D4606460BB1072070BDCC
:10448000FDF75CF9040007D02078222802D3A07F32
:10449000800604D4082070BD43F2020070BDADB1A7
:1044A000294630460AF045FD03F02EFC297C4A08D7
:1044B000A17F62F3C711A177297CE27F61F300023B
:1044C000E277297C890884F8201004E030460AF05D
:1044D00053FD03F019FCA17F21F02001A17770BDED
:1044E00070B50D46FDF72AF9040005D02846FCF703
:1044F000C8FE20B1102070BD43F2020070BD2946F5
:104500002046FEF738FE002070BD04E010F8012BB5
:104510000AB100207047491E89B2F7D201207047C6
:1045200010B5C4780B7864F300030B70C47864088A
:1045300064F341030B70C478A40864F382030B7026
:10454000C478E40864F3C3030B700379117863F350
:104550000001117003795B0863F341011170037965
:104560009B0863F3820111700079C00860F3C301F6
:10457000117010BD70B51546064603F0A7FD040086
:1045800000D1FFDF207820F00F00801C20F0F00029
:104590002030207066802868A060BDE8704003F07D
:1045A00099BD10B5134C94F83000002808D104F1DF
:1045B0002001A1F110000DF0A3FA012084F83000D1
:1045C00010BD10B190F8B9202AB10A4890F8350012
:1045D00018B1002003E0B83001E00648343008602C
:1045E000704708B50023009313460A460BF065FF99
:1045F00008BD0000D4010020F0B5007B059F1E46D9
:1046000014460D46012800D0FFDF0C2030803A20F0
:104610003880002C08D0287A032806D0287B01286F
:1046200000D0FFDF17206081F0BDA889FBE72DE9EE
:10463000F04786B0144691F80C900E9A0D46B9F1E9
:10464000010F0BD01021007B2E8A8846052807D049
:10465000062833D0FFDF06B0BDE8F0870221F2E77D
:10466000E8890C2100EB400001EB4000188033206A
:104670001080002CEFD0E889608100271AE00096B6
:10468000688808F1020301AA696900F086FF06EB59
:104690000800801C07EB470186B204EB4102BDF81D
:1046A000040090810DF1060140460E320DF09EFA95
:1046B0007F1CBFB26089B842E1D8CCE734201080BB
:1046C000E889B9F1010F11D0122148430E3018804A
:1046D000002CC0D0E88960814846B9F1010F00D0B4
:1046E0000220207300270DF1040A1FE00621ECE7E9
:1046F0000096688808F1020301AA696900F04DFF7D
:1047000006EB0800801C86B2B9F1010F12D007EB4E
:10471000C70004EB4000BDF80410C18110220AF16B
:104720000201103008F005FE7F1CBFB26089B8425C
:10473000DED890E707EB470104EB4102BDF8040027
:10474000D0810AF10201404610320DF04FFAEBE73A
:104750002DE9F0470E4688B090F80CC096F80C8012
:10476000378AF5890C20109902F10C044FF0000AE9
:10477000BCF1030F08D0BCF1040F3FD0BCF1070F10
:104780007ED0FFDF08B067E705EB850C00EB4C003F
:10479000188031200880002AF4D0A8F1060000F02B
:1047A000FF09558126E01622002101A808F0EBFD43
:1047B00000977088434601AA716900F0EEFEBDF8CB
:1047C00004002080BDF80600E080BDF808002081CC
:1047D000A21C0DF10A0148460DF008FAB9F1000FCC
:1047E00000D018B184F804A0A4F802A007EB0800D8
:1047F00087B20A346D1EADB2D5D2C3E705EB850C86
:1048000000EB4C00188032200880002ABAD0A8F1B2
:10481000050000F0FF09558137E000977088434696
:1048200001AA716900F0B9FE9DF80600BDF80410F8
:10483000E1802179420860F3000162F341018208BE
:1048400062F38201C20862F3C301020962F3041138
:10485000420962F34511820962F386112171C00990
:104860006071BDF80700208122460DF1090148461C
:104870000DF0BCF918B184F802A0A4F800A000E083
:1048800007E007EB080087B20A346D1EADB2C4D250
:1048900078E7A8F1020084B205FB08F000F10E0CE5
:1048A000A3F800C035230B80002AA6D0558194813F
:1048B000009783B270880E32716900F06EFE61E776
:1048C0002DE9F84F1E460A9D0C4681462AB1607AB2
:1048D00000F58070D080E089108199F80C000C27D9
:1048E0004FF000084FF00E0A0D2872D2DFE800F0FA
:1048F0009D070E1B272F374554697272720021469F
:1049000048460095FFF778FEBDE8F88F207B91467A
:10491000082802D0032800D0FFDF3780302009E0CC
:10492000A9F80A80F0E7207B9146042800D0FFDF39
:10493000378031202880B9F1000FF1D1E4E7207BE6
:104940009146042800D0FFDF37803220F2E7207B39
:104950009146022800D0FFDF37803320EAE7207B32
:104960001746022800D0FFDF3420A6F800A02880D8
:10497000002FC9D0A7F80A80C6E7207B1746042875
:1049800000D0FFDF3520A6F800A02880002FBBD084
:104990004046A7F80A8012E0207B1746052802D07F
:1049A000062800D0FFDF1020308036202880002F1E
:1049B000AAD0E0897881A7F80E80B9F80E00B881F6
:1049C000A2E7207B9146072800D0FFDF3780372001
:1049D000B0E72AE04FF0120018804FF038001700BF
:1049E000288091D0E0897881A7F80E80A7F8108000
:1049F00099F80C000A2805D00B2809D00C280DD0F6
:104A0000FFDF81E7207B0A2800D0FFDF01200AE0DA
:104A1000207B0B2800D0FFDF042004E0207B0C2843
:104A200000D0FFDF052038736EE7FFDF6CE770B55D
:104A30000C460546FCF782FE20B10078222804D2FD
:104A4000082070BD43F2020070BD052128460BF01E
:104A500035FB206008B1002070BD032070BD30B46C
:104A60004880087820F00F00C01C20F0F000903043
:104A700001F8080B1DCA81E81D0030BC03F02ABBF9
:104A80002DE9FF4784B00027824602970798904699
:104A90008946123006F043FB401D20F003060798BC
:104AA00028B907A95046FFF7C2FF002854D1B9F131
:104AB000000F05D00798017B19BB052504681BE092
:104AC00098F80000092803D00D2812D0FFDF46E037
:104AD000079903254868B0B3497B428871439142E6
:104AE00039D98AB2B3B2011D0BF06DF904460780C3
:104AF00002E0079C042508340CB1208810B1032D76
:104B000029D02CE007980121123006F03AFBADF8CD
:104B10000C00024602AB2946504604F0D8F80700C4
:104B200001D1A01C029007983A461230C8F8040040
:104B3000A8F802A003A94046029B06F02FFBD8B1BB
:104B40000A2817D200E006E0DFE800F00709141495
:104B5000100B0D141412132014E6002012E611207D
:104B600010E608200EE643F203000BE6072009E6F4
:104B70000D2007E6032005E6BDF80C002346CDE92D
:104B800000702A465046079900F017FD57B9032DCB
:104B900008D10798B3B2417B406871438AB2011DC6
:104BA0000BF025F9B9F1000FD7D0079981F80C90D7
:104BB000D3E72DE9FE4F91461A881C468A46804667
:104BC000FAB102AB494604F082F8050019D040461C
:104BD000A61C27880BF0B7FB3246072629463B4622
:104BE00000960AF0D6FF20882346CDE900504A46B9
:104BF0005146404600F0E1FC002020800120BDE845
:104C0000FE8F0020FBE710B586B01C46AAB1042336
:104C10008DF800301388ADF808305288ADF80A20BE
:104C20008A788DF80E200988ADF80C1000236A46AA
:104C30002146FFF725FF06B010BD1020FBE770B539
:104C40000D4605210BF03AFA040000D1FFDF29469A
:104C500004F11200BDE8704006F07CBA2DE9F8437B
:104C60000D468046002603F031FA044628781028C5
:104C700078D2DFE800F0773B3453313112313131F3
:104C80000831313131312879001FC0B2022801D0FA
:104C9000102810D114BBFFDF35E004B9FFDF052178
:104CA00040460BF00BFA007B032806D004280BD0FB
:104CB000072828D0FFDF072655E02879801FC0B2DB
:104CC000022820D050B1F6E72879401FC0B2022850
:104CD00019D0102817D0EEE704B9FFDF13E004B9AC
:104CE000FFDF287901280ED1172137E00521404642
:104CF0000BF0E4F9070000D1FFDF07F11201404695
:104D000006F005FA2CB12A4621464046FFF7A7FED9
:104D100029E013214046FDF743FD24E004B9FFDFFD
:104D2000052140460BF0CAF9060000D1FFDF6946B5
:104D300006F1120006F0F5F9060000D0FFDFA988A1
:104D4000172901D2172200E00A46BDF8000082426E
:104D500002D9014602E005E01729C5D3404600F01C
:104D60003CFCD0E7FFDF3046BDE8F883401D20F073
:104D7000030219B102FB01F0001D00E00020104405
:104D8000704713B5009848B1002468460AF0C5FF83
:104D9000002C02D1F74A009911601CBD01240020AB
:104DA000F4E72DE9F0470C46154624220021204661
:104DB00008F0E9FA05B9FFDFA87860732888DFF802
:104DC000B4A3401D20F00301AF788946DAF8000053
:104DD0000AF0C1FF060000D1FFDF4FF00008266097
:104DE000A6F8008077B109FB07F1091D0AD0DAF8AF
:104DF00000000AF0B0FF060000D1FFDF6660C6F8D1
:104E0000008001E0C4F80480298804F11200BDE8A4
:104E1000F04706F06DB92DE9F047804601F1120028
:104E20000D46814606F07BF9401DD24F20F003026B
:104E30006E7B1446296838680AF0B8FF3EB104FB5F
:104E400006F2121D03D0696838680AF0AFFF05202A
:104E50000BF0E0F8044605200BF0E4F8201A0128D6
:104E600002D138680AF06CFF49464046BDE8F04779
:104E700006F054B970B5054605210BF01FF9040082
:104E800000D1FFDF04F112012846BDE8704006F0B2
:104E90003EB92DE9F04F91B04FF0000BADF834B0B2
:104EA000ADF804B047880C460546924605213846C1
:104EB0000BF004F9060000D1FFDF24B1A780A4F8AD
:104EC00006B0A4F808B0297809220B20B2EB111F14
:104ED0007ED12A7A04F1100138274FF00C084FF0E8
:104EE00001090391102A74D2DFE802F073F3F2F1A2
:104EF0008008D3898EA03DDCF4EFB7B7307B022861
:104F000000D0FFDFA88908EBC001ADF80410302104
:104F1000ADF83410002C25D06081B5F80E90002734
:104F20001DE004EBC708317C88F80E10F189A8F861
:104F30000C10CDF800906888042304AA296900F0B9
:104F40002CFBBDF81010A8F8101009F10400BDF8F2
:104F500012107F1C1FFA80F9A8F81210BFB26089E6
:104F6000B842DED80EE1307B022800D0FFDFE989AD
:104F700008EBC100ADF804003020ADF83400287B08
:104F80000A90001FC0B20F90002CEBD06181B5F8E1
:104F90001090002726E000BFCDF80090688869696E
:104FA00003AA0A9B00F0F9FA0A9804EBC7084844E0
:104FB0001FFA80F908F10C0204A90F980CF016FEF4
:104FC00018B188F80EB0A8F80CB0BDF80C1001E0CC
:104FD000D4E0D1E0A8F81010BDF80E107F1CA8F89E
:104FE0001210BFB26089B842D6D8CBE00DA80090AD
:104FF00001AB224629463046FFF719FBC2E0307B61
:10500000082805D0FFDF03E0307B082800D0FFDF51
:10501000E8891030ADF804003620ADF83400002CDB
:105020003FD0A9896181F189A18127E0307B0928DE
:1050300000D0FFDFA88900F10C01ADF80410372182
:10504000ADF83410002C2CD06081E8890090AB8939
:10505000688804F10C02296956E0E889392110308A
:1050600080B2ADF80400ADF83410002C74D0A989DA
:105070006181287A0E280AD002212173E989E18111
:10508000288A0090EB8968886969039A3CE00121CD
:10509000F3E70DA8009001AB224629463046FFF702
:1050A00057FB6FE0307B0A2800D0FFDF1220ADF8FD
:1050B0000400ADF834704CB3A9896181A4F810B034
:1050C000A4F80EB084F80C905CE020E002E031E03F
:1050D00039E042E0307B0B2800D0FFDF288AADF8B2
:1050E00034701230ADF8040084B104212173A98911
:1050F0006181E989E181298A2182688A00902B8A6D
:10510000688804F11202696900F047FA3AE0307BDE
:105110000C2800D0FFDF1220ADF80400ADF8347089
:105120003CB305212173A4F80AB0A4F80EB0A4F88A
:1051300010B027E00DA8009001AB2246294630466A
:10514000FFF75AFA1EE00DA8009001AB224629464F
:105150003046FFF7B5FB15E034E03B21ADF8040025
:10516000ADF8341074B3A4F80690A4F808B084F82D
:105170000AB007E010000020FFDF03E0297A0129D0
:1051800017D0FFDFBDF80400AAF800006CB1BDF82D
:1051900034002080BDF804006080BDF83400392858
:1051A00003D03C2801D086F80CB011B00020BDE837
:1051B000F08F3C21ADF80400ADF8341014B1697AD9
:1051C000A172DFE7AAF80000EFE72DE9F84356885F
:1051D0000F4680461546052130460AF06FFF040051
:1051E00000D1FFDF123400943B46414630466A68E6
:1051F00006F008F9B8E570B50D4605210AF05EFF26
:10520000040000D1FFDF294604F11200BDE8704020
:1052100005F092BF70B50D4605210AF04FFF04005E
:1052200000D1FFDF294604F11200BDE8704005F00F
:10523000B0BF70B5054605210AF040FF040000D15B
:10524000FFDF04F1080321462846BDE87040042230
:10525000AFE470B5054605210AF030FF040000D127
:10526000FFDF214628462368BDE870400522A0E400
:1052700070B5064605210AF021FF040000D1FFDFCA
:1052800004F1120005F04BFF401D20F0030511E072
:10529000011D00880322431821463046FFF789FC90
:1052A00000280BD0607BABB2684382B26068011DFE
:1052B0000AF0D3FD606841880029E9D170BD70B55E
:1052C0000E46054602F002FF040000D1FFDF012078
:1052D000207266726580207820F00F00C01C20F0DC
:1052E000F00030302070BDE8704002F0F3BE2DE9D0
:1052F000F0438BB00D461446814606A9FFF797FB95
:10530000002814D14FF6FF7601274FF420588CB1B6
:1053100003208DF800001020ADF8100007A80590BC
:1053200007AA204604A90CF080FC78B107200BB036
:10533000BDE8F0830820ADF808508DF80E708DF8A8
:105340000000ADF80A60ADF80C800CE00698A1787A
:1053500001742188C1818DF80E70ADF80850ADF848
:105360000C80ADF80A606A4602214846069BFFF7AA
:1053700087FBDCE708B501228DF8022042F6020225
:10538000ADF800200A4603236946FFF73CFC08BD40
:1053900008B501228DF8022042F60302ADF8002084
:1053A0000A4604236946FFF72EFC08BD00B587B006
:1053B00079B102228DF800200A88ADF808204988CA
:1053C000ADF80A1000236A460521FFF759FB07B024
:1053D00000BD1020FBE709B1072314E40720704744
:1053E00070B588B00D461446064606A9FFF71FFBA8
:1053F00000280ED17CB10620ADF808508DF80000D1
:10540000ADF80A40069B6A460821DC813046FFF76A
:1054100037FB08B070BD05208DF80000ADF80850CE
:10542000F0E700B587B059B107238DF80030ADF82B
:105430000820039100236A460921FFF721FBC6E7F4
:105440001020C4E770B588B00C460646002506A9B2
:10545000FFF7EDFA0028DCD106980121123005F0A3
:1054600090FE9CB12178062921D2DFE801F02005C9
:1054700005160318801E80B2C01EE28880B20AB1F1
:10548000A3681BB1824203D90C20C2E71020C0E7F9
:10549000042904D0A08850B901E00620B9E7012909
:1054A00013D0022905D004291CD005292AD00720B1
:1054B000AFE709208DF800006088ADF80800E088AB
:1054C000ADF80A00A068039023E00A208DF80000E0
:1054D0006088ADF80800E088ADF80A00A0680A25E9
:1054E000039016E00B208DF800006088ADF80800EE
:1054F000A088ADF80A00E088ADF80C00A0680B2584
:10550000049006E00C208DF8000060788DF808000B
:105510000C256A4629463046069BFFF7B1FA78E724
:1055200000B587B00D228DF80020ADF808100023DB
:105530006A461946FFF7A4FA49E700B587B071B18A
:1055400002228DF800200A88ADF808204988ADF8BD
:105550000A1000236A460621FFF792FA37E7102067
:1055600035E770B586B0064601200D46ADF8081047
:105570008DF80000014600236A463046FFF780FAA6
:10558000040008D12946304601F006FB00213046D0
:1055900001F020FB204606B070BDF8B51C4615464C
:1055A0000E46069F0AF0BDFE2346FF1DBCB23146E3
:1055B0002A4600940AF0B9FAF8BD30B41146DDE984
:1055C00002423CB1032903D0002330BC04F013BCD9
:1055D0000123FAE71A8030BC704770B50C460546C7
:1055E000FFF72DFB2146284601F0E5FA2846BDE8E5
:1055F0007040012101F0EEBA18B18178012938D14B
:1056000001E010207047018842F60112881A914289
:1056100031D018DC42F60102A1EB020091422AD0FF
:105620000CDC41B3B1F5C05F25D06FF4C050081851
:1056300021D0A0F57060FF381BD11CE001281AD0E2
:1056400002280AD117E0B0F5807F14D008DC0128C9
:1056500011D002280FD003280DD0FF2809D10AE06D
:10566000B0F5817F07D0A0F58070033803D0012802
:1056700001D0002070470F2070470A281FD008DC97
:105680000A2818D2DFE800F0191B1F1F171F231D5F
:105690001F21102815D008DC0B2812D00C2810D0A0
:1056A0000D2816D00F2806D10DE011280BD0842824
:1056B0000BD087280FD003207047002070470520AB
:1056C0007047072070470F2070470420704706205E
:1056D00070470C20704743F20200704738B50C4603
:1056E000050041D06946FEF7D7FA002819D19DF888
:1056F0000010607861F3020060706946681CFEF774
:10570000CBFA00280DD19DF80010607861F3C50038
:105710006070A978C1F34101012903D0022905D0A5
:10572000072038BD217821F0200102E0217841F0E6
:1057300020012170410704D0A978C90861F38610BF
:105740006070607810F0380F07D0A978090961F30C
:10575000C710607010F0380F02D16078400603D592
:10576000207840F040002070002038BD70B504461D
:105770000020088015466068FFF7B0FF002816D1AA
:105780002089A189884211D860688078C0070AD032
:10579000B1F5007F0AD840F20120B1FBF0F200FB26
:1057A0001210288007E0B1F5FF7F01D90C2070BDF1
:1057B00001F201212980002070BD10B50478137812
:1057C00064F3000313700478640864F341031370F6
:1057D0000478A40864F3820313700478E40864F383
:1057E000C30313700478240964F30413137004785A
:1057F000640964F3451313700078800960F386131D
:10580000137031B10878C10701D1800701D501209B
:1058100000E0002060F3C713137010BD42785307F7
:1058200002D002F0070306E012F0380F02D0C2F3F4
:10583000C20300E001234A7863F302024A70407811
:1058400010F0380F02D0C0F3C20005E0430702D0C9
:1058500000F0070000E0012060F3C5024A707047C5
:105860002DE9F04F95B00D00824613D01222002191
:10587000284607F088FD4FF6FF7B05AA0121584610
:1058800007F049FB0024264637464FF420586FF4B2
:10589000205972E0102015B0BDE8F08F9DF81E0071
:1058A00001280AD1BDF81C1041450BD011EB0900AD
:1058B0000AD001280CD002280CD0042C0ED0052CC4
:1058C0000FD10DE0012400E00224BDF81A6008E0C9
:1058D000032406E00424BDF81A7002E0052400E069
:1058E0000624BDF81A10514547D12C74BEB34FF0B1
:1058F000000810AA4FF0070ACDE90282CDE900A8FE
:105900000DF13C091023CDF810904246314658461F
:1059100007F0D1FB08BBBDF83C002A46C0B210A975
:105920000CF064F9C8B9AE81CFB1CDE900A80DF192
:10593000080C0AAE40468CE8410213230022394687
:10594000584607F0B8FB40B9BDF83C00F11CC01E3A
:10595000C0B22A1D0CF04AF910B103209BE70AE0FF
:10596000BDF82900E881062C05D19DF81E00A8721B
:10597000BDF81C00288100208DE705A807F0D7FAA4
:1059800000288BD0FFF779FE85E72DE9F0471C460C
:10599000DDE90978DDF8209015460E00824600D139
:1059A000FFDF0CB1208818B1D5B11120BDE8F08718
:1059B000022D01D0012100E0002106F1140006F0C3
:1059C00073F9A8F8000002463B462946504603F00A
:1059D0007EF9C9F8000008B9A41C3C600020E5E786
:1059E0001320E3E7F0B41446DDE904528DB100233F
:1059F00014B1022C09D101E0012306E00D7CEE0771
:105A000003D025F0010501230D742146F0BC04F0FC
:105A1000F2B91A80F0BC70472DE9FE4F91461A8802
:105A20001C468A468046FAB102AB494603F04FF95C
:105A3000050019D04046A61C27880AF084FC32468F
:105A4000072629463B4600960AF0A3F820882346FD
:105A5000CDE900504A4651464046FFF7C3FF0020BB
:105A600020800120BDE8FE8F0020FBE72DE9F047F4
:105A700086B082460EA8904690E8B000894604AAF7
:105A800005A903A88DE807001E462A462146504670
:105A9000FFF77BFF039901B101213970002818D16C
:105AA000FA4904F1140204AB0860039805998DE8E3
:105AB000070042464946504606F0A9FCA8B109280D
:105AC00011D2DFE800F005080510100A0C0C0E00DA
:105AD000002006B06AE71120FBE70720F9E708205D
:105AE000F7E70D20F5E70320F3E7BDF81010039862
:105AF000CDE9000133462A4621465046FFF772FFA2
:105B0000E6E72DE9F04389B01646DDE910870D463A
:105B100081461C461422002103A807F034FC012012
:105B200002218DF810108DF80C008DF81170ADF871
:105B3000146064B1A278D20709D08DF81600E0880D
:105B4000ADF81A00A088ADF81800A068079008A862
:105B50000095CDE90110424603A948466B68FFF75E
:105B600085FF09B0BDE8F083F0B58BB00024064690
:105B7000069407940727089405A8099401940097B0
:105B80000294CDE903400D4610232246304607F02B
:105B900092FA78B90AA806A9019400970294CDE96F
:105BA0000310BDF8143000222946304607F021F8D2
:105BB000002801D0FFF761FD0BB0F0BD06F0B2BECA
:105BC0002DE9FC410C468046002602F07FFA05468E
:105BD00020780D287ED2DFE800F0BC0713B325BD86
:105BE00049496383AF959B00A848006820B141787C
:105BF00041F010014170ADE0404602F099FAA9E091
:105C0000042140460AF05AFA070000D1FFDF07F1ED
:105C10001401404605F0DDFFA5BB13214046FCF70B
:105C2000BFFD97E0042140460AF048FA070000D182
:105C3000FFDFE088ADF800000020B8819DF800008B
:105C4000010704D5C00602D5A088B88105E09DF8FB
:105C5000010040067ED5A088F88105B9FFDF224605
:105C60002946404601F0C0FC022673E0E188ADF809
:105C700000109DF8011009060FD5072803D006284B
:105C80000AD00AE024E0042140460AF017FA060090
:105C900000D1FFDFA088F0810226CDB9FFDF17E039
:105CA000042140460AF00AFA070000D1FFDF07F19D
:105CB000140006F06EFE90F0010F02D1E0790006AC
:105CC00048D5387C022640F00200387405B9FFDF61
:105CD000224600E03DE02946404601F085FC39E0DF
:105CE000042140460AF0EAF9017C002D01F0020689
:105CF000C1F340016171017C21F002010174E7D11F
:105D0000FFDFE5E702260121404602F043FA21E0E9
:105D1000042140460AF0D2F90546606800902089C7
:105D2000ADF8040001226946404602F054FA287C8E
:105D300020F0020028740DE0002DC9D1FFDFC7E775
:105D4000022600214046FFF765FA002DC0D1FFDF93
:105D5000BEE7FFDF3046BDE8FC813EB50C0009D050
:105D600001466B4601AA002007F02AFA20B1FFF78E
:105D700084FC3EBD10203EBD00202080A0709DF818
:105D8000050002A900F00700FDF7A2FF50B99DF839
:105D9000080020709DF8050002A9C0F3C200FDF7BD
:105DA00097FF08B103203EBD9DF8080060709DF884
:105DB0000500C109A07861F30410A0709DF80510DA
:105DC000890961F3C300A0709DF80410890601D50C
:105DD000022100E0012161F342009DF8001061F30F
:105DE0000000A07000203EBD70B5144606460D466A
:105DF00051EA040005D075B10846FBF760FA78B99E
:105E000001E0072070BD2946304607F040FA10B186
:105E1000BDE8704031E454B12046FBF750FA08B1B8
:105E2000102070BD21463046BDE8704095E7002047
:105E300070BD2DE9FC5F0C469046054600270178B1
:105E40000822007A3E46B2EB111F7DD104F10A010F
:105E500000910A31821E4FF0020A04F1080B0191F1
:105E6000092A72D2DFE802F0EDE005F528287BAAC6
:105E7000CE00688804210AF021F9060000D1FFDF76
:105E8000B08928B152270726C3E00000380200205D
:105E900051271026002C7DD06888A0800120A07199
:105EA000A88900220099FFF79FFF002873D1A889D5
:105EB0002081288AE081D1E0B5F81290072824D10A
:105EC000E87B000621D5512709F1140086B2002C89
:105ED000E1D0A88900220099FFF786FF00285AD157
:105EE0006888A08084F806A0A88920810120A0737A
:105EF000288A2082A4F81290A88A009068884B46CD
:105F0000A969019A01F04CFBA8E0502709F11200A1
:105F100086B2002C3ED0A88900225946FFF764FFC4
:105F2000002838D16888A080A889E080287A0728CE
:105F300013D002202073288AE081E87BC0096073B7
:105F4000A4F81090A88A01E085E082E000906888BB
:105F50004B4604F11202A969D4E70120EAE7B5F83B
:105F60001290512709F1140086B2002C66D068887F
:105F700004210AF0A3F883466888A080A88900223B
:105F80000099FFF731FF00286ED184F806A0A88998
:105F9000208101E052E067E00420A073288A20827B
:105FA000A4F81290A88A009068884B46A969019AC3
:105FB00001F0F6FAA989ABF80E104FE06888FBF7FC
:105FC000BDFB0746688804210AF078F8064607B941
:105FD000FFDF06B9FFDF687BC00702D05127142618
:105FE00001E0502712264CB36888A080502F06D0BD
:105FF00084F806A0287B594601F0E2FA2EE0287BBF
:10600000A11DF9E7FE49A8894989814205D1542794
:1060100006269CB16888A08020E053270BE06888A2
:10602000A080A889E08019E0688804210AF046F879
:1060300000B9FFDF55270826002CF0D1A8F8006032
:1060400011E056270726002CF8D06888A080002091
:1060500013E0FFDF02E0012808D0FFDFA8F80060AE
:106060000CB1278066800020BDE8FC9F57270726DB
:10607000002CE3D06888A080687AA071EEE7401D0C
:1060800020F0030009B14143091D01EB40007047B6
:1060900013B5DB4A00201071009848B1002468460F
:1060A00009F03BFE002C02D1D64A009911601CBDBC
:1060B00001240020F4E770B50D461446064686B06C
:1060C0005C220021284607F05EF904B9FFDFA078C2
:1060D0006874A2782188284601F09DFA0020A881E2
:1060E000E881228805F11401304605F056FD6A4624
:1060F0000121304606F00FFF1AE000BF9DF80300B3
:10610000000715D5BDF806103046FFF72DFD9DF8A8
:106110000300BDF8061040F010008DF80300BDF834
:106120000300ADF81400FF233046059A07F077F816
:10613000684606F0FCFE0028E0D006B070BD10B541
:106140000C4601F1140005F060FD0146627C20461A
:10615000BDE8104001F094BA30B50446A84891B0AB
:106160004FF6FF75C18905AA284606F0D4FE30E037
:106170009DF81E00A0422AD001282AD1BDF81C009B
:10618000B0F5205F03D042F60101884221D1002002
:1061900002AB0AAA0CA9019083E80700072000902F
:1061A000BDF81A1010230022284606F084FF38B9E3
:1061B000BDF828000BAAC0B20CA90BF017FD10B156
:1061C000032011B030BD9DF82E00A04201D1002067
:1061D000F7E705A806F0ABFE0028C9D00520F0E7D8
:1061E00070B50546042109F069FF040000D1FFDF06
:1061F00004F114010C46284605F0EBFC2146284624
:10620000BDE8704005F0ECBC70B58AB00C4606469F
:10621000FBF794FA050014D02878222827D30CB174
:10622000A08890B101208DF80C0003208DF810009B
:1062300000208DF8110054B1A088ADF81800206836
:1062400007E043F202000AB070BD0920FBE7ADF899
:10625000180005900421304609F030FF040000D1F9
:10626000FFDF04F1140005F0E6FC000701D408206C
:10627000E9E701F02BFF60B108A802210094CDE905
:10628000011095F8232003A930466368FFF7EEFB61
:10629000D9E71120D7E72DE9F04FB2F802A08346E5
:1062A00089B0154689465046FBF748FA074604214F
:1062B000504609F003FF0026044605964FF00208F9
:1062C0000696ADF81C6007B9FFDF04B9FFDF414651
:1062D000504603F0DAFE50B907AA06A905A88DE8D2
:1062E00007004246214650466368FFF74EFB44488C
:1062F00007AB0660DDE9051204F11400CDF800904B
:10630000CDE90320CDE9013197F8232059465046C5
:106310006B6805F0D9FC06000AD0022E04D0032ECB
:1063200014D0042E00D0FFDF09B03046BDE8F08F56
:10633000BDF81C000028F7D00599CDE900104246B1
:10634000214650466368FFF74DFBEDE7687840F063
:1063500008006870E8E72DE9F04F99B004464FF067
:1063600000082748ADF81C80ADF82080ADF82480E7
:10637000A0F80880ADF81480ADF81880ADF82C8036
:10638000ADF82880007916460D464746012808D00A
:10639000022806D0032804D0042802D0082019B00F
:1063A000C4E72046FAF747FF70BB2846FAF743FFD9
:1063B00050BB6068FAF78CFF30BB606848B16089F9
:1063C0002189884202D8B1F5007F01D90C20E6E787
:1063D00080460EAA06A92846FFF7C8F90028DED194
:1063E00068688078C0F34100022808D19DF8190040
:1063F00010F0380F03D02869FAF761FF20B904E0E4
:10640000380200201400002022E005A92069FFF7CF
:1064100065F90028C3D1206948B1607880079DF8EC
:10642000150000F0380001D5F0B300E0E0BB9DF8A6
:10643000140080060ED59DF8150010F0380F03D01B
:106440006068FAF73CFF18B96068FAF741FF08B1D5
:106450001020A4E70AA96069FFF740F900289ED13F
:10646000606940B19DF8290000F0070101293CD185
:1064700010F0380F39D00BA9A069FFF72FF90028C9
:106480008DD19DF8280080062FD49DF82C00800621
:106490002BD4A06950B19DF82D0000F0070101290F
:1064A00023D110F0380F00E01FE01ED0E06818B1D3
:1064B0000078D0B11C2818D20FAA611C2046FFF723
:1064C0007CF90121384661F30F2082468DF8521085
:1064D000B94642F603000F46ADF850000DF13F02F9
:1064E00018A928680BF0A1FB08B1072057E79DF811
:1064F000600015A9CDF80090C01CCDE9019100F015
:10650000FF0B00230BF20122514614A806F02EFCCB
:10651000F0BBBDF854000C90FE482A89296900920E
:10652000CDE901106B89BDF838202868069906F07E
:106530001DFC01007ED120784FF0020AC10601D473
:1065400080062BD5CDF80C90606950B90AA906A831
:10655000FFF764F99DF8290020F00700401C8DF832
:1065600029009DF8280008A940F0C8008DF82800EF
:106570008DF8527042F60210ADF8500003AACDF823
:1065800000A0CDE90121002340F2032214A800E07D
:106590001EE00A9906F0EAFB01004BD1DD484D46AA
:1065A00008385B460089ADF83D000FA8CDE90290A0
:1065B000CDF80490CDF810904FF007090022CDF8E7
:1065C0000090BDF854104FF6FF7006F012FB10B1AA
:1065D000FFF753F8E3E69DF83C00000624D5294672
:1065E000012060F30F218DF852704FF42450039571
:1065F000ADF8500062789DF80C00002362F30000B3
:106600008DF80C006278CDF800A0520862F34100CA
:106610008DF80C0003AACDE9012540F2032214A84D
:1066200006F0A4FB010005D1606888B32069A8B911
:1066300005A900E084E006A8FFF7F0F8607880077D
:1066400006D49DF8150020F038008DF8150005E0FF
:106650009DF8140040F040008DF814008DF8527041
:1066600042F60110ADF85000208940F20121B0FB44
:10667000F1F201FB1202606809ABCDF80080CDE9B0
:106680000103002314A8059906F070FB010057D1FF
:106690002078C00728D00395A06950B90BA906A897
:1066A000FFF7BCF89DF82D0020F00700401C8DF886
:1066B0002D009DF82C008DF8527040F040008DF8B0
:1066C0002C0042F60310ADF8500007A903AACDF83C
:1066D00000A0CDE90121002340F2032214A80B9968
:1066E00006F044FB01002BD1E06868B32946012085
:1066F00060F30F218DF8527042F60410ADF850008F
:10670000E068002302788DF8582040788DF8590011
:10671000E06816AA4088ADF85A00E06800798DF864
:106720005C00E068C088ADF85D00CDF80090CDE970
:1067300001254FF4027214A806F018FB010003D0E3
:106740000C9800F0C9FF2AE672480321083801714D
:1067500056B100893080BDF824007080BDF820005B
:10676000B080BDF81C00F080002018E670B501254F
:106770008AB016460B46012802D0022816D104E042
:106780008DF80E504FF4205003E08DF80E5042F675
:106790000100ADF80C005BB10024601C60F30F2415
:1067A00004AA08A918460BF040FA18B107204AE5D8
:1067B000102048E504A99DF820205648CDE9002185
:1067C000801E02900023214603A802F2012206F057
:1067D000CDFA10B1FEF751FF35E54E4808380EB13D
:1067E000C1883180057100202DE5F0B593B00746D2
:1067F00001268DF83E6041F60100ADF83C0012AA7A
:106800000FA93046FFF7B2FF002849D1414C0025BF
:10681000083CEFB31C22002102A806F0B4FD9DF84D
:1068200008008DF83E6040F020008DF8080042F628
:106830000520ADF83C000E959DF83A00119520F02A
:106840000600801C8DF83A009DF838006A4620F05A
:10685000FF008DF838009DF8390009A920F0FF00ED
:106860008DF839000420ADF82C00ADF830000EA8EA
:106870000A9011A80D900FA80990ADF82E5002A80B
:10688000FFF769FD00280BD1BDF80000608100E032
:1068900008E0BDF80400A081401CE08125710020C3
:1068A00013B0F0BD6581A581BDF84800F4E72DE97E
:1068B000F74F1849A0B00024083917940A79A14667
:1068C000012A04D0022A02D0082023B02EE5CA886B
:1068D000824201D00620F8E721988A46824201D1FF
:1068E0000720F2E70120214660F30F21ADF84800B0
:1068F0004FF6FF780691ADF84A808DF86E0042F6AB
:10690000020B8DF872401CA9ADF86CB0ADF8704068
:10691000139101E040020020ADF8508012A806F06B
:1069200035FB00252E462F460DAB072212A9404607
:1069300006F02FFB78B10A285DD195B38EB3ADF880
:106940006450ADF866609DF85E008DF8144019AC97
:10695000012864D06BE09DF83A001FB3012859D19B
:10696000BDF8381059451FD118A809A901940294FF
:10697000CDE9031007200090BDF836101023002247
:10698000404606F098FBB0BBBDF86000042801D07B
:1069900006284AD1BDF82410219881423AD10F200F
:1069A00093E73AE0012835D1BDF83800B0F5205F13
:1069B00003D042F6010188422CD1BAF80600BDF896
:1069C0003610884201D1012700E0002705B19EB1B1
:1069D000219881421ED118A809AA01940294CDE9F8
:1069E0000320072000900D4610230022404606F0A9
:1069F00062FB00B902E02DE04E460BE0BDF86000FE
:106A0000022801D0102810D1C0B217AA09A90BF092
:106A1000EDF850B9BDF8369086E7052055E705A991
:106A200017A8221D0BF001F908B103204DE79DF8CE
:106A300014000023001DC2B28DF814202298009289
:106A4000CDE901401BA8069906F090F910B9022281
:106A50008AF80420FEF711FE37E710B50B46401EFA
:106A600088B084B205AA00211846FEF7A6FE0020D1
:106A70000DF1080C06AA05A901908CE80700072073
:106A800000900123002221464FF6FF7006F0B1F876
:106A90000446BDF81800012800D0FFDF2046FEF7AD
:106AA000ECFD08B010BDF0B5F74F044687B038795B
:106AB0000E46032804D0042802D0082007B0F0BDF9
:106AC00004AA03A92046FEF751FE0500F6D160682E
:106AD0008078C0F3410002280AD19DF80D0010F023
:106AE000380F05D02069FAF7EAFB08B11020E5E776
:106AF000208905AA21698DE807006389BDF8102067
:106B00002068039906F032F910B1FEF7B6FDD5E71B
:106B100016B1BDF814003080042038712846CDE746
:106B2000F8B50C0006460CD001464FF6FF75002361
:106B30006A46284606F044FB28B100BFFEF79DFDDB
:106B4000F8BD1020F8BD69462046FEF7C7FD0028B5
:106B5000F8D1A078314600F001032846009A06F0EB
:106B60005EFBEBE730B587B0144600220DF1080C50
:106B700005AD01928CE82C00072200920A460146DE
:106B800023884FF6FF7006F034F8BDF8141021800A
:106B9000FEF773FD07B030BD70B50D46042109F056
:106BA0008DFA040000D1FFDF294604F11400BDE88E
:106BB000704005F039B870B50D46042109F07EFA31
:106BC000040000D1FFDF294604F11400BDE8704045
:106BD00005F04DB870B50D46042109F06FFA0400B8
:106BE00000D1FFDF294604F11400BDE8704005F034
:106BF00065B870B50546042109F060FA040000D1BB
:106C0000FFDF214628462368BDE870400122FEF7D9
:106C100003BF70B50646042109F050FA040000D104
:106C2000FFDF04F1140004F0F0FF401D20F0030525
:106C300011E0011D00880022431821463046FEF76E
:106C4000EBFE00280BD0607CABB2684382B2A06838
:106C5000011D09F002F9A06841880029E9D170BD41
:106C600070B50546042109F029FA040000D1FFDFC0
:106C7000214628466368BDE870400222FEF7CCBE7C
:106C800070B50E46054601F021FA040000D1FFDF81
:106C90000120207266726580207820F00F00001DB0
:106CA00020F0F00040302070BDE8704001F012BAD2
:106CB00010B50446012900D0FFDF2046BDE8104092
:106CC0000121FEF7A7BA2DE9F04F97B04FF0000A67
:106CD0000C008346ADF814A0D04619D0E06830B15E
:106CE000A068A8B10188ADF81410A0F800A058461B
:106CF000FAF724FD070043F2020961D03878222810
:106D00005CD30421584609F0D9F9050005D103E008
:106D1000102017B0BDE8F08FFFDF05F1140004F07C
:106D200074FF401D20F00306A078012803D002283C
:106D300001D00720EDE7218807AA584606F0EBF8B6
:106D400030BB07A806F0F3F810BB07A806F0EFF871
:106D500048B99DF82600012805D1BDF82400A0F50A
:106D60002451023902D04FF45050D2E7E068B0B15C
:106D7000CDE902A00720009005AACDF804A0049256
:106D8000A2882188BDF81430584605F032FF10B1B2
:106D9000FEF773FCBDE7A168BDF8140008809DF8FC
:106DA0001F00C00602D543F20140B2E70B9838B18C
:106DB000A1780078012905D080071AD40820A8E717
:106DC0004846A6E7C007F9D002208DF83C00A86825
:106DD0004FF00009A0B1697C4288714391420FD9FC
:106DE0008AB2B3B2011D08F0EEFF8046A0F800A001
:106DF00006E003208DF83C00D5F800804FF0010933
:106E00009DF8200010F0380F00D1FFDF9DF8200022
:106E10001E49C0F3C200084497F8231010F8010C73
:106E2000884201D90F2074E72088ADF8400014A9EA
:106E30000095CDE90191434607220FA95846FEF778
:106E400015FE002891D19DF8500050B9A078012876
:106E500007D1687CB3B2704382B2A868011D08F004
:106E6000C6FF002055E770B5064615460C46084695
:106E7000FEF7C2FB002805D12A4621463046BDE870
:106E8000704073E470BD12E538020020F2B00100DA
:106E900070B51E4614460D0009D044B1616831B189
:106EA00038B1FC49C988814203D0072070BD102049
:106EB00070BD2068FEF7A0FB0028F9D132462146BC
:106EC0002846BDE87040FFF746BA70B515460C007D
:106ED00006D038B1EF490989814203D0072070BD3F
:106EE000102070BD2068FEF787FB0028F9D12946E5
:106EF0002046BDE87040D6E570B5064686B00D4622
:106F000014461046FAF7BDF9D0BB6068FAF7E0F90D
:106F1000B0BBA6F57F40FF3803D03046FAF70EFC31
:106F200080B128466946FEF79BFC00280CD19DF8ED
:106F300010100F2008293DD2DFE801F008060606F0
:106F4000060A0A0843F2020006B070BD0320FBE700
:106F50009DF80210012908D1BDF80010B1F5C05FFD
:106F6000F2D06FF4C052D142EED09DF80610012944
:106F70000DD1BDF80410A1F52851062907D200E073
:106F800029E0DFE801F0030304030303DCE79DF8D5
:106F90000A1001290FD1BDF80810B1F5245FD3D034
:106FA000A1F60211B1F50051CED00129CCD00229B1
:106FB00001D1C9E7FFDF606878B9002305AA294637
:106FC000304606F0FDF810B1FEF757FBBCE79DF820
:106FD0001400800601D41020B6E7618822462846B6
:106FE0006368FFF7BFFDAFE72DE9F043814687B047
:106FF000884614461046FAF744F918B1102007B035
:10700000BDE8F083002306AA4146484606F0D8F8BA
:1070100018B100BFFEF731FBF1E79DF81800C0067C
:1070200002D543F20140EAE70025072705A80195AC
:1070300000970295CDE9035062884FF6FF734146F1
:10704000484606F038F8060013D16068FAF719F9D7
:1070500060B960680195CDE90250009704952388D6
:1070600062884146484606F026F80646BDF81400F8
:1070700020803046CEE739B1864B0A889B899A42F8
:1070800002D843F2030070471DE610B586B0814C6C
:107090000423ADF81430638943B1A4898C4201D232
:1070A000914205D943F2030006B010BD0620FBE76C
:1070B000ADF81010002100910191ADF800300221CF
:1070C0008DF8021005A9029104A90391ADF81220D0
:1070D0006946FFF7F8FDE7E72DE9FC4781460D46D5
:1070E0000846FAF7A8F888BB4846FAF727FB5FEA94
:1070F00000080AD098F80000222829D30421484625
:1071000008F0DCFF070005D103E043F20200BDE810
:10711000FC87FFDF07F1140004F08DFD0646287898
:10712000012803D0022804D00720F0E7B0070FD5CC
:1071300002E016F01C0F0BD0A8792C1DC00709D057
:10714000E08838B1A068FAF776F818B11020DEE7C9
:107150000820DCE721882A780720B1F5847F35D024
:107160001EDC40F20315A1F20313A94226D00EDC67
:10717000B1F5807FCBD003DCF9B1012926D1C6E778
:10718000A1F58073013BC2D0012B1FD113E0012B6D
:10719000BDD0022B1AD0032BB9D0042B16D112E08C
:1071A000A1F20912082A11D2DFE802F00B04041040
:1071B00010101004ABE7022AA9D007E0012AA6D0DC
:1071C00004E0320700E0F206002AA0DACDB200F0B7
:1071D0007DFF50B198F82300CDE90005FA892346D8
:1071E00039464846FEF78DFC91E711208FE72DE9DF
:1071F000F04F8BB01F4615460C4683460026FAF723
:107200009DFA28B10078222805D208200BB081E52C
:1072100043F20200FAE7B80801D00720F6E7032F8F
:1072200000D100274FF6FF79CCB1022D73D3204651
:10723000FAF74EF830B904EB0508A8F10100FAF7A7
:1072400047F808B11020E1E7AD1E38F8028CAAB269
:107250002146484606F007F940455CD1ADB20D49DC
:10726000B80702D58889401C00E001201FFA80F889
:10727000F80701D08F8900E04F4605AA41465846DD
:1072800005F049FE4FF0070A4FF00009DCB3204635
:107290000BE0000038020020408810283BD8361D43
:1072A000304486B2AE4236D2A01902884245F3D3AA
:1072B00051E000BF9DF8170002074CD594B304EBD2
:1072C0000608361DB8F80230B6B2102B23D89A192A
:1072D000AA4220D8B8F8002091421CD1C0061CD583
:1072E000CDE900A90DF1080C0AAAA11948468CE8BD
:1072F0000700B8F800100022584605F07AFC20B1CB
:10730000FEF7BBF982E726E005E0B8F80200BDF819
:107310002810884201D00B2078E7B8F802003044EA
:1073200086B207E0FFE7C00604D55846FEF71CFC0E
:10733000002888D19DF81700BDF81A1020F0100021
:107340008DF81700BDF81700ADF80000FF23584670
:10735000009A05F064FF05A805F0E9FD18B9BDF82D
:107360001A10B942A6D90421584608F0A7FE040015
:1073700000D1FFDFA2895AB1CDE900A94D46002313
:1073800021465846FEF7BDFB0028BBD1A5813DE74D
:1073900000203BE72DE9FF4F8BB01E4617000D463E
:1073A0004FF0000412D0B00802D007200FB0B1E4B3
:1073B000032E00D100265DB10846F9F780FF28B9F9
:1073C0003888691E0844F9F77AFF08B11020EDE704
:1073D000C74AB00701D5D18900E00121F0074FF677
:1073E000FF7802D0D089401E00E0404686B206AA4F
:1073F0000B9805F090FD4FF000094FF0070B0DF1D1
:10740000140A38E09DF81B00000734D5CDF804902D
:10741000CDF800B0CDF80890CDE9039A434600229C
:107420000B9805F048FE60BB05B3BDF814103A8810
:1074300021442819091D8A4230D3BDF81E2020F8A6
:10744000022BBDF8142020F8022BCDE900B9CDE9BC
:107450000290CDF810A0BDF81E10BDF81430002227
:107460000B9805F028FE08B103209FE7BDF8140033
:107470002044001D84B206A805F059FD20B10A2859
:1074800006D0FEF7FAF891E7BDF81E10B142B9D95F
:1074900034B17DB13888A11C884203D20C2085E725
:1074A000052083E722462946404605F0DCFF0146D9
:1074B00028190180A41C3C80002077E710B5044601
:1074C000F9F7DFFE08B1102010BD8948C08920807F
:1074D000002010BDF0B58BB00D46064614220021E9
:1074E00003A805F050FF01208DF80C008DF8100066
:1074F00000208DF81100ADF814503046FAF71EF94F
:1075000048B10078222812D30421304608F0D6FD75
:10751000040005D103E043F202000BB0F0BDFFDF31
:1075200004F11400074604F086FB800601D408200D
:10753000F3E7207C022140F00100207409A80094A8
:10754000CDE90110072203A930466368FEF78EFAE1
:1075500020B1217C21F001012174DEE7294630466B
:10756000FDF749FE08A9384604F054FB00B1FFDFDF
:10757000BDF82040172C01D2172000E02046A84279
:1075800001D92C4602E0172C00D2172421463046A0
:10759000FFF711FB21463046FDF751FB0020BCE709
:1075A000F8B51C4615460E46069F08F0BAFE23465F
:1075B000FF1DBCB231462A46009408F0B6FAF8BD69
:1075C00070B50C4605460E220021204605F0DBFE74
:1075D000002020802DB1012D01D0FFDF70BD0620DD
:1075E00000E00520A07170BD10B5488008781346F2
:1075F00020F00F00001D20F0F00080300C460870D5
:107600001422194604F1080005F093FE00F062FD13
:107610003748046010BD2DE9F047DFF8D890491DC8
:10762000064621F0030117460C46D9F8000008F081
:1076300092FB050000D1FFDF4FF000083560A5F890
:1076400000802146D9F8000008F085FB050000D134
:10765000FFDF7560A5F800807FB104FB07F1091D0D
:107660000BD0D9F8000008F076FB040000D1FFDF52
:10767000B460C4F80080BDE8F087C6F80880FAE777
:107680002DE9F0411746491D21F00302194D064628
:1076900001681446286808F089FB2246716828684A
:1076A00008F084FB3FB104FB07F2121D03D0B16860
:1076B000286808F07BFB042008F0ACFC044604209A
:1076C00008F0B0FC201A012804D12868BDE8F04178
:1076D00008F036BBBDE8F08110B50C4605F0EAFBBA
:1076E00000B1FFDF2046BDE81040FDF7C6BF000037
:1076F00038020020140000204FF0E0214FF4004039
:10770000C1F88001BFF34F8FBFF36F8F00F021B836
:1077100010B5044600F01DF8002C09D0124A12489A
:1077200012491432124B012C03D0022C07D0FFDF78
:1077300010BD0224046011604FF0407004E0032487
:10774000046011604FF40000186010BD00B5FFDF49
:1077500000BD054800210160016005494FF06070DF
:10776000091D08607047000000F500404802002035
:1077700004F501402DE9F05FDFF850A44FF0000858
:107780008B4606469AF80940474645469AF80190C6
:1077900008E0284601F00EF8817B407811FB007765
:1077A0006D1CEDB24D45F4D19AF8090020442044F7
:1077B00020440744FF2F01D94FF013083068C01C44
:1077C00020F0030232605BEA080021D1FF48FBB2DF
:1077D000062120300CF0C8F9002408E0062C0FD256
:1077E000DFE804F005030A0A0C05F94800E0F9484F
:1077F0000CF0DAF9054604E0F748F9E7F748F7E74F
:10780000FFDFA54200D0FFDF641CE4B2062CE5D305
:10781000306800EB071030604046BDE8F09F38B597
:107820000C468288817B19B14189914200D90A4670
:107830002280C188121D90B26A4607F081FCBDF813
:107840000000032800D30320C1B2208800F0D1FF3C
:1078500038BD38B50C468288817B19B101899142C7
:1078600000D90A462280C188121D90B26A4607F0EC
:1078700067FCBDF80000022800D30220C1B22088B6
:1078800000F0B7FF401CC0B238BD2DE9FF5F824653
:107890008B46D34814460BF10302D0E90110CDE921
:1078A000021022F0030201A84421019208F035FAE7
:1078B000C64E002C02D1CB49019A8A60019901443D
:1078C0000191B57E05F1010504D1E8B20AF026F96F
:1078D00000B1FFDF019800EB0510C01C20F0030190
:1078E000019144B9727A00200870B08B80B205F023
:1078F00040F900B1FFDF0198F16908440190214689
:1079000001A8FFF737FF80460198C01C20F0030054
:107910000190717A04B1002008F0F5FA0199084449
:107920000190214601A800F06FFFA84800273D46BE
:1079300090F801900CE0284600F03CFF0646817864
:107940008088FDF713FA71786D1C00FB0177EDB2AA
:107950004D45F0D10198C01C20F00300019004B106
:1079600000203946FDF70DFA0199002708440190DF
:1079700096483D4690F801900CE0284600F01AFF2A
:107980000646C1788088FEF77AFB71786D1C00FB93
:107990000177EDB24D45F0D10198C01C20F00300F5
:1079A000019004B100203946FEF772FB01994FF0B7
:1079B00000090844019085484D4647780EE0284666
:1079C00000F0F8FE0646807B30B106F1080002F0B8
:1079D0009DF8727800FB02996D1CEDB2BD42EED1AC
:1079E0000198C01C20F00300019004B100207D49E3
:1079F0004A78494602F08EF80199084401902146E0
:107A000001A800F0B3FE0198C01D20F0070001900E
:107A1000DAF80010814204D3A0EB0B01B1F5803FEE
:107A200004DB4FF00408CAF8000004E0CAF80000C4
:107A3000B8F1000F02D0404604B0EEE674BB6A49CC
:107A40000020019A0CF0FEF9FAF77EFB5F4C207ED5
:107A50000090607E012823D0002318B300225B48E9
:107A600000210C30FBF74AF800B1FFDFE07EFEF7A3
:107A7000BCFE00B1FFDF55484FF4F67200213830EC
:107A800005F081FC51480421383080F8E91180F874
:107A9000EA11062180F8EB11032101710020CBE7E8
:107AA0000123DAE702AADAE770B5484C0646383413
:107AB000207804EB4015E078083598B9A01990F8C3
:107AC000E80100280FD0A0780F2800D3FFDF202284
:107AD0000021284605F057FC687866F302006870BC
:107AE0000120E070284670BD2DE9F04105460C46A6
:107AF00000270078052190463E46B1EB101F00D0CC
:107B0000FFDF287A50B101280ED0FFDFA8F800600F
:107B10000CB1278066800020BDE8F081012709268E
:107B200074B16888A08008E00227142644B16888F0
:107B3000A0802869E060A88A2082287B2072E5E77F
:107B4000A8F80060E7E730B5204C01200021207044
:107B50006170207260726176217621730521A182A5
:107B60001F21E182607321A121610A21A176E076C3
:107B70001C4D4FF4B060E0616868C11C21F0030146
:107B8000814200D0FFDF6868606030BD30B5154CC1
:107B90001568636810339D4202D20420136030BD23
:107BA0000A4B5D785A6802EB051210705170032081
:107BB000D080172090800120D070907000209073AA
:107BC0005878401C58706068103013E0540300204F
:107BD000A11F0000359C0000A9B000000F19010092
:107BE000F8B0010018000020000000206E52463559
:107BF000780000006060002030BD70B50646F8488F
:107C00000024457807E0204600F0D4FD0178B14219
:107C100004D0641CE4B2AC42F5D1002070BDF7B5CD
:107C2000074608780C4610B3FFF7E7FF0546A7F1B3
:107C30002006202F06D0052E19D2DFE806F00F2BE4
:107C40002B151A0000F0C2FD0DB1697800E000218B
:107C5000401AA17880B20844FF2808D8A07830B133
:107C6000A088022824D202E06088172820D20720AA
:107C7000FEBD207AE0B161881729F8D3A1881729C1
:107C8000F5D3A1790029F2D0E1790029EFD040287D
:107C900004D9ECE7242F0BD1207A48B161884FF644
:107CA000FB70814202D8A188814201D90420FEBD27
:107CB00065B9207802AA0121FFF768FF0028F6D1F4
:107CC0002078FFF79AFF050000D1FFDF052E18D2BC
:107CD000DFE806F0030B0E081100A0786870A0889A
:107CE000E8800FE06088A8800CE0A078A87009E028
:107CF000A078E87006E054F8020FA8606068E860B9
:107D000000E0FFDF0020FEBD1A2835D00DDC13286F
:107D100032D2DFE800F01B31203131272723252D17
:107D2000313129313131312F0F00302802D003DCBD
:107D30001E2821D1072070473A3809281CD2DFE8D5
:107D400000F0151B0F1B1B1B1B1B0700002070479F
:107D500043F20400704743F202007047042070476A
:107D60000D2070470F207047082070471120704782
:107D700013207047062070470320704710B5007825
:107D800000F0010007F0D2F9BDE81040BCE710B5E3
:107D9000007800F0010007F0CEF9BDE81040B3E72D
:107DA0000EB5017801F001018DF80010417801F065
:107DB00001018DF801100178C1F340018DF8021026
:107DC0004178C1F340018DF80310017889088DF8DE
:107DD0000410417889088DF8051081788DF8061017
:107DE000C1788DF8071000798DF80800684606F014
:107DF0005DFEFFF789FF0EBD2DE9F84F784CDFF8E7
:107E0000E481383400261FE0012000F048FD012005
:107E1000FFF74AFE054644214746D8F8080007F018
:107E20009AFF686000B9FFDF686806F03BFDA8B103
:107E30002846F9F7F1FD284600F036FD20B9442226
:107E40006968B86807F0B2FF94F9E9010428DBDA41
:107E5000022008F0DFF807460025A6E04422696802
:107E6000D8F8080007F0A2FFF2E7B8F80210404681
:107E7000491C89B2A8F80210B94201D300214180FF
:107E80000221B8F8020008F019F9002865D0B8F806
:107E90000200694607F0C8F8FFF736FF00B1FFDFC0
:107EA0009DF8000078B1B8F8020008F04CFA5FEADB
:107EB000000900D1FFDF484607F0CBFC18B1B8F845
:107EC000020002F0D0F8B8F8020008F02AFA5FEADF
:107ED000000900D1FFDF484607F0B3FCE8BB0321EF
:107EE000B8F8020008F0EAF85FEA000B48D1FFDFBB
:107EF00046E000BFDBF8100010B10078FF2849D041
:107F0000022000F0CCFC0220FFF7CEFD824648465E
:107F100007F0A3FDCAF8040000B9FFDFDAF8040097
:107F200007F06BFE002100900170B8F80210504677
:107F3000AAF8021001F0BAFF484607F060FE00B947
:107F4000FFDF504600F0B0FC18B99AF801000007B6
:107F500004D50099CBF8101012E024E0DBF81000F3
:107F600038B10178491C11F0FF01017008D1FFDF21
:107F700006E000221146484600F0F6FB00B9FFDF9C
:107F800094F9EA01022805DBB8F8020001F055FF78
:107F90000028AFD194F9E901042804DB484607F032
:107FA00092FE00B101266D1CEDB2BD4204D294F9DF
:107FB000EA010228BFF659AF002E7FF423AFBDE8D7
:107FC000F84F032000F06BBC10B5064CE060086869
:107FD0002061AFF2DB1002F0C8FF607010BD00003E
:107FE0005403002018000020F74800210170F748D2
:107FF0000170F7494160704770B505464FF08050F9
:108000000C46D0F8A410491C05D1D0F8A810C943DB
:108010000904090C0BD050F8A01F01F001012970D0
:10802000416821608068A080287830B970BD062141
:1080300020460BF08CFB01202870607940F0C000D6
:10804000607170BD70B54FF080540D46D4F880104B
:10805000491C0BD1D4F88410491C07D1D4F88810DE
:10806000491C03D1D4F88C10491C0CD0D4F88010D2
:108070000160D4F884104160D4F888108160D4F88D
:108080008C10C16002E010210BF061FBD4F890006D
:10809000401C0BD1D4F89400401C07D1D4F89800B0
:1080A000401C03D1D4F89C00401C09D054F8900F18
:1080B000286060686860A068A860E068E86070BDDB
:1080C0002846BDE8704010210BF041BBBE48383057
:1080D0000079E9E470B5BC4C3834E07830B32078EE
:1080E00004EB4010407A00F00700204490F9E801CA
:1080F000002800DCFFDF2078002504EB4010407AE8
:1081000000F00700011991F8E801401E81F8E8012C
:108110002078401CC0B220700F2800D12570A078B4
:10812000401CA0700BF09CF9E57070BDFFDF70BDC6
:108130003EB50546032107F0C1FF0446284608F076
:10814000F0F8054604B9FFDF206918B10078FF2870
:1081500000D1FFDF01AA6946284600F005FB60B99F
:10816000FFDF0AE0002202A9284600F0FDFA00B96C
:10817000FFDF9DF8080000B1FFDF9DF80000411E01
:108180008DF80010EED220690199884201D10020BB
:1081900020613EBD70B50546A0F57F400C46FF3816
:1081A00000D1FFDF012C01D0FFDF70BDFFF78EFF94
:1081B000040000D1FFDF207820F00F00401D20F0E8
:1081C000F000503020706580002020720120207364
:1081D000BDE870407EE72DE9F04116460D460746A2
:1081E000FFF774FF040000D1FFDF207820F00F00BC
:1081F000401D20F0F0005030207067800120207278
:1082000028682061A888A0822673BDE8F04161E754
:108210007FB5FFF7F2FC040000D1FFDF02A9204682
:10822000FFF7FDFA054603A92046FFF712FB8DF87C
:1082300000508DF80100BDF80800001DADF80200E7
:10824000BDF80C00001DADF80400E088ADF8060094
:10825000684606F053FF002800D0FFDF7FBD2DE900
:10826000F05F5A4E8146307810B10820BDE8F09F8B
:108270004846F9F706F808B11020F7E7524C207885
:1082800008B9FFF760FC647A4D4600F09FFAA042FF
:1082900007D2201AC1B22A460020FFF777FC002837
:1082A000E4D171684848C91C002721F003017160BE
:1082B000B3463E463D46BA463C4690F801800AE049
:1082C000204600F077FA4178807B0E4410FB015580
:1082D000641CE4B27F1C4445F2D10AEB870000EB3A
:1082E000C600DBF8041000EB850045185C4601224F
:1082F00029464846FFF7C9FA060013D00020FFF7C9
:108300007CFC05000CD005F11300616820F003002F
:10831000884200D0FFDF2C484178491E41706560DB
:108320003046A3E7002229464846FFF7AEFA00B1DF
:10833000FFDFD9F8000060604FF6FF706080012019
:108340002070002092E72DE9F04104461F481746AF
:108350000E46007810B10820BDE8F0810846F8F715
:108360006AFF08B11020F7E7174D287808B9FFF722
:10837000EAFB601E1E2807D8012C22D13078FE2887
:108380001FD8A8760020E7E7A4F120001F2805D811
:10839000E0B23A463146BDE8F04140E4A4F1400085
:1083A0001F2805D831462046BDE8F04100F0A2BAAA
:1083B000A4F1A0001F2804D80020A02C0AD0A12CD2
:1083C0000DD00720C8E7000054030020180000204B
:1083D00048100020317801F00101E976BCE73168EE
:1083E0000922F82901D38B0701D01046B4E76B7B33
:1083F00003F00303012B04D1EB8AD7339CB28C42E8
:10840000F3D8E961A8E72DE9F04781460E46084612
:10841000F8F737FF48B94846F8F751FF28B909F18E
:10842000030020F00301494502D01020BDE8F08789
:10843000FC484FF0000A817869B14178804600EB32
:1084400041140834378832460021204600F039FABA
:10845000050004D027E0A6F800A00520E6E7B9F162
:10846000000F24D03088B84201D90C251FE0607875
:1084700000F00705284600F012FA08EB050732461F
:1084800097F8E8014946401C87F8E801204607F5BF
:10849000F47700F016FA05463878401E387003204D
:1084A00000F0FDF92DB10C2D01D0A6F800A0284652
:1084B000BCE76078DC4E00F00701012923D00229D7
:1084C0000CD0032933D0FFDF98F801104046491C37
:1084D000C9B288F801100F2934D035E0616821B1A4
:1084E000000702D46088FFF723FE98F8EA014746A8
:1084F000012802D1707802F057FD97F9EA010428AB
:10850000E2DBFFDFE0E7616819B14422B06807F001
:108510004DFC98F8E9014746032802D1707802F033
:1085200043FD97F9E9010428CEDBFFDFCCE7C00665
:1085300002D56088FFF7FCFD98F9EB010628C3DB44
:10854000FFDFC1E780F801A08178491E8170617862
:1085500001F0070101EB080090F8E811491C80F8D0
:10856000E811A4E770B50D460446F8F764FE18B9A3
:108570002846F8F786FE08B1102070BD294620462F
:10858000BDE8704009F002BB70B5054609F021FB5B
:10859000C4B22846F8F793FE08B1102070BD35B17B
:1085A00028782C7018B1A04201D0072070BD204659
:1085B000FDF7D2FD052805D109F00FFB012801D0F8
:1085C000002070BD0F2070BD70B5044615460E46E4
:1085D0000846F8F730FE18B92846F8F752FE08B1F9
:1085E000102070BD022C03D0102C01D0092070BDCA
:1085F0002A463146204609F0F9FA0028F7D005202E
:1086000070BD70B514460D460646F8F714FE38B92D
:108610002846F8F736FE18B92046F8F750FE08B19C
:10862000102070BD22462946304609F0FEFA002887
:10863000F7D0072070BD3EB50446F8F722FE08B11A
:1086400010203EBD684606F0C0F9FFF75DFB00282C
:10865000F7D19DF806002070BDF808006080BDF8D5
:108660000A00A08000203EBD70B505460C460846B5
:10867000F8F725FE20B93CB12068F8F702FE08B1F2
:10868000102070BDA08828B121462846BDE8704062
:10869000FDF7BABD092070BD70B505460C46084609
:1086A000F8F7C9FD30B9681E1E2814D82046F8F71F
:1086B000C2FD08B1102070BD032D01D9072070BD87
:1086C00005B9FFDF594800EB850050F8041C20462F
:1086D000BDE870400847A5F120001F2805D82146B5
:1086E0002846BDE87040F9F7C1BCF02D0AD0BF2D77
:1086F000E4D1A078218800F0010001F08DFA68B182
:10870000002070BDA068F8F796FD0028D2D1204661
:1087100006F04CFDBDE87040FFF7F6BA082070BDCA
:1087200070B504460D460846F8F7ABFD30B9601E3B
:108730001E280FD82846F8F77EFD08B1102070BD1E
:10874000012C03D0022C01D0032C01D1062070BDD6
:10875000072070BDA4F120001F28F9D82946204623
:10876000BDE87040F9F7D0BC07F03AB81CB5002955
:108770001FD104F02AFE2C4800224178C06805F081
:108780001DFF29481030C0788DF8000010B1012875
:1087900002D004E0012000E000208DF800006846CF
:1087A00006F06BF9214824380068019001A806F012
:1087B000BFFA1CBD30B51B4D0446383D6878A04259
:1087C00000D8FFDF686800EB041030BD70B51548B5
:1087D000002538382C46467807E02046FFF7EAFFA8
:1087E0004078641C2844C5B2E4B2B442F5D12846AE
:1087F00070BD021D5143452900D245210844C01CCB
:10880000B0FBF2F0C0B270472DE9FC5F06460548A8
:108810004FF0000838388B464746444690F80190A0
:1088200029E000008C030020180000201CB101008A
:108830002046FFF7BFFF050000D1FFDF68786946DB
:108840003844C7B22846FEF7EAFF824601A9284607
:10885000FEF7FFFF0346BDF804005246001D81B23B
:10886000BDF80000001D80B207F0A6FC6A78641C09
:1088700000FB0288E4B24C45DAD13068C01C20F01D
:1088800003003060BBF1000F00D0002042463946A3
:1088900007F0A0FC316808443060BDE8FC9F5649F1
:1088A00008710020C87070475349CA782AB10A7805
:1088B00001EB42110831814201D0012070470020B4
:1088C00070472DE9F04106460078154600F00F0488
:1088D00000201080601E0F46052800D3FFDF4748A8
:1088E0002A4600EB8400394650F8043C3046BDE887
:1088F000F04118472DE9F0413F4E0C46383E4028E4
:1089000006D041281AD0422822D0432826D11AE086
:1089100020786578012801D913201DE5FF2D08D89E
:1089200009F0F4FA07460AF053FD381A401EA8422F
:1089300001DA122010E5208830810DE0BDE8F04119
:10894000084600F00DB80878022807D8307603E012
:108950000878022802D870760020FDE40720FBE4A6
:1089600038B50446407800F00300012803D00228FF
:108970000BD0072038BD606858B1F8F7A9FCD0B912
:108980006068F8F79CFC20B915E06068F8F753FCC4
:1089900088B969462046FBF77FF90028EAD160785C
:1089A00000F00300022808D19DF8000028B160689B
:1089B000F8F785FC08B1102038BD6189F8290ED878
:1089C000208988420BD8607800F003020A483838C2
:1089D000012A06D1D731C26989B28A4201D209205F
:1089E00038BD94E80E0000F10C0585E80E000AB9C8
:1089F00000218182002038BD8C03002004B10100D9
:108A00002DE9F041074614468846084601F024FD4A
:108A1000064608EB88001C22796802EBC0000D189E
:108A2000688C58B14146384601F025FD014678680A
:108A30000078C200082305F120000CE0E88CA8B102
:108A40004146384601F01EFD01467868082340780B
:108A5000C20005F1240007F000FA38B106212172A6
:108A60006681D0E90010C4E9031009E028780928DC
:108A70000BD00520207266816868E06000202870B5
:108A80002046BDE8F04101F0C8BC07202072668195
:108A9000F4E72DE9F04116460D460746406801EB24
:108AA00085011C2202EBC1014418204601F00CFD97
:108AB00040B10021708865F30F2160F31F4105204C
:108AC0000BF02CF909202070324629463846BDE8C3
:108AD000F04195E72DE9F0410E46074600241C21A0
:108AE000F07816E004EB8403726801EBC303D25CF8
:108AF0006AB1FFF7EBFA050000D1FFDF6F802A466D
:108B000021463046FFF7C5FF0120BDE8F081641C17
:108B1000E4B2A042E6D80020F7E770B5064600248C
:108B20001C21C0780AE000BF04EB8403726801EBEB
:108B3000C303D5182A782AB1641CE4B2A042F3D842
:108B4000402070BD28220021284604F01CFC7068DB
:108B500080892881204670BD70B5034600201C2501
:108B6000DC780CE000EB80065A6805EBC606324460
:108B7000167816B1128A8A4204D0401CC0B28442D0
:108B8000F0D8402070BDF0B5044600201C26E578E2
:108B90000EE000BF00EB8007636806EBC7073B44AD
:108BA0001F788F4202D15B78934204D0401CC0B240
:108BB0008542EFD84020F0BD0078032801D0002086
:108BC0007047012070470078022801D000207047CC
:108BD000012070470078072801D00020704701204D
:108BE00070472DE9F041064688461078F178154621
:108BF000884200D3FFDF2C781C27641CF078E4B295
:108C0000A04201D8201AC4B204EB8401706807EBBB
:108C1000C1010844017821B14146884708B12C7050
:108C200073E72878A042E8D1402028706DE770B53E
:108C300014460B880122A240134207D113430B8034
:108C400001230A22011D07F0D2F8047070BD2DE93E
:108C5000FF4F81B00878DDE90E7B9A4691460E46BB
:108C600040072CD4019807F06EFB040000D1FFDF11
:108C700007F1040820461FFA88F106F0BDFC050044
:108C800000D1FFDF204629466A4606F008FF00981B
:108C9000A0F80370A0F805A0284606F0AEFF017802
:108CA00069F306016BF3C711017020461FFA88F1C2
:108CB00006F0E5FC00B9FFDF019805F027FC06EBA4
:108CC0000900017F491C017705B0BDE8F08F2DE94F
:108CD000F84F0E469A4691460746032107F0EEF9F3
:108CE0000446008DDFF87C85002518B198F8000057
:108CF000B0421ED1384607F026FB070000D1FFDF47
:108D000009F10401384689B206F076FC050010D05E
:108D1000384629466A4606F0C2FE009800210A46F7
:108D20000180817005F067FC0098C01DCAF8000042
:108D300021E098F80000B04216D104F1260734F87B
:108D4000341F012000FA06F911EA090F00D0FFDFF5
:108D50002088012340EA090020800A22391D384674
:108D600007F060F8067006E0324604F1340104F1C1
:108D70002600FFF75CFF0A2188F800102846BDE8AE
:108D8000F88FFEB515460C46064602AB0C220621AE
:108D9000FFF79DFF002827D00299607812220A7001
:108DA000801C487008224A80A070029829880523F8
:108DB00081806988C180A9880181E9884181002575
:108DC0000C20CDE90005062221463046FFF73FFF83
:108DD0002946002266F31F41F02310460AF0F4FEF4
:108DE0006078801C60700120FEBD2DE9FE430C46BA
:108DF000804644E002AB0E2207214046FFF767FFA2
:108E0000002841D060681C2267788678BF1C06EB7A
:108E1000860102EBC10145180298142101704770C8
:108E20000A214180698A0181E98A4181A98881807A
:108E3000A9898181304601F00FFB029905230722A1
:108E4000C8806F700420287000250E20CDE9000531
:108E500021464046FFF7FBFE294666F30F2168F3E3
:108E60001F41F023002205200AF0AEFE6078FE4983
:108E7000801C607062682046921CFFF7B2FE60683A
:108E800080784028B6D10120BDE8FE83FEB50D46AE
:108E9000064638E002AB0E2207213046FFF717FFE7
:108EA000002835D068681C23C17801EB810203EBF0
:108EB000C2028418029815220270627842700A2257
:108EC0004280A2894281A2888281084601F0C4FAC8
:108ED000014602988180618AC180E18A0181A0886F
:108EE000B8B10020207000210E20CDE9000105233B
:108EF000072229463046FFF7AAFE6A68DB49284662
:108F0000D21CFFF76EFE6868C0784028C2D10120ED
:108F1000FEBD0620E6E72DE9FE430C46814644E00F
:108F2000204601F0BBFAD0B302AB08220721484625
:108F3000FFF7CDFE0028A7D060681C22657806796F
:108F4000AD1C06EB860102EBC10147180298B7F889
:108F5000108006210170457004214180304601F0E7
:108F60007BFA0146029805230722C180A0F80480FD
:108F70007D70082038700025CDE90005214648465F
:108F8000FFF765FE294666F30F2169F31F41F023C1
:108F9000002205200AF018FE6078801C607062686C
:108FA000B3492046121DFFF71CFE60680179402975
:108FB000B6D1012068E72DE9F34F83B00D4691E06B
:108FC000284601F06BFA00287ED068681C2290F8D1
:108FD00006A00AEB8A0102EBC1014418514628465B
:108FE00001F050FAA178CB0069684978CA000146BF
:108FF00004F1240006F04DFF07468188E08B4FF016
:109000000009091A8EB208B1C84607E04FF00108FE
:10901000504601F00CFA08B9B61CB6B2208BB0422B
:1090200000D80646B34602AB324607210398FFF745
:109030004EFE060007D0B8F1000F0BD0504601F0ED
:10904000F6F910B106E000203EE60299B8884FF02C
:10905000020908800196E28B3968ABEB09001FFA20
:1090600080F80A4403984E46009207F06CF9DDE957
:109070000021F61D4346009606F08BFDE08B404430
:1090800080B2E083B988884201D1012600E0002641
:10909000CDE900B6238A072229460398FFF7D7FDBA
:1090A000504601F0C4F910B9E089401EE0815EB17C
:1090B000A078401CA0706868E978427811FB02F142
:1090C000CAB20123816900E006E00E3006F08FFE8F
:1090D00080F800A00020E0836A6866492846921D57
:1090E000FFF77FFD6868817940297FF469AF01202F
:1090F000EAE570B5064648680D4614468179402970
:1091000010D104EB84011C2202EBC101084401F0E0
:10911000FCF9002806D06868294684713046BDE80D
:10912000704048E770BDFEB50C460746002645E096
:10913000204601F0B3F9D8B360681C22417901EBF5
:10914000810102EBC1014518688900B9FFDF02AB5C
:10915000082207213846FFF7BAFD002833D00299CC
:10916000607816220A70801C48700420488060686D
:10917000407901F071F901460298052307228180A8
:109180006989C1800820CDE9000621463846FFF7ED
:109190005EFD6078801C6070A88969890844B0F51C
:1091A000803F00D3FFDFA88969890844A8816E81C8
:1091B000626831492046521DFFF713FD606841790E
:1091C0004029B5D10120FEBD30B5438C458BC3F39A
:1091D000C704002345B1838B641EED1AC38A6D1E3C
:1091E0001D4495FBF3F3E4B22CB1008918B1A04201
:1091F00000D8204603444FF6FF70834200D3034655
:1092000013800C7030BD2DE9FC41074616460D4613
:10921000486802EB86011C2202EBC10144186A4631
:1092200001A92046FFF7D0FFA089618901448AB2D5
:10923000BDF80010914212D0081A00D500206081BC
:109240006868407940280AD1204601F054F9002886
:1092500005D06868294646713846FFF764FFBDE8C7
:10926000FC8100002C000020B98B0000C78B00009F
:10927000D58B00000BA50000F7A400002DE9FE4FE0
:109280000F46814615465088032106F017FF0190CE
:10929000B9F8020001F0D3F882460146019801F0C6
:1092A000FDF8002824D001981C2241680AEB8A00AE
:1092B00002EBC0000C18204601F006F9002817D177
:1092C000B9F80000E18A88420ED8A18961B1B8429C
:1092D0000ED100265146019801F0CDF8218C01EB0A
:1092E0000008608B30B114E0504601F0A0F8A0B344
:1092F000BDE8FE8F504601F09AF808B1678308E098
:10930000022FF5D3B9F804006083618A884224D81B
:109310000226B81B87B2B8F80400A28B801A002876
:1093200014DD874200DA38461FFA80FB68886968D6
:109330000291D8F800100A44009206F0F2FFF61DE0
:10934000009A5B460299009606F0EFFBA08B38442A
:1093500080B2A083618B884207D96888019903B0E5
:109360005246BDE8F04F01F0EDB81FD14FF00900B3
:109370002872B9F802006881D8E90010C5E9041024
:10938000608BA881284601F048F85146019801F009
:1093900072F801460198082340680078C20004F181
:1093A000200006F05AFD0020A0836083504601F0A3
:1093B0003EF810B9A089401EA0816888019903B0C9
:1093C0000AF0FF02BDE8F04F1DE72DE9F041064627
:1093D00015460F461C461846F7F72DFF18B92068AA
:1093E000F7F74FFF08B110201AE47168688C09780C
:1093F000B0EBC10F01D3132012E43946304601F01F
:109400003AF80146706808230078C20005F1200090
:1094100006F0EDFCD4E90012C0E90012002005E4DA
:1094200010B50446032106F049FE014600F114027E
:109430002046BDE81040A4E470B50446032106F0C0
:109440003DFE054601462046FFF765FD002816D083
:1094500029462046FFF767FE002810D029462046FF
:10946000FFF714FD00280AD029462046FFF7BDFC6F
:10947000002804D029462046BDE870409BE570BD19
:109480002DE9F0410C4680461EE0E178427811FB60
:1094900002F1CAB2816901230E3006F0DEFC0778C2
:1094A00060681C22C179491EC17107EB87016068A1
:1094B00002EBC10146183946204600F0EFFF18B113
:1094C000304600F0FAFF20B16068C1790029DCD194
:1094D0008AE7FEF7FBFD050000D1FFDF0A202872B6
:1094E000384600F0B9FF68813946204600F0CAFFCF
:1094F0000146606808234078C20006F1240006F0A7
:10950000ACFCD0E90010C5E90310A5F8028028469C
:1095100000F083FFB07800B9FFDFB078401EB07074
:1095200062E770B50C460546032106F0C7FD01460B
:109530004068C2792244C2712846BDE870409FE766
:109540002DE9FE4F8246507814460F464FF0000832
:10955000002850D0012807D0022822D0FFDF206841
:10956000B8606068F860C3E602AB0E22082150467E
:10957000FFF7ADFB0028F2D00298152105230170FA
:10958000217841700A214180C0F80480C0F8088029
:10959000A0F80C80628882810E20CDE900080822A4
:1095A00021E0A678304600F057FF054606EB86011D
:1095B0002C22786802EBC1010822465A02AB114600
:1095C0005046FFF784FB0028C9D00298072101709C
:1095D000217841700421418008218580C680CDE931
:1095E000001805230A4639464FEA0A00FFF72FFB09
:1095F00087F808807CE6A678022516B1022E13D0E3
:10960000FFDF2A1D914602AB08215046FFF75FFBA2
:109610000028A4D002980121022E01702178417007
:109620004580868002D005E00625EAE7A188C18052
:10963000E1880181CDE9009805230822394650468A
:10964000D4E710B50446032106F038FD014600F1C9
:1096500008022046BDE8104072E72DE9F04F0F46A2
:10966000054687B014465088032106F027FD4FF0C9
:1096700000088DF808800646ADF80A80042F5CD3F8
:109680006A78002A59D028784FF6FF794FF01C0AE3
:10969000132815D006DC01286FD006282BD0072808
:1096A00006D16EE0142869D0152868D0162867D036
:1096B000CDF80080CDF8048068788DF8000037E0A0
:1096C000B078904239D13078010736D5062F34D1A1
:1096D00020F0080030706088414660F31F41002090
:1096E0000AF01CFB02208DF80800ADF80C90A88849
:1096F000ADF80E00F4E0082F1FD1A888EF8881464E
:1097000000F09DFE80460146304600F0C7FE18B1CD
:10971000404600F08CFE98B1FA48D0E90010CDE93F
:1097200000106878ADF804908DF80000ADF8067070
:1097300060886A463146FFF703FF07B0BDE8F08F47
:10974000716808EB88002C2202EBC000085AB8426E
:10975000F3D1EC486A46D0E90210CDE900106878F0
:109760008DF8000008F0FF058DF802506088314642
:10977000FFF7E6FE2246294623E097E025E0CEE00B
:1097800023E1082FD9D1B5F80480E88800F057FE0E
:1097900007460146304600F081FE0028CDD007EB99
:1097A000870271680AEBC2000844028A4245C4D1AC
:1097B00001780829C1D1407869788842BDD1F9B2D1
:1097C00022463046FFF765F9B7E70E2F7FF470AFFA
:1097D000E9886F898B46B5F808903046FFF7BCF9E9
:1097E000ABF14001402901D3092048E0B9F1170F3E
:1097F00001D3172F01D20B2041E040280ED000EBFF
:10980000800271680AEBC20008440178012903D183
:1098100040786978884290D00A2030E03046FFF7DF
:109820007CF940282AD000EB800372680AEBC30160
:1098300002EB0108012288F800206A7888F80120EC
:109840007168AA884989B94200D93946AD8903238C
:109850002372A282E7812182A4F80C90658200F035
:10986000FBFD6081A8F81490A8F81870A8F80E50B5
:10987000A8F810B0204600F0D0FD5EE704200521D6
:109880002172A4F80A80E081012121739D49D1E968
:109890000421CDE9002169788DF80010ADF80200AF
:1098A00060886A463146FFF74BFEE3E7062F8BD30D
:1098B000B07890421AD13078010717D520F008000F
:1098C00030706088414660F31F4100200AF026FA9C
:1098D00002208DF80800A888ADF80C00ADF80E90B5
:1098E0006088224602A9F8F785FB26E70421304666
:1098F000FFF749F905464028BFD0022083030090B6
:1099000022462946304600F0E6FD4146608865F370
:109910000F2160F31F4105200AF000FA0DE70E2F1A
:10992000ABD104213046FFF72EF981464028A4D060
:109930004146608869F30F2160F31F4105200AF05A
:10994000EDF9A88906906889009070682F89408990
:10995000B84200D938468346B5F80680A8880190F9
:10996000484600F079FD6081069818B10220009009
:10997000069B24E0B8F1170F1ED3172F1CD3042029
:10998000207200986082E781A4F810B0A4F80C80DF
:1099900009EB890271680AEBC2000D18DDE90002CB
:1099A000A5F81480A5F818B0E8812A82204600F0B6
:1099B00034FD06202870C0E601200B2300902246CB
:1099C0004946304600F087FDB7E6082F8DD1A988BB
:1099D0003046FFF7C1F80746402886D000F027FD43
:1099E00000289BD107EB870271680AEBC20008448C
:1099F000804600F069FD002890D1ED88B8F80E008F
:109A00002844B0F5803F05D360883A46314600F0DF
:109A100099FD92E6002DCED0A8F80E0060883A4657
:109A20003146FFF766FB08202072384600F014FD2F
:109A30006081A5811EE72DE9F05F0C4601281ED04C
:109A4000957992F80480567905EB85011F2202EB87
:109A5000C10121F0030B08EB060111FB05F14FF6E4
:109A6000FF7202EAC10909F1030115FB0611264F35
:109A700021F0031ABB6840B101283ED125E061689E
:109A8000E57891F800804E78DEE75946184606F0F2
:109A900062F9606000B9FFDF5A460021606803F098
:109AA00072FCE5705146B86806F055F96168486186
:109AB00000B9FFDF6068426902EB090181616068FB
:109AC00080F800806068467017E06068524641691F
:109AD000184606F06BF95A466168B86806F066F9F0
:109AE000032006F097FA0446032006F09BFA201A9A
:109AF000012802D1B86806F023F90BEB0A00BDE893
:109B0000F09F000028B101002C0000200246002137
:109B1000022090E7F7B5FF4C0A2016462070009807
:109B200060B100254FEA0D0006F0F7F80021A170A2
:109B30006670002D01D10099A160FEBD01250020B5
:109B4000F2E770B50C46154638220021204603F096
:109B50001AFC012666700A22002104F11C0003F0A1
:109B600012FC05B9FFDF297A207861F3010020702B
:109B7000A87900282DD02A4621460020FFF75BFF58
:109B800061684020E34A88706168C8706168087144
:109B900061684871616888716168288808816168B6
:109BA00068884881606886819078002811D0616853
:109BB0000620087761682888C885616828884886F3
:109BC0006068068560686988928801868186468516
:109BD000828570BDC878002802D0002201202AE7C3
:109BE000704770B50546002165F31F4100200AF05B
:109BF00095F80321284606F061FA040000D1FFDF42
:109C000021462846FEF766FF002804D0207840F061
:109C100010002070012070BD70B505460C46032071
:109C200006F0EAF908B1002070BDBA48857084805A
:109C3000012070BD2DE9FF4180460E460F0CFEF756
:109C400045FA050007D06F800321384606F036FA42
:109C5000040008D106E004B03846BDE8F041132105
:109C6000F8F79EBDFFDF5FEA080005D0B8F1050FE9
:109C700018D0FFDFBDE8FF8120782A4620F00800D9
:109C800020700020ADF8020002208DF800004FF691
:109C9000FF70ADF80400ADF8060069463846F8F7E5
:109CA000A9F9E7E7C6F3072101EB81021C236068ED
:109CB00003EBC202805C042803D008280AD0FFDF2F
:109CC000D8E7012000904FF440432A46204600F098
:109CD00002FCCFE704B02A462046BDE8F041FEF77B
:109CE000D8BE2DE9F05F05464089002790460C4616
:109CF0003E46824600F0A3FB8146287AC01E082813
:109D00006BD2DFE800F00D04192058363C4772276B
:109D10001026002C6CD0D5E90301C4E902015CE0F7
:109D200070271226002C63D00A2205F10C0104F1E1
:109D3000080003F0FEFA50E071270C26002C57D0E3
:109D4000E868A06049E0742710269CB3D5E90301B8
:109D5000C4E902016888032106F0B0F98346FEF7E2
:109D6000B5F902466888508049465846FEF748FED5
:109D700033E075270A26ECB1A88920812DE07627EB
:109D80001426BCB105F10C0004F1080307C883E8F0
:109D9000070022E07727102664B1D5E90301C4E962
:109DA00002016888032106F089F901466888FFF7F7
:109DB00067FB12E01CE073270826CCB168880321FA
:109DC00006F07CF901460078C00606D56888FEF7E3
:109DD00081FE10B96888F7F703FEA8F800602CB17F
:109DE0002780A4F806A066806888A080002086E608
:109DF000A8F80060FAE72DE9FC410C461E4617461C
:109E00008046032106F05AF905460A2C0AD2DFE8FB
:109E100004F005050505050509090907042303E004
:109E2000062301E0FFDF0023CDE900762246294624
:109E30004046FEF70CFFBDE8FC81F8B50546A0F5ED
:109E40007F40FF382BD0284606F06BFA040000D183
:109E5000FFDF204605F001FE002821D001466A46BA
:109E6000204605F01CFE00980321B0F80560284646
:109E700006F024F90446052E13D0304600F0DFFA30
:109E800005460146204600F009FB40B1606805EB3D
:109E900085013E2202EBC101405A002800D001207A
:109EA000F8BD007A0028FAD00020F8BDF8B50446C5
:109EB000408806F036FA050000D1FFDF6A462846E2
:109EC000616800F0A8FA01460098091F8BB230F8CB
:109ED000032F0280428842800188994205D1042ADA
:109EE00008D0052A20D0062A16D022461946FFF7A8
:109EF000C5F9F8BD001D0E4605460146224630460E
:109F0000FBF763F90828F4D1224629463046FCF7CE
:109F1000C2F9F8BD2C000020636864880A46011D60
:109F20002046F9F7C5FBF4E72246001DFFF795FB35
:109F3000EFE770B50D460646032106F0BFF80400B2
:109F400004D02078000704D5112070BD43F2020030
:109F500070BD2A4621463046FEF713FF18B928681F
:109F600060616868A061207840F0080020700020DF
:109F700070BD2DE9F04F0E4691B08046032106F0EA
:109F80009DF80446404606F0DEF90746002007909B
:109F900008900990ADF830000A9002900390049068
:109FA00004B9FFDF0DF10809FFB9FFDF1DE03846F6
:109FB0000BA9002205F014FC9DF82C0000F07F0591
:109FC0000A2D00D3FFDF6019017F491E01779DF83C
:109FD0002C00000609D52A460CA907A8FEF727FE83
:109FE00019F80510491C09F80510761EF6B2DED2E4
:109FF00004F13400F84D04F1260BDFF8E0A304F17E
:10A000002A07069010E05846069900F08DFA064699
:10A0100028700A2800D3FFDF5AF8261040468847E8
:10A02000E08CC05DB04202D0208D0028EBD10A2028
:10A030002870EA4D4E4628350EE00CA907A800F01E
:10A0400073FA0446375D55F8240000B9FFDF55F870
:10A050002420394640469047BDF81E000028ECD128
:10A0600011B0BDE8F08F10B5032106F027F8040009
:10A0700000D1FFDF0A22002104F11C0003F083F964
:10A08000207840F00400207010BD10B50C4603216C
:10A0900006F014F82044007F002800D0012010BDF5
:10A0A0002DE9F84F894615468246032106F006F849
:10A0B000070004D02846F7F7BEF840B903E043F2A2
:10A0C0000200BDE8F88F4846F7F7DBF808B110202A
:10A0D000F7E7786828B169880089814201D90920A9
:10A0E000EFE7B9F800001C2488B100F0A8F9804619
:10A0F0000146384600F0D2F988B108EB880079684B
:10A1000004EBC000085C01280BD00820D9E73846D2
:10A11000FEF703FD8046402807D11320D1E7052034
:10A12000CFE7FDF7D3FF06000BD008EB8800796876
:10A1300004EBC0000C18B9F8000020B1E88910B198
:10A1400013E01120BDE72888172802D36888172854
:10A1500001D20720B5E7686838B12B1D2246414679
:10A160003846FFF732F90028ABD104F10C026946FA
:10A170002046FFF729F8288860826888E082B9F8CD
:10A18000000030B102202070E889A080E889A0B1E9
:10A190002BE003202070A889A0807868817840296E
:10A1A00005D180F8028039465046FEF71EFE404633
:10A1B00000F052F9A9F8000021E07868218B40896D
:10A1C000884200D908462083A6F802A004203072F5
:10A1D000B9F800007081E0897082F181208B3082B3
:10A1E000A08AB081304600F018F97868C17840291B
:10A1F00005D180F8038039465046FEF747FE00201F
:10A200005FE770B50D460646032105F057FF0400D1
:10A210000ED0284600F013F905460146204600F00E
:10A220003DF918B1284600F002F920B1052070BDB3
:10A2300043F2020070BD05EB85011C22606802EB51
:10A24000C101084400F040F908B1082070BD2A4659
:10A250002146304600F076F9002070BD2DE9F0412E
:10A260000C4617468046032105F028FF0546204688
:10A2700000F0E5F8044695B10146284600F00EF9D5
:10A2800080B104EB84011C22686802EBC10146180E
:10A29000304600F019F938B10820BDE8F08143F2EA
:10A2A0000200FAE70520F8E73B46324621462846F9
:10A2B000FFF78BF80028F0D1E2B229464046FEF7BE
:10A2C000A2FF708C0838082803D24348407800F079
:10A2D0006BFE0020E1E72DE9F0410D461746804670
:10A2E000032105F0EBFE0446284600F0A8F80646D8
:10A2F00024B13846F6F79FFF38B902E043F2020076
:10A30000CBE73868F6F797FF08B11020C5E731466C
:10A31000204600F0C3F860B106EB86011C2260689D
:10A3200002EBC1014518284600F0CEF818B108200C
:10A33000B3E70520B1E7B888A98A884201D90C2083
:10A34000ABE76168E88C4978B0EBC10F01D313200B
:10A35000A3E73146204600F095F8014660680823DF
:10A360004078C20005F1240005F041FDD7E9001254
:10A37000C0E90012F2B221464046FEF7BAFE0020C4
:10A380008BE72DE9F0470D461F4690468146032195
:10A3900005F094FE0446284600F051F806463CB10C
:10A3A0004DB13846F6F78BFF50B11020BDE8F0876D
:10A3B00043F20200FAE7606858B1A0F80C8028E088
:10A3C0003146204600F06AF818B1304600F02FF808
:10A3D00030B10520EAE700002C00002040B1010068
:10A3E00006EB86011C22606802EBC1014518284675
:10A3F00000F06AF808B10820D8E7A5F80880F2B2A2
:10A4000021464846FEF7FFFE1FB1A8896989084426
:10A4100038800020CAE705F042BB017821F00F0127
:10A42000491C21F0F00110310170FDF753BE20B935
:10A430004E48807808B101207047002070474B4992
:10A440008988884201D100207047402801D24020ED
:10A4500000E0403880B2704710B50446402800D96B
:10A46000FFDF2046FFF7E3FF10B14048808810BDB2
:10A470004034A0B210BD406842690078484302EB06
:10A48000C0007047C2784068037812FB03F243783B
:10A49000406901FB032100EBC1007047C2788A428A
:10A4A00009D9406801EB81011C2202EBC101405C2B
:10A4B00008B101207047002070470078062801D9B4
:10A4C00001207047002070470078062801D0012045
:10A4D000704700207047F0B401EB81061C274468E8
:10A4E00007EBC6063444049D05262670E3802571DB
:10A4F000F0BCFEF785BA10B5418911B1FFF7DDFF59
:10A5000008B1002010BD012010BD10B5C18C8278AB
:10A51000B1EBC20F04D9C18911B1FFF7CEFF08B169
:10A52000002010BD012010BD10B50C4601230A22E9
:10A53000011D05F092FC00782188012282409143A0
:10A54000218010BDF0B402EB82051C264C6806EB9E
:10A55000C505072363554B681C79402C03D11A713C
:10A56000F0BCFEF7D8BCF0BC704700002C00002007
:10A5700070B50B2000F0BDF9082000F0BAF90021F9
:10A580000B2000F0D4F90021082000F0D0F9F44CA1
:10A5900001256560A5600020C4F84001C4F84401AD
:10A5A000C4F848010B2000F0B5F9082000F0B2F91A
:10A5B0000B2000F091F9256070BD10B50B2000F064
:10A5C00098F9082000F095F9E54801214160816083
:10A5D000E4490A68002AFCD10021C0F84011C0F803
:10A5E0004411C0F848110B2000F094F9BDE8104068
:10A5F000082000F08FB910B50B2000F08BF9BDE8F2
:10A600001040082000F086B900B530B1012806D00E
:10A61000022806D0FFDF002000BDD34800BDD3488C
:10A6200000BDD248001D00BD70B5D1494FF00040BB
:10A630000860D04DC00BC5F80803CF480024046063
:10A64000C5F840410820C43500F053F9C5F83C4135
:10A65000CA48047070BD08B5C14A002128B101285C
:10A6600011D002281CD0FFDF08BD4FF48030C2F8A3
:10A670000803C2F84803BB483C300160C2F84011EF
:10A68000BDE80840D0E74FF40030C2F80803C2F834
:10A690004803B44840300160C2F84411B3480CE0AC
:10A6A0004FF48020C2F80803C2F84803AD48443094
:10A6B0000160C2F84811AD48001D0068009008BD57
:10A6C00070B516460D460446022800D9FFDF002269
:10A6D000A348012304F110018B4000EB8401C1F871
:10A6E000405526B1C1F84021C0F8043303E0C0F85A
:10A6F0000833C1F84021C0F8443370BD2DE9F04162
:10A700001D46144630B1012833D0022838D0FFDF6F
:10A71000BDE8F081891E002221F07F411046FFF73D
:10A72000CFFF012D23D00020944D924F0126687059
:10A730003E61914900203C3908600220091D0860F3
:10A740008D490420303908608B483D34046008206E
:10A750006C6000F0DFF83004C7F80403082000F054
:10A76000BBF88349F007091F08602E70D0E701206D
:10A77000DAE7012B02D00022012005E00122FBE7ED
:10A78000012B04D000220220BDE8F04198E701220D
:10A79000F9E774480068704770B500F0D8F8704C5D
:10A7A0000546D4F840010026012809D1D4F8080351
:10A7B000C00305D54FF48030C4F80803C4F84061E5
:10A7C000D4F8440101280CD1D4F80803800308D53B
:10A7D0004FF40030C4F80803C4F84461012008F0C5
:10A7E00014FAD4F8480101280CD1D4F80803400326
:10A7F00008D54FF48020C4F80803C4F8486102204B
:10A8000008F003FA5E48056070BD70B500F09FF86F
:10A810005A4D0446287850B1FFF706FF687818B102
:10A820000020687008F0F1F95548046070BD0320FD
:10A83000F8E74FF0E0214FF40010C1F80002704734
:10A84000152000F067B84B4901200861082000F08E
:10A8500061B848494FF47C10C1F808030020024653
:10A8600001EB8003C3F84025C3F84021401CC0B26F
:10A870000628F5D37047410A43F609525143C0F305
:10A88000080010FB02F000F5807001EB50207047CB
:10A8900010B5430B48F2376463431B0C5C020C6039
:10A8A000384C03FB0400384B4CF2F72443435B0D58
:10A8B00013FB04F404EB402000F58070401210708C
:10A8C00008681844086010BD2C4840687047294942
:10A8D0000120C1F800027047002809DB00F01F02C8
:10A8E000012191404009800000F1E020C0F80011F2
:10A8F000704700280DDB00F01F0201219140400944
:10A90000800000F1E020C0F88011BFF34F8FBFF34B
:10A910006F8F7047002809DB00F01F020121914072
:10A920004009800000F1E020C0F88012704749071C
:10A93000090E002804DB00F1E02080F800147047C5
:10A9400000F00F0000F1E02080F8141D70470C4863
:10A95000001F00680A4A0D49121D1160704700006F
:10A9600000B0004004B500404081004044B10040C8
:10A9700008F501400080004040850040380000207C
:10A9800014050240F7C2FFFF6F0C01000100000137
:10A9900010B5EFF3108000F0010472B6FC48417866
:10A9A000491C41704078012801D108F081FD002C3C
:10A9B00000D162B610BD70B5F54CA07848B901253C
:10A9C000A570FFF7E5FF08F084FD20B1002008F036
:10A9D0004EFD002070BD4FF08040E570C0F804537C
:10A9E000F7E770B5EFF3108000F0010572B6E84CA0
:10A9F000607800B9FFDF6078401E6070607808B949
:10AA000008F05AFD002D00D162B670BDE04810B5C7
:10AA1000817821B10021C1708170FFF7E2FF002031
:10AA200010BD10B5044608F054FDD9498978084096
:10AA300000D001202060002010BD10B5FFF7A8FF56
:10AA400008F047FD02220123D149540728B1D1481B
:10AA5000026023610320087202E00A72C4F8043322
:10AA60000020887110BD2DE9F84FDFF8249342785B
:10AA7000817889F80420002689F80510074689F8AE
:10AA800006600078DFF810B3354620B1012811D0F8
:10AA9000022811D0FFDF08F02EFD4FF0804498B15E
:10AAA00008F030FDB0420FD1304608F02FFD0028ED
:10AAB000FAD042E00126EEE7FFF76AFF5846016848
:10AAC000C907FCD00226E6E70120E060C4F8045183
:10AAD000B2490E600107D1F84412B04AC1F34231C5
:10AAE00024321160AD49343108604FF0020AC4F8D5
:10AAF00004A3A060AA480168C94341F3001101F111
:10AB00000108016841F01001016001E010F030F926
:10AB1000D4F804010028F9D0304608F0F7FC0028EA
:10AB2000FAD0B8F1000F04D19D48016821F010015E
:10AB30000160C4F808A3C4F8045199F805004E4612
:10AB400080B1387870B908F0C4FC804608F0CAFEBD
:10AB50006FF00042B8F1000F02D0C6E9032001E017
:10AB6000C6E90302DBF80000C00701D008F0ADFC25
:10AB7000387810B13572BDE8F88F4FF01808C4F876
:10AB800008830127A7614FF42070ADF8000000BFD3
:10AB9000BDF80000411EADF80010F9D2C4F80C5108
:10ABA000C4F810517A48C01D08F030FD3570FFF729
:10ABB00044FF67617949307920310860C4F8048323
:10ABC000D9E770B5050000D1FFDF4FF080424FF0AC
:10ABD000FF30C2F808030021C2F80011C2F80411C6
:10ABE000C2F80C11C2F81011694C617008F07DFCBC
:10ABF00010B10120A070607067480068C00701D0E4
:10AC000008F063FC2846BDE870402CE76048007AF5
:10AC1000002800D0012070472DE9F04F61484FF027
:10AC2000000A85B0D0F800B0D14657465D4A5E496B
:10AC3000083211608406D4F8080110B14FF0010801
:10AC400001E04FF0000808F0B4FC78B1D4F824011A
:10AC500000B101208246D4F81C0100B101208146D8
:10AC6000D4F8200108B1012700E00027D4F8000142
:10AC700000B101200490D4F8040100B10120039038
:10AC8000D4F80C0100B101200290D4F8100100B1F9
:10AC900001203F4D0190287800260090B8F1000F68
:10ACA00004D0C4F80861012008F0E1FBBAF1000FFC
:10ACB00004D0C4F82461092008F0D9FBB9F1000FD1
:10ACC00004D0C4F81C610A2008F0D1FB27B1C4F8F5
:10ACD00020610B2008F0CBFB2D48C01D08F09EFC26
:10ACE00000B1FFDFDFF8AC800498012780B1C4F821
:10ACF0000873E87818B1EE70002008F0B8FB287AE5
:10AD0000022805D1032028720221C8F8001027610B
:10AD1000039808B1C4F80461029850B1C4F80C61FA
:10AD2000287A032800D0FFDFC8F800602F72FFF7F1
:10AD300058FE019838B1C4F81061287A012801D171
:10AD400000F05CF86761009838B12E70287A01280D
:10AD500001D1FFF772FEFFF744FE0D48C01D08F059
:10AD600073FC1049091DC1F800B005B0BDE8F08FB3
:10AD7000074810B5C01D08F051FC0549B0B10120CD
:10AD800008704FF0E021C1F80002BDE81040FFE577
:10AD900040000020340C00400C0400401805004026
:10ADA00010ED00E01005024001000001087A0128C2
:10ADB00001D1FFF742FEBDE81040244808F044BC32
:10ADC00070B5224CE41FA07808B908F075FB01208B
:10ADD0008507A861207A0026032809D1D5F80C013F
:10ADE00020B9002008F092FB0028F7D1C5F80C61CB
:10ADF00026724FF0FF30C5F8080370BD70B5134CD4
:10AE0000E41F6079F0B1012803D0A179401E81428E
:10AE100018DA08F05EFB054608F064FD6179012947
:10AE200002D9A179491CA1710DB1216900E0E16845
:10AE3000411A022902DA11F1020F06DC0DB120617C
:10AE400000E0E060BDE87040F7E570BD470000201D
:10AE5000374901200860704770B50D2000F049F8AF
:10AE6000344C0020C4F800010125C4F804530D201F
:10AE700000F050F825604FF0E0216014C1F80001A7
:10AE800070BD10B50D2000F034F82A480121416052
:10AE90000021C0F80011BDE810400D2000F03AB8C4
:10AEA000254810B504682449244808310860214920
:10AEB000D1F80001012804D0FFDF1F48001D046005
:10AEC00010BD1B48001D00680022C0B2C1F800215F
:10AED00008F05FFCF1E710B5164800BFD0F800118C
:10AEE0000029FBD0FFF7DCFFBDE810400D2000F08B
:10AEF00011B800280DDB00F01F020121914040092C
:10AF0000800000F1E020C0F88011BFF34F8FBFF345
:10AF10006F8F7047002809DB00F01F02012191406C
:10AF20004009800000F1E020C0F880127047000066
:10AF300004D5004000D0004010050240010000018F
:10AF40004FF0E0214FF00070C1F8800101F5C071B1
:10AF5000BFF34F8FBFF36F8FC1F80001394B8022D1
:10AF600083F8002441F8800C704700B502460420A5
:10AF7000354903E001EBC0031B792BB1401EC0B281
:10AF8000F8D2FFDFFF2000BD41F8302001EBC00107
:10AF900000224A718A7101220A7100BD2A4A0021E9
:10AFA00002EBC0000171704710B50446042800D3BD
:10AFB000FFDF254800EBC4042079012800D0FFDF23
:10AFC0006079A179401CC0B2814200D060714FF01D
:10AFD000E0214FF00070C1F8000210BD70B50425EB
:10AFE000194E1A4C16E0217806EBC1000279012AAD
:10AFF00008D1427983799A4204D04279827156F815
:10B00000310080472078401CC0B22070042801D352
:10B01000002020706D1EEDB2E5D270BD0C4810B559
:10B0200004680B490B4808310860064890F8000492
:10B030004009042800D0FFDFFFF7D0FF0448001DBF
:10B04000046010BD19E000E07805002054000020E5
:10B0500010050240010000010F4A12680D498A42A2
:10B060000CD118470C4A12680A4B9A4206D101B516
:10B0700008F00AFC08F0DDFEBDE801400749096858
:10B080000958084706480749054A064B704700001B
:10B0900000000000BEBAFECA5800002004000020D4
:10B0A000B00F0020B00F002070B50C46054600F030
:10B0B00045FB21462846BDE8704001F026BC000053
:10B0C000F8B51D46DDE906470E000AD005F03BF94C
:10B0D0002346FF1DBCB231462A46009404F059FDB8
:10B0E000F8BDD0192246194602F023F92046F8BDD2
:10B0F00070B50D4604461022002102F044F9258166
:10B1000017206081A07B40F00A00A07370BD4FF64D
:10B11000FF720A800146022008F000BE70470089D5
:10B120007047827BD30701D1920703D480890880BE
:10B130000020704705207047827B920700D58181EF
:10B14000704701460020098841F6FE52114200D0A6
:10B150000120704700B50346807BC00701D0052061
:10B1600000BD59811846FFF7ECFFC00703D0987B5C
:10B1700040F004009873987B40F001009873002021
:10B1800000BD827B520700D509B140897047172066
:10B190007047827B61F3C302827370472DE9FC5FC5
:10B1A0000E46044601789646012000FA01F14DF65C
:10B1B000FF5201EA020962684FF6FF7B1188594588
:10B1C00002D10920BDE8FC9FB9F1000F05D041F67E
:10B1D000FE55294201D00120F4E741EA090111801E
:10B1E0001D0014D000232B7094F800C00521032209
:10B1F0001F464FF0020ABCF10E0F76D2DFE80CF0CA
:10B20000F909252F47646B77479193B4D1D804206F
:10B21000D8E7616820898B7B9B0767D517284AD3BD
:10B220000B89834247D38989172901D3814242D1AF
:10B2300085F800A0A5F80100328061688881606807
:10B24000817B21F002018173C6E0042028702089EF
:10B25000A5F801006089A5F803003180BCE0208AD0
:10B260003188C01D1FFA80F8414524D3062028707C
:10B270002089A5F801006089A5F80300A089A5F838
:10B2800005000721208ACDE90001636941E00CF047
:10B29000FF00082810D0082028702089A5F8010098
:10B2A0006089A5F8030031806A1D694604F10C002D
:10B2B00006F0BBFC10B15EE01020EDE730889DF891
:10B2C00000100844308087E00A2028702089A5F803
:10B2D0000100328044E00C2028702089A5F801008C
:10B2E0006089A5F8030031803AE082E064E02189BA
:10B2F000338800EB41021FFA82F843453BD3B8F193
:10B30000050F38D30E222A700BEA4101CDE9001057
:10B31000E36860882A467146FFF7D2FEA6F80080EF
:10B320005AE04020287060893188C01C1FFA80F8DC
:10B33000414520D32878714620F03F001230287014
:10B340002089A5F801006089CDE9000260882A46BD
:10B35000E368FFF7B5FEA6F80080287840063BD4E6
:10B3600061682089888037E0A0893288401D1FFAF3
:10B3700080F8424501D204273DE01620287020893C
:10B38000A5F801006089A5F80300A089CDE90001B6
:10B3900060882A4671462369FFF792FEA6F800806E
:10B3A000DEE718202870207A6870A6F800A013E065
:10B3B00061680A88920401D405271CE0C9882289A3
:10B3C000914201D0062716E01E2129703080606866
:10B3D000018821F400510180B9F1000F0BD0618880
:10B3E00078230022022008F0EFFB61682078887043
:10B3F00006E0338003276068018821EA09010180A3
:10B400003846DFE62DE9FF4F85B01746129C0D0048
:10B410001E461CD03078C10703D000F03F00192829
:10B4200001D9012100E000212046FFF7AAFEA84231
:10B430000DD32088A0F57F41FF3908D03078410630
:10B4400001D4000605D5082009B0BDE8F08F07201B
:10B45000FAE700208DF800008DF8010030786B1EAF
:10B4600000F03F0C0121A81E4FF0050A4FF0020921
:10B470004FF0030B9AB2BCF1200F75D2DFE80CF04D
:10B480008B10745E7468748C749C74B574BA74C8D0
:10B4900074D474E1747474F174EF74EE74ED748B9D
:10B4A000052D78D18DF80090A0788DF80400708873
:10B4B000ADF8060030798DF80100707800F03F009B
:10B4C0000C2829D00ADCA0F10200092863D2DFE8A9
:10B4D00000F0126215621A621D622000122824D048
:10B4E00004DC0E281BD01028DBD11BE016281FD04F
:10B4F0001828D6D11FE02078800701E02078400787
:10B50000002848DAEEE020780007F9E72078C00646
:10B51000F6E720788006F3E720784006F0E7207809
:10B520000006EDE72088C005EAE720884005E7E748
:10B5300020880005E4E72088C004E1E72078800740
:10B5400029D5032D27D18DF800B0B6F8010081E090
:10B55000217849071FD5062D1DD381B270780128A7
:10B5600003D0022817D102E0C9E0022000E0102039
:10B5700004228DF8002072788DF80420801CB1FB25
:10B58000F0F2ADF8062092B242438A4203D103970B
:10B59000ADF80890A6E079E02078000776D598B25B
:10B5A00082088DF800A0ADF80420B0EB820F6DD1B9
:10B5B0000297ADF8061095E02178C90666D5022DF0
:10B5C00064D381B206208DF80000707802285DD324
:10B5D000B1FBF0F28DF80400ADF8062092B24243C0
:10B5E0008A4253D1ADF808907BE0207880064DD593
:10B5F000072003E0207840067FD508208DF8000062
:10B60000A088ADF80400ADF80620ADF8081068E099
:10B610002078000671D50920ADF804208DF80000CF
:10B62000ADF8061002975DE02188C90565D5022DA9
:10B6300063D381B20A208DF80000707804285CD3AF
:10B64000C6E72088400558D5012D56D10B208DF82E
:10B650000000A088ADF8040044E021E026E016E0F8
:10B66000FFE72088000548D5052D46D30C208DF82E
:10B670000000A088ADF80400B6F803006D1FADF817
:10B680000850ADF80600ADF80AA02AE035E02088A1
:10B69000C00432D5012D30D10D208DF8000021E0FD
:10B6A0002088800429D4B6F80100E080A07B000740
:10B6B00023D5032D21D3307800F03F001B2818D06C
:10B6C0000F208DF80000208840F40050A4F80000FE
:10B6D000B6F80100ADF80400ED1EADF80650ADF867
:10B6E00008B0039769460598F9F7B8FA050008D03D
:10B6F00016E00E208DF80000EAE7072510E0082587
:10B700000EE0307800F03F001B2809D01D2807D03C
:10B710000220059908F002FB208800F400502080E8
:10B72000A07B400708D52046FFF70BFDC00703D1DB
:10B73000A07B20F00400A073284685E61FB50228F0
:10B7400006D101208DF8000088B26946F9F786FA23
:10B750001FBD0000F8B51D46DDE906470E000AD002
:10B7600004F0F1FD2346FF1DBCB231462A46009489
:10B7700004F00FFAF8BDD0192246194601F0D9FDA0
:10B780002046F8BD2DE9FF4F8DB09B46DDE91B57E4
:10B79000DDF87CA00C46082B05D0E06901F0FEF82E
:10B7A00050B11020D2E02888092140F010002880F4
:10B7B0008AF80010022617E0E16901208871E26929
:10B7C0004FF420519180E1698872E06942F60101ED
:10B7D0000181E069002181732888112140F0200057
:10B7E00028808AF80010042638780A900A203870D9
:10B7F0004FF0020904F118004D460C9001F0C6FB11
:10B80000B04681E0BBF1100F0ED1022D0CD0A9EB98
:10B810000800801C80B20221CDE9001005AB524621
:10B820001E990D98FFF796FFBDF816101A988142E1
:10B8300003D9F74800790F9004E003D10A9808B1C2
:10B8400038702FE04FF00201CDE900190DF1160319
:10B8500052461E990D98FFF77DFF1D980088401BEA
:10B86000801B83B2C6F1FF00984200D203461E99A6
:10B870000BA8D9B15FF00002DDF878C0CDE9032054
:10B8800009EB060189B2CDE901C10F980090BDF81E
:10B89000161000220D9801F00EFC387070B1C0B285
:10B8A000832807D0BDF8160020833AE00AEB09018F
:10B8B0008A19E1E7022011B0BDE8F08FBDF82C0035
:10B8C000811901F0FF08022D0DD09AF801204245A0
:10B8D00006D1BDF82010814207D0B8F1FF0F04D087
:10B8E0009AF801801FE08AF80180C9480068017851
:10B8F000052902D1BDF81610818009EB08001FFA56
:10B9000080F905EB080085B2DDE90C1005AB0F9A54
:10B9100001F03FFB28B91D980088411B4145BFF647
:10B9200071AF022D13D0BBF1100F0CD1A9EB0800A1
:10B93000801C81B20220CDE9000105AB52461E9960
:10B940000D98FFF707FF1D98058000203870002034
:10B95000B1E72DE9F8439C46089E13460027B26BD9
:10B960009AB3491F8CB2F18FA1F57F45FF3D05D0F9
:10B970005518AD882944891D8DB200E0002529198C
:10B98000B6F83C800831414520D82A44BCF8011063
:10B9900022F8021BBCF8031022F8021B984622F87A
:10B9A000024B914604F0BDFC4FF00C0C41464A4658
:10B9B0002346CDF800C004F0B8F8F587B16B00203D
:10B9C0002944A41D2144088003E001E0092700E088
:10B9D00083273846BDE8F88310B50B88848F9C42D6
:10B9E0000CD9846BE018048844B1848824F40044A2
:10B9F000A41D23440B801060002010BD0A2010BD40
:10BA00002DE9F0478AB00025904689468246ADF878
:10BA1000185007274BE0059806888088000446D414
:10BA2000A8F8006007A8019500970295CDE903509A
:10BA30004FF4007300223146504601F03CFB0400F5
:10BA40003CD1BDF81800ADF8200005980488818825
:10BA5000B44216D10A0414D401950295039521F439
:10BA600000410097049541F48043428821465046A6
:10BA700001F0BFF804000BD10598818841F4004122
:10BA8000818005AA08A94846FFF7A6FF0400DCD07C
:10BA90000097059802950195039504950188BDF8D6
:10BAA0001C300022504601F0A4F80A2C06D105AA49
:10BAB00006A94846FFF790FF0400ACD0ADF8185037
:10BAC00004E00598818821F40041818005AA06A937
:10BAD0004846FFF781FF0028F3D00A2C03D0204608
:10BAE0000AB0BDE8F0870020FAE710B50C46896B74
:10BAF00086B051B10C218DF80010A18FADF808105F
:10BB0000A16B01916946FAF75BF800204FF6FF71CF
:10BB1000A063E187A08706B010BD2DE9F0410D4676
:10BB20000746896B0020069E1446002911D0012B80
:10BB30000FD1324629463846FFF762FF002808D168
:10BB4000002C06D0324629463846BDE8F04100F0C8
:10BB500034BFBDE8F0812DE9FC411446DDE9087CE5
:10BB60000E46DDE90A15521DBCF800E092B296457A
:10BB700002D20720BDE8FC81ACF8002017222A7011
:10BB8000A5F80160A5F803300522CDE900423B4647
:10BB90002A46FFF7DFFD0020ECE770B50C4615469E
:10BBA00048220021204601F0EEFB04F1080044F891
:10BBB0001C0F00204FF6FF71E06161842084A58492
:10BBC0001720E08494F82A0040F00A0084F82A0044
:10BBD00070BD4FF6FF720A800146032008F09EB840
:10BBE00030B585B00C460546FFF77FFFA18E28468D
:10BBF00029B101218DF800106946F9F7E1FF002015
:10BC0000E0622063606305B030BDB0F8400070476B
:10BC10005C00002090F84620920703D440880880FA
:10BC20000020F4E70620F2E790F846209207EED5D0
:10BC3000A0F84410EBE70146002009880A0700D568
:10BC4000012011F0F00F01D040F00200CA0501D52B
:10BC500040F004008A0501D540F008004A0501D5EE
:10BC600040F010000905D2D540F02000CFE700B524
:10BC7000034690F84600C00701D0062000BDA3F897
:10BC800042101846FFF7D7FF10F03E0F05D093F88B
:10BC9000460040F0040083F8460013F8460F40F0D9
:10BCA00001001870002000BD90F84620520700D512
:10BCB00011B1B0F84200AAE71720A8E710F8462F04
:10BCC00061F3C3020270A2E72DE9FF4F9BB00E00A3
:10BCD000DDE92B34DDE92978289D24D02878C107B7
:10BCE00003D000F03F00192801D9012100E0002114
:10BCF0002046FFF7D9FFB04215D32878410600F05F
:10BD00003F010CD41E290CD0218811F47F6F0AD179
:10BD10003A8842B1A1F57F42FF3A04D001E01229EE
:10BD200001D1000602D504201FB0C5E5FA491D98CF
:10BD30004FF0000A08718DF818A08DF83CA00FAAEA
:10BD40000A60ADF81CA0ADF850A02978994601F022
:10BD50003F02701F5B1C04F1180C4FF0060E4FF0F1
:10BD6000040BCDF858C01F2A7ED2DFE802F07D7D9B
:10BD7000107D267DAC7DF47DF37DF27DF17DF47D3B
:10BD8000F07D7D7DEF7DEE7D7D7D7D7DED0094F808
:10BD90004610B5F80100890701D5032E02D08DF8B1
:10BDA00018B01EE34FF40061ADF85010608003211D
:10BDB0008DF83C10ADF84000D4E2052EEFD1B5F877
:10BDC00001002083ADF81C00B5F80310618308B1B1
:10BDD000884201D9012079E10020A07220814FF62C
:10BDE000FF702084169801F0D1F8052089F8000032
:10BDF0000220029083460AAB1D9A16991B9801F007
:10BE0000C8F890BB9DF82E00012804D0022089F8C4
:10BE10000100102003E0012089F8010002200590B4
:10BE2000002203A90BA805F000FFE8BB9DF80C0059
:10BE3000059981423DD13988801CA1EB0B018142DB
:10BE400037DB02990220CDE900010DF12A034A46B1
:10BE500041461B98FFF77EFC02980BF1020B801CF9
:10BE600081B217AA029101E09CE228E003A90BA885
:10BE700005F0DBFE02999DF80C00CDE9000117AB3F
:10BE80004A4641461B98FFF765FC9DF80C000AAB3B
:10BE90000BEB00011FFA81FB02991D9A084480B246
:10BEA000029016991B9800E003E001F072F8002858
:10BEB000B6D0BBF1020F02D0A7F800B04FE20A20C3
:10BEC0008DF818004BE200210391072EFFF467AFB5
:10BED000B5F801002083ADF81C00B5F8032062839B
:10BEE00000283FF477AF90423FF674AF0120A07274
:10BEF000B5F8050020810020A073E06900F04EFD38
:10BF000078B9E16901208871E2694FF4205191808C
:10BF1000E1698872E16942F601000881E069002167
:10BF20008173F01F20841E98606207206084169839
:10BF300001F02CF8072089F80000012004900290FD
:10BF40000020ADF82A0028E019E29FE135E1E5E0A4
:10BF500012E2A8E080E043E00298012814D0E069F2
:10BF60008079012803D1BDF82800ADF80E000498AF
:10BF700003ABCDE900B04A4641461B98FFF7EAFB08
:10BF80000498001D80B20490BDF82A00ADF80C00A2
:10BF9000ADF80E00059880B202900AAB1D9A169972
:10BFA0001B9800F0F6FF28B902983988001D05900B
:10BFB0008142D1D20298012881D0E069807901289C
:10BFC00003D1BDF82800ADF80E00049803ABCDE90D
:10BFD00000B04A4641461B98FFF7BCFB0298BDE102
:10BFE000072E02D0152E7FF4DAAEB5F801102183AA
:10BFF000ADF81C10B5F80320628300293FF4EAAEC7
:10C0000091423FF6E7AE0121A1724FF0000BA4F878
:10C0100008B084F80EB0052E07D0C0B2691DE269E1
:10C0200005F0E4FD00287FF44AAF4FF6FF7020844E
:10C0300001A906AA14A8CDF800B081E885032878E4
:10C04000214600F03F031D9A1B98FFF79BFB824699
:10C05000208BADF81C0082E10120032EC3D14021CA
:10C06000ADF85010B5F801102183ADF81C100AAAE4
:10C07000B8F1000F00D00023CDE9020304921D980F
:10C08000CDF80480009038880022401E83B21B98AF
:10C0900001F011F88DF8180090BB0B2089F8000012
:10C0A000BDF8280035E04FF0010C052E9BD1802013
:10C0B000ADF85000B5F801102183B5F803002084D5
:10C0C000ADF81C10B0F5007F03D907208DF81800DB
:10C0D00087E140F47C4222840CA8B8F1000F00D024
:10C0E0000023CDE90330CDE9018C1D9800903888FC
:10C0F000401E83B21B9800F0DEFF8DF8180018B1C7
:10C100008328A8D10220BFE00D2189F80010BDF8D6
:10C110003000401C22E100005C000020032E04D20D
:10C1200048067FF53CAE002018E1B5F80110ADF8E7
:10C130001C102878400602D58DF83CE002E007206C
:10C140008DF83C004FF000080320CDE902081E9B4B
:10C15000CDF810801D980193A6F1030B00901FFAF3
:10C160008BF342461B9800F044FD8DF818008DF8C3
:10C170003C80297849060DD52088C00506D5208B3E
:10C18000BDF81C10884201D1C4F8248040468DF8C7
:10C190001880E3E0832801D14FF0020A4FF4807049
:10C1A000ADF85000BDF81C002083A4F820B01E9804
:10C1B0006062032060841321CDE0052EFFF4EFAD13
:10C1C000B5F80110ADF81C10A28F6AB3A2F57F4339
:10C1D000FE3B29D008228DF83C2000BF4FF0000B19
:10C1E0000523CDE9023BDDF878C0CDF810B01D9AEB
:10C1F00080B2CDF804C040F400430092B5F80320AB
:10C200001B9800F0F6FC8DF83CB04FF400718DF8EF
:10C210001800ADF85010832810D0F8B1A18FA1F507
:10C220007F40FE3807D0DCE00B228DF83C204FF633
:10C23000FE72A287D2E7A4F83CB0D2E000942B466D
:10C2400031461E9A1B98FFF784FB8DF8180008B141
:10C2500083284BD1BDF81C00208353E700942B4664
:10C2600031461E9A1B98FFF774FB8DF81800E8BB47
:10C27000E18FA06B0844831D8DE888034388828882
:10C2800001881B98FFF767FC824668E095F80180FB
:10C29000022E70D15FEA080002D0B8F1010F6AD116
:10C2A00009208DF83C0007A800908DF84080434697
:10C2B000002221461B98FFF730FC8DF842004FF01A
:10C2C000000B8DF843B050B9B8F1010F12D0B8F19E
:10C2D000000F04D1A18FA1F57F40FF380AD0A08FB5
:10C2E00040B18DF83CB04FF4806000E037E0ADF82D
:10C2F00050000DE00FA91B98F9F762FC82468DF8FB
:10C300003CB04FF48060ADF85000BAF1020F06D097
:10C31000FC480068C07928B18DF8180027E0A4F81F
:10C32000188044E0BAF1000F03D081208DF8180086
:10C330003DE007A800904346012221461B98FFF7E5
:10C34000ECFB8DF8180021461B98FFF7CEFB9DF8FB
:10C35000180020B9192189F80010012038809DF8B3
:10C360003C0020B10FA91B98F9F72AFC8246BAF1CC
:10C37000000F33D01BE018E08DF818E031E0207892
:10C38000000712D5012E10D10A208DF83C00E0885C
:10C39000ADF8400003201B9907F0C0FC0820ADF861
:10C3A0005000C0E648067FF5FAAC4FF0040A20883A
:10C3B000BDF8501008432080BDF8500080050BD513
:10C3C000A18FA1F57F40FE3806D11E98E062289823
:10C3D0002063A6864FF0030A5046A5E49DF8180096
:10C3E00078B1012089F80000297889F80110BDF89A
:10C3F0001C10A9F802109DF8181089F804100520E7
:10C4000038802088BDF8501088432080E4E72DE96B
:10C41000FF4F8846087895B0012181404FF209000E
:10C42000249C0140ADF820102088DDF88890A0F50C
:10C430007F424FF0000AFF3A06D039B1000705D518
:10C44000012019B0BDE8F08F0820FAE7239E4FF0D5
:10C45000000B0EA886F800B018995D460988ADF863
:10C460003410A8498DF81CB0179A0A718DF838B0AD
:10C47000086098F8000001283BD0022809D0032862
:10C480006FD1307820F03F001D303070B8F80400D4
:10C49000E08098F800100320022904D1317821F0BF
:10C4A0003F011B31317094F84610090759D505AB8F
:10C4B000B9F1000F13D0002102AA82E80B00072077
:10C4C000CDE90009BDF83400B8F80410C01E83B2ED
:10C4D0000022159800F0EFFD0028D1D101E0F11CF9
:10C4E000EAE7B8F80400A6F80100BDF81400C01C83
:10C4F00004E198F805108DF81C1098F80400012844
:10C5000006D04FF4007A02282CD00328B8D16CE171
:10C510002188B8F8080011F40061ADF8201020D08F
:10C5200017281CD3B4F84010814218D3B4F8441033
:10C53000172901D3814212D1317821F03F01C91C62
:10C540003170A6F801000321ADF83410A4F84400BE
:10C5500094F8460020F0020084F8460065E10525C5
:10C560007EE177E1208808F1080700F4FE60ADF86D
:10C57000200010F0F00F1BD010F0C00F03D038884F
:10C58000228B9042EBD199B9B878C00710D0B96826
:10C590000720CDE902B1CDF804B00090CDF810B07D
:10C5A000FB88BA883988159800F023FB0028D6D17B
:10C5B0002398BDF82010401C80294ED006DC10299D
:10C5C0000DD020290BD0402987D124E0B1F5807F00
:10C5D0006ED051457ED0B1F5806F97D1DEE0C806B0
:10C5E00001D5082000E0102082460DA907AA0520E9
:10C5F000CDE902218DF83800ADF83CB0CDE90496C4
:10C6000008A93888CDE9000153460722214615982C
:10C61000FFF7B8F8A8E09DF81C2001214FF00A0AA6
:10C62000002A9BD105ABB9F1000F00D00020CDE965
:10C6300002100720CDE90009BDF834000493401E24
:10C6400083B2218B0022159800F035FD8DF81C0077
:10C650000B203070BDF8140020E09DF81C20012153
:10C660004FF00C0A002A22D113ABB9F1000F00D011
:10C670000020CDE902100720CDE900090493BDF8A0
:10C680003400228C401E83B2218B159800F013FDDC
:10C690008DF81C000D203070BDF84C00401CADF82A
:10C6A000340005208DF83800208BADF83C00BCE04C
:10C6B0003888218B88427FF452AF9DF81C004FF0E0
:10C6C000120A00281CD1606AA8B1B878C0073FF4EC
:10C6D00046AF00E018E0BA680720CDE902B2CDF815
:10C6E00004B00090CDF810B0FB88BA88159800F01F
:10C6F00080FA8DF81C00132030700120ADF8340052
:10C7000093E000005C0000203988208B8142D2D168
:10C710009DF81C004FF0160A0028A06B08D0E0B36B
:10C720004FF6FF7000215F46ADF808B0019027E09A
:10C7300068B1B978C907BED1E18F0DAB0844821D3D
:10C7400003968DE80C0243888288018809E0B87856
:10C75000C007BCD0BA680DAB03968DE80C02BB884D
:10C76000FA881598FFF7F7F905005ED0072D72D00B
:10C7700076E0019005AA02A92046FFF72DF90146AF
:10C78000E28FBDF80800824201D00029F1D0E08F8D
:10C79000A16B084407800198E08746E09DF81C00E3
:10C7A0004FF0180A40B1208BC8B138882083214649
:10C7B0001598FFF79AF938E004F118000090237EED
:10C7C000012221461598FFF7A8F98DF81C000028D2
:10C7D000EDD1192030700120ADF83400E7E70525D0
:10C7E00021461598FFF781F93AE0208800F400709F
:10C7F000ADF8200050452DD1A08FA0F57F41FE3926
:10C8000001D006252CE0D8F808004FF0160A48B1F0
:10C81000A063B8F80C10A1874FF6FF71E187A0F86C
:10C8200000B002E04FF6FF70A087BDF8200030F4A2
:10C830007F611AD0782300220320159907F0C4F9EC
:10C8400098F8000020712088BDF82010084320804F
:10C850000EE000E007252088BDF8201088432080E6
:10C86000208810F47F6F1CD03AE02188814321801A
:10C870009DF8380020B10EA91598F9F7A1F90546E1
:10C880009DF81C000028EBD086F801A00120307034
:10C89000208B70809DF81C0030710520ADF83400AD
:10C8A000DEE7A18EE1B118980DAB0088ADF8340039
:10C8B0002398CDE90304CDE90139206B0090E36AA8
:10C8C000179A1598FFF700FA054601208DF83800F1
:10C8D0000EA91598F9F774F900B10546A4F834B01B
:10C8E00094F8460040070AD52046FFF7A4F910F057
:10C8F0003E0F04D114F8460F20F004002070189861
:10C90000BDF83410018028469BE500B585B00328AA
:10C9100006D102208DF8000088B26946F9F750F977
:10C9200005B000BD10B5384C0B782268012B02D041
:10C93000022B2AD111E013780BB1052B01D104236E
:10C94000137023688A889A802268CB88D3802268F3
:10C950000B891381498951810DE08B88938022686E
:10C96000CB88D38022680B8913814B8953818B89B3
:10C970009381096911612168F9F722F92268002180
:10C980000228117003D0002800D0812010BD832020
:10C9900010BD806B002800D00120704781780129EC
:10C9A00009D10088B0F5205F03D042F6010188422A
:10C9B00001D10020704707207047F0B587B00024F0
:10C9C00015460E460746ADF8184011E00598008858
:10C9D000288005980194811DCDE902410721049426
:10C9E0000091838842880188384600F002F930B906
:10C9F00005AA06A93046FEF7EFFF0028E6D00A2870
:10CA000000D1002007B0F0BD5C00002010B58B788D
:10CA100083B102789A4205D10B885BB102E08B7931
:10CA2000091D4BB18B789A42F9D1B0F801300C88CE
:10CA3000A342F4D1002010BD812010BD072826D0CC
:10CA400012B1012A27D103E0497801F0070102E081
:10CA50004978C1F3C20105291DD2DFE801F00318AE
:10CA6000080C12000AB10320704702207047042806
:10CA70000DD250B10DE0052809D2801E022808D33E
:10CA800003E0062803D0032803D0052070470020C8
:10CA900070470F20704781207047C0B282060BD4C8
:10CAA000000607D5FA48807A4143C01D01EBD0004B
:10CAB00080B27047084670470020704770B51388F1
:10CAC0000B800B781C0625D5F14CA47A844204D83F
:10CAD00043F010000870002070BD956800F0070654
:10CAE00005EBD0052D78F54065F304130B70137832
:10CAF000D17803F0030341EA032140F20123B1FBA3
:10CB0000F3F503FB15119268E41D00FB012000EB17
:10CB1000D40070BD906870BD37B51446BDF80410E0
:10CB20001180117841F0040111709DF804100A067B
:10CB30001ED5D74AA368C1F30011927A824208D861
:10CB4000FE2811D1D21DD2084942184600F01BFC24
:10CB50000AE003EBD00200F00703012510789D40A6
:10CB6000A843994008431070207820F010002070EE
:10CB70003EBD2DE9F0410746C81C0E4620F00300DB
:10CB8000B04202D08620BDE8F081C14D002034467D
:10CB90002E60AF802881AA72E8801AE0E988491CDB
:10CBA000E980810614D4E17800F0030041EA002016
:10CBB00040F20121B0FBF1F201FB12012068FFF706
:10CBC0006CFF2989084480B22881381A3044A0605B
:10CBD0000C3420784107E1D40020D4E7AC4801228E
:10CBE0000189C08800EB400002EB8000084480B25D
:10CBF00070472DE9FF4F89B01646DDE9168A0F46CA
:10CC0000994623F44045084600F054FB040002D046
:10CC10002078400703D401200DB0BDE8F08F0998BB
:10CC200003F016FA02902078000606D59848817A1B
:10CC30000298814201D88720EEE7224601A9029896
:10CC4000FFF73CFF834600208DF80C004046B8F10A
:10CC5000070F1AD001222146FFF7F0FE0028DBD192
:10CC60002078400611D502208DF80C00ADF8107028
:10CC7000BDF80400ADF81200ADF814601898ADF8D6
:10CC80001650CDF81CA0ADF818005FEA094004D595
:10CC900000252E46A84601270CE02178E07801F017
:10CCA000030140EA012040F20121B0FBF1F280468D
:10CCB00001FB12875FEA494009D5B84507D1A17841
:10CCC000207901F0030140EA0120B04201D3BE42C5
:10CCD00001D90720A0E7A8191FFA80F9B94501D9A1
:10CCE0000D2099E79DF80C0028B103A90998F8F7E1
:10CCF00065FF002890D1B84507D1A0784FEA1921E7
:10CD000061F30100A07084F804901A9800B10580C6
:10CD1000199850EA0A0027D0199830B10BEB060099
:10CD20002A46199900F005FB0EE00BEB0608574662
:10CD3000189E099803F0F5FA2B46F61DB5B2394650
:10CD40004246009502F0F1FE224601A90298FFF743
:10CD5000B5FE9DF80400224620F010008DF8040076
:10CD6000DDE90110FFF7D8FE002055E72DE9FF4F60
:10CD7000DFF81C91824685B0B9F80610D9F800009A
:10CD800001EB410100EB810440F20120B2FBF0F124
:10CD9000174600FB1175DDE9138B4E4629460698B0
:10CDA000FFF77BFE0346FFF719FF1844B1880C30EC
:10CDB000884202D9842009B02FE70698C6B230060F
:10CDC00003D5B00601D50620F5E7B9F80620521CB8
:10CDD00092B2A9F80620BBF1000F01D0ABF80020F9
:10CDE000B00602D5C4F808800AE0B9F808201A4451
:10CDF00092B2A9F80820D9F80000891A0844A06066
:10CE00002246FE200699FFF787FEE77025712078FD
:10CE1000390A61F301002A0AA17840F0040062F3A4
:10CE20000101A17020709AF802006071BAF8000048
:10CE3000E08000252573300602D599F80A7000E0DD
:10CE40000127B00601D54FF000084E4600244FF0F0
:10CE500007090FE0CDE902580195CDF8009004953F
:10CE6000F1882046129B089AFFF7C3FE0028A2D142
:10CE7000641CE4B2BC42EDD300209CE700B5FFF790
:10CE8000ADFE03490C308A88904203D9842000BD4E
:10CE900098050020CA88086802EB420300EB830073
:10CEA000521C037823F004030370CA80002101732D
:10CEB0000846ECE72DE9F047804600F0FBF9070053
:10CEC00005D000264446F74D40F2012916E0012026
:10CED000BDE8F087204600F0EDF90278C17802F055
:10CEE000030241EA0222B2FBF9F309FB13210068B5
:10CEF000FFF7D3FD3044641C86B2A4B2E988601EFB
:10CF00008142E7DCA8F10100E8802889801B2881A4
:10CF100000203870DCE710B5144631B1491E21807D
:10CF200003F096F8A070002010BD012010BD70B570
:10CF30000446DC48C188036801E0401C208020884A
:10CF4000884207D200EB400213EB820202D0157830
:10CF50006D07F2D580B2884216D2AAB15079A0727C
:10CF6000D08820819178107901F0030140EA0120F6
:10CF7000A081A078E11CFFF7A1FD20612088401C62
:10CF80002080E080002070BD0A2070BD0121018258
:10CF900070472DE9FF4F85B04FF6FF798246A3F821
:10CFA000009048681E460D4680788DF80600486857
:10CFB0000088ADF8040000208DF80A00088A0C886B
:10CFC000A04200D304462C8251E03878400708D4B0
:10CFD000641C288AA4B2401C288208F10100C0B257
:10CFE00046E0288A401C2882781D6968FFF70EFDFC
:10CFF000D8BB3188494501D1601E30803188A1EB12
:10D00000080030806888A04238D3B878397900F0B9
:10D01000030041EA002801A9781DFFF7F7FC20BBB7
:10D02000298949452ED0002239460798FFF706FD89
:10D03000D8B92989414518D1E9680391B5F80AC0E2
:10D04000D7F808B05046CDF800C003F06AF9DDF813
:10D0500000C05A460CF1070C1FFA8CFC434603999A
:10D06000CDF800C002F02BFD60B1641CA4B200201A
:10D070008046204600F01EF90700A6D1641E2C82CF
:10D080000A2098E674807879B071F888B080397891
:10D09000F87801F0030140EA01207081A6F80C80C5
:10D0A000504602F0D5FF3A4606F10801FFF706FDAB
:10D0B000306100207FE62DE9FF4F87B081461C4696
:10D0C0009246DDF860B0DDF85480089800F0F2F880
:10D0D000050002D02878400702D401200BB09CE55F
:10D0E000484602F0B5FF2978090605D56D49897AC9
:10D0F000814201D88720F1E7CAF309062A4601A92F
:10D10000FFF7DCFC0746149807281CD000222946AC
:10D11000FFF794FC0028E1D12878400613D50120C0
:10D120008DF808000898ADF80C00BDF80400ADF8C3
:10D130000E00ADF81060ADF8124002A94846F8F7AD
:10D140003DFD0028CAD12978E87801F0030140EAC2
:10D150000121AA78287902F0030240EA022056450C
:10D1600007D0B1F5007F04D9611E814201DD0B209B
:10D17000B4E7864201D90720B0E7801B85B2A542FB
:10D1800000D92546BBF1000F01D0ABF8005017982D
:10D1900018B1B9192A4600F0CCF8B8F1000F0DD03B
:10D1A0003E4448464446169F03F0CDF82146FF1DF5
:10D1B000BCB232462B46009402F0EBFC00208DE717
:10D1C0002DE9F04107461D461646084600F072F864
:10D1D000040002D02078400701D40120D3E438466F
:10D1E00002F036FF2178090605D52E49897A814259
:10D1F00001D88720C7E422463146FFF75FFC65B1BE
:10D200002178E07801F0030140EA0120B0F5007FC9
:10D2100001D8012000E0002028700020B3E42DE9AF
:10D22000F04107461D461646084600F043F8040044
:10D2300002D02078400701D40120A4E4384602F04F
:10D2400007FF2178090605D51649897A814201D858
:10D25000872098E422463146FFF75EFCFF2D14D06C
:10D260002178E07801F0030240EA022040F2012236
:10D27000B0FBF2F302FB130015B900F2012080B2FB
:10D28000E070000A60F30101217000207BE410B51A
:10D290000C4600F00FF810B10178490704D40120C2
:10D2A00010BD000098050020C18821804079A07041
:10D2B0000020F5E70749CA88824209D340B10968CE
:10D2C00000EB40006FF00B0202EB80000844704757
:10D2D000002070479805002070B504460D46214691
:10D2E0002B460AB9002070BD01E0491C5B1C501E92
:10D2F000021E03D008781E78B042F6D008781E7857
:10D30000801BF0E730B50C4601462346051B9542CD
:10D3100006D202E0521E9D5C8D54002AFAD107E02D
:10D3200004E01D780D70491C5B1C521E002AF8D1C8
:10D3300030BDF0B50E460146334680EA030404F0E2
:10D340000304B4B906E002B9F0BD13F8017B01F89B
:10D35000017B521E01F00307002FF4D10C461D463D
:10D3600002E080CD80C4121F042AFAD221462B4647
:10D3700000BF04E013F8014B01F8014B521E002AD4
:10D38000F8D100BFE0E7F0B50C460146E6B204E094
:10D3900002B9F0BD01F8016B521E01F00307002F26
:10D3A000F6D10B46E5B245EA052545EA054501E01B
:10D3B00020C3121F042AFBD2194602E001F8016BB8
:10D3C000521E002AFAD100BFE3E710B506F0F7FEBF
:10D3D000FAF792F906F09CFDBDE8104006F02EBE6B
:10D3E000202801D2012070470020704701224FF011
:10D3F000A043824011B1C3F80C257047C3F808253B
:10D4000070474FF0A04101228240C1F818257047B3
:10D4100070B50346002002466FF02F050EE09C5CBD
:10D42000A4F130060A2E02D34FF0FF3070BD00EB9E
:10D43000800005EB4000521C2044D2B28A42EED359
:10D4400070BD30B50A230BE0B0FBF3F403FB14040A
:10D45000B0FBF3F08D183034521E05F8014CD2B2F7
:10D46000002AF1D130BD30B500234FF6FF7510E032
:10D47000040A44EA002084B2C85C6040C0F303148C
:10D48000604005EA00344440E0B25B1C84EA40108E
:10D490009BB29342ECD330BDF94A137882F88B30BB
:10D4A000A2F88C0082F88A10012082F8880092F895
:10D4B000640008B192F8600082F88E00704710B5E1
:10D4C0000B46114658B11846FFF7E6FFED48806855
:10D4D000008802F026FFBDE8104002F0CDBBBDE899
:10D4E00010404FF6FF70D7E770B50026044646702F
:10D4F000E44D1120207029682022A01C6831FFF71C
:10D5000018FF0121A171286800F8666F8078002853
:10D5100011D1DB48B0F86A20A0F89220AA68537BAA
:10D5200080F8943080F89010108802F0FAFEBDE880
:10D53000704002F0B0BB70BD70B5D24D296891F853
:10D5400096200024012A11D091F89020012A1CD0A5
:10D5500091F86620012A22D091F88820012A21D052
:10D5600091F8A020012A2ED0002070BD447017220F
:10D57000027051F8972FC0F802204A68C0F80620C0
:10D580000A7A827201F8014C1BE044700522027095
:10D59000D1F89220C0F8022081F8904011E0FFF706
:10D5A000A3FF0EE091F86620012AF8D044701422FF
:10D5B000027051F88A2FC0F802208A88C28001F8D0
:10D5C000024C012070BD44701A2200F8022B222266
:10D5D000A131FFF7AEFE286880F8A040F1E7A94826
:10D5E000006890F8661011B1B0F86A0070474FF605
:10D5F000FF70704770B5A34C206800B9FFDF20684A
:10D60000417811B10C25284670BD0025C422294659
:10D61000FFF7B9FE2168FF2008707F2081F83700EE
:10D6200013204884282081F86500012081F85C00DF
:10D63000002081F85F0007F0AFF906F091FCE2E707
:10D6400070B5904C0546206800B9FFDF21680020C6
:10D6500048706560FFF7CEFF002800D0FFDF70BD87
:10D66000884909680978814201D10120704700206A
:10D670007047844800B5016891F82400498CC0F3D4
:10D680008002C0F340031A4400F001001044132943
:10D6900015D004DC102909D0122904D10FE0152976
:10D6A00008D01D2904D0FFDF002000BD764903E02B
:10D6B000764800BD7449083131F8100000BD724948
:10D6C0000839F9E76F4840F271210068806A4843E1
:10D6D00070476C48006890F83600002800D00120A0
:10D6E000704710B5664C207B00F074FD40B1207D82
:10D6F00004F115010BF034FB082801D0012010BD06
:10D70000207B30B1022804D00120BDE8104007F092
:10D71000A6BC0020F9E75A490873704759490968BF
:10D7200081F83000704770B50646554890F82D00D6
:10D730000BF0A4FA050018D010210BF076FD00289C
:10D7400013D1504C012032462168C87628461C313E
:10D7500007F092FCD4E900101C310BF0BFFF6068A9
:10D76000BDE8704001210BF0C8BF70BD2DE9F0414C
:10D77000434C074694F82D000BF0FDFA064694F84A
:10D780002F0004F10E0528B126B194F82D000BF0FE
:10D7900018FAA0B194F83000002824D094F82E0094
:10D7A000002820D0607B294600F025FDA8B10BF0B1
:10D7B0008AFB3A462946BDE8F04107F05DBC0120EE
:10D7C00060733A462946304607F056FC94F82D100F
:10D7D0002846BDE8F0410BF065BB39462846BDE858
:10D7E000F04107F07EBCBDE8F08170B5254C2168A2
:10D7F000087BB0B1022814D0012048730E3107F025
:10D8000018FC2068007B00F0E5FC216881F82F00FF
:10D81000082081F82D00487B0E3100F0E3FC40B970
:10D8200001E00020E9E72168487B0E3100F0E3FCCD
:10D8300000B10120216881F82E0091F82F0018B95D
:10D8400091F82200400706D5087D15310BF088FAC3
:10D85000216881F82D0020680025456004F0ADFDA9
:10D86000216888600020FFF781FF2068C57690F866
:10D87000220040070CD5BDE87040002053E70000AF
:10D88000A405002064000020A0B101008F891300CE
:10D8900070BDFB4A1268137B0370D2F80E0008605B
:10D8A000508A8880704778B5F6490446F44D407B2D
:10D8B00008732A68207810706088ADF8000080B284
:10D8C00000F00101C0F3400341EA4301C0F38003CB
:10D8D00041EA8301C0F3C00341EAC301C0F300136E
:10D8E00041EA0311C0F3401341EA4311C0F3801031
:10D8F00041EA80105084E07D012825D0022825D0FF
:10D90000FFDF286880F85E60217B80F82410418C5E
:10D910001D291DD061688162617D80F83610A17B70
:10D92000C1B1022916D00121017554F80F1FC0F8AA
:10D930001510A188A0F81910217B012900D0002121
:10D9400080F83410002078BD0126DAE70226D8E7F7
:10D950000021E0E70021E7E7C948006890F82200CD
:10D96000C0F38000704700B5FFF7F6FF08B1002054
:10D9700000BD1F2000BD00B5FFF7F5FF002800D057
:10D98000012000BDBE49002209680A664B8C1D2B90
:10D9900002D081F86400704781F864207047B84A6B
:10D9A0000023126882F85D3042F84C1F90800120FD
:10D9B00050747047B24A0023126882F85C30A2F8B3
:10D9C000580042F8541F012010727047AC49096892
:10D9D00081F835007047AA49096881F85F007047EF
:10D9E000A748006890F95F007047A548006890F864
:10D9F000220000F001007047A148006890F8220062
:10DA0000C0F340007047002070479D48006890F8C0
:10DA10002200C0F3C000704701207047012070470A
:10DA20000120704770B500F0FAFB954C2068016E3C
:10DA3000491C016690F83300002530B106F0ACFFB8
:10DA400006F08EFA206880F833502068457090F810
:10DA5000381009B102201AE090F86410B1B1006EDC
:10DA6000814213D8022007F095FF206890F8220029
:10DA7000C00704D0A06843220188012003E04322AC
:10DA80004FF6FF710020BDE8704018E50020BDE8AA
:10DA9000704007F07FBF10B501280DD002280DD0CF
:10DAA00004280FD0FFDF7648006890F85E10BDE8CC
:10DAB0001040252006F0FEBB252000E0262006F0C1
:10DAC000D3FCF0E72720FAE702460020D30701D075
:10DAD000CB0705D0930705D58B0703D402207047E9
:10DAE000012070475207FCD54907FAD4042070473B
:10DAF0002DE9F041624C86B0206800B9FFDF206854
:10DB00004178E9BB0178FF2942D0002580F83150E7
:10DB1000A0F85A50857080F83850284606F09EFECE
:10DB2000182259496846FFF704FC684606F08AFE49
:10DB300006F0CCFB206890F95F0006F085FC5248A7
:10DB40001D3806F087FC5048203806F06CFE6068EF
:10DB500006F087FE2068002190F82400FFF7B4FF4C
:10DB6000FFF799FF206880F82C5006F071FE2068BE
:10DB700090F85E10002006F030FD0F21052000E037
:10DB800006E006F038FC206890F82E1051B902E04B
:10DB90000C2006B027E690F82F1019B990F8220053
:10DBA00040072BD504F009FC804620684146806878
:10DBB00005F004F9354F064690FBF7F007FB1060BF
:10DBC0004142404604F0CDF82168886096FBF7F0AA
:10DBD0004A68104448600BF0BFF821684A689042D8
:10DBE0000CD8C1E901580120FFF7C0FD206890F86A
:10DBF0002200400702D50120FFF795FD2068417BF8
:10DC00000E3006F0EAFB206890F85C1039B1B0F8ED
:10DC10005810A0F84810416D416480F85C5090F8AD
:10DC20005D1041B1B0F85010A0F84010C16C40F840
:10DC30003C1F80F821500BF0FCF8032160680BF0CA
:10DC40002FF9216881F833000020A2E70C49886091
:10DC500070472DE9F0410A4C0746002620683146FE
:10DC6000C57E6068068000F0D1FA2068408C1328D9
:10DC700040D00DDC102861D012280DD15CE00000EE
:10DC800064000020A4050020B0B1010040420F0054
:10DC9000152838D01D2836D0FFDF00BF00F0CAFAA3
:10DCA0002068418C1D2907D0152905D0B0F84820DF
:10DCB000416C60680BF028FD206890F82C1090F8FB
:10DCC0002400FFF701FF05463FB1FFF7E4FE012204
:10DCD0004FF49671002006F01EFD206890F82C107D
:10DCE000294380F82C1090F824208A434FF001013A
:10DCF00029D02DE0002160680BF0C4FC0121606890
:10DD000000F084FACAE7012160680BF0BBFC012136
:10DD1000606800F07BFAD4E9001025B11C310BF0EB
:10DD2000DDFC012104E015310BF0D8FC2068017DF9
:10DD300060680BF0E2FCB1E7062100E002216068B8
:10DD40000BF0A0FCAAE7428C1D2A0BD080F8311002
:10DD50004170418C13290ED007DC10290AD01229FA
:10DD600007D108E080F82C60F2E7152903D01D29BF
:10DD700001D0FFDF37E590F85E20BDE8F0410121DA
:10DD8000084606F05ABEF84810B50068417841B917
:10DD90000078FF2805D00021084600F059FA00203D
:10DDA00010BD00F03CFA0C2010BD2DE9F041EE4D05
:10DDB0000446174628680E4690F8660000B1FFDF5B
:10DDC0002968002F81F868704ED12088A1F86A0078
:10DDD0006088A1F88000A088A1F88200E088A1F8FE
:10DDE000840094F88C0181F8860091F82F0020B10E
:10DDF000487B0E3100F0FFF940B9296891F83000F6
:10DE000060B1487B0E3100F0EDF938B12868D0F8E8
:10DE10000E104167418AA0F8781003E02868476730
:10DE2000A0F878706968FF2E0878C0F380106076DB
:10DE3000D1F80300C4F81A00B1F80710E18314D038
:10DE4000296801F16E02C1F87A00E08BA1F87E002A
:10DE500030466D310AF099FF00B9FFDF286810F8ED
:10DE60006D1F41F002010170BDE42868C0F87A70AE
:10DE7000A0F87E70617E80F86D10D4F81A1040F81A
:10DE80006E1FE18B8180AEE470B5FFF7BEFDB64C2E
:10DE9000012538B13C22FF21A068FFF786FF2068EA
:10DEA00080F86650206890F82200C00704D0A0686F
:10DEB0003C220188012003E03C224FF6FF71002044
:10DEC000FFF7FDFA206880F8385070BDA649096850
:10DED00081F83200704770B5002507F0BAFC50B1E8
:10DEE000A14C20684178012908D0022901D00329DA
:10DEF00036D0FFDF70BDBDE8704093E58178002922
:10DF0000F8D1418C102913D090F8330020B106F0DD
:10DF100019F8402006F02DFD206890F822104907DE
:10DF200010D490F83610012904D0032902D002E061
:10DF3000002119E0102590F85E2045F00E01002028
:10DF400006F07BFD206890F8340008B106F054FD1F
:10DF50000021962006F0B1FC21680220487070BDB7
:10DF600081780029FBD18178BDE87040012000F064
:10DF70006FB957E510B57C4C206890F8340008B1B3
:10DF800000F07AF9206890F8330018B106F004FD2B
:10DF900005F0E6FF07F05DFC88B1206840780228B4
:10DFA00000D0FFDF0021012000F052F92068417805
:10DFB000002903D04078012800D0FFDF10BDBDE864
:10DFC00010402FE510B50AF0CBFE04460AF07DFFA5
:10DFD00038B120460AF052FE18B110210BF025F995
:10DFE00008B1002010BD012010BD2DE9F047DFF879
:10DFF00078910E460746032809D0FFF7F6FC044641
:10E00000D9F8000090F8320020B1012003E0FFF7BA
:10E01000F3FC04460020804606F018FA0546032F5C
:10E020002BD0012734EA080453D0D9F800004C461D
:10E0300090F8330068B10AF0E2FE30700146FF2824
:10E0400007D06068C01C0AF0B7FE30780AF0E1FE25
:10E05000054360680178C1F3801221680B7D9A4204
:10E0600005D10622C01C1531FFF736F938B1002062
:10E070003178FF290BD0D8B903E00227D2E701207D
:10E08000F6E7206890F82D00884211D008E038B1FA
:10E09000616811F8030BC0F38010FFF793FF38B1EC
:10E0A0000020216891F82210490703D5A0B910E09B
:10E0B0000120F6E785B92D4890F8360008B1B8423E
:10E0C00007D1616811F8030BC0F38010FFF77AFFE6
:10E0D00010B10020BDE8F0870120FBE7F8B5224C25
:10E0E0000746002520684078022800D0FFDF20681E
:10E0F00090F8340008B100F0BFF860680BF0E4FA63
:10E1000006460FB306F073F9F0B1052E1DD1606815
:10E1100090F8240000F01F00102816D9206890F80D
:10E12000350090B1FF208DF80000012569460520DB
:10E13000FFF75BFF40B1206880F8A05061682222A1
:10E14000A130C91CFFF7F5F815E060680BF0FCFA88
:10E1500088B1062E0FD2DFE806F00E0E0E030E0B6E
:10E1600000F0CDF806E0000064000020A4050020C7
:10E1700000F091F800B90125206890F8330018B13B
:10E1800006F00AFC05F0ECFE1DB10021012000F0B4
:10E190005FF820684178002906D04178012903D032
:10E1A0004078032800D0FFDFF8BD70B59F4E0546CC
:10E1B0000C463068807800280BD106F02FF8034613
:10E1C0003068214690F85E202846BDE8704007F090
:10E1D000C1BD70BD022803D0032801D000207047C4
:10E1E00001207047012802D14879800901D0002020
:10E1F000704701207047012806D148790121B1EB11
:10E20000901F01D101207047002070470278202321
:10E2100022F0200203EA41110A430270704710B550
:10E2200006F09AFB06F079FB06F0C8FABDE810404C
:10E2300006F0FFBA10B57D4C7D4960680BF048FAD6
:10E240007B480E38417B6068BDE810400BF04CBA4B
:10E25000764A10B5126892F831303BB1508C1D28C7
:10E2600000D1FFDFBDE81040FFF7DCBB002902D181
:10E27000BDE81040EDE410BD10B56C4C206837309F
:10E2800006F0C5FB18B921687F2081F83700BDE88A
:10E29000104006F0A7BB38B5FF208DF8000001251F
:10E2A00069460520FFF7A1FE30B3604C20688078F6
:10E2B00008BB6268A0681278417BC2F3401211402B
:10E2C0004173012100F04AF800229DF80010A06877
:10E2D000FFF76BFD2068012100F8661F82788188B6
:10E2E0000120FFF7ECF8216800204870FFF797FF46
:10E2F000012007F04FFB00E00025284638BD38B567
:10E30000FF208DF80000012569460320FFF76DFE10
:10E31000464C002820681CD090F8341031B190F899
:10E32000960018B99DF8000000F04CF860680021D4
:10E33000018004210BF0A6F9FFF77CFF2068B0F8FC
:10E340004020C16B60680BF0EFF921680320487032
:10E3500002E0807800B90025284638BD70B5334DFD
:10E360000446686850F80F2FC4F80E208288628235
:10E3700082792275C27962750289E282428962805D
:10E380008289A280C289E2800269A260027D227332
:10E39000427D02F01F022276407D400984F88C0104
:10E3A00084F8641084F86510002104F130000BF04B
:10E3B0002AFB286890F8651004F8661F90F85F0043
:10E3C000607070BD70B5194C0122216881F89620EB
:10E3D0000A7881F89720FF280DD001F19902983131
:10E3E0000AF0D3FC00B9FFDF206810F8981F41F055
:10E3F000020101700CE060680278C2F3801281F8BB
:10E400009820D0F8032041F8992FB0F807008880B1
:10E41000256895F837009F357F2800D1FFDF2068F9
:10E4200010F8371F29707F21017070BD6400002033
:10E43000B20500202DE9FC470C460646694600F06F
:10E4400010FF002860D1FFF7CAF8B0425CD0214627
:10E45000304608F0DEFF28BB019D95F82C01703591
:10E4600018B9287F08B1012000E00020814695F806
:10E4700039004FF000084FF0010AA0B195F83A00BA
:10E48000800710D584F8018084F800A084F8028009
:10E49000A68095F83B10A171A98F2181E98F618138
:10E4A00085F839802DE0304601F04DFF070000D19E
:10E4B000FFDF384601F06DF940B184F801800D218D
:10E4C0002170A680E08084F802A01AE0304601F0B6
:10E4D00028FF070000D1FFDFB9F1000F14D0384644
:10E4E00001F0AFF980B1304606F01EFD84F80180DE
:10E4F0000A21217084F80280A680697FA17185F8C5
:10E500001C800120BDE8FC870020FBE71CB56946A4
:10E5100000F0A7FE00B1FFDF684600F0AFFEF9494A
:10E5200000208968A1F8F2001CBD2DE9FC410446D9
:10E530000E46062001F06EFD00250746A84606445B
:10E5400017E02088401C80B22080B04202D34046B1
:10E55000A4F8008080B2B84204D3B04202D20020B6
:10E56000BDE8FC81694600F07CFE0028F8D06D1CF7
:10E57000EDB2AE42E5D84FF6FF7020801220EFE7F3
:10E5800010B506F043FD0AF026FBDF484FF6FF7199
:10E5900000234182818203701B2141804FF4A472C9
:10E5A0008280C180028103228275C2758272042436
:10E5B000C4728181C1810282837610BD70B5D14C55
:10E5C0000D466060217006F0ADFC00F063FEFFF7C1
:10E5D000D7FF207809F09EFD284607F04DFACA487B
:10E5E0002838FFF72DF82178606808F0F6FFBDE8BD
:10E5F00070400AF0F0BA10B501240AB1002010BD35
:10E6000021B1012903D00024204610BD02210BF0C6
:10E61000CBF8F9E7887800B90320C97801B903215C
:10E62000107019700020704730B587B0044600881C
:10E63000694600F016FE002806D1A08830B10128F6
:10E6400004D0022802D0122007B030BD05AB04AAC6
:10E6500021466846FFF7DEFF0400F5D1019901204D
:10E6600081F8C501019991F81012002539B9019975
:10E6700091F8C41119B9019991F8971009B13A2488
:10E6800015E00199039581F8C40101989DF81020C7
:10E6900080F8C621019B9DF8140083F8C7018DF80E
:10E6A0000C208DF80D0003AA01200AF0F4FE019859
:10E6B00080F8C5512046C7E710B504460020A17870
:10E6C00001B90120E2780AB940F0020000F0F6FD3D
:10E6D000002803D12046BDE81040A5E710BD70B565
:10E6E0000D4604460189002380880AF0C9FE696A44
:10E6F00081421DD2401A401CA1884008091A8AB2E2
:10E70000A2802189081A2081668895F86410104635
:10E710000AF08DFE864200D230466080E68895F889
:10E72000651020890AF083FE864200D23046E080E0
:10E7300070BDF0B585B00D46064603A900F091FD09
:10E7400000282AD104990022FB20B1F84E30FB2B7F
:10E7500000D30346B1F85040FB20FB2C00D3044605
:10E76000DFF8A8C19CE8811000900197CDF808C09F
:10E77000ADF80230ADF806406846FFF7B0FF6E8096
:10E78000BDF80400E880BDF808006881BDF802000B
:10E79000A880BDF806002881002005B0F0BD2DE955
:10E7A000F04186B004460088694600F05AFD002812
:10E7B00059D12189E08800F09BFD002853D1A18820
:10E7C000608800F095FD00284DD12189E08800F097
:10E7D00085FD002847D1A188608800F07FFD0600F4
:10E7E00041D1208802A9FFF7A4FF00B1FFDFBDF8E7
:10E7F000101062880920914235D3BDF80C10E288D0
:10E80000914230D3BDF81210BDF80E202389114477
:10E81000A2881A44914226D3019D01274FF0000897
:10E8200085F8BB71019890F8FC0105F5DD7508B11C
:10E830003A2615E0E08868806088E880218940F603
:10E840004800814200D30146A980A188814200D2BC
:10E8500008462881002228460199FFF740FF2F70C3
:10E8600085F80180304606B0BDE8F08197E710B525
:10E870000446FEF761FE002813D0207814280FD13B
:10E88000A07868B1A088062101F018FC40B100888A
:10E8900006F04AFBA088062101F022FC00B1FFDF50
:10E8A000012010BD2DE9F041060000D1FFDF164820
:10E8B000022114308046FFF738FE00B1FFDF124C12
:10E8C0000620A78A01F0A6FB0546A08AA84203D12C
:10E8D0003046FFF7CCFF20B9A08A3146FFF7AAFDEA
:10E8E00030B1304600F012FD0028EED10120BBE728
:10E8F00002214046FFF719FE10B9A08AB842E4D1C0
:10E900000020B1E77000002090060020C8B101008F
:10E9100010B500F083FC08B10C2010BD0AF096F988
:10E92000002010BD10B50446007818B1012801D0B0
:10E93000122010BD00F07DFC20B10AF0FDF908B1F5
:10E940000C2010BD207800F053FCE21D04F11703E9
:10E95000611CBDE810400AF09BB910B5044600F0F8
:10E960005DFC08B10C2010BD207818B1012801D041
:10E97000122010BD00F03CFC611C0AF041F908B106
:10E98000002010BD072010BD10B50AF0D9F908B15C
:10E99000002010BD302010BD10B5044600F049FC29
:10E9A00008B10C2010BD20460AF0C2F9002010BDAD
:10E9B00010B500F03EFC20B10AF0BEF908B10C2001
:10E9C00010BD0AF0A7F9002010BDFF2181704FF69D
:10E9D000FF718180F84949680A7882718A880281CA
:10E9E0004988418101214170002070471CB50024F5
:10E9F00012F1080F15D00CDC12F1280F11D012F112
:10EA0000140F0ED012F1100F0BD012F10C0F0CD10D
:10EA100007E012F1040F04D01AB1032A01D0042A2E
:10EA200003D1012804D0032806D0122420461CBD9F
:10EA30001046FEF7D0FFF9E708461446694600F095
:10EA400010FC08B10224F1E7019880F86740002427
:10EA5000ECE710B5134601220AF003FC002010BDBC
:10EA600010B5044600F0E5FB08B10C2010BD2146AE
:10EA7000002006F0CCFA002010BD10B5044607F0C7
:10EA800095F920B1207807F003F8002010BD0C2084
:10EA900010BD10B5044600F0CCFB08B10C2010BD31
:10EAA0002146012006F0B3FA002010BD38B5044617
:10EAB0004FF6FF70ADF80000A079E179884216D0DA
:10EAC0002079FEF78DFC90B16079FEF789FC70B17A
:10EAD0000022A07911460BF0DBFB40B90022E0795F
:10EAE00011460BF0D5FB10B9207A072801D9122066
:10EAF00038BD07F067F948B900216846FFF715FDF2
:10EB000020B1204605F0ADFB002038BD0C2038BDFB
:10EB10002DE9FC41817804461A2925D00EDC1629FE
:10EB20002DD2DFE801F02C2C2C2C2C212C2C2C2C81
:10EB30002C2C2C2C2C2C2C2C2C2121212A291ED0A5
:10EB40000BDCA1F11E010C2919D2DFE801F0181825
:10EB50001818181818181818180D3A3904290ED250
:10EB6000DFE801F00D020D022088B0F5706F06D2CB
:10EB70000127694600F075FB18B10220F0E412206D
:10EB8000EEE4019D68462E4605F5C87506F291161D
:10EB900000F05AFB08B1287808B10C20E0E42F708F
:10EBA000A0783070684600F069FB0020D8E41CB5FE
:10EBB0000C46694600F055FB002118B12160217117
:10EBC00002201CBD0198024610F1700080F842102E
:10EBD00093682360137B237190F84230002BF5D1AA
:10EBE00000201CBD10B5044600F023FB20B10AF044
:10EBF000A3F808B10C2010BD207800F0F9FAE279F2
:10EC0000611C0AF06EF908B1002010BD022010BD91
:10EC100010B5886E60B1002241F8682F0120CA71DA
:10EC2000897988400BF028FB002800D01F2010BDF8
:10EC30000C2010BD1CB50C46694600F012FB0028E4
:10EC400005D10198B0F87000401C208000201CBD48
:10EC50001CB504460088694600F003FB08B1022099
:10EC60001CBD606828B1DDE90001224600F09CFB74
:10EC70001CBDDDE90001FFF7CBFF1CBD10B500781E
:10EC8000012800D00020FEF7A1FE002010BDF0B545
:10EC900044888188C288038945898089A71F40F6F6
:10ECA0007B46B74215D28F1FB74212D28C4210D882
:10ECB000B2F5FA7F0DD2A3F10A04361FB44208D28E
:10ECC000521C4A43B2EB830F03DA854201D800207D
:10ECD000F0BD3020F0BDF8B515460E46044607F0ED
:10ECE00071F808B10C20F8BD204600F09CFB00280C
:10ECF000F9D1A078C1064FF01100F4D5E17D0329C8
:10ED0000F1D0FEF76DFE3070A07555B9FF208DF87B
:10ED1000000069460020FEF74DFE69460020FEF720
:10ED20003EFE2046BDE8F840FEF7BDBD0022D2E71A
:10ED30000078C10801D01220704720498876002051
:10ED4000704710B504460078C00704D1608810B140
:10ED5000FEF711FE80B12078618800F00102607832
:10ED600000F0ACFB002806D1FEF7FDFD01466088EF
:10ED7000884203D9072010BD122010BD6168FEF73C
:10ED800019FE002010BD10B504460078C00704D15C
:10ED9000608810B1FEF730FE90B12078618800F0F5
:10EDA0000102607800F08AFB002804D16088616865
:10EDB000FEF7F5FD002010BD700000209006002039
:10EDC0001220F8E77CB5044640784225012808D88F
:10EDD000A078FEF745FC20B120781225012802D04A
:10EDE00090B128467CBDFEF710FE20B1A088002817
:10EDF000F7D08028F5D8FEF70FFE60B160780028C4
:10EE0000EFD02078012808D006F07EF9044606F0FD
:10EE100009FE00287FD00C207CBDFEF762FC10B9F3
:10EE2000FEF7F1FD90B306F0CDFF0028F3D1FEF719
:10EE3000D6FBA0F57F41FF39EDD1FEF7D6FCA688C1
:10EE400042F210704643A079FEF79CFDFEF7CDFD1F
:10EE5000F8B10022062101A801F002F9040058D0FF
:10EE6000F7480021846020460AF01EF92046FEF78C
:10EE7000EDFEF44D04F13000AA89E989C2830184D2
:10EE8000FEF7CCFD60B1288A01210DE0FFE71220DA
:10EE90007CBD3146002006F0FEFD88B3FFDF44E074
:10EEA000FEF7BEFD0146288A06F090FE0146A062EC
:10EEB0000022204606F02BF9FEF7B0FD38B9FEF728
:10EEC000AFFD0246214601200AF0E3FAD0B1DD4A47
:10EED0002146163201200AF0DEFAE87A0090AB7A79
:10EEE000EA89A989208801F0A5F900B1FFDF20880F
:10EEF00006F019F83146204606F0CDFD00B1FFDFDF
:10EF000013E008E00621BDF8040001F0E9F800B1C3
:10EF1000FFDF09207CBD44B1208806F005F8208879
:10EF2000062101F0DDF800B1FFDF00207CBD0021EB
:10EF300048E770B50D46062101F0C0F8040003D083
:10EF400094F8930110B10AE0022070BD94F87D009E
:10EF5000142801D0152802D194F8E00108B10C2042
:10EF600070BD1022294604F5CA70FEF7E2F90120AF
:10EF700084F89301002070BD10B5062101F09EF8C1
:10EF800018B190F8931111B107E0022013E790F83F
:10EF90007D10142903D0152901D00C200BE7022184
:10EFA00080F89311002006E72DE9FC410D464BF651
:10EFB00080321221954213D895B1694600F051F97B
:10EFC00000280CD1019EB41C703627882A46394689
:10EFD00030460AF02AF82088B842F6D10020CDE564
:10EFE0000846CBE51CB504460088694600F039F9AF
:10EFF000002808D10199A378084691F82C20703197
:10F000009A4201D10C201CBD7F220A728A72002212
:10F01000CA72E17880F82D10217980F82E10A1783D
:10F0200080F82C1010461CBD1CB50C46694600F03B
:10F0300018F9002806D1019890F88C0000B1012041
:10F04000207000201CBD7CB50D461446694600F0BA
:10F0500008F9002805D1019890F82C00012801D06A
:10F060000C207CBD019890F87810297090F87900F8
:10F07000207000207CBD70B50D461646062101F0BB
:10F080001DF818B381880124C388428804EB410429
:10F09000AC4217D842F210746343A4106243B3FB2E
:10F0A000F2F2521E94B24FF4FA72944200D914460E
:10F0B000A54200D22C46491C641CB4FBF1F24A4321
:10F0C000521E91B290F8CC211AB901E0022070BD15
:10F0D00001843180002070BD10B50C46062100F07F
:10F0E000EDFF48B180F8FF4024B190F8FD1009B160
:10F0F00006F083FD00205EE602205CE6017899B10F
:10F10000417889B141881B290ED381881B290BD3F3
:10F11000C188022908D34B490268283941F8322FA7
:10F1200040684860002070471220704710B506F014
:10F130001EFD00203FE610B506F01CFD00203AE65B
:10F1400070B514460A46064600250121104606F011
:10F150003DFD002800D8284605460121304600F034
:10F160004EF806460121002000F049F8311801222E
:10F1700096318D4206D901F19600691AB1FBF0F083
:10F18000401C82B22280002070BD10B5044600F001
:10F1900050F808B10C200EE6601C09F08FFE2078B4
:10F1A00000F00100FEF7BAFA002004E610B50446AC
:10F1B000062000F021FF08B10C20FCE52078C007F4
:10F1C00010D00022607811460BF062F808B11220CE
:10F1D000F1E5A06808F073FD6078616808F078FDDB
:10F1E0000020E8E5002008F06AFD00210846F5E768
:10F1F00018B1022801D0012070470020704710B5D7
:10F20000012904D0022905D0FFDF2046D3E5C00044
:10F21000503001E080002C3084B2F6E710B506F0E3
:10F22000D1FD20B1FEF755FA08B10120C3E5002059
:10F23000C1E510B506F0C6FD002800D00120BAE5F2
:10F240007000002090060020416891F82C0191F890
:10F250008C1021B918B1042801D00120704700207A
:10F26000704710B50C46062100F028FF606018B109
:10F270000120207000209EE502209CE5416891F865
:10F28000FD20002A05D0002281F8FD20406806F00C
:10F29000B4BC704708B54FF6FF70ADF8000006E04B
:10F2A0000621BDF8000000F01BFF00B1FFDF0021C8
:10F2B0006846FFF73AF90028F2D008BD70B5144649
:10F2C0000546012200F00EF9002806D12146284605
:10F2D000BDE87040002200F005B970BDFB2803D8DE
:10F2E00040F64800814201D9112070470020704744
:10F2F0001B38E12806D2B1F5A47F03D344F2902055
:10F30000814201D912207047002070471FB58E49F5
:10F31000897ECA0702D10278192A0AD08A0702D444
:10F320000278182A24D0490739D40178122933D019
:10F3300035E04088ADF8000002A9FFF792FF00B168
:10F34000FFDF039810F8601F8DF8021040788DF8E9
:10F3500003000020ADF8040001B9FFDF9DF80300B1
:10F3600000B9FFDF6846FFF7A7F9D8B1FFDF19E062
:10F370004088ADF8000040F64800FB21ADF80400DD
:10F38000ADF80800ADF80210ADF806106846FFF7BA
:10F390006DFA38B1FFDF05E0007BC00702D0002026
:10F3A00004B008E50120FBE7F8B50646508914468D
:10F3B0000F4640B1B0F5004F05D20022A0781146AB
:10F3C0000AF066FF08B11220F8BDB86E394607F1A1
:10F3D000700530B1A07891F86E20904201D00C20D9
:10F3E000F8BD012081F86F00A07881F86E00606898
:10F3F00041F8680F608988802089A884002087F8F8
:10F400006F0020886946FFF715FCA88CBDF8001036
:10F41000081A00B2002804DD39463046FFF7F8FB31
:10F42000DDE70020F8BD38B504460078EF2841D864
:10F430006088ADF80000009800F061F888B361883A
:10F44000080708D4D4E90120824233D8202A31D3D6
:10F45000B0F5804F2ED8207B18B307282AD8607BC0
:10F4600028B1012803D0022801D0032822D14A075D
:10F4700003D4022801D0032805D1A07B08B10128BC
:10F4800018D1480707D4607D28B1012803D002288D
:10F4900001D003280ED1C806E07D03D5012809D18B
:10F4A00004E007E0012801D0032803D1E07E18B171
:10F4B000012801D0122038BD002038BD70B50C469F
:10F4C0000546FF2904D8FEF7A9FA18B11F2C01D967
:10F4D000122070BD2846FEF7C3F808B1002070BDA9
:10F4E000422070BD0AB1012200E00222024202D194
:10F4F000880802D109B1002070471120704780B2FE
:10F50000C1060BD401071CD481064FEAC07101D596
:10F51000B9B900E099B1800713D410E0410610D4C6
:10F5200081060ED4C1074FEA807104D0002902DBA6
:10F53000400704D405E0010703D4400701D40120AB
:10F5400070470020704700009006002030B5058805
:10F5500025F4004421448CB24FF4004194420AD275
:10F56000121B92B21B339A4201D2A94307E005F461
:10F570000041214303E0A21A92B2A9431143018042
:10F5800030BD0844083050434A31084480B27047C7
:10F5900070B51D4616460B46044629463046049A69
:10F5A000FFF7EFFF0646B34200D2FFDF282200211B
:10F5B0002046FDF7E8FE4FF6FF70A082283EB0B26D
:10F5C00065776080B0F5004F00D9FFDF618805F1F5
:10F5D0003C00814200D2FFDF60880835401B343890
:10F5E00080B220801B2800D21B2020800020A07722
:10F5F00070BD8161886170472DE9F05F0D46C1885B
:10F60000044600F12809008921F4004620F400484E
:10F6100000F063FB10B10020BDE8F09F4FF0000A3E
:10F620004FF0010BB0450CD9617FA8EB0600401AE2
:10F630000838854219DC09EB06000021058041806D
:10F640001AE06088617F801B471A083F0DD41B2F8A
:10F6500000DAFFDFBD4201DC294600E0B9B2681ADA
:10F660000204120C04D0424502DD84F817A0D2E750
:10F6700009EB06000180428084F817B0CCE770B532
:10F68000044600F12802C088E37D20F400402BB13D
:10F6900010440288438813448B4201D2002070BD7D
:10F6A00000258A4202D30180458008E0891A0904B6
:10F6B000090C418003D0A01D00F01FFB08E0637F10
:10F6C00000880833184481B26288A01DFFF73EFF0E
:10F6D000E575012070BD70B5034600F12804C588AA
:10F6E000808820F400462644A84202D100201882D7
:10F6F00070BD98893588A84206D3401B75882D1A9D
:10F700002044ADB2C01E05E02C1AA5B25C7F204497
:10F710003044401D0C88AC4200D90D809C8924B136
:10F72000002414700988198270BD0124F9E770B5AE
:10F73000044600F12801808820F400404518208A02
:10F74000002825D0A189084480B2A08129886A8830
:10F750001144814200D2FFDF2888698800260844CE
:10F76000A189884212D1A069807F2871698819B166
:10F77000201D00F0C2FA08E0637F2888083318448F
:10F7800081B26288201DFFF7E1FEA681268201205A
:10F7900070BD2DE9F041418987880026044600F1BB
:10F7A0002805B94219D004F10A0800BF21F400402D
:10F7B0002844418819B1404600F09FFA08E0637F71
:10F7C00000880833184481B262884046FFF7BEFEC5
:10F7D000761C6189B6B2B942E8D13046BDE8F08105
:10F7E0002DE9F04104460B4627892830A68827F4E6
:10F7F0000041B4F80A8001440D46B74201D100200F
:10F80000ECE70AB1481D106023B1627F691D1846FC
:10F81000FDF78FFD2E88698804F1080021B18A194F
:10F8200096B200F06AFA06E0637F6288083399199D
:10F8300089B2FFF78BFE474501D1208960813046B0
:10F84000CCE78188C088814201D101207047002027
:10F85000704701898088814201D1012070470020D2
:10F86000704770B58588C38800F1280425F40042EC
:10F8700023F4004114449D421AD08389058A5E19FD
:10F8800025886388EC18A64214D313B18B4211D398
:10F890000EE0437F08325C192244408892B2801AFD
:10F8A00080B22333984201D211B103E08A4201D1E0
:10F8B000002070BD012070BD2DE9F0478846C18849
:10F8C0000446008921F4004604F1280720F400458D
:10F8D00007EB060900F001FA002178BBB54204D914
:10F8E000627FA81B801A002503E06088627F801B6E
:10F8F000801A083823D4E28962B1B9F80020B9F837
:10F9000002303BB1E81A2177404518DBE0893844E2
:10F91000801A09E0801A217740450ADB607FE1897F
:10F920000830304439440844C01EA4F81280BDE8B1
:10F93000F087454503DB01202077E7E7FFE7618299
:10F940000020F4E72DE9F74F044600F12805C088B0
:10F95000884620F4004A608A05EB0A0608B1404553
:10F9600002D20020BDE8FE8FE08978B13788B6F872
:10F97000029007EB0901884200D0FFDF207F4FF0A3
:10F98000000B50EA090106D088B33BE00027A07FB6
:10F99000B9463071F2E7E18959B1607F29440830F6
:10F9A00050440844B4F81F1020F8031D94F82110A7
:10F9B0008170E28907EB080002EB0801E1813080E9
:10F9C000A6F802B002985F4650B1637F30880833D2
:10F9D000184481B26288A01DFFF7B8FDE78121E0DD
:10F9E000607FE18908305044294408442DE0FFE756
:10F9F000E089B4F81F102844C01B20F8031D94F8B8
:10FA00002110817009EB0800E28981B202EB080045
:10FA1000E081378071800298A0B1A01D00F06DF9DF
:10FA2000A4F80EB0A07F401CA077A07D08B1E088AC
:10FA3000A08284F816B000BFA4F812B084F817B002
:10FA400001208FE7E0892844C01B30F8031DA4F88B
:10FA50001F10807884F82100EEE710B5818800F14E
:10FA6000280321F400442344848AC288A14212D08E
:10FA7000914210D0818971B9826972B11046FFF745
:10FA8000E8FE50B91089283220F40040104419795A
:10FA90000079884201D1002010BD184610BD00F148
:10FAA0002803407F08300844C01E1060088808B949
:10FAB000DB1E136008884988084480B270472DE92E
:10FAC000F04100F12806407F1C460830904643185C
:10FAD00008884D88069ADB1EA0B1C01C80B29042F7
:10FAE00014D9801AA04200DB204687B298183A4603
:10FAF0004146FDF7F1FB002816D1E01B84B2B84463
:10FB0000002005E0ED1CADB2F61EE8E7101A80B249
:10FB10000119A94206D8304422464146BDE8F041C9
:10FB2000FDF7DABB4FF0FF3058E62DE9F04100F168
:10FB30002804407F1E460830904643180025088858
:10FB40004F88069ADB1E90B1C01C80B2904212D939
:10FB5000801AB04200DB304685B299182A464046EA
:10FB6000FDF7E7FB701B86B2A844002005E0FF1CF0
:10FB7000BFB2E41EEAE7101A80B28119B94206D872
:10FB8000211832464046FDF7D4FBA81985B2284615
:10FB900024E62DE9F04100F12804407F1E4608309C
:10FBA00090464318002508884F88069ADB1E90B1BE
:10FBB000C01C80B2904212D9801AB04200DB30469D
:10FBC00085B298182A464146FDF7B3FB701B86B2F2
:10FBD000A844002005E0FF1CBFB2E41EEAE7101AAB
:10FBE00080B28119B94206D8204432464146FDF719
:10FBF000A0FBA81985B22846F0E5401D704710B556
:10FC0000044600F12801C288808820F4004319448A
:10FC1000904206D0A28922B9228A12B9A28A9042C1
:10FC200001D1002010BD0888498831B1201D00F0A5
:10FC300064F800202082012010BD637F62880833B1
:10FC4000184481B2201DFFF781FCF2E70021C18139
:10FC500001774182C1758175704703881380C2891D
:10FC600042B1C28822F4004300F128021A440A601B
:10FC7000C08970470020704710B50446808AA0F5FF
:10FC80007F41FF3900D0FFDFE088A082E08900B12A
:10FC90000120A07510BD4FF6FF7181820021817592
:10FCA000704710B50446808AA0F57F41FF3900D126
:10FCB000FFDFA07D28B9A088A18A884201D1002059
:10FCC00010BD012010BD8188828A914201D1807DC2
:10FCD00008B1002070470120704720F4004221F451
:10FCE00000439A4207D100F4004001F400418842E9
:10FCF00001D0012070470020704730B504460088CD
:10FD00000D4620F40040A84200D2FFDF21884FF4C6
:10FD1000004088432843208030BD70B50C00054664
:10FD200009D0082C00D2FFDF1DB1A1B2286800F075
:10FD300044F8201D70BD0DB100202860002070BD6A
:10FD40000021026803E093881268194489B2002AEE
:10FD5000F9D100F032B870B500260D4604460829E6
:10FD600000D2FFDF206808B91EE0044620688188C1
:10FD7000A94202D001680029F7D181880646A9422C
:10FD800001D100680DE005F1080293B2002299420A
:10FD900009D32844491B02608180216809682160D9
:10FDA0000160206000E00026304670BD00230B603B
:10FDB0008A8002680A600160704700234360021D68
:10FDC000018102607047F0B50F46018840881546F2
:10FDD0000C181E46AC4200D3641B3044A84200D924
:10FDE000FFDFA019A84200D9FFDF3819F0BD2DE9C7
:10FDF000F041884606460188408815460C181F4683
:10FE0000AC4200D3641B3844A84200D9FFDFE0199C
:10FE1000A84200D9FFDF70883844708008EB0400E6
:10FE2000BDE8F0812DE9F041054600881E461746E1
:10FE3000841B8846BC4200D33C442C8068883044F4
:10FE4000B84200D9FFDFA019B84200D9FFDF6888A7
:10FE50003044688008EB0400E2E72DE9F0410688B1
:10FE60001D460446701980B2174688462080B84265
:10FE700001D3C01B20806088A84200D2FFDF701928
:10FE8000B84200D9FFDF6088401B608008EB0600A5
:10FE9000C6E730B50D460188CC18944200D3A41AA9
:10FEA0004088984200D8FFDF281930BD2DE9F04185
:10FEB000BF4D04469046A8780E46A04200D8FFDF0A
:10FEC00005EB8607786A50F8240000B1FFDFB868B8
:10FED000002816D0304600F032F90146B868FFF726
:10FEE0003AFF05000CD0786A072E40F8245000D362
:10FEF000FFDFB0484246294650F826302046984752
:10FF00002846BDE8F0812DE9F84305000C46009530
:10FF100024D00026E81C20F00300A84200D0FFDF18
:10FF2000DFF88C820027314688F8007088F801409D
:10FF300088F8024088F8034088F8044088F80540B3
:10FF400088F80640684600F003F900204246009910
:10FF5000C91C21F00301009116B10FE00126D9E779
:10FF600002EB80035962002106E000BFD3F824C0F1
:10FF70004CF82170491CC9B2A142F7D30099401C2A
:10FF800001EB8401C0B200910728E0D3481BBDE813
:10FF9000F88310B50446F1F774F908B1102010BDCC
:10FFA0002078834A618802EB800092780EE0436AF1
:10FFB00053F8213043B14A1C6280A180406A50F856
:10FFC0002100A060002010BD491C89B28A42EED8F1
:10FFD0006180052010BD70B505460C460846F1F756
:10FFE00050F908B1102070BD072D01D3072070BD56
:10FFF00025700020608070BD0EB56946FFF7EBFFED
:020000040001F9
:1000000000B1FFDF6846FFF7C4FF08B100200EBD56
:1000100001200EBD10B50446072800D3FFDF644859
:10002000005D10BD3EB5054600246946FFF7D3FFCD
:1000300018B1FFDF01E0641CE4B26846FFF7A9FFD6
:100040000028F8D02846FFF7E5FF001BC0B23EBDF0
:1000500057498978814201D9C0B27047FF20704763
:100060002DE9F04106291BD1514C00273B464FF6A4
:10007000FF7604EB810514F801C00AE0DC19D5F81D
:1000800024E0A4B25EF824E0BEF1000F04D05B1CB3
:100090009BB29C45F2D8344604802046B44201D13C
:1000A00000202EE7BDE8F04100E7A0F57F43FF3BCD
:1000B00001D0072901D300207047F7E6A0F57F4261
:1000C000FF3A0BD0072909D2394A9378834205D9E0
:1000D00002EB8101496A51F8200070470020704707
:1000E0002DE9F04104460D46A4F57F4143F202009C
:1000F000FF3902D0072D01D3072002E72C494FF02A
:1001000000088A78A242F8D901EB8506726A52F893
:100110002470002FF1D0274839461C3050F8252094
:1001200020469047716A284641F8248000F007F87D
:1001300002463946B068FFF739FE0020E1E61D4966
:10014000383131F810004FF6FC71C01C0840704780
:100150002DE9F843164E8846054600242868C01C41
:1001600020F0030028602046FFF7E9FF315D484397
:10017000B8F1000F01D0002200E02A680146009289
:1001800032B100274FEA0D00FFF7C7FD1FB106E0AF
:1001900001270020F8E706EB8401009A8A602968AD
:1001A000641C0844E4B22860072CD7D3EFE60000B3
:1001B000AC060020D4B1010070B50E461D461146B4
:1001C00000F0D5F804462946304600F0D9F820441E
:1001D000001D70BD2DE9F04190460D4604004FF022
:1001E000000610D00027E01C20F00300A04200D041
:1001F000FFDFE5B141460020FFF78FFD0C3000EB3B
:10020000850617B113E00127EDE7624F04F10C00FA
:10021000AA003C602572606000EB85002060002130
:100220006068FDF7B0F841463868FFF776FD304664
:10023000BDE8F0812DE9FF4F564C804681B0206823
:100240009A46934600B9FFDF2068027A424503D9F7
:10025000416851F8280020B143F2020005B0BDE822
:10026000F08F5146029800F082F886B258460E99F7
:1002700000F086F885B27019001D87B22068A1468B
:1002800039460068FFF767FD04001FD067802580AE
:100290002946201D0E9D07465A4601230095FFF76B
:1002A00077F92088314638440123029ACDF800A01E
:1002B000FFF76EF92088C1193846FFF79AF9D9F887
:1002C00000004168002041F82840C7E70420C5E746
:1002D00070B5304C0546206800B9FFDF2068017A10
:1002E000A9420ED9426852F8251051B1002342F8B4
:1002F00025304A880068FFF759FD216800200A7AF6
:1003000008E043F2020070BD4B6853F8203033B967
:10031000401CC0B28242F7D80868FFF711FD0020E8
:1003200070BD70B51B4E05460024306800B9FFDF74
:100330003068017AA94204D9406850F8250000B11C
:10034000041D204670BD70B5124E0546002430686D
:1003500000B9FFDF3068017AA94206D9406850F839
:10036000251011B131F8040B4418204670BD10B5AA
:100370000A460121FFF705F9C01C20F0030010BD5B
:1003800010B50A460121FFF7FCF8C01C20F003005D
:1003900010BD00007C00002070B50446C2F11005BD
:1003A0002819FCF7C6FF15F0FF0109D0491ECAB293
:1003B0008020A0542046BDE870400021FCF7E3BF38
:1003C00070BD30B505E05B1EDBB2CC5CD55C6C402B
:1003D000C454002BF7D130BD10B5002409E00B78D0
:1003E000521E44EA430300F8013B11F8013BD2B22C
:1003F000DC09002AF3D110BD2DE9F04389B01E4677
:10040000DDE9107990460D00044622D002460846E8
:10041000F949FEF71EFB102221463846FFF7DCFFA4
:10042000E07B000606D5F44A394610231032084610
:10043000FFF7C7FF102239464846FFF7CDFFF87B8C
:10044000000606D5EC4A4946102310320846FFF74D
:10045000B8FF102200212046FCF795FF0DE0103E6A
:10046000B6B208EB0601102322466846FFF7A9FF43
:10047000224628466946FEF7ECFA102EEFD818D02F
:10048000F2B241466846FFF787FF10234A466946A5
:1004900004A8FFF796FF1023224604A96846FFF739
:1004A00090FF224628466946FEF7D3FA09B0BDE818
:1004B000F08310233A464146EAE770B59CB01E46E9
:1004C0000546134620980C468DF808002022194650
:1004D0000DF10900FCF72DFF202221460DF1290026
:1004E000FCF727FF17A913A8CDE90001412302AAB1
:1004F00031462846FFF780FF1CB070BD2DE9FF4F45
:100500009FB014AEDDE92D5410AFBB49CDE90076A4
:10051000202320311AA8FFF76FFF4FF000088DF855
:1005200008804FF001098DF8099054F8010FCDF8BB
:100530000A00A088ADF80E0014F8010C1022C0F3D8
:1005400040008DF8100055F8010FCDF81100A88873
:10055000ADF8150015F8010C2C99C0F340008DF88A
:10056000170006A88246FCF7E4FE0AA8834610227C
:100570002299FCF7DEFEA0483523083802AA40681D
:100580008DF83C80CDE900760E901AA91F98FFF7F0
:1005900033FF8DF808808DF809902068CDF80A00A7
:1005A000A088ADF80E0014F8010C1022C0F3400032
:1005B0008DF810002868CDF81100A888ADF8150056
:1005C00015F8010C2C99C0F340008DF81700504627
:1005D000FCF7AFFE584610222299FCF7AAFE864887
:1005E0003523083802AA40688DF83C90CDE90076A2
:1005F0000E901AA92098FFF7FFFE23B0BDE8F08FF8
:10060000F0B59BB00C460546DDE922101E461746A4
:10061000DDE92032D0F801C0CDF808C0B0F805C03F
:10062000ADF80CC00078C0F340008DF80E00D1F892
:100630000100CDF80F00B1F80500ADF813000878FF
:100640001946C0F340008DF815001088ADF816006B
:1006500090788DF818000DF119001022FCF769FE52
:100660000DF1290010223146FCF763FE0DF139002F
:1006700010223946FCF75DFE17A913A8CDE9000149
:10068000412302AA21462846FFF7B6FE1BB0F0BD63
:10069000F0B5A3B017460D4604461E46102202A828
:1006A0002899FCF746FE06A820223946FCF741FEB1
:1006B0000EA820222946FCF73CFE1EA91AA8CDE967
:1006C0000001502302AA314616A8FFF795FE16989E
:1006D000206023B0F0BDF0B589B00446DDE90E0717
:1006E0000D463978109EC1F340018DF80010317825
:1006F0009446C1F340018DF801101968CDF802103D
:100700009988ADF8061099798DF808100168CDF830
:1007100009108188ADF80D1080798DF80F00102335
:100720006A46614604A8FFF74CFE2246284604A903
:10073000FEF78FF9D6F801000090B6F80500ADF885
:100740000400D7F80100CDF80600B7F80500ADF8B1
:100750000A000020039010236A46214604A8FFF7F0
:1007600030FE2246284604A9FEF773F909B0F0BD11
:100770001FB51C6800945B6801931368029352686C
:100780000392024608466946FEF763F91FBD10B59D
:1007900088B00446106804905068059000200690C8
:1007A000079008466A4604A9FEF753F9BDF8000011
:1007B000208008B010BD1FB51288ADF800201A883F
:1007C000ADF80220002201920292039202460846EE
:1007D0006946FEF73EF91FBD7FB5074B1446054637
:1007E000083B9A1C6846FFF7E6FF22466946284602
:1007F000FFF7CDFF7FBD000022B2010070B50446B7
:1008000000780E46012813D0052802D0092813D1FC
:100810000EE0A06861690578042003F07FFA052DD9
:100820000AD0782300220420616903F0CDF903E0A7
:100830000420616903F072FA31462046BDE8704039
:1008400001F08AB810B500F12D03C2799C78411DE2
:10085000144064F30102C271D2070DD04A795C7969
:1008600022404A710A791B791A400A718278C97844
:100870008A4200D9817010BD00224A71F5E74178A3
:10088000012900D00C21017070472DE9F04F93B081
:100890004FF0000B0C690D468DF820B00978012649
:1008A0000C2017464FF00D084FF0110A4FF00809C1
:1008B0001B2975D2DFE811F01B00C40207031F03D8
:1008C0005E037103A303B803F9031A0462049504D9
:1008D000A204EF042D05370555056005F30536061E
:1008E000390668068406FE062207EB06F00614B1F8
:1008F00020781D282AD0D5F808805FEA08004FD05C
:1009000001208DF82000686A02220D908DF82420C5
:100910000A208DF82500A8690A90A8880028EED042
:1009200098F8001091B10F2910D27DD2DFE801F0C4
:100930007C1349DEFCFBFAF9F8F738089CF6F50061
:1009400002282DD124B120780C2801D00026F0E314
:100950008DF82020CBE10420696A03F0DFF9A88834
:100960000728EED1204600F0F2FF022809D02046E9
:1009700000F0EDFF032807D9204600F0E8FF072824
:1009800002D20120207004E0002CB8D02078012889
:10099000D7D198F80400C11F0A2902D30A2061E0C8
:1009A000C4E1A070D8F80010E162B8F80410218604
:1009B00098F8060084F83200012028700320207087
:1009C00044E00728BDD1002C99D020780D28B8D15B
:1009D00098F8031094F82F20C1F3C000C2F3C002AE
:1009E000104201D0062000E00720890707D198F8BF
:1009F00005100142D2D198F806100142CED194F8E8
:100A0000312098F8051020EA02021142C6D194F86C
:100A1000322098F8061090430142BFD198F80400A4
:100A2000C11F0A29BAD200E008E2617D81427CD868
:100A3000D8F800106160B8F80410218198F8060019
:100A4000A072012028700E20207003208DF8200055
:100A5000686A0D9004F12D000990601D0A900F3016
:100A60000B9022E12875FCE3412891D1204600F04B
:100A70006EFF042802D1E078C00704D1204600F0C0
:100A800066FF0F2884D1A88CD5F80C8080B24FF077
:100A9000400BE669FFF745FC324641465B464E4651
:100AA000CDF80090FFF741F80B208DF82000686A20
:100AB0000D90E0690990002108A8FFF79FFE2078BB
:100AC000042806D0A07D58B1012809D003280AD0F7
:100AD0004AE305202070032028708DF82060CEE1C5
:100AE00084F800A032E712202070EAE11128BCD17E
:100AF000204600F02CFF042802D1E078C00719D06E
:100B0000204600F024FF062805D1E078C00711D167
:100B1000A07D02280ED0204608E0CCE084E072E1FF
:100B200051E124E103E1E9E019E0B0E100F00FFF59
:100B300011289AD1102208F1010104F13C00FCF7C0
:100B4000F8FB607801286ED012202070E078C00792
:100B500060D0A07D0028C8D00128C6D05AE0112856
:100B600090D1204600F0F3FE082804D0204600F083
:100B7000EEFE132886D104F16C00102208F1010169
:100B80000646FCF7D6FB207808280DD014202070EC
:100B9000E178C8070DD0A07D02280AD06278022A29
:100BA00004D00328A1D035E00920F0E708B10128DE
:100BB00037D1C80713D0A07D02281DD00020009097
:100BC000D4E9062133460EA8FFF777FC10220EA9C0
:100BD00004F13C00FCF780FBC8B1042042E7D4E9F3
:100BE0000912201D8DE8070004F12C0332460EA8DF
:100BF000616BFFF770FDE9E7606BC1F34401491ECB
:100C00000068C84000F0010040F08000D7E720787D
:100C1000092806D185F800908DF8209036E32870D9
:100C2000EFE30920FBE79EE1112899D1204600F06F
:100C30008EFE0A2802D1E078C00704D1204600F0D9
:100C400086FE15288CD104F13C00102208F1010128
:100C50000646FCF76EFB20780A2816D01620207076
:100C6000D4E90932606B611D8DE80F0004F15C036B
:100C700004F16C0247310EA8FFF7C2FC10220EA946
:100C80003046FCF729FB18B1F9E20B20207073E223
:100C90002046FFF7D7FDA078216AC0F110020B189B
:100CA00000211846FCF76FFB26E3394608A8FFF73A
:100CB000A5FD06463CE20228B7D1204600F047FEDB
:100CC000042804D3204600F042FE082809D3204619
:100CD00000F03DFE0E2829D3204600F038FE1228F1
:100CE00024D2A07D0228A0D10E208DF82000686AB1
:100CF0000D9098F801008DF82400F5E3022894D1B6
:100D0000204600F024FE002810D0204600F01FFEF0
:100D10000128F9D0204600F01AFE0C28F4D0042057
:100D20008DF8240098F801008DF8250060E2112864
:100D3000FCD1002CFAD020781728F7D16178606AAE
:100D4000022912D05FF0000101EB4101182606EBE9
:100D5000C1011022405808F10101FCF7EAFA042011
:100D6000696A00F0E7FD2670F0E50121ECE70B2849
:100D7000DCD1002CDAD020781828D7D16078616ACD
:100D800002281CD05FF0000000EB4002102000EBB6
:100D9000C2000958B8F8010008806078616A02282A
:100DA0000FD0002000EB4002142000EBC2000958D5
:100DB000404650F8032F0A604068486039E001203F
:100DC000E2E70120EEE71128B0D1002CAED0207868
:100DD0001928ABD16178606A022912D05FF0000156
:100DE00001EB41011C2202EBC1011022405808F125
:100DF0000101FCF79EFA0420696A00F09BFD1A20AD
:100E0000B6E00121ECE7082890D1002C8ED02078A4
:100E10001A288BD1606A98F80120017862F34701A3
:100E20000170616AD8F8022041F8012FB8F8060075
:100E300088800420696A00F07DFD90E2072011E6B9
:100E40003878012894D1182204F114007968FCF74D
:100E500070FAE079C10894F82F0001EAD001E07837
:100E600061F30000E070217D002974D1217803290D
:100E700009D0C00725D0032028708DF82090686A1B
:100E80000D90412008E3607DA178884201D90620B9
:100E9000E8E502262671E179204621F0E001E171C2
:100EA000617A21F0F0016172A17A21F0F001A17262
:100EB000FFF7C8FC2E708DF82090686A0D9007200F
:100EC000EAE20420ABE6387805289DD18DF82000B1
:100ED000686A0D90B8680A900720ADF824000A9857
:100EE0008DF830B06168016021898180A17A8171BB
:100EF00004202070F8E23978052985D18DF820107A
:100F0000696A0D91391D09AE0EC986E80E004121AE
:100F1000ADF824108DF830B01070A88CD7F80C8084
:100F200080B24026A769FFF70EFA41463A4633469B
:100F3000C846CDF80090FEF72CFE002108A8FFF768
:100F40005DFCE07820F03E00801CE07020780528F1
:100F500002D00F200CE04AE1A07D20B1012802D090
:100F6000032802D002E10720BEE584F80080EDE40A
:100F70002070EBE4102104F15C0002F0E8FB606BF0
:100F8000B0BBA07D18B1012801D00520FDE00620EE
:100F90002870F8486063A063C2E23878022894D1D0
:100FA000387908B12875B7E3A07D022802D003285C
:100FB00005D022E0B8680028F5D060631CE06078B6
:100FC000012806D0A07994F82E10012805D0E94810
:100FD00006E0A17994F82E00F7E7B8680028E2D07F
:100FE0006063E078C00701D0012902D0E14803E046
:100FF00003E0F8680028D6D0A06306200FE68DF83D
:101000002090696A0D91E1784846C90709D0617856
:10101000022903D1A17D29B1012903D0A17D032992
:1010200000D00720287033E138780528BBD120781C
:1010300007281ED084F800A005208DF82000686ADB
:101040000D90B8680A90ADF824A08DF830B0032157
:101050000170E178CA070FD0A27D022A1AD00021C0
:101060000091D4E9061204F15C03401CFFF725FA55
:101070006BE384F80090DFE7D4E90923211D8DE8B4
:101080000E0004F12C0304F15C02401C616BFFF7BD
:1010900022FB5AE3626BC1F34401491E1268CA4045
:1010A00002F0010141F08001DAE738780528BDD16E
:1010B0008DF82000686A0D90B8680A90ADF824A0F9
:1010C0008DF830B0042100F8011B102204F15C01FE
:1010D000FCF72FF9002108A8FFF790FB20780928DA
:1010E00001D0132044E70A2020709AE5E078C10778
:1010F00042D0A17D012902D0022927D038E06178B1
:1011000008A8012916D004F16C010091D4E9061257
:1011100004F15C03001DFFF7BBFA0A2028700326C8
:101120008DF82080686A0D90002108A8FFF766FB03
:10113000E1E2C7E204F15C010091D4E9062104F187
:101140006C03001DFFF7A4FA0026E9E7C0F3440191
:1011500014290DD24FF0006101EBB0104FEAB060DE
:10116000E0706078012801D01020BDE40620FFE681
:10117000607801283FF4B6AC0A2050E5E178C90751
:1011800008D0A17D012903D10B202870042030E074
:1011900028702EE00E2028706078616B012818D02E
:1011A00004F15C0304F16C020EA8FFF7E1FA20469B
:1011B000FFF748FBA0780EAEC0F1100230440021CA
:1011C000FCF7E1F806208DF82000686A09960D907A
:1011D0009BE004F16C0304F15C020EA8FFF7C8FA6F
:1011E000E8E73978022903D139790029D0D0297567
:1011F00092E28DF82000686A0D9056E5387807284D
:10120000F6D1D4E909216078012808D004F16C00F6
:10121000CDE90002029105D104F16C0304E004F170
:101220005C00F5E704F15C0304F14C007A680646C3
:10123000216AFFF763F96078012822D1A078216A3A
:10124000C0F110020B1800211846FCF79CF8D4E9F5
:101250000923606B04F12D018DE80F0004F15C039C
:1012600000E05BE204F16C0231460EA8FFF7C8F91A
:1012700010220EA904F13C00FCF72EF808B10B2057
:10128000ACE485F8008000BF8DF82090686A0D906E
:101290008DF824A009E538780528A9D18DF820001B
:1012A000686A0D90B8680A90ADF824A08DF830B047
:1012B00080F80080617801291AD0D4E9092104F16D
:1012C0002D03A66B03910096CDE9013204F16C0366
:1012D00004F15C0204F14C01401CFFF791F900217C
:1012E00008A8FFF78BFA6078012805D015203FE6A3
:1012F000D4E90912631DE4E70E20287006208DF85A
:101300002000686ACDF824B00D90A0788DF82800F0
:10131000CBE438780328C0D1E079C00770D00F2023
:101320002870072065E7387804286BD11422391D0E
:1013300004F11400FBF7FDFF616A208CA1F809009D
:10134000616AA078C871E179626A01F003011172E3
:10135000616A627A0A73616AA07A81F824001620B1
:101360005DE485F800A08DF82090696A50460D91E3
:1013700092E0000022B201003878052842D1B86816
:10138000A8616178606A022901D0012100E0002192
:1013900001EB4101142606EBC1014058082102F07F
:1013A000D6F96178606A022901D0012100E00021AC
:1013B00001EB410106EBC101425802A8E169FFF7C8
:1013C0000BFA6078626A022801D0012000E0002058
:1013D00000EB4001102000EBC1000223105802A9CD
:1013E0000932FEF7EEFF626AFD4B0EA80932A169D1
:1013F000FFF7E1F96178606A022904D0012103E076
:1014000044E18DE0BFE0002101EB4101182606EB2D
:10141000C101A27840580EA9FBF78BFF6178606A82
:10142000022901D0012100E0002101EB410106EB7E
:10143000C1014158A0780B18C0F1100200211846D4
:10144000FBF7A1FF05208DF82000686A0D90A869C0
:101450000A90ADF824A08DF830B0062101706278B2
:10146000616A022A01D0012200E0002202EB42025E
:1014700006EBC202401C89581022FBF75AFF0021DC
:1014800008A8FFF7BBF91220C5F818B028708DF82E
:101490002090686A0D900B208DF8240005E43878C0
:1014A000052870D18DF82000686A0D90B8680A9000
:1014B0000B20ADF824000A98072101706178626A58
:1014C000022901D0012100E0002101EB410310219C
:1014D00001EBC30151580988A0F801106178626AD4
:1014E000022902D0012101E02FE1002101EB41039B
:1014F000142101EBC30151580A6840F8032F4968D1
:10150000416059E01920287001208DF8300074E600
:10151000162028708DF830B0002108A8FFF76EF96A
:10152000032617E114202870AEE6387805282AD162
:101530008DF82000686A0D90B8680A90ADF824A074
:101540008DF830B080F800906278616A4E46022AC9
:1015500001D0012200E0002202EB42021C2303EB37
:10156000C202401C89581022FBF7E3FE002108A8A4
:10157000FFF744F9152028708DF82060686A0D90F7
:101580008DF8246039E680E0387805287DD18DF823
:101590002000686A0D90B8680A90ADF8249009217F
:1015A00001706169097849084170616951F8012F3A
:1015B000C0F802208988C18020781C28A8D1A1E722
:1015C000E078C00702D04FF0060C01E04FF0070CA6
:1015D000607802280AD000BF4FF0000000EB040141
:1015E00001F1090105D04FF0010004E04FF00100C6
:1015F000F4E74FF000000B78204413EA0C030B7063
:1016000010F8092F02EA0C02027004D14FF01B0CF3
:1016100084F800C0D2B394F801C0BCF1010F00D02F
:101620009BB990F800C0E0465FEACC7C04D028F07B
:1016300001060670102606E05FEA887C05D528F0D2
:101640000206067013262E70032694F801C0BCF122
:10165000020F00D092B991F800C05FEACC7804D0B4
:101660002CF001060E70172106E05FEA8C7805D594
:101670002CF002060E701921217000260078D0BBD4
:10168000CAB3C3BB1C20207035E012E002E03878FA
:10169000062841D11A2015E4207801283CD00C28D6
:1016A0003AD02046FFF7EBF809208DF82000686A51
:1016B0000D9031E03878052805D0062038700326D3
:1016C0001820287046E005208DF82000696A0D91E9
:1016D000B9680A910221ADF8241001218DF830106B
:1016E0000A990870287D4870394608A8FFF786F8DF
:1016F000064618202870012E0ED02BE001208DF810
:101700002000686A0D9003208DF82400287D8DF854
:10171000250085F814B012E0287D80B11D202070CE
:10172000172028708DF82090686A0D9002208DF89F
:101730002400394608A8FFF761F806460AE00CB114
:10174000FE2020709DF8200020B1002108A8FFF79E
:1017500055F80CE413B03046BDE8F08F2DE9F043A6
:1017600087B00C464E6900218DF8041001202578C1
:10177000034602274FF007094FF0050C85B1012DF4
:1017800053D0022D39D1FE2030708DF80030606AC0
:10179000059003208DF80400207E8DF8050063E09D
:1017A0002179012925D002292DD0032928D0042907
:1017B00023D1B17D022920D131780D1F042D04D30E
:1017C0000A3D032D01D31D2917D12189022914D3E4
:1017D0008DF80470237020899DF80410884201E080
:1017E0001AB2010018D208208DF80000606A059036
:1017F00057E070780128EBD0052007B0BDE8F083F2
:101800001D203070E4E771780229F5D131780C2978
:10181000F3D18DF80490DDE7083402F804CB94E8A6
:101820000B0082E80B000320E7E71578052DE4D1D3
:101830008DF800C0656A0595956802958DF81010C1
:1018400094F80480B8F1010F13D0B8F1020F2DD035
:10185000B8F1030F1CD0B8F1040FCED1ADF804706D
:101860000E202870207E687000216846FEF7C6FFB3
:101870000CE0ADF804700B202870207E002100F0F1
:101880001F0068706846FEF7B9FF37700020B4E7A4
:10189000ADF804708DF8103085F800C0207E6870B7
:1018A000277011466846FEF7A9FFA6E7ADF8049039
:1018B0002B70207F6870607F00F00100A870A07F0F
:1018C00000F01F00E870E27F2A71C0071CD094F876
:1018D000200000F00700687194F8210000F0070074
:1018E000A87100216846FEF789FF2868F062A88881
:1018F0003086A87986F83200A0694078707528791A
:10190000B0700D203070C1E7A9716971E9E700B5C9
:1019100087B004280CD101208DF800008DF8040058
:10192000002005918DF8050001466846FEF766FF28
:1019300007B000BD70B50C46054602F0EFF9214630
:101940002846BDE870407823002202F03DB908B176
:10195000007870470C20704770B50C0005784FF088
:1019600000010CD021702146F1F757FC694821781D
:10197000405D884201D1032070BD022070BDF1F7A7
:101980004CFC002070BD0279012A05D000220A70AB
:101990004B78012B02D003E0042070470A758A615E
:1019A00002799300521C0271C15003207047F0B5B8
:1019B00087B00F4605460124287905EB800050F8D2
:1019C000046C7078411E02290AD252493A460839FD
:1019D00001EB8000314650F8043C28469847044605
:1019E0000CB1012C11D12879401E10F0FF00287194
:1019F00001D00324E0E70A208DF80000706A05900A
:101A0000002101966846FFF7A7FF032CD4D007B04A
:101A10002046F0BD70B515460A46044629461046D4
:101A2000FFF7C5FF064674B12078FE280BD1207C55
:101A300030B100202870294604F10C00FFF7B7FFF1
:101A40002046FEF71CFF304670BD704770B50E464D
:101A500004467C220021FBF796FC0225012E03D0D0
:101A6000022E04D0052070BD0120607000E065707A
:101A70002046FEF704FFA575002070BD28B1027C4A
:101A80001AB10A4600F10C01C4E70120704710B5F5
:101A9000044686B0042002F041F92078FE2806D0E2
:101AA00000208DF8000069462046FFF7E7FF06B0EA
:101AB00010BD7CB50E4600218DF804104178012937
:101AC00003D0022903D0002405E0046900E0446942
:101AD0000CB1217C89B16D4601462846FFF753FFC2
:101AE000032809D1324629462046FFF793FF9DF887
:101AF0000410002900D004207CBD04F10C05EBE7A4
:101B000030B40C460146034A204630BC024B0C3A26
:101B1000FEF751BE60B201001AB2010070B50D4669
:101B2000040012D08DB1220100212846FBF72BFCC6
:101B3000102255492846FBF7FCFB53480121083881
:101B4000018044804560002070BD012070BD70B5EB
:101B50004D4E00240546083E10E07068AA7B00EB5D
:101B60000410817B914208D1C17BEA7B914204D170
:101B70000C222946FBF7B0FB30B1641C308884424C
:101B8000EBDB4FF0FF3070BD204670BD70B50D46E9
:101B9000060006D02DB1FFF7DAFF002803DB401C5A
:101BA00014E0102070BD384C083C20886288411C2D
:101BB000914201D9042070BD6168102201EB001030
:101BC0003146FBF7B6FB2088401C2080287000209F
:101BD00070BD2D480838008870472B49083908889F
:101BE000012802D0401E08800020704770B51446BE
:101BF0000D0018D0BCB10021A170022802D010281D
:101C000011D105E0288870B10121A170108008E091
:101C10002846FFF79CFF002805DB401CA070A88920
:101C20002080002070BD012070BD70B505461446AF
:101C30000E000BD000203070A878012808D005D9FC
:101C40001149A1F108010A8890420AD9012070BD0A
:101C500024B1287820702888000A5070022008706B
:101C60000FE064B14968102201EB001120461039E1
:101C7000FBF75FFB287820732888000A6073102028
:101C80003070002070BD0000880000202DE9F04178
:101C900090460C4607460025C2EB4811FE48072F28
:101CA00000EB410607D2DFE807F007070707040447
:101CB0000400012500E0FFDF06F81470002D13D0AA
:101CC000F5487C3000EB880191F827001F2803D0ED
:101CD00006EB4000447001E081F8264006EB440228
:101CE0001F20507081F82740BDE8F081F0B51F46F5
:101CF00014460E4605461F2A00D1FFDFE648C7EB13
:101D0000471100EB410CE4490CEB44007C3101EB42
:101D100087021F2E07D00CEB460140784B784870A5
:101D200018461F210AE092F82530407882F82500F5
:101D3000F6E701460CEB410005704078A142F8D16E
:101D400092F827401F2C03D00CEB4404637001E091
:101D500082F826300CEB41041F23637082F82710B1
:101D6000F0BD30B50D46CD4B44190022181A72EB68
:101D7000020100D2FFDFCA48854200DDFFDFC8480C
:101D80004042854200DAFFDFC448401C844207DA43
:101D9000002C01DB204630BDC048401C201830BD5F
:101DA000BE48C043FAE710B504460168407ABD4A10
:101DB00052F82020114450B10220084420F07F4006
:101DC000F8F759FD94F90810BDE81040C9E7042060
:101DD000F3E72DE9F047B04E7C3696F82D50DFF84A
:101DE000B89206EB850090F8264036E0C5EB451129
:101DF00009EB41074FF0070817F81400012806D037
:101E000004282ED005282ED0062800D0FFDF01F0B0
:101E100045F9014607EB4400427806EB850080F85F
:101E2000262090F82720A24202D11F2280F82720E6
:101E3000084601F03EF92A4621460120FFF726FF19
:101E40009948414600EB041002682046904796F8F6
:101E50002D5006EB850090F826401F2CC6D1BDE81A
:101E6000F087022000E003208046D0E710B58A4CBE
:101E70001F217C3484F8251084F8261084F827105C
:101E8000002084F8280084F82D0084F82E10411ECC
:101E9000A16044F8100B2074607420736073A07309
:101EA0008249E07720750870487000217A4A103C1A
:101EB00002F81100491CC9B21F29F9D30120F8F713
:101EC000CAFB0020F8F7C7FB012084F82200F9F7CD
:101ED00037F87748F9F749F8744CA41E2070754814
:101EE000F9F743F86070BDE81040F8F741BB10B552
:101EF000F8F763FB6D4CA41E2078F9F74FF8607873
:101F0000F9F74CF8BDE8104001F000B91F20704708
:101F10000020F8F779BB70B5054601240E46AC40A9
:101F20005AB1FFF7F5FF0146634800EBC500C0F862
:101F30001015C0F81465614801E06048001D046098
:101F400070BD2DE9F34F544D00247C3505EB810A1B
:101F500089B09AF825001F2823D0611E02915249AA
:101F6000009401EB0017391D03AB07C983E8070094
:101F700005F11400A0460189ADF81C10807A8DF897
:101F80001E009DF81500C8B10226464951F82040B0
:101F90000399A219114421F07F41019184B10221DA
:101FA0000FE00120F8F757FB0020F8F754FBF8F793
:101FB00022FB01F0ABF885F82F40A9E00426E4E706
:101FC00000218DF81810022801D0012820D1039893
:101FD00001190998081A801C9DF81C1020F07F40F8
:101FE00001B10221353181420BD203208DF8150059
:101FF0000398C4F13201401A20F07F40322403904C
:102000000CE095F8240018B901F063FA002863D0B9
:10201000322C03D214B101F06DF801E001F076F832
:10202000224A107818B393465278039B121B002162
:102030009DF81840994601281AD0032818D000208E
:102040008DF81E00002A04DD981A039001208DF8F7
:1020500018009DF81C0000B102210398184A20F0D6
:102060007F40039003AB099801F05CF810B110E0D9
:102070000120E5E79DF81D0018B99BF80000032832
:1020800029D08DF81C80CDF80C908DF818408DF873
:102090001E809DF8180015E0DC080020FF7F841EDC
:1020A0000020A10770B20100EC0600209A00002079
:1020B000773A0100D31D010000F0014004F5014012
:1020C000FFFF3F0058B103980123811900221846F1
:1020D000F8F714FB06E000200BB0BDE8F08F0120FC
:1020E000F8F7B9FA97F90C20012300200199F8F7C5
:1020F00005FBF87BC00701D0F8F7E9FB012085F864
:102100002F008AF8288020226946FE48FBF711F943
:102110000120E1E72DE9F05FDFF8E883064608EBF0
:10212000860090F825501F2D21D0A8F17C01C6EB28
:1021300046102C4601EB4007A1F5F879DFF8C8B34B
:1021400005E0A24607EB4A0044781F2C0AD0F8F7B6
:1021500020FB09EB04135A4601211B1D00F0E2FF8E
:102160000028EED0AC4202D0334652461EE0E7488B
:1021700008B1AFF30080F8F70CFB98F82F206AB194
:10218000D8F80C20411C891A0902CA1701EB126108
:102190000912002902DD0020BDE8F09F3146FFF75B
:1021A000D0FE08B10120F7E733462A461F2104205C
:1021B000FFF79CFDEFE72DE9F041D24C2569F8F7D8
:1021C000E8FA401B0002C11700EB1160001200D4B6
:1021D000FFDF94F8220000B1FFDF012784F82270AE
:1021E00094F82E001F2800D1FFDF94F82E601F20E6
:1021F00084F82E00002584F82F5084F8205084F8AD
:102200002150C34825600078022835D0032833D0F8
:1022100000202077A068401C05D04FF0FF30A06060
:102220000120F8F718FA0020F8F715FAF8F711FB73
:10223000F8F709FBF8F7DFF908F0C6F8B5480560CC
:1022400005604FF0E0214FF40040B846C1F880022D
:10225000F0F7B5FE94F82D703846FFF75BFF0028C5
:10226000FAD0A849C7EB47107C3901EB400010F8C1
:102270001600022802D006E00120CAE73A4631469D
:102280000620FFF703FD84F8238004EB870090F815
:1022900026001F2804D09E48801E4078F8F784FE50
:1022A000207F002803D0F8F7C4FA257765771BE56F
:1022B000944910B591F82D20924B0024C2EB4211A5
:1022C0007C3B03EB410100BF11F814302BB1641CBF
:1022D000E4B21F2CF8D31F2010BD8F4901EB04116D
:1022E00008600020C87321460120FFF7CFFC20467C
:1022F00010BD10B5012801D0032800D181B3814A57
:1023000092F82D307F4C0022C3EB43137C3C04EB4E
:10231000430300BF13F812400CB1082010BD521C3B
:10232000D2B21F2AF6D37A4A48B1022807D0072929
:1023300017D2DFE801F01606080A0C0E1000002183
:102340000AE01B2108E03A2106E0582104E0772149
:1023500002E0962100E0B52151701070002010BD00
:10236000FFE70720FBE76A4810B54078F8F783FAE3
:1023700080B2F4E710B51F2815D2624991F82D20DC
:10238000C2EB4213A1F17C0202EB430414F81030BB
:102390004BB191F82D30C3EB431302EB430212F81B
:1023A0001020012A01D00020D9E791F82D20014604
:1023B0000020FFF76BFC0120D1E710B5F8F7E9F931
:1023C000BDE81040F8F757BA2DE9F0410E464D4FE1
:1023D00001781F257C3FC3EB43130C4607EB4303F7
:1023E00003E0254603EB45046478944202D01F2C99
:1023F000F7D108E01F2C06D0A14206D103EB410122
:102400004978017007E000206EE403EB440003EB21
:10241000450140784870414F7EB127B1002140F21C
:102420002D40AFF300803078A04206D127B10021C3
:102430004FF48660AFF30080357027B1002140F281
:102440003540AFF3008001204EE410B542680B68C0
:102450009A1A1202D41702EB1462121216D4497A95
:1024600091B1427A82B92E4A006852F8211012685E
:1024700019441044001D891C081A0002C11700EB02
:1024800011600012322801DB012068E7002066E7B6
:102490002DE9F0478146204EC1EB411006F5F87159
:1024A0009846144601EB400713E000BF06EB041505
:1024B000291D4846FFF7C9FF68B988F80040A97B85
:1024C00099F80A00814201D80020C8E407EB4400D3
:1024D00044781F2CEAD10120C1E42DE9F04782465F
:1024E00008480E4600EB8600DFF82C8090F8254067
:1024F0001F201070C1EB46109946154608F5F8717B
:1025000010E0000058090020FFFF3F00000000001D
:102510009A00002000F50040EC06002000000000BA
:1025200070B2010001EB40070BE000BF08EB0410A4
:102530005146001DFFF789FF28B107EB44002C70BE
:1025400044781F2CF2D1297889F800104B46224696
:1025500031465046BDE8F0479AE72DE9FC410E466A
:1025600007460024FE4D08E09DF8000005EB001032
:102570008168384600F0EAFD01246B4601AA314625
:102580003846FFF7AAFF0028EED02046BDE8FC81C0
:1025900070B50446C0EB44110125F248A54300EB99
:1025A0004101C5EB451200EB42003E22FAF7C1FEA5
:1025B000ED4E26B100214FF49360AFF30080E9485F
:1025C0007C3000EB850100EB8400D0F82500C1F8D9
:1025D000250026B1002140F29C40AFF30080284640
:1025E00070BD8A4203D003460520FFF77FBB1F2939
:1025F00008D0DC4AC0EB401002EB400000EB410089
:1026000040787047D7497C3101EB800090F8250075
:102610007047D34901EB0010001DFFF7C4BB7CB528
:102620001D46134604460E4600F108022146184690
:10263000F8F72EF994F908000F2804DD1F382072EE
:102640002068401C206096B10220C84951F826102D
:10265000461820686946801B20F07F40206094F96E
:1026600008002844C01C1F2803DA012009E00420C8
:10267000EBE701AAF8F70CF99DF8040010B10098F7
:10268000401C00900099206831440844C01C20F090
:102690007F4060607CBDFEB50C46064609786079D7
:1026A000907220791F461546507279B12179002227
:1026B0002846A368FFF7B3FFAA4928467C3191F862
:1026C0002E201F2A0AD00969491D0DE0D4E90223F2
:1026D000217903B02846BDE8F040A0E7A449497835
:1026E000052900D20521314421F07F4100F02EFD63
:1026F00039462846FFF731FFD4E90232217968468E
:10270000FFF78DFF2B4600213046019A00F00AFDAD
:10271000002806D103B031462846BDE8F04000F05D
:1027200015BDFEBD2DE9FE4F814600F0CBFC38B152
:102730005FF0000799F8000020B10020BDE8FE8F8F
:102740000127F7E7874D884C4FF0000A7C3524B10C
:10275000002140F2FF40AFF3008095F82D8085F80E
:1027600023A0002624B1002140F20450AFF30080E2
:102770001FB94046FFF70CFF804624B1002140F20C
:102780000C50AFF30080F8F704F843466A46494618
:10279000FFF781FF24B1002140F21250AFF3008017
:1027A00095F82E001F280CD029690098401A0002C5
:1027B000C21700EB1260001203D5684600F0C6FC99
:1027C000012624B1002140F21C50AFF3008095F89F
:1027D00023000028BBD124B1002140F22250AFF3E6
:1027E0000080F7F7D6FF6B46624A002100F09AFCA2
:1027F0000028A3D027B941466846FFF7AEFE06433E
:1028000026B16846FFF7CFFAC9F8080024B10021C5
:1028100040F23550AFF3008001208FE72DE9F04FF3
:1028200089B08B46824600F04DFC4E4C7C3428B378
:102830009BF80000002710B1012800D0FFDF4A4DAF
:1028400025B1002140F2F750AFF300804449012048
:1028500001EB0A18A94607905FEA090604D0002197
:1028600040F2FF50AFF30080079800F022FC94F88C
:102870002D50002084F8230067B119E094F82E0051
:1028800001271F2800D1FFDF9BF800000028D6D0C9
:10289000FFDFD4E72846FFF77BFE054626B100217F
:1028A00040F20960AFF3008094F823000028D3D1F0
:1028B00026B1002140F21360AFF30080F7F769FF03
:1028C0002B4602AA59460790FFF7E5FE98F80F003D
:1028D0005FEA060900F001008DF8130004D0002122
:1028E00040F21D60AFF300803B462A4602A9CDF8B6
:1028F00000A0079800F035FC064604EB850090F830
:1029000028000090B9F1000F04D0002140F22460AB
:10291000AFF3008000F0C2FB0790B9F1000F04D0C4
:10292000002140F22A60AFF3008094F823000028D1
:1029300092D1B9F1000F04D0002140F23260AFF320
:1029400000800DF1080C9CE80E00C8E90112C8F8DF
:102950000C30BEB35FEA090612D000210CE0000083
:10296000EC060020DC0800200000000070B201002E
:102970009A000020FFFF3F0040F23F60AFF300806D
:102980000098B84312D094F82E001F280ED126B11B
:10299000002140F24460AFF300802846FFF7BAFB05
:1029A00020B99BF80000D8B3012849D0B9F1000F35
:1029B00004D0002140F26160AFF30080284600F0AF
:1029C00066FB01265FEA090504D0002140F26A6037
:1029D000AFF30080079800F06CFB25B1002140F2B6
:1029E0006E60AFF300808EB194F82D0004EB800090
:1029F00090F826001F2809D025B1002140F275600B
:102A0000AFF30080F9484078F8F7CEFA25B10021FD
:102A100040F27A60AFF3008009B03046BDE8F08F35
:102A2000FFE7B9F1000F04D0002140F24C60AFF392
:102A3000008094F82D2051460420FFF727F9C0E7C5
:102A4000002E3FF409AF002140F25760AFF3008041
:102A500002E72DE9F84FE64D814695F82D004FF03D
:102A60000008E44C4FF0010B474624B100214FF41D
:102A7000D160AFF30080584600F01BFB85F823704F
:102A800024B1002140F28D60AFF3008095F82D0055
:102A9000FFF77EFD064695F8230028B1002CE4D010
:102AA000002140F293604DE024B1002140F2976094
:102AB000AFF30080CE49C6EB46107C3901EB4001F4
:102AC00011F81900032856D1334605EB830A4A460C
:102AD0009AF82500904201D1012000E000200090EA
:102AE0000AF125000021FFF76FFC01460098014222
:102AF00003D001228AF82820AF77E1B324B1002166
:102B000040F29C60AFF30080324649460120FFF757
:102B1000BDF89AF828A024B1002140F2A760AFF3D5
:102B2000008000F0BBFA834624B1002140F2AC6083
:102B3000AFF3008095F8230038B1002C95D0002128
:102B40004FF4D660AFF300808FE7BAF1000F07D0E3
:102B500095F82E001F2803D13046FFF7DBFAE0B1CD
:102B600024B1002140F2C460AFF30080304600F091
:102B70008EFA4FF0010824B1002140F2CD60AFF38E
:102B80000080584600F095FA24B1002140F2D1604F
:102B9000AFF300804046BDE8F88F002CF1D0002153
:102BA00040F2BF60AFF30080E6E70120F7F72CBDED
:102BB0008E48007870472DE9F0418D4C94F82E0036
:102BC0001F2821D194F82D6004EB860797F8255033
:102BD0001F2D00D1FFDF8649C6EB46107C3901EB83
:102BE000400000EB4500407807F8250F0120F87001
:102BF00084F82300294684F82E50324602202234DD
:102C0000FFF744F8002020701EE42DE9F0417A4ED1
:102C1000774C012538B1012821D0022879D003282A
:102C20007DD0FFDF10E400F065FAFFF7C4FF207EDF
:102C300000B1FFDF84F821500020F7F70CFDA168F8
:102C4000481C04D0012300221846F7F757FD14F85A
:102C50002E0F217806EB01110A68012154E0FFF7DD
:102C6000AAFF0120F7F7F7FC94F8210050B1A06803
:102C7000401C07D014F82E0F217806EB01110A68CA
:102C8000062141E0207EDFF86481002708F1020878
:102C9000012803D002281ED0FFDFB5E7A777F7F79A
:102CA000C8FD98F80000032801D165772577607D7D
:102CB000524951F8200094F8201051B948B1616888
:102CC0000123091A00221846F7F718FD0220207682
:102CD0009AE7277698E784F8205000F00BFAA07F57
:102CE00050B198F8010061680123091A00221846C2
:102CF000F7F704FD257600E0277614F82E0F2178EB
:102D000006EB01110A680021BDE8F041104700E020
:102D100005E036480078BDE8F041F8F745B9FFF71F
:102D20004AFF14F82E0F217806EB01110A680521DD
:102D3000EAE710B52E4C94F82E001F2800D1FFDFD3
:102D400014F82E0F21782C4A02EB01110A68BDE815
:102D50001040042110477CB5254C054694F82E0000
:102D60001F2800D1FFDFA068401C00D0FFDF94F8CF
:102D70002E00214901AA01EB0010694690F90C00D0
:102D80002844F7F785FD9DF904000F2801DD012097
:102D900000E00020009908446168084420F07F4169
:102DA000A16094F82100002807D002B00123BDE8FB
:102DB000704000221846F7F7A1BC7CBD30B5104A20
:102DC0000B1A541CB3EB940F1ED3451AB5EB940F9A
:102DD0001AD3934203D9101A43185B1C14E095428E
:102DE00010D9511A0844401C43420DE098000020BD
:102DF0005809002000000000EC06002070B201001D
:102E0000FF7F841EFFDF0023184630BD0123002210
:102E100001460220F7F772BC0220F7F71CBCF7F757
:102E2000B8BC2DE9FE4FF24C05468A4694F82E00B8
:102E30001F2800D1FFDFEE4E94F82E10A04620464A
:102E4000A6F51B7202EB01141F218DF8001090F8FB
:102E50002D10376900EB8101D8F8000091F825901A
:102E6000284402AA01A90C36F7F712FD9DF90800C3
:102E7000002802DD0198401C0190A0680199642D92
:102E8000084453D3DB4B00225B1B72EB02014DD392
:102E90006168411A21F07F41B1F5800F46D220F0E0
:102EA0007F40706086F80AA098F82D1044466B4663
:102EB0004A463046FFF7ECFAB8B3A068401C10D081
:102EC000F7F767FCA168081A0002C11700EB116050
:102ED000001202282CDD0120F7F7BDFB4FF0FF3078
:102EE000A06094F82D009DF800201F210F34FFF7FB
:102EF00078FBA17FBE4AC1EB41117C3A02EB410154
:102F0000E27F01EB4201487054F80F0C284444F86A
:102F10000F0C012020759DF800001F2803D0B64833
:102F20004078F8F741F8012008E401E0002005E4CA
:102F30007760FBE72DE9F047AD4C074694F82D008C
:102F4000A4F17C06C0EB401006EB400010F817001F
:102F500000B9FFDF94F82D50A046A84C24B1002101
:102F600040F6E800AFF30080C5EB451040F6F409E9
:102F700040F6FD0A06EB400616F81700012819D0A6
:102F8000042811D005280FD006280DD01CB100212F
:102F90004846AFF3008007F0EBFE002CECD0002198
:102FA0005046AFF30080E7E72A4639460120FEF796
:102FB0006DFEF2E74FF0010A4FF00009454624B1DB
:102FC000002140F60410AFF30080504600F071F885
:102FD00085F8239024B1002140F60910AFF300805A
:102FE00095F82D00FFF7D4FA064695F8230028B18E
:102FF000002CE4D0002140F60F101FE024B1002186
:1030000040F61310AFF3008005EB860000F12701B6
:1030100033463A462630FFF7D7F924B1002140F66F
:103020001710AFF3008000F039F8824695F82300BE
:1030300038B1002CC3D0002140F61D10AFF3008042
:10304000BDE785F82D60012085F82300504600F08B
:1030500030F8002C04D0002140F62A10AFF3008095
:10306000BDE8F08730B5044661480D4690F82D0064
:103070005F49C0EB40107C3901EB400010F81400B0
:1030800000B9FFDF5E4800EB0410C57330BD58493E
:1030900081F82D00012081F82300704710B55948B0
:1030A00008B1AFF30080EFF3108000F0010072B6BA
:1030B00010BD10B5002804D1534808B1AFF300800B
:1030C00062B610BD51480068C005C00D10D0103860
:1030D00040B2002804DB00F1E02090F8000405E095
:1030E00000F00F0000F1E02090F8140D4009704747
:1030F0000820704710B53E4C94F82400002804D1F5
:10310000F7F746FC012084F8240010BD10B5384CB8
:1031100094F82400002804D0F7F763FC002084F81A
:10312000240010BD10B51C685B68241A181A24F01E
:103130007F4420F07F40A14206D8B4F5800F03D22F
:10314000904201D8012010BD002010BDD0E900320E
:10315000D21A21F07F43114421F07F41C0E90031B0
:1031600070472DE9FC418446214815460F46C2EBC5
:1031700045117C38089C00EB410616F81400012824
:1031800004D0022802D00020BDE8FC813B46204A42
:1031900001216046FFF7C6FFF0B101AB6A46294640
:1031A0003846FFF79AF9B8B19DF804209DF8001051
:1031B0002846FFF716FA06EB440148709DF8000018
:1031C0001F280DD006EB400044702A4621460320FC
:1031D000FEF75CFD0120D7E72A4621460420F7E7E9
:1031E0000348012100EB850000F8254FC170ECE792
:1031F00058090020FF1FA1079800002000000000D0
:10320000EC060020000000000000000004ED00E0DB
:10321000FFFF3F002DE9F041044680074FF0000515
:103220004FF001060CD56B480560066000F0DEF932
:1032300020B16948016841F48061016024F0020412
:10324000E0044FF0FF3705D564484660C0F80873C6
:1032500024F48054600003D56148056024F0804464
:10326000E0050FD55F48C0F80052C0F808735E490A
:103270000D60091D0D605C4A04210C32116006616D
:1032800024F48074A00409D558484660C0F8005260
:10329000C0F808735648056024F40054C4F3803025
:1032A000C4F3C031884200D0FFDF14F4404F14D083
:1032B00050484660C0F808734F488660C0F8005216
:1032C000C0F808734D490D600A1D16608660C0F88D
:1032D00008730D60166024F4404420050AD5484860
:1032E00046608660C0F80873C0F8487345480560BA
:1032F00024F4006407F042F84348044200D0FFDFA2
:10330000BDE8F081F0B50022202501234FEA020438
:1033100020FA02F1C9072DD051B2002910DB00BFFD
:103320004FEA51174FEA870701F01F0607F1E02720
:1033300003FA06F6C7F88061BFF34F8FBFF36F8FB4
:103340000CDB00BF4FEA51174FEA870701F01F0659
:1033500007F1E02703FA06F6C7F8806204DB01F103
:10336000E02181F8004405E001F00F0101F1E021C6
:1033700081F8144D02F10102AA42C9D3F0BD10B583
:10338000224C20600846F7F71CFC2068FFF742FF3C
:103390002068FFF7B7FF06F031FC00F088F906F06F
:1033A000EDFF06F02CFFF7F7CBFDBDE8104006F06F
:1033B000D9BC10B5154C2068FFF72CFF2068FFF72B
:1033C000A1FF06F0DBFFF7F7FBFC0020206010BD3B
:1033D0000A207047FC1F00403C17004000C000401E
:1033E00004E50140008000400485004000D000401A
:1033F00004D5004000E0004000F0004000F500402F
:1034000000B0004008B50040FEFF0FFD9C0000200A
:1034100070B526490A680AB30022154601244B6894
:103420005B1C4B600C2B00D34D600E7904FA06F345
:103430000E681E420FD0EFF3108212F0010272B636
:1034400000D001220C689C430C6002B962B6496846
:103450000160002070BD521C0C2AE0D3052070BD15
:103460004FF0E0214FF48000C1F800027047EFF305
:10347000108111F0010F72B64FF0010202FA00F252
:103480000A48036842EA0302026000D162B6E7E735
:1034900006480021016041607047012181400348D6
:1034A0000068084000D0012070470000A000002004
:1034B00001208107086070470121880741600021D1
:1034C000C0F80011184801707047174901200870B2
:1034D00070474FF08040D0F80001012803D0124817
:1034E0000078002800D00120704710480068C0070D
:1034F00000D0012070470D480C300068C00700D094
:10350000012070470948143000687047074910319E
:103510000A68D20306D5096801F00301814201D18E
:103520000120704700207047A800002008040040D8
:103530004FF08050D0F830010A2801D000207047A9
:103540000120704700B5FFF7F3FF20B14FF0805026
:10355000D0F8340108B1002000BD012000BD4FF0BB
:103560008050D0F83001062803D0401C01D0002044
:103570007047012070474FF08050D0F830010D287F
:1035800001D000207047012070474FF08050D0F8E4
:103590003001082801D000207047012070474FF00B
:1035A0008050D0F83001102801D000207047012051
:1035B000704700B5FFF7F3FF30B9FFF7DCFF18B92C
:1035C000FFF7E3FF002800D0012000BD00B5FFF7A2
:1035D000C6FF38B14FF08050D0F83401062803D32D
:1035E000401C01D0002000BD012000BD00B5FFF748
:1035F000B6FF48B14FF08050D0F83401062803D30D
:10360000401C01D0012000BD002000BD0021017040
:10361000084670470146002008707047EFF310819C
:1036200001F0010172B60278012A01D0012200E006
:1036300000220123037001B962B60AB1002070476D
:103640004FF400507047E9E7EFF3108111F0010FDC
:1036500072B64FF00002027000D162B600207047CF
:10366000F2E700002DE9F04115460E46044600271A
:1036700000F0EBF8A84215D3002341200FE000BF73
:1036800094F84220A25CF25494F84210491CB1FB19
:10369000F0F200FB12115B1C84F84210DBB2AB426B
:1036A000EED3012700F0DDF83846BDE8F08172491D
:1036B00010B5802081F800047049002081F8420094
:1036C00081F84100433181F8420081F841004331E3
:1036D00081F8420081F841006948FFF797FF684888
:1036E000401CFFF793FFF7F7B3FBBDE8104000F075
:1036F000B8B840207047614800F0A7B80A460146B4
:103700005E48AFE7402070475C48433000F09DB80A
:103710000A46014659484330A4E740210170002081
:10372000704710B504465548863000F08EF820707A
:10373000002010BD0A460146504810B58630FFF7FC
:1037400091FF08B1002010BD42F2070010BD70B516
:103750000C460646412900D9FFDF4A480068103868
:1037600040B200F054F8C5B20D2000F050F8C0B2DD
:10377000854201D3012504E0002502E00DB1F7F7F1
:10378000AAFB224631463D48FFF76CFF0028F5D0E2
:1037900070BD2DE9F0413A4F0025064617F10407A8
:1037A00057F82540204600F041F810B36D1CEDB2EB
:1037B000032DF5D33148433000F038F8002825D0E8
:1037C0002E4800F033F8002820D02C48863000F036
:1037D0002DF800281AD0F7F754FB2948FFF71EFFF1
:1037E000B0F5005F00D0FFDFBDE8F0412448FFF7EF
:1037F0002BBF94F841004121265414F8410F401C7E
:10380000B0FBF1F201FB12002070D3E74DE7002876
:1038100004DB00F1E02090F8000405E000F00F0068
:1038200000F1E02090F8140D4009704710F8411F96
:103830004122491CB1FBF2F302FB13114078814293
:1038400001D1012070470020704710F8411F4078D7
:10385000814201D3081A02E0C0F141000844C0B21D
:10386000704710B50648FFF7D9FE002803D1BDE820
:103870001040F7F7F1BA10BD0DE000E08809002014
:10388000AC00002004ED00E070B5154D2878401C18
:10389000C4B26878844202D000F0DBFA2C7070BDAC
:1038A0002DE9F0410E4C4FF0E02600BF00F0C6FAC3
:1038B00007F05EFA40BF20BF677820786070D6F8C6
:1038C0000052EDF759FD854305D1D6F8040210B931
:1038D0002078B842EAD000F0ACFA0020BDE8F081D0
:1038E000BC0000202DE9F04101264FF0E022310319
:1038F0004FF000084046C2F88011BFF34F8FBFF36E
:103900006F8F204CC4F800010C2000F02EF81E4DE3
:103910002868C04340F30017286840F01000286072
:10392000C4F8046326607F1C02E000BF07F020FAA1
:10393000D4F800010028F9D01FB9286820F0100041
:103940002860124805686660C4F80863C4F80081FE
:103950000C2000F00AF82846BDE8F08110B50446B6
:10396000FFF7C0FF2060002010BD002809DB00F039
:103970001F02012191404009800000F1E020C0F8C1
:103980008012704700C0004010ED00E008C5004004
:103990002DE9F047FF4C0646FF21A06800EB061218
:1039A00011702178FF2910D04FF0080909EB01119F
:1039B00009EB06174158C05900F0F4F9002807DD5B
:1039C000A168207801EB061108702670BDE8F08729
:1039D00094F8008045460DE0A06809EB05114158B8
:1039E000C05900F0DFF9002806DCA068A84600EB0B
:1039F00008100578FF2DEFD1A06800EB061100EB51
:103A000008100D700670E1E7F0B5E24B04460020A7
:103A100001259A680C269B780CE000BF05EB001787
:103A2000D75DA74204D106EB0017D7598F4204D0C7
:103A3000401CC0B28342F1D8FF20F0BD70B5FFF743
:103A4000EEF9D44C08252278A16805EB02128958BA
:103A500000F0A8F9012808DD2178A06805EB011124
:103A60004058BDE87040FFF7D1B9FFF7A1F8BDE8B5
:103A70007040F7F799BA2DE9F041C64C2578FFF769
:103A8000CEF9FF2D6ED04FF00808A26808EB05169E
:103A9000915900F087F90228A06801DD80595DE0A6
:103AA00000EB051109782170022101EB0511425C40
:103AB0005AB1521E4254815901F5800121F07F41D3
:103AC00081512846FFF764FF34E00423012203EB11
:103AD000051302EB051250F803C0875CBCF1000F20
:103AE00010D0BCF5007F10D9CCF3080250F806C006
:103AF0000CEB423C2CF07F4C40F806C0C3589A1A9D
:103B0000520A09E0FF2181540AE0825902EB4C324B
:103B100022F07F428251002242542846FFF738FFAC
:103B20000C21A06801EB05114158E06850F82720EE
:103B3000384690472078FF2814D0FFF770F9227894
:103B4000A16808EB02124546895800F02BF90128BC
:103B500093DD2178A06805EB01114058BDE8F041E4
:103B6000FFF754B9BDE8F081F0B51D4614460E4686
:103B70000746FF2B00D3FFDFA00700D0FFDF8548FB
:103B8000FF210022C0E90247C57006710170427032
:103B900082701046012204E002EB0013401CE15445
:103BA000C0B2A842F8D3F0BD70B57A4C064665782D
:103BB0002079854200D3FFDFE06840F82560607817
:103BC000401C6070284670BD2DE9FF5F1D468B4686
:103BD0000746FF24FFF723F9DFF8B891064699F866
:103BE0000100B84200D8FFDF00214FF001084FF07C
:103BF0000C0A99F80220D9F808000EE008EB01132E
:103C0000C35CFF2B0ED0BB4205D10AEB011350F869
:103C100003C0DC450CD0491CC9B28A42EED8FF2C47
:103C200002D00DE00C46F6E799F803108A4203D162
:103C3000FF2004B0BDE8F09F1446521C89F8022012
:103C400008EB04110AEB0412475440F802B00421B7
:103C5000029B0022012B01EB04110CD040F8012043
:103C60004FF4007808234FF0020C454513D9E905BD
:103C7000C90D02D002E04550F2E7414606EB413261
:103C800003EB041322F07F42C250691A0CEB0412BA
:103C9000490A81540BE005B9012506EB453103EBD8
:103CA000041321F07F41C1500CEB0411425499F8E8
:103CB00000502046FFF76CFE99F80000A84201D0A2
:103CC000FFF7BCFE3846B4E770B50C460546FFF773
:103CD000A6F8064621462846FFF796FE0446FF282A
:103CE0001AD02C4D082101EB0411A8684158304628
:103CF00000F058F800F58050C11700EBD140401398
:103D00000221AA6801EB0411515C09B100EB4120CA
:103D1000002800DC012070BD002070BD2DE9F047B7
:103D200088468146FFF770FE0746FF281BD0194DD5
:103D30002E78A8683146344605E0BC4206D02646B7
:103D400000EB06121478FF2CF7D10CE0FF2C0AD000
:103D5000A6420CD100EB011000782870FF2804D097
:103D6000FFF76CFE03E0002030E6FFF755F8414610
:103D70004846FFF7A9FF0123A968024603EB041395
:103D8000FF20C854A878401EB84200D1A87001EBAB
:103D9000041001E0540A002001EB061100780870BD
:103DA000104613E6081A0002C11700EB116000125A
:103DB0007047000010B5202000F07FF8202000F0B0
:103DC0008DF84D49202081F80004EDF7D3FA4B49D6
:103DD00008604B48D0F8041341F00101C0F8041307
:103DE000D0F8041341F08071C0F804134249012057
:103DF0001C39C1F8000110BD10B5202000F05DF89D
:103E00003E480021C8380160001D01603D4A481E3F
:103E100010603B4AC2F80803384B1960C2F8000131
:103E2000C2F8600138490860BDE81040202000F069
:103E300055B834493548091F08607047314933483F
:103E4000086070472D48C8380160001D521E02608E
:103E500070472C4901200860BFF34F8F70472DE950
:103E6000F0412849D0F8188028480860244CD4F83C
:103E700000010025244E6F1E28B14046EDF7D4F90D
:103E800040B9002111E0D4F8600198B14046EDF747
:103E9000CBF948B1C4F80051C4F860513760BDE8AF
:103EA000F041202000F01AB831684046BDE8F041EA
:103EB00006F068BFFFDFBDE8F08100280DDB00F0F1
:103EC0001F02012191404009800000F1E020C0F86C
:103ED0008011BFF34F8FBFF36F8F7047002809DB4E
:103EE00000F01F02012191404009800000F1E02014
:103EF000C0F880127047000020E000E0C8060240D1
:103F000000000240180502400004024001000001C8
:103F1000454800210170417010218170704770B5D3
:103F2000054616460C460220F3F7F2FB3E490120F7
:103F3000F61E08703D4806603C4808380560001FC2
:103F4000046070BD10B50220F3F7E2FB3649012092
:103F5000087000F051F836494FF40000086010BDB9
:103F600010B5314C207888B131494FF40000091D5B
:103F7000086000F04AF8002120B1012060702D484F
:103F8000006801E061701020A0702170BDE8104051
:103F90000020F3F7BDBB244810B5017859B126487D
:103FA000D0F8000128B100F030F8002800D001203E
:103FB00010BD022010BD407810BD10B5C824641E8D
:103FC000E4B2FFF7E8FF022803D0012800D0002068
:103FD00010BD002CF3D1FFDFF9E7134810B50178CD
:103FE00041B100F012F818B112480068C0B210BD1B
:103FF000102010BD807810BD0F480021C0F80011BE
:10400000C0F80411C0F8081170470B48D0F800112F
:1040100029B1D0F8041111B1D0F8080108B100207D
:104020007047012070470000BE00002010F50040DE
:1040300004F5014000F4004000F000404748002132
:1040400001704170704770B5064614460D46012058
:10405000F3F75EFB42480660001D0460001D05602A
:1040600070BD70B53D4901250D7040EA02413C4AE2
:1040700041F08071121F11603A4C0026C4F80461AF
:10408000394A4FF04071116058B1012800D0FFDF6C
:10409000C4F80062256034494FF00070091F0860C1
:1040A00070BDC4F80052256070BD2C48017871B114
:1040B0002D4A4FF0407111602A49D1F804210021A6
:1040C0001AB12A4A1268427000E041700170002063
:1040D000F3F71EBB2148017841B12248D0F8040112
:1040E000002802D021480068C0B27047407870476D
:1040F0002DE9F04700282AD01848007800B9FFDFE2
:10410000184DD5F80401002821D10227C5F8047301
:10411000174C2068C04340F30016206840F01000A0
:1041200020604FF400484FF0E029761C04E000BF07
:10413000C9F8808206F01CFED5F804010028F7D0EB
:104140001EB9206820F010002060C5F80873BDE893
:10415000F08704490120886070470000C1000020FA
:1041600008F5004000F0004008F5014000F4004070
:1041700010ED00E010B541F6A474012802D0022829
:1041800002D0FFDF204610BD41F2883010BD38B5A7
:10419000FE4D0024C5F80041C5F80C41C5F810419A
:1041A000C5F80441C5F81441C5F81841FFF70EFAE7
:1041B00008B1C5F82841F6480068009038BD70B5D0
:1041C000F44D00246C702C7000F0D2FD85F8254071
:1041D000EC620922002105F11800AC63F9F7D3F86D
:1041E000ED49601E0860091D0860091D0C60091D6D
:1041F0000860091D0C60091D0860091D0860091D83
:104200000860091D0860091D0860091D0860091D76
:104210000860091D0860091D086070BDDF4800B511
:10422000016801F00F01032905D0006800F00F00BC
:10423000042802D0FFDF012000BD022000BD00B530
:10424000012802D0022800D0FFDF002000BD00B509
:10425000012802D0022802D0FFDF282000BD18204C
:1042600000BD10B5CB4902681839CA4C0A634268D0
:104270004A63007A81F83800207E50B1207FF9F738
:10428000C0F8A07E08B1012100E00021207FF9F7ED
:10429000ADF8607E00280CD0607FF9F7B2F8E07EC0
:1042A00008B1012100E00021607FBDE81040F9F76E
:1042B0009DB810BD00F063BD10B500F060FDB348BF
:1042C000D0F80001002800D0FFDF10BD70B501203C
:1042D00000F030FDB2480025056001260660FFF7BA
:1042E00085F9B04C18B1206840F480602060FFF779
:1042F00036F928B12068AC4920F0770008432060E7
:10430000FFF764F938B1A748001D016821F47F4127
:1043100041F4B0510160A349A4483C310860FFF763
:1043200055F99C4C60B19D490220503184F8210020
:104330000860A0499E48086095481030091F086031
:104340004FF01020806C411C05D094497C310A68E4
:1043500060F317420A60914940F25B6028310860BF
:10436000091F40F203100860081F06608B490320F4
:1043700008608C48EC38066094F8211011B14FF4B5
:10438000C02100E08C498B4A41F46021943A1160CD
:104390008749884A091F083211607D490839121F70
:1043A0001160016821F440710160016841F480717D
:1043B0000160012000F0CFFC74491020C1F8040313
:1043C00084F83150E56270BD76483830016821F0DC
:1043D000010141F08071016070476E4A0368183A2C
:1043E000C2F81A308088D0836A48017270476948E1
:1043F00090F825007047674A517010707047F0B50B
:104400000546840061488B882044C0F820360B782C
:10441000D1F8011043EA0121C0F8001605F10800A7
:104420000127604C07FA00F6FC3C52B1012A00D08B
:10443000FFDF2068304320602068AF4038432060B1
:10444000F0BD2068B043F6E706F0E8B8514890F8B0
:1044500032007047514AC1781432116000684F49E8
:1044600000020C3108607047252807D0262807D0A5
:10447000272807D00A2807D8042206E0022107E0EF
:104480001A2105E0502103E0062202EB4001C9B2E7
:10449000424A083A116041494431086070473D483A
:1044A000817A012917D0022914D1417E002911D027
:1044B000827F0121C37F01FA02F299400A433D49FC
:1044C00094390A6090F820003C4A002102EB8000F9
:1044D000C0F810157047017EE8E72DE9F0472D4C34
:1044E000A17A01290BD0022975D1627E002A72D0EF
:1044F000012906D0677FE17E59B101260AE0227EBC
:10450000F4E7277FA17E09B1012600E000261121F2
:1045100001E000262421DFF898804FF0010AA8F17D
:104520004408C8F84CA0DFF898904518D9F8000066
:10453000A84200D3FFDF0021C8F84C11C9F8005091
:10454000380286F0010140EA015040F0031294F86D
:1045500020101A4800EB8103C3F8102500EB8101FD
:10456000A27F184800EBC203C3F81415164DC3F818
:104570001055E37F00EBC300C0F814150449083957
:10458000C0F810150AFA02F120E024E00010004003
:10459000181100407C0A0020000E00401015004059
:1045A000FC1F00403C170040880000802C00008960
:1045B000448000409CF5014000000404006000407D
:1045C0004C85004000F001404C8100400AFA03F0A5
:1045D0000143F9480160BDE8F0872DE9F0410E463E
:1045E000F64907460320C1F80002F54C94F8210073
:1045F00010B14FF4C02000E0F248EF4D2860304683
:1046000006F036F817B1012F0FD017E0FEF7DEFFE6
:1046100010B1304600F0C9FB0120A072A06B40F43D
:104620008010A0634FF4801007E00220A072A06BFE
:1046300040F40010A0634FF400102860F6F744F92E
:104640003146BDE8F04148E72DE9F05FDB4C074615
:1046500003200E469346C4F80002D94D95F8210078
:1046600010B14FF4C02100E0D649DFF84C93C9F8EF
:104670000010104605F0FCFFDFF83C834FF0010A04
:1046800008F1A808A7B3012F3ED0FFDFCE4806608F
:10469000C949CE48A4310860A86B40F40020A86343
:1046A000D4F800721025C4F808530020C4F80002A2
:1046B000C1494FF48028091DC1F8008004F5007439
:1046C000FFF765FD2760C9F80080C4F80451E903CD
:1046D000C9F80010BE49C1F84CA0BB48001D0068D5
:1046E000B04200D3FFDF59463046BDE8F05FF4E644
:1046F000FFE7FEF76BFF10B1584600F056FBC8F815
:10470000004085F80AA0C1E7AC49091DC8F80010AF
:104710000220A872BAE72DE9F041A94C064690465E
:1047200094F831000F46002500B9FFDF16B1012EC5
:1047300012D01DE094F83100012806D094F8302002
:104740004146384605F0A2FF10E094F8301042468A
:10475000384605F0DCFF09E094F8310094F8301099
:1047600001284246384609D005F0F8FFE16A4518AD
:10477000424629463046BDE8F04165E705F0A8FF0E
:10478000F4E708B5FF208DF800008C480021C0F840
:1047900010110121016104E09DF80010491E8DF8FF
:1047A00000109DF8001019B1D0F810110029F3D0B5
:1047B0009DF80000002800D1FFDF08BD2DE9F04181
:1047C0007E4CD4F8000220F00307D4F804034FF025
:1047D0001008C0F30016C4F808830025C4F800527E
:1047E000774890F8210010B14FF4C02000E07548E0
:1047F000714940F46020091D0860FFF750FEFFF783
:10480000C0FFC4F81051FEF7E1FE08B1C4F828510A
:1048100000F0AEFAC4F80072002E01D0C4F8048390
:10482000BDE8F081ADE700686A4920F07F4008608C
:10483000704710B5012000F07DFABDE8104001205E
:1048400000F089BA01465E4818221838F8F771BDA1
:104850004FF0E0210220C1F8000170475E49087066
:1048600070475C4938390860704770B50546F6F7FF
:104870002BF8534C2844E16A884200D8FFDF01201E
:104880002074F6F721F82844606194F8211041B1B2
:10489000084460614948D0F8001241F04001C0F876
:1048A00000124B490020C1F8440147496069091FC3
:1048B0000860BDE8704000F0A2BA70B5404C0646F2
:1048C00002200D462074FFF7A9FC024694F831003F
:1048D00094F8301001281BD0304605F081FF60614C
:1048E00094F8210048B16169084460613348D0F808
:1048F000001241F04001C0F8001235490020C1F813
:1049000044016169E06A08442F49091F086070BDCD
:104910002B46304605F037FFE1E727494FF480008A
:10492000091D08602648816B21F480018163002104
:10493000017470472A4A10B502EBC002274BC2F837
:104940001035C2F81415012181401B4801601C4834
:10495000826B0A43826310BD1D4801214160C16022
:104960000021C0F844111848001F01601448C162BA
:10497000704710B50446FEF729FE10B1104880F8C4
:1049800021401448243004600C48D0F8001241F053
:104990004001C0F8001210BD084810B5D0F8001250
:1049A00021F04001C0F80012FEF710FE0949243141
:1049B00000B10220086010BD04F501400010004065
:1049C0007C0A002000000404488500404881004023
:1049D000008000403C150040C3000020041100404E
:1049E00000F00140F948D0F8001221F01001C0F8A1
:1049F0000012012181617047F4480021C0F81C11A8
:104A0000D0F8001241F01001C0F800127047EF49D1
:104A100008B5D1F81C21012A01D0002008BDEC4ABC
:104A2000126802F07F02524202700020C1F81C019D
:104A3000E84800680090012008BDF0B517460C005A
:104A4000064600D1FFDFE44DE0072F7302D0012CB2
:104A500000D0FFDF46B102206872EC72012802D05C
:104A6000022800D0FFDFF0BD0120F5E770B5DA4C79
:104A70000021E27A930703D5830701D5430713D4B6
:104A8000D30605D594F8333013B194F835305BB1C3
:104A9000130702D594F8243033B9520702D594F89D
:104AA00025200AB1C00700D00121607A012518B184
:104AB000A1B1BDE8704081E694F8210010B14FF437
:104AC000C02000E0C548C6490860C048D0F80012C0
:104AD00021F00301C0F80012E57270BD012803D077
:104AE000022808D0FFDF70BD00F042F9A5729621C0
:104AF000227B002006E000F03BF90220A072227B1E
:104B000096210120BDE8704005E62DE9F05FDFF851
:104B1000D4B29BF80000042800D3FFDFB248D0F8DD
:104B20004C0108B1FFF7BBFCAB4CAD49A06B086072
:104B30004FF00008C4F8388000F06BF9DFF8AC9251
:104B40000546D9F80010A16294F8210008B1081AAE
:104B5000A062A648001F0068E062FFF75FFB84F8D0
:104B60003000A07ADFF868A2012184F83100AAF1B0
:104B7000440A022808D1607830B1DAF800201278AF
:104B800002402078904310D084F82480924EA807E9
:104B9000A6F1180605D5F5F797FEA16A081A31693E
:104BA0008847E80704D0002709E084F82410EDE7DF
:104BB000A80701D5012702E0280707D50227F5F746
:104BC00083FEE16A7269081A394690479BF8000033
:104BD000C0071CD1DAF800005746007800F00F003B
:104BE000072812D239680622A01C0931F8F774FB95
:104BF00038B9207A39680978B0EBD11F01D101208A
:104C000000E0002084F8250001E084F82580284693
:104C1000FFF72CFFE80701D030682FE0A80726D562
:104C200068071ED4FEF7D2FCD8B9FEF7DFFCC0B986
:104C30006748F4380168001F0068C0F3425CC0F3A5
:104C4000006700F00F03C0F30312C0F3032047B165
:104C50000BB102B128B921B1BCF1030F01D245F06B
:104C6000040545F380007168401C884709E0280767
:104C700001D5B06802E0E80602D5F068804700E0A0
:104C8000FFDFA07A02281BD1207C002818D0564ACA
:104C9000C2F8448102280FD0012800D0FFDFE16A6A
:104CA0006069884200D8FFDFD4F81410C9F80010FA
:104CB000BDE8F05F00F0A3B86169E06A0144F5E780
:104CC000BDE8F09F70B5054641F2643441F66A06CE
:104CD000022806D0012D12D0022D0CD0FFDF304665
:104CE00070BDFEF72FFC0028F6D1FEF738FC002837
:104CF000F2D141F6583441F29A00204470BD42F698
:104D0000CE3070BD324808300168032904D00068F5
:104D1000022801D000207047012070472C4808303D
:104D200001680B2904D000680A2801D000207047D0
:104D30000120704700280DDB00F01F020121914087
:104D40004009800000F1E020C0F88011BFF34F8FD0
:104D5000BFF36F8F7047002809DB00F01F020121AD
:104D600091404009800000F1E020C0F880127047B7
:104D700019480021417281720121C172704730B51A
:104D800000240546012902D002290BD0FFDF184874
:104D900004430F4834380460164805430C48303843
:104DA000056030BD4FF08074F1E7094A4032116868
:104DB00053060228D3F820031ED0C0F3062000BFFC
:104DC00021F4FE4141EA00201060704700100040CD
:104DD000481500401C1100407C0A0020000004041B
:104DE00008F50140C30000200080004044850040D9
:104DF0000801100000000302C0F30660E0E7354838
:104E0000816B41F48001816333494FF48000086075
:104E1000DBE7F8B52F4C314E0020217C19B1D6F8D4
:104E20004411012907D00023A27A2D49012A04D078
:104E3000022A0AD019E00123F6E7D1F80C01012873
:104E400001D0002011E008200FE0D1F80C0101286A
:104E500006D0002223480068012803D0042002E085
:104E60000222F7E7002010431843D1F81021012A4D
:104E70002ED0002505431C48026812F0FF0F03D016
:104E8000D1F81421012A00D0002284F832200068D1
:104E900010F0FF0F03D0D1F81801012800D0002036
:104EA00084F833000F481030006884F83400FFF7AE
:104EB00072F8012800D0002084F83500FFF767F968
:104EC0000020C6F844010948006800902846F8BD53
:104ED0001025CFE77C0A002004F501400080004047
:104EE0000010004000140040401600404481004083
:104EF00010B5444822220021F8F745FA4148002421
:104F0000017821F010010170012104F04DFC3D49B0
:104F10004FF6FF70263981F8224088843A4908808C
:104F2000488010BDE4E7704700F05FB83549016084
:104F30007047354908807047324926398A8CA2F576
:104F40007F43FF3B02D00021016008E091F822205E
:104F50002C492639012A02D0016001207047002027
:104F600070472848263810F8221F012908D001214F
:104F7000017025482349263900888884012070471C
:104F8000002070472049488070471E491E4B263933
:104F90008A8C5B889A4205D191F8222012B1016077
:104FA00001207047002070471648174A2638818C28
:104FB0005288914209D14FF6FF71818410F8221F67
:104FC00019B10021017001207047002070470D4881
:104FD0000D4A2638818C5288914204D190F82200E3
:104FE00008B10020704701207047064926398A8C95
:104FF000824205D1002081F822004FF6FF7088849C
:1050000070470000DE0A0020C400002070473D4ABF
:10501000012338B1012804D1137008689060888892
:105020009081704753700868C2F802008888D08069
:105030007047344A10B1012807D00EE0507860B1B3
:10504000D2F802000860D08804E0107828B1906897
:1050500008609089888001207047002070472949A6
:1050600010B1012802D005E0487800E0087808B1C6
:10507000012070470020704730B50C4605468DB0C2
:105080004FF0030104F1030012B1FEF741FB01E010
:10509000FEF75DFB60790D2220F0C00040F040007B
:1050A0006071002104A8F8F76EF9E0788DF81F0010
:1050B00020798DF81E0060798DF81D001022294698
:1050C0006846F8F736F9684604F036FE9DF82F007A
:1050D00020709DF82E0060709DF82D00A0700DB01E
:1050E00030BD10B5002904464FF0060102D0FEF78E
:1050F0000FFB01E0FEF72BFB607920F0C000607130
:1051000010BD0000C8000020FE48406870472DE92F
:10511000F0410E46074601461446012004F011FDF9
:10512000054697F86500FFF725F84AF2B1210844D3
:105130004FF47A71B0FBF1F1788840F2712250435C
:10514000C1EB4000041BA4F2663402F0BBFD00B1C9
:105150001E3CAE4201D2284600E03046A04204D2B6
:10516000AE4201D22C4600E034467C62BDE8F081BC
:1051700030B502460020002914D0A2FB01104C0AD1
:1051800044EAC054400A641C40F100000021D4F1FC
:10519000FF3240F2A175814100D2FFDF04F5F464D3
:1051A000B4FBF5F030BD2DE9FF4F8BB0044690F80D
:1051B00065008A460990DDE90D1008430890D24841
:1051C0000026007800F004FE054694F88C0100F0FB
:1051D000FFFD284480B2009094F87D000D2804D093
:1051E000002007900D9810B131E00120F9E794F804
:1051F0002C0103282BD1079848B3B4F8AE115145C0
:1052000025D1D4F83401C4F82001608840F2E2418D
:105210004843C4F82401B4F87A01B4F806110844EC
:10522000C4F82801204602F057FDB4F8B201E0822C
:1052300094F8B0016075B4F8B4016080B4F8B601B8
:10524000A080B4F8B801E080022084F82C01D4F8E2
:1052500084010590D4F880010390B4F80681B4F875
:105260007811D4F8740106900D9820B194F840019B
:1052700000287DD108E004F580700290743004901D
:1052800004F5B075001D07E004F5AA700290001D3A
:10529000049004F5A275001D0A90B4F87020AAEBE2
:1052A00002000FFA80F9AAEB010007B2002F05DA1D
:1052B000D4F87001069001204F46089092484FF0B4
:1052C000000B007970B3F5F7A1FC58B3B4F81801DE
:1052D000022827D394F82C01022823D094F8430104
:1052E00000BB94F88C0100F073FD00F5C86080B23B
:1052F000009094F82C01012845D0608840F2E241EA
:1053000048430099FFF734FF08EB0901CA1BD4F8A2
:10531000341180B2431A02FB03BBC4F834010120EC
:1053200084F8430194F82C0100286DD001287DD029
:1053300002287CD003287BD0FFDF00BFA6EB0B0147
:105340000698FCF70EFD0499012640F271220860D0
:105350000A990020A1F800A028702E710498006816
:10536000A8606088D4F834115043C1EB400000E0DD
:10537000BFE16549A0F23630C861896981427DD9B3
:10538000029908607BE194F88000032833D0012162
:10539000002004F0CDF8E18A40F27122514300EB85
:1053A00041000190D4F82401B8340099FFF7E0FEE1
:1053B000A16E226F431AA066DDE9001002FB03BB59
:1053C000FFF7D6FEA16FA067421A34F8B60C40F280
:1053D000E241484393440099FFF7CAFE08EB0901F4
:1053E000226FC91B8A1AE16F521E431A02FB03BBCC
:1053F000E067B83C93E7E08A40F27122D4F82411C8
:10540000504301EB4000CCE7039800B9FFDF0121D6
:10541000002004F08DF80646E08A40F271214843EE
:1054200006EB40000099FFF7A3FE02E0C0E058E061
:10543000DDE0C4F83001608840F2E2414843009961
:10544000FFF796FEC4F8340182B22046A16AFFF746
:105450005EFE14F8650FFEF7F2FE4FF47A7800F264
:10546000E140B0FBF8F1039801EB00092078FEF76A
:10547000E6FE07462078FEF77DFE00E0FDE03844BA
:105480004AF2AB310144B1FBF8F134F84F0C40F271
:105490007122504306EB4000411AD4F8CB0040F291
:1054A000E2430A1A02EB0906227814F8501C11FB99
:1054B00003F1203E00F0B9FC1349801C886114F808
:1054C0006509FEF7BCFE00F2E140B0FBF8F103987D
:1054D0000844301A40F2F6218842BFF42FAFFFDFB4
:1054E0002CE7E08A40F27122D4F82411504301EBFA
:1054F00040000099FFF73CFEC4F83001608840F29C
:10550000E24103E0000B0020D8000020484300994E
:10551000FFF72EFEC4F8340182B22046A16AFFF7DD
:10552000F6FDB8F1000F21D10E98F8B194F865603E
:105530003046FEF71FFE4AF2B12101444FF47A7063
:10554000B1FBF0F0D4F8301140F271230144E08A4D
:10555000D4F82421584302EB4000471A3046FEF7A6
:1055600076FE0599081A3E18203E0AE0E08A40F2CD
:105570007122D4F82411504301EB4000D4F83011CB
:10558000461AD4F82821D4F82011D4F8300140F27A
:10559000E24301FB020094F86520617D11FB03F1F9
:1055A00000F043FCF9498861012084F82C01C5E62C
:1055B000608840F271225043D4F83411D4F8282185
:1055C000C1EB40067E4308EB0900801AD4F8207135
:1055D000D4F83031401E07FB023200FB012094F862
:1055E0006520617D40F2E24311FB03F140E06088F9
:1055F00040F27122D4F834115043C1EB400694F8C4
:105600007C007E43242803D094F87D0024280AD10E
:10561000B4F8AE11AAEB010000B2002803DB94F845
:10562000B10100B109900898D8B1B8F1000F18D1B4
:10563000059808B1039800B9FFDF94F86500FEF7FC
:1056400099FD4AF2B12101444FF47A70B1FBF0F0B8
:10565000361A94F86500FEF7FAFD0599081A064413
:10566000203ED4F8341108EB090048430021099A80
:1056700000F0DBFBC549886160E602980160029892
:10568000616A0068084400F5D370E86002F01AFB14
:1056900010B1E8681E30E8606E71B4F8F010A1EB4C
:1056A0000A0000B2002801DD032068710798002875
:1056B0000E9822D0C0B100BFB4F81811B1B3B4F83D
:1056C0001A0100BFA4F81A0194F81C21401C42439F
:1056D0008A4209D26879401E002805DD6E71B4F84F
:1056E0001A01401CA4F81A010D9830B394F8400137
:1056F000F8B102200FB0BDE8F08F0028DCD194F89B
:105700002C010028F0D0608840F27122D4F83411C6
:105710005043C1EB4001284603F04EFE0004000C4C
:10572000E2D0189901B108800120E3E7FFE70020EB
:10573000C8E794F87C01FDF78CF994F87C012946C0
:1057400000F059FB20B10D9880F0010084F8410170
:105750000020CFE77CB50446FCF72FFE0146D4F8C5
:105760007001FDF72BFB214600F076FB94F87D10CD
:105770000D290AD0B4F87020B4F83E1113189942DC
:1057800006DB491CA4F83E1106E0B4F83E010CE02B
:10579000401C1044A4F83E0194F8420140B9B4F80A
:1057A0003E01B4F8F410884202D1401CA4F83E0136
:1057B000B4F87A0101AE401CA4F87A01B4F89A005A
:1057C000B4F89810401AB4F87010401E084485B21E
:1057D00009E000231A4620460096FFF7E4FCD0B10A
:1057E00001282ED0FFDFB4F83E11681A00B200285D
:1057F000EFDA082084F88D00012084F88C00204620
:1058000001F0F5FE204600F0F8FA60484079BDE866
:105810007C40F5F7C9BBA06E002811D0B4F83E015A
:10582000B4F89420801A01B2002909DD34F86C0F15
:105830000144491E91FBF0F189B201FB0020208553
:105840007CBDB4F83E01BDF804100844A4F83E0144
:10585000C9E770B54E4C607A08B1002070BD94F86D
:10586000300030B1616B606A884202D9F8F70CFBF6
:10587000F3E7A06AC8B1F7F725FF0546F7F7F9FE89
:10588000284442F210714618FCF797FD0546294658
:10589000E06AFDF793FAE562A16A8219914202D2A9
:1058A0000120A062E2E7081AA062012070BD70B575
:1058B000374C012500202575207494F8300004F140
:1058C000100650B14FF47A71A069FCF74AFAA06152
:1058D0000021304603F070FD10E0002000F00DFBC9
:1058E0000546F7F7EFFE05442946A069FCF739FAAB
:1058F000A0612946304603F05FFD451C208C411C09
:105900000A2901D228442084606828B1208C401CD8
:105910000A2801D3022000E003206075FFF799FFF9
:1059200038B1207B314600F066FA002800D1FFDF55
:1059300070BD00F0DAFA15484079BDE87040F5F71F
:1059400033BB38B50025044680F82C51A0F87851B7
:105950002B462A4629460095FFF725FC00B1FFDFBC
:10596000C4F828510120C4F8205184F82C01A4F86F
:105970003E51A4F83C5184F8425134F8700F401E57
:1059800024F8B80B0020A4F8525038BDD8000020ED
:10599000000B002010B530B1F749012807D00228CC
:1059A0000BD0FFDF10BDBDE8104000F0EABA486A36
:1059B000BDE81040002100F0B5BA002081F83000A9
:1059C000FCF7F9FBED484079BDE81040F5F7ECBA7B
:1059D0002DE9F0410646E8480F460178E74D0329D6
:1059E00009D1017BB14206D1406868613846BDE803
:1059F000F04100F0EEBA304600F0F3F90621FAF774
:105A00005DFB040000D1FFDF304600F0EAF9218899
:105A1000884200D0FFDF214638466C61BDE8F04186
:105A200000F027BA10B5D44C207848B1012060723C
:105A3000F8F74CFA2078032804D0207A002800D008
:105A40000C2010BD207BFDF704F8207BFDF772FAD7
:105A5000207BFCF78FFC00B9FFDF0020207010BD19
:105A600010B5FFF7DFFF00F0F1FAC348002180F81E
:105A70003010C172084610BDC049487100208870BE
:105A800001220A7048700A71C870BB490870E7E7C4
:105A9000BA49087070472DE9F047B74C07460E46E3
:105AA000207800284BD1B648FCF702FC20731F2851
:105AB00045D04FF00309676084F8009000256572B7
:105AC000257287B1012107F58E70FDF740FE062093
:105AD000FAF7A0FA97F81C11B1FBF0F200FB1210D4
:105AE000401C87F81C01FCF73EFC40F2F65188424E
:105AF00000D2084600F23F101FFA80F8F7F7B9FD10
:105B0000E061F7F7DFFD0127E0B1A772FCF755FC74
:105B10008246002000F0F1F900EB08015046FCF746
:105B200020F9A061C4E90A6A277584F815909249A2
:105B30002574207B103100F05EF990B910E00C2044
:105B4000BDE8F087FCF739FC4146FCF70AF9A06193
:105B5000A57284F83070A6F28B566663A562E3E7FF
:105B6000FFDF25840020F8F7B1F90020E8E783493A
:105B7000487070478149087170472DE9F0417F4CAA
:105B80000746E088401CE080D4E902516078D7F8ED
:105B9000806120B13246284603F036FC0546A068F5
:105BA000854205D02169281A08442061FDF7D3F801
:105BB000A560AE4205D897F82C01012801D0E07805
:105BC00010B10020BDE8F0810120FBE710B50446CC
:105BD0000846FEF7CFFA4AF2B12108444FF47A7131
:105BE000B0FBF1F040F2E2414C4300F23630844227
:105BF00001D9201A10BD002010BD7CB5044600203C
:105C000084F8400194F8FE0000283FD194F82C015C
:105C100003283BD1FCF7D1FB0146D4F87001FDF716
:105C2000CDF8002832DD214600F016F9411CB4F809
:105C300070000144A4F83C11B4F83C11B4F8F4200D
:105C4000511A09B2002921DD012184F84211B4F86A
:105C50009A10B4F8982001AE891A491E084485B2FA
:105C60000EE00096B4F83C11002301222046FFF715
:105C70009AFA00280AD0012809D0022806D0FFDFAE
:105C8000B4F83C01281A00B20028EADA7CBDB4F866
:105C90003C01BDF804100844A4F83C01F0E738B515
:105CA00000250446012902D13448C07868B1042097
:105CB00084F82C01FCF77FFAA4F87A51B4F870004C
:105CC000A4F83E0184F842515FE60095B4F8F41060
:105CD000012300222046FFF766FA0028EAD0FFDF02
:105CE000E8E710B5062916D2DFE801F00509030C34
:105CF0000C0D002100E00121BDE81040CFE7032199
:105D000080F82C1110BDB0F834118AB2816ABDE858
:105D10001040FFF7FCB9FFDF10BD70B5174CA1783C
:105D2000022916D1E188002913D16569C5F88401DB
:105D300095F86500FEF78BFAD5F88411081AA1686A
:105D40000144A160E1680844E060BDE8704000F0F3
:105D5000A9B970BD70B5054608488478022C11D0E9
:105D6000054C243401B34FF47A7601290ED0022970
:105D700010D0FFDF70BD0000000B0020D800002015
:105D8000D1590100446904F5C074EBE71846FEF7E9
:105D900056FA02E01046FEF795FF00F2E140B0FB34
:105DA000F6F0281A2060E5E72560E3E7FE4810B525
:105DB000007808B1002010BD0620FAF71DF980F028
:105DC000010010BDF8480078002800D0012070477D
:105DD00010B504460C2800D3FFDFF44830F8140057
:105DE00010BD10B504461F2800D3FFDFEE48383041
:105DF00030F8140010BDFCF711BD70B5044600204A
:105E000084F82C0194F87C514FF6FF761F2D00D3B7
:105E1000FFDFE548383020F8156094F87C01FCF786
:105E2000A9FA1F2084F87C01A4E770B505460C464A
:105E300016461046FEF79EF94AF2B12108444FF487
:105E40007A71B0FBF1F000EB450004443046FEF7F8
:105E5000FEF9204460308DE7002809D0D1F83421C4
:105E6000498840F271235943C2EB4101B0FBF1F084
:105E700070472DE9F04101250226CD4F0C46082838
:105E800031D2DFE800F0040E161611301A23204636
:105E900000F0ADF9204600F064F984F84051BE707E
:105EA00090E601F00AFF01E0FEF72FFE84F8405172
:105EB00088E62046BDE8F0414CE4FEF7B3FCFEF76F
:105EC00024FE4FF0E020C0F880627BE694F82C01BD
:105ED000042800D0FFDF2046FFF78FFF7879BDE868
:105EE000F041F5F761B8FFDF6CE610B5AE4C207BF2
:105EF000FCF740FA0020207010BD08B500284FF0D4
:105F00000101684602D0FDF703FC01E0FDF7F6FB56
:105F10009DF8000042F210710002B0FBF1F201FBAB
:105F2000120008BD2DE9F0419F4C0746002084F87F
:105F30003000A669E07220700120207201216068A3
:105F400003F0B2F86068C0F87061257B80F87C517E
:105F5000C0F88071C0F8746106881F2D00D3FFDF80
:105F60009148383020F815606068FFF7EAFC00B10E
:105F7000FFDFFCF720F98E484079BDE8F041F5F7E6
:105F800013B870B5884C0025A07A18B10120FFF72E
:105F9000B4FF0546F7F796FB4119A069FBF7E1FE50
:105FA000A061002525740320607501202075607AAA
:105FB00030B97D49207B1031FFF71DFF00B9FFDFAD
:105FC0002584FCF7F8F87A484079BDE87040F4F78A
:105FD000EBBF70B5744D04462878032800D0FFDF6E
:105FE000082C31D2DFE804F0040E2A2A2630302DA6
:105FF00000206862F7F77CFD00B1FFDF6C490320E9
:106000008870B7E6F7F735FBE9690446A14206D286
:10601000601A0421FCF705FFEC6108B906E0E861AD
:10602000F7F7B1FE0028ECD0FFDFA3E6BDE8704033
:106030000020AFE4BDE87040FEF767BDBDE87040EA
:1060400035E4BDE8704050E7FFDF93E6FEB5584CFD
:106050000120E0704FF6FF750CE00621FAF72EF8EC
:10606000060000D1FFDF96F87C01FCF763FF3046A5
:10607000FFF7C3FE69460620F9F7ADFF50B1FFDF19
:1060800008E0029830B190F82C1119B10088A842AC
:10609000E3D104E06846F9F77CFF0028F1D0002046
:1060A000E070FEBD2DE9F0474148446994F8431182
:1060B000002955D094F82C11032951D194F86590FA
:1060C0000078FFF785FE054694F88C01FFF780FE07
:1060D000284486B294F88C01FFF77AFE00F5C86078
:1060E0001FFA80F84846FEF7B2F8D4F884110D1A6A
:1060F0004846FEF73FF84FF47A7A00F2E730B0FBFB
:10610000FAF02D1A4846FEF7A2F8D4F800110F1A3B
:106110004846FEF72FF84AF2B1210144B1FBFAF0EC
:106120003A1AA2F160007043B0FBF8F1292000EBAD
:1061300052006031A0EB510200EB5100AA4201D89D
:10614000854201D3F4F714FE608840F2E2414843EF
:106150003146FFF70DF8C4F83401002084F84301FC
:10616000EEE470B50446FCF7FEF8054694F86500C9
:10617000FEF700F84AF2B12108444FF47A71B0FBFF
:10618000F1F0D4F8341140F2712201446088504398
:10619000C1EB4006303EB72D00D8B725214601207F
:1061A00003F0CFFC284405E0000B002088B201007A
:1061B000D8000020351A21460120A5F21B3503F036
:1061C000C0FC616A9C30814201D9081A00E00020BD
:1061D0002C49A842CD6000D328468860D4F86C01D1
:1061E000A0F5D3700861BDE87040FCF7B4BD10B5F0
:1061F000044624490020C4F88001C880C4F8840102
:1062000094F8410138B9FCF7D8F8D4F84C11FCF7F0
:10621000D5FD002813DCB4F83E11B4F870008142BB
:1062200001D1B4F8F410081AA4F8F600A4F870101C
:10623000D4F86801C4F84C01C4F870011CE0B4F84B
:106240003C01B4F87010401AA4F8F600B4F83C0110
:10625000A4F87000D4F84C01C4F86801C4F87001C7
:10626000D4F85401C4F80001D4F85801C4F87401FA
:10627000B4F85C01A4F878012046BDE8104001F0B4
:1062800006BC0000D80000202DE9F0410E4604466F
:1062900003F06FFB0546204603F06DFB044603F058
:1062A000FDF8FB4F010015D0386990F864208A4250
:1062B00010D090F8C4311BB190F8C63123421FD0E2
:1062C0002EB990F85D30234201D18A4218D890F857
:1062D000C401A8B1284603F0E1F870B1396991F81A
:1062E0006520824209D091F8C40118B191F8C70124
:1062F000284205D091F8C40110B10120BDE8F08119
:106300000020FBE730B5E24C85B0E06900285ED0A4
:10631000142200216846F7F736F8206990F86500E6
:10632000FDF728FF4FF47A7100F5FA70B0FBF1F534
:10633000206990F86500FDF78AFF2844ADF8060053
:1063400020690188ADF80010B0F87010ADF80410A5
:106350004188ADF8021090F8A60130B1A069C11CC7
:10636000039103F01FFA8DF81000206990F8A50141
:106370008DF80800E169684688472069002180F8A7
:10638000A61180F8A5110399002920D090F8A41136
:1063900000291CD190F87C10272918D09DF81010E6
:1063A000039A002913D013780124FF2B11D0072B57
:1063B0000DD102290BD15178FF2908D180F8A441D1
:1063C0000399C0F8A8119DF8101080F8A71105B026
:1063D00030BD1B29F2D9FAE770B5AD4C206990F8B1
:1063E0007D001B2800D0FFDF2069002580F8A75022
:1063F00090F8D80100B1FFDF206990F8A81041B1F2
:1064000080F8A8500188A0F8DC1180F8DA510C213E
:1064100008E00188A0F8DC1180F8DA51012180F849
:10642000DE110B2180F8D8110088F9F77AFFF9F70F
:1064300023FC2079F4F7B8FD206980F87D5070BD09
:1064400070B5934CA07980072CD5A078002829D16D
:1064500062692046D37801690D2B01F170005FD08D
:106460000DDCA3F102034FF001050B2B19D2DFE87D
:1064700003F01A1844506127182C183A6400152BA1
:106480006FD008DC112B4BD0122B5AD0132B62D0BB
:10649000142B06D166E0162B71D0172B70D0FF2B72
:1064A0006FD0FFDF70BD91F87F200123194602F005
:1064B00038FF0028F6D12169082081F87F0070BDDF
:1064C0001079BDE8704001F0A2BC91F87E00C007D1
:1064D00000D1FFDF01F05AFC206910F87E1F21F087
:1064E0000101017070BD91F87D00102800D0FFDF20
:1064F0002069112180F8A75008E091F87D00142848
:1065000000D0FFDF2069152180F8A75080F87D10AA
:1065100070BD91F87D00152800D0FFDF172005E041
:1065200091F87D00152800D0FFDF1920216981F83E
:106530007D0070BDBDE870404EE7BDE8704001F0E1
:106540003ABC91F87C200123002102F0EAFE00B958
:10655000FFDF0E200FE011F87E0F20F0040008701E
:106560001DE00FE091F87C200123002102F0D9FE0C
:1065700000B9FFDF1C20216981F87C0070BD12E0AA
:106580001BE022E091F87E00C0F30110012800D04A
:10659000FFDF206910F87E1F21F010010170BDE8B7
:1065A000704001F0F3BB91F87C200123002102F040
:1065B000B8FE00B9FFDF1F20DDE791F87D0021283C
:1065C00001D000B1FFDF2220B0E7BDE8704001F04C
:1065D000E9BB2F48016991F87E20130702D50121FC
:1065E0008170704742F0080281F87E208069C0788F
:1065F00081F8E10001F0C1BB10B5254C21690A8882
:10660000A1F81A2281F8180291F8640001F0A9FBA0
:10661000216981F81C0291F8650001F0A2FB216953
:1066200081F81D02012081F81602002081F8C401C2
:106630002079BDE81040F4F7B7BC10B5144C052123
:106640002069FFF74EFB206990F85A10012908D005
:1066500000F5F77103F048FA2079BDE81040F4F72F
:10666000A3BC022180F85A1010BD10B5084C0123BC
:106670000921206990F87C20703002F052FE48B168
:106680002169002001F8960F087301F81A0C10BD5B
:10669000F80000200120A070F9E770B5FE4D01233D
:1066A00029462869896990F87C2009790E2A01D148
:1066B000122903D000241C2A03D004E0BDE8704056
:1066C000D3E7142902D0202A07D008E080F87C40C4
:1066D00080F8A240BDE87040AFE7162906D0262A10
:1066E00001D1162902D0172909D00CE000F87C4FFF
:1066F00080F82640407821280CD01A2017E090F826
:106700007D20222A07D0EA69002A03D0FF2901D17F
:1067100080F8A63132E780F87D4001F037FB286928
:1067200080F8974090F8C4010028F3D00020BDE81D
:10673000704061E72DE9F843D74C206990F87C1050
:10674000202909D05FF0000790F87D10222905D09C
:106750007FB300F17C0503E00127F5E700F17D053B
:1067600010F8B01F41F004010170A06903F007F9AF
:106770004FF00108002608B33946A069FFF784FDF1
:10678000E0B16A46A169206902F096FE90B3A06963
:1067900003F0F3F82169A1F8AE01B1F8701001F02F
:1067A000C6FA40B32069282180F88D1080F88C80CB
:1067B00048E0FFE70220A070BDE8F883206990F868
:1067C000C40110B11E20FFF717FFAFB1A069216906
:1067D000C07881F8E20008FA00F1C1F3006000B966
:1067E000FFDF20690A2180F87C1090F8A20040B9F0
:1067F000FFDF06E009E01AE02E7001F0C7FAFFF7AC
:10680000E8FE206980F89760D6E7206990F8C40117
:1068100018B10020FFF7F0FE2E70206900F17D0115
:1068200080F897608D420DD180F87D600AE0206984
:106830009DF8001080F8B0119DF8011080F8B1119A
:1068400024202870206900F17D018D4203D1BDE82C
:10685000F84301F09BBA80F8A260ADE770B58E4CAA
:1068600001230B21206990F87D20703002F059FD42
:10687000202650BB20690123002190F87D20703034
:1068800002F04FFD0125F0B1206990F87C0024282A
:106890001BD0A06903F063F8C8B1206990F8B0106C
:1068A00041F0040180F8B010A1694A7902F00702B2
:1068B00080F85D20097901F0070180F85C1090F8FC
:1068C000C5311BBB06E0A57058E6A67056E6BDE8CC
:1068D00070407EE690F8C431C3B900F164035E787D
:1068E0008E4205D11978914202D180F897500DE07F
:1068F00000F504710D7002884A8090F85C200A71DE
:1069000090F85D0048712079F4F74EFB2169212051
:1069100081F87D00BDE8704001F02FBAF8B55E4CFB
:10692000206990F87E0010F0300F04D0A07840F07D
:106930000100A070F8BDA06902F0FAFF50B3A06991
:1069400002F0F0FF0746A06902F0F0FF0646A069DA
:1069500002F0E6FF0546A06902F0E6FF0146009757
:10696000206933462A46303003F046F8A079800784
:1069700003D56069C07814280FD0216991F87C0094
:106980001C280AD091F85A0001280ED091F8BB01BA
:1069900058B907E0BDE8F8401BE62169012081F8FD
:1069A0005A0002E091F8BA0130B1206910F87E1F58
:1069B00041F0100101700EE091F87E0001F5FE72C9
:1069C00040F0200081F87E0031F8300B03F080F8B1
:1069D0002079F4F7E9FABDE8F84001F0CEB970B5D6
:1069E0002D4C206990F87E10890707D590F87C20FF
:1069F00001230821703002F094FCE8B1206990F87E
:106A0000AA00800712D4A06902F073FF216981F8FF
:106A1000AB00A06930F8052FA1F8AC204088A1F8A0
:106A2000AE0011F8AA0F40F002000870206990F83B
:106A3000AA10C90703D00FE00120A0709EE590F8CE
:106A40007E00800700D5FFDF206910F87E1F41F02F
:106A50000201017001F091F92069002590F87C1085
:106A6000062906D180F87C5080F8A2502079F4F7EE
:106A70009BFA206990F8AC110429DFD180F8AC5161
:106A80002079F4F791FA206990F87C100029D5D18B
:106A900080F8A25072E50000F800002070B5FE4CAE
:106AA00001230021206990F87D20703002F039FC2C
:106AB000012578B9206990F87D20122A0AD0012397
:106AC0000521703002F02DFC10B10820A07055E5B2
:106AD000A57053E5206990F8A80008B901F04DF9B8
:106AE0002169A06901F5847102F0F1FE2169A069B4
:106AF000D83102F0F2FE206990F8E00100B1FFDF2A
:106B000021690888A1F8E20101F5F271A06902F09B
:106B1000D6FE2169A06901F5F67102F0D5FE206963
:106B200080F8E051142180F87D102079BDE8704094
:106B3000F4F73ABA70B5D84C01230021206990F8D7
:106B40007D20703002F0EDFB0125A8B1A06902F0B4
:106B50008CFE98B1A0692169B0F80D00A1F8AE01D2
:106B6000B1F8701001F0E3F858B12069282180F8DD
:106B70008D1080F88C5001E5A570FFE4BDE87040F1
:106B800027E5A0692169027981F8B021B0F80520D4
:106B9000A1F8B22102F060FE2169A1F8B401A06958
:106BA00002F05DFE2169A1F8B601A06902F05AFE6B
:106BB0002169A1F8B8010D2081F87D00DEE47CB5E3
:106BC000B54CA079C00738D0A06901230521C5784C
:106BD000206990F87D20703002F0A3FB68B1AD1EF3
:106BE0000A2D06D2DFE805F00909050509090505A2
:106BF0000909A07840F00800A070A07800281CD1F6
:106C0000A06902F0FFFD00287AD0A0690226C578AD
:106C10001DB1012D01D0162D18D1206990F87C00EE
:106C200002F067FB90B1206990F87C101F290DD00D
:106C3000202903D0162D16D0A6707CBD262180F801
:106C40007C10162D02D02A20FFF7D6FC0C2D58D030
:106C50000CDC0C2D54D2DFE805F033301D44A7A71F
:106C6000479E57A736392020A0707CBD0120152DE6
:106C700075D008DC112D73D0122D69D0132D64D07E
:106C8000142D3DD178E0162D7CD0182D7DD0FF2D10
:106C900036D183E020690123194690F87F207030B7
:106CA00002F03FFBF8B9A06902F007FE216981F804
:106CB0009201072081F87F0078E001F044F975E047
:106CC000FFF738FF72E001F01EF96FE0206990F8DD
:106CD0007D10112901D0A67068E0122180F87D1086
:106CE00064E0FFF7DBFE61E0206990F87D00172883
:106CF000F1D101F04BF821691B2081F87D0055E0AE
:106D000052E0FFF76CFE51E0206990F87E00C0076A
:106D100003D0A07840F001001FE06946A06902F0AE
:106D2000EAFD9DF8000000F02501206900F8B01F81
:106D30009DF8011001F04101417001F01EF8206939
:106D400010F87E1F41F0010114E0FFF78EFC2DE0EA
:106D5000216991F87E10490705D5A07026E00EE064
:106D600016E00FE011E001F008F8206910F87E1F2E
:106D700041F00401017019E0FFF7D0FD16E001F0C9
:106D80008AF813E0FFF76AFD10E0FFF7D3FC0DE08F
:106D900001F060F80AE0FFF780FC07E0E16919B153
:106DA000216981F8A60101E0FFF713FC2069F0E9F1
:106DB0003012491C42F10002C0E900127CBD70B5DE
:106DC000354CA07900074AD5A078002847D1206922
:106DD00090F8E400FE2800D1FFDF2069FE210025A5
:106DE00080F8E41090F87D10192906D180F8A7509A
:106DF00000F0CCFF206980F87D50206990F87C106D
:106E00001F2902D0272921D119E090F87D0002F036
:106E100070FA78B120692621012380F87C1090F85F
:106E20007D200B21703002F07CFA78B92A20FFF720
:106E3000E3FB0BE02169202081F87C0006E00121C2
:106E400080F8A51180F87C5080F8A250206990F855
:106E50007F10082903D10221217080F8E41059E441
:106E600010B50D4C216991F8B0210AB991F8642050
:106E700081F8642091F8B1210AB991F8652081F870
:106E8000652010B10020FFF7B7FB206902F0D4FDA8
:106E9000002809D0206901E0F8000020BDE810407A
:106EA00000F5F77102F020BE10BD70B5FC4C06462F
:106EB0000D46206990F8E400FE2800D0FFDF22692B
:106EC000002082F8E46015B1A2F8A40022E422F8C0
:106ED0009E0F012010711DE470B5F14C01230021BB
:106EE000206990F87C20703002F01BFA002869D0ED
:106EF000206990F8BA1111B190F8BB1139B190F82E
:106F0000C41100295DD090F8C51111B359E090F873
:106F10007D1024291BD090F87C10242917D0002341
:106F200000F5D87200F5DD7102F058FD21690020EE
:106F300081F8BA0101461420FFF7B7FF216901F17A
:106F40003000C28A21F8E62F408B48803FE00123C1
:106F5000E6E790F87D2001230B21703002F0E1F983
:106F600078BB206990F8640000F0FBFE05462069BC
:106F700090F8650000F0F5FE0646206990F8C6110D
:106F8000284600F0E0FE50B1206990F8C711304665
:106F900000F0D9FE18B10020FFF72EFB11E02069A8
:106FA0000123032190F87D20703002F0BAF940B936
:106FB00020690123022190F87D20703002F0B1F9A0
:106FC00008B1002080E400211620FFF76EFF0120A9
:106FD0007AE410B5F0BBB24C206990F87E10CA0775
:106FE00002D00121092051E08A070AD501210C2095
:106FF000FFF75BFF206910F8AA1F41F00101017043
:1070000046E04A0702D5012113203FE00A0705D5D3
:1070100010F8E11F41710121072037E011F0300F16
:107020003AD090F8BB11A9B990F8BA11D9B190F83B
:107030007D1024292ED090F87C1024292AD00023FA
:1070400000F5D87200F5DD7102F0C8FC216911F875
:107050007E0F00E020E020F0200040F010000870DB
:10706000002081F83C01206990F87E10C90613D5F4
:1070700002F0E2FCFFF7E1FA216901F13000C28A77
:1070800021F8E62F408B488001211520FFF70DFFE6
:10709000012010BD0123D3E7002010BD70B5804C46
:1070A000206990F8E410FE2978D1A178002975D1E3
:1070B00090F87F2001231946703002F032F9002841
:1070C0006CD1206990F8901149B10021A0F89C1072
:1070D00090F8911180F8E610002102205BE090F812
:1070E0007D2001230421703002F01BF90546FFF7D3
:1070F00070FF002852D1284600F089FF00284DD1AA
:1071000020690123002190F87C20703002F009F9F9
:1071100078B120690123042190F87D20703002F0BD
:1071200000F930B9206990F8960010B100211220C2
:1071300031E0206990F87C200A2A0DD0002D2DD155
:1071400001230021703002F0ECF878B1206990F84A
:10715000AC1104290AD105E010F8E21F01710021E9
:10716000072018E090F8AA00800718D0FFF7B4FEB7
:10717000002813D120690123002190F87C20703071
:1071800002F0CFF8002809D0206990F8A401002867
:1071900004D00021FF20BDE8704086E609E0002110
:1071A0000C20FFF782FE206910F8AA1F41F00101B0
:1071B000017043E43EB505466846FDF7BDFE00B9E3
:1071C000FFDF222200210098F6F7DDF80321009866
:1071D00002F0FFFA0098017821F0100101702946B1
:1071E00002F01DFB2E4C0D2D40D00BDCA5F102054D
:1071F0000B2D19D2DFE805F01F184719191F185673
:1072000018192400152D5ED008DC112D25D0122D63
:107210000BD0132D09D0142D06D154E0162D29D0F2
:10722000172D69D0FF2D73D0FFDFFDF79AFE0028E0
:1072300000D1FFDF3EBD2169009891F8E61017E00C
:10724000E26800981178017191884171090A817191
:107250005188C171090A0172E7E70321009802F021
:10726000A6FB0621009802F0A6FBDEE700980621A7
:107270000171DAE70098216991F8C621027191F84D
:10728000C7114171D1E72169009801F5887102F0B9
:1072900028FB21690098DC3102F028FBC5E70000DB
:1072A000F8000020F849D1E90001CDE90101206989
:1072B00001A990F8B00000F025008DF804000098B6
:1072C00002F048FBB1E72069B0F84810009802F0DE
:1072D00017FB2069B0F8E810009802F015FB206950
:1072E000B0F84410009802F013FB2069B0F8E610E3
:1072F000009802F011FB98E7216991F8C401002879
:107300000098B9D111F8642F02714978B9E7FFE705
:10731000206990F8A721D0F8A811009802F08DFA02
:1073200083E7DA4810B5006990F8821041B990F807
:107330007D2001230621703001F0F3FF002800D0EA
:10734000012010BD70B5D14D286990F8801039B179
:10735000012905D0022906D0032904D0FFDF0AE461
:10736000B0F8F41037E090F87F10082936D0B0F864
:107370009810B0F89A2000248B1C9A4206D3511A18
:10738000891E0C04240C01D0641EA4B290F896103F
:1073900039B190F87C2001230921703001F0C1FF40
:1073A00040B3FFF7BEFF78B129690020B1F8902003
:1073B000B1F88E108B1C9A4203D3501A801E00D055
:1073C000401EA04200D284B20CB1641EA4B228694F
:1073D000B0F8F4102144A0F8F01040E5B0F898108F
:1073E0000329BDD330F8701F428D1144491CA0F809
:1073F000801034E50024EAE770B50C4605464FF4EA
:10740000087200212046F5F7BEFF258027E5F8F732
:107410005FBF2DE9F0410D4607460621F8F74EFE05
:10742000041E3ED094F8CC010026B8B16E7007203F
:1074300028700DE0268484F8CC61D4F8CE01C5F81C
:107440000200D4F8D201C5F80600B4F8D60168816C
:1074500094F8CC010028EDD1AE70B6E094F8D801D4
:1074600090B394F8D8010B2813D00C2801D0FFDF7B
:10747000ABE02088F8F755FF0746F8F712FC78B91B
:107480006E700C20287094F8DA01A8702088A8800B
:1074900014E02088F8F745FF0746F8F702FC10B122
:1074A0000020BDE8F0816E700B20287094F8DA019E
:1074B000A8702088A88094F8DE01A87184F8D861AB
:1074C0003846F8F7E8FB80E0FFE794F80E0230B1A9
:1074D0006E700E20287084F80E626F8075E094F84C
:1074E000E00180B16E700820287020886880D4F890
:1074F000E4116960D4F8E811A960B4F8EC01A8813E
:1075000084F8E06161E094F8080270B16E701620B2
:10751000287005E084F80862D4F80A02C5F8020071
:1075200094F808020028F5D14FE094F8EE01B0B1CC
:107530006E70122028700DE084F8EE61D4F8F0012E
:10754000C5F80200D4F8F401C5F80600D4F8F80133
:10755000C5F80A0094F8EE010028EDD135E094F862
:10756000FC0180B16E701820287084F8FC61D4F89A
:10757000FE01C5F80200D4F80202C5F80600B4F80E
:107580000602688121E094F8100240B119202870A9
:1075900084F81062D4F81202C5F8020015E094F8DD
:1075A000160200283FF47DAF6E701320287008E0AB
:1075B00084F81662D4F81802C5F80200B4F81C0268
:1075C000E88094F816020028F2D1012069E72F48DC
:1075D0000021C16101620846704730B52B4D0C4651
:1075E000E860FFF7F4FF00B1FFDF2C7130BD002130
:1075F00080F87C1080F87D1080F8801090F8FE10E4
:1076000009B1022100E00321FEF76BBB2DE9F04137
:107610001E4C0546206909B1002104E0B0F80611AE
:10762000B0F8F6201144A0F8061190F8901139B97D
:1076300090F87F2001231946703001F072FE30B1BE
:10764000206930F89C1FB0F85A201144018020694D
:1076500090F8A23033B1B0F89E10B0F8F620114483
:10766000A0F89E1090F9A670002F06DDB0F8A410C7
:10767000B0F8F6201144A0F8A41001213D263DB138
:1076800080F88D6018E00000A0B20100F800002032
:107690002278022A0AD0012A11D0A2782AB380F8CF
:1076A0008C1012F0140F0DD01E2113E090F8E6207C
:1076B000062A3CD016223AE080F88C1044E090F87C
:1076C000922134E0110702D580F88D603CE09106EC
:1076D00003D5232180F88D1036E0900700D1FFDF1D
:1076E00021692A2081F88D002AE02BB1B0F89E2074
:1076F000B0F8A0309A4210D2002F05DDB0F8A420D7
:10770000B0F8A0309A4208D2B0F89C30B0F89A2075
:10771000934204D390F890310BB1222207E090F805
:1077200080303BB1B0F89830934209D3082280F8FA
:107730008D20C1E7B0F89820062A01D33E22F6E753
:10774000206990F88C1019B12069BDE8F0414EE72E
:10775000BDE8F0410021FEF7C4BA2DE9F047FF4C27
:1077600081460D4620690088F8F7EDFD060000D13E
:10777000FFDFA0782843A070A0794FF000058006B5
:10778000206904D5A0F8985080F8045103E030F83F
:10779000981F491C0180FFF7C4FD012740B3E08812
:1077A000000506D5206990F8821011B1A0F88E501E
:1077B0001EE02069B0F88E10491C89B2A0F88E1026
:1077C000B0F890208A4201D3531A00E00023B4F8A5
:1077D00008C00CF1050C634501D880F89670914201
:1077E00006D3A0F88E5080F80E722079F3F7DCFBF8
:1077F000A0794FF0020810F0600F0ED0206990F8C9
:10780000801011B1032908D102E080F8807001E0F6
:1078100080F880800121FEF764FA206990F88010DA
:10782000012904D1E188C90501D580F88080B9F12A
:10783000000F71D1E188890502D5A0F8185104E044
:10784000B0F81811491CA0F8181100F0A7FBFEF7BA
:1078500059FDFFF723FC00F0B2FD0028206902D09B
:10786000A0F8F85003E030F8F81F491C018000F040
:10787000A9FD38B1206990F80411022907D8491CE4
:1078800080F80411206990F80401022804D92069C5
:1078900020F8F85F4580057320690123002190F8E6
:1078A0007D20703001F03DFD20B9206990F87D0009
:1078B0000C286AD120690123002190F87C207030C7
:1078C00001F02FFD48B320690123002190F87F20AB
:1078D000703001F026FD00B3206990F88010022975
:1078E00053D190F80401C0B93046F7F7AAFFA0B110
:1078F000216991F8E400FE2847D1B1F8F20001288F
:1079000043D981F8FD70B1F89A20B1F89800931E20
:10791000984203DB012004E043E036E0101A401EE9
:1079200080B2B1F8F82023899A4201D3012202E003
:107930009A1A521C92B2904200D91046012801D1E5
:1079400081F8FD5091F86F206AB98A6E5AB1B1F88A
:107950009420B1F87030D21A12B2002A03DD90429E
:1079600000DB104680B291F8892192B1B1F8FA207B
:10797000B1F88A118A4201D3012102E0891A491C17
:1079800089B2884205D9084603E02169012081F8BF
:10799000FD502169B1F870201044A1F8F400FFF700
:1079A000D1FCE088C0F340214846FFF72FFE206954
:1079B00080F8FE50BDE8F047FDF7F6BA6749024689
:1079C0008878CB78184312D10846006942B189798A
:1079D000090703D590F87F00082808D001207047D8
:1079E000B0F84C10028E914201D8FEF7C6B80020C4
:1079F000704770B5594C05460E46E0882843E08034
:107A0000A80703D5E80700D0FFDF6661EA074FF05B
:107A100000014FF001001AD0A661F278062A02D0C8
:107A20000B2A14D10AE0226992F87D30172B0ED16F
:107A30000023E2E92E3302F8370C08E0226992F8BD
:107A40007D30112B03D182F8811082F8A800AA079B
:107A500018D56269D278052A02D00B2A12D10AE021
:107A6000216991F87D20152A0CD10022E1E930220C
:107A700001F83E0C06E0206990F87D20102A01D123
:107A800080F88210280601D50820E07067E42DE90F
:107A9000F84F324C00254FF00108E580A570E570E5
:107AA0004146257061F3070220619246814680F8C5
:107AB000FE800088F8F747FC070000D1FFDF20694F
:107AC0000088FDF736FA20690088FDF75BFA206927
:107AD000B0F8F21071B190F8E410FE290FD190F8CF
:107AE000901189B190F87F2001231946703001F080
:107AF00018FC78B1206990F8E400FE2804D02069D1
:107B000090F8E400FFF756FB206990F8FF1089B168
:107B1000258118E02069A0F89C5090F8911180F818
:107B2000E61000210220FFF7C0F9206980F8FD501F
:107B30000220E7E790F8CC1119B9018C82889142B4
:107B400000D881882181B0F8F610491E8EB2B0F8B5
:107B5000F8103144A0F8F81002E00000F80000200E
:107B600090F8FC1021B1A0F8FA5080F8FC5004E025
:107B7000B0F8FA103144A0F8FA1030F8981F3144E8
:107B80000180FFF7CEFB20B1206930F88E1F314411
:107B900001802069B0F8F210012902D8491CA0F830
:107BA000F2100EB180F8045190F8FD10A1B1B0F8B8
:107BB000F800218988420FD23846F7F742FE58B1C3
:107BC000206990F8891139B1B0F8FA10B0F88A013B
:107BD000814201D300F0F9FB206980F8FD5090F854
:107BE0007D100B2901D00C2916D1B0F87020B0F807
:107BF000AE31D21A12B2002A0EDBD0F8B011816079
:107C000090F8B4110173032101F04EFA206980F855
:107C10007D5080F8B28026E0242910D1B0F8701091
:107C2000B0F8AE21891A09B2002908DB90F8C40126
:107C3000FFF716F9206900F87D5F857613E090F86C
:107C40007C10242901D025290DD1B0F87010B0F88E
:107C5000AE01081A00B2002805DB0120FFF700F989
:107C6000206980F87C5020690146B0F8F620703019
:107C700001F0C8FA206990F8891109B1A0F8FA500A
:107C8000F6480090F64BF74A4946504600F0DEFAB7
:107C9000216A11B16078FCF74DFE206901230521AE
:107CA00090F87D20703001F03CFB002803D0BDE847
:107CB000F84F00F038BABDE8F88F00F045BBEA494C
:107CC000C8617047E848C069002800D001207047AB
:107CD000E54A50701162704710B50446B0F8B421FF
:107CE0004388B0F8B611B0F8B8019A4205D1A3881C
:107CF000994202D1E38898420FD02388A4F8D0316A
:107D0000A4F8D221A4F8D411A4F8D601012084F853
:107D1000CC01D5480079F3F747F90221204601F05C
:107D2000C3F9002004F87D0F0320E07010BD401A55
:107D300000B247F6FE71884201DC002801DC012018
:107D4000704700207047012802D0022805D102E0C8
:107D5000012904D001E0022901D000207047012050
:107D6000704710B5012804D0022804D0FFDF204658
:107D700010BD0124FBE70224F9E7BB48002100699C
:107D800020F8A41F8178491C81707047B64800B55F
:107D9000016911F8A60F401E40B20870002800DAF1
:107DA000FFDF00BDB0482721006980F87C1000216A
:107DB00080F8A411704710B5AB4C206990F8AC1155
:107DC000042916D190F87C2001230021703001F0A5
:107DD000A8FA00B9FFDF206990F8AA10890703D438
:107DE000062180F87C1004E0002180F8A21080F8C1
:107DF000AC11206990F87E00800707D5FFF7C6FF19
:107E0000206910F87E1F21F00201017010BD964913
:107E100010B5096991F87C200A2A09D191F8E2206D
:107E2000824205D1002081F87C0081F8A20010BDBB
:107E300091F87E20130706D522F0080081F87E0015
:107E4000BDE81040A2E7FF2801D0FFDF10BDBDE86C
:107E50001040A7E710B5844C206910F8B01F41F01E
:107E600004010170A06901F0A4FD162806D1206963
:107E700090F87C00202802D0262805D010BDA069EB
:107E800001F09BFDFEF7B8FB2169002081F87C0022
:107E900081F8A20010BDF8B5734C01230A212069B6
:107EA00090F87C20703001F03CFA38B3A06901F002
:107EB0003FFDC8B1A06901F035FD0746A06901F09A
:107EC00035FD0646A06901F02BFD0546A06901F0CD
:107ED0002BFD01460097206933462A46303001F0D9
:107EE0008BFD206901F0A8FD2169002081F8A20026
:107EF00081F87C00BDE8F840FEF79FBBA07840F019
:107F00000100A070F8BD10B5574C01230021206975
:107F100090F87D20703001F004FA30B1FFF72DFFAA
:107F20002169102081F87D0010BD20690123052101
:107F300090F87D20703001F0F4F908B1082000E0DD
:107F40000120A07010BD70B5474C012300212069AD
:107F500090F87D20703001F0E4F9012588B1A06926
:107F600001F0A8FC2169A1F8AE01B1F87010FFF78B
:107F7000DEFE40B12069282180F88D1080F88C50F9
:107F800084E5A57082E52169A06901F5D87101F049
:107F90008CFC21690B2081F87D0077E510B5FEF798
:107FA0000EFFFEF70CFE304CA079400708D5A078F4
:107FB00030B9206990F87F00072801D10120207096
:107FC000FEF73EFAA079C00609D5A07838B9206935
:107FD00090F87D100B2902D10C2180F87D10E078FB
:107FE00000070ED520690123052190F87D2070300F
:107FF00001F097F930B10820A0702169002081F8C4
:10800000D80110BDBDE81040002000F016BB10B52F
:10801000154C216991F87D2040B3102A06D0142A0E
:1080200007D0152A23D01B2A35D123E001210B20AC
:1080300022E0FBF769FB0C2820D32069082100F51A
:108040008870FBF765FB28B120690421DC30FBF761
:108050005FFB00B9FFDF012104200DE05B77010029
:10806000BD790100F3790100F800002008E000F07C
:1080700017F803E001210620FEF717FF012010BDCD
:10808000212A08D191F8970038B991F8C40110B1AC
:1080900091F8C50108B1002010BD01211720EBE7C0
:1080A00070B5184C0025206990F8931101290AD069
:1080B000022925D190F8A810A9B1062180F8E61070
:1080C0000121022017E090F8D811002918D100F101
:1080D000C80300F58471002200F5CA7001F0C1F8F0
:1080E0000121052007E090F8B000400701D51120DC
:1080F00000E00D200121FEF7D8FE206980F89351A1
:10810000C4E40000F8000020F9480078002800D0FE
:108110000C20704710B50446FFF7F6FF00B1FFDFF3
:10812000F348047210BDF2490120C871704770B560
:108130000C460546082B01D0194600E004211046E4
:1081400001F075F9844200D220460DB1001D80B2C5
:10815000C0B270BD70B5E64934314C6804F17005A9
:1081600060B1628F218F94F86530A87CFFF7DFFF44
:1081700094F86510BDE87040FCF79EB8FF2094F8B5
:108180006410F7E72DE9F0478146D9483430446858
:10819000002004F17005628F218F94F86530FFF79D
:1081A000C6FFD34F0646D34878620120FFF7D2FFBF
:1081B000A87C4FF0000840B305F15801CE4891E883
:1081C0000E1000F1080A8AE80E10A96EC0F82110FE
:1081D000E96EC0F82510FE38FCF743FBC6480121C4
:1081E00008300176D5E91412C0E90412A0F58372B3
:1081F000796AFBF728FF94F8650000F0A7FB0246B8
:1082000031460120FBF72DFF04E0786AFCF729FBDB
:10821000FBF74BFFB9F1000F03D141469620FCF765
:108220004CFB94F8642001210020FCF706FC94F834
:108230002C00012801D1FCF7DFFB02203870FCF78D
:1082400061FD002800D0FFDFBDE8F0872DE9F04395
:10825000A74D87B0804628780E9F1C461646894653
:1082600010B90EB104B107B9FFDFEF61C5E90564CC
:108270000020C5E90D89E871A871E870A87028711F
:108280009B4F6871A8813437E8817E68344636F8A0
:10829000700BF8F758F8E8622088F8F742F828637E
:1082A000FCF714F894F96700FCF7CEF804F112001B
:1082B000FCF7B9FA04F10E00FCF7CCF80120FCF74A
:1082C000CDFA18228D496846F5F733F88C480490AA
:1082D0006846FCF7B7FAF07EFCF7C6F8FCF7B8FA88
:1082E00094F86F0078B9A06E68B1B08C318888427C
:1082F00009D1B4F86C1001220844B08494F86E00DF
:10830000A16EF9F708FE628F218F94F86530B07C7A
:10831000FFF70DFF94F865402146FBF7CDFF786825
:1083200090F8880108B1FCF74FF821460120FCF7CE
:1083300054F97868D0F80001FCF797FA0120FFF7AC
:1083400021FF07B0BDE8F083694800B50078022836
:1083500000D0FFDF00BD664810B534304468FCF73C
:10836000FBFAFCF7DAFAFCF729FAFCF762FAFBF7FA
:108370009CFE94F82C00012801D1FCF733FB94F803
:108380006F0038B9A06E28B1002294F86E00114633
:10839000F9F7C1FD564CE08900F0E2FAE269A179F3
:1083A000A07890470020207010BD514810B500788B
:1083B000022800D0FFDFBDE81040CCE7CBE74C48F7
:1083C000007970474A48C078704749490120487190
:1083D00070472DE9FC474648454E3430A0F114075C
:1083E00044684FF0000A254694F875004FF00108E4
:1083F000703458B3012868D002286AD0032876D098
:10840000FFDF316AB1460826087820F008000870BE
:10841000A37906EAC303184320F004000870E37947
:10842000042606EA8303184320F0100008706779D9
:10843000D9F82C00F7F715FA0646FCF7C8FD022F0D
:1084400067D0012F65D0032F66D068E000F094FA62
:10845000AA8E0146104600F0EAFF298E814200D222
:1084600008464C21ADF8040048533846FCF78DFD12
:1084700048B14FF48060316A00F077FA03206071F0
:1084800084F80380BDE76A4601A9F06A00F05CFA4F
:10849000306210B194F8371029B13846FCF746FD28
:1084A00084F80580ADE79DF8001031B9A0F800A070
:1084B00080F802A0012101F08CF9BDF80410306AA7
:1084C00001F07DFA022060719BE73846FCF72EFD33
:1084D00097E7B5F84C00ADF804006A4601A9F06AC8
:1084E00000F032FA306200288BD1FFDF89E709E023
:1084F0001C010020780B0020780D0020A8B201009C
:108500001B5D01003846FCF740FD0028BAD1FFDFB3
:1085100077E7B04301D002E00EB1012100E0002175
:10852000D9F820004E46027842EA01110170617CC0
:1085300051B36179012927D004F15801F7488EC958
:1085400000F1080989E88E00A16EC0F82110E16EE3
:10855000C0F82510FE38FCF784F9F048083080F8A0
:1085600018A0D4E91212C0E90412A0F58371326A8E
:10857000FBF769FD95F8640000F0E8F90246FB217D
:108580000020FBF76EFD03E0FCF76BF9FBF78DFDB8
:10859000012195F865200846FCF74FFA86F804801B
:1085A000316A0A8832828978B17486F80080FCF7D3
:1085B000B5FB002800D0FFDFBDE8FC8770B5D84CC4
:1085C000054639B9012D05D1E078401CC0B2E070F4
:1085D000012820D8A16928468847E0B16179D148AF
:1085E00031B1012D04D1417811B90178C90612D5F4
:1085F000A17981B98DB9CA4910310978CA0602D466
:108600000078C00607D5A08928B9A06A28B9608972
:1086100018B1C80601D4012070BD002070BD10B58E
:10862000BF4CA06A00B9FFDF6289D4E90910D21CEF
:10863000F4F77FFEA06A606210BD2DE9F0470600E6
:10864000B748B74D00F134004468686A04F170041B
:10865000477801D0012E03D1296B02F0EDF8687044
:1086600068784FF000084FF0010938B1012816D0A2
:1086700002282FD0032844D0FFDFE5E5012E30D0BB
:10868000FFF7CDFF39460122286BF7F75BF926E0AB
:1086900084F8078030E000BF84F807902CE0012EBA
:1086A00008D0FFF7BCFF39460022286BF7F74AF9DC
:1086B000022EE2D0D4E91401401C41F10001C4E9CA
:1086C0001401E079012802D084F80790BCE584F811
:1086D0000780B9E5012E04D0286BF7F7B7FA022E10
:1086E000CBD0D4E91401401C41F10001C4E91401CC
:1086F000E0790128D0D1CBE7287ABDE8F047F2F73E
:1087000053BC012EB9D0286BF7F7A0FAF4E770B587
:108710008349834A343100264C68516A01257034FC
:108720000B7803F00303012B14D0022B12D0032B80
:1087300003D0907940F0040023E0A570D08940F484
:108740000060D081012000F010F91CE0E67170BDDE
:10875000E57170BD4978B1B1D38943F40063D38129
:10876000936A002BF5D0FB2908D8D17921B1BDE857
:108770007040802000F0F4B8057070BD907940F032
:108780001000907170BDE0790128E1D1DEE770B58D
:108790006348634D3430446828787034012800D031
:1087A000FFDFA07838B10020A0700146042000F05F
:1087B000DCF801202071296A0878C043800705D1C0
:1087C000A889400502D5022000F0CFF80121002041
:1087D000FFF7F4FE10B1BDE87040BCE5BDE87040A5
:1087E0000020CFE42DE9F84F4D4F4D4C3437002693
:1087F0007D6882468DF8006020787035022800D0B0
:10880000FFDFE08940F40070E0810020FFF7A2FC68
:10881000A87CBAF1000F5BD0FBF76AFCFBF75AFCAF
:108820004FF0010968B9A87C58B1606A417841B13C
:108830000078E979C0F3C000884202D184F8029040
:1088400059E0606A4178618121B1206BF7F734F813
:10885000A06200E0A662E089B84640F02000E08116
:10886000E670786800F17007064690F82C00012841
:1088700016D1FCF7B7F83946304600F010FD78B154
:10888000D8F804003188A0F80A12397A80F80C125E
:10889000797A80F80D1280F80892207AF2F784FB3A
:1088A000606AA9790078C0F38000884205D000F0A2
:1088B00094F8E08940F48070E081606AE97900789A
:1088C000C0F3C00088420AD16846FFF720FF06E0E7
:1088D00008B1FBF73EFCE08940F04000E0815146E2
:1088E0000120FFF76BFE00289DF8000007D010B1B3
:1088F0000020FFF7A2FEFFF72EFDBDE8F88F10B1B4
:108900000120FFF79AFEFFF764FD9DF800000028A4
:10891000F3D00220FFF791FEEFE70000780D002072
:108920001C010020780B002070B5064654480D4607
:108930004468FBF773FC034694F8642029463046EC
:10894000BDE87040FDF706BAF6F7C5BE00B50128D0
:1089500002D0022802D0FFDF002000BD012000BDB0
:10896000474A0021343A52691047454A343A9389BC
:108970000343938152691047414810B5446804F19C
:108980007001087B24280ED0497B24290BD01F2896
:108990000CD020280AD0222912D094F86400042890
:1089A00000D1082010BD94F8B01106E0222907D0AC
:1089B00094F8C60100F04FF8014694F8640008E00E
:1089C00094F8C60114F85D1F084000F044F8014611
:1089D000E079BDE8104000F048B870B52848446818
:1089E00094F875007034002832D0022810D1244D3C
:1089F000343DE86AF6F79BFE00B9FFDFD4E91201C7
:108A0000401C41F10001C4E91201287AF2F7CCFAC6
:108A100000256571207920B1257100211020FFF714
:108A2000A4FFE07878B1E570FCF7BEFA00B9FFDF8B
:108A300000210820FFF799FFD4E91201401C41F101
:108A40000001C4E91201A079012802D00120A0711F
:108A500070BDA57170BDC10701D0012070478007AE
:108A600001D50220704700207047002904D001285A
:108A700003D0012901D00220704701207047000077
:108A8000500100202DE9F0410F4606460024FE4D1E
:108A90000FE000BF05EBC40090F85311B14206D1BE
:108AA0000622394600F5AA70F4F716FC38B1641CAA
:108AB000E4B22878A042EDD81020BDE8F08120462D
:108AC000FBE7F0B50746F04816460478621C0270D2
:108AD00000EBC4050868C5F854018888A5F858015A
:108AE000102C00D3FFDF85F8537185F85A612046BA
:108AF000F0BD70B5054600F017FA10281CD1E24C05
:108B00002078401EC0B22070A84215D004EBC002ED
:108B100004EBC50102F58070D2F85321C1F853214E
:108B2000D0F85700C1F85701207800F0FDF910285F
:108B300002D0204480F8035170BD2DE9F047D24C9B
:108B40000646A719A078401EC5B2A57097F8038104
:108B5000AE422AD004EB051A04EB06190AF1030110
:108B600009F103001022F4F7E4FB0AF1830109F193
:108B700083001022F4F7DDFB601905EB450290F845
:108B8000031187F8031106EB460104EB420204EBE4
:108B90004101D2F80B31C1F80B31B2F80F21A1F825
:108BA0000F2190F83B0187F83B0104EBC80090F8D7
:108BB0005A01C00703D14046BDE8F04799E7BDE838
:108BC000F087B1498A78824203D9084490F843017A
:108BD00070470020704710B540F2D3120021AA4818
:108BE000F4F7D1FB0822FF21A848F4F7CCFBA748F3
:108BF00000210C38417081704FF46171818010BD8B
:108C000070B50D460646FFF73DFF9F4C102807D074
:108C100004EBC00191F85A11C90701D0012070BDC1
:108C20006178082910D2102808D004EBC000012177
:108C300080F85A116078401C6070EFE701222946E5
:108C40003046FFF73EFFF5E7002070BD70B58E4D52
:108C50002878401E44B20AE005EBC40090F85A019F
:108C6000C00702D0E0B200F070F9641E64B2002CBC
:108C7000F2DA864900200C39887070BD82498A7802
:108C8000824203D901EB0010C01C704700207047DE
:108C90002DE9F047984691460C460546FFF7F2FE4F
:108CA0000646102805D000F03FF9102801D0122008
:108CB00085E7754FB87808282AD2102E05D10022F2
:108CC00021462846FFF7FDFE0646BC781022601CB0
:108CD000B87007EB0415E81C494600F0B5FA05F139
:108CE00083001022414600F0AFFA1021404600F008
:108CF0009CFA3C44102184F84301484604F59674DC
:108D000000F093FAE07704F8296C0020E07356E74E
:108D1000072054E75C4810B58078401E44B204E058
:108D2000E0B2FFF70AFF641E64B2002CF8DA10BD4F
:108D300056490C394870704754480C384078704791
:108D400040B14AF2B811884204D850490C398880A1
:108D500001207047002070474C480C3880887047CD
:108D600010B5FFF78FFE102803D000F0DDF81028B3
:108D700000D1082010BD44498A78824203D901EB12
:108D8000001083307047002070473F4B10B59C782F
:108D900084420FD9184490F8030103EBC00090F807
:108DA00053310B70D0F854111160B0F85801908015
:108DB000012010BD002010BD334A114491F8032159
:108DC00032490C390A700268C1F80620808848814F
:108DD000704770B52D4B0C3B5B7873B12A4B9C7878
:108DE0005CB1451821460AB1D81C01E02648833001
:108DF0002A46FBF794F8012070BD002070BD10B525
:108E0000FBF7DBF818B1BDE81040FBF7E6B8FF2030
:108E100010BD1D498A78824209D9084490F803019F
:108E200001EBC00090F85A0100F0010070470020EB
:108E300070472DE9F04100242546134E2CE02846CA
:108E400000F072F88046FFF719FF06EBC50797F8A8
:108E50005A11C9071ED060B1B8F1100F05D006EB4A
:108E6000080191F83B11012903D0102100F0DDF930
:108E700080B10649204601F80480641C97F853210C
:108E800007F5AA71E4B203E0A80D002064010020F8
:108E9000FBF7B5FA6D1CEDB23078A842CFD80CE6DE
:108EA000012296E72E4A01EB410102EB41010268E3
:108EB000C1F80B218088A1F80F01704701461022EC
:108EC000284800F0C1B92748704725498A7882426E
:108ED00003D9084490F83B0108B1002070470120F5
:108EE00070472DE9F0410E460746154606213046EB
:108EF00000F09BF91A4C58B1002004E02118401CE6
:108F000081F83B51C0B2A1788142F7D80120D4E565
:108F100031463846FFF724FF082803D0204480F864
:108F20003B51F3E70020C8E50D4910B5034600208A
:108F30008A7806E00C1894F803419C4204D0401C47
:108F4000C0B28242F6D8102010BD05494A78521EA0
:108F50004A7001EBC001002281F85A21C9E50000E6
:108F6000A80D00207B0F002000F00101400800F058
:108F700001021144400800F001021144400800F0D1
:108F800001021144400800F001021144400800F0C1
:108F900001021144400800F00102114401EB5000AD
:108FA000704710B500240485848DDB004C43B3FB6F
:108FB000F2F394FBF2F45B1C84859BB203FB02F496
:108FC0004385B4F5C84F01DD5B1E43854FF4FA437A
:108FD000B3FBF2F35B1C0386438C02EBC3035B1E03
:108FE000B3FBF2F30384C38B4B43B3FBF2F1C183B6
:108FF00010BD70B50546087B0E4600F01F000873D3
:109000000020687604463019007AFFF7ADFF291971
:10901000641C0875697EE4B208446876052CF2D3B6
:10902000C0B2252800D9FFDF70BD0023C38342846E
:1090300001EBC202521EB2FBF1F101847047F0B5A0
:109040006FF01F02010C02EA90261F25A1F5AA402D
:1090500054380DD0A1F5AA40553809D0A1F52850B3
:10906000AA3805D0A1F52A40AA3801D0012000E095
:10907000002000221346144682EA0107FF431F43E3
:109080007F1C0FD006F00107520842EAC73205F0F4
:1090900001075B0876086D08641C43EAC733162C89
:1090A000EAD3F0BD0020F0BD2DE9F04101260446D1
:1090B000002500F1700751B1012974D0022971D047
:1090C00003296CD101463846BDE8F04191E7802282
:1090D00000213846F4F757F9BD71FD713D737D737A
:1090E000FD733D747D71BD76FD76212087F84000CB
:1090F000412087F84100FE2087F8740027887022FD
:1091000000212046F4F73FF9278084F8646084F852
:109110006560282084F8660004F1300000210746CD
:1091200000F071FC1B21F9833984A4F85210A4F8D3
:1091300054104FF4A470A4F85600A4F858006673B5
:109140004FF448606080A4F8F050A4F8F250A4F8FE
:10915000F450A4F8F650A4F8F850A4F8FA5084F8A3
:10916000FD5084F8FF50A4F8065184F80451A4F887
:109170001851A4F81A5184F8BA5184F8BB5184F8F4
:10918000C45184F8C55184F8895184F8905184F809
:10919000935184F8AC51C4F8A451C4F8A851BDE867
:1091A000F08100E025E0A4F8065184F8FE506188C3
:1091B000FE480A460844B0FBF1F0A4F890004BF6D4
:1091C0008030A4F89200E3883846FFF7EAFE214693
:1091D0003846FFF70EFFFAF7F9F920B1D4F80E0080
:1091E000FFF72DFF10B184F88851D8E784F8886123
:1091F000D5E74188B4F8B831B4F8B4213846BDE8B1
:10920000F041CEE6437E0BB1252B01D912207047E9
:109210002AB14B7B2BB1012B05D01F2070470020BA
:10922000704700F0EEB900F092B910B500231A466D
:1092300003E0845C2343521CD2B28A42F9D30BB1BF
:10924000002010BD012010BD30B5134606E0CC183B
:10925000D51A14F8014C5B1E4455DBB2002BF6D135
:1092600030BD70B50E468CB0144601461D46102226
:109270006846FFF7E9FF1022314604A8FFF7E4FF34
:10928000684600F059FD08A94FF0100228461CB1AD
:10929000FFF7DAFF0CB070BDF4F74BF8FAE738B51A
:1092A00005460C466846FBF7B2FB002820D09DF926
:1092B00000002072E17E617294F90A100022411AC6
:1092C00000D5494295F82D308B4210DCFF2B0ED093
:1092D000E17A491CC9B2E17295F82E30994202D860
:1092E000A17A7F2903D1A0720020E07201221046EA
:1092F00038BD0C2813D00B2811D00D280FD01F28F3
:109300000DD020280BD0212809D0222807D02328CF
:1093100005D0242803D0262801D000207047012042
:10932000704710B5A2F10F030C2941D2DFE801F01C
:1093300006080D1215181C40243E272EAAB337E04C
:10934000072A37D0082A35D032E00C2A32D00B2A2F
:1093500030D02DE00D2A2DD02AE00C2B2AD927E081
:10936000103A0B2A26D923E0032B23D990F8380092
:10937000F0B11B2A1ED91BE0062A1BD018E01C2ABC
:1093800018D01D2A16D01E2A14D011E01F2A11D081
:10939000202A0FD0212A0DD0222A0BD0232A09D02F
:1093A000242A07D0262A05D002E003E00E2A01D0A5
:1093B000002010BD012010BD2DE9F0410C460546EE
:1093C00040F23577866805E0F8F7F7FF3946F8F799
:1093D000C8FCA8602846F9F7A5F90028F4D08CB19C
:1093E0003046A968F9F7EAFC00280BDD2044401E4E
:1093F000B0FBF4F707FB04F13046F8F7B2FCA860C5
:109400003846CCE60020CAE670B5044690420BD23E
:10941000101B642800D2642025188D4205D8042131
:10942000F9F7FFFC08B1284670BD204670BD11F069
:109430000C0F19D04A074FF41671002A03DA00BF47
:109440004FF0100201E04FF0400201DA4FF09601B8
:1094500001F5BC71A0EB0103884202D993FBF2F045
:1094600000E0002080B27047022904D06FF00D01A7
:1094700001EBD000F6E76FF00E0101EB9000F1E791
:109480000844184498300AB1042100E0002108443F
:10949000704701207047106808667047C10701D007
:1094A00001207047810701D502207047400701D590
:1094B00008207047002070472DE9F0410546164608
:1094C00088460124084600F054FA0746404600F05A
:1094D00052FA0346FFF7E2FF02463846FFF7DEFF87
:1094E00052EA000100D10024990700D10022B907F7
:1094F00000D1002095F86410914200D10022327012
:1095000095F86510814200D10020707072B968B979
:10951000404600F032FAB5F87010401A00B247F633
:10952000FE71884201DC002800DC0024204636E67B
:1095300010B540F6C4125410012903D0022902D0FC
:10954000FFDF02E008B1104610BD204610BDF0B5A7
:109550000C7C8B7BCD7B5C404B7C02886B4044EA6F
:109560000324467E62400023D5B2120A95FAA5F57F
:1095700092FAA2F22D0E120E45EA022202EB02121C
:109580005B1C2244DBB292B2032BEDD36240252355
:10959000B2FBF3F403FB142301EBD304837603F053
:1095A00007070125247A05FA07F701E0FFDB05002C
:1095B0003C4201D0C3761AE05643320C521CD2B260
:1095C000002403191B7D934213D300230E19367A0E
:1095D00005FA03F73E4201D0521ED2B222B15B1C03
:1095E000DBB2082BF4D306E003EBC401C176002004
:1095F000F0BDD21AD2B2641CE4B2052CE1D31F2014
:10960000F0BDF0B5837E0C7E012504FB02322523DC
:10961000B2FBF3F403FB142201EBD204827602F0D6
:109620000703247A05FA03F31C4201D0C2761EE038
:10963000437EB2FBF3F403FB1422521CD2B200238C
:10964000C418247D944214D30024CE1896F80860E0
:1096500005FA04F73E4201D0521ED2B222B1641C78
:10966000E4B2082CF4D306E004EBC301C176002079
:10967000F0BD121BD2B25B1CDBB2052BE0D31F2066
:10968000F0BD000030B50546007801F00F0220F073
:109690000F0010432870092912D2DFE801F00507F6
:1096A00005070509050B0F0006240BE00C2409E053
:1096B000222407E001240020E87003E00E2401E0EA
:1096C0000024FFDF6C7030BD007800F00F007047A1
:1096D0000A6840F8032F8988818070470A6840F83B
:1096E000092F8988818070470278402322F0400248
:1096F00003EA81110A4302707047027822F0800267
:1097000042EAC1120270704770B514460E46054613
:109710001F2A00D9FFDF2246314605F10900F3F781
:1097200008FEA41D6C7070BD70B514460E4605464B
:109730001F2A00D9FFDF2246314605F10900F3F761
:10974000F8FDA41D6C7070BD30B5017801F00F01FB
:10975000032920D0052921D14578B0F81910B0F897
:109760001B40B0F81730827D222D17D1062915D362
:109770004FF44865A94211D8B4F5FA7F0ED26AB108
:10978000082A0BD88A4209D28B4207D8B0F81D00AC
:10979000A84205D902E040780C2801D0002030BD55
:1097A000012030BD4078704700B5027801F0030316
:1097B00022F003021A430270012905D0022903D0C6
:1097C000032903D0FFDF00BD002100E0012141702B
:1097D00000BD00B5027801F0030322F003021A4332
:1097E0000270012905D0022903D0032903D0FFDF2D
:1097F00000BD002100E00121417000BD007800F0B3
:1098000003007047417841B1C078192803D2704AEB
:10981000105C884201D1012070470020704730B5AC
:1098200001240546C170192902D26948445C02E04E
:10983000FF2900D0FFDF6C7030BD70B514460E46B6
:1098400005461B2A00D9FFDF6C7022463146E81C12
:10985000BDE87040F3F76DBDB0F807007047B0F891
:1098600009007047B0F80B00704770B5B0F80720DA
:10987000B0F80940B0F805300179951F40F67A46F6
:10988000B54210D8B4F5FA7F0DD261B108290AD8D3
:10989000914208D2934206D8B0F80B00B0F5486F59
:1098A00001D8012070BD002070BD42680A60007AB6
:1098B00008717047B0F80900704700797047426836
:1098C0000A6080684860704780890880704750F857
:1098D0000E2F0A60406848607047D0F81600086094
:1098E00070470A6842604968816070470968C160D2
:1098F00070470079704742680A6080684860704726
:109900000171090A417170478171090AC17170477B
:109910000172090A417270478172090AC172704767
:1099200080887047C08870470089704740897047B9
:1099300001891B290CD341894FF4A472914207D3AA
:1099400081881B2904D3C088904201D3012070472D
:10995000002070470A684260496881607047017959
:10996000490704D04079400701D00120704700200A
:1099700070470079704740797047C08870470CB5D0
:1099800014A2D2E90012CDE900120179407901F068
:10999000070269461DF80220012A04D800F00700DA
:1099A000085C012801D900200CBD01200CBD01710B
:1099B000704700797047417170474079704730B502
:1099C0000C460546FB2900D9FFDF6C7030BD000056
:1099D000C0B20100000101020102020310B58C882F
:1099E0000A894B88C988A0F84430A0F84810A0F82C
:1099F0004640A0F84A2010BD10B5029C8181C2816A
:109A00000382448210BD1B2202838282C281828132
:109A100042800281028042848284828300290AD1AA
:109A20004FF4A4714183C18241820182C18041818E
:109A30008180C18401857047F0B5B0F84830818FCE
:109A4000458EC48E8B4200D30B46B0F84A10B0F856
:109A50004020914200D20A464386C286068F478F35
:109A600000F130019E4200D21E46974200D21746B6
:109A70000E814F81AB4201D1A24201D0012400E00E
:109A80000024B0F84420C38F068E858E9A4200D3FE
:109A90001A46B0F84670B0F842309F4200D23B46BA
:109AA00090F85A70022F08D1964200D232469D4259
:109AB00000D22B46002780F85A700A808B80B24271
:109AC00001D1AB4201D0012000E000202043F0BDD5
:109AD000508088899080C889D080088A1081488AFF
:109AE000508101201070704770B502884A80048E42
:109AF0008C80838ECB80428E0A81C58E4D81B0F8DA
:109B00005660AE420BD1B0F85250954207D1B0F832
:109B100058509D4203D1B0F85430A34201D00123E4
:109B200000E000230B73A0F852204A89A0F85620C9
:109B30008A88A0F85420CA88A0F85820012008700C
:109B400070BD70B50C46088E91F8641000F016F8E0
:109B5000A18E0546A94200D20D46208F94F86510CB
:109B600000F00CF8618F814200D208460146284679
:109B7000BDE8704000221346FFF782BC11F00C0FC5
:109B800004D04FF4747101EB801006E0022902D07A
:109B9000C000703001E080003C3080B270470000AF
:109BA0002DE9F0410C4612490D68114A114908325D
:109BB0001160A0F12001312901D301200CE04128DE
:109BC00010D040CC0C4F94E80E0007EB8000241F0F
:109BD00050F8807C3046B84720600548001D05607D
:109BE000BDE8F081204601F0B9F8F5E7062070479E
:109BF0001005024001000001DCB2010010B555481B
:109C0000F9F704FD00B1FFDF5248401CF9F7FEFCF4
:109C1000002800D0FFDF10BD2DE9F14F4E4E82B07D
:109C2000D6F800B001274B48F9F7F8FCDFF824819B
:109C300020B9002708F10100F9F706FD474C00257F
:109C40004FF0030901206060C4F80051C4F80451CA
:109C5000029931602060DFF808A11BE0DAF800000B
:109C6000C00617D50E2000F068F8EFF3108010F052
:109C7000010072B600D001200090C4F80493D4F81B
:109C8000000120B9D4F8040108B901F071F8009876
:109C900000B962B6D4F8000118B9D4F8040100285C
:109CA000DCD0D4F804010028CCD137B1C6F800B01C
:109CB00008F10100F9F7B2FC11E008F10100F9F731
:109CC000ADFC0028B6D1C4F80893C4F80451C4F818
:109CD00000510E2000F031F81E48F9F7B5FC0020C5
:109CE000BDE8FE8F2DE9F0438DB00D4606460024F9
:109CF0000DF110090DF1200818E000BF04EB440736
:109D0000102255F827106846F3F713FB05EB870779
:109D1000102248467968F3F70CFB6846FFF77CFF92
:109D200010224146B868F3F704FB641CB442E5DB3B
:109D30000DB00020BDE8F0836EE7002809DB00F0DD
:109D40001F02012191404009800000F1E020C0F88D
:109D5000801270476C01002004E5004000E00040E4
:109D600010ED00E0B64900200870704770B5B54DA1
:109D700001232B60B44B1C68002CFCD0002407E0AE
:109D80000E6806601E68002EFCD0001D091D641CB4
:109D90009442F5D30020286018680028FCD070BDDC
:109DA00070B5A74E0446A94D3078022800D0FFDFD9
:109DB000AC4200D3FFDF7169A548012903D847F2FF
:109DC0003052944201DD03224271491C7161291B0A
:109DD000C1609F49707800F030F9002800D1FFDFA2
:109DE00070BD70B5964C0D466178884200D0FFDF9B
:109DF000964E082D4BD2DFE805F04A041E2D4A4A44
:109E00004A382078022800D0FFDF03202070A07895
:109E1000012801D020B108E0A06800F041FD04E075
:109E200004F1080007C8FFF7A1FF05202070BDE876
:109E30007040F8F7C0B9F8F7C0FA01466068F8F763
:109E4000BDFFB04202D2616902290BD30320F9F7AA
:109E50000EFB12E0F8F7B1FA01466068F8F7AEFFC2
:109E6000B042F3D2BDE870409AE7207802280AD0C9
:109E7000052806D0FFDF04202070BDE8704000F008
:109E8000D2B8022000E00320F9F7F1FAF3E7FFDF90
:109E900070BD70B50546F8F790FA694C606020789F
:109EA000012800D0FFDF6A490120087000200871F6
:109EB00004208D6048716548C86002202070607879
:109EC00000F0BBF8002800D1FFDF70BD10B55C4C7E
:109ED000207838B90220F9F7E0FA18B90320F9F729
:109EE000DCFA08B1112010BD5A48F8F7E1F96070AA
:109EF0001F2804D0012020700020606110BD0320C5
:109F000010BD2DE9F0471446054600EB84000E46CF
:109F1000A0F1040800F0D7FC07464FF0805001691B
:109F20004F4306EB8401091FB14201D2012100E039
:109F3000002189461CB10069B4EB900F02D90920B9
:109F4000BDE8F0872846E7F76FF990B9A84510D328
:109F5000BD4205D2B84503D245EA0600800701D0CC
:109F60001020EDE73046E7F75FF910B9B9F1000FBF
:109F700001D00F20E4E7384838490068884205D00E
:109F8000224631462846FFF7F1FE1AE0FFF79EFF12
:109F90000028D5D12A4800218560C0E9036481707A
:109FA000F9F7DDFA08B12E4801E04AF2F870604393
:109FB0004FF47A7100F2E730B0FBF1F01830FFF7A0
:109FC00068FF0020BCE770B505464FF0805004697B
:109FD0006C432046E7F728F908B10F2070BD00F068
:109FE00072FCA84201D8102070BD1B481B490068B4
:109FF000884203D0204600F053FC10E0FFF766FFD4
:10A000000028F1D10E48012184608170F9F7A7FA88
:10A0100008B1144800E014481830FFF73AFF002058
:10A0200070BD00F053BE10B5054C6078F8F7A2F98A
:10A0300000B9FFDF0020207010BDF8F7EFBB000073
:10A040007001002004E5014000E40140105C0C00B8
:10A050008C0F0020E39D010058000020BEBAFECA0C
:10A0600050280500645E0100A85B01007149096881
:10A070000160002070476F4908600020704701218F
:10A080008A0720B1012804D042F20400704791678A
:10A0900000E0D1670020704767490120086042F264
:10A0A0000600704708B50423634A1907103230B11F
:10A0B000C1F80433106840F0010010600BE0106834
:10A0C00020F001001060C1F808330020C1F8080139
:10A0D0005A4800680090002008BD011F0B2909D8CC
:10A0E000554910310A6822F01E0242EA4000086019
:10A0F0000020704742F205007047000100F18040E7
:10A10000C0F8041900207047000100F18040C0F839
:10A11000081900207047000100F18040D0F80009C4
:10A12000086000207047012801D907207047444A81
:10A1300052F8200002680A4302600020704701289C
:10A1400001D9072070473E4A52F8200002688A432E
:10A15000026000207047012801D907207047384A63
:10A1600052F820000068086000207047020035495E
:10A170004FF0000003D0012A01D0072070470A6089
:10A18000704708B54FF40072510510B1C1F80423AF
:10A1900008E0C1F808230020C1F8240127481C303A
:10A1A00000680090002008BD08B58022D10510B1DC
:10A1B000C1F8042308E0C1F808230020C1F81C01FD
:10A1C0001E48143000680090002008BD08B54FF408
:10A1D0008072910510B1C1F8042308E0C1F808238A
:10A1E0000020C1F8200115481830006800900020B8
:10A1F00008BD10493831096801600020704770B50A
:10A200004FF080450024C5F80841F9F7B4F910B9BA
:10A21000F9F7BBF928B1C5F82441C5F81C41C5F8C8
:10A2200020414FF0E020802180F800140121C0F887
:10A23000001170BD0004004000050040080100400E
:10A24000A0B30100780500406249634B0A68634986
:10A250009A42096801D1C1F31001016000207047E2
:10A260005C495D4B0A685D49091D9A4201D1C0F302
:10A2700010000860002070475649574B0A6857493C
:10A2800008319A4201D1C0F31000086000207047E5
:10A2900030B5504B504D1C6842F20803AC4202D01E
:10A2A000142802D203E0112801D3184630BDC300A0
:10A2B0004B481844C0F81015C0F81425002030BDD4
:10A2C0004449454B0A6842F209019A4202D00628E5
:10A2D00002D203E0042801D308467047404A012116
:10A2E00042F83010002070473A493B4B0A6842F26E
:10A2F00009019A4202D0062802D203E0042801D3C1
:10A3000008467047364A012102EBC0004160002038
:10A31000704770B52F4A304E314C156842F2090330
:10A3200004EB8002B54204D0062804D2C2F800181B
:10A3300007E0042801D3184670BDC1F31000C2F82D
:10A340000008002070BD70B5224A234E244C1568C9
:10A3500042F2090304EB8002B54204D0062804D27D
:10A36000D2F8000807E0042801D3184670BDD2F8DF
:10A370000008C0F310000860002070BD174910B538
:10A380000831184808601120154A002102EBC0036B
:10A39000C3F81015C3F81415401C1428F6D3002078
:10A3A00006E0042804D302EB8003C3F8001807E09A
:10A3B00002EB8003D3F80048C4F31004C3F800484C
:10A3C000401C0628EDD310BD04490648083108603A
:10A3D0007047000058000020BEBAFECA00F50140D8
:10A3E00000F001400000FEFF814B1B6803B198475D
:10A3F000BFF34F8F7F4801687F4A01F4E06111434A
:10A400000160BFF34F8F00BFFDE710B5EFF3108081
:10A4100010F0010F72B601D0012400E0002400F01A
:10A42000DDF850B1E6F7A4FFF7F761FDF8F7C1FFDB
:10A43000F9F7E2FC71490020086004B962B6002017
:10A4400010BD2DE9F0410C460546EFF3108010F0E9
:10A45000010F72B601D0012600E0002600F0BEF820
:10A4600020B106B962B60820BDE8F08100F006FD13
:10A47000E6F782FF0246002001234709BF0007F1EB
:10A48000E02700F01F01D7F80071CF40F9071BD07B
:10A49000202803D222FA00F1C90727D141B20029AE
:10A4A00004DB01F1E02191F8001405E001F00F0157
:10A4B00001F1E02191F8141D4909082916D203FA87
:10A4C00001F717F0EC0F11D0401C6428D5D3F9F731
:10A4D00071FC4B4A4B490020F9F7B4FC47494A4804
:10A4E00008602046E6F7A7FE60B904E006B962B648
:10A4F00041F20100B8E73E4804602DB12846E6F776
:10A50000E7FE18B1102428E0404D19E02878022811
:10A5100002D94FF4805420E007240028687801D045
:10A52000D8B908E0C8B1202817D8A878212814D8AD
:10A53000012812D001E0A87878B9E8780B280CD867
:10A54000E6F71AFF2946F8F71AFFF7F78FFC00F035
:10A55000EDF92846E6F7DAFE044606B962B61CB104
:10A56000FFF753FF20467FE700207DE710B5044644
:10A5700000F034F800B101202070002010BD244903
:10A5800008600020704770B50C4622490D682149CB
:10A59000214E08310E60102807D011280CD0122847
:10A5A0000FD0132811D0012013E0D4E90001FFF7E8
:10A5B00048FF354620600DE0FFF727FF00252060AB
:10A5C00008E02068FFF7D2FF03E011492068086027
:10A5D000002020600F48001D056070BD07480A4933
:10A5E0000068884201D101207047002070470000B8
:10A5F000880100200CED00E00400FA05580000205E
:10A600004810002000000020BEBAFECAA8B3010016
:10A6100004000020100502400100000100B585493A
:10A6200010F1080F19D00CDC10F1280F1DD010F11B
:10A63000140F18D010F1100F13D010F10C0F08D117
:10A640000DE010F1040F06D080B103280ED00428CD
:10A650000CD0FFDF00BDFC2008E0F82006E0F4206D
:10A6600004E0F02002E0EC2000E0D820086000BD0B
:10A67000704900B5091D012803D0022803D0FFDF6F
:10A6800000BD032000E00420086000BD2DE9F0417A
:10A6900005460C4617461046F9F76CFD4FF47A76DE
:10A6A000022C10D0012C10D040F63401441838464A
:10A6B000F9F7C5FD204449F679710844B0FBF6F07E
:10A6C000281ABDE8F0813146F0E74FF4C861EDE7A4
:10A6D00070B505460C460846FAF7F4FA022C10D07D
:10A6E000012C11D04FF4AF5149F6CA62511A0844F7
:10A6F0004FF47A7100F2E140B0FBF1F0281A801EAD
:10A7000070BD40F24C41EFE740F63401ECE770B524
:10A71000064615460C460846FAF7D4FA4FF47A7105
:10A7200040F63402022D11D0012D11D01346022C17
:10A7300011D0012C01D04FF4AF529A1A104449F6AF
:10A74000FC621044B0FBF1F0301A70BD0B46EEE72E
:10A750004FF4C863EBE740F24C42EEE770B50446B5
:10A760000E460846F9F706FD05463046F9F767FD3F
:10A7700028444AF2AB3108444FF47A71B0FBF1F04F
:10A78000201A801E70BD2DE9F04106461D460C467C
:10A790001746104600F045F806EB4601C1EBC6111E
:10A7A00000EBC100022C15D0012C16D04FF4AF5194
:10A7B00046182046FAF786FA301A4FF47A7100F6F6
:10A7C000B730B0FBF1F43846F9F741FD2044284496
:10A7D000401D76E740F24C41EAE740F63401E7E7F6
:10A7E00070B5044615460E460846F9F7C3FC04EB5F
:10A7F0004401C1EBC411C0EBC1043046F9F71FFDA1
:10A80000241A284600F00DF820444FF47A7100F61F
:10A81000B730B0FBF1F42846F9F719FD2044401D8C
:10A8200070BD082803D0042801D0F9F7A3BC4EF668
:10A83000283070470C150040F0B585B00C46054631
:10A84000FEF7DCFF07466E78204603A96A46F5F757
:10A8500004FA81198EB258B1012F02D0032005B03D
:10A86000F0BD204604AA0399F5F719F9049D01E00B
:10A87000022F0FD1ED1C042E0FD32888BDF8001035
:10A88000001D80B2884201D8864202D14FF00000FC
:10A89000E5E702D34FF00200E1E74FF00100DEE709
:10A8A0000B4A022111600B490B68002BFCD0084BAE
:10A8B0001B1D186008680028FCD000201060086884
:10A8C0000028FCD070474FF080504069704700006E
:10A8D00004E5014000E4014002000B464FF0000097
:10A8E000014620D0012A04D0022A04D0032A0DD127
:10A8F00003E0012002E0022015E00320072B05D22F
:10A90000DFE803F00406080A0C0E10000720704769
:10A91000012108E0022106E0032104E0042102E015
:10A92000052100E00621F7F7E4BC0000E24805211C
:10A9300081700021017041707047E0490A78012A56
:10A9400005D0CA681044C8604038F8F704BA8A686D
:10A9500010448860F8E7002819D00378D849D94A0C
:10A9600013B1012B0ED011E00379012B00D06BB98C
:10A9700043790BB1012B09D18368643B8B4205D22B
:10A98000C0680EE00379012B02D00BB100207047A4
:10A9900043790BB1012BF9D1C368643B8B42F5D2EB
:10A9A00080689042F2D801207047C44901220A70A1
:10A9B000027972B100220A71427962B104224A71AD
:10A9C000826852328A60C068C860BB4902208870C1
:10A9D00070470322EFE70322F1E770B5B74D044655
:10A9E00000202870207988B100202871607978B122
:10A9F0000420B14E6871A168F068F7F7B2F9A86059
:10AA0000E0685230E8600320B07070BD0120ECE7D0
:10AA10000320EEE72DE9F04105460226F8F7C5F8D8
:10AA2000006800B1FFDFA44C01273DB12878B8B120
:10AA3000012805D0022811D0032814D027710DE079
:10AA40006868C82808D30421F8F7EBF920B16868D2
:10AA5000FFF773FF012603E0002601E000F014F980
:10AA60003046BDE8F08120780028F7D16868FFF70C
:10AA700072FF0028E2D06868017879B1A0780428D4
:10AA800000D0FFDF01216868FFF7A7FF8B49E0785E
:10AA900000F003F90028E1D1FFDFDFE7FFF785FFD2
:10AAA0006770DBE72DE9F041834C0F46E17888427F
:10AAB00000D0FFDF00250126082F7DD2DFE807F058
:10AAC000040B28283D434F57A0780328C9D00228FB
:10AAD000C7D0FFDFC5E7A078032802D0022800D046
:10AAE000FFDF0420A07025712078B8BB0020FFF79D
:10AAF00024FF72480178012906D08068E06000F0E8
:10AB0000F9F82061002023E0E078F7F782FDF5E70F
:10AB1000A078032802D0022800D0FFDF207880BB75
:10AB2000022F08D05FF00500F8F7A1FCA0780328F9
:10AB300040D0A57095E70420F6E7A078042800D05F
:10AB4000FFDF022004E0A078042800D0FFDF01200E
:10AB5000A1688847FFF75EFF054633E003E0A07871
:10AB6000042800D0FFDFBDE8F04100F08DB8A078E8
:10AB7000042804D0617809B1022800D0FFDF2078D2
:10AB800018B1BDE8F04100F08AB8207920B1062064
:10AB9000F8F76DFC25710DE0607840B14749E07829
:10ABA00000F07BF800B9FFDF65705AE704E007208A
:10ABB000F8F75DFCA67054E7FFDF52E73DB1012DC9
:10ABC00003D0FFDF022DF9D14BE70420C0E70320BB
:10ABD000BEE770B5050004D0374CA078052806D133
:10ABE00001E0102070BD0820F8F757FC08B11120D3
:10ABF00070BD3548F7F75CFBE0701F2806D00121D7
:10AC0000F8F730FA0020A560A07070BD032070BD79
:10AC1000294810B5017809B1112010BD81780529A6
:10AC200006D0012906D029B101210170002010BDF4
:10AC30000F2010BD00F033F8F8E770B51E4C054644
:10AC4000A07808B1012809D155B12846FFF783FE45
:10AC500040B1287840B1A078012809D00F2070BDFC
:10AC6000102070BD072070BD2846FFF79EFE03E050
:10AC700000212846FFF7B1FE1049E07800F00DF8FA
:10AC800000B9FFDF002070BD0B4810B5006900F06F
:10AC900029F8BDE81040F7F78EBAF7F7BFBD0648B0
:10ACA00010B5C078F7F766FB00B9FFDF0820F8F7AA
:10ACB000DEFBBDE8104039E68C0100209C0F00202F
:10ACC0003D860100FF1FA107A5AA010010B5134C86
:10ACD0002060201D0160114810300260001D0360DB
:10ACE000002010BD0E490A6848F202139A4302433D
:10ACF0000A6070470A4A116848F2021301EA030029
:10AD0000994311607047054B02465B421020134483
:10AD1000FC2B01D8116000207047000000060040A5
:10AD2000C806024070477047704700001EF0040FCD
:10AD30000CBFEFF30880EFF30980014A10470000D1
:10AD40005F3E010001B41EB400B5F8F7A9FD01B4DF
:10AD50000198864601BC01B01EBD0000826903490E
:10AD600081614FF0010010447047000045AD0100C3
:10AD70000FF20C0000F10000694641F8080C20BFFA
:10AD800070470000FEDF18490978F9B904207146C0
:10AD900008421BD10699154A914217DC06990229EF
:10ADA00014DB02394878DF2810D10878FE2807D054
:10ADB000FF280BD14FF001004FF000020C4B184759
:10ADC00041F201000099019A094B1847094B002BE9
:10ADD00002D01B68DB6818474FF0FF3071464FF018
:10ADE0000002034B1847000028ED00E000C00100FE
:10ADF000E9A3010004000020174818497047FFF735
:10AE0000FBFFE6F7CBF900BD1548164909688842F3
:10AE100003D1154A13605B68184700BD20BFFDE7EA
:10AE20000F4810490968884210D1104B18684FF03C
:10AE3000FF318842F2D080F308884FF02021884209
:10AE400004DD0B48026803210A4302600948804779
:10AE500009488047FFDF0000B00F0020B00F00203E
:10AE600000100000000000200400002000C00100CD
:10AE700014090040DD2F000009AE0100F0B4404687
:10AE8000494652465B460FB402A0013001B5064860
:10AE9000004700BF01BC86460FBC804689469246EB
:10AEA0009B46F0BC70470000091100000420714669
:10AEB000084202D0EFF3098101E0EFF308818869CD
:10AEC00002380078102813DB20280FDB2C280BDB3E
:10AED0000A4A12680A4B9A4203D1602804DB094AE5
:10AEE0001047022008607047074A1047074A10477A
:10AEF000074A12682C3212681047000058000020E0
:10AF0000BEBAFECA7D130000A19B010087A5010007
:10AF1000040000200D4B0E4908470E4B0C49084712
:10AF20000D4B0B4908470D4B094908470C4B084985
:10AF300008470C4B064908470B4B054908470B4B84
:10AF4000034908470A4B02490847000019AC0000B2
:10AF500059B00000A52F00000BA8000099A7000021
:10AF6000A1AE0000991300004D7700001DB0000055
:10AF70002DAD01005F8200000784000065850000A0
:10AF8000C98500000386000037860000698600003E
:10AF90009986000021870000478300008985000012
:10AFA00013120000C12100000B2200006F220000DC
:10AFB000F522000011240000D32400000525000024
:10AFC000E3250000CB2600001F270000A12700007A
:10AFD000C1270000B92D0000DD2D0000FD2C000070
:10AFE000592D00000F2E0000A32E00002F3D000061
:10AFF000093E00003D4100003D420000B342000018
:10B000001D4300008143000017120000754400003A
:10B01000E1440000E3270000E927000017120000C8
:10B02000171200001712000017120000F32700008B
:10B030002B280000A12800001712000017120000A2
:10B040002D22000087290000A9290000F529000011
:10B05000131200001312000013120000131200005C
:10B06000EF5200007553000091530000AD530000F3
:10B070003B550000D7530000E1530000235400006B
:10B0800045540000215500006355000013120000D4
:10B0900013120000676E0000876E0000916E0000C2
:10B0A000CB6E0000F96E0000E96F000077700000C1
:10B0B0008B700000D9700000EF71000095730000E4
:10B0C000BD740000E95D0000D5740000131200009B
:10B0D00013120000A1A0000003A200005DA2000066
:10B0E000D7A2000083A30000100110013A02000063
:10B0F0001A0200040506000007000000FFFFFFFF22
:10B100000000FFFFE39C0000BF1C0000934E000006
:10B11000335E0000E97A000000000000A17D00001D
:10B120007D7D00008F7D0000000002000000000017
:10B13000000200000000000000010000000000000C
:10B14000136C0000F36B0000616C00007152000092
:10B150003352000053520000219400003994000043
:10B160004396000041370000816C000000000000A1
:10B17000B16C0000BF5200000000000000000000A1
:10B18000000000002395000000000000C13700000F
:10B19000555555D6BE898E0000006406640C6412B5
:10B1A00000000803AC055008000054044408340CA7
:10B1B00075DF0000DDE00000D7DE000073DF000077
:10B1C0001B5D0100ABE1000000000000480800002A
:10B1D0004808000051350000513500009B21000057
:10B1E000439B0000B7600000A34D0000F97301000D
:10B1F0008135000081350000BF210000D59B000093
:10B200003F610000174E00000F74010070017001D3
:10B21000400038005C002400200200000300656C40
:10B220007462000000000000000000000000000048
:10B230000000870000000000000000000000000087
:10B240000000BE83605ADB0B376038A5F5AA9183F6
:10B25000886C0000010000008B0801005D170100F0
:10B2600000000001020603040500000007000000C2
:10B2700000000000060000000A000000320000008C
:10B2800073000000B4000000F401FA0096006400AE
:10B290004B0032001E0014000A00050002000100ED
:10B2A0000041000000000000AB830100E5870100C1
:10B2B0008F870100BD830100000000002989010083
:10B2C0000C0802170D010102090901010602091803
:10B2D00018030101090903030500000049A2010048
:10B2E00061A2010079A2010091A20100C1A20100A6
:10B2F000E9A2010013A3010047A30100C79F0100B9
:10B30000039F010023A0010007AD01000D360100DD
:10B310001D360100493601001B37010023370100AB
:10B32000353701007FA0010099A001006DA0010048
:10B3300077A00100A5A00100DBA00100ED9B0100AA
:10B34000FBA0010009A1010017A1010027A1010034
:10B350003FA1010057A101006DA10100ED9B01007B
:10B3600000000000B7A900000DAA000023AA0000F9
:10B37000D9A80100199C0100E59C0100D3AB010094
:10B3800011AC01003BAC0100113401005D3901003A
:10B3900083A10100A9A10100CDA10100F3A1010039
:10B3A0001C0500402005004000100200CCB3010045
:10B3B00008000020980100004411000000B40100C2
:10B3C000A0010020100E00008011000001150545AD
:10B3D000481000200519A40500203601000100884E
:10B3E0003720FB349B5F80041F8000100D9DCB092C
:10B3F0000020880900200E0A0020024810000000EA
:10C00000000002203999030061990300639903003D
:10C010006599030067990300699903000000000017
:10C020000000000000000000000000006B99030009
:10C030006D990300000000006F99030071990300DF
:10C040007399030051F90200D99703009D970300EB
:10C05000B197030073990300B5800300C96F030013
:10C06000C5930300CD930300D59303007399030098
:10C070007399030073990300739903007399030084
:10C080007399030019A103007399030073990300C6
:10C0900073990300739903003DD80300739903005B
:10C0A0007399030073990300DD930300E593030084
:10C0B0007399030073990300000000000000000062
:10C0C000739903007399030073990300C5970300E4
:10C0D0007399030073990300739903007399030024
:10C0E00001980300000000000000000000000000B4
:10C0F000000000007399030000000000ED970300AA
:10C10000000000000000000000000000000000002F
:10C11000000000000000000000000000000000001F
:10C12000000000000000000000000000000000000F
:10C1300000000000000000000000000000000000FF
:10C1400000000000000000000000000000000000EF
:10C1500000000000000000000000000000000000DF
:10C1600000000000000000000000000000000000CF
:10C1700000000000000000000000000000000000BF
:10C1800000000000000000000000000000000000AF
:10C19000000000000000000000000000000000009F
:10C1A000000000000000000000000000000000008F
:10C1B000000000000000000000000000000000007F
:10C1C000000000000000000000000000000000006F
:10C1D000000000000000000000000000000000005F
:10C1E000000000000000000000000000000000004F
:10C1F000000000000000000000000000000000003F
:10C200002DE9F04F85B003910778A7F10903042BBE
:10C21000044607F07F0200F10100F5D9202AF3D08F
:10C220002B2F04BF677804462D2F75D09FED427BDE
:10C230008DED007B4FF000084FF000099FB34FF0E9
:10C24000000C25464FF0000ADFF8FCB0644619E008
:10C2500027F0DEFE80468946304627F06FFE4246D4
:10C260004B4627F01FFD5246804689465B46DDE976
:10C2700000013CB327F0F6FFCDE90001A44615F814
:10C28000017F7FB1A7F13006092E52465B4640463A
:10C290004946DDD9CCB92E2F17D115F8017F0124DD
:10C2A000002FEFD12C4642464B46DDE9000127F036
:10C2B000AFFE80468946039B404649461C6005B058
:10C2C000BDE8F08F4FF0010CD9E72C46BCF1000F10
:10C2D00029D042464B46DDE9000127F099FE07F0E0
:10C2E000DF07452F80468946E5D10399681C0A225D
:10C2F00027F0A6FC14490246002028F0E9F902467E
:10C300000B464046494627F083FE80468946404614
:10C31000494605B0BDE8F08F9FED097B67788DED4C
:10C32000007B013486E7DFF824904FF00008404698
:10C33000494605B0BDE8F08F000000000000F03F66
:10C34000000000000000F0BF000024400000F87F63
:10C350002DE9F0470023144600228046894628F044
:10C36000C9F828B109F1004399462D2323700134FF
:10C37000002200234046494628F0B2F828B1302276
:10C38000002322706370BDE8F0874046494625F0DF
:10C390008FF928F0EDF873A3D3E900230746494647
:10C3A000404628F0A7F800284ED170A3D3E9002317
:10C3B0004046494628F0BCF8002845D10E2F07F129
:10C3C000010540F3B980A7F10E063246002062490C
:10C3D00028F07EF902460B464046494627F042FFC8
:10C3E00000225E4B27F05EFC28F0AEF9002DA7F18D
:10C3F0000F0E4FF0010C4DDD594FDFF8788101220F
:10C4000045F6F3294FF02E0A494508BF40454FF045
:10C4100030030AD3B0EB080061EB0901494508BFBE
:10C42000404503F10103F5D2DBB2237050EA01036A
:10C4300004F101084AD1954252DD0132102A4FD051
:10C44000444677E90289DFE7002F33DB3A460020D4
:10C45000414928F03DF902460B464046494627F03F
:10C4600001FF3BA3D3E9002380468946012500262E
:10C470004046494627F0CCFD0022384B27F012FCFD
:10C4800028F062F9002DBC464FF0FF3E37464FF0D2
:10C490000006B1DC234630224FF02E0803F8022BB1
:10C4A00084F80180FC4345D01C4403F8012BA342CF
:10C4B000FBD1A1E77A420020274928F009F902467A
:10C4C0000B464046494627F0A3FDCAE7954202F1D4
:10C4D000010204BF84F801A004F10208102AAFD1C0
:10C4E0006EB14246302102F8011BC2F101037344D0
:10C4F0004344002BF7DC2EEAEE7301339844BCF181
:10C50000010F12D0BCF1000F4FF0650388F8003026
:10C51000C5BF2B2388F8013008F1010108F10201A1
:10C520006046BDE8F04713F005BC002388F80030F2
:10C53000BDE8F0871C465FE7C7F10E020020064900
:10C5400028F0C6F83E4602460B46012790E700BF9A
:10C550000000901EC4BCD642000024400000E03F12
:10C56000E85304008DEDB5A0F7C6B03E50EFE2D61B
:10C57000E41A4B4400407A1070B54FF0FF3005F0DC
:10C580008FFE04466FF07F4005F08AFE0646204687
:10C5900027F0C4FC00220C4B27F03AFD044630463D
:10C5A0000D4627F0BBFC06A3D3E9002327F05AFE73
:10C5B00002460B462046294627F074FB70BD00BF9B
:10C5C0000000E0DFFFFF6F430000F03D00000000CF
:10C5D0002DE9F843436A044618680D4627F0C0FC6D
:10C5E000064668680F4627F0A9FC25F061F8636AE3
:10C5F00095ED037AD3ED007A77EE677A8046894627
:10C6000017EE900A27F0ACFC42464B4627F000FD9F
:10C6100007A3D3E9002327F025FE32463B4627F047
:10C6200041FB27F0EDFFA063BDE8F883AFF3008086
:10C63000333333333333FF3F4389DA0700F1C281A9
:10C640002DE9F04F43F001034FF080424381D2F8CF
:10C65000003495B00546002B00F0A48110F094FD45
:10C6600005F1B8031C4600212846099311F00CFE81
:10C67000204613F035FFC44C04F1F00654F8043F93
:10C68000184613B11B681B689847B442F6D1284678
:10C6900009F0B0FDBD4B099E0024CDE9103410AB6C
:10C6A00093E8030010238DE803002246029340F232
:10C6B000FD312B46304611F01FFCB54BCDE912344D
:10C6C00014AB13E90300C0238DE803000293642236
:10C6D0002B4640F2FD31304611F00EFC6A89AD4B1D
:10C6E000AD4942F48042E0246A81A02083F80943E6
:10C6F0006022802483F80A0383F81A2383F81B231B
:10C7000083F8070383F81C0383F82143402083F850
:10C71000222305F2B472079283F8014383F80203DF
:10C7200083F806031046144617F0E4F99B490746C0
:10C73000204617F0DFF92B68994A5B68089093420E
:10C7400040F03C81642014F003F90FF22C29D9E960
:10C7500000894FF0000B05F10C035C465E4605F5C1
:10C76000076A0693504616F05BFE002840F08B8067
:10C77000002F00F09780FF233246214605F6140073
:10C7800019F09CFA2B68864A5B68934240F0EE8071
:10C79000322014F0DDF80134E4B2052C0BF1010B6A
:10C7A00002D1731CDEB20024BBF1190F77D0002F29
:10C7B000D8D07949079817F0EDFA384628F060F993
:10C7C000089828F05DF909F05FFD01460AA819F004
:10C7D000D3FD1CF093FE42464B46CDE9040127F001
:10C7E0005FFF0CA8114619F0B3FD42464B46DDE948
:10C7F000040127F055FF42464B4627F051FF0DAB91
:10C800001146184619F0A4FD5DA3D3E90023DDE924
:10C81000040127F045FF01460EA819F099FD0DAA65
:10C820000EA90FA819F036FE0CAA0FA90BA819F033
:10C8300031FE0FA819F06CFD0EA819F069FD0DA8C6
:10C8400019F066FD0CA819F063FD079A06980123FC
:10C850000AA9CDE900230BAA099B0EF051FA0BABF4
:10C86000184619F055FD0AAB184619F051FD069807
:10C87000524605F604010EF009F8504616F0D0FDB8
:10C8800000283FF475AF05F6880016F0C9FD0028B2
:10C890003FF46EAFBBF1180F3FF76AAF6BE7002FA5
:10C8A0008BD086E7089B002B7FF465AF09F0ECFC8A
:10C8B00001460AA819F060FD1CF020FE2EA3D3E962
:10C8C000002306460F4627F0EBFE0CA8114619F090
:10C8D0003FFD29A3D3E900233046394627F0E0FE87
:10C8E00025A3D3E9002327F0DBFE0DA8114619F09C
:10C8F0002FFD23A3D3E900233046394627F0D0FE8D
:10C9000001460EA819F024FD0DAA0EA90FA819F0D2
:10C91000C1FD0CAA0FA90BA819F0BCFD0FA819F0B6
:10C92000F7FC0EA819F0F4FC0DA819F0F1FC0CA806
:10C9300019F0EEFC079B089C00930BAA099B069834
:10C9400001940AA90EF0DCF90BA819F0E1FC0AA881
:10C9500019F0DEFC2B68124A5B68934227D10A204B
:10C9600013F0F6FF204615B0BDE8F08F32212846BF
:10C97000984710E7AFF3008000CA9A3B0000000020
:10C98000000064A7B3B6E00DB839002081DE0200D4
:10C9900041DE020000E100E03C690400846C040018
:10C9A000F1DD02004FF47A7014F054FB56E628468D
:10C9B0000A219847089815B0BDE8F08F64212846F1
:10C9C0009847C2E60048704716FCFFFF00000000D1
:10C9D0002DE9F04F2DED028B044683B0C06827F09F
:10C9E000ADFA80462069894627F0A8FA8246606938
:10C9F0008B4627F0A3FA024601F1004306460F4694
:10CA00004046494624F008FD27F0FAFDE06205465D
:10CA100024F0BAFB0190284624F06AFB019B0546EE
:10CA2000184627F09DFA42464B4627F0F1FA804619
:10CA30002846894627F094FA32463B4627F0E8FA22
:10CA400002460B464046494627F02AF902460B4665
:10CA50005046594624F0E0FC27F0D2FD002208EEB3
:10CA6000100A00233046394627F062FD28B3B5EEA0
:10CA7000C08AF1EE10FA1CDD11A7D7E9006718EEA5
:10CA8000100A27F06DFA02460B463046394627F069
:10CA900007F932463B4627F005F927F0B1FDA062C1
:10CAA000E38843F00203E38003B0BDEC028BBDE8F2
:10CAB000F08F05A7D7E90067E1E784ED0A8AEFE781
:10CAC000EA2E4454FB21F93FEA2E4454FB21F9BFDE
:10CAD00008B514F031FDDFED0C7A07EE100A67EEB1
:10CAE000277A17EE900A27F03BFA05A3D3E9002333
:10CAF00027F0B8FB27F03CFD08BD00BFAFF3008076
:10CB0000EA2E4454FB2119400000B4430000000009
:10CB100008B514F025FDDFED0C7A07EE100A67EE7C
:10CB2000277A17EE900A27F01BFA05A3D3E9002312
:10CB300027F098FB27F01CFD08BD00BFAFF3008075
:10CB4000EA2E4454FB2119400000B44300000000C9
:10CB500070B52DED068B044684B0406CDFED34AA31
:10CB600014F0FEFC0646606C14F0E6FC022221463E
:10CB7000054601A814F03CFEDDED027AB8EEE78A26
:10CB8000DDED037A3046B8EEE79A24F0FDFA0AEEBE
:10CB9000100A304624F0ACFA09EE900A284624F038
:10CBA000F3FA08EE900A284624F0A2FA68EE287AF2
:10CBB0009DED017A06EE900AB8EEC77A67EE8A7AA2
:10CBC00029EEC88AE7EE267A69EE288AA9EE0A8A53
:10CBD000E8EEA97A18EE101A17EE900A24F0ACFECF
:10CBE00007EE900A67EEAA7A17EE900A27F0B8F9D6
:10CBF0000DA3D3E9002327F035FB27F001FDDFED7E
:10CC00000D7A07EE100A77EEC77AF5EEC07AF1EEEC
:10CC100010FA48BF77EEAA7AFDEEE77A17EE900A8F
:10CC200004B0BDEC068B70BDEA2E4454FB211940C4
:10CC30000000B4430000B44200B585B001220146B3
:10CC400001A814F0D5FDDDED027AF8EEE77A17EED3
:10CC5000901ADDED017AF8EEE77A17EE900A24F0EB
:10CC60006BFEDFED137A07EE100A67EE277A17EEF8
:10CC7000900A27F075F90CA3D3E9002327F0F2FA04
:10CC800027F0BEFC07EE900AF5EEC07AF1EE10FA3E
:10CC900044BF9FED087A77EE877AFDEEE77A17EECC
:10CCA000900A05B05DF804FBEA2E4454FB210940CC
:10CCB000000034430000B443494A21F0004393424A
:10CCC0002DE9704304460D4649DC464A93420E4620
:10CCD0000EDC3FA3D3E9002326F0E4FF0022424B01
:10CCE00027F026FC00284AD020462946BDE870835C
:10CCF0003E4A934239DCB3F1804F40DD24F0E6F840
:10CD00002246804689462B462046294627F080F950
:10CD10000022354B26F0C6FF25F086F942464B46E9
:10CD200026F0C0FF02460B4600202F4927F09AFA52
:10CD3000424604460D464B464046494626F0B2FF61
:10CD400002460B462046294626F0ACFF01F0A0FE25
:10CD5000002E08DC01F100431946BDE8708302464D
:10CD60000B4626F09FFFBDE8708324F0AFF801F07A
:10CD70008FFE19A3D3E9002326F094FFE8E72246AB
:10CD80002B462046294627F043F98046894620460F
:10CD9000294624F09BF8002204460D46124B4046DB
:10CDA000494626F07FFF25F03FF900220E4B26F082
:10CDB00079FF02460B464046494627F053FA224681
:10CDC0002B4626F06FFF00F0A7FAC1E7AFF3008013
:10CDD0009C7500883CE4377EEF39FAFE422EE63F30
:10CDE000FFFFEF7FFFFF2F3E0000F03F0000B0414C
:10CDF0002DE9F84FBE4B21F000469E4204460D46F9
:10CE00008A460EDDBB4B9E4200F3B18000F0AC8041
:10CE1000BAF1000F40F3EA8099A1D1E90001BDE821
:10CE2000F88FB54B9E4200F3BA80A3F1DE739E42A9
:10CE300040F3A5804FF0FF3B22462B462046294673
:10CE400027F0E6F802460B468046894627F0E0F8D0
:10CE50008DA3D3E9002306460F4627F0D9F88CA30B
:10CE6000D3E9002326F01EFF32463B4627F0D0F8D8
:10CE700089A3D3E9002326F015FF32463B4627F06D
:10CE8000C7F887A3D3E9002326F00CFF32463B46C0
:10CE900027F0BEF884A3D3E9002326F003FF32462F
:10CEA0003B4627F0B5F882A3D3E9002326F0FAFE2B
:10CEB00042464B4627F0ACF87FA3D3E900238046D7
:10CEC00089463046394627F0A3F87DA3D3E90023ED
:10CED00026F0E6FE32463B4627F09AF87AA3D3E9DD
:10CEE000002326F0DDFE32463B4627F091F878A37A
:10CEF000D3E9002326F0D4FE32463B4627F088F8DB
:10CF000075A3D3E9002326F0CBFE32463B4627F03B
:10CF10007FF802460B464046494626F0C3FE2246AD
:10CF20002B4627F075F8BBF1FF3F02460B4661D058
:10CF3000724B734E4FEACB0B5B44D3E9002326F0D0
:10CF4000AFFE22462B4626F0ABFEB34402460B460C
:10CF5000DBE9000126F0A4FEBAF1000F0DDA01F1C1
:10CF600000431946BDE8F88F00283FF451AF224630
:10CF70002B462046294626F095FEBDE8F88F58A39B
:10CF8000D3E9002326F08EFE00225E4B27F0D0FA74
:10CF900000283FF44FAF20462946BDE8F88F23F024
:10CFA00095FF594B9E4204460D4629DCA3F55023BC
:10CFB0009E424EDC02460B4626F074FE0022514B88
:10CFC00026F06EFE002206460F464FF080432046B4
:10CFD000294626F067FE02460B463046394627F0C2
:10CFE00041F94FF0000B04460D4625E73EA1D1E97B
:10CFF0000001C2E72046294626F052FEBDE8F88F20
:10D00000424B9E421ADC0022414B26F049FE002290
:10D0100006460F463E4B2046294626F0F9FF0022E1
:10D02000384B26F03FFE02460B463046394627F085
:10D0300019F94FF0020B04460D46FDE602460B4679
:10D040000020344927F00EF94FF0030B04460D463B
:10D05000F2E600222B4B26F023FE002206460F4666
:10D06000284B2046294626F01DFE02460B46304638
:10D07000394627F0F7F84FF0010B04460D46DBE682
:10D08000182D4454FB21F93F11DA22E33AAD903FC9
:10D09000EB0D76244B7BA93F513DD0A0660DB13FEF
:10D0A0006E204CC5CD45B73FFF8300922449C23F57
:10D0B0000D5555555555D53F2F6C6A2C44B4A2BF1C
:10D0C0009AFDDE522DDEAD3F6D9A74AFF2B0B33FE4
:10D0D000711623FEC671BC3FC4EB98999999C93F5C
:10D0E0009C7500883CE4377E182D4454FB21F9BF21
:10D0F000FFFF0F440000F07FFFFFDB3F10540400F0
:10D10000F05304000000F03FFFFFF23FFF7F0340B9
:10D110000000F83F0000F0BF2DE9F041C1F30A57CD
:10D12000A7F2FF35132D02460B460C4688460646ED
:10D1300020DC002D4ADB364F2F4101EA070C5CEA68
:10D14000000C1CD030A3D3E9002326F0ABFD002255
:10D15000002327F0EDF948B1002C04DD4FF48013D3
:10D1600043FA05F5A84428EA07040026214630467C
:10D17000BDE8F081332D06DDB5F5806F38D010465F
:10D180001946BDE8F081A7F213474FF0FF3C2CFA97
:10D1900007F70742F3D01CA3D3E9002326F082FD52
:10D1A0000022002327F0C4F90028DFD0002C09DD7D
:10D1B000142D22D00123C5F1340503FA05F5AE196B
:10D1C00028BF984426EA07064446CFE70EA3D3E9D2
:10D1D000002326F067FD0022002327F0A9F900288C
:10D1E000C4D0002C0CDB264305D00026094CBDE73B
:10D1F00026F058FDC5E73446B8E704F10108E1E739
:10D2000000264FF00044B1E79C7500883CE4377E6F
:10D21000FFFF0F000000F03F2DE9F041C1F30A5776
:10D22000A7F2FF35132D02460B460C4688460646EC
:10D230001DDC002D3CDB364F2F4101EA070C5CEA78
:10D24000000C19D030A3D3E9002326F02BFD0022D7
:10D25000002327F06DF9C8B3002C04DA4FF48013D3
:10D2600043FA05F5A84428EA070400262EE0332DEA
:10D2700006DDB5F5806F2DD010461946BDE8F0816A
:10D28000A7F213474FF0FF3C2CFA07F70742F3D001
:10D290001DA3D3E9002326F005FD0022002327F07B
:10D2A00047F998B1002C21DB26EA070644460DE039
:10D2B00015A3D3E9002326F0F5FC0022002327F074
:10D2C00037F918B1002C08DB0026344621463046D9
:10D2D000BDE8F08126F0E6FCD0E724F000430D4ADB
:10D2E0001E43002E18BF14460026EFE7142D08D069
:10D2F0000123C5F1340503FA05F5AE1928BF98449A
:10D30000D2E704F10108CFE79C7500883CE4377E42
:10D31000FFFF0F000000F0BF2DE9F04FD84B9942FE
:10D3200087B08046894643DDD64B99420E4600F3CE
:10D33000F480D54B994240F32D819FEDBB7B8DED61
:10D34000047B4FEA215A0446AAF2FF3ACF4BC6F3B8
:10D3500013069E4246F07F5500F3128145F44015B6
:10D36000204629460022CA4B26F09AFC0022044699
:10D370000D46C84B26F04CFE22462B4626F048FEB2
:10D38000A046CDE90201A946CDE90001002E3AD11F
:10D39000002200232046294627F0A2F8002800F0AA
:10D3A0001B81BAF1000F40F0858100200021B8E018
:10D3B000B94B21F000449C420A460FDD0022B74BD6
:10D3C00027F08EF8002800F0AF8000220023002014
:10D3D000B34926F047FF07B0BDE8F08FB14B9C4240
:10D3E00040F3AF80B04B1A449A4240F2D3800022FF
:10D3F000A84B26F00DFE42464B4626F009FECDE92D
:10D4000000014FF0000A00224FF080434046494699
:10D4100026F048FC02460B464046494626F022FFCD
:10D4200002460B4606460F4626F0F2FD80A3D3E9DE
:10D43000002304460D4626F0EBFD7FA3D3E900232D
:10D4400026F030FC22462B4626F0E2FD7CA3D3E9F1
:10D45000002326F027FC22462B4626F0D9FD7AA38E
:10D46000D3E9002326F01EFC22462B4626F0D0FDF1
:10D4700077A3D3E9002326F015FC22462B4626F09D
:10D48000C7FD75A3D3E9002326F00CFC22462B46EA
:10D4900026F0BEFD72A3D3E9002326F003FC22464A
:10D4A0002B4626F0B5FDDDE9002326F0FBFB3246D6
:10D4B0003B4626F0ADFD04460D46BAF1000F00F0E4
:10D4C000A880504626F03AFD67A3D3E900238246A0
:10D4D0008B4626F09DFD66A3D3E9002306460F4642
:10D4E0005046594626F094FDDDE9042326F0DAFB88
:10D4F00022462B4626F0D6FB02460B46DDE900010C
:10D5000026F0CEFB42464B4626F0CAFB02460B46AF
:10D510003046394626F0C4FB03E002460B4626F0AF
:10D52000C1FB07B0BDE8F08F42464B464046494636
:10D5300026F0B6FB02460B4626F094FE07B0BDE887
:10D54000F08F0022594B26F0ADFB0022002326F07D
:10D55000EFFF10B1564B9C4262DD42464B464046BF
:10D56000494626F055FD00224A4B26F051FD024661
:10D570000B464046494626F093FB07B0BDE8F08FC6
:10D5800045F40015C6F5801620462946B6100AF166
:10D59000010AE7E600223E4B4046494626F082FB60
:10D5A0004FEA215AAAF2FF3ABAF1000F04460D469B
:10D5B0000E4640F3BD8042464B4626F071FB0246C4
:10D5C0000B460020324926F06BFB22462B4626F004
:10D5D00049FECDE90401B9E627A3D3E9002320469B
:10D5E000294626F015FD02460B460020284926F064
:10D5F00057FBDDE9022326F00BFD06460F46BAF184
:10D60000000F75D102460B462046294626F048FBFE
:10D6100087E702460B46DDE9000126F041FBA6E75D
:10D62000404649467DE700BF0000000000000000C2
:10D6300044523EDF12F1C23F9FC678D0099AC33FE1
:10D64000DE03CB966446C73FAF788E1DC571CC3FD5
:10D65000599322942449D23F04FA97999999D93F32
:10D66000935555555555E53F0000E0FE422EE63FE7
:10D67000763C7935EF39EA3D555555555555E53FD9
:10D680007982DA3FFFFFEF7FFFFF3F439DA0060057
:10D690000000F03F0000E03FFFFFEF3F0000F0BF61
:10D6A000000050C3FFFF1F3E3C412D40000050438F
:10D6B000FFFF8F3C504626F041FC24A3D3E9002312
:10D6C00006460F4626F0A4FCDDE9042326F0EAFA1C
:10D6D00020A3D3E9002304460D463046394626F000
:10D6E00097FC02460B462046294626F0DBFA18E74F
:10D6F000504626F023FC17A3D3E9002382468B462D
:10D7000026F086FC11A3D3E90023804689465046C3
:10D71000594626F07DFCDDE9042326F0C3FA0246D3
:10D720000B463046394626F0BBFA22462B4674E7B4
:10D730000022054B26F0B4FA02460B464046494605
:10D7400026F0AEFA41E700BF0000F03F763C7935A5
:10D75000EF39EA3D0000E0FE422EE63F0000000007
:10D7600008B523F027FF04A3D3E9002326F07AFDB0
:10D7700008BD00BFAFF30080EF39FAFE422EE63F4E
:10D780002DE9F043DFF8B4808BB004460D4600F07D
:10D7900057FF98F90030013306460F462CD0224639
:10D7A0002B462046294626F0CDFE814620BB20464A
:10D7B000294623F08BFB1FA3D3E9002326F0B8FEF4
:10D7C000D0B1194A98F90030CDF820900321CDE965
:10D7D0000445CDE90245CDE9001293B1134900207B
:10D7E000022BCDE9060111D126F0D2F922230360E4
:10D7F000089B9BB9DDE90667304639460BB0BDE8AA
:10D80000F0830B4B4FF06042CDE90623684625F0CC
:10D810006BFE0028E8D0089B002BEBD026F0B8F96F
:10D82000089B0360E6E700BF888104000000F07FEA
:10D83000FFFFEF477DF8B98FCE338640602300208D
:10D840002DE9F043DFF8E4808BB004460D4600F08C
:10D85000A7FF98F90030013306460F4633D0204623
:10D86000294625F03BFE70B32CA3D3E900232046C4
:10D87000294626F05DFE814650BB2AA3D3E900234A
:10D880002046294626F036FEE8B198F90030204AB5
:10D89000CDF82090002000210426022BCDE904457C
:10D8A000CDE902450096CDE90601019229D06846EE
:10D8B00025F01AFE28B3089B1BB126F069F9089BD6
:10D8C0000360DDE90667304639460BB0BDE8F083FA
:10D8D0000F4A98F90030019203210022CDE9044556
:10D8E000CDE90245009108922BB90A4B4FF06042F6
:10D8F000CDE90623DBE708490020022BCDE906012C
:10D90000D5D126F045F922230360D4E7AFF3008098
:10D9100090810400FFFFEF470000F07FEF39FAFE2F
:10D92000422E864051302DD5104987C060230020FB
:10D930002DE9F84FC44E21F00043B34204460D4692
:10D940000DDD03F1404303F58013034340F0B9803C
:10D95000002940F3408100200021BDE8F88FBB4E34
:10D96000B34208DCBA4A934200F3B5809CA1D1E9E6
:10D970000001BDE8F88F0029C0F2708102460B4615
:10D980000020B44926F08CF90022B34B26F040FB6E
:10D9900004460D4624F048FB93A3D3E900238946AF
:10D9A00080462946204626F033FB91A3D3E9002385
:10D9B00026F078F922462B4626F02AFB8EA3D3E9DF
:10D9C000002326F06DF922462B4626F021FB8CA37E
:10D9D000D3E9002326F066F922462B4626F018FBF1
:10D9E00089A3D3E9002326F05BF922462B4626F0D3
:10D9F0000FFB87A3D3E9002326F054F922462B46D8
:10DA000026F006FB84A3D3E9002382468B462046FA
:10DA1000294626F0FDFA82A3D3E9002326F040F937
:10DA200022462B4626F0F4FA7FA3D3E9002326F002
:10DA300039F922462B4626F0EBFA7DA3D3E90023E1
:10DA400026F02EF922462B4626F0E2FA0022814BE0
:10DA500026F028F902460B465046594626F002FCAD
:10DA600042464B4626F0D4FA002682468B46324682
:10DA70004B463046494626F0CBFA02460B46204636
:10DA8000294626F00DF9324604460D464B464046DF
:10DA9000494626F007F902460B462046294626F05D
:10DAA000E1FB02460B465046594626F0FBF832464B
:10DAB0004B4626F0F7F802460B4626F0F3F8BDE891
:10DAC000F88F02460B4626F0EBF802460B4626F08E
:10DAD000C9FBBDE8F88F02460B4626F099FA42A32F
:10DAE000D3E9002306460F4626F092FA40A3D3E975
:10DAF000002326F0D7F832463B4626F089FA3EA3AB
:10DB0000D3E9002326F0CCF832463B4626F080FAD3
:10DB10003BA3D3E9002326F0C5F832463B4626F066
:10DB200077FA39A3D3E9002326F0BAF832463B4608
:10DB300026F06EFA36A3D3E9002326F0B3F8324676
:10DB40003B4626F065FA34A3D3E900238046894694
:10DB50003046394626F05CFA31A3D3E9002326F09B
:10DB60009FF832463B4626F053FA2FA3D3E9002311
:10DB700026F098F832463B4626F04AFA2CA3D3E921
:10DB8000002326F08DF832463B4626F041FA00226B
:10DB9000304B26F087F802460B464046494626F0B1
:10DBA00061FB22462B4626F033FA02460B4622A1A1
:10DBB000D1E9000126F074F802460B4620462946BA
:10DBC00026F06EF802460B4605A1D1E9000126F0C9
:10DBD00067F8BDE8F88F1AA1D1E9000179E700BF25
:10DBE000182D4454FB21F93F09F7FD0DE13D023F9B
:10DBF00088B20175E0EF493F3B8F68B52882A43FAA
:10DC00005544880E55C1C93F7D6FEB0312D6D43FF2
:10DC1000555555555555C53F82922EB1C5B8B33FA0
:10DC200059018D1B6C06E63FC88A599CE52A0040C5
:10DC30004B2D8A1C273A0340075C143326A6913CDF
:10DC4000182D4454FB210940FFFFEF3FFFFFDF3F4A
:10DC50000000603C0000F03F0000E03F00225C4B11
:10DC600026F020F800225B4B26F0D2F940A3D3E93E
:10DC7000002304460D4626F0CBF93FA3D3E9002349
:10DC800026F010F822462B4626F0C2F93CA3D3E931
:10DC9000002326F005F822462B4626F0B9F93AA3D0
:10DCA000D3E9002325F0FEFF22462B4626F0B0F9EB
:10DCB00037A3D3E9002325F0F3FF22462B4626F0B5
:10DCC000A7F935A3D3E9002325F0ECFF22462B4624
:10DCD00026F09EF9804689462046294624F0A4F97C
:10DCE0002FA3D3E9002306460F462046294626F0F7
:10DCF0008FF92DA3D3E9002325F0D2FF22462B462E
:10DD000026F086F92AA3D3E9002325F0CBFF22468B
:10DD10002B4626F07DF928A3D3E9002325F0C0FF88
:10DD200022462B4626F074F90022294B25F0BAFF33
:10DD300002460B464046494626F094FA32463B4698
:10DD400026F066F91EA3D3E9002325F0A9FF324689
:10DD50003B4625F0A7FF02460B4625F0A3FF0246EF
:10DD60000B4619A1D1E9000125F09AFFB1E600BFE9
:10DD700009F7FD0DE13D023F88B20175E0EF493F33
:10DD80003B8F68B52882A43F5544880E55C1C93FD2
:10DD90007D6FEB0312D6D43F555555555555C53FAC
:10DDA00082922EB1C5B8B33F59018D1B6C06E63F78
:10DDB000C88A599CE52A00404B2D8A1C273A03400B
:10DDC000075C143326A6913C182D4454FB210940CE
:10DDD0000000F03F0000E03F414A91422DE9F84346
:10DDE00004460D4637DD3F4A91420B4608DD02F1FD
:10DDF000795291423DDD024625F054FFBDE8F8839B
:10DE000001F1404202F5801202432ED0B1F1804F61
:10DE100037DC0022344B25F043FF02460B46044614
:10DE20000D4625F03FFF224606460F462B4620466C
:10DE3000294626F0EDF802460B463046394625F0D5
:10DE400031FF24F0F1F822462B4625F02BFFBDE8E8
:10DE5000F843FFF761BA02460B4625F021FF024660
:10DE60000B4626F0FFF9BDE8F88300200021BDE84D
:10DE7000F88300F00DFE18A3D3E9002325F012FF6C
:10DE8000F1E7024626F0C4F80022174B25F008FF00
:10DE900024F0CAF82246804689462B462046294669
:10DEA00025F000FF224606460F462B4640464946CF
:10DEB00025F0F8FE02460B4600200B4926F0D2F969
:10DEC0000B4602463946304625F0EAFEBDE8F843E7
:10DED00000F0DEBDAFF30080EF39FAFE422EE63FE0
:10DEE000FFFFEF3FFFFFAF410000F03F00000000E9
:10DEF0002DE9F04FAE4B21F000479F4287B004461A
:10DF00000D4611DD07F1404707F5801703463B43F7
:10DF100021D002460B4625F0C3FE02460B4626F0F2
:10DF2000A1F907B0BDE8F08FA24B9F420E4629DC55
:10DF3000B7F1795F80F2468181A3D3E9002325F010
:10DF4000B1FE00229C4B26F0F3FAD8B120462946B8
:10DF500007B0BDE8F08F7CA3D3E9002326F058F882
:10DF60007BA3D3E9002306460F462046294626F028
:10DF70004FF802460B463046394625F093FE07B06F
:10DF8000BDE8F08F2046294622F0A0FF02460B464E
:10DF90000020894925F084FE0022884B26F038F8BD
:10DFA0006DA3D3E9002304460D4626F031F86CA397
:10DFB000D3E9002325F076FE22462B4626F028F8EA
:10DFC00069A3D3E9002325F06BFE22462B4626F0F9
:10DFD0001FF867A3D3E9002325F064FE22462B46F1
:10DFE00026F016F864A3D3E9002325F059FE224653
:10DFF0002B4626F00DF862A3D3E9002325F052FE4C
:10E0000022462B4626F004F85FA3D3E90023CDE98E
:10E0100000012046294625F0FBFF5DA3D3E900233C
:10E0200025F03EFE22462B4625F0F2FF5AA3D3E907
:10E03000002325F037FE22462B4625F0E9FF58A3A2
:10E04000D3E9002325F02CFE22462B4625F0E0FFE5
:10E05000594B002225F026FE82468B462046294653
:10E06000CDE902AB23F0E0FF554B9F428046894645
:10E0700000F3198102460B4625F014FEDDE9022368
:10E08000CDE90401DDE9000126F0ECF802460B467B
:10E09000DDE9040125F0BCFF4FF0000ACDE90001E5
:10E0A00052464B465046494625F0B2FF02460B46C3
:10E0B0002046294625F0F4FD524604460D464B46BF
:10E0C0004046494625F0EEFD02460B4620462946CD
:10E0D00026F0C8F802460B4625F0E4FD02460B4642
:10E0E0001BA1D1E9000125F0DBFD02460B46DDE96D
:10E0F000000125F0D5FD524604460D464B465046DC
:10E10000494625F0CFFD02460B4627A1D1E9000183
:10E1100025F0C6FD02460B462046294625F0C0FDE7
:10E1200002460B4620A1D1E9000125F0B9FD002EE1
:10E130003FF7F7AE01F100431946F2E6AFF3008076
:10E140009C7500883CE4377E182D4454FB21F93F30
:10E15000075C143326A6913C09F7FD0DE13D023F13
:10E1600088B20175E0EF493F3B8F68B52882A43F34
:10E170005544880E55C1C93F7D6FEB0312D6D43F7D
:10E18000555555555555C53F82922EB1C5B8B33F2B
:10E1900059018D1B6C06E63FC88A599CE52A004050
:10E1A0004B2D8A1C273A0340182D4454FB21E93F8C
:10E1B000FFFFEF3FFFFFDF3F0000F03F0000E03FC9
:10E1C0003233EF3F02460B4625F022FF4BA3D3E943
:10E1D000002306460F4625F01BFF4AA3D3E9002380
:10E1E00025F060FD32463B4625F012FF47A3D3E9F8
:10E1F000002325F055FD32463B4625F009FF45A397
:10E20000D3E9002325F04EFD32463B4625F000FFC2
:10E2100042A3D3E9002325F043FD32463B4625F0D7
:10E22000F7FE40A3D3E9002325F03CFD32463B46F0
:10E2300025F0EEFE3DA3D3E9002380468946304613
:10E24000394625F0E5FE3BA3D3E9002325F028FD60
:10E2500032463B4625F0DCFE38A3D3E9002325F007
:10E2600021FD32463B4625F0D3FE36A3D3E90023F9
:10E2700025F016FD32463B4625F0CAFE00221E4B15
:10E2800025F010FD02460B464046494625F0EAFFC0
:10E2900022462B4625F0BCFE22462B4625F002FDE9
:10E2A00007B0BDE8F08F52465B46DDE9000125F07E
:10E2B000D9FF42464B4625F0ABFE42464B4625F081
:10E2C000F1FC02460B4625F0EDFC07A3D3E9002341
:10E2D00025F0E6FC02460B4605A1D1E9000125F038
:10E2E000DFFC24E7AFF30080075C143326A6913CE3
:10E2F000182D4454FB21F93F0000F03F09F7FD0DB4
:10E30000E13D023F88B20175E0EF493F3B8F68B5C0
:10E310002882A43F5544880E55C1C93F7D6FEB0349
:10E3200012D6D43F555555555555C53F82922EB1FD
:10E33000C5B8B33F59018D1B6C06E63FC88A599C8E
:10E34000E52A00404B2D8A1C273A034000000000BC
:10E350002DE9F84F1D465342134325F00049DFF8DD
:10E36000C8C149EAD3736345144606460F4626D80A
:10E37000C0F1000848EA000821F0004A4AEAD878CB
:10E38000E04503468B461AD805F1404808F5801849
:10E3900058EA0208AE4643D04FEAA57808F00208D2
:10E3A0005AEA030348EAD17811D1B8F1020F55D0E7
:10E3B000B8F1030F09D14AA1D1E9000105E03246C5
:10E3C0003B462046294625F06DFCBDE8F88F59EA0A
:10E3D000020329D0E1452ED0E24525D0AAEB090958
:10E3E0004FEA2959B9F13C0F3CDC002D3EDA19F116
:10E3F0003C0F3BDA00200021B8F1010F4ED0B8F1FC
:10E40000020F3ED0B8F1000FDFD037A3D3E90023CD
:10E4100025F046FC36A3D3E9002325F041FCD4E7E0
:10E42000BDE8F84FFEF7E4BCBBF1000F12DB32A1F0
:10E43000D1E90001C9E7CA4534D0B8F1020F0DD0C7
:10E44000B8F1030FB7D0B8F1010F4FF0000036D08C
:10E450000021BAE72AA1D1E90001B6E724A1D1E958
:10E460000001B2E724A1D1E90001C5E722462B460D
:10E470003046394625F0F6FE22F028FDFEF7B8FCBE
:10E48000BAE719A3D3E9002325F00AFC02460B469C
:10E4900017A1D1E9000125F003FC96E701F1004343
:10E4A000194692E7B8F1020F14D0B8F1030F0DD05E
:10E4B000B8F1010F06D014A1D1E9000185E74FF0B2
:10E4C000004182E712A1D1E900017EE712A1D1E962
:10E4D00000017AE712A1D1E9000176E7AFF30080ED
:10E4E000182D4454FB2109C0075C143326A6A13C17
:10E4F000182D4454FB210940182D4454FB21F93FA9
:10E50000182D4454FB21F9BF182D4454FB21E93F39
:10E51000182D4454FB21E9BFD221337F7CD902C09E
:10E52000D221337F7CD902400000F07F0000000040
:10E5300043422DE9F047034321F000463C4A46EAB6
:10E54000D373934204460D462AD8964240D0394BA5
:10E550009E428A462EDD384B9E4235463FDD33468D
:10E560000246314625F09EFB224606460F462B46C4
:10E5700000202F4925F094FB02460B4630463946D1
:10E5800025F070FEFEF7C8FE00222C4B25F040FD62
:10E59000BAF1000F0CDA01F100431946BDE8F0872B
:10E5A00002460B4625F07CFB02460B4625F05AFE40
:10E5B000BDE8F0871CA3D3E9002325F073FB0022FC
:10E5C000002325F0B5FF48B120462946BDE8F08775
:10E5D0000022002325F046FEBDE8F087354622469E
:10E5E0002B462046294625F05DFB22462B46064653
:10E5F0000F4625F00DFD2246804689462B46002019
:10E600000B4925F04DFB02460B464046494625F096
:10E6100029FE32463B4625F045FBFEF77DFE0022F3
:10E62000064B25F0F5FCB3E79C7500883CE4377E8B
:10E630000000F03FFFFF2F3EFFFFDF3F0000E03F05
:10E640002DE9F8434E4B21F000449C4206460F460C
:10E650001BDC4C4B9C4222DD4B4B9C4254DD4B4B14
:10E660009C4246DD4A4B9C426FDD01339C4269D09F
:10E6700041A3D3E900231046194625F0C9FC0646FC
:10E680000F4630463946BDE8F88302460B4625F072
:10E69000BFFC06460F4630463946BDE8F88322F0F7
:10E6A00015FC01F0F9FE00223A4B8046894625F020
:10E6B000F9FAB4F1725F06460F46ECDB42464B4670
:10E6C0004046494625F0A4FC32463B4604460D46EA
:10E6D0003046394625F0E6FA02460B4620462946E2
:10E6E00025F0C0FD00222B4B25F0DCFA06460F4634
:10E6F000D1E722F0EBFB00F053F80022264B25F087
:10E7000087FC06460F46C6E722F0E0FB00F048F81B
:10E710000022214B06460F4625F07AFC324604467D
:10E720000D463B4600201C4925F09CFD02460B4649
:10E730002046294625F0B6FA06460F4630463946A9
:10E74000BDE8F883154B984292D83046394622F0FE
:10E75000BDFB0022104B25F05BFC00F021F80022ED
:10E7600004460D460C4B25F053FC22462B4625F063
:10E770004FFC06460F468EE79C7500883CE4377ECA
:10E78000FFFFEF7F422ED63FFFFF3540412E8640F0
:10E79000CD3386400000F03F0000E03F7DF8B98FA8
:10E7A0002DE9F047B04F21F00042BA4284B0044650
:10E7B0000D464FEAD17610D9AC4FBA4240F28A806A
:10E7C000C1F313030343024640F0F180002E7ED0D4
:10E7D0000020002104B0BDE8F087A54B9A4200F26A
:10E7E000B680A44B9A4240F2D1804FF0000A2246F4
:10E7F0002B462046294625F00BFC85A3D3E90023B0
:10E8000006460F4625F004FC83A3D3E9002325F038
:10E8100047FA32463B4625F0FBFB81A3D3E90023B0
:10E8200025F040FA32463B4625F0F2FB7EA3D3E9C1
:10E83000002325F035FA32463B4625F0E9FB7CA360
:10E84000D3E9002325F02EFA32463B4625F0E0FBC3
:10E8500002460B462046294625F022FA02460B4680
:10E8600006460F462046294625F0D2FB80468946BB
:10E87000BAF1000F00F0AB8032463B4600204FF06B
:10E88000804125F00DFA02460B464046494625F0E8
:10E89000E9FC02460B46DDE9020125F001FADDE95B
:10E8A000002325F0FDF90B4602467349002025F0B0
:10E8B000F7F96FF47F739A4580F2A3800AF57A7AAC
:10E8C00001EB0A5100224FF0B87325F0A1FB04B010
:10E8D000BDE8F08758A3D3E9002325F029FE0028DE
:10E8E0006BD157A3D3E900232046294625F002FE29
:10E8F00000287FF46DAF614953A3D3E9002301EBF6
:10E90000C6062046294625F083FBD6E9002325F0DC
:10E91000C9F925F02DFE824625F010FB4CA3D3E962
:10E92000002306460F4625F073FB02460B462046A1
:10E93000294625F0B5F948A3D3E90023CDE9000124
:10E940003046394625F064FBCDE9020115E04C4B19
:10E950009A42D0D84B4BF4002344D3E9002325F04E
:10E960009FF9494B234493ED007BCDE900018DEDE8
:10E97000027BC6F1010AAAEB060ADDE90223DDE902
:10E98000000125F08DF904460D4630E734A3D3E9A4
:10E99000002325F087F90022374B25F0C9FDA8B3E5
:10E9A000204629460022344B25F07CF98FE70B46A0
:10E9B00025F078F904B0BDE8F08729A3D3E9002356
:10E9C0001046194625F024FB04B0BDE8F087304618
:10E9D000394600224FF0804325F062F902460B468B
:10E9E0004046494625F03EFC22462B4625F058F984
:10E9F00002460B460020204925F052F904B0BDE83C
:10EA0000F08701EB0A5104B0BDE8F0878246EEE6DC
:10EA1000D0A4BE726937663EF16BD2C541BDBB3E24
:10EA20002CDE25AF6A56113F93BDBE166CC1663F02
:10EA30003E5555555555C53FEF39FAFE422E864095
:10EA400051302DD5104987C0FE822B654715F73F01
:10EA50000000E0FE422EE63F763C7935EF39EA3D94
:10EA60009C7500883CE4377E412E8640FFFFEF7F97
:10EA7000422ED63FFFFF2F3E0000F03F30540400EF
:10EA8000B1A2F03F405404005054040000000000C4
:10EA90002DE9F04FB1F5801F85B006460F460B46B5
:10EAA00080F2D08021F00042024300F0DA80002999
:10EAB000C0F2E9800022D64B25F0AAFAD54A0B46CF
:10EAC000934206460F466FF0350E00F3C180C3F344
:10EAD000130505F5152C0CF6647C0CF4801C8CF0E9
:10EAE0007F5282F440121C1542EA0507A4F2FF345B
:10EAF00074440022C84B3046394604EB1C5425F0C0
:10EB0000CFF8AB1CC3F31303022B82468B464FF0A6
:10EB1000000240F3AF804FF0804325F0C3F8024677
:10EB20000B465046594625F09DFB064620460F46AB
:10EB300025F004FA3246CDE902013B46304639461B
:10EB4000CDE9006725F064FA02460B468046894607
:10EB500025F05EFA9AA3D3E9002306460F4625F076
:10EB600057FA99A3D3E9002325F09CF832463B4697
:10EB700025F04EFA96A3D3E9002325F093F8324608
:10EB80003B4625F045FA94A3D3E9002325F08AF803
:10EB900042464B4625F03CFA91A3D3E90023804638
:10EBA00089463046394625F033FA8FA3D3E900234E
:10EBB00025F078F832463B4625F02AFA8CA3D3E9B3
:10EBC000002325F06FF832463B4625F021FA0B462C
:10EBD00002464946404625F065F8A5F5C223C5F52D
:10EBE000D725A3F27A4351351D43002D06460F4623
:10EBF00040F387800022894B5046594625F008FA99
:10EC000052465B4625F004FA02460B46804689468A
:10EC10003046394625F046F8DDE9002325F0F8F9BD
:10EC200006460F46002C40F0818002460B464046C7
:10EC3000494625F035F802460B465046594625F020
:10EC40002FF80BE0734A93424FF0000E7FF73FAF6F
:10EC500032463B463046394625F024F805B0BDE83B
:10EC6000F08F0022002300206D4925F0FBFA05B04B
:10EC7000BDE8F08F002325F033FC60B1002C7CD17F
:10EC800000200021EAE7024625F00AF800220023CE
:10EC900025F0E8FAE2E758A3D3E9002350465946A5
:10ECA00025F0B6F902460B4600205C4924F0F8FF37
:10ECB000524606460F465B465046594625F0A8F98F
:10ECC00002460B463046394625F0A2F906460F4665
:10ECD0002CB3204625F032F949A3D3E9002380461E
:10ECE000894625F095F948A3D3E9002304460D464B
:10ECF0004046494625F08CF902460B4630463946D7
:10ED00002CE002460B465046594624F0C9FFDDE987
:10ED1000002325F07DF906460F46002C47D13246E8
:10ED20003B465046594624F0BBFF97E734A3D3E94E
:10ED30000023DDE9020125F06BF933A3D3E90023B9
:10ED400004460D46DDE9020125F062F932463B46F4
:10ED500024F0A8FF02460B464046494624F0A0FF97
:10ED600052465B4624F09CFF02460B46204629464D
:10ED700024F096FF05B0BDE8F08F204625F0DEF8C0
:10ED80001FA3D3E9002306460F4625F041F91EA331
:10ED9000D3E9002304460D463046394625F038F9BC
:10EDA00002460B462046294624F07CFF56E7DDE963
:10EDB000028913A3D3E900234046494691E700BFE7
:10EDC00044523EDF12F1C23FDE03CB966446C73F9A
:10EDD000599322942449D23F935555555555E53FB3
:10EDE0009FC678D0099AC33FAF788E1DC571CC3FBE
:10EDF00004FA97999999D93F555555555555D53F89
:10EE00000000E0FE422EE63F763C7935EF39EA3DE0
:10EE100000005043FFFFEF7F0000F03F0000E03FA5
:10EE2000000050C300000000B1F5801F2DE9F84339
:10EE300004460D460B4619DA21F00042024359D030
:10EE400000295FDB00223A4B25F0E2F8394A0D46F3
:10EE50002B46934204466FF035010CDD22462B46CB
:10EE60002046294624F01EFFBDE8F883314A93422C
:10EE70004FF00001F2DC1815A0F2FF3008444FEA11
:10EE8000D0794844C3F3130825F058F8C9F57F73C7
:10EE9000033348EA035506460F4620462946FFF746
:10EEA000F7FD1DA3D3E90023804689463046394645
:10EEB00025F0AEF81AA3D3E9002304460D464046D8
:10EEC000494625F0A5F802460B462046294624F07F
:10EED000E9FE15A3D3E9002304460D463046394622
:10EEE00025F096F802460B462046294624F0DAFE25
:10EEF000BDE8F8830022002300200F4925F0B2F975
:10EF0000BDE8F883024624F0CBFE0022002325F062
:10EF1000A9F9A9E7AFF30080362BF111F3FE593DB3
:10EF20000EE526157BCBDB3F00609F501344D33F9B
:10EF300000005043FFFFEF7F000050C300000000BF
:10EF40002DE9F047CA4B21F000479F4290B0804620
:10EF5000894640F38F80C74B9F420C46924626DC81
:10EF60000029B9A3D3E9002340F38F8024F098FE51
:10EF7000C14B9F4204460D4600F04781B4A3D3E93C
:10EF8000002324F08DFE02460B46CAE900232046EA
:10EF9000294624F085FEAEA3D3E9002324F080FEA9
:10EFA0000125CAE90201284610B0BDE8F087B34B3D
:10EFB0009F4240F38980B24B9F4200F31C813D1574
:10EFC000A5F21645A7EB055319461F46064625F040
:10EFD000CFFA24F0B3FF8046894642464B4630467E
:10EFE0003946CDE90A8924F05BFE0022A54B25F0C5
:10EFF0000FF88946804625F0BBFA24F09FFF0646AD
:10F000000F4632463B4640464946CDE90C6724F060
:10F0100047FE00229B4B24F0FBFF00220023CDE99A
:10F020000E0125F05DFA002800F0608100233046D3
:10F030003946002225F054FA002814BF0123022388
:10F04000914A019202212A4600910AA8514600F0F5
:10F0500087FB002C054614DADAF80420DAF80C30C5
:10F0600002F1004203F100434542CAF80420CAF805
:10F070000C3006E000200021C2E90089C2E902014B
:10F080000025284610B0BDE8F08724F00BFE7A4B2F
:10F090009F4204460D4600F00B816DA3D3E9002387
:10F0A00024F000FE02460B46CAE90023294620460A
:10F0B00024F0F6FD66A3D3E9002324F0F3FD4FF01E
:10F0C000FF35CAE90201DCE721F000FF62A3D3E9C2
:10F0D00000238046894624F09BFF00226B4B24F0DE
:10F0E000E1FD25F045FA054624F028FF56A3D3E9B3
:10F0F0000023CDE9060124F08BFF02460B46404673
:10F10000494624F0CDFD52A3D3E900238046894629
:10F11000DDE90601CDE9028924F07AFF1F2D0246C0
:10F120000B46CDE9042340F3B380DDE90423DDE998
:10F13000020124F0B5FD804689463F15C9F30A5304
:10F14000FB1A102B40F3B18045A3D3E90023DDE97E
:10F15000060124F05DFF8046894602460B46DDE944
:10F16000020124F09DFD02460B46DDE90201CDE9D6
:10F17000082324F095FD42464B4624F091FD3AA326
:10F18000D3E9002380468946DDE9060124F040FFEB
:10F1900042464B4624F084FD0B46CDE9040102466D
:10F1A000DDE9080124F07CFDC1F30A53FF1A312F79
:10F1B0008046894600F39C809DED087BCAE9008962
:10F1C0008DED027B42464B46DDE9020124F068FDED
:10F1D000DDE9042324F064FD002CCAE90201BFF636
:10F1E00050AF09F1004401F100436D42CAE90084C7
:10F1F000CAE9020345E702460B4624F051FD00250B
:10F20000CAE90201CAE900013BE715A3D3E90023DB
:10F2100024F046FD14A3D3E900230D46044624F050
:10F220003FFD02460B46CAE900232946204624F04A
:10F2300037FD0DA3D3E9002324F032FD0125CAE9EF
:10F2400002011EE7AFF3008000004054FB21F93FAC
:10F250003163621A61B4D03D83C8C96D305FE43F49
:10F260000000601A61B4D03D7370032E8A19A33B6D
:10F27000FB21E93F7BD90240FB21F93FFB213941CA
:10F28000FFFFEF7F00007041508204000000E03F6C
:10F290004046494624F004FD394B6A1E804653F827
:10F2A0002230BB4289463FF448AFCAE9008989E76A
:10F2B0002BA3D3E9002324F0F5FC2BA3D3E90023EF
:10F2C0000D46044624F0EEFC02460B46CAE9002334
:10F2D0002946204624F0E4FC23A3D3E9002324F0AC
:10F2E000E1FC4FF0FF35CAE90201CAE60323A7E6B5
:10F2F0001FA3D3E90023DDE9060124F089FE0646B9
:10F300000F4602460B46DDE9080124F0C9FC8046A1
:10F31000894602460B46DDE90801CDE9028924F061
:10F32000BFFC32463B4624F0BBFC13A3D3E90023C9
:10F3300006460F46DDE9060124F06AFE32463B46EA
:10F3400024F0AEFC02460B4640464946CDE9042374
:10F3500024F0A6FC80468946A7E700BFAFF30080F3
:10F360000000601A61B4D03D7370032E8A19A33B6C
:10F370000000002E8A19A33BC14920259A837B39BE
:10F38000D081040000000000574A2DE9F84F21F019
:10F390000048904506460F462CDC544B0029B4BF6C
:10F3A000534D544D98454FF0000411DC524B984595
:10F3B00026DC4BA3D3E9002324F074FC00224F4B3E
:10F3C00025F0B6F8002840D030463946BDE8F88F21
:10F3D0004B4B984530DD4B4B984568DD01339845E4
:10F3E00062D0304639463EA3D3E9002324F010FE14
:10F3F000BDE8F88F02460B4624F054FCBDE8F88FB8
:10F4000021F064FD01F048F83F4B984506460F4651
:10F4100023DD0022394B24F045FC02460B463046E2
:10F42000394624F01FFF32463B4624F03BFC22467F
:10F430002B4624F0EDFDE1E721F048FDFFF7B0F9A0
:10F4400022462B4624F0E4FDD8E73046394621F029
:10F450003DFD01F021F806460F4632463B46304658
:10F46000394624F01FFC324682468B463B463046E6
:10F47000394624F0CDFD0022804689461F4B304698
:10F48000394624F00FFC02460B464046494624F01C
:10F49000E9FE02460B465046594624F001FC22463E
:10F4A0002B4624F0B5FDA9E7184B984299D8304671
:10F4B000394621F00BFD00220E4B24F0A9FDFFF789
:10F4C0006FF906460F4602460B462046294624F0B1
:10F4D0009FFD32463B4624F09BFD8FE7AFF3008053
:10F4E0003374AC3C1F7BAC7FFFFFEF7FFFFF3540E9
:10F4F0000000E0BF0000E03FFFFF2F3E0000F03FB4
:10F50000412E8640CD338640FFFFEF3F7DF8B98F17
:10F510002DE9F04F21F00048B8F1795F85B006463B
:10F520000F4692469B466BDA25F022F8002800F041
:10F53000E18032463B463046394624F069FD74A3EB
:10F54000D3E9002304460D4624F062FD72A3D3E9FB
:10F55000002324F0A7FB22462B4624F059FD70A37C
:10F56000D3E9002324F09CFB22462B4624F050FDD7
:10F570006DA3D3E9002324F095FB22462B4624F00B
:10F5800047FD6BA3D3E9002324F08AFB22462B46D8
:10F5900024F03EFD68A3D3E9002324F083FB224638
:10F5A0002B4624F035FDCDE900010022664B2046B4
:10F5B000294624F02DFDDDE90023804689462046BA
:10F5C000294624F025FD524604460D465B4630464A
:10F5D000394624F01DFD02460B462046294624F0FC
:10F5E0005FFB02460B464046494624F059FB024663
:10F5F0000B460020554924F053FB05B0BDE8F08FC1
:10F6000002460B4624F004FD41A3D3E9002304463F
:10F610000D4624F0FDFC40A3D3E9002324F042FB77
:10F6200022462B4624F0F4FC3DA3D3E9002324F02A
:10F6300037FB22462B4624F0EBFC3BA3D3E9002307
:10F6400024F030FB22462B4624F0E2FC38A3D3E919
:10F65000002324F025FB22462B4624F0D9FC36A3B8
:10F66000D3E9002324F01EFB2B46224624F0D0FCD5
:10F67000374B9845CDE9000197DD364B98453EDC88
:10F68000A8F500130022002030499046994624F046
:10F6900007FBCDE9020100222B4B2046294624F02E
:10F6A000B7FC42464B4624F0FBFADDE900238046D6
:10F6B00089462046294624F0ABFC524604460D46B6
:10F6C0005B463046394624F0A3FC02460B462046F2
:10F6D000294624F0E5FA02460B464046494624F006
:10F6E000DFFA02460B46DDE9020124F0D9FA05B043
:10F6F000BDE8F08F1549002005B0BDE8F08F9FED03
:10F70000107B4FF000088DED027BDFF84C90C2E7D4
:10F71000D43888BEE9FAA8BDC4B1B4BD9EEE213E7E
:10F72000AD529C804F7E923E9015CB19A001FA3EBF
:10F730007751C1166CC1563F4C5555555555A53F8F
:10F74000000000000000E73F0000E03F0000F03F45
:10F750003233D33F0000E93F0000D23F00000000F9
:10F760002DE9F04FADF5197DBE4CA29EBE4D54F86B
:10F7700026600793D41E85FB0475E417C4EBA5042B
:10F7800024EAE4741D46631CA3EB8303013D02EBF2
:10F79000C3030593731904960994019503900B9183
:10F7A000A4EB05071AD43B44002400255E1C0DF190
:10F7B0008008DDF88C9208E059F8270024F0BEFBA1
:10F7C0000137B742E8E8020108D0002FF4DA013728
:10F7D00020462946B742E8E80201F6D1049B002BF7
:10F7E000079B4FEAC30302932ADB039A20A902EB8B
:10F7F000030801EB0309049B72AA02EBC30B0DF58E
:10F80000E07A019B002B4FF000064FF0000711DB60
:10F81000039C4D4675E90223F4E8020124F0F8FB4D
:10F8200002460B463046394624F03CFA444506462B
:10F830000F46EFD1EAE80267DA4509F10809E0D19D
:10F84000DDE90204049920448B0082460BA8A3F151
:10F850000802C31808930CAB13440A938B4698AB69
:10F8600003EBCB03BBF1000F53E9284529DD70AB57
:10F8700003EBCB080DF1300900227C4B20462946D2
:10F8800024F0C6FB24F074FE24F058FB0022784BD1
:10F8900006460F4624F0BCFB02460B46204629468E
:10F8A00024F0FEF924F064FE78E9022349F8040B01
:10F8B0003946304624F0F6F970AB984504460D46BB
:10F8C000DAD1DDF81490204629464A4601F030F896
:10F8D00000224FF07F5304460D4624F099FBFDF7BC
:10F8E0009BFC0022634B24F093FB02460B46204610
:10F8F000294624F0D5F90D46044624F039FE804609
:10F9000024F01CFB0B4602462946204624F0C8F989
:10F910004B46002B06460F4640F3E1800BF1FF32C9
:10F920000CA9C9F1180351F8225045FA03F101FA64
:10F9300003F30CA8EB1A40F82230C9F117058844EC
:10F9400043FA05F5002D2CDDBBF1000F08F101088D
:10F9500040F381820C9C002C40F0A780BBF1010F8A
:10F960000AD00CA9012251F8044F531C002C40F07E
:10F970009E809B451A46F6D1059B002B0EDD012B80
:10F9800000F0D980022B09D10BF1FF320CAB0CA98E
:10F9900053F82230C3F3150341F82230022D00F052
:10F9A000AF80002200233046394624F099FD00281C
:10F9B00000F05382049B0BF1FF394B4510DC0BF137
:10F9C00080430CAA013B089802EB8303002253F802
:10F9D0000419834242EA0102F9D1002A40F0B680BC
:10F9E000049B0CAA013B52F82330002B40F0A1806D
:10F9F0000A9A012352F8041901330029FAD05B4412
:10FA00000BF10109994506934CDC099A079909EB1A
:10FA1000020801EB0B0508F1804802EB030BA39BE6
:10FA200008F1FF3803EB880870AB03EBC909A39B0F
:10FA300020A903EB8B0301EBC505029358F8040FD3
:10FA400024F07CFA0B4601990246002905F1080BC7
:10FA5000C5E900234FF000064FF000071CDB039CB4
:10FA60000CE000BFF0860400ABAAAA2A0000703E9A
:10FA7000000070410000204075E90223F4E8020113
:10FA800024F0C6FA02460B463046394624F00AF9FD
:10FA9000544506460F46EFD1029B9845E9E80267B8
:10FAA0005D46CBD1DDF818B0D9E6012300220CA9C0
:10FAB000C4F180749B4541F822400EDD51F82320AB
:10FAC00001EB8B0001EB83036FF07F4100E01A68CC
:10FAD0008A1A43F8042B8342F9D101244CE706D15A
:10FAE0000BF1FF330CAA52F82350ED152AE7002240
:10FAF0007B4B24F013FD002840F0A381054650E71E
:10FB000032463B460020774924F0CAF806460F46A5
:10FB1000002C3FF446AF059A7249002000F008FF20
:10FB200002460B463046394624F0BAF806460F46E0
:10FB300037E7012363E70BF1FF320CAB0CA953F855
:10FB40002230C3F3160341F8223027E70CAB059AA5
:10FB500053F82930183ACDE9068505926BB909F1B9
:10FB60008043013B0CA901EB830353F8041909F10D
:10FB7000FF39183A0029F8D00592059A5949002012
:10FB800000F0D6FEB9F1000F04460D46C0F2C08168
:10FB90004FEAC90370AA02EB030808930CAB03EB0E
:10FBA0008906DFF844B14FF0000A08F1080704366F
:10FBB00056F8040D24F0C2F922462B4624F028FA08
:10FBC0005B4667E9020152462046294624F020FAA6
:10FBD0000CAB9E4204460D46EAD148AB0393019319
:10FBE000CDF8149009F10103DDF810900293C3469B
:10FBF0004FF0000AB9F1000FC0F22A81DFF8EC8063
:10FC00005D4635A3D3E9002300260027002403E046
:10FC1000544510DCF8E80223F5E8020124F0F8F975
:10FC200002460B463046394624F03CF80134A145E3
:10FC300006460F46ECDA019BE3E802670193029B5C
:10FC40000AF1010A9A45ABF1080BD3D1A29BDDF86A
:10FC50001490032B39D8DFE813F0D9000600060012
:10FC60004D0048AB0393B9F1000F4FF000004FF087
:10FC7000000109DB039D05EBC904083474E9022384
:10FC800024F010F8A542F9D1079B002B40F01E810B
:10FC90000B9BC3E900010B4603990246D1E9000121
:10FCA00023F0FEFFB9F1000F0CDD4AAD0124013451
:10FCB000F5E8022323F0F6FFA145F8DA079B002BB5
:10FCC00040F014810B9BC3E90201069B03F007007F
:10FCD0000DF5197DBDE8F08F00000040FB21F93FD4
:10FCE0000000E03F0000F03F0000703E7854040048
:10FCF00048AB0393B9F1000F40F32781039ACDF885
:10FD000010904FEAC9030193D318D3E900AB09F16E
:10FD10000053013B02EBC9080293914678E9026760
:10FD200052465B463046394623F0BCFF04460D463A
:10FD300002460B463046394623F0B2FF52465B4638
:10FD400023F0B0FFC145A246AB46C8E90201C8E9AD
:10FD50000045E3D1DDF81090B9F1010F40F3F580D3
:10FD6000019B039A02991344C900D3E9006701F18A
:10FD7000080A019192440DF5947B7AE90289324692
:10FD80003B464046494623F08DFF04460D46024659
:10FD90000B464046494623F083FF32463B4623F05C
:10FDA00081FFD34526462F46CAE90201CAE900452C
:10FDB000E3D1019C039B1034002000211C4403F17B
:10FDC000100574E9022323F06DFFA542F9D1039CCD
:10FDD000079ED4E90023D4E90245002E00F08A8072
:10FDE00003F1004701F100430B99C1E90403069BAD
:10FDF0002646944605F1004403F00700C1E900C718
:10FE0000C1E902640DF5197DBDE8F08F089C039DE2
:10FE10000834002000212C4474E9022323F042FF1F
:10FE2000A542F9D1079B13B101F1004319460B9B81
:10FE3000C3E90001069B03F007000DF5197DBDE83D
:10FE4000F08FBBF1000F08F1010874DD022581E598
:10FE500000260027EFE600248EE5CDE90685059D06
:10FE6000304639466A4200F063FD0022384B0646B0
:10FE70000F4624F053FB00B30022364B3046394680
:10FE800024F0C6F824F074FB044624F057F800224E
:10FE90002F4B24F0BDF80B4602463946304623F07E
:10FEA000FFFE24F065FB0BF101090CAB183543F89C
:10FEB0002B00059543F829405FE63046394624F08B
:10FEC00057FB0CABD94643F82B0056E60B9C01F1CF
:10FED0000043C4E900030B4603990246D1E900013F
:10FEE00023F0DEFEB9F1000F3FF7DFAE01F1004372
:10FEF0001946E7E60B9EC6E90023069BC6E9040106
:10FF000003F00700C6E902450DF5197DBDE8F08F45
:10FF1000A29B032B3FF6D9AE01A252F823F000BFFB
:10FF200031FF010063FC010063FC0100F1FC0100F2
:10FF30000020002176E732463B460020064923F0A8
:10FF4000AFFE022506460F462BE5002000213EE7C6
:10FF5000000070410000703E0000F03F0000000013
:10FF60002DE9F04F21F00046B6F1795F85B00446E7
:10FF70000D469046994604DA24F0FAFA002800F07B
:10FF8000858022462B462046294624F041F8064625
:10FF90000F4602460B462046294624F039F841A375
:10FFA000D3E9002382468B463046394624F030F8A8
:10FFB0003EA3D3E9002323F073FE32463B4624F0F0
:10FFC00027F83CA3D3E9002323F06CFE32463B46DE
:10FFD00024F01EF839A3D3E9002323F061FE324652
:10FFE0003B4624F015F837A3D3E9002323F05AFE4B
:10FFF0000E9BCDE900019BB30022294B40464946A8
:020000040002F8
:1000000024F006F8DDE90023CDE902015046594607
:1000100023F0FEFF02460B46DDE9020123F040FE1D
:1000200032463B4623F0F4FF42464B4623F038FE6F
:1000300019A3D3E9002306460F465046594623F03C
:10004000E7FF02460B463046394623F02BFE0246B8
:100050000B462046294623F023FE05B0BDE8F08F6D
:1000600002460B463046394623F0D2FF0AA3D3E9B5
:10007000002323F015FE52465B4623F0C9FF2246BB
:100080002B4623F00FFE05B0BDE8F08F2046294631
:1000900005B0BDE8F08F00BF495555555555C53FD2
:1000A0000000E03F7CD5CF5A3AD9E53DEB9C2B8A46
:1000B000E6E55A3E7DFEB157E31DC73ED561C11945
:1000C000A0012A3FA6F810111111813F0000000085
:1000D0002DE9F04FC04C21F0004687B0A642824681
:1000E0008B460F46CDE900231ADC24F041FA0028A4
:1000F0003FD1109B524601331343334300F0B78185
:10010000109B012B00F0C0815B460020B34924F016
:10011000A9F804460D462046294607B0BDE8F08FF1
:10012000AF4B9E4225DD002909DADDE90045224674
:1001300005F10043CDE900230BF100418B46524607
:100140005B4685A1D1E9000123F0AAFDDDE900238A
:1001500004460D4682A1D1E9000123F0A1FD9FEDE7
:10016000827B22462B468DED007B23F09BFD824651
:100170008B4652465B465046594623F049FF02469D
:100180000B468046894623F043FF424604460D460F
:100190004B465046594623F03BFF75A3D3E9002355
:1001A000CDE902012046294623F032FF72A3D3E9AC
:1001B000002323F077FD22462B4623F029FF70A36E
:1001C000D3E9002323F06EFD22462B4623F020FFC7
:1001D0006DA3D3E9002323F065FD22462B4623F0CF
:1001E00017FF6BA3D3E9002323F05CFD22462B46C7
:1001F00023F00EFF68A3D3E9002323F053FD42460A
:100200004B4623F005FF66A3D3E90023CDE90401A3
:100210002046294623F0FCFE63A3D3E9002323F004
:1002200041FD22462B4623F0F3FE61A3D3E90023D0
:1002300023F038FD22462B4623F0EAFE5EA3D3E9E5
:10024000002323F02FFD22462B4623F0E1FE5CA382
:10025000D3E9002323F026FD22462B4623F0D8FEC7
:1002600059A3D3E9002323F01DFD02460B46DDE927
:10027000040123F017FDDDE9022323F0C9FEDDE9C7
:10028000004522462B4623F00DFD42464B4623F007
:10029000BFFE22462B4623F005FD4DA3D3E90023E4
:1002A00004460D46DDE9020123F0B2FE22462B464C
:1002B00023F0F8FC0B4602468046894650465946D4
:1002C00023F0F0FC464B9E4204460D4600F38C8022
:1002D000109B012B3BD002460B4600203F4923F0E8
:1002E000C1FF002406460F462046294652465B467B
:1002F000CDE90067CDE90201009423F0D1FCDDE9EE
:1003000000AB02460B464046494623F0C9FC524624
:100310005B4623F07DFE524604460D465B46DDE912
:10032000020123F075FE00222E4B23F0BBFC024697
:100330000B462046294623F0B5FC32463B4623F0C7
:1003400067FE52465B4623F0ADFC04460D46204650
:10035000294607B0BDE8F08F182D4454FB21E93F32
:10036000075C143326A6813C00000000000000005A
:10037000D47ABF74702AFB3EE9A7F0320FB8123F5F
:1003800068108D1AF726303F1583E0FEC8DB573F13
:1003900093846EE9E326823FFE41B31BBAA1AB3FD3
:1003A000735360DBCB75F3BEA69237A0887E143FF3
:1003B0000165F2F2D844433F280356C9226D6D3FD0
:1003C00037D60684F464963F7AFE10111111C13FAE
:1003D000635555555555D53FFFFF2F3E0000F0BFE3
:1003E0002794E53F0000F03F109823F0A7FD224638
:1003F000CDE900012B462046294623F009FEDDE920
:100400000023CDE902012046294623F04BFC024699
:100410000B46DDE9020123F025FF42464B4623F05F
:100420003FFC02460B465046594623F039FC024633
:100430000B4623F037FC02460B46DDE9000123F0B2
:100440002FFC0446B81700F00200C0F101000D4671
:1004500023F074FD02460B462046294623F0D8FDC2
:1004600004460D462046294607B0BDE8F08F5046A9
:10047000594620F02BFD02460B460020044923F08C
:10048000F1FE04460D4662E754465D465FE700BF55
:100490000000F03F000000002DE9F04FCC4A21F0B1
:1004A0000043934285B082468B460C4620D9C94A08
:1004B000934200F2D780002C80F2A481ACA3D3E950
:1004C00000235046594623F0EDFB0022002324F080
:1004D00011F8002840F0D180A7A3D3E900235046AB
:1004E000594623F095FD02460B460020BA4994E197
:1004F000BA4A934200F2E580B94A934240F22E8113
:10050000002301930022B74B5046594623F080FD4B
:1005100006460F4602460B465046594623F078FDE4
:1005200097A3D3E9002304460D4623F071FD96A35B
:10053000D3E9002323F0B6FB22462B4623F068FDC7
:1005400093A3D3E9002323F0ABFB22462B4623F0F1
:100550005FFD91A3D3E9002323F0A4FB22462B46A1
:1005600023F056FD8EA3D3E9002323F099FB224606
:100570002B4623F04DFD00229B4B23F093FB80463E
:10058000894602460B463046394623F041FD024675
:100590000B460020954923F083FB064602460B4696
:1005A0000F464046494623F07BFB3246804689464B
:1005B0003B465046594623F02BFD02460B46002091
:1005C0008B4923F06DFB02460B464046494623F01B
:1005D00049FE22462B4623F01BFD019E02460B4698
:1005E000002E4DD0DDE9026732463B4623F058FB32
:1005F00052465B4623F00CFD32463B4623F050FB4F
:100600002B46224623F04CFB019B013306460F4646
:1006100000F02381019B012B7BD0019A531C392BC5
:100620004FEA025500F22881019A132A40F35581BE
:10063000019BC3F57F7403340022230523F032FBB2
:1006400002460B465046594623F02AFB0022664BD1
:1006500023F028FB824605EB010B5046594605B0B6
:10066000BDE8F08F634A93421BD9C1F313030343E0
:10067000024640F012810029EFDA00205E490DE0C9
:100680005046594623F0C4FC22462B4623F008FB73
:1006900002460B465046594623F002FB05B0BDE822
:1006A000F08F41A3D3E9002323F042FF00283FF459
:1006B00002AF3FA3D3E900231046194623F0A8FC5C
:1006C000ECE74E4A934200F2EC8000293AA3D3E9CA
:1006D000002339DA23F0E6FA39A7D7E900674FF0AB
:1006E000FF3380468946019332463B4640464946A1
:1006F00023F0D6FA02460B4682468B4640464946D0
:1007000023F0CEFA32463B4623F0CAFACDE9020185
:10071000F8E600223A4B5046594623F0EBFE0028FB
:1007200000F0CC805046594600222E4B23F0BAFAF6
:1007300002460B463046394623F0B2FA00224FF00B
:10074000404323F065FCA9E723F0AAFA0123804681
:10075000894601931CA7D7E90067C5E714A3D3E92D
:10076000002323F09FFA02460B468FE7AFF3008089
:1007700059F3F8C21F6EA501FE822B654715F73F9E
:100780002DC3096EB7FD8ABE3952E686CACFD03E68
:10079000B7DBAA9E19CE143F8555FE19A0015A3F1A
:1007A000F41011111111A13FEF39FAFE422E8640CB
:1007B0009C7500883CE4377E0000E0FE422EE63F58
:1007C000763C7935EF39EABD763C7935EF39EA3D4B
:1007D00079684340412E86400000E0BF422ED63F5C
:1007E000FFFF8F3C0000E03F0000F03F00000840AA
:1007F00000001840FFFFEF7F0000F0BFB1A2F03F04
:100800000000D0BF44A3D3E900235046594623F04B
:10081000FFFB02460B460020414923F043FA23F038
:10082000A7FE019023F08AFB37A3D3E900230646F5
:100830000F4623F0EDFB02460B465046594623F087
:100840002FFA33A3D3E90023804689463046394640
:1008500023F0DEFB06460F4646E702460B465046AF
:10086000594623F01DFA00222D4B23F0D1FB002224
:100870002B4B23F015FA11E752465B4623F010FA92
:1008800002460B460020274923F00AFA6B18194646
:100890000022244B23F004FA00E70B4623F002FA6F
:1008A000FCE61DA3D3E9002323F0B2FB002C024693
:1008B0000B464FF00000AFDA1B49AEE732463B462D
:1008C0005046594623F0ECF902460B4623F0EAF96C
:1008D0000022144B23F0E6F9E0E64FF4001343FA4C
:1008E00002F452465B4623F0DBF9C4F17F57002641
:1008F00007F5401702460B463046394623F0D0F93B
:10090000A8E600BFAFF300800000E0FE422EE63F05
:10091000763C7935EF39EA3DFE822B654715F73F86
:100920000000E03F0000F03F0000E0BF00000000DA
:10093000F8B5C1F30A5304460D460E4617460BBBE5
:1009400021F00046034633431BD0354B002223F0F1
:100950005FFB344B9F4204460D4635DBC1F30A531F
:100960000E46363B3B4440F2FE72934232DC002B93
:1009700011DD26F0FF4626F4E00646EA0355204640
:100980002946F8BD40F2FF729342EBD102460B4676
:1009900023F088F9F8BD13F1350F28DA4CF2503303
:1009A0009F4222462B460ADD19A1D1E9000123F01E
:1009B000D3F817A3D3E9002323F02AFBF8BD16A12F
:1009C000D1E9000123F0C8F813A3D3E9002323F0F1
:1009D0001FFBF8BD22462B460DA1D1E9000123F0F3
:1009E000BBF80BA3D3E9002323F012FBF8BD26F0DC
:1009F000FF4626F4E006363346EA035520462946EC
:100A00000022094B23F004FBF8BD00BFAFF30080C8
:100A10009C7500883CE4377E59F3F8C21F6EA5012F
:100A200000005043B03CFFFF0000903C10B5054C67
:100A3000237833B9044B13B10448AFF3008001238A
:100A4000237010BD283800200000000070880400CA
:100A500008B5034B1BB103490348AFF3008008BD41
:100A6000000000002C38002070880400154B002B7B
:100A700008BF134B9D46A3F5803A00218B460F46D5
:100A80001348144A121A24F05DF80F4B002B00D0C3
:100A900098470E4B002B00D09847002000210400FF
:100AA0000D000D48002802D00C4805F089FD23F008
:100AB00089F82000290005F003F923F06FF800BF42
:100AC00000000800000002200000000000000000FC
:100AD0000024002044470020C165020000000000FF
:100AE0000120704701EB810100EB4100203070478D
:100AF000F0B5044685B00D4600F10C060AF080FB07
:100B0000144B2360A56004F12000002509F040FA91
:100B10002046E56025616561A561E5610E490AF041
:100B20008DFB20464FF2E6510AF09CFB20460B4914
:100B30000AF084FB082714222046CDE90127009201
:100B4000334629464FF2E6520AF09CFB204605B098
:100B5000F0BD00BFB8540400FC540400EC54040081
:100B60002DE9F04F83B0884617461C4606460AF02A
:100B700019FC60B3002F2ADD002C06F10C0314BF12
:100B80006FF07F0B6FF03F0B06F10D0A019300250C
:100B90007C1B132CA8BF13244BEA0403224608EB4A
:100BA00005013373504623F0A9FF336800211B6908
:100BB00030469847814630460AF0E2FB254401461C
:100BC00014234846019A09F0FDF9AF42E0DC03B076
:100BD000BDE8F08F10B5382023F059FF044A3C23BC
:100BE000116B3D2204460CF035FE024B1C6010BD1B
:100BF000002500204838002070B50B4E34680D46A3
:100C00003CB12046AA88A91D0023BDE87040FFF72B
:100C1000A7BF2C2023F03BFF044B0446196BFFF7C2
:100C200067FF3460EDE700BF443800200025002056
:100C300008B5282023F02BFF034BD3F81429196B98
:100C4000BDE8084009F022B90025002008B52020A1
:100C500023F01DFF024B196BBDE808400AF0A8BE47
:100C60000025002008B57C2023F011FF034AA2F5DF
:100C70005973196BBDE808400BF0B0BB6428002025
:100C800008B5482023F003FF034AA2F60403196BBA
:100C9000BDE808400BF076BD042D002008B52420E7
:100CA00023F0F5FE034AA2F51063196BBDE8084076
:100CB0000CF03EBC002E002008B5402023F0E7FEDB
:100CC000034BD3F81829196BBDE808400BF09EBF01
:100CD00000250020024B1B6803B17047FFF77ABF65
:100CE0004838002070B50C4E346882B005467CB19F
:100CF000B5F90420A91D01A815F082FB01A9022263
:100D000020460CF0D5FE01A815F002FB02B070BD24
:100D1000FFF760FF3468EBE74838002070B5124EEB
:100D2000346882B00546DCB1B5F90420A91D6846D7
:100D300015F066FB6A460223214601A80CF020FF4D
:100D40000198B0F90210043001F074FA044601A8C9
:100D500015F0DEFA684615F0DBFA204602B070BDE9
:100D6000FFF738FF3468DFE74838002070B5084DDA
:100D70002B68044643B16268184604F10801022357
:100D8000BDE870400CF0ECBDFFF724FF2B68F2E7E4
:100D90004838002070B51B4D286870B30CF0B8FFC0
:100DA0000146002001F048FA044600F1080603F06D
:100DB0000DFC31462868626802230CF083FE011E98
:100DC00011DB63688B4208D0304601F035FA0546E6
:100DD000204603F009FC284670BD2046254603F056
:100DE00003FC284670BD0021084601F025FA05469F
:100DF000204603F0F9FB284670BDFFF7EBFE28689C
:100E0000CCE700BF48380020F0B5104E346883B0FE
:100E100005460F46B4B1B5F90420A91D01A815F087
:100E2000EFFA01A9002220460CF094FE01A815F06B
:100E30006FFA3A46102301214FF4966001F0E0F872
:100E400003B0F0BDFFF7C6FE3468E4E74838002081
:100E50000246102301214FF47A7001F0D1B800BF8F
:100E60000246102302214FF47A7001F0C9B800BF86
:100E70002DE9F041104B114C81F3030584B013F9B7
:100E800005801746811DB0F904204FF4C87603A8E9
:100E900015F0B6FA42463B4603A92046009609F0F3
:100EA0002FFC03A815F034FA2946204609F0A0FAD1
:100EB00004B0BDE8F08100BF0C5504000C250020F3
:100EC0004368102B00D0704710B582B081F3030146
:100ED000074B009204464FF4C8725B56019204F12E
:100EE000080104F11202034809F014FC02B010BD1D
:100EF0000C5504000C25002080F30301014809F083
:100F000077BA00BF0C250020014809F01DBB00BFC7
:100F10000C25002008B501F05BFDFCF721FCBDE8C5
:100F2000084001F0B7BA00BF08B501F051FDFCF769
:100F300087FCBDE8084001F0ADBA00BF08B501F07C
:100F400047FD20F039F8BDE8084001F0A3BA00BF22
:100F500008B501F03DFD20F02BFCBDE8084001F094
:100F600099BA00BF08B501F033FDFCF709FCBDE8F4
:100F7000084001F08FBA00BF08B501F029FD20F04C
:100F80004DFABDE8084001F085BA00BF08B501F090
:100F90001FFDFBF791FEBDE8084001F07BBA00BFE2
:100FA00008B501F015FD20F08FF9BDE8084001F00B
:100FB00071BA00BF10B584B00C46014603A814F006
:100FC0004BFE002303A900931A460194034812F034
:100FD00039F903A814F02AFE04B010BD3C2D0020FE
:100FE00010B50129B8BF012182B00C4690B18288AA
:100FF00082B1012A17D0811D12B201A815F000FAA2
:10100000224601A90C4812F073F901A815F080F9E5
:1010100002B010BD094807F091FB04EB84000FF00B
:1010200097FC02B010BD01EB81028179024812F0F9
:10103000E1F802B010BD00BF3C2D0020042D0020BF
:10104000014814F031BE00BF142D002010B584B04B
:101050000C46014603A814F0FFFD0023224603A915
:10106000CDE900330448052312F0A8F903A814F0D1
:10107000DDFD04B010BD00BF3C2D002000B585B0E3
:10108000014602A814F0E8FD02A903A814F0DCFD53
:10109000002303A9CDE900331A46064812F0D2F81E
:1010A00003A814F0C3FD02A814F0C0FD05B05DF85C
:1010B00004FB00BF3C2D002000F054BB0FF048BCE7
:1010C00070B5049E96420C4624DB15466BB9042A83
:1010D00019D0022A02D110F0010310D001462A468D
:1010E000204623F00BFD002070BD10440D4410F885
:1010F000013D01F8013B8D42F9D1002070BD02880D
:101100000A80184670BD10F00303E7D102680A6038
:10111000184670BD0846002123F014FD4FF0FF3043
:1011200070BD00BF0830704740B1002905DB43683F
:101130008B4202DD0844007A70470020704700BFF0
:1011400030B1002904DB43688B42C4BF40180272EF
:10115000704700BF40B1002905DB4368994202DABD
:101160000844007A70470020704700BF830704D10D
:10117000030F0CBF0120002070470120704700BF03
:1011800030B1002904DB43689942BCBF40180272A9
:10119000704700BFF8B5002B20DB00291EDB466836
:1011A0008E421BDB5468761AE51AB542A8BF354655
:1011B000002D13DB824202F108070C4600F10806FD
:1011C0002A4605D0F918301923F098FC0020F8BD04
:1011D000F118381923F09DFC0020F8BD4FF0FF30C6
:1011E000F8BD00BF4068704710B4141E10DB4268A1
:1011F00094420DDC33EA230328BF1346121B083048
:101200009A422044A8BF1A465DF8044B23F09ABCCA
:101210005DF8044B704700BF10B443688B4200F187
:1012200008041846A8BF084632EA220128BF19461A
:101230001B1A99422044A8BF19465DF8044B00F0E0
:10124000FBBF00BF70B5002BBCBF43689B1A002AD0
:101250000E4620DB44689918A1421CDC91421ADB3F
:10126000CBB136F0004116D05942B14214DAB34244
:1012700012DD0830002E00EB020516DB9C1B224617
:10128000A919284623F045FC324628190021BDE85B
:10129000704023F057BC70BD002CFCDB22460830A8
:1012A0000021BDE8704023F04DBC74429A192946D4
:1012B000281923F02EFC224628460021BDE8704064
:1012C00023F040BC03460830596800F0B3BF00BFAC
:1012D00070B5054600206968490000F087FF6B681B
:1012E000002B14DD0A4EEB1D02465C782411991F79
:1012F000345D94715C7804F00F04491B345DD47143
:101300006C688C4202F1020203F10103EDDC70BD56
:1013100014550400002BBCBF43689B1A002A30DB25
:1013200070B445689C18AC4229DC944227DB33B387
:1013300031F0004423D00029B8BF01EB032191FB19
:10134000F3F403FB1411002900F10800B8BFC91819
:10135000024411448A42134411D00C4604E08A42EC
:1013600004460FD094420AD02046157810F8016B3D
:1013700002F8016B83422570F1D10C46F2E770BC94
:10138000704770470146EDE700B583B04FF0FF337B
:1013900000930023FFF7FEFE03B05DF804FB00BFDF
:1013A00010B50C1E0EDD4168083002F055F91F2CF7
:1013B00007DC0123A34020FA04F4013B444004EA83
:1013C000030010BD002010BD0146002000F034BF16
:1013D00003460630998800F02FBF00BF30B5013AB0
:1013E00083B004460D460F2A13D8DFE802F0141428
:1013F00008086114141B1B734A2554675A38184691
:1014000001F078FB012D04DD80B2E20754BF20809B
:10141000208003B030BD184601F06CFB002DF8DDD4
:101420002070F6E7184601F065FB012DF1DDC0F3F1
:10143000072360702370ECE7184601F0F1FA032DE2
:101440000090E6DD9DF800009DF801109DF8022057
:101450009DF803302370E070A1706270D9E71846E0
:1014600001F0B6FA072DCDE90001D2DD0DF1FF3212
:1014700004F1080312F8011F03F8011D9C42F9D181
:10148000C7E7184601F0CCFA032DC2DDA3070CBF55
:1014900020602060BDE7184601F0C4FB032DF5DC99
:1014A000B7E7184601F0BEFB032D0090CADCB0E799
:1014B000184601F01FFB032DE8DCAAE7184601F0EF
:1014C00087FA072DCDE90001A3DD6B4603CB206031
:1014D00061609EE7184601F00DFB032D0090B1DC22
:1014E00097E700BF30B4141E07DB456808300A4692
:1014F0002044291B30BCFFF771BF30BC704700BFD0
:1015000000B5013A85B00F2A00F28880DFE802F0CA
:101510001623303D4A56595C5F62657174808308BA
:101520000091012308220DEB0201FFF7C9FDDDE95F
:10153000020100F0AFFF05B05DF804FB009100234D
:10154000012202A9FFF7BCFD9DF9080001F098F8FF
:1015500005B05DF804FB00910023012202A9FFF70A
:10156000AFFD9DF8080001F08BF805B05DF804FBB5
:1015700000910023022202A9FFF7A2FDBDF9080095
:1015800001F07EF805B05DF804FB00910023022213
:1015900002A9FFF795FDBDF8080001F071F805B04C
:1015A0005DF804FB00910023042202A9FFF788FDE7
:1015B000029801F065F805B05DF804FB0123009185
:1015C000BEE701230091C8E700910123D2E7009113
:1015D0000123DCE700910123E6E7009100230422C8
:1015E00002A9FFF76DFD029801F054F805B05DF80F
:1015F00004FB00910123F2E700910023042202A9D9
:10160000FFF75EFD029801F033F805B05DF804FBCA
:101610000091002386E700910123EFE700208AE78D
:10162000131E09DB10B4446808300A461844E11A56
:101630005DF8044BFFF764BF002001F021B800BF44
:10164000054B1A6810B4146B0023A4461A461946B9
:101650005DF8044B604700BFA838002030B585B066
:101660006C4684E80F0094E80F000A4C089D84E85B
:101670000F00BDF8020001F003F8074B1A68146B65
:10168000002301461A462846A44605B0BDE830406E
:10169000604700BFE8370020A838002008B502F0F6
:1016A000A3FFBDE808400FF0E9B900BF08B5064E3A
:1016B000054632680023146B19461A462846A0478F
:1016C00014200FF045F9F4E7A83800200A46022359
:1016D0000146014810F078BCAC2B002010B5044640
:1016E0000EF0AAFE034638B100200CB144F82030B9
:1016F0001B6A0130002BF8D110BD00BF04F01CBEE6
:1017000010B504F00BFE6FF0004004F0AFFD04468E
:10171000014604480EF0A8FD2046BDE8104000F048
:10172000ADBD00BF2855040008B50A48FAF784FF8C
:1017300001200FF0DBFA40F20443984200D808BDC4
:1017400001200FF0D3FABDE80840A0F5806002F058
:1017500091BC00BF00250020704700BF0FF08EB97C
:101760000FF07ABC50B110B5044602F02FFF2146AD
:10177000034A0448BDE810400EF0DCBF704700BFCC
:10178000B10A0300AD16020050B110B5044602F0D4
:101790001DFF2146034A0448BDE810400EF0CABFB1
:1017A000704700BF9D1602004116020089B280B248
:1017B0000FF0F4B808B5042004F0B8FDBDE8084007
:1017C000FFF79EBF074B10B51C6800F0B5FF4FF048
:1017D000805213691269013B23441844524210405D
:1017E00010BD00BFA8380020024B1B7803B1704722
:1017F000FFF76CBF08470020024B186800B1406A31
:10180000704700BFB03E0020014B1B685862704714
:10181000B03E00202DE9F04FDFF81081D8F80030FD
:1018200087B0002B6AD081460EF006FE03460028E2
:101830006ED000241B6A0134002BFBD1A500284682
:101840000FF0B4FA0390FFF749FFA04251D1002CEA
:101850003BDD039B043B01932B4409F002090293F7
:101860004FF0000A019B53F8047F01937E6A46B350
:101870000436D8F8003034689F422CD03868D7F846
:1018800008B017F085FED8F800307568ABEB0000A3
:101890009F42044407D03868D7F808B017F078FEA4
:1018A000ABEB00000544B9F1000F18D1A54205D9F2
:1018B00054F8040B02F088FBAC42F9D3B668002E52
:1018C000D7D1DDE901239342CCD1039807B0BDE81D
:1018D000F04F0FF091BA7568B9F1000FE6D02B1BED
:1018E00051469B10224610480EF0BEFC0AF1010A38
:1018F000DCE74FF44B70FFF701FFA8E701200FF082
:1019000055FA0590059807B0BDE8F04F0FF074BA8E
:101910000FF04CFA0390FFF7E1FE0028D5D04FF40A
:101920004B70FFF7EBFED0E738550400B03E0020C7
:1019300010B5074C20460CF033FB2046054A0649FB
:1019400023F0A0F80548BDE8104014F035B900BFF9
:10195000002500203020002061190200E837002017
:10196000604B03F138022DE9F0470446C0E900322C
:1019700000F593505C4F04F059FF002504F62C103D
:1019800004F0BAFB04F51060C4F80079A4F8065915
:101990000EF032FB04F6D800C4F8D878A4F8DE586C
:1019A0000EF02AFB04F50B6013F0DCF94F4BC4F882
:1019B000A03804F50A600FF057FB04F6880011F018
:1019C00033FD04F5076011F02FFD04F6040004F068
:1019D0000FFE04F2A47006F039FC04F5EF6005F088
:1019E000A3FC04F5E76004F033FF04F2AC6017F0E9
:1019F000BDF83F4BC4F8643304F5597604F5D5605F
:101A000014F008FC3046C4F86473A4F86A530EF06E
:101A1000F3FA384BC4F8243304F5497013F054FB3F
:101A2000354BC4F8E03004F1E00904F5457804F5DD
:101A3000477600E02E46351F284614F0EBFBA845FC
:101A4000F8D1DFF8BCA0303E04F1F40846F818AC39
:101A5000443D304613F094FC05F1080014F0DAFB25
:101A6000A845A6F14406F1D100254846C4F8E07027
:101A7000A4F8E6500EF0C0FA04F1B80012F0BEFD72
:101A800004F1800011F064F804F16400A4F86A50D5
:101A900067660EF0B1FA04F14C00A4F85250E76406
:101AA0000EF0AAFA264604F13400658767630EF04B
:101AB000A3FA124B46F80C3F04F1200014F028FC66
:101AC00004F11C0014F024FC30466582E7600EF03F
:101AD00093FA201D658167600EF08EFA2046BDE8FE
:101AE000F08700BF546E04004C7004007876040048
:101AF000B06E0400847F0400007E0400606904006E
:101B0000E47D04002DE9F84F604B614F03F138028A
:101B1000A0F10408044640E9013208F5935004F0AE
:101B200085FE002504F6281004F0E6FA04F6FC0011
:101B3000C4F8FC78A4F802590EF05EFA04F6D4005A
:101B4000C4F8D478A4F8DA580EF056FA04F6AC00CB
:101B500013F008F94F4BC4F89C3804F69C000FF0C2
:101B600083FA04F6840011F05FFC04F66C0011F0B7
:101B70005BFC04F5006004F03BFD04F5F46006F046
:101B800065FB04F2747005F0CFFB04F2347004F0CE
:101B90005FFE04F5D56016F0E9FF3F4BC4F86033F3
:101BA00004F5587604F2A46014F034FB3046C4F80F
:101BB0006073A4F866530EF01FFA384BC4F8203354
:101BC00004F5487013F080FA354BC4F8DC3004F1AA
:101BD000DC0904F5447A04F5467600E02E46351F0C
:101BE000284614F017FBAA45F8D1DFF8BCA0303E18
:101BF00004F1F00B46F818AC443D304613F0C0FB3E
:101C000005F1080014F006FBAB45A6F14406F1D13E
:101C100000254846C4F8DC70A4F8E2500EF0ECF958
:101C200004F1B40012F0EAFC04F17C0010F090FF23
:101C300004F16000A4F8665027660EF0DDF904F1A7
:101C40004800A4F84E50A7640EF0D6F9264604F1D9
:101C50003000E58627630EF0CFF9124B46F8083FB7
:101C600004F11C0014F054FB04F1180014F050FBB4
:101C70003046E581A7600EF0BFF92046E580276079
:101C80000EF0BAF94046BDE8F88F00BF546E04006C
:101C90004C70040078760400B06E0400847F040069
:101CA000007E040060690400E47D04002DE9F84F23
:101CB000614B624F03F13802A0F10408044640E989
:101CC000013208F5935004F0B1FD002504F6281008
:101CD00004F012FA04F6FC00C4F8FC78A4F80259E7
:101CE0000EF08AF904F6D400C4F8D478A4F8DA58CF
:101CF0000EF082F904F6AC0013F034F8504BC4F83F
:101D00009C3804F69C000FF0AFF904F6840011F043
:101D10008BFB04F66C0011F087FB04F5006004F007
:101D200067FC04F5F46006F091FA04F2747005F0B3
:101D3000FBFA04F2347004F08BFD04F5D56016F064
:101D400015FF404BC4F8603304F5587604F2A460E4
:101D500014F060FA3046C4F86073A4F866530EF0CD
:101D60004BF9394BC4F8203304F5487013F0ACF943
:101D7000364BC4F8DC3004F1DC0904F5447A04F590
:101D8000467600E02E46351F284614F043FAAA4551
:101D9000F8D1DFF8C0A0303E04F1F00B46F818ACE3
:101DA000443D304613F0ECFA05F1080014F032FA25
:101DB000AB45A6F14406F1D100254846C4F8DC70D5
:101DC000A4F8E2500EF018F904F1B40012F016FC79
:101DD00004F17C0010F0BCFE04F16000A4F8665031
:101DE00027660EF009F904F14800A4F84E50A764E4
:101DF0000EF002F9264604F13000E58627630EF066
:101E0000FBF8134B46F8083F04F11C0014F080FA6D
:101E100004F1180014F07CFA3046E581A7600EF05A
:101E2000EBF82046E58027600EF0E6F8404622F009
:101E300027FE4046BDE8F88F546E04004C70040045
:101E400078760400B06E0400847F0400007E0400F5
:101E500060690400E47D0400614B03F138022DE960
:101E6000F0470446C0E9003200F593505D4F04F09E
:101E7000DDFC002504F62C1004F03EF904F510609A
:101E8000C4F80079A4F806590EF0B6F804F6D800A4
:101E9000C4F8D878A4F8DE580EF0AEF804F50B605C
:101EA00012F060FF504BC4F8A03804F50A600FF040
:101EB000DBF804F6880011F0B7FA04F5076011F0BA
:101EC000B3FA04F6040004F093FB04F2A47006F0E5
:101ED000BDF904F5EF6005F027FA04F5E76004F0BA
:101EE000B7FC04F2AC6016F041FE404BC4F864331A
:101EF00004F5597604F5D56014F08CF93046C4F831
:101F00006473A4F86A530EF077F8394BC4F824339D
:101F100004F5497013F0D8F8364BC4F8E03004F1FA
:101F2000E00904F5457804F5477600E02E46351FB4
:101F3000284614F06FF9A845F8D1DFF8C0A0303E6C
:101F400004F1F40846F818AC443D304613F018FA92
:101F500005F1080014F05EF9A845A6F14406F1D198
:101F600000254846C4F8E070A4F8E6500EF044F8A6
:101F700004F1B80012F042FB04F1800010F0E8FD1B
:101F800004F16400A4F86A5067660EF035F804F1B5
:101F90004C00A4F85250E7640EF02EF8264604F1E7
:101FA0003400658767630EF027F8134B46F80C3F43
:101FB00004F1200014F0ACF904F11C0014F0A8F9AD
:101FC00030466582E7600EF017F8201D6581676076
:101FD0000EF012F8204622F053FD2046BDE8F087AF
:101FE000546E04004C70040078760400B06E040057
:101FF000847F0400007E040060690400E47D040026
:102000002DE9F04100238CB08FB286B24FF010085A
:1020100004463146CDE900381546164B3A4602A82B
:102020000EF032FF02A9144812F0D0F902A80EF007
:1020300047FF0F2C05D1284602F0C8FA0CB0BDE8C6
:10204000F081282022F023FD31460446CDE90058D6
:102050003A46084B0EF018FF2146074812F002FAE4
:102060000028E8D020460EF02BFF204622F008FD85
:10207000E1E700BF5D160200B825002008B510F0AA
:1020800069FD08BD08B510F075FD20F0404008BDA1
:10209000FFF77ABBFFF78ABB04F03CB9C117FFF723
:1020A0005FBB00BF00B585B0D3B28AB281B26846CB
:1020B00013F062FD05B05DF804FB00BF002B08BF04
:1020C0001023FFF79DBF00BF014B5888704700BF2A
:1020D000E8370020014B9868704700BFE8370020C0
:1020E00008B504F0D1F84FF0FF31BDE8084000F02A
:1020F000A1B800BF00B583B068460B4904F032FDBB
:10210000BDF80430094AA3F51943033B012B94BFE2
:10211000002301234FF0FF3152F8230003B05DF894
:1021200004EB00F087B800BF382C002034200020DA
:1021300004F0A6B80821014800F07EB86000001045
:10214000704700BF084619B189880630FFF74CBBBD
:10215000704700BF08B512F0F3FB08BD811D0148B0
:102160000EF082B8445504000A46811D01480EF065
:102170007BB800BF4C550400014820F06040704718
:1021800000000220012001F0BFBF00BF08B50220FF
:1021900001F0BAFF40F29330BDE80840FFF7AEBA55
:1021A000014B1860704700BF4C380020704700BFDB
:1021B00000207047704700BF80880A308008704751
:1021C000063070478088704783888B4226BF063070
:1021D00040180020704700BF0320704740680B3054
:1021E0008008704780887047704700BF70B50C1E2C
:1021F000064603DB3CB90D4D284670BD22F0DEFCDF
:102200000446002CF7D0E01D02F0DCF8054608B1CA
:10221000074B0360AC8026B131462246A81D22F050
:102220006DFC2C440023A371284670BDCC560400DD
:10223000D4550400FFF7DABF70B50D1E12DD064657
:1022400005F1080002F0BEF8044608B1094B03602E
:10225000656004F108002A46314636B122F04EFC92
:10226000204670BD044C204670BD22F06BFC204619
:1022700070BD00BF40560400C0560400014B1860FA
:10228000704700BF3C200020034A044B116803FB49
:1022900000F04840106070473C200020CB5725CA12
:1022A00030B40E4D2A68044621460020930983EA83
:1022B000D273534083EA121383EA920352085340C5
:1022C00042EAC37202F00103490843EA4000EDD13B
:1022D0008442E9D32A6030BC704700BF3C20002014
:1022E00000487047CC56040000B583B002AB002212
:1022F000ADF8042003F8040D01211846FFF776FF1E
:1023000003B05DF804FB00BF2DE9F0410D4688B134
:102310001C4B39B198422BD09D4204460FD1204628
:10232000BDE8F081984221D08688174D0446311DC2
:10233000042707E0144CF9B1124B9D42EFD0A68858
:10234000AF88F1190020FFF751FF04F10608831D43
:10235000044641461846324622F0D0FB3A46304405
:10236000A91D22F0CBFB2046BDE8F081064CD6E744
:102370000C462046BDE8F081042725463E4608214C
:10238000E0E700BFCC56040020570400884212D07A
:1023900030B48B88828806309A4228BF1A460531AD
:1023A000034613F8015B11F8014FA54205D009D38C
:1023B000012030BC7047002070471C1A9442F0D9AD
:1023C0000020F6E74FF0FF30F3E700BF808870474A
:1023D000002A1ADD10B483880029BCBFC91821EA7D
:1023E000E1715C1A944206DC002C03DC08485DF8BD
:1023F000044B7047224699423ABF063040180020ED
:1024000011465DF8044BFFF7F1BE0148704700BF6D
:10241000CC56040078B371B32DE9F047858822EAE1
:10242000E272AA4223D200F1060818EB0204A5EBDF
:1024300002058F881BD0BD4219D391F806A001F187
:10244000060902E0AF42344611D82378534505F11E
:10245000FF3504F10106F5D13A464946204622F0FF
:102460003EFB0028EED1A4EB0800BDE8F0874FF05A
:10247000FF30BDE8F0874FF0FF30704708B5FFF739
:10248000C9FF013018BF012008BD00BF80F0010066
:10249000704700BF0A1E38B511D138B302460B464B
:1024A00004460D4622F04EF8002841D10C2001F0E0
:1024B00089FF08B11F4B0360C0E9014538BDC2F375
:1024C0000A54A4F2FF331D2B12D8142B054618DC36
:1024D0000028E3D1A4F2F33412FA04F4DED1D002DE
:1024E000C3F11F0340F00040D8401AE0012038BD7E
:1024F0001E2BD3D10028D1D10F4B9A42CED10F48F9
:1025000038BDA4F2134410FA04F4C7D1D002C3F1C9
:102510001F0140F00040C3F13403C84025FA03F323
:102520001843002AB8BF4042400040F0010038BDC7
:102530000E2038BD705604000000D0C1010000809C
:102540002DE9F04182B0063001A9F9F759FE0022C9
:10255000002306460F4621F0C3FF60BB27F000456D
:10256000304629464FF0FF321F4B34464FF00108EA
:1025700021F0E8FF38B94FF0FF321B4B30462946B7
:1025800021F0D6FFF0B118F0FF0F1FD100224FF459
:102590008013204629464FF0010821F0D3FF38B9B7
:1025A0002046294600224FF4801321F0A3FFB0B14A
:1025B00018F0FF0F0AD130463946FFF76BFF02B023
:1025C000BDE8F081804618F0FF0FDFD0074F0026EE
:1025D00030463946FFF75EFF02B0BDE8F081804625
:1025E00018F0FF0FE7D0F1E7FFFFEF7F0000F87F63
:1025F00008B521F0A3FCBDE80840FFF74BBF00BFC2
:1026000001448879400040F00100704720B1002962
:1026100002DB8288914201DB0F48704710B582B01F
:10262000FFF7EEFF0E2804460DD0C3070ED502A813
:1026300000236410ADF80430012100F8044DFFF7C9
:10264000D5FD02B010BD044802B010BD40F271309B
:10265000FFF754F8EBE700BFCC56040020B1002987
:1026600002DB8288914201DB0E207047FFF7C8BF72
:1026700008B521F075FCBDE80840FFF70BBF00BFAF
:102680004300B0EB630F01D0FFF7B2BF43F001008E
:10269000704700BFB0F1804F08B503D2400040F052
:1026A000010008BD21F03AFCBDE80840FFF7F2BE8A
:1026B000002814BF42200A20704700BF08B5F9F770
:1026C0005BFFBDE80840FFF7E5BE00BF01FB00F07F
:1026D000704700BF90FBF1F0704700BF10B50C20B1
:1026E00001F070FE044608B103F01CF8204610BD4E
:1026F00000897047043002F087BF00BF03460A46D6
:102700000430198902F060BF043002F08DBF00BFB1
:1027100003894268994234BF52F821000020704773
:10272000043002F051BF00BF043002F08BBF00BF85
:10273000043002F0ABBF00BF024B1B68588CC000D6
:10274000704700BFA8380020704700BF00207047C6
:1027500038B5184B1B688BB15C6A7CB12368984212
:1027600025D05BB1002300E042B1023354F82320AE
:102770008242F9D101339B00E05838BD0D46044632
:10278000FFF7E4FF78B103689C420ED05BB10023F1
:1027900000E042B1023350F82320A242F9D10133C4
:1027A0009B00C05838BD284638BD0423F9E70423F0
:1027B000E2E700BFA83800204068704741607047DA
:1027C00010B5082001F0FEFD044608B102F0B2FF8A
:1027D000204610BD70B50C1E054616460EDB8388DC
:1027E0009C420BDA05EB8404E36823B10B2140F231
:1027F000863002F0E3FFE660284670BD0A2140F211
:10280000863002F0DBFFEDE7FEF778BF18B1024B30
:10281000984208BF00207047CC560400003018BF13
:102820000120704710B5142001F0CCFD044608B11A
:1028300002F088FF204610BD10B5044602F08CFF60
:10284000002806DB238AE268984202D252F8200070
:1028500010BD002010BD00BF2E4B1B682DE9F047B6
:10286000DF6ABA683B68824203F1FF3107F104076F
:1028700003D857F82120824230D2002945DD5B1071
:1028800057F82320904226D0B0F804904FF0010C66
:1028900000F105080DE034BF03F1010C03F1FF3135
:1028A0008C4532DC0CEB01035B1057F8232082428D
:1028B00011D094884C4528BF4C46063226464546E2
:1028C000144614F801AB15F801EFF245E3D1A4EB7F
:1028D000020E7645F5D21846BDE8F087002914DDD2
:1028E0005B1057F823209042F5D0012403E057F8FD
:1028F00023208242EFD090428CBF5C1C03F1FF3159
:102900000B19A1424FEA6303F1DA00231846BDE830
:10291000F08700BFA8380020034B1B680131DB6A39
:1029200053F82110FFF788BFA8380020F8B50446F7
:102930000F46164602F010FF011E04F10C0505DBE0
:1029400032462846BDE8F84002F03EBE3A462189AC
:10295000201D02F039FE3246218A2846BDE8F840A3
:1029600002F032BE034B1B680131DB6A53F82110C1
:10297000FFF7DCBFA8380020014B1868704700BF84
:10298000A4380020704700BF820708B508D130B1D5
:10299000036823F00103DA78F92A13D1987808BD87
:1029A0000028FCD0C3070FD40E280DD042280DD02C
:1029B0000A280BD0062805D040F22130FEF79EFEF3
:1029C000042008BD042008BD022008BD012008BD68
:1029D0000E281FD010B5044670B915E0FFF7D4FFDC
:1029E0000346022B204612D0032B0DD1FFF7A8FD82
:1029F0000E28044608D03CB1A3072046EED000F0D4
:102A00000FF821F09BFA10BD0020044910BDD4E955
:102A1000010110BD00200149704700BF0000F87F90
:102A2000C107034651D4820704D59B0914BF012076
:102A30000020704700284AD02DE9F041FFF7C8FF79
:102A400021F000450F464FF0FF322946274B06463E
:102A500004464FF0010821F075FD40B94FF0FF32F8
:102A6000224B3046294621F063FD00B9804618F01C
:102A7000FF0F2ED100224FF48013204629464FF03D
:102A8000010821F05FFD40B92046294600224FF49D
:102A9000801321F02FFD00B9804618F0FF0F18D1E8
:102AA000304639461EF0F8FA0022114B1EF022FD86
:102AB0000022002304460D4621F01CFD60B920468B
:102AC000294621F07DFDBDE8F081401070470020CF
:102AD00070470020BDE8F081204629460022044BC3
:102AE00021F0E0F804460D46E9E700BFFFFFEF7F65
:102AF0000000F041FFF794BF38B50D46FFF790FF97
:102B000004462846FFF78CFF00F01F0004FA00F08F
:102B10004300B0EB630F03D0BDE83840FFF768BD5A
:102B200043F0010038BD00BF38B50D46FFF778FF10
:102B300004462846FFF774FF00F01F0044FA00F037
:102B40004300B0EB630F03D0BDE83840FFF750BD42
:102B500043F0010038BD00BF38B50D46FFF760FFF8
:102B600004462846FFF75CFF60404300B0EB630F6C
:102B700003D0BDE83840FFF73BBD43F0010038BD4E
:102B800038B50D46FFF74CFF04462846FFF748FFCF
:102B900020434300B0EB630F03D0BDE83840FFF79C
:102BA00027BD43F0010038BD08B5FFF739FFC0432A
:102BB0004300B0EB630F03D0BDE80840FFF718BD3A
:102BC00043F0010008BD00BF38B50D46FFF728FFF0
:102BD00004462846FFF724FF20404300B0EB630F74
:102BE00003D0BDE83840FFF703BD43F0010038BD16
:102BF00038B50D46FFF714FF04462846FFF710FFCF
:102C000000F01F0024FA00F0B0F1804F03D2400022
:102C100040F0010038BD21F081F9BDE83840FFF7F0
:102C200039BC00BF0E2816D008B50346C0B19B07BB
:102C300008D0FFF7F5FE07EE900AF8EEE77A17EEF8
:102C4000900A08BDFFF7C4FE21F0DAFC07EE900AF7
:102C500017EE900A08BDDFED057A17EE900A70476F
:102C6000DFED027A17EE900A08BD00BF0000C07FBA
:102C700070B50E46FFF7ACFE044630460D46FFF732
:102C8000A7FE02460B462046294621F00BF8BDE878
:102C90007040FFF7FFBB00BF70B50E46FFF798FE10
:102CA000044630460D46FFF793FE02460B4620468B
:102CB000294620F0F5FFBDE87040FFF7EBBB00BFF1
:102CC00001F00103184203D0C3130133012B12D9C1
:102CD000D0B50C46FFF77CFE064620460F46FFF7B0
:102CE00077FE02460B463046394621F091F9BDE8A1
:102CF000D040FFF7CFBBCB130133012BE8D84310F3
:102D0000481000FB03F04300B0EB630F02D143F027
:102D100001007047FFF76CBC032912D0D0B50C46F8
:102D2000FFF756FE064620460F46FFF751FE0246C5
:102D30000B463046394621F095FABDE8D040FFF702
:102D4000A9BB7047F8B50C46C107034603D5E20797
:102D500001D5620811D11846FFF73AFE0646204613
:102D60000F46FFF735FE0B460246394630461EF049
:102D7000C1FBBDE8F840FFF78DBBFFF751FE0546EC
:102D80002046FFF74DFE95FBF0F303FB1050430088
:102D9000B0EB630F03D0BDE8F840FFF729BC43F068
:102DA0000100F8BD70B50E46FFF712FE044630462E
:102DB0000D46FFF735FE29460246204621F088FCE5
:102DC000BDE87040FFF766BBC2072DE9F8430C462B
:102DD0000BD5CB0709D540104C10844241DB3DD1C7
:102DE000640044F00100BDE8F883FFF7F1FD0646FA
:102DF00020460F46FFF7ECFD04460D4602460B4603
:102E00003046394621F094FB90B922462B46304695
:102E1000394621F065FB28B130463946BDE8F84314
:102E2000FFF738BB22462B4634463D4616461F4622
:102E3000F9F7A2FB2246804689462B4630463946A2
:102E400020F02EFF42464B4621F0E2F822462B4668
:102E500020F028FFBDE8F843FFF71CBB23460446DB
:102E60001846001BFFF71CFA20444400B0EB640F27
:102E700002D144F00100B6E7BDE8F843FFF7B8BB64
:102E800008B5FFF7A5FD1EF095FBBDE80840FFF76C
:102E900001BB00BF08B5FFF79BFD1EF009FCBDE8B4
:102EA0000840FFF7F7BA00BF08B5FFF791FDFAF742
:102EB000B3F9BDE80840FFF7EDBA00BF08B5FFF76A
:102EC00087FDFAF729F9BDE80840FFF7E3BA00BF2C
:102ED00008B5FFF77DFD1EF0DFF8BDE80840FFF7FD
:102EE000D9BA00BF08B5FFF773FD054B002220F0EB
:102EF000D9FEFAF791F9BDE80840FFF7CBBA00BF59
:102F00000000E03F0E280BD00E2909D08842F8B50A
:102F1000044618D001F00102104216D00020F8BD7E
:102F200000207047A288A888A31D904228BF1046A1
:102F3000691D1A4612F8014B11F8015FA542EDD147
:102F4000D41A8442F6D90120F8BD0D46FFF71CFDC6
:102F500006462846FFF718FD8642DFD144EA0503FE
:102F60009B07DBD1032EDDD0022ED7D12046FFF701
:102F70002FFD064628460F46FFF72AFD0B46024660
:102F80003946304621F0ACFA4FF0010300B9034650
:102F9000D8B2F8BD08B5FFF7B5FF002814BF42202E
:102FA0000A2008BD08B5FFF7ADFF00280CBF42207E
:102FB0000A2008BD0E281AD00E29F8B50C4614D0E8
:102FC0000628054615D042283FD00A281CD00629DD
:102FD000034600F09080422C11D00A2C37D09C423E
:102FE00010D004F001031D4211D00020F8BD0020D4
:102FF0007047062906D0422C4FF00003EDD1032282
:10300000934204D10120F8BD0123062CE3D12846C8
:10301000FFF7BAFC06462046FFF7B6FC032E22D087
:1030200003282FD0012E14D0012821D08642DCD1D4
:1030300045EA04039B07D8D1032847D0022828D0AB
:10304000601BB0FA80F04009F8BD0323DDE70122E0
:10305000D6E7062D33D0422D4FF0020634D00A2D8C
:10306000E2D10125E0E7022813D00328DCD1DFE715
:10307000062C4FF0020020D0422C23D00A2CD5D1B0
:103080000124D3E7022E04D0012EAED1062DE2D1C9
:10309000ABE72846FFF79CFC064620460F46FFF7A5
:1030A00097FC02460B463046394621F019FA4FF09C
:1030B000010400B90446E0B2F8BD0024B6E70226D8
:1030C0000025B1E70324B1E70325ADE7AC4299D071
:1030D000AB88A288A81D9A4228BF1A460534034629
:1030E00013F8011B14F8015F8D427FF47EAF191AAB
:1030F0009142F5D986E7002282E700BFFFF75ABF69
:1031000008B5FFF757FF002814BF42200A2008BD6A
:1031100008B5FFF74FFF00280CBF42200A2008BD6A
:10312000F8B5078945687FB10E46043D002402E0EA
:103130000134A74208D0314655F8040FFFF73AFF93
:103140000028F5D02046F8BD4FF0FF30F8BD00BF95
:1031500010B500220446FFF7E3FF011E04DB201D2B
:1031600002F070FA012010BD002010BD38B58307B1
:10317000044608D148B1FFF707FC032812D0022803
:1031800014D0012038BD0A2801D1002038BD002804
:10319000FBD00E28F9D00628F7D010F1FF3018BF69
:1031A000012038BD0C4B9C42EBD1EEE72046FFF7E7
:1031B0000FFC02460B4604460D4621F0C3F90028D9
:1031C000E3D1204629460022002321F089F9B0FAF4
:1031D00080F0400938BD00BFCC560400422805D01D
:1031E0000A2801D0FFF7C2BF0020704701207047B6
:1031F0000E2857D00E2955D0F8B50C460546FFF7D6
:10320000C3FB06462046FFF7BFFB032E2FD0A54287
:103210002BD02846FFF7DCFB064620460F46FFF77B
:10322000D7FB324604460D463B463046394621F030
:1032300089F9A0BB22462B462046294621F082F977
:1032400068BB22462B463046394621F053F918BB5D
:1032500022462B463046394621F06AF9003018BF25
:103260000120F8BDD01A81420DD20020F8BD0328FC
:10327000CDD1A542F9D0AA88A188AB1D914228BF23
:10328000114605341A4612F8015B14F8010F854205
:10329000E8D028BF0120E4D24FF0FF30F8BD6FF036
:1032A0000100F8BD6FF00100704700BF38B501F0B4
:1032B000010313EA000404D08842ACBF00200120BF
:1032C00038BDFFF795FF831C14BFC00F204638BDE3
:1032D00010B501F00104204203D0884207DC4220EF
:1032E00010BDFFF785FF831C01D00028F7DD0A2001
:1032F00010BD00BF10B501F00104204203D0884288
:1033000007DA422010BDFFF773FF831C01D00028AD
:10331000F7DB0A2010BD00BF10B501F00104204208
:1033200003D0884205DB422010BDFFF761FF002873
:10333000F9DA0A2010BD00BF10B501F001042042E7
:1033400003D0884205DD422010BDFFF751FF002861
:10335000F9DC0A2010BD00BFF0B591B00446FFF7BC
:1033600013FB03283DD002280FD0052848D0002C9D
:103370004CD00A2C42D00E2C45D0422C55D02C4B90
:103380002C48062C08BF18462CE0E3072CD40E2C42
:1033900039D02046FFF71CFB21F000450F464FF0C7
:1033A000FF322946244B064621F0CCF838B9304686
:1033B00029464FF0FF32204B21F0A6F840B33246A9
:1033C0003B463046394621F0BDF8E0B93046394633
:1033D0006A46F8F7BDFF68464FF0FF31FEF706FF7B
:1033E00000E0204611B0F0BD694660100CF0A2FC70
:1033F00068464FF0FF31FEF7F9FEF3E70F48F1E7BB
:103400000F4811B0F0BD0F4811B0F0BD0E48E9E70C
:10341000002330463946002221F06CF80B4C0C4B4F
:10342000002814BF20461846DCE70A48DAE700BF48
:103430002057040044570400FFFFEF7F3857040073
:103440005457040004570400B056040010570400F9
:10345000F45604002C57040008B5FFF795FA052828
:1034600010D8DFE800F0030507090B0D084808BD78
:10347000084808BD084808BD084808BD084808BDF8
:10348000084808BD40F22230FEF738F9002008BD98
:10349000E4560400A056040068570400885704004E
:1034A00078570400D456040070B50446FFF76CFA50
:1034B000042813D164B1A3070AD12168124821F06E
:1034C00001025369834218D02046BDE87040184776
:1034D00021460E48BDE870400CF0C6BE2046FFF7FE
:1034E0003BFF05462046FFF7B7FFAB1D811D224677
:1034F0000748BDE870400CF0B7BE13880548128934
:10350000BDE870400CF0B0BEA9340200245604009F
:10351000305604000456040010B504460A4612480A
:1035200021460CF0A1FE7CB1A30705D1216821F052
:103530000101CB78F92B10D0062C05D140F2DD30FB
:10354000BDE81040FEF7DAB82046FFF71DFABDE8E7
:10355000104000F57570FEF7D1B80B898A780348E2
:103560000CF082FEE8E700BF6055040080550400BF
:1035700008B5014604480CF077FE4FF46470BDE8CE
:103580000840FEF7BBB800BFBC55040010B5FEF7FD
:1035900033F90446102000F0C1FF22690260206167
:1035A00010BD00BF38B5FEF727F90469054634B1F0
:1035B00023682B612046BDE8384000F0EFBE40F2A2
:1035C0005330FEF79BF8F3E7F0B585B00746FEF7FA
:1035D00013F9046906468CB194E80F006D4630611A
:1035E00085E80F00204600F0D9FE0A4B77611B6882
:1035F000284631469B6B984705B0F0BD06480CF055
:1036000033FE3846FFF750FF40F2E730FEF776F81A
:10361000E2E700BFA8380020A055040010B5FEF76F
:10362000EBF8446912239C42436101D0204610BD4F
:1036300040F25330FEF762F8204610BD08B5FEF7A1
:10364000DBF84369122B05D0FFF7E8FFBDE808401F
:10365000FFF7BABF08BD00BF79B110B4084B094CE1
:10366000014410F8012B04FB03F3884283EA0203B0
:10367000F7D118465DF8044B7047014B1846704768
:10368000C59D1C81930100012028064B00F01F00FE
:103690004FF00102B8BF4FF0A04302FA00F0C3F8A8
:1036A0000805704700030050014B1860704700BFC9
:1036B00050380020014B1868704700BF5438002074
:1036C000014B1868704700BF583800202DE9F047BB
:1036D00007461F4DDFF87C808946FFF7D5FF202F76
:1036E000B8BF4FF0A04507F01F0605EB86049F20EA
:1036F000D4F8003743F00303C4F80037C047012073
:1037000000FA06F6C5F80C65B9F1000F0FD0C047F6
:10371000D4F8003723F003033846C4F80037FFF726
:10372000B3FF434640F2BD30BDE8F047184740F2D2
:10373000BD30C047D4F8003723F003033846C4F83F
:103740000037FFF7A1FF43460A20BDE8F0471847BE
:1037500000030050A92000202DE9F8431F28264C23
:10376000DFF89880D8BF4FF0A04400F01F0904EBA9
:1037700089070125D7F8003743F00303C7F800375E
:10378000064605FA09F5FFF77FFF9F20C0470A208C
:10379000C4F80C55C0473046FFF776FFD7F800371E
:1037A00023F00303C7F800374FF49261D4F81035C3
:1037B0001D4201F1FF300ED119B906E0012814D0E5
:1037C0001846831E0028F9D101463046FFF75CFFFA
:1037D0000846BDE8F883431C0146E7D13046012185
:1037E000FFF752FF0846BDE8F88330460021FFF797
:1037F0004BFF0846BDE8F88300030050A9200020D5
:103800002DE9F04784B0064689460DF103070DF116
:103810000C0800240025AA463046FFF79DFF04F05F
:10382000010398424FEA540400FA05F218BF84F0ED
:103830008C0405F1010542EA0A0218BFE4B2082D22
:103840005FFA82FAE8D107F801AF4745E2D19DF966
:1038500005209DF8043043EA022307EE903AFAEE81
:10386000CE7AC9ED007A3CB99DF80630FF2B07D01F
:10387000204604B0BDE8F087002004B0BDE8F08722
:103880009DF80700A0F18000B0FA80F0400904B074
:10389000BDE8F0872DE9F04120281F4DDFF87C803E
:1038A000B8BF4FF0A04500F01F0405EB84070126C8
:1038B000D7F8003743F00303C7F80037FFF7E4FEFB
:1038C000A64042F68E10C04741F2F230C5F80C65B2
:1038D000C047D7F8003723F00303C7F800376A2042
:1038E000C04740F213540027D5F810351E4208BFD8
:1038F0000137013CF8D140F27E20C047812FD5F836
:10390000103505DD1E4214BF01200020BDE8F08106
:103910002046BDE8F08100BF00030050A920002030
:10392000F8B50446FFF7B6FF074600284AD0CC2674
:103930000025EA1F18BF012206F0010101352046CB
:10394000FFF7C4FE082D4FEA5606F2D14E26002599
:10395000EA1F18BF012206F0010101352046FFF7DA
:10396000B5FE082D4FEA5606F2D1FF260025EA1FC4
:1039700018BF012206F0010101352046FFF7A6FE1F
:10398000082D4FEA5606F2D180260025EA1F18BFFF
:10399000012206F0010101352046FFF797FE082DB0
:1039A0004FEA5606F2D17F260025EA1F18BF0122F2
:1039B00006F0010101352046FFF788FE082D4FEA89
:1039C0005606F2D13846F8BD70B50646FFF762FFDD
:1039D00018B3CC250024E21F18BF012205F0010115
:1039E00001343046FFF772FE082C4FEA5505F2D13C
:1039F00044250024E21F18BF012205F00101013413
:103A00003046FFF763FE082C4FEA5505F2D13046E9
:103A1000FFF7A2FE80F00100C0B270BD2DE9F04FAB
:103A200085B0824602F064FC18B98B4B1A68002AF4
:103A300056D0504601F0D8F9057C00242846FFF7FF
:103A40006FFF064658BB0A200CF082FF022C32D0D2
:103A50000134032CF2D1814B81491868814BAAF1C2
:103A6000640402220C601A6005F01F0B30B17E4B1B
:103A70001A680023146B19461A46A0477B4B7C48F2
:103A80001F2DD8BF4FF0A04303EB8B0BDBF80037A3
:103A900023F00303CBF8003705B0BDE8F08F052015
:103AA0000CF056FF2846FFF78FFF00282ED10A2082
:103AB0000CF04EFFCCE7694B694A1868694BAAF1D4
:103AC0006401116001221A6005F01F0B0028D5D097
:103AD000654B1B6832461C6B31463346A047CDE729
:103AE00064484FF40074C0F88040BFF34F8FBFF3B9
:103AF0006F8F4FF08045604A0121296003251A60CD
:103B00005160C2F808551160046092E7574B5B4F53
:103B10001F2D05F01F0BCCBF98464FF0A0484FEA71
:103B20008B034FF00109019308EB030409FA0BF929
:103B3000562603E00CF00CFF013E72D0D4F800379B
:103B400043F00303C4F800372846FFF79DFD9F208C
:103B5000B8470A20C8F80C95B8472846FFF794FDE7
:103B6000D4F8003723F00303C4F800379F20B84788
:103B7000D8F81015D4F8003743F003032846C4F8EA
:103B8000003701EA0901FFF77FFD0A200029D1D0A3
:103B900028460327FFF77EFE50B9012F4ED00A209A
:103BA0000CF0D6FE2846013FFFF774FE0028F4D043
:103BB000CC260024E21F18BF012206F001010134C7
:103BC0002846FFF783FD082C4FEA5606F2D1BE26A1
:103BD0000024E21F18BF012206F00101013428462B
:103BE000FFF774FD082C4FEA5606F2D103A92846C8
:103BF000FFF706FE0028D0D01C4B0198184A19493F
:103C0000C2F800A01F2DD8BF4FF0A04303440024EA
:103C1000D3F8002703980C6022F00302C3F80027B2
:103C20003AE70E4B0E4A18680E4BAAF16401116078
:103C300004221A6000287FF44BAF1FE7074B084AA5
:103C40001868084BAAF16401116003221A60002869
:103C50007FF40DAF12E700BF5C3800205038002021
:103C60005838002054380020A838002000030050A5
:103C70000000C84100E100E000900040A9200020C1
:103C800038B5046834F00304054612D0A30F15D1EB
:103C90002846E369984705462DB140F6CA039D4280
:103CA00005D9002C03DB40F24930FDF727FD2846FB
:103CB00038BD40F25130FDF721FDE9E7C4F3990525
:103CC000EAE700BF38B5144B9A881B6892B1551EBD
:103CD00053F8251088421AD0023A03EB82032A4691
:103CE00002E0216881420BD0013A511C1C46A3F12D
:103CF0000403F6D14FF45270BDE83840FDF7FEBC26
:103D0000954204D0044801F009FC206038BD024807
:103D1000BDE8384001F002BC74380020F8B54FF41B
:103D200080400DF043F843F6F87304460246194606
:103D3000002520486360A5610CF096FA626893073D
:103D40002ED11D491D4F4D6888681D4ED31C23F090
:103D50000043104423F00303013543F00043C1E95D
:103D600001503968A360E16004F108031548316827
:103D70003B6003EB9203036079B18C420DD30A6878
:103D8000A2B1944203D211E09C4203D31A461368B5
:103D9000002BF9D123601460F8BD21603460F8BDB8
:103DA0004FF45270FDF7AAFC6268CAE713460A4650
:103DB000F0E700BFD45704007C380020983800207A
:103DC000683800207038002018210148FEF734BA06
:103DD0007C380020036823F00103188880087047AE
:103DE00030B338B5C5680446A5B155E901326868F5
:103DF000A96862605A0F032AC4E9020105D040F2A3
:103E00004930FDF77BFC55F8043C43F0004345F88E
:103E1000043C38BD50F8043C5A0F032A09D143F042
:103E2000004344F8043C0020BDE83840FDF7ECBCFA
:103E3000704740F24930FDF761FC54F8043CEEE76E
:103E400038B550F8043CDB070546A0F104041CD447
:103E5000104B1B6873B103F108029442F9D35968FF
:103E60000A449442F5D255F8043C43F0010345F866
:103E7000043C38BD40F24A30FDF740FC55F8043CA4
:103E800043F0010345F8043C38BD40F24F30FDF7E4
:103E900035FCDDE768380020830709D140B1030F06
:103EA00006D00168114B194202D1CB78F92B00D012
:103EB00070470F4B10B504461B688BB103F1080225
:103EC0009442F9D3586802449442F5D2094841F02B
:103ED0000101216022468188BDE8104001F006BB47
:103EE00040F24A30FDF70AFC2168EFE7030000408A
:103EF000683800206038002000294DD02DE9F84FA7
:103F00000F468046DFF89CB0DFF89CA0DFF88C906D
:103F1000061F002502E00135AF423BD056F8044FA2
:103F2000A307F8D1002CF6D0230FF4D0206810EAB4
:103F30000B0FF0D1C378F92BEDD1DAF8003053B183
:103F400003F108018C4203D35A680A44944207D310
:103F50001B68002BF4D140F24A30FDF7CFFB2068FC
:103F6000B9F8041040F00100206022460B4801F02F
:103F7000BDFAB9F80430642BCDD90C200CF016FF33
:103F80000135074A08EB85037D1BC0E9013511683F
:103F900001601060BDE8F88F704700BF60380020F6
:103FA0006C380020030000406838002038B50568F0
:103FB0004DB104462846FFF743FFA1882846BDE8D7
:103FC0003840FFF799BF38BD830709D140B1030FCF
:103FD00006D00168234B194202D1CB78F92B00D0CF
:103FE0007047214B2DE9F04104461B68002B33D06C
:103FF00003F108029442F8D3586802449442F4D280
:1040000021F0030341F001019B6921600BB12046BF
:104010009847164D164C2F46AB8883B9236818462F
:10402000C3B1D3E90026D3F8088022600CF0E4FE87
:1040300041463046FFF760FFAB88002BEED0384694
:1040400001F06CFA036823F003039B69002BE3D0B3
:104050009847E1E7BDE8F08140F24A30FDF74EFBBA
:104060002168CDE703000040683800206038002058
:104070006C380020F8B505460CF098FE0446A5F112
:104080000800830760602ED11B4A1C4F5568916859
:104090001B4EC31C23F00043014423F003030135EE
:1040A00043F00043C2E901513A68A360E26004F1C1
:1040B0000803144A31683B6003EB9000106079B14B
:1040C0008C420DD30A68A2B1944203D211E09C4203
:1040D00003D31A461368002BF9D123601460F8BD8E
:1040E00021603460F8BD4FF45270FDF707FB606843
:1040F000CAE713460A46F0E77C38002098380020CB
:1041000068380020703800202DE9F04F954B1B785F
:1041100085B09C07039005D54FF45270FDF7EEFA79
:10412000904B1B788F49904A43F002030B70039B1E
:104130001468958813F0020640F0F7806DB104EB27
:10414000850554F8040B20F0010310F0010F18BF8F
:104150001868FFF739FFA542F3D1844C0398FDF7A7
:1041600059FB2368B3B1824B1B68B3F82A8001F076
:104170003FFB2568A0EB080705EB8805002E40F003
:10418000E4803FB10024013455F8040BFFF71CFF15
:10419000A742F8D1774A784B16781D683EB10024C3
:1041A000013455F8040BFFF70FFFA642F8D173490D
:1041B000734A0B68176801330B60724B00221A6058
:1041C000002F00F0CB80CDE90122904691467B681C
:1041D000029A07F108059B0805EB83061A44B542CD
:1041E00002924AD22B6813F0010140F086801A0F28
:1041F000062A00F08280AE4240F28F80AA4601E09B
:10420000DAF80030002B4FEA13720FDBD80714D412
:10421000062A12D0590009D4DB78F92B40F2493034
:1042200001D0FDF76BFA504601F04AF95046FFF70E
:1042300027FD0AEB800A5645E2D8AAEB05044FEAAF
:10424000A40CE0454FEA8C024FF0FF01284642F0F3
:10425000004BB8BFE046E14420F074FC042CC5F8E4
:1042600000B053DD00236B60019B002B50D0019BFD
:1042700001955D605546AE42B4D83F68002FA6D187
:10428000414D029B2A684FEA890101EB09179C0006
:104290007F004FEA88039AB13A4A12684FEA5909F7
:1042A00072B11068C0F39906B14506D246E01068B5
:1042B000C0F399000644B14541D35268002AF6D1B3
:1042C0002E484269C0E90313A2B18A4212D8039A68
:1042D000D20703D522462D480BF0C6FFBC4201D3BE
:1042E000FFF71CFD1F4A137823F00203137005B07B
:1042F000BDE8F08F214A5161E9E723F001032B600B
:104300002846FFF7BDFC05EB8005B4E75546B2E74C
:104310001C4B01951D605546ADE74FF00043B8F1C9
:10432000000F2B60A7DA8846A5E719480BF09CFF21
:104330002A46214617480BF097FFFFE630464844CF
:10434000801B02EB80022A60BAE73A4629461248EF
:104350000BF08AFF002F7FF415AF1BE73B463C466E
:104360003946ADE70947002074380020A438002002
:10437000A83800200A470020943800207C3800200C
:10438000683800209838002070380020B8570400A2
:1043900098570400A0570400AC57040050F8043CA0
:1043A0005A0F032A10B5044605D040F24930FDF7F4
:1043B000A5F954F8043C43F0004344F8043C20467B
:1043C00010BD00BF2DE9F84F42F22833C71C9842B8
:1043D0004FEA97077CDC444BDFF810A15B68C3F31E
:1043E0000803002B5ED19AF8003018075AD143F029
:1043F00001038AF80030FDF7FFF910B14368002B84
:104400006DD0DFF8ECB0DFF8EC900026DBF8004070
:10441000002C4ED04FF0000803E0A0461C46002BB5
:1044200047D040F251301EB9D9F80030A34248D3EA
:10443000A10701D1230F01D1FDF760F92568002DF7
:1044400040F24B3001DBFDF759F9C5F39905ED1B3F
:10445000002D6368E1DB0AD0AA0042F0004244F874
:10446000272004EB8707012D1CBF7B603B46B8F17A
:10447000000F31D0C8F80430002222604BB15B68D5
:104480003BB19A0701D11B0F03D14FF45470FDF7D4
:1044900035F99AF8003023F001038AF800302046FD
:1044A000BDE8F88F40F29230FDF728F99AF8003015
:1044B0009DE736B1012E08D01520FDF71FF9013612
:1044C000A4E70020FFF720FEF9E7FFF727FCF6E757
:1044D0001620FDF713F97EE7CBF80030CCE740F269
:1044E0004E30FDF70BF98CE700ED00E009470020A6
:1044F0009838002070380020033010B520F00304F5
:10450000201DFFF75FFFE31D23F0804323F003032B
:1045100043F0804340F8043B10BD00BF08B538B1FC
:10452000FFF7EAFF50F8043C43F0005340F8043C26
:1045300008BD00BFF8B5214B5B68C3F3080306460E
:104540000F46002B34D1FDF757F91D4D1D4AF31BC3
:104550009B102B7004461760A8B10C20FFF7CCFF0E
:1045600050F8043C6268026043F00053A26840F8CF
:10457000043CE368C0E90123E0600023A6602B70DF
:1045800063602046F8BD1820FFF7B6FF0E4A50F8CA
:10459000043C1268026043F00053122240F8043CCD
:1045A00000234261C0E903330446FDF72DF9E4E737
:1045B00040F29230FDF7A2F8C5E700BF00ED00E041
:1045C0000A47002094380020A4380020830702D135
:1045D00008B1030F00D17047024B02469988184674
:1045E00000F084BF743800208207034602D108B16E
:1045F0001B0F00D17047FFF765BB00BF0430FFF70A
:10460000D5BC00BF03460C309988FFF775BC00BFCE
:104610004068FFF741BC00BF10B504460430FFF707
:10462000C5FC04F10C00BDE81040FFF7BFBC00BFA3
:1046300050F8043B23F00103198804398908FFF777
:104640005BBC00BF03207047808880000F3080086B
:10465000704700BF02207047052070470349044A95
:104660000023C1E90033C2E90033704774380020E9
:1046700060380020704700BF02207047406811F08A
:1046800075BF00BF426801469388024852880BF00C
:10469000EBBD00BF1858040010B50446034B416041
:1046A0000846236011F044FF204610BDE85704007F
:1046B00010B5044682B0406811F026FF88B16168E9
:1046C000684611F0C9FA694601A811F041FD01A838
:1046D00011F0D2FA606001A811F0A8FA684611F052
:1046E000A5FA02B010BD00BF38B505460820FFF797
:1046F00069FE044628B1044B45602846236011F04A
:1047000017FF204638BD00BFE8570400FFF7ECBF95
:10471000A0F120035E2B10D810B582B00446684685
:1047200011F082F904EB8400009BA03818440521A5
:1047300002B0BDE81040FDF77FBD0020704700BF0C
:1047400010B584B00C46416803A811F085FA002327
:10475000624203A9CDE9003303480EF073FD03A8BC
:1047600011F064FA04B010BD3C2D002030B585B0C6
:104770000C46416803A8154611F06EFA0023624208
:1047800003A90093019504480EF05CFD03A811F005
:104790004DFA05B030BD00BF3C2D002043689B881A
:1047A00001FB03F1FFF7CCBF70B584B00E46416842
:1047B00002A8154611F050FA02A903A811F044FA14
:1047C00000246FF0FE0033462A4603A9CDE9000419
:1047D00005480EF0F3FD03A811F028FA02A811F025
:1047E00025FA04B070BD00BF3C2D002010B5044672
:1047F00082B0FFF75DFF616801A811F02DFA01A8F2
:1048000011F052FA01A811F011FA02B010BD00BF68
:10481000F0B5074683B00C4615461E46FFF748FF25
:10482000796801A811F018FAF3B22AB221B201A8EE
:1048300011F044FA01A811F0F9F903B0F0BD00BF7E
:1048400030B583B00C461546416801A811F004FA52
:1048500021B22AB201A811F047FA044601A811F0CA
:10486000E5F924EAE47003B030BD00BF436858881E
:10487000704700BF43689888704700BF002B14BF83
:10488000FF230023FFF7C4BF08B5FFF7D9FF0028B7
:10489000D4BF0020012008BD43689B8801FB03F1C1
:1048A000FFF764BF0A4610230321FDF7A9BB00BF31
:1048B000082870B504460D461AD0A0F10903012B53
:1048C00007D92A46214610230D20BDE87040FDF788
:1048D00097BB0F4ED6F8140903689B6A98470528C2
:1048E000EFDCD6F81409036808215B6A9847E8E70B
:1048F000074ED6F8140903689B6A98470228E0DC43
:10490000D6F81409036804215B6A9847D9E700BF09
:104910000025002038B5074C0546D4F814090CF0E2
:10492000E1FDD4F814090CF02FFE401BB0FA80F022
:10493000400938BD0025002070B50D46044600F042
:1049400053FA50B103689B6A98472A4620461023C1
:104950000321BDE87040FDF753BB70BD70B50D4637
:10496000044600F041FA50B103689B6A98472A4612
:10497000204610230221BDE87040FDF741BB70BD09
:1049800008B500F031FA28B103689B6A98470030F7
:1049900018BF012008BD00BF2DE9F843204CD4F812
:1049A00014090CF09FFD1FF0C9FA8046D4F81409D1
:1049B00089460CF0A5FD1FF0C1FA0646D4F814098B
:1049C0000F460CF0ABFD1FF0B9FA424604460D4607
:1049D0004B46404649461FF01BFB324680468946FF
:1049E0003B46304639461FF013FB02460B46404615
:1049F00049461FF057F9224606460F462B462046E9
:104A000029461FF005FB02460B46304639461FF08B
:104A100049F91CF033FF1FF0ABFDBDE8F88300BF80
:104A200000250020032814D8DFE800F00E09040256
:104A3000FFF7B2BF084BD3F814090CF06FBD064B5B
:104A4000D3F814090CF05CBD034BD3F814090CF037
:104A500049BD0020704700BF00250020014803F039
:104A600071BE00BF042D0020024BD3F818090CF0D2
:104A700007BF00BF00250020014802F035BC00BF81
:104A8000002E002040B1012804D1064BD3F81409B0
:104A9000F8F73EB800207047024BD3F81409F8F736
:104AA00017B800BF0025002038B5274C0546D4F8BC
:104AB00018090CF097FE00283DD0032D40D8DFE800
:104AC00005F02C1E1002D4F818090CF005FE1FF09A
:104AD00035FA00221D4B1FF0C5FBBDE83840FDF73D
:104AE000D9BCD4F818090CF0BDFE1FF027FA174BFB
:104AF00000221FF0B7FBBDE83840FDF7CBBCD4F86F
:104B000018090CF0A1FE1FF019FA104B00221FF03B
:104B1000A9FBBDE83840FDF7BDBCD4F818090CF07E
:104B200085FE1FF00BFA094B00221FF09BFBBDE82E
:104B30003840FDF7AFBCD4F818090CF011FEBCE703
:104B400000200021C9E700BF0025002000408F4061
:104B5000024BD3F818090CF003BE00BF002500205B
:104B6000034BD3F814391A680146526A18461047A5
:104B700000250020012808B505D0022811D00328FF
:104B800008D0002008BD0A480EF04AFC003018BFCB
:104B9000012008BD07480FF0DBFE003018BF0120E0
:104BA00008BD05480EF03CFC003018BF012008BDD0
:104BB000702D0020A02D0020882D00200AB2FF2398
:104BC00001B2014811F07AB8142D002070B5FF2A07
:104BD00082B005460E4604DC002A14460ADC002397
:104BE00000E0FF230C4832B229B202B0BDE87040A9
:104BF00011F064B8FF2A0CD0084803F09DFC01288E
:104C0000E3B2EFD001210548019303F0A3FB019B20
:104C1000E8E71346E6E700BF142D0020042D00202E
:104C20000AB2002301B2014811F048B8142D002047
:104C30000AB201B2014811F057B800BF142D00208C
:104C400001480EF061BA00BF3C2D0020C1B20148FE
:104C500003F080BB042D002008B5024803F06CFC73
:104C600008BD00BF042D002001480CF02FBE00BF7E
:104C7000042D00200146014803F086BD042D0020CC
:104C800010B9034803F004BB014803F019BC00BF8E
:104C9000042D002030B583B00C4901A80CF01AFE99
:104CA00001A810F0E9FF044601A810F0BFFF08209A
:104CB000FFF788FB054610B12146FFF7EDFC2046C3
:104CC00011F054FC284603B030BD00BF042D002075
:104CD0002DE9F0410668B3F5807F28BF4FF480735B
:104CE0000446D6F800800D46002116461F46C047F0
:104CF0004FF496700CF0B0F9227C094B09481F2A3A
:104D000098BF184672B6217C074C01F01F0141EA9A
:104D1000075133462A46A04762B6BDE8F08100BF7E
:104D20000005005000080050F522002008B143683B
:104D300003B9704710B50446084600F055F862689C
:104D400004F108014FF48073BDE81040FFF7C0BFC5
:104D500008B1436803B9704770B504461546084664
:104D600000F042F82B46626804F10801BDE870408B
:104D7000FFF7AEBF704700BF10B4054C0A461023C2
:104D80000146B4F8B4085DF8044BFDF739B900BF2B
:104D90000025002008B503480EF042FB003018BF84
:104DA000012008BDB02D002080F30801014801F06A
:104DB000C3B800BF2C2E0020014801F0C9B800BFC5
:104DC0002C2E00200146014801F0CCB82C2E0020EA
:104DD00007EE900AF8EEE77A024817EE901A03F011
:104DE0004BB900BF342E00206E2856D00BDC68284B
:104DF00055D014DD6B283AD02DDC692849D06A28BB
:104E000037D12948704773284BD011DD78282CD032
:104E100017DC74283FD077282BD1244870476528A9
:104E200033D01EDD66282ED0672822D12048704757
:104E300070282CD025DB712821D0722819D11D486B
:104E4000704740F2E933984217D040F2EA33984273
:104E50000FD1194870476C280DD06D2809D117481B
:104E60007047642805D116487047164870471648A1
:104E7000704700207047154870471548704715481F
:104E800070471548704715487047154870471548D2
:104E900070471548704715487047154870471548C2
:104EA00070471548704700BF00290020082A0020DD
:104EB000B8280020C0290020582B002048290020B5
:104EC00070280020202A00201829002030290020E6
:104ED000402B0020A829002078290020A0280020AD
:104EE0008828002090290020E8280020F0290020B0
:104EF00060290020D0280020D8290020FFF774BFA7
:104F000010B5FFF771FF20B10368BDE810405B6882
:104F1000184710BD10B5FFF767FF20B10368BDE863
:104F200010401B68184710BD10B5FFF75DFF20B19A
:104F30000368BDE810405B69184710BD10B5FFF766
:104F400053FF20B10368BDE81040DB68184710BD6F
:104F500010B5FFF749FF20B10368BDE810405B6B57
:104F6000184710BD70B50446FFF73EFF68B10368EF
:104F70000D46164603211B6D9847324629462046AA
:104F80001023BDE87040FDF73BB870BD014B986839
:104F9000704700BFE837002008B5FFF725FF78B15C
:104FA000C38804290CBF43F4807323F48073C38047
:104FB00003681146DB6C9847024B984200D008BD4D
:104FC000002008BD11FCFFFF10B5FFF70DFF48B131
:104FD00003681C694FF4FA62A44640F2DC53BDE852
:104FE0001040604710BD00BF704700BF10B5FFF70D
:104FF000FBFE20B10368BDE81040DB6A184710BD16
:1050000008B5FFF7F1FE014B186008BDA03800207D
:10501000026870B50D1E0446D66802DD0A4A127891
:105020002AB9204633460021BDE870401847521186
:1050300001219140B047236804495B6B91FBF5F176
:105040002046BDE8704018475423002040420F001E
:105050000F4B104A1B78FF2808DC002812DB107069
:105060007BB198B140110121814003E0FF21117013
:1050700033B18021084B186818B10368DB68184702
:105080007047704700211170002BFAD00021F1E722
:105090000B47002054230020A0380020014B187833
:1050A000704700BF5423002070B50E4D2B680C468E
:1050B000ABB10D4E01462246184601233370FFF76F
:1050C000A7FF002C0ADD20460BF042FC286818B12F
:1050D00003680021DB6898470023337070BD034BE1
:1050E0002B60E6E7A03800200B470020D0360020D8
:1050F00010B559B101290CBF02210021FFF774FE40
:1051000048B10368BDE810401B6C18470121FFF748
:105110006BFE0028F5D110BD10B5FFF765FE0368E2
:10512000BDE810401B6D184701460020FDF784B80C
:10513000704700BF70B50C4D2C6882B014B120468A
:1051400002B070BD28201FF0A2FC084B002603F11E
:10515000180203F130010096044613F0C1FA20460C
:105160002C6002B070BD00BF9C380020A829002030
:1051700010B50446FFF7DEFF036821469B68BDE8D3
:105180001040184770B50C4682B0F0B1054639B1F1
:105190006A6863689A4203D040F28D30FCF7AEFA39
:1051A000FFF7C8FF03686A68DE6805F1080134B1DB
:1051B000154604F108030095B04702B070BD2546BE
:1051C00023460095B04702B070BD39B1FFF7B2FF7A
:1051D00003686568DE6800210A46EAE740F28D3020
:1051E000FCF78CFAF2E700BF10B50446FFF7A2FF08
:1051F000036821461B68BDE81040184770B5054696
:105200000C46FFF797FF03682A4621465B68BDE816
:10521000704018472DE9F043134C236883B00746CC
:105220000E4615462BB11A68184693699847002315
:1052300023603846FFF7D8FD07463046FFF7D4FD18
:1052400080462846FFF7D0FD814628201FF01FFC2E
:1052500000264B46424639460096054613F040FA72
:10526000256003B0BDE8F0839C38002030B583B0E2
:105270000446FFF7B9FD90F9105030201FF007FCED
:10528000032300932946A2B2012308F089FD03B04D
:1052900030BD00BF10B5FFF7A7FD054C0146204605
:1052A00000F012FF20460121BDE8104000F06CBE66
:1052B0002C2E0020F0B5044683B0002017460E4681
:1052C000FCF7BAFF6100054600F1080289B20097B9
:1052D0003346034812F01EF8284603B0F0BD00BF65
:1052E000202C002010B582B00C4640004B68009284
:1052F00081B204F10802024811F0A8FF02B010BD0B
:10530000202C0020704700BF0023C0E90133704704
:105310000023C0E90133C0E903337047054B10B4E3
:105320001A68846883880146A21A03485DF8044B12
:105330000AF09ABFA83800201C59040001464268B0
:1053400001480AF091BF00BF3458040001460289A9
:1053500001480AF089BF00BFCC5804002DE9F0478E
:10536000C4888C4205460E462FD24FEA8408D0F8F6
:105370000090002C39D03F2C35DDB4F5007F3DDBAB
:1053800004F580774FF6FE724FF6FF73974288BFA1
:105390001F46B742B8BF3746B8000BF007FD82463C
:1053A0001CB1424649461FF0A9FB3A1B920000215E
:1053B0000AEB08001FF0C6FB48460BF01DFDC5F8C0
:1053C00000A0EF80AE80BDE8F08782889142F9D2DC
:1053D0000068521A00EB8100920000211FF0B2FB1E
:1053E000AE80BDE8F0876700D3E704290F46B8BF59
:1053F0000427B8000BF0DAFC8246D6E7034B08EB33
:105400000407A3FB07377F08C3E700BFABAAAAAA1C
:10541000704700BF704700BF0B6823F0010370B5F1
:105420001B89042B0C46054602D16DB9204670BD80
:105430001048012240F285310AF016FF40F2853013
:10544000FCF75CF9002DF1D0E81C8000FEF7BAFFF4
:10545000064608B1084B0360A368B360AAB2B580E2
:105460009200002106F10C0034461FF06BFB204631
:1054700070BD00BF0C5904008058040038B50269A3
:105480000D4B9A42054609D00C4803224FF4627135
:105490000AF0EAFE4FF46270FCF730F92888FEF754
:1054A00091FF044600B105602A880021043A201DBE
:1054B0001FF048FB204638BD055302000C5904007C
:1054C000036823F001031B69184700BF036823F03A
:1054D00001031B69184700BF036823F0010301465D
:1054E0001A8801480AF0C0BE645804004FF6FE73E3
:1054F00099420AD883888B4270B5054616460C46F9
:1055000004D92B6843F8246070BD70470131FFF760
:1055100025FF2B6843F8246070BD00BF83884BB122
:10552000013B9BB202688380002152F8230042F8BD
:105530002310704718467047C38870B54BB33F2B94
:105540000FDDB3F5007F2CDB03F580744FF6FE72A0
:10555000944223D8A4B28C4238BF0C46A34207D34E
:1055600070BD5C00A4B28C4238BF0C46A342F7D297
:105570000546A000FEF7C0FFEB880646E3B9E21A35
:10558000920006EB830000211FF0DCFA2E60EC8015
:1055900070BD042938BF04210C46E7E74FF6FF74BD
:1055A000E4E7084A03EB8304A2FB0424C4F34F049A
:1055B0008C4238BF0C46D9E79A0029681FF09EFA42
:1055C000EB88DCE7ABAAAAAA30B5C3888B4283B0CC
:1055D00005460C4609D9036843F82120AB889C4254
:1055E00024BF0134AC8003B030BD4FF6FE73994246
:1055F000F9D8013189B20192FFF79EFF2B68019A19
:1056000043F82420EAE700BF38B5C3888B4204463C
:105610008DB201D2AB4201D9A58038BD2946FFF732
:105620008BFFA58038BD00BF83884BB1013B9BB287
:1056300002688380002152F8230042F8231070474B
:1056400018467047F8B583888B421DD905684A1CF7
:105650008F009342044655F8216005EB070007D8F8
:10566000013B9BB20022A38045F823203046F8BDC1
:105670005A1A02F18042013A391D294492001FF062
:1056800048FAA3882568EBE70026EFE783888B427A
:105690001CD970B50E461546591CC28889B28A427B
:1056A00004460FD9701C216880009B1B061F9A00BE
:1056B000084431441FF02DFAA38822680133955124
:1056C000A38070BDFFF738FFA388EBE7FFF77CBF2F
:1056D00070B505460A48EB88AA8829680AF0C4FD17
:1056E000EB885BB1074E00242B68304653F824103A
:1056F0000AF0BAFDEB880134A342F5D870BD00BFB3
:10570000E05804000459040010B50146044602891B
:1057100003480AF0A9FD201DBDE81040FFF7D8BFDF
:1057200048580400024A02600022C0E90122704782
:1057300098590400024A026000224260704700BF8C
:1057400068590400034A02600022C0E90122C0E94E
:1057500003227047385904002DE9F0410689456855
:105760001EB32B68994224D02A46002003E052F849
:10577000044F8C4217D00130B042F8D1B1F8048008
:105780008F1D002404E00134A6420ED055F8043FDA
:105790009A889045F7D1991D424638461FF09FF9E7
:1057A0000028F0D12046BDE8F0814FF0FF30BDE881
:1057B000F0810020F7E700BF704700BF10B5044636
:1057C0000A46044821460AF04FFD2046BDE8104035
:1057D000FBF794BF0C590400014B1B681869704714
:1057E000A8380020014B1B6898697047A838002032
:1057F000014B1B68188C7047A8380020014B1B68B0
:10580000D86B7047A83800200268F8B544F210231E
:105810009A4200D0FEE741681B4B0A681B4F9A4230
:105820000446396013D0088C194E8000FEF776FECE
:105830003B6830601A8C002192001FF083F93D68AC
:10584000144B2A6831689A420E600AD0FEE712486B
:1058500010310AF009FD40F29F30BDE8F840FBF737
:105860004DBFA3682A699A42F0D1FBF7A3FF3A68BB
:105870000023146B05F140001A461946A047BDE805
:10588000F840FBF76BBF00BF718E3B92A838002039
:10589000A4380020708E3B92B05804000148FFF7F6
:1058A000B3BF00BF404E040048B110F0030207D15F
:1058B000036823F00103D978F92903D01046704713
:1058C000002070471889A0F10600B0FA80F0400966
:1058D000704700BF70B505460C20FEF773FD044607
:1058E00020B1154B03600023C0E901333DB1AB0784
:1058F00005D12B6823F00103DA78F92A01D020467C
:1059000070BD0E4A9342FAD12E89002EF7D0204660
:10591000FEF75CFE63899E4203D93146201DFFF7E6
:105920000BFEB2006968268160681FF0E7F8204628
:10593000FEF75AFE204670BD9859040038590400FD
:1059400038B50D46044608B1830714D040F29B30A9
:10595000FBF7D4FE29462046FFF7FEFE051E08DBB6
:105960002946201DFFF76EFE294604F10C00FFF7C3
:1059700069FE422038BD036823F00103DA78F92A72
:10598000E4D1024A9342E5D0E0E700BF3859040071
:1059900010B5104882B00CF045FE90B102460023CD
:1059A00001A80C490CF0E0FD0198B0F90210043098
:1059B000FCF740FC044601A810F0AAFC204602B007
:1059C00010BD01460448FCF735FC0446204602B0F1
:1059D00010BD00BFAC2B0020F068040030B50346BA
:1059E00083B00E4CB0F904200D4601A8991D10F0AB
:1059F00007FD01A9002220460CF0A0FB01A810F031
:105A000087FC2A46102301210C20FCF7F9FA2046D6
:105A100000210CF019FD03B030BD00BFAC2B0020FD
:105A200098B100B5014683B0B1F9042001A8063150
:105A300010F0E6FC01A9022204480CF0EFFA01A8DC
:105A400010F066FC03B05DF804FB7047AC2B00203F
:105A5000014628B142680348022308310CF0B4BA69
:105A6000704700BFAC2B0020F8B5051E21DD0227D2
:105A700029460020FCF7E0FB044600F10806FEF78B
:105A8000A5FD3B46314662680D480CF0F9FC8542A5
:105A900009D001463046FCF7CFFB05462046FEF70D
:105AA000A3FD2846F8BD20462546FEF79DFD284665
:105AB000F8BD03480CF0B6FD00270546D8E700BF47
:105AC000AC2B002070B50D4614460646FFF78CF946
:105AD00078B12846FFF788F958B13046FFF784F9C6
:105AE00006462846FFF780F93146024604480CF086
:105AF000ADFA21460248BDE870400CF099BA00BFEB
:105B0000AC2B0020014601480CF092BAAC2B0020CF
:105B100010B5074A02F154042046A2F118010CF016
:105B200095FA20464FF4E131BDE810400CF080BA00
:105B3000582B0020014601480CF040BDAC2B002042
:105B4000014601480CF054BDAC2B002010B582B0CA
:105B5000B0F90420811D684610F052FC6A46022309
:105B600001A809490CF000FB0198B0F902100430BB
:105B7000FCF760FB044601A810F0CAFB684610F071
:105B8000C7FB204602B010BDAC2B002000B5831D22
:105B900083B0B0F9042069B9194601A810F030FCAF
:105BA00001A90B4803F016FB01A810F0B1FB03B0EC
:105BB0005DF804FB194601A810F022FC01A9044875
:105BC00003F070FB01A810F0A3FB03B05DF804FB29
:105BD000CC360020014803F09DB800BFCC36002031
:105BE000792810B50C4609D10748A4F10101B1FA92
:105BF00081F14909BDE8104012F064B9FFF7F4F8EB
:105C00000028F2D110BD00BF382A002070B50E4622
:105C1000FCF7DEFE044630460D46FCF7D9FE024690
:105C20000B46204629461BF0F7FBBDE87040FCF709
:105C300031BC00BF08B5FCF7CBFE1BF08FF9BDE807
:105C40000840FCF727BC00BF08B5FCF7C1FE1BF0FD
:105C500041F9BDE80840FCF71DBC00BF08B5FCF7E2
:105C6000B7FE1BF0EBF8BDE80840FCF713BC00BF23
:105C700008B5FCF7ADFEF7F7BBF8BDE80840FCF748
:105C800009BC00BF08B5FCF7A3FE1BF073FBBDE821
:105C90000840FCF7FFBB00BF08B5FCF799FE1BF0FE
:105CA000C1FABDE80840FCF7F5BB00BF08B5FCF73A
:105CB0008FFE1BF0E3FDBDE80840FCF7EBBB00BF27
:105CC00008B5FBF731FDFFF7E9FD002008BD00BF77
:105CD00070B505460C4600F0C5F8022D22460CBFF3
:105CE00002210121102340F6B930BDE87040FCF7D5
:105CF00087B900BF08B500F0B5F860B10FF0A8FC97
:105D000007EE900AFDEEE77A17EE900A772803DC9B
:105D1000332803DC002008BDFF2008BD9FED0D7A6D
:105D2000DFED0D6AF8EEE77A77EEC77AFDEEE77AF7
:105D300017EE903AC3EB032307EE903AB8EEE77AFA
:105D4000C7EE267AFDEEE77A17EE900AFF28A8BF85
:105D5000FF2008BD000050420000884238B50546CB
:105D60000C4600F07FF8E8B184F3080307EE903AA0
:105D70009FED0F7A9FED0F6ADFED0F6AF8EEE77A7D
:105D8000022D67EE877A87EE867A77EE267AFDEE29
:105D9000E77AF8EEE77A17EE901A04D0BDE83840BB
:105DA0000FF058BC38BDBDE838400FF07BBC00BFD9
:105DB0000000884200007F43000050422DE9F0417E
:105DC000214D2C6884B01CB1204604B0BDE8F081A0
:105DD00030201EF05CFE1D490446A1F5946010F0D1
:105DE0007DFF2646206054201EF051FE56F8041B0D
:105DF00000270A23CDE900734FF07E5218310123AA
:105E000080460FF0C7FC124A019240F6B93C114A95
:105E1000114BCDF808C008F12401009230460F4A1A
:105E20000FF0E4FB01210E4811F084FD01210C4824
:105E300012F030FA3A462068072110F0ADFC2046F7
:105E40002C6004B0BDE8F081AC380020802A00202E
:105E500000005042000010410000704200009642D5
:105E6000682A002008B5FFF7A9FF00B1043008BD7B
:105E7000704700BF704700BF024B1B6803EB400038
:105E8000704700BFA8380020704700BF704700BFB0
:105E9000704700BF0048704716FCFFFF704700BF07
:105EA000704700BF2DE9F8431F4B036000270546EC
:105EB00047600446894690460AF02EF81B4B45F889
:105EC000083B40F2FF3203231949284601F034FE13
:105ED00004F50466012384F8343884F835384AF62A
:105EE000444240F6C231C4F83898C4F83C88304681
:105EF00002F092FC3146C4F89878C4F89C7804F516
:105F00000A6002F0D3FE2722294604F6A40003F01B
:105F10000FFC084B1A6802B91C603046012102F0E0
:105F2000BBFE2046BDE8F8834C700400D059040045
:105F300000442C47B0380020FF2906D808B5890056
:105F4000083002F053F8002008BD6FF47A707047F3
:105F500008B5083002F060F80028B8BF03308010A0
:105F600008BD00BFD0F89C3880F834185BB1D0F879
:105F70003C2819B91146184611F0C4BC1146184600
:105F8000012211F095BC7047D0F89C3880F8351884
:105F90005BB1D0F8382819B91146184611F0B2BCD7
:105FA00011461846002211F083BC704770B50446B4
:105FB00082B030201EF06BFD04F1080513232A4641
:105FC000064600931A491B4B11F096FA0021C4F8BB
:105FD0009C68304611F072FB1649284602F036F8EC
:105FE000D4F89C0811F040FA81B2284602F024F857
:105FF0004FF40041284602F03BF894F8341820464C
:10600000FFF7B0FF94F835182046FFF7BDFFD4F82E
:1060100098380BB102B070BD284640F2FF33002221
:1060200004F5046101F0A2FFC4F8980802B070BD45
:106030000010024000442C47044B186810B1D0F8FF
:106040009C3803B17047FFF7B1BF00BFB0380020E4
:1060500010B5044649B3D0F89C3823B3C388194A15
:1060600043F001030221C380C2F88410BFF34F8FB5
:10607000BFF36F8FD0F89C0811F014FCD4F83C18D3
:10608000D4F89C0811F03EFCD4F83818D4F89C08D9
:1060900011F038FCD4F89C0810B103689B6998474C
:1060A0000023C4F89C38002010BDC388DA07FAD555
:1060B000D0F89C2823F00103C380002AF3D1FFF716
:1060C00075FFF0E700E100E070B50446D0F89C08E9
:1060D00094F83558002384F835380E4618B1D4F8B2
:1060E000381811F00FFCC4F8386829462046BDE87E
:1060F0007040FFF749BF00BF70B50446D0F89C0858
:106100001B4B236048B1D4F83C1811F0FBFBD4F8CA
:106110003818D4F89C0811F0F5FB164BC4F8A438D5
:106120007033C4F8B83804F5126010F073F8124EEA
:10613000002504F6C80002F03DFB04F6B800C4F8E0
:10614000B868A4F8BE5809F057FF04F50A6002F0D9
:10615000AFFD04F5046002F02DFB04F1080001F02E
:1061600025FD20462660E58009F046FF204670BDEB
:10617000D0590400586604004C70040010B5044661
:10618000FFF7BAFF20461EF07BFC204610BD00BF83
:1061900000487047085A0400BFF34F8F0549064B6B
:1061A000CA6802F4E0621343CB60BFF34F8F00BFB5
:1061B000FDE700BF00ED00E00400FA0512DF7047C4
:1061C000704700BF08B508460AF048FF002008BD28
:1061D00013F094B908460AF03DBF00BF13F09CB914
:1061E000024A034901601060704700BFC0380020B8
:1061F000305A040030B583B002AB002103F8011D12
:1062000005461846FFF7DAFF9DF80730012B1BD033
:10621000134A1448012313600424C2F80011D2F871
:106220000031002BFBD0D2F80835013C43EA0020B6
:10623000F3D1012353602B680B4A9B69934209D128
:106240000AF00CFF03B030BD2B68074A9B69054874
:106250009342F5D001462846984703B030BD00BFB1
:1062600000D00040ED5EBC0BC5610200034B1B6813
:106270000BB10AF0F5BE1846704700BFC0380020C9
:106280004FF08053586E704770B4174E174C0FCEB6
:1062900089B001AD0FC596E8070003C5002104F8D9
:1062A000051F4FF080532A705E6E0520012501EB1B
:1062B000810208AB1A44B6FBF0F300FB1363B3FB97
:1062C000F5F31A44013112F81C2C04F8012D0529AC
:1062D000A6EB030600EB800005EB8505E7D103483C
:1062E00009B070BC704700BFEC590400B4380020FE
:1062F00000B583B002A8002300F8013DFFF75EFF60
:106300009DF80700A0F10100B0FA80F0400903B049
:106310005DF804FB08B5FFF73FFF00BF024B1868AC
:1063200008B1FFF767BF7047C0380020014B186005
:10633000704700BFBC3800202DE9F04F89B0DFF86E
:106340007092079013F0D0F8914A9249924D002331
:10635000C1F8103509F10404C2F810354846C2F8F6
:1063600014351C21C2F81835C2F81C35C2F8203586
:10637000C2F82435C2F828354FF0A043032201F5B6
:10638000E071844243F8212009D010F8011F1F2931
:1063900086BF01F01F012B464FF0A043EFE77F4B74
:1063A0007D4D1C1D1A464FF0A0411523032003F517
:1063B000E073944241F8230009D012F8013F1F2BEB
:1063C00086BF03F01F0329464FF0A041EFE7734853
:1063D000714D15234FF0A041012404FA03F38242CA
:1063E000C1F80C3509D010F8013F1F2B86BF03F010
:1063F0001F0329464FF0A041EFE7694B694A1B682C
:1064000012680693DFF890A10592002303934FF0E2
:10641000010B059B002B00F0AF80039A934240F3E1
:10642000A98000230493604B01931B244FF0A048E4
:1064300000230293019B03F1040E029B272B6FDCC8
:10644000039B49F63F42052B49F6404C40F69F73AB
:10645000ACBF4FF47A6C1346019E504F49F6404250
:10646000654604200441E407CC464FF01C010FD5DB
:106470001F2943D84FF0A0440BFA01F1C4F80C15C2
:1064800080B134781CF8011F01380441E407EFD4CF
:106490001F2937D84FF0A0440BFA01F1C4F80815B2
:1064A0000028EED15DB139781F2986BF01F01F01A8
:1064B00050464FF0A0400BFA01F1C0F8081500213A
:1064C00002E00131914212D09942D8F80405F8D186
:1064D00038781F2886BF00F01F0054464FF0A044B4
:1064E00001310BFA00F09142C4F80C05ECD176456D
:1064F00007F101070AD016F8014FB2E701F01F01BA
:106500005446B9E701F01F015446C5E7029B013329
:10651000302B029309D0019B1C78029B272B8FDD27
:106520004FF0FF334FF0000C96E7049B591C0429F1
:106530002AD0012926D0049B012B14BF01230A2352
:106540001A48079A92FBF3F380FB0320DA17C2EB99
:10655000A00202EB8202A3EB4203303305225BB2BE
:106560006FF09F0012FB0303069A0491D11801916A
:10657000D45C5DE7FFF710FE0B4B0193059B049382
:106580001B2453E76423DBE7039B0133039340E7BA
:10659000046000400060004000030050185A0400EE
:1065A000F8200020BC380020105A04006766666698
:1065B000205A040008B50846FBF7A0F808BD00BF44
:1065C0004FF0FF30704700BF054B186828B10368D3
:1065D000044ADB69934202D1704712F08DBF18471D
:1065E000C0380020C16102000048704716FCFFFF60
:1065F00010B5074B03F1080248330446026040F827
:10660000383F0CF0C5FB204601F022FE204610BDAD
:10661000505A0400A0F13800FFF7EABF094B10B54B
:1066200003F1080248330446026040F8383F0CF09A
:10663000AFFB204601F00CFE20461EF021FA20465A
:1066400010BD00BF505A0400A0F13800FFF7E6BFAC
:106650002DE9F041044682B01820154688461EF008
:1066600016FA012607461B220C4912F0BFFE2B46E4
:10667000424639462046009601F028FF2A46214628
:1066800004F138000CF0B4FB054B204603F108027E
:1066900048332260A36302B0BDE8F08100B001403E
:1066A000505A04002DE9F0410446006803681B6B52
:1066B00098474FF40065B5FBF0F303FB00F0A842E8
:1066C00049D12A462646A26256F8580B036800258F
:1066D000DF6931460A23B847294684F87F5084F899
:1066E000745084F86950102204F175001DF0BEFA50
:1066F0002946A063102204F16A001DF0B7FA23684E
:1067000020641A68A76A126B184690472368D4F869
:106710003880A56A384420631A681846136B984776
:1067200005EB4000804503D3256CA36BAB4202D33D
:106730000020BDE8F08120680368DB6A9847854245
:10674000F6D2304611220B491EF0C9F9B0FA80F09A
:106750004009BDE8F081206803681B6B9847064636
:10676000206803681B6B9847B5FBF6F505FB000234
:10677000A8E700BFB45A040038B50446C0E90012C7
:106780001D46083104234FF48072083008F0C6F823
:1067900004F120000AF01CFA04F184000FF052FE0C
:1067A0000023C4E91133E562E3616363A3622363F9
:1067B000A363E364236484F8503084F85130636544
:1067C000C4F88030204638BD30B5C369DB078BB0D4
:1067D000044602D4FFF766FF90B1282200216846E4
:1067E0001EF0B0F92068A16A03686A461D6A0A2390
:1067F000A8472068216C03686A461D6A0123A847E0
:10680000E36923F00103E3610BB030BD38B500F15B
:106810002004054620460AF0DFF92846FFF7D4FF9A
:106820002046BDE838400AF00DBA00BF10B5044656
:1068300084300FF06DFD204610BD00BFC160002008
:10684000704700BF014B1880704700BFFC46002016
:1068500010B5044B036000230446C38009F0CCFB51
:10686000204610BD4C70040010B5064B0360002399
:106870000446C38009F0C0FB20461EF001F9204603
:1068800010BD00BF4C70040082B070B50C4684B0DF
:1068900005464968206802AC03C4039908AC481057
:1068A00084E80C00CB0745BF2A58029B029CD458B1
:1068B0000AAB2E1893E803008DE8030008AB0CCB5D
:1068C0003046A04704B0BDE8704002B0704700BF3A
:1068D00010B5806984B00268002300939469E021B8
:1068E0000DF10F02A04704B010BD00BF2DE9F84321
:1068F000124D056000250446456089461F469046B6
:10690000BDF8206009F008FB0D482060C4E9069836
:10691000276204F124000AF05BF9E388E56243F49E
:1069200080430020002143F00403C4E90C012587C3
:10693000A680E3802046BDE8F88300BF4C700400C9
:10694000985B0400C3885B0700D47047FFF7C0BFA3
:1069500030B5C3885B0783B004460D4601D5FFF709
:10696000B7FFA0692A6801685388002400948C69E5
:106970000432E021A04703B030BD00BF70B5064629
:10698000C869D0F80C33B0F812435B6884B000F5E6
:1069900043700D469847B0FA80F0C4F300244009D4
:1069A000A04215D003A8012208210FF019FCEB88A2
:1069B0005B071DD4A869039A0368002100911C6A33
:1069C00004320823E021A04740B103A80FF022FCC5
:1069D00030460FF0FFFB304604B070BD03A93046CF
:1069E0000FF010FC03A80FF015FC304604B070BD8A
:1069F0002846FFF76DFFDDE770B50C4682B005460F
:106A000068460FF0E7FBE38843F00103E3800526C7
:106A100001200AF01FFB214601A8FFF7AFFF01A9E3
:106A200068460FF0FFFB01A80FF0F4FB009B5A88AB
:106A3000BAB11A79202A31D15B79312B11D00221D8
:106A400068460FF059FCE38823F00103E3806946B0
:106A500028460FF0D7FB68460FF0DCFB284602B053
:106A600070BD013ED4D10122022101A80FF0B8FB74
:106A7000019B382220215A711971E38823F0010308
:106A8000E38001A928460FF0BDFB01A80FF0C2FB6F
:106A900068460FF0BFFB284602B070BD132ACED067
:106AA000597902480AF062FAC11CC9E7C85A0400C1
:106AB000F0B5164683B00D461F4604460FF08AFB1C
:106AC000314601A80FF09EFB01A92846FFF740FFC1
:106AD00000B92FB901A80FF09DFB204603B0F0BD0F
:106AE00001A80FF097FB294601A8FFF785FF01A930
:106AF00020460FF097FB01A80FF08CFB204603B057
:106B0000F0BD00BF70B582B01646044601220D46A6
:106B1000684602210FF064FB20460FF05BFB009BF0
:106B200010225E711A71694601A80FF06BFB01A972
:106B30002846FFF70DFF064601A80FF06BFB56B97C
:106B4000294601A8FFF758FF01A920460FF06AFB6C
:106B500001A80FF05FFB68460FF05CFB204602B017
:106B600070BD00BF30B5CB889B0783B00C4605468F
:106B700045D468460FF02EFB012201A82146FFF7FD
:106B8000C1FF01A968460FF04DFB01A80FF042FBC1
:106B9000009BB3F80730A381022201A82146FFF72A
:106BA000B1FF01A968460FF03DFB01A80FF032FBD1
:106BB000009BB3F807302381032201A82146FFF789
:106BC000A1FF01A968460FF02DFB01A80FF022FBE1
:106BD000009AA189B2F80720E388628149F604127D
:106BE000914243F0020016BF23F0040343F0060372
:106BF00043F00203E080E38068460FF00BFBA068DF
:106C0000A38928602846AB8003B030BD70B584B03E
:106C100006460C4601A8012204210FF0E1FA019A70
:106C20000823012584F001041221D47111715371DC
:106C3000957101A90DEB03000FF0E4FA2B463146E4
:106C400002AA03A8FFF734FF03A80FF0E3FA02A893
:106C50000FF0E0FA01A80FF0DDFA04B070BD00BF3C
:106C600070B5012184B00546FFF7D0FF0021012057
:106C700009F0D6F901A8012204210FF0B1FA019B15
:106C8000082201241226072001A91E715871DA7109
:106C90009C710DEB02000FF0B5FA234602AA2946BB
:106CA00003A8FFF705FF03A80FF0B4FA02A80FF03E
:106CB000B1FA0A200AF0CEF9E869032100F5437021
:106CC00011F006FB4FF0804301A8C3F800450FF018
:106CD000A1FA04B070BD00BF70B5C38813F0010401
:106CE00082B004D02D4B00221A6002B070BD054660
:106CF000C069D0F80C33B0F812635B6800F54370DC
:106D00009847B0FA80F0C6F300264009B042E9D0B7
:106D1000224A13681D2B03DC0133136002B070BDDF
:106D2000684614600FF056FA01A82946FFF726FEC0
:106D300001A968460FF076FA01A80FF06BFA009BE4
:106D40005A8842B11A79112A02D15A79092A06D0F1
:106D5000134809F089FA68460FF05CFAC5E79A799A
:106D6000012AF5D1DB79022B08D0032B0ED0012BA1
:106D700008D001210B4809F077FAECE70A4809F03E
:106D800073FAE8E7094809F06FFAE4E7084809F000
:106D90006BFA2846FFF764FFDDE700BFC438002028
:106DA000105B0400705B0400485B0400305B04006F
:106DB000585B0400C38819B923F00103C3807047EE
:106DC00043F00103C380704708B509F0EBFE0030C3
:106DD00018BF012008BD00BF2DE9184804460BF07C
:106DE000B9FED4E90C23821A61EB0303002B08BF20
:106DF000B2F5FA7F06D3E06A0028CCBF002001205C
:106E0000BDE818880020BDE8188800BF2DE9F043D0
:106E1000046A83B09DF828507CB30C46904699468E
:106E20000BF0A8FE44B9D5B90B9B1648002B18BF30
:106E3000002003B0BDE8F083894508BF80451ED31C
:106E4000B8EB000669EB01070F4C0E480025BD4268
:106E500008BFB44238BF002003B0BDE8F08302A9E8
:106E6000052041F8044D09F0DBF8019B0548002B93
:106E700018BF002003B0BDE8F0830448D9E70148FB
:106E8000D7E700BF09FCFFFF9F86010016FCFFFF4C
:106E90002DE9F04F8DB01F460546894616469DF8F0
:106EA00058A00BF067FE179BCDE90201CDE900A3C6
:106EB00032463B4649462846FFF7A8FF069018B1E0
:106EC00006980DB0BDE8F08F28460121FFF79EFE21
:106ED000BAF1000F0CBF01200220069909F0A0F8BA
:106EE0000AA80BF019FFCDE90401286A426903687A
:106EF000D2F848150791D2F804130891D2F8041378
:106F0000DB69C2F80813C2680992684A934240F0EC
:106F1000C480674BC360DFF8A4810023A8F8003069
:106F2000BAF1000F0FD1179B6BB11B6817985B6804
:106F30009847179B1798DB8813F4807F0CBF0321B9
:106F4000022111F0C5F9E869032100F5437011F041
:106F5000BFF9584B40221A60286A0A9A0368022136
:106F6000DB6B9847286A03689B6A9847B6F10D0067
:106F7000DDE9023447F1FF31DDE90467F61A67EB1A
:106F80000407C31A61EB04041846B21947EB070360
:106F90002146801A61EB03014B46A9461D460A9C17
:106FA000CDE9020100260027D3466DB3DDE90223B7
:106FB0009F4208BF964229D2921B63EB07033E48CB
:106FC0000021994208BF904200D20246D9F8200021
:106FD000036802212244DB6B984730BFD9F82000B8
:106FE00003689B6C9847041B3619824647F10007DB
:106FF0000BF0C0FDB8F800309BB2002133B1A8F807
:1070000000105446002DD1D12B4ADFE7D9F81C00DF
:10701000002100F543704D46DA4611F059F9BBF1F5
:10702000000F32D0286A03681B6B9847286A4369AF
:107030000268D3F80413D269C3F808131B498A42C3
:107040002ED1099AC260079AC3F84825002200236E
:10705000194610460BF070FE2B6A089A5B69BAF16C
:10706000000F0CBF03200420C3F80423002108F004
:10707000D7FF28460021FFF7C9FD0BF06BFDC5E9DE
:107080000C0106980DB0BDE8F08F179B002BC9D0FE
:107090001846594611F01CF9C4E7054998473AE7E4
:1070A000099990472B6A5B69CDE700BF3D680200F4
:1070B0004568020000E100E0BFBDF0FFFC46002093
:1070C00070B584B004AB0024002563E90245064690
:1070D00018460BF049FE002501240146DDE9022394
:1070E0003046CDE90045FFF7D3FE04B070BD00BFC8
:1070F0002DE9F041044682B00E4615461030984600
:10710000BDF828700EF058FD2680658018201DF00F
:10711000BEFC08AB054693E803006A4682E803001C
:107120002E4603CA46F80C8B0023084AEB6047F052
:107130000207736068602046A780A560E360C4E929
:107140000833A9606A6102B0BDE8F0818968020075
:1071500010B5104B1C6890B0CCB10F4A04920022BD
:10716000059204AA034692E8030010228DE803006A
:10717000029240F2FF31052206A8FFF7B9FF23680B
:1071800006A99B682046984706A809F099FE10B00A
:1071900010BD00BFEC3E0020DD71020038B5044692
:1071A000002009F007FD2046FFF7D2FF2046FFF739
:1071B00087FF054604F1240009F05AFD284638BD32
:1071C00010B50446243009F053FD002009F0F2FC0C
:1071D0002046BDE81040FFF7BBBF00BF82B08DE87E
:1071E0000C00BDF8002040F2FF339A4201D002B0FB
:1071F0007047BDF80230052BF9D102B0FFF7E0BFB0
:107200004CDF704710B5044B036000230446C38075
:1072100008F0F2FE204610BD4C70040010B5064B7D
:10722000036000230446C38008F0E6FE20461DF0FC
:1072300027FC204610BD00BF4C70040070B5094B00
:1072400003600025044645600E4608F065FE064AC8
:10725000A6804FF47A73A56065822260E3602046C1
:1072600070BD00BF4C700400BC5B040010B5C38847
:1072700043F48043C38086B004460BF06BFCA268E5
:107280000023994208BF904202D2002006B010BDF0
:10729000FFF72EF808BB134B01221A60D3F8002128
:1072A000002AFBD00022C3F80021D3F80825019260
:1072B00001215960002AB8BF0332921022820BF0DC
:1072C00049FCE368A18818440123A0601A4602A87B
:1072D0000EF052FC002006B010BD01A8FFF790FF91
:1072E000019AE7E700C0004010B50446FFF7BEFF73
:1072F000B4F91000B4F91230C01A10BDFFF7B6BFD0
:1073000038B504460D46FFF7B1FFE56038BD00BF54
:10731000C0687047002070470368DB6A184700BFE9
:10732000A0F10800FFF7F8BF094B10B503F1080200
:10733000483304460260836018300EF0E9FF054BC5
:10734000236000232046E38008F056FE204610BD4F
:107350008C5C04004C7004000B4B03F108024833B2
:1073600010B504460260836018300EF0D1FF074B61
:1073700023600023E380204608F03EFE20461DF0F7
:107380007FFB204610BD00BF8C5C04004C700400E5
:10739000002070472DE9F0410F4D05600025456044
:1073A00004461E4688461746BDF8185008F0B4FD3E
:1073B0000A48C4F80C8000F108014830A060C4E914
:1073C0000476216004F118000FF03CF84023A580FA
:1073D000A3622046BDE8F0814C7004008C5C040080
:1073E0002DE9F04F032B87B082460D46164619460D
:1073F00005A8B8BF032101224FF0000903934F46AF
:107400000EF0EEFE4FF0140808E03C4808F02CFFA8
:10741000012009F09DFAB8F101084BD001216869FB
:10742000FFF7C8FCE868326801685388CDF800901F
:107430008C690432E421A04704460028E5D1C82025
:1074400009F00AFE2869D0F80C33B0F812B35B6873
:1074500000F543709847B0FA80F0CBF3002B400959
:1074600058454FF0E4011CD0E868059A0468538839
:107470000097246A0432A047044630BB059932685D
:107480000B79127993424FF0010023D033B1202BB6
:10749000C1D14B799A4201D0002BBCD109F058FAE6
:1074A000D0E70134012009F053FA142CCAD1B8F105
:1074B0000108B3D1124808F0D7FE68694146FFF7CA
:1074C00079FC50460EF086FE10E001460D4808F0AB
:1074D000CBFEA0E721466869FFF76CFC039905A87D
:1074E0000EF00AFF05A950460EF08CFE05A80EF01E
:1074F00091FE504607B0BDE8F08F00BF305C04003D
:107500006C5C04004C5C04002DE9F0410D4684B035
:10751000064648691F469046FFF714FAEB88DB06DB
:1075200011D403AC414620460EF06CFE3B46224689
:1075300029463046FFF754FF20460EF06BFE3046DA
:1075400004B0BDE8F0810122114601A80EF048FE0A
:10755000019B03241C7101A902A80EF053FE2146D1
:10756000094809F003FD03AC034602AA2946204658
:10757000FFF736FF20460EF04DFE02A80EF04AFE41
:1075800001A80EF047FECDE7D85B0400F0B585B04A
:10759000044616460F460122082101A81D460EF09A
:1075A0001FFE20460EF016FE46F02060019E07F0FA
:1075B00023FFAD007060284607F01EFF01A9B060F0
:1075C00002A80EF01FFE05F1080302AA394603A81F
:1075D000FFF79AFF03A920460EF024FE03A80EF041
:1075E00019FE02A80EF016FE23685B88082B0FD840
:1075F00003A80EF0EFFD03A920460EF013FE03A82A
:107600000EF008FE01A80EF005FE204605B0F0BD04
:10761000002220464FF0FF3308210EF02DFE236894
:107620005988204608390EF067FE01A80EF0F2FDD9
:10763000204605B0F0BD00BF30B583B00C46014612
:1076400001A81D46FFF7A2FF01994B885BB12046B8
:10765000AA0004311DF052FA002401A80EF0DAFD50
:10766000204603B030BD014CF7E700BF0CFCFFFF24
:10767000A0F10800FFF7E0BF2DE9F04F804685B08C
:1076800068464FEA83090D4693460EF0A3FDD8F8ED
:1076900028104945A8BF49460831012201A80EF02B
:1076A0009FFD09EB050A01A84FF0FF330022FF21DF
:1076B0000EF0C8FD55453DD2002601E0AA4539D956
:1076C000D8F82830019FA9EB06049C4245F03060B1
:1076D000A8BF1C4607F090FE7860204607F08CFE9D
:1076E00026F003012246B860594407F10C001DF052
:1076F00005FA04F1080101A80EF0FEFD01A902A897
:107700000EF080FD092302AA414603A8FFF7FCFE04
:1077100003A968460EF086FD03A80EF07BFD02A8C3
:107720000EF078FD009B5B8825442644002BC5D1D4
:10773000064C00E0002401A80EF06CFD68460EF037
:1077400069FD204605B0BDE8F08F00BF0EFCFFFFCD
:10775000A0F10800FFF790BF70B5154682B0012276
:1077600004460E46684611460EF03AFD009B6946F7
:107770001D7101A80EF046FD2946094809F0F6FBE7
:1077800001AA034631462046FFF7BEFE01A80EF0CF
:1077900041FD68460EF03EFD204602B070BD00BFC0
:1077A000D85B040030B5C3889B0785B0044609D573
:1077B000636A00209AB262F30F001B0C63F31F4050
:1077C00005B030BD01A80EF005FD072202A8214634
:1077D000FFF7C2FF02A901A80EF024FD02A80EF0D7
:1077E00019FD019A55886DBB0622214602A8FFF7B4
:1077F000B3FF02A901A80EF015FD02A80EF00AFDC4
:10780000019A5388D3B91D4602A86169FFF7AAF906
:10781000BDF80A30FF2BE38807BF402243F018036E
:107820004FF4806223F01803E380A26215B143F0A5
:107830000203E38001A80EF0EDFCB9E7537984F868
:107840002630E1E7B2F8050007F0E8FD0125A08445
:10785000CAE700BF2DE9F04788B006460D46174637
:107860000821012201A80EF0BBFC02A80EF0B2FC18
:1078700003A80EF0AFFC04A80EF0ACFC3046FFF7F6
:1078800091FFB48C96F826300590B90001EB0509FC
:1078900004FB03F3994500F2DA80B9FBF4F7B5FB7A
:1078A000F4F304FB07F7B9EB070204FB03FA08BF84
:1078B0003F1B554500F0C580A21A04FB1353B2FBD1
:1078C000F4F104FB1124002B40F09380002C40F0D5
:1078D0008180F3881B0741D5BA4561D8544607AD6E
:1078E00003E0B38C1C44BC425AD844F04060DDF83D
:1078F000048007F081FDC8F80400204607F07CFDF5
:1079000001A9C8F8080006A80EF07CFC012306AA0D
:1079100031462846FFF7F8FD294602A80EF082FC02
:1079200028460EF077FC06A80EF074FC029B5B88DC
:10793000002BD6D14748484C08F096FC04A80EF01E
:1079400069FC03A80EF066FC02A80EF063FC01A817
:107950000EF060FC204608B0BDE8F0874AF04060B9
:10796000019C07F049FD6060384607F045FD01A91C
:10797000A06006A80EF046FC012306AA07A831461F
:10798000FFF7C2FD07A902A80EF04CFC07A80EF0F5
:1079900041FC06A80EF03EFC029B5B88002BC9D080
:1079A000039B5B88002B36D1049B5C88002CC5D0E0
:1079B00004A907A80EF026FC079A316853880C6AC0
:1079C0009B08494604323046A04707A80EF022FC27
:1079D0000024B3E707ADA30828464A463146FFF71F
:1079E000D5FD294604A80EF01DFC28460EF012FC19
:1079F0006FE707AD9B08284652463146FFF7C6FDA4
:107A0000294603A80EF00EFC28460EF003FC002CBD
:107A10003FF45FAFDEE703A907A80EF0F3FB079A78
:107A2000316853880C6A9B08514604323046A0479F
:107A300007A80EF0EFFB049B5C88002C3FF47EAFA0
:107A4000B6E7601B384488427FF436AF41E76FF4F5
:107A50007A7473E7205C04000EFCFFFF30B5044627
:107A600083B00D46FFF79EFEA28C29469208204661
:107A700003B0BDE83040FFF7EDBE00BFA0F1080045
:107A8000FFF7ECBF10B5044682B0FFF78BFEA38C66
:107A900094F8260000FB03F002B010BDA0F108002E
:107AA000FFF7F0BF10B5044682B0FFF77BFEA08C55
:107AB00002B010BDA0F10800FFF7F4BF024600209D
:107AC000D3680133D36070470B6881601B68084638
:107AD000184700BFD0F81408704700BFCB1E012B19
:107AE00005D94B1E012B02D96FF47A7070474B1CDD
:107AF00003EBD3735B10C0F81418C0F818380020DB
:107B0000704700BF10B5044B044640F8083B0EF028
:107B100081FB204610BD00BFF85C040010B5054B8A
:107B2000044640F8083B0EF075FB20461CF0A8FF09
:107B3000204610BDF85C0400F0B41B4C0460022623
:107B4000032400F61C05C0F81448C0F81868002487
:107B50004FF07E56C0E901442E600125C0F8204850
:107B600000F62406DC1E0027AC42376080F8285857
:107B700010D95C1EAC420DD992B207EE902A00F5E6
:107B80000162F8EE677A00F60C031160F0BCC3EDF9
:107B9000007A70475C1C04EBD4746410C0F814388D
:107BA000C0F81848E8E700BF0C5D0400F8B5104BBA
:107BB000104E114F036005466C68A4B16068E26B1B
:107BC00003686A609B68984723689B68B3422046B5
:107BD0000BD140F8087B0EF01DFB20461CF050FF37
:107BE0006C68002CEAD12846F8BD9847E4E700BF4E
:107BF0000C5D04001D7B0200F85C040038B54B6886
:107C00004FF07E520A631A6805460C461846D26841
:107C100005F50165904795ED006A9FED117AD4ED69
:107C2000067AD4ED075A6063C7EE276A431C03EB5C
:107C3000D37320F002005B100128A36385EE867ADF
:107C4000C4ED096A84ED0A7A02D00023236238BDAC
:107C5000BEEE007A67EE877AC4ED087A38BD00BFC1
:107C600000C07F442DE9F04F2DED048B4C688BB0A4
:107C700002910590002C00F05981029B4FF4007294
:107C8000D3F8183892FBF3F2029B002A03F10C039D
:107C9000049306DD002103EB820243F8041B9A42A1
:107CA000FBD1DFF8C4829FEDAC8A0127656BE36BE3
:107CB00003933DB921460298FFF7A0FF656B002DA5
:107CC00000F08480029A049ED2F818384FF4007AAB
:107CD0009AFBF3FA0AF1030A02EB8A0AB24575D954
:107CE000A368A26B5B8893FBF2F307EE903A94EDE6
:107CF0000B7AD4ED0A6AF8EEE77AAAEB060977EE7A
:107D0000C77A4FEAA909C7EEA68AFDEEE88A18EEFF
:107D1000903A4B45A8BF4B46BBB3013B206901934A
:107D20001F46B34658F82530984707EE900A94ED61
:107D3000087AD4ED096ADBED005A94ED0C5A2369F8
:107D4000B8EEE76AD4ED0E7A36EE077AF8EEE77A07
:107D500027EE267A013FE5EE075A7A1CEBEC015A32
:107D6000D4ED0B6A94ED0A7A36EE877A67EE877A5D
:107D700084ED0B7AFDEEE77A17EE900A1844D1D124
:107D8000019B06EB83060436002718EE903A9945CE
:107D90001ADBE368D3B161680A68013BE36006A8B7
:107DA0001368984706A904F108000EF03BFA06A8EC
:107DB0000EF030FAA26884ED0B8A131D23615188FE
:107DC0000B44636153880BB1B24589D8039C002CE6
:107DD0007FF46CAF029B184693F82818002F7CD1D3
:107DE00049B1029B022283F82878012340F6D6315C
:107DF00006A80DF0C1FE01224FF4007106A80EF096
:107E0000EFF90299069C9FED557A01F60C0201F6F6
:107E10001C0392ED008AD3ED007AD1F81438628801
:107E2000D1F8181892FBF1F268EE277A032B04F1CF
:107E30000404C7EE879A70D0012BF6EE008A28EE74
:107E4000289A00F0838068EE688AB0EE498A9FED38
:107E5000449A551E7AB3B8EEC99A424E049FDDF893
:107E6000088001E0D8F81438F7EC017AD8F8202817
:107E700056F82330B0EE497AA7EEA97A2046013DA4
:107E8000B4EE687AF1EE10FAF0EE477A48BFF0EE01
:107E9000687AF4EE487AF1EE10FAC8BFF0EE487A4C
:107EA000FDEEE77A17EE901A11439847D8F8183884
:107EB0001C446B1CD6D1029B986803681B689847CA
:107EC00006A905980EF09EF906A80EF0A3F90598EC
:107ED0000BB0BDEC048BBDE8F08F03F62403D3EDAB
:107EE000007AF5EE407AF1EE10FA0ED04FF40072FF
:107EF000D0F8183892FBF3F2002A06DD049B03EB5E
:107F00008202E3EC017A9A42FBD100297FF473AF3D
:107F1000029B012283F8282867E7B6EE009A28EE34
:107F2000099ADFED0D8ABDEEC99A92E78868036869
:107F30001B68984701224FF4007105980EF050F924
:107F400005980BB0BDEC048BBDE8F08FBDEEC99A6F
:107F5000DFED018A7DE700BF0000000000C07F4424
:107F600000000000D4200020B020002070B505469D
:107F70002DED028B402008EE902A0E4608EE103AB6
:107F80001CF085FD4022044600211CF0DBFD20464C
:107F9000154B40F8083B0EF01DF9F5EE408AF1EE66
:107FA00010FA04BF05F50163D3ED008A6660B8EEF0
:107FB000C88A002300222146284684ED068AC4EDA3
:107FC000078AE262C4E903336361FFF717FE33688F
:107FD0006A685B68E26330466C6021469847BDEC96
:107FE000028B204670BD00BFF85C0400B1F5806FC5
:107FF0000DD207EE901ADFED076AF8EEE77A00F689
:108000001C0387EEA67A002083ED007A70476FF498
:108010007A70704700C07F4400F61C00D0ED007AF3
:108020009FED047A67EE877AFDEEE77A17EE900A05
:10803000704700BF00C07F4407EE901AF8EE677AE1
:1080400000F60C00C0ED007A00207047436800F590
:10805000016006EE901A016043B193ED077AC7EE16
:10806000267AC3ED0A7ADB6B002BF6D1002070472D
:10807000C0F820180020704707EE901AF5EEC07A7D
:10808000F1EE10FA10D49FED0A7AF4EEC77AF1EE11
:1080900010FA09DC9FED077A77EEC77A00F6240024
:1080A000C0ED007A002070476FF47A70704700BF0F
:1080B000000080440000004429DF704728DF70473B
:1080C00012DF7047022802D1014B01221A7070475B
:1080D0000C47002000207047C0687047D0E902308C
:1080E00000FB03F0704700BF10B544680846111943
:1080F0009A001CF003FD002010BD00BF2DE9F041E7
:1081000082B002AD4FF0000805F8018D44682846A2
:108110001E460C441546FFF7D3FF9DF80730A3B168
:108120001C4F87F8008002E00A200AF0EFFD32467B
:1081300029462046FFF7C0FF0028F5D13B78002BE9
:10814000FCD0002002B0BDE8F081134A0123C2F840
:108150000435D2F80034002BFBD076B129460E4A04
:1081600005EB8605641A631851F8040B1860D2F801
:108170000034002BFBD0A942F5D1074A0023C2F8F6
:108180000435D2F80034002BFBD0002002B0BDE84B
:10819000F08100BF0C47002000E001400268054963
:1081A000D2688A4204D1D0E9022000FB02F0704775
:1081B000104700BFDD80020070B582B002AB002224
:1081C00003F8012D4468054618460C44FFF778FF74
:1081D0009DF8073093B1164E327002E00A200AF083
:1081E00095FDE868B4FBF0F0FFF768FF0028F5D1D3
:1081F0003378002BFCD0002002B070BD0D4A022362
:10820000C2F80435D2F80034002BFBD00949C2F87B
:108210000845D1F80034002BFBD00023054AC1F8F3
:108220000435D2F80034002BFBD0002002B070BD22
:108230000C47002000E0014030B4034D0560C0E968
:108240000112C36030BC7047285D0400704700BF56
:1082500010B5C388044A026023F400530446C38067
:1082600009F048FB204610BD4C5D040010B5C388E2
:10827000064A026023F400530446C38009F03AFB27
:1082800020461CF0FDFB204610BD00BF4C5D0400E5
:10829000F8B5C37D03B9F8BD0446C0690368DB6A5D
:1082A0009847E06903681B6B9847A369DA68002A5E
:1082B0001FDD6FF02B051A4F2D1B04F12C02002639
:1082C00012F9013B03F5A273A81847F82360A369CC
:1082D000D9688142F4DC00290BDD00255B6953F885
:1082E000250003685B689847A369DA680135AA42EC
:1082F000F4DC9A68002A0BDD00251B6953F8250081
:1083000003685B689847A3699A680135AA42F4DC60
:10831000E388002223F00203E380E275F8BD00BF8A
:108320000060004008B5034649B9094A12780AB905
:10833000002008BD1B68DB6A9847002008BD026862
:108340000349C37D0B70136B9847002008BD00BF25
:108350000D4700202DE9F84FC37DD0F818B0044632
:108360000F4613B1C388DB0748D5DBF80C30002B70
:1083700040DD0123DFF8D890DFF8D880314EDFF8F8
:10838000D8E09C4604F12C0504F1310100209A1C30
:108390002B700A70DBF814201258127C03F5A27AB5
:1083A00049EA022248F82A20E26911F901AB526930
:1083B00000F5A27B0AF1A20A5A4446F83A2011F9C4
:1083C000012C15F901ABA23206EBC2020EEB8A0AB0
:1083D000C2F804A011F9012C0CFA02F2C6F8042527
:1083E000D4F818B0DBF80C209A4200F1040003F135
:1083F0000103CCDCE38823F00103E3809BF8083021
:10840000217B114DE069BA1E012A9CBF0133DBB20A
:108410006375C3EB03139B000C4A92FBF3F202FB60
:1084200001F1A5FB0131C90BC4E908210368002152
:10843000DB6B9847E3695B690122DA60A775BDE8E9
:10844000F88F00BF00F00140818080800024F4009C
:1084500003000100006000403060004038B5054670
:10846000817DFFF777FFAB699A68002A0CDD002455
:108470001B6953F82400036800219B689847AB6987
:108480009A680134A242F3DCDA68002A0CDD002489
:108490005B6953F82400036800219B689847AB6927
:1084A000DA680134A242F3DCE86903685B6A984742
:1084B000E86903689B6A98470123EB7538BD00BFE4
:1084C000C37D03B17047FFF7C9BF00BFF8B51546BC
:1084D00004460E46526829689DF8187009F036FA6D
:1084E0000021124BA561E661A7752360E175217536
:1084F000A162EB680E4A052B146001DD2046F8BD31
:10850000336830469B6B9847E06903684FF47A51B3
:10851000DB6C9847E369074ADA60E37D002BEDD115
:108520002046FFF79BFF2046F8BD00BF4C5D0400CE
:10853000C83800202D870200807D70472DE9F04764
:108540008269037D916805698B42044677DA126976
:1085500052F82300036800211B689847E3695B69B0
:1085600001225A60237D607DA269013393FBF0F103
:1085700000FB1133D8B2207591688B4274DAD6684B
:108580009169002E01EB430149DD00231AE0FF2031
:10859000626A02FB00F246F82C2052B39EF92B20AF
:1085A000920002F1804202F5C042D2F8100520F498
:1085B0008010C2F81005A269D2E90260984201EB6E
:1085C00046012BDDB4F808C04A780878A77DE66933
:1085D0000CFB02520244013317F0FD0F76699079CB
:1085E00004EB030E03F5A87CD2D10028CFD146F8C6
:1085F0002C00E21892F92B20920002F1804202F541
:10860000C042D2F8100540F48010C2F81005A269EB
:10861000D2E90260984201EB4601D3DC207D136968
:1086200053F82000036801211B689847E3695A69E1
:108630000123D360E26952691360BDE8F087D0E995
:1086400007315B69C288D3F84435890042F00302E0
:10865000C3EB0323B3FBF1F3C3F1FF038362C280D7
:10866000817DFFF777FE79E7D4E90702036892007E
:10867000DB6B00219847A369DA68002A26DD4FF0FA
:1086800000086FF02B05274F46462D1B04F12C09DF
:1086900019F9013B03F5A27305EB090A47F82360BA
:1086A000D4E907230AF5A87152699B0042F82130EA
:1086B000A3695B6953F80800036801211B689847A8
:1086C000A369DA68524508F10408E1DC1B691868FF
:1086D000036800211B689847A36994F92C101B6953
:1086E00010481B68104A1B7C01F5A2711B0243F065
:1086F000011340F8213094F92C3094F931109B008B
:10870000A23103F1804303F5C24342F8313094F9BA
:108710003110E369A2315B6902EBC102443353605B
:1087200084E700BF0060004000F00140024B186881
:1087300008B1FFF703BF7047C838002010300DF0B4
:10874000B3BA00BF10B5837D04469BB1012B04D0A2
:10875000E3889B0709D5A06A10BD03212046FFF7D7
:10876000F9FDE38823F00203E380192008F0F0F814
:10877000A06A10BD0221FFF7EDFDE288A37D22F083
:108780000202E280E2E700BF10B5044609F096F865
:1087900040B9217B236A044A03FB01F3A2FB0323B4
:1087A000DB0B636210BD00BF81808080C1607047B9
:1087B000032070470D4B03F108022C3310B504461B
:1087C000C0E9002320300DF025FD04F11C000DF060
:1087D00021FD04F118000DF01DFD054B6360002321
:1087E000201D638107F008FC204610BD845D040055
:1087F0004C700400A0F10400FFF7DCBF10B5044684
:10880000FFF7D8FF20461CF03BF9204610BD00BF03
:10881000A0F10400FFF7F2BF70B51B4B04461B48E4
:1088200021810025C4E900036581201D164607F05B
:1088300073FB174B03F108022C33C4E9002304F146
:10884000100008F0C5F901224FF4007104F118007E
:108850000DF0C6FC04F11C000DF0BCFC294604F12F
:10886000200001220DF0BCFC00220A4BE5604FF411
:1088700000716562C4E91055A66225866163A26431
:10888000E362204670BD00BF4C700400FC7604001B
:10889000845D040000C07F44436A1BB1438943F0F8
:1088A00004034381704700BF43895B0770B50446EA
:1088B000456A5FD4E1692B46081D002B66D0503312
:1088C00063624A88024493421ED3D1ED037A606208
:1088D000F5EEC07AF1EE10FA0FDB0026666204F1C5
:1088E000200104F11C000DF09DFC0023A81B666410
:1088F00018BF01202664A36470BD04F1100008F0C5
:10890000CDF90028E9DC636A93ED027ADFED217A84
:1089100019685A68E263B5EEC07AF1EE10FA48BF02
:10892000B1EE477AC7EE276A0020A163606403F1C5
:108930003C0504F14C01D4ED0A7AF8EEE77A67EED3
:10894000A67AFDEEE77AF8EEE76AC4ED107ADA6906
:108950009861012AB8BF012207EE902AB8EEE77AA3
:10896000DA61C6EE877A14339D42E1EC017AEED1EA
:10897000002070BD0023436200F120011C300DF087
:1089800051FCE169636A081D002B98D160620346BF
:1089900097E700BF00007A4438B50D460446FDF75E
:1089A0004BFB2B685B884F2B1AD904F1100008F0A1
:1089B00013F9294604F11C000DF034FC2046FFF7A2
:1089C00073FF638913F0010501D0002038BDE06812
:1089D000026843F00103638113689847284638BD55
:1089E0006FF47A7038BD00BF2DE9F04F2DED068B86
:1089F0000C46D1E9101C8BB004F118039FEDA38A3B
:108A0000DFEDA3AA9FEDA3AA009002930027C8461A
:108A100062468A4232D0638913F004032ED1059353
:108A20008A423EDB63899B073BD5059B002BF0D038
:108A3000C146002F00F01F81D4ED0B7A228EB6EED6
:108A4000007A67EE877A4745FCEEE77A17EE903AB0
:108A500043EA02039BB203D227F8023BB945FBD895
:108A6000E06803681B689847029900980DF0CAFBFC
:108A700000980BB0BDEC068BBDE8F08F2046FFF7E9
:108A800013FF216C6389002940F08780002840F0A3
:108A900087805A0700F18480626C01238A42059323
:108AA000C0DA002F00F0D1808A42BEDA04F14C0314
:108AB000019304F1580BD4ED0E6A94ED0A7AD4EDCB
:108AC0000B8AD4ED0F7A636A019D66EE886AB8EE70
:108AD000C77A68EEA78A86EE879A0DF1180C68EEC1
:108AE000AA8AF0EE4A9AE8EECA9A9E69D869F5EC2D
:108AF000017A07EE106AB8EEC77A013867EE277A76
:108B00008642FDEEE77A03F11403ECEC017A08BF2C
:108B10004CF8041CAB45E8D1DDE90665089BB5427D
:108B2000A8BF35469D42A8BF1D4613469D4249DD5C
:108B3000474595D0D4ED127A636AFDEEE77AD3E922
:108B4000032017EE901A904707EE900AB8EE677A66
:108B5000F0EE696AE8EE876A626C218ED4ED127AD3
:108B6000BCEEE67A79EE277A17EE100AF4EEC87AB0
:108B7000531C0843F1EE10FA27F8020B1A46C4ED15
:108B8000127A6364D2DD77EEC87AF4EEC87AF1EE39
:108B900010FAF8DCC4ED127AC8E713F0040251D0E1
:108BA00023F0040201232189628106A81A460CF0F1
:108BB000E3FF04F1100008F045F801230593D4E920
:108BC00010122DE7B3424FF00005039708D06E1C3A
:108BD000032E354630D006A951F82660B342F6D1AF
:108BE000A90001EB050AD4F824C004914FEA8A0ACF
:108BF0000CEB0A09D9E906E76E1C06EB8601BE45B7
:108C00000CEB81012046E3DAD9F81490B9F1000F9A
:108C10002FD0C847D4F824C0626CE2441346DAF877
:108C200018E004990D440CEB850C0EF10101032EA4
:108C3000CCF818103546CED1216C039F99423FF7EE
:108C40003AAFF2E60592626CEAE60122616B06A891
:108C50000DF0C6FA06A902980DF0E4FA06A80DF088
:108C6000D9FAA769626C7B88216C043707EB03088B
:108C70001AE76E1CD5E706A80DF0ACFA06A9029813
:108C80000DF0D0FA06A80DF0C5FAE9E60000804420
:108C90000000803A00000044438919B923F0020320
:108CA0004381704743F0020343817047016070477E
:108CB000704700BF002928DD0378303B092B26D8F8
:108CC00070B40446642600204FF47A754A1E032AC5
:108CD00005D8DFE802F01315100205FB0300012997
:108CE000114606D014F8013F303B092BEED94FF066
:108CF000FF3070BC704706FB0300F0E71844EEE756
:108D000003EB830300EB4300E9E7002070474FF0DB
:108D1000FF3070470068FFF7BFBD00BF38B5041EC5
:108D20000CDB00290ADB480001300D4607F03AF859
:108D3000641B20440028B8BF404238BD4FF0FF30CC
:108D400038BD00BF2DE9F04F87B00C460846012121
:108D50000592FFF7AFFF04210390601CFFF7AAFF05
:108D600004210746601DFFF7A5FF0421064604F114
:108D70000900FFF79FFF0221824604F10D00FFF773
:108D800099FF0421029004F11200FFF793FF0421E0
:108D9000814604F11A00FFF78DFF0421804604F19B
:108DA0001E00FFF787FF0221049004F12200FFF765
:108DB00081FF0421019004F12400FFF77BFF0421CF
:108DC000834604F12800FFF775FF0421054604F1EE
:108DD0002C00FFF76FFF01463046FFF79FFF04218D
:108DE000064604F13000FFF765FF01464846FFF7ED
:108DF00095FF0421814604F13400FFF75BFF014633
:108E00003846FFF78BFF0421074604F13800FFF7CF
:108E100051FF01464046FFF781FF0421804604F1DF
:108E20003C00FFF747FF01465046FFF777FF04215C
:108E3000824604F14000FFF73DFF01465846FFF728
:108E40006DFF0421834604F14400FFF733FF014620
:108E50002846FFF763FF711C18D0B9F1FF3F15D00A
:108E60007A1C13D0B8F1FF3F10D0BAF1FF3F0DD0FC
:108E7000BBF1FF3F0AD0431C08D0039B059A042B8B
:108E80000AD8DFE803F07A7774710700002007B092
:108E9000BDE8F08F6B4BD36007EE906A07EE10AA27
:108EA000049BD361F8EEE77AF8EEC76A029BC2ED45
:108EB000007AC2ED026A122B13D8DFE803F0747750
:108EC0000A12128980127164716471647164716430
:108ED000610007EE909AF8EEE77A5B4BC2ED087AF4
:108EE000536140F2FF339F42A8BF1F469845A8BF79
:108EF000984627EAE77728EAE87807EE907A07EEBF
:108F0000108AF8EEE77A9FED516ADFED514A514B36
:108F10009362B8EEC77A87EE865A24231363019BC7
:108F2000022BC7EE065A86EEA47A07EE900AF8EEF8
:108F3000E77A82ED015AC2ED0D5A67EE277A72D0B8
:108F4000032B03D0012B60D00120A0E707EE10BA5D
:108F5000FDEEE77AB8EEC77A3F4BC2ED117A82EDAB
:108F6000127AD363012092E73C4BD36094E73C4BE9
:108F7000D36091E73B4BD3608EE73B4BD3608BE7ED
:108F80003A4B5361ADE73A4B5361029B083B092BC7
:108F9000A7D8DFE803F0363632322E2E2A2A2626CC
:108FA000344B5361F1E7344B53619AE707EE909AE3
:108FB000F8EEE77A314BC2ED087A536191E707EE9C
:108FC000909AF8EEE77A2E4BC2ED087A536188E763
:108FD00007EE909AF8EEE77A2A4BC2ED087A5361D1
:108FE0007FE7294B1B6813627BE7284B1B681362E2
:108FF00077E7274B1B68136273E7264B1B681362E6
:109000006FE7254B1B6813626BE707EE10BAFDEEA6
:10901000E77AB8EEC77A214BC2ED117A019882ED5A
:10902000127AD36333E707EE10BAFDEEE77AB8EEB3
:10903000C77A1B4BC2ED117A82ED127AD3630120FD
:1090400025E700BFED590300299A020000C07F44C4
:1090500000401C464D9C0200759A0200095A03000C
:10906000BD590300E9590300D1590300D1C50100DE
:10907000A59B0200499B0200F9990200FD9902009C
:109080000D9B0200D19A0200502000204C200020AD
:10909000402000204820002044200020059C0200A1
:1090A000299C020038B50C460546364920460DF08D
:1090B000DFF9002837D1344920460DF0D9F960BBDB
:1090C000324920460DF0D4F998BB314920460DF0C5
:1090D000CFF9A0BB2F4920460DF0CAF9A0BB2E49FD
:1090E00020460DF0C5F9A0BB2C4920460DF0C0F973
:1090F000A0BB2B4920460DF0BBF9A0BB2949204657
:109100000DF0B6F9A0BB284920460DF0B1F9A0BB7F
:10911000214628460DF08EF903E0244928460DF03B
:1091200089F9284638BD224928460DF083F928469A
:1091300038BD204928460DF07DF9284638BD1E4926
:1091400028460DF077F9ECE71C4928460DF072F936
:10915000E7E71B4928460DF06DF9E2E71949284673
:109160000DF068F9DDE7184928460DF063F9D8E7F6
:10917000164928460DF05EF9D3E7154928460DF04B
:1091800059F9CEE7F8380020EC380020F0380020FC
:10919000D0380020E4380020F438002004390020C2
:1091A000FC38002008390020E83800201039002061
:1091B000CC38002014390020E0380020003900208D
:1091C00018390020D8380020D4380020DC3800209E
:1091D0000C3900202DE9F04182B0064668460C4665
:1091E0000DF028F9694601A8FFF75CFF01A92046A8
:1091F0000DF02EF901A80DF08BF868460DF088F8F7
:109200002568274BB5F90220541CA3FB0413E41A6C
:1092100003EB5404A40904EBC40304EBC303013BB4
:109220009A4202D002B0BDE8F08104EB84073F010E
:109230003946012268460CF0D3FF009B0433F4B199
:109240002C1D1F44C4F1490801E049342B461A463D
:109250002146304603F15005FFF774FD08EB040387
:1092600038B1BD420BD0002BEFDD94F848302C2BE9
:10927000EBD068460CF0CEFF02B0BDE8F081346858
:10928000694601A80CF0BEFF01A92046FFF784FB48
:1092900001A80CF0BFFF68460CF0BCFFC2E700BF9E
:1092A0003970E0C030B5036883B004460D461889B4
:1092B000012107F0BFF9294601A80DF0BBF801A96B
:1092C0002046FFF787FF01A80DF022F807F036FBD4
:1092D00003B030BDF8B5664F664D674C674E6849C0
:1092E00038460DF049F82A46214638461BF0CAFB9D
:1092F000644F654930460DF03FF82A462146304616
:109300001BF0C0FB614E624938460DF035F82A4625
:10931000214638461BF0B6FB5E4F5F4930460DF0E4
:109320002BF82A46214630461BF0ACFB5B4E5C49CD
:1093300038460DF021F82A46214638461BF0A2FB9C
:10934000584F594930460DF017F82A462146304605
:109350001BF098FB554E564938460DF00DF82A463D
:10936000214638461BF08EFB524F534930460DF0D4
:1093700003F82A46214630461BF084FB4F4E5049E5
:1093800038460CF0F9FF2A46214638461BF07AFB96
:109390004C4F4D4930460CF0EFFF2A4621463046EF
:1093A0001BF070FB494E4A4938460CF0E5FF2A464F
:1093B000214638461BF066FB464F474930460CF0C5
:1093C000DBFF2A46214630461BF05CFB434E4449F6
:1093D00038460CF0D1FF2A46214638461BF052FB96
:1093E000404F414930460CF0C7FF2A4621463046DF
:1093F0001BF048FB3D4E3E4938460CF0BDFF2A4667
:10940000214638461BF03EFB3A4F3B4930460CF0B4
:10941000B3FF2A46214630461BF034FB374E38490D
:1094200038460CF0A9FF2A46214638461BF02AFB95
:10943000344F354930460CF09FFF2A4621463046CE
:109440001BF020FB314E324938460CF095FF2A467E
:10945000214638461BF016FB30462E490CF08CFF97
:109460002A4621463046BDE8F8401BF00BBB00BF42
:10947000F83800203020002011630300CC38002091
:10948000CC5D0400EC380020D45D040010390020CD
:10949000445F0400F03800204C5F040014390020C1
:1094A00028600400D038002030600400E03800203C
:1094B0000C610400E4380020186104000039002029
:1094C000AC610400F4380020B061040018390020B9
:1094D00044620400043900204C620400D8380020A3
:1094E000E0620400FC380020E8620400D438002068
:1094F0007C6304000839002084630400DC38002009
:1095000018640400E8380020206404000C390020AE
:109510006C640400746404006FF47D70704700BFD5
:109520006FF47D70704700BF10B5036804461B6C74
:109530009847236820465B68BDE81040184700BF85
:109540006FF47D70704700BF6FF47D70704700BF8F
:109550006FF47D70704700BFC08800F005000030D8
:1095600018BF0120704700BFC08800F00A0000301B
:1095700018BF0120704700BFC08810F0030018BF5B
:1095800001207047C08800F00C00003018BF012097
:10959000704700BF6FF47D70704700BF6FF47D703F
:1095A000704700BF03684FF47A725B6B02FB01F1F6
:1095B000184700BF6FF47D70704700BF6FF47D7077
:1095C000704700BF08B503689B6B9847024BA3FB2D
:1095D0000030800908BD00BFD34D62106FF47D706C
:1095E000704700BF6FF47D70704700BFC1600020FE
:1095F000704700BF6FF47D70704700BF6FF47D70DF
:10960000704700BF38B503689B6904460D4698470C
:1096100078B1236820465B689847B5FA85F35B0903
:10962000984206D1236829461B68204698470020A7
:1096300038BD014838BD00BF12FCFFFF704700BFB6
:10964000704700BFD0F88800704700BFD0F8840092
:10965000704700BF10B504461BF012FA204610BD3B
:109660002DE91048438BD0F88020D90783B00446F9
:109670001CD5D2ED017AF5EE407AF1EE10FA02D067
:1096800003B0BDE8108809F065FAD4F88C30B0EB6F
:10969000030B61F1000CBCF1000F08BFBBF1650FBB
:1096A00020D2638BDA07EBD4D4F88020002AE7D0ED
:1096B000D2ED017AF5EEC07AF1EE10FAE0DD43F07A
:1096C0000103638304F17C0101A80CF09BFD01A957
:1096D00004F12400FFF760F901A80CF09BFD03B032
:1096E000BDE81088638B23F00103638304F1240039
:1096F000FFF7D2F8D5E700BFA0F11400FFF7B0BF25
:1097000002680949926B8A4208B506D1D0F88400F4
:10971000064BA3FB0030800908BD9047034BA3FB19
:109720000030800908BD00BF4D960200D34D621085
:1097300070B50446028100251C4B1D4E2660022296
:109740004FF48070E0802271636104F1140025748D
:10975000E560A5610E4606F0DFFB164BE66103F1FE
:10976000080204F1240678336361226030464AF629
:10977000444240F6C331FFF74FF804F17C00012268
:1097800050210CF02DFD638BC4F884504FF400720F
:1097900043F480433046C4F880502562C4E9222552
:1097A00063830121FFF778FA204670BD4C700400F6
:1097B000EC65040050660400D0ED217A38B5F8EE6F
:1097C000E77A2DED028BF5EE407AF1EE10FA0446C1
:1097D00024D090ED227ADFED287AB8EEC78AB1EE78
:1097E000007A28EE078A28EE278A09F0B3F9D4F820
:1097F0008030C4F88C00DBB1D4F8842092B307EE3B
:10980000902ADFED1E6A83ED018AF8EEE77ABDEC5F
:10981000028B86EEA77A83ED007A38BD09F09AF9BB
:10982000D4F880309FED168AC4F88C00002BE3D169
:10983000FCF702FCE36F1348134900221D1DC4F816
:109840008050D86019619A6004F1240140F2FF331E
:10985000E069FEF78BFBD4F88420D4F880302062D6
:10986000002ACCD183ED018ABDEC028B9FED077AF3
:1098700083ED007A38BD00BF0000003B002474492E
:1098800000000000000048C2095A030000A0BD45C6
:10989000B1F5806F0ED8B1F5007F08B5C8BFC1F52E
:1098A00080618029A8BF8021C0F88810FFF784FF5D
:1098B000002008BD6FF47A70704700BF08B5C0F88B
:1098C0008410FFF779FF002008BD00BF70B5046861
:1098D000084D646B4FF47A72AC4202FB01F105D182
:1098E000C0F88410FFF768FF002070BD2346BDE874
:1098F00070401847BD9802000C4B03F10802783302
:1099000010B50446026043617C300CF083FC04F126
:109910002400FEF74FFF064B6361002304F114009F
:10992000638306F069FB204610BD00BF506604004B
:109930004C70040038B50D4B054603F1080278332E
:10994000044640F8142C45F8143968300CF062FCD9
:1099500004F11000FEF72EFF054B23600023204684
:10996000E38006F049FB284638BD00BF506604007E
:109970004C70040038B50E4B03F1080278330446EE
:1099800040F8142C40F8683B0CF044FC04F1100043
:10999000FEF710FF074B23600023E380A4F11405BA
:1099A000204606F029FB28461BF06AF8284638BDF9
:1099B000506604004C7004000D4B03F1080278332C
:1099C00010B50446026043617C300CF023FC04F1C6
:1099D0002400FEF7EFFE074B63610023638304F16D
:1099E000140006F009FB20461BF04AF8204610BD83
:1099F000506604004C700400704700BF436A91ED4C
:109A0000036AD3ED007AD1ED026A91ED017A36EE68
:109A1000676AF8EEE66AB8EEC77AC6EE265AE7EE4F
:109A2000257AC0ED0E7A7047D1ED017ADFED0F6A2D
:109A30009FED0F7AF8EEE77A38B567EEA67A04461E
:109A4000C7EE877A0D4617EE900A17F09DFB636A02
:109A500095ED037AD3ED007A06EE900A37EE677A39
:109A6000E7EE267AC4ED0E7A38BD00BF21C8474024
:109A700000003443F8B504462DED028B48680D46CE
:109A80001AF05CFA17F026FA636AD5ED037A93EDC3
:109A9000008A77EEC87A06460F4617EE900A1AF04B
:109AA0005FFA32463B461AF0B3FA064618EE100A41
:109AB0000F461AF055FA02460B46304639461AF060
:109AC000F1F81AF09DFDBDEC028BA063F8BD00BF5C
:109AD000D1ED017A9FED0C7AF8EEE77A38B567EEB2
:109AE000877A044617EE900A0D4617F04DFB636A1D
:109AF00095ED037AD3ED007A06EE900AE7EE267A2A
:109B0000C4ED0E7A38BD00BF34FA8E3CD1ED017A37
:109B10009FED0C7AF8EEE77A38B567EE877A04465F
:109B200017EE900A0D4617F0E3FA636A95ED037A93
:109B3000D3ED007A06EE900AE7EE267AC4ED0E7AAF
:109B400038BD00BF34FA8E3C2DE9F041D1F80C80CD
:109B50004F68D8F8046097FBF6F407EE904AF8EEE9
:109B6000E77A436A2DED028B054617EE901A4FF007
:109B7000804093ED008A17F05BFFD8F8003007EEC5
:109B8000900A06FB147428EE277A03EB8404BDECDC
:109B9000028BD4ED007A67EE877AC5ED0E7ABDE8C8
:109BA000F08100BF2DE9F041D1E90134D1F80C80FA
:109BB000426AD8F80470013CE41A94FBF7F507EE0A
:109BC000905AF8EEE77A2DED028B064617EE901AC2
:109BD0004FF0804092ED008A17F02AFFD8F800304D
:109BE00007EE900A07FB154428EE277A03EB84045E
:109BF000BDEC028BD4ED007A67EE877AC6ED0E7A63
:109C0000BDE8F0814B684BB1DB0790ED0E7AD1EDEA
:109C1000037A04D567EE877AC0ED0E7A7047C7EEF7
:109C2000276AC0ED0E6A70474B684BB1DB0790EDB9
:109C30000F7AD1ED037A04D567EE877AC0ED0F7AFB
:109C40007047C7EE276AC0ED0F6A7047436A91ED0F
:109C5000036AD3ED017AD1ED026A91ED017A36EE15
:109C6000676AF8EEE66AB8EEC77AC6EE265AE7EEFD
:109C7000257AC0ED0F7A70470220704701EB810111
:109C800000EB41001430704782B070B50C4684B0D0
:109C900005464968206802AC03C4039908AC481023
:109CA00084E80C00CB0745BF2A58029B029CD4587D
:109CB0000AAB2E1893E803008DE8030008AB0CCB29
:109CC0003046A04704B0BDE8704002B0704700BF06
:109CD0002DE9F04103681B4E1B690F88B34204460F
:109CE0000D4626D11E300388BB4201D0BDE8F0816D
:109CF0006B89012BFAD9A989A06861820368DB69A5
:109D00009847A06803681B6A984723681B69254623
:109D1000B34225F8120F0FD104F11E06204601F0C0
:109D20002FFB2A46014602233046BDE8F04100F0F1
:109D300035B901219847D6E70121204698470646C4
:109D4000ECE700BF7D9C020010B50446806807F078
:109D5000C9FBA081A06807F0D3FBE081A06807F0F1
:109D6000DDFB208210BD00BF82B070B504A981E880
:109D70000C00044601F016FB18B9BDE8704002B0B3
:109D800070472046FFF7E0FF23680C4A1B699342A7
:109D900004F10C060DD104F11405204601F0F0FA8F
:109DA000324601462846BDE87040062302B000F066
:109DB00009B90021204698470546EEE77D9C020040
:109DC0002DE9F041044682B00E4615461030984603
:109DD000BDF828700BF0F0FE2680658018201AF080
:109DE00056FE08AB054693E803006A4682E8030086
:109DF0002E4603CA46F80C8B0023084AEB6047F056
:109E00000207736068602046A780A560E360C4E92C
:109E10000833A9606A6102B0BDE8F081899C020044
:109E200070B5044686B0FFF78FFFA06803681B6A11
:109E30009847144A144B6082049328200023166824
:109E400005931AF024FE06AB054613E90300C02271
:109E50008DE8030023460292052128460122FFF7E0
:109E6000AFFF336830465B682946984708B906B0AB
:109E700070BD284607F024F8284606B0BDE87040BB
:109E80001AF0FEBDEC3E0020699D020070B504464C
:109E900084B0154601F0B4F91E4B2360A56004F1AF
:109EA000140000F075F8002504F11E0000F070F8B1
:109EB00020461949C4E9035501F0C0F9204640F293
:109EC000537101F0CFF909260622294604F10C034B
:109ED0002046CDE9012600924CF64B2201F0D2F942
:109EE00002220521CDE901212046009204F112034E
:109EF0004FF62432012101F0C5F9204601F052FA53
:109F000028B1064B1B6813B12046FFF789FF204696
:109F100004B070BDA4670400086A0400EC3E002091
:109F2000024B1B680BB1FFF77BBF7047EC3E002074
:109F300010B5114B1C6890B0C4B1C9B90F4ACDE936
:109F4000042104AA034692E8030010228DE80300CE
:109F500002920521012206A8FFF732FF236806A915
:109F60009B682046984706A806F0AAFF10B010BDCF
:109F7000FFF756FF10B010BDEC3E0020699D0200B7
:109F80000021FFF7D5BF00BFACDF7047AEDF7047E1
:109F90000022028102604260704700BF10B582B0AB
:109FA0000C4601920188ADF80030204600236A4635
:109FB000ADF80230FFF7E8FFB0FA80F0400902B0D8
:109FC00010BD00BFF0B54FF6FF7487B0A142ADF8E9
:109FD000063032D00389DB07054616460C4600885A
:109FE0000FD4BDF8063002AAADF8083001460023B0
:109FF00020460396ADF80A30FFF7C6FF184607B0B3
:10A00000F0BD02AA012300270DF1060CADF80800EF
:10A010001146204605968DF80A30ADF80C70CDF843
:10A0200010C0FFF7B3FF0028E8D00499BDF8063050
:10A030000988994201D02888D6E7002007B0F0BDF2
:10A04000F0B54FF6FF7487B0A142ADF8063031D0BD
:10A0500003899B07054616460C4600880FD4BDF8B9
:10A06000061002AA0023ADF8081001462046039608
:10A07000ADF80A30FFF788FF184607B0F0BD02AA16
:10A080004FF0020C0023ADF808000DF10607114651
:10A09000204605968DF80AC0ADF80C300497FFF7FE
:10A0A00075FF50B10499BDF806000988884201D1B6
:10A0B0002888D7E7002007B0F0BD012007B0F0BD29
:10A0C00072DF704773DF704774DF704776DF704769
:10A0D00077DF704778DF70477ADF70478FDF704730
:10A0E00069DF70471321FFF7F1BF00BF0B68034A18
:10A0F0000146D2560320FFF7EBBF00BF646804009F
:10A10000094B10B5044640F8143B0CF001F904F17A
:10A1100010000CF0FDF8054B236000232046E3807F
:10A1200005F06AFF204610BD606904004C70040011
:10A130002DE91848C3885A0708D41B0701D4BDE885
:10A1400018880420BDE8184810F0EEB8044608F05E
:10A1500001FDA369B0EB030B61F1000CBCF1000F32
:10A1600008BFBBF5FA6F01D2E388E6E70021044897
:10A1700010F0F2FEE38823F004039BB2E380DCE7F7
:10A18000E5A0020030B5214D4FF47A7404FB02F2D1
:10A190000028A5FB02028BB04FEA52224FF00004C8
:10A1A0000CBF042501251F2ACDE9044408468DF87B
:10A1B0001050CDE90744099421DC202206920028A2
:10A1C0000AAA0CBF002403241F2122F8241D8DF8A5
:10A1D00024400F490091184601240023CDF80A308D
:10A1E000CDF80630ADF80E308DF8254010F0BCF9F2
:10A1F00004AA69460748FFF763FF0BB030BDB2F50C
:10A20000804FC8BF4FF480420692D8E75917B7D1A4
:10A210002839002055230020F0B51F4C95B0246844
:10A2200001944FF6AA650024CDF80A4006460F4671
:10A23000ADF80E40ADF80C30ADF80850E3B105AD07
:10A24000944621463C222846CDF810C01AF07AFCEC
:10A250000123062101AA02A80F908DF81710ADF86E
:10A2600024308DF840300A922B463A463046002181
:10A27000FFF788FF15B0F0BD05AD19463C22284612
:10A2800004931AF05FFC0621012201AB8DF8171030
:10A29000ADF824200A93E7E7D867040008B559BB56
:10A2A000304B1B780BB9002008BD2F4B0122C3F89F
:10A2B0008020BFF34F8FBFF36F8F4FF40061C3F85F
:10A2C0008010BFF34F8FBFF36F8F4FF00071C3F853
:10A2D0008010BFF34F8FBFF36F8FC3F88420BFF39D
:10A2E0004F8FBFF36F8F4FF400321A600FF0E0FD15
:10A2F00013F06AFA002008BD13F07EFA194B80F0C3
:10A300000100C0B218700028CDD013F03DFA0FF054
:10A31000C9FD154B4FF40032C3F88020BFF34F8FB7
:10A32000BFF36F8F0122C3F88020BFF34F8FBFF3BD
:10A330006F8F4FF40061C3F88010BFF34F8FBFF3EE
:10A340006F8F4FF00071C3F88010BFF34F8FBFF3D2
:10A350006F8FC3F88420BFF34F8FBFF36F8F002040
:10A3600008BD00BF0E47002000E100E00B4B10B518
:10A37000044640F8143B0BF0CBFF04F110000BF047
:10A38000C7FF074B23600023E380204605F034FE1F
:10A3900020461AF075FB204610BD00BF606904001E
:10A3A0004C70040038B500250E4B03600446456030
:10A3B00005F0B2FD0C4B2360A56004F110000CF019
:10A3C00041F804F114000CF03DF80123074AE56060
:10A3D00084F8203084F82130146013F051FC2046BA
:10A3E00038BD00BF4C700400606904006039002073
:10A3F000072914D810B50B4C0B482160214610F0EA
:10A40000ABFD0A4B1978FF2907D02368084A0120C1
:10A41000D256FFF75DFE002010BD002010BD6FF486
:10A420007A7070475C200020EDA0020055230020C8
:10A430006468040090F8202022B9C3689B0701D407
:10A4400000F002B8012070472DE91848044604299D
:10A4500021D8DFE801F0322505030D008369D3B16F
:10A4600008F078FBE368A061C3F34000BDE81888FA
:10A47000836983B108F06EFBA369B0EB030B61F154
:10A48000000CBCF1000F08BFBBF5FA6F03D301212C
:10A490002046FFF7CFFFE068C0F34000BDE8188812
:10A4A000C3880A2243F00403C380C26004F09EFF05
:10A4B000E068C0F34000BDE818880223C3600120B3
:10A4C000BDE8188810B5044682B012F08BF820461B
:10A4D00012F096F82378023B062B18D8DFE803F039
:10A4E0000B19271717170400237A012B03D1144ADD
:10A4F0001368013B1360134B186840B190F820308B
:10A500002BB9C3689B0702D40321FFF79DFF02B05C
:10A5100010BD0C4B1B68002BF9D093F82020002AAB
:10A52000F5D1DA689207F2D40222DA60EFE702A9E5
:10A53000012301F8043D608811F066FE02B010BDF1
:10A540005C39002060390020014B1878FFF7BCBD52
:10A550005523002010B5044684B0012302224FF495
:10A560007A7168460BF008FB94F821300BB904B0FF
:10A5700010BD10F06BFC0028F9D1034B01211878B5
:10A58000FFF7A0FD04B010BD5523002010B50388CF
:10A59000103B86B0462B33D8DFE803F04358323205
:10A5A000325F32323224323232323232323A323264
:10A5B000323232323232323232323232323232327B
:10A5C0003232323232323234323232323232323269
:10A5D000323232323232323232323232323232325B
:10A5E00032323400037A5BB92D4B186840B190F8D1
:10A5F00020302BB9C3689B0702D40221FFF724FF48
:10A6000006B010BD13218088FFF760FD06B010BDB5
:10A6100006A9002321F8103D8088FFF75FFD06B0F2
:10A6200010BD81884FF6FF73994206D01D4B1E4A1C
:10A630001B680320D256FFF74BFD01231A464FF447
:10A640007A7102A80BF098FA06B010BD144B186886
:10A650000028D5D0FFF77EFFD2E700F108010622DF
:10A6600068460BF0CDFE694601A80BF0E3FE0C4BEB
:10A670001C686CB101A902A80BF0DCFE02A904F170
:10A6800010000BF0E5FE012302A8E3600BF040FE92
:10A6900001A80BF03DFE68460BF03AFE06B010BD77
:10A6A000603900205C20002064680400F0B58BB0A5
:10A6B0000C4615461E46BDF8407001F0C1F9234610
:10A6C00000950DF10E0204A901F0C6F9044688B9FF
:10A6D0000A4D2878FFF7F8FCBDF80E30023B3946EA
:10A6E00030469BB20DF11202FFF796FD287801214A
:10A6F000FFF7E8FC20460BB0F0BD00BF552300205B
:10A7000010B40968BDF80440019404315DF8044BAD
:10A71000FFF7CCBF2DE9F04188B00C4615461E4628
:10A720009DF83870BDF83C8001F08AF92346CDE9E8
:10A7300000560DF10A0203A901F00AFA044688B98D
:10A740000A4D2878FFF7C0FCBDF80A30023B4146AD
:10A7500038469BB20DF10E02FFF75EFD287801210D
:10A76000FFF7B0FC204608B0BDE8F081552300207B
:10A77000F0B5A9B06A220D460DA82849284E1AF056
:10A78000BDF90DA903A80BF067FA03A906A80BF001
:10A790005BFA05F1380701226FF0FE0306A9CDE947
:10A7A000003238460523642208F008FE06A80BF0A4
:10A7B0003DFA0FCE06AC0FC496E8070003C4227022
:10A7C0000522114606AB04A80BF06AFB002404A97D
:10A7D00005A80BF039FA384605A9CDE9004423460F
:10A7E000224608F02FFD05A80BF020FA2B68214621
:10A7F0005B6A284698470534052006F0A9F8FF2C27
:10A80000F4D14FF47A7006F0A3F804A80BF00EFA16
:10A8100003A80BF00BFA29B0F0BD00BFDC67040001
:10A82000486804002DE9F84F4FF0805308460F4662
:10A83000D3F864A0FDF782FF10374FF0040B4FF000
:10A8400005084FF00109BAFBF8F308FB13A3B3FBAB
:10A85000F9F35D1C002DAAEB030A08EB880809EB4D
:10A8600089090DDD0FFA8BF60024C4F1040212B23F
:10A870000134FF23314638460BF020FAA542F4D1CB
:10A880001BF1FF3BDFD2BDE8F88F00BFAB4B2DE9DA
:10A89000F04F1E68DFF8B48233690446002543F0A8
:10A8A000080395B0336198F8000084F82050A56142
:10A8B0000E469346FFF708FC2946284611F0B0FCE7
:10A8C0002946284611F0B6FC29463C2205A81AF074
:10A8D00039F906F138074FF0020E4FF0060C05ABC0
:10A8E000C822294601208DF814E08DF817C003977F
:10A8F000FFF748FC012198F80000FFF7E3FB38461A
:10A9000008F002FC31462046FFF732FF3146204670
:10A91000FFF788FF06F11008029504F110074FF0C9
:10A92000FF0994F82020E36812B9980740F1D58018
:10A9300013F0010A31D1590766D49A0740F1C38058
:10A9400013F0080A00F0A9807D4904A80BF048FA2A
:10A9500004A905A80BF078F90023CDE900331A46C5
:10A9600005A9039808F06EFC05A80BF05FF943F603
:10A97000982005F0EDFF04A80BF058F9642005F0CD
:10A98000E7FF40F68D25FBF7C5FC94F82020E3682F
:10A99000002ACAD013F0010ACDD06A4904A80BF0EE
:10A9A0001FFA04A905A80BF04FF90023CDE90033E5
:10A9B0001A4605A9039808F045FC05A80BF036F9DE
:10A9C000029B002B40F08F80A9F10409B9F1280FF8
:10A9D00040F38F80B9F1FF0F029BA8BF00230293C1
:10A9E000DBF800305846DB69984728B1E36823F06C
:10A9F000010343F00403E36004A80BF017F9E368D4
:10AA000059074FF0000598D53368FF215B6A30463F
:10AA100098472369B3F90230002B76DD002521E049
:10AA2000E3689A076FD4FFF70FFD00286DD14FF44C
:10AA3000487005F08DFF3046FDF780FE94F8203019
:10AA400004212046FBB9E3689A075CD4FFF7FCFCBD
:10AA500000285AD1C82005F07BFF2369B3F90230E2
:10AA6000AB4252DD29B238460BF02CFD00230146E3
:10AA70001A4640460BF0B0FA94F8203004212046E4
:10AA80000135002BCCD0E36803F00202002A3AD152
:10AA9000642005F05DFF012543E72B4904A80BF076
:10AAA0009FF904A905A80BF0CFF85346524605A913
:10AAB000CDE900AA039808F0C5FB05A80BF0B6F88D
:10AAC00004A80BF0B3F8642005F042FF013540F60E
:10AAD0008B239D427FF725AF55E704212046FFF7E2
:10AAE000B3FCE36824E709F10409B9F1280F3FF743
:10AAF00071AF3046FDF722FE029BB9F1000FD8BFBF
:10AB0000534602936CE700251AE7E36894F8205057
:10AB100003F00202002DB9D1002A7FF411AF042105
:10AB20002046FFF791FC0028ADD14FF47A7005F074
:10AB30000FFFE36803F00202A8E700BFB03E002069
:10AB4000B46804006C680400F46804005523002015
:10AB500030B50446806883B020B10C4908F0CAFFC4
:10AB6000054618B1FBF7D6FB03B030BD02AA04239B
:10AB700002F8015D0549A06809F002F8284619F0BD
:10AB80007FFFFBF7C7FB03B030BD00BF3C6904008B
:10AB900090F82000704700BF38B5124B05460024DE
:10ABA0001878FFF791FA85F8214010F037F998B935
:10ABB000EB696BB107F0CEFFEB69C41A61F10005D8
:10ABC000002D08BFB4F5FA7F2CBF0120002038BD4E
:10ABD00007F0C0FFE861EDE72146034810F0BCF93B
:10ABE000204638BD55230020E5A0020020B9034BC4
:10ABF000186808B1FFF7D0BF704700BF6039002068
:10AC00000238012801D90120704710B5074C20688F
:10AC100050B1C38843F00803C38004F0E7FB206809
:10AC2000BDE81040FFF7B8BF012010BD603900201B
:10AC3000012808D138B50D4B1D6835B12846BDE84F
:10AC40003840FFF7A9BF01207047094B0446187828
:10AC5000FFF73AFA10F0E2F808B9204638BD294665
:10AC6000044810F079F9284638BD00BF603900204B
:10AC700055230020E5A002002DE9704384B011F0B7
:10AC800001FB1E4E30603368002B02DC04B0BDE8CF
:10AC900070830DF107034FF6FF70039310F06AFD08
:10ACA0004FF6FF75A842044609D1EFE7039B1B78D6
:10ACB00020465BB110F05EFDA8420446E6D002AA31
:10ACC0000121204610F026FF0028EFD007F042FFB8
:10ACD00040F2E73480468946002511F099FA09E0F0
:10ACE00007F038FFB0EB080261EB09039D4208BF93
:10ACF0009442CBD33368002BF2D1C7E75C390020F4
:10AD00002DE9F04FC588B3B015F480559DF8F48057
:10AD100002D033B0BDE8F08F0DF1C8091E463C9B50
:10AD20008360C0E90655CDE9012104460FF056F8CD
:10AD300012F034FE49F8B45D0FF0E0FA12F084FC32
:10AD40004946012012F0AEFDC74B04F1140B1968FF
:10AD500022A80BF011FB22A958460BF079FB22A880
:10AD60000BF0D6FA0DF1300AB8F1000F40F0438134
:10AD70000EAF10AB13AD4FF0000BCDF840B0C3E9F0
:10AD800001BB62699DF84110022060F30101101DB2
:10AD900011908DF841105188ADF8481041201946A6
:10ADA0005388059AADF84A30FFF79AF9484612F0F1
:10ADB000C3FD5846FFF78EF903224FF0010362F3FB
:10ADC00006134FF0070C10208DF828308DF829C09D
:10ADD0008DF82B208DF82C208DF82A0011F0B6F973
:10ADE0000AA811F0F9F9A14811F0DAF9A04AADF872
:10ADF00034B04FF4C87350460C92ADF83630FFF7BC
:10AE00006BF959469B4810F013FAB8F1000F40F067
:10AE1000E0800DF1240832A904234FF6FF7241F8B7
:10AE2000B03D3846002311F035FA0699002914BFC9
:10AE30003846002011F0F4F90699002914BF38466D
:10AE4000002011F0F7F9069F8B4B2293003722A8C0
:10AE500018BF012712F06EFE7C2019F018FE324652
:10AE6000A368214601F09CFF844907A80BF084FAEF
:10AE70007D4B08A819680BF07FFA814940460BF01A
:10AE80007BFA424608A928460BF004FB07AA29468C
:10AE900022A80BF0FFFA22A908A80BF0D9FA22A8E1
:10AEA0000BF036FA28460BF033FA40460BF030FA36
:10AEB0004022002122A819F045FE724B1868239009
:10AEC00001238DF8C43010B119F078FE80B2089BD0
:10AED000ADF88800181D2590002800F0C28019F0F8
:10AEE0006DFE83B2019AADF890301068043027905F
:10AEF00010B119F063FE80B2634BADF8980018688A
:10AF0000299010B119F05AFE80B2604BADF8A00044
:10AF100018682B9010B119F051FE80B25C4BADF85F
:10AF2000A80018682D90002800F0998019F046FEBE
:10AF300083B222A8ADF8B03012F0A4FF502019F06F
:10AF4000A6FD3246214600F017FF2046FFF794FE8B
:10AF50003C220021284619F0F5FD02212B46322221
:10AF600004268DF84C10384639468DF84F60FFF7AF
:10AF700009F906212046FFF73BFA4FF4A0360023DB
:10AF80004FF4F021032228460125CDE91633CDE9FF
:10AF90001833CDE914618DF85820CDF84CA00FF08E
:10AFA000D3FD84F8215011F06DF9002804DD394BF0
:10AFB00029461878FFF786F8E38843F48053E38046
:10AFC00008A80BF0A5F907A80BF0A2F933B0BDE86B
:10AFD000F08F11F057F903280DF124087FF71BAF0C
:10AFE000404622AB3A46294611F040FABDF83800F7
:10AFF00011F032FA0FE70EAF274950460BF0BCF9BB
:10B0000010AB2649039338460BF0B6F9039B524622
:10B01000184659460BF03EFADDE9022313AD1946F6
:10B02000284602930BF036FA3A46294622A80BF03E
:10B0300031FA22A958460BF00BFA22A80BF068F956
:10B0400028460BF065F9029B18460BF061F938466B
:10B050000BF05EF950460BF05BF9029B8BE6034662
:10B0600067E703463EE700BF58200020C5A4020062
:10B070000800100048390020EDAB02004C690400C4
:10B0800054690400203900201C390020542000207D
:10B09000243900205523002048690400205604006C
:10B0A00041F20103984210B536D0044617D944F254
:10B0B000010398420BD044F20203984219D11C4874
:10B0C00005F0D2F84820BDE81040F6F717BB194844
:10B0D00005F0CAF84920BDE81040F6F70FBB01287B
:10B0E00007D1154805F0C0F84620BDE81040F6F736
:10B0F00005BB124805F0B8F844F201039C4213D096
:10B1000044F202039C4211D0012C0CBF46204A207D
:10B11000BDE81040F6F7F2BA094805F0A5F8472057
:10B12000BDE81040F6F7EABA4920CCE74820CAE764
:10B13000C0690400D86904007C690400E469040063
:10B140009C690400A8DF7047B0DF704762DF70477A
:10B15000704700BF8B79012B05D0022B02D1036809
:10B16000DB6A1847704703689B6A18470368034AFD
:10B170009B68934200D170470631184751B10200D5
:10B1800070B50B88502B044631D01AD8102B26D01E
:10B19000112B14D10368194DDA69AA422BD100256D
:10B1A0002E4605E023681B69984723680681013510
:10B1B000DB6820469847A84229462046F2DC012059
:10B1C00070BD512B06D0532BF9D103681B6B9847E8
:10B1D000012070BD03685B6A9847012070BD036859
:10B1E000064A9B699342EAD09847012070BD0368E4
:10B1F0001B6A9847F9E790472368D0E751B10200EE
:10B2000010B5064B0360002304460371C38000F0B1
:10B21000CFF9214600F0DAF9204610BD206A04007B
:10B2200010B5054B0360044600F0C2F9214600F05A
:10B23000DDF9204610BD00BF206A040010B584B0BF
:10B2400010310DF1FF330DF10F0411F8012D03F84A
:10B25000012FA342F9D1011D6846FFF777FF04B023
:10B2600010BD00BF00B583B00379ADF80410821D96
:10B2700001A901208DF80630FFF764FF03B05DF8E7
:10B2800004FB00BF2DE9F04788B00546BDF84060DB
:10B29000BDF84470BDF84840924688461E22002101
:10B2A0000DF10200994619F04DFCBB1B18BF01239C
:10B2B0002A79ADF800A0E107ADF804708DF80C30E4
:10B2C000ADF80660CDF808908DF8022005D59DF800
:10B2D0000D3043F002038DF80D30A20705D59DF81F
:10B2E0000D3043F004038DF80D30630705D59DF84C
:10B2F0000D3043F008038DF80D30270705D59DF874
:10B300000D3043F010038DF80D30E60605D59DF89D
:10B310000D3043F020038DF80D30A00605D59DF8C3
:10B320000D3043F040038DF80D30610605D59DF8D2
:10B330000D3043F001038DF80D30E20544BF0123C9
:10B340008DF80F30A30544BF01238DF810302B6812
:10B35000EC881A690120022341468DF811308DF8DE
:10B3600012308DF813308DF8140028469047694646
:10B37000024620460FF01CFE08B0BDE8F08700BF73
:10B3800000B58DB001A80FF08BFD019B23B1BDF876
:10B3900008000DB05DF804FB4FF6FF700DB05DF8CE
:10B3A00004FB00BF08B50FF051FD003018BF0120AD
:10B3B00008BD00BF03682DE9F041DB6806460D4675
:10B3C00090469847071E1BDD00240BE04388AB42E4
:10B3D0001ED08388AB4221D0C388AB4224D0013435
:10B3E000A7420DD0336821461B6930469847038831
:10B3F000AB42EBD1012388F800302046BDE8F08154
:10B4000000234FF0FF3488F800302046BDE8F0817B
:10B41000022388F800302046BDE8F081032388F835
:10B4200000302046BDE8F081042388F80030204633
:10B43000BDE8F08130B583B00C460DF10702C98834
:10B440000546FFF7B7FF011E08DB9DF807202B68B4
:10B45000032A05D01B680B4A93420ED103B030BDBE
:10B46000228A022AF6D11B6928469847E17CA27CF1
:10B470002B6842EA01220281ECE7A11D2846984789
:10B4800003B030BD51B10200F0B58BB00C460DF1E8
:10B49000070209890746FFF78DFF002819DB9DF891
:10B4A0000730E689012293428DF8082013D09DF8D9
:10B4B0000E20A088ADF81060002363F3000202A9FB
:10B4C0008DF80E20ADF80C30ADF812300593FFF773
:10B4D0003BFE0BB0F0BD3A681F4952682089ADF8B9
:10B4E0001A6000258A428DF81C308DF81D30ADF8A9
:10B4F00018000895ADF8245015D12A462F46294644
:10B500009DF80E50ADF80C1063F30005A088ADF85F
:10B51000106002A9ADF8127005928DF80E50FFF779
:10B5200013FE0BB0F0BD384606A990479DF81C30BD
:10B530004BB99DF81D30BDF81A60BDF82470089A0B
:10B540004FF48171DCE729469DF81D30BDF81A6083
:10B55000BDF82470089AD3E751B1020000B583B05A
:10B5600009890DF10702FFF725FF03B05DF804FB21
:10B57000F8B50E4C26689EB13368002B0FDD0746E8
:10B580003546002402E03368A34208DD55F8040F75
:10B59000036839465B69984701340028F3D1F8BD48
:10B5A000542019F074FA20600660F8BD6439002058
:10B5B00010B5054C206800B110BD542019F067FA91
:10B5C00000232060036010BD6439002038B5036893
:10B5D000132B04460D4603DD1420FAF7ADFE236855
:10B5E00004EB830201335560236038BDF0B4066874
:10B5F000002E0DDD4368994226D0041D002204E090
:10B6000054F8045F8D4205D01A46531CB342F7D15B
:10B61000F0BC70470232B24213DA551C5C1C03EBDB
:10B62000060C00EB850500EB8404ACEB020C19461C
:10B63000013155F8047B44F8047B6145F8D1B21A16
:10B6400013440360F0BC704701220023E3E700BF0E
:10B6500002207047013101EB810100EB410070478E
:10B6600082B070B50C4684B005464968206802ACCB
:10B6700003C4039908AC481084E80C00CB0745BF0D
:10B680002A58029B029CD4580AAB2E1893E8030058
:10B690008DE8030008AB0CCB3046A04704B0BDE8F2
:10B6A000704002B0704700BF82B070B504A981E855
:10B6B0000C000546BDF81240FFF774FE28B1022CBD
:10B6C0001ED0012C29D0052C03D0BDE8704002B05B
:10B6D00070472C46022304F8083F2B681D4A1B695B
:10B6E000934230D105F10A062846FFF749FE22466B
:10B6F00001463046BDE87040012302B0FEF762BC4F
:10B700002C46002104F8081F2B68124A1B6993423B
:10B71000E8D0284698470646E6E72E460D4A06F842
:10B72000084F2B681B6993420FD105F10A04284684
:10B73000FFF726FE324601462046BDE87040012351
:10B7400002B0FEF73FBC0021E3E7002128469847FE
:10B750000446ECE755B6020082B070B504A981E852
:10B760000C000546BDF81240FFF71CFE28B1022C64
:10B770001ED0012C1FD0052C03D0BDE8704002B0B4
:10B7800070472C46022304F8093F2B681A4A1B69AC
:10B79000934226D105F114062846FFF7F1FD224613
:10B7A00001463046BDE87040012302B0FEF70ABCF6
:10B7B0002C460023E7E72E460F4A06F8094F2B6870
:10B7C0001B69934212D105F114042846FFF7D8FDF6
:10B7D000324601462046BDE87040012302B0FEF724
:10B7E000F1BB0121284698470646D5E72146284661
:10B7F00098470446E9E700BF55B602002DE9F0413D
:10B80000044682B00E46154610309846BDF82870A2
:10B810000AF0D2F926806580182019F038F908ABB3
:10B82000054693E803006A4682E803002E4603CAF1
:10B8300046F80C8B0023084AEB6047F00207736060
:10B8400068602046A780A560E360C4E90833A9606A
:10B850006A6102B0BDE8F08161B602002DE9F043F3
:10B8600085B0BDF838803BB30C9C14B30F2902D1CE
:10B87000B8F1C00F20D1064628201C460D461746B9
:10B8800019F005F90CAB814693E803003A468DE8C0
:10B89000030023462946CDF808804846FFF7AEFF4F
:10B8A000336849465B683046984740B905B0BDE803
:10B8B000F0830D9CE407D9D46FF47A70F6E748461C
:10B8C00005F0FEFA484619F0DBF80148EEE700BF44
:10B8D00016FCFFFF2DE9F041324F3E6894B0002E78
:10B8E00036D00C460546304B002934D1CDE908311D
:10B8F00008AB93E803004FF0100822468DE80300E0
:10B900002B460121CDF808800AA8FFF777FF33689E
:10B910000AA99B68304698470AA805F0D1FA234B3C
:10B920003E68CDE9063406AB93E8030022468DE875
:10B9300003002B460221CDF808800AA8FFF75EFF1E
:10B94000336830469B680AA998470AA805F0B8FAF8
:10B9500014B0BDE8F08100240493059404AB93E88F
:10B9600003004FF010088DE8030022462B463046B6
:10B97000CDF808800121FFF771FF0C4B3E68CDE93F
:10B980000A340AAB93E8030022468DE80300CDF8A1
:10B9900008802B4630460221FFF760FF14B0BDE857
:10B9A000F08100BFEC3E0020A9B6020059B70200AA
:10B9B000F0B5044685B0FFF723FC20461A4B40F84B
:10B9C0000A3BFEF7E5FA002704F11400FEF7E0FA5F
:10B9D000204616492781FFF731FC0125092620461C
:10B9E00049F68201FFF73EFC394604F10803204680
:10B9F0004DF69022CDE901560095FFF743FC204615
:10BA0000CDE901560095A31929464DF69122FFF77D
:10BA100039FC2046FFF7C6FC18B129462046FFF73F
:10BA200059FF204605B0F0BD5C6A0400086A0400B6
:10BA30000121FFF74FBF00BF0021FFF74BBF00BF41
:10BA400010B5044C206800B110BD012019F01FF89A
:10BA5000206010BD683900202DE9F04F89B0002525
:10BA6000009215809DF94820ADF81C50CDE9035592
:10BA7000CDE905550192002B63D01E781C46002E9F
:10BA80005FD0DFF8C880894658F8047B384619F043
:10BA900095F8394683460246204619F097F8002863
:10BAA00049D00135042DEFD100270EB3112F1FDC33
:10BAB00007F1FF3803AB26469844234D002402E0EB
:10BAC00001340E2C2DD055F804AB504619F076F801
:10BAD000514683460246304619F078F80028EFD1E7
:10BAE0005E440137337808F8014F0BB1122FE4D1CF
:10BAF000019A89F80320AA23FE2289F80030102336
:10BB000089F8012089F802303A4603A909F10400B6
:10BB100018F0F4FF009B04371F80002009B0BDE837
:10BB2000F08F344608AB3B4414F8012B767803F8C9
:10BB3000142C0137B9E75C448DF80C5026780127A6
:10BB4000B3E76FF47A70E9E77020002060200020EE
:10BB50002DE9F04184B00026174616809DF92CC0CF
:10BB60000A9A4BB342B31868B3F80880D2F800E0E1
:10BB700092880D46596885F803C06B4603C36C462E
:10BB8000A3F80080CDF80AE0ADF80E200FCC4FF0FE
:10BB9000AA084FF0FE0E4FF0140CAE70686085F8E6
:10BBA000008085F801E0A960EA602B61A7F800C079
:10BBB000304604B0BDE8F0816FF47A76F8E700BF54
:10BBC0000420704701EB810100EB410026307047F3
:10BBD00082B070B50C4684B005464968206802AC56
:10BBE00003C4039908AC481084E80C00CB0745BF98
:10BBF0002A58029B029CD4580AAB2E1893E80300E3
:10BC00008DE8030008AB0CCB3046A04704B0BDE87C
:10BC1000704002B0704700BF10B5074B074A036081
:10BC200000238260C3810446083004F0E5F9204611
:10BC3000FFF7F6FA204610BD386B04004C70040084
:10BC400010B5084A084940F8082C00220160C2805B
:10BC5000A0F1080404F0D0F92046FFF7E1FA2046ED
:10BC600010BD00BF386B04004C70040010B5094BC8
:10BC7000094A036000238260C3810446083004F04F
:10BC8000BBF92046FFF7CCFA204618F0F9FE204613
:10BC900010BD00BF386B04004C70040010B5094A99
:10BCA000094940F8082C00220160C280A0F1080474
:10BCB00004F0A2F92046FFF7B3FA204618F0E0FEA0
:10BCC000204610BD386B04004C7004000368124A13
:10BCD0001B69934270B504460D460E8816D130306C
:10BCE0000388B34200D070BD2069A18C03684A1C50
:10BCF000DB68A284984704F11C0350B10288418894
:10BD0000A2830422E183AB60AA8170BD0121984720
:10BD1000E6E7AB60A88170BDC5BB020082B070B51C
:10BD200004A981E80C000446FFF73CFB18B9BDE804
:10BD3000704002B0704723680E4A1B69BDF81000BE
:10BD4000BDF812102083934261830ED104F12605C1
:10BD50002046FFF715FB04F1180201462846BDE80E
:10BD60007040042302B0FEF72DB900212046984709
:10BD70000546EDE7C5BB02002DE9F043044685B05A
:10BD8000154600F10809FFF73BFA314BA360002389
:10BD9000E360484604F0C0F82E4B256103F14802E9
:10BDA0002360A26004F1260504F14E0628460A35F8
:10BDB000FEF7EEF8AE42F9D10026A0466661266293
:10BDC00058F8200FE0612746234957F81C0FA0615F
:10BDD000A6842046FFF732FA204649F2AF31FFF73A
:10BDE00041FA0425092204F118033146CDE9015234
:10BDF0002046009549F27572FFF744FA0623029334
:10BE0000204604F11403CDE9005545F20442022115
:10BE1000FFF738FA43462046CDE90155009542F236
:10BE2000C4320321FFF72EFA40F209123B46029278
:10BE300001214BF64C022046CDE90055FFF722FACE
:10BE4000484603F0D3FA204605B0BDE8F08300BFB2
:10BE50004C700400386B0400086A04002DE9F041BE
:10BE6000044682B00E46154610309846BDF828703C
:10BE700009F0A2FE26806580182018F008FE08ABA5
:10BE8000054693E803006A4682E803002E4603CA8B
:10BE900046F80C8B0023084AEB6047F002077360FA
:10BEA00068602046A780A560E360C4E90833A96004
:10BEB0006A6102B0BDE8F081D1BB02002DE9F04F0C
:10BEC00003683D4D1B694F89B1F80090AB428BB0C0
:10BED00006460C4601F10C0866D13A3003884B4502
:10BEE0000DD03368B4F800901B69AB425FD106F106
:10BEF000440003884B4519D00BB0BDE8F08F032FE9
:10BF0000FADD3D1F25F0030508F10808454410340B
:10BF100034F8022C34F8041C012306A8043409F078
:10BF20002BFEA542F4D10BB0BDE8F08F032FE3DD6B
:10BF3000043F27F0030708F10805DFF880B03D440F
:10BF400010344FF0000A01E0AC42D5D034F8047C44
:10BF500034F8022CD6F8108005920F2F4FF02800ED
:10BF6000CDE906BA04F10404EED018F090FD06AB5A
:10BF7000814693E8030010238DE8030002933946BD
:10BF80003346059A4846FFF769FFD8F8003049461E
:10BF90005B68404698470028D6D0484604F090FF9A
:10BFA000484618F06DFDCFE70221984796E7032138
:10BFB000304698479DE700BFC5BB02001DBD02008B
:10BFC00030B591B00446FFF7EDF908B9A38C0BB971
:10BFD00011B030BD0D4B2569CDE9043004AB0246EC
:10BFE00093E803001023A2848DE803000293114616
:10BFF000234606A8FFF732FF2B6806A99B68284650
:10C00000984706A804F05CFF11B030BD1DBD0200CA
:10C01000A0F10800FFF7D4BF0420704701EB8101B5
:10C0200000EB41005230704710B5074B074A0360E0
:10C0300000238260C3810446083003F0DDFF204600
:10C04000FFF7EEF8204610BDA46B04004C7004000E
:10C0500010B5084A084940F8082C00220160C28047
:10C06000A0F1080403F0C8FF2046FFF7D9F82046E6
:10C0700010BD00BFA46B04004C70040010B5094B48
:10C08000094A036000238260C3810446083003F03C
:10C09000B3FF2046FFF7C4F8204618F0F1FC204615
:10C0A00010BD00BFA46B04004C70040010B5094A19
:10C0B000094940F8082C00220160C280A0F1080460
:10C0C00003F09AFF2046FFF7ABF8204618F0D8FCA3
:10C0D000204610BDA46B04004C7004002DE9F84FFD
:10C0E0000368BC4F1A690E88BA4204460D4640F0F8
:10C0F00042815C300288B24200F0F6801A692E88D4
:10C10000BA4240F0338104F152000288B24200F09A
:10C11000A3801B692E88BB4240F0E28004F16600D8
:10C120000388B34258D023682E881B69BB4240F075
:10C13000438104F170000388B34201D0BDE8F88F59
:10C14000B5F80A80B8F1010FF8D9A8F1020805F195
:10C150001003C8F34E0803EB48080E354FF00109F1
:10C160000C2716E0122B94BF18221346206915F8ED
:10C17000011C98BF12FB037203EB430300EBC303E4
:10C1800088BF0C22DB6810441B6898470235A8451D
:10C19000D4D015F8023CA16909FA03F21140F5D197
:10C1A00060690240DED0122B9ABF182010FB037288
:10C1B0000B46206915F8011C03EB430300EBC30396
:10C1C00088BF0C22DB68FF291044DB6814BF89009C
:10C1D00040F2FF319847D9E76A89002AAED07E4BFA
:10C1E000A3FB023AA2EB0A030AEB530A4FEA9A0AAC
:10C1F000CAEBCA03D21A92B2002A9FD11AF0FF0AE0
:10C2000091D005F10C08072313FB0A8A18E01822C5
:10C210000C2012FB030B206903EB4303DE008319A0
:10C220005844DB68DB6898472069064408F1070832
:10C23000F36849465B6B58449847C2453FF473AF77
:10C2400098F80030B8F80110D8F80390122BDED916
:10C2500000234FF00C0BDEE76A89032A7FF659AF03
:10C260002646EA6846F8142F1B69BB4240F0AD80B1
:10C2700004F152082046FFF783F8324601460423B2
:10C280004046FDF78BFE00264FF0010909E006EB62
:10C290004602D20002F10C01002B7ED10136132E92
:10C2A00018D0D4E9052309FA06F818EA020F08EABB
:10C2B0000303ECD006EB4602D20002F10C01002B86
:10C2C000ECD0206902440136D36808445B69984782
:10C2D000132EE6D123682E881B69BB423FF41EAFA4
:10C2E0000221204698471BE76A89032A7FF606AF9A
:10C2F0002646EA6846F8182F1B69BB4260D104F154
:10C300005C082046FFF73CF83246014604234046CD
:10C31000FDF744FE00264FF0010908E006EB460257
:10C32000D20002F10C0153BB0136132E18D0D4E910
:10C33000052309FA06F818EA020F08EA0303EDD00C
:10C3400006EB4602D20002F10C01002BECD0206972
:10C3500002440136D36808445B699847132EE6D13E
:10C3600023682E881A69BA423FF4CDAE00212046D8
:10C3700090472368C9E6012190472368BAE62069FF
:10C3800002440844D3685B689847636918EA030F5E
:10C39000CAD0A36908EA0303D2E72069024408442B
:10C3A000D3685B689847636918EA030F3FF476AF78
:10C3B000A36908EA03037DE7032120469847BAE60C
:10C3C00001212046984780469BE700212046984758
:10C3D00080464FE71DC00200254992242DE9F04315
:10C3E000044685B0154600F10808FEF709FF364BF4
:10C3F000A3600023E360404603F08EFD334B2561CC
:10C4000003F148022360A26004F1520504F17A06A8
:10C4100028460A35FDF7BCFDAE42F9D10025C4F827
:10C420004A502046C4E90555C4F83E502849C4F88E
:10C430004250C4F84650C4F84D50E561256265622B
:10C440002585FEF7FBFE04264FF00509204641F244
:10C450007B21FEF707FF294604F114032046CDE9AE
:10C460000169009645F69902FEF70CFF04F11803E6
:10C470002046CDE9016900964BF6FE120121FEF738
:10C4800001FF04F11C070E223B46CDE900222046A5
:10C4900002964DF622020221FEF7F4FE40F20D1242
:10C4A0001423CDE90132032104F12A034FF40D4294
:10C4B00020460095FEF7E6FE404602F097FF204634
:10C4C00005B0BDE8F08300BF4C700400A46B04000D
:10C4D000086A04002DE9F047002405468A46A04674
:10C4E0000C264FF001091CE04B689847C0B22B198D
:10C4F000BAF1000F03D193F83E2082420CD005EB35
:10C50000480208F10108B8F1090F83F83E0082F8EB
:10C510002A4082F82B001ADC0134132C06F118068D
:10C5200015D0AB6909FA04F21A4204EB440CF3D0BB
:10C530002B696F6903EBCC0C3A4233441846DCF8A4
:10C540000C10D1D04A699047C0F38700CFE740462E
:10C55000BDE8F08703680D4A1B69934270B5044635
:10C560000D460E880FD170300388B34200D070BDE5
:10C5700001212046FFF7AEFF0028F8D02A34400002
:10C58000AC60A88170BD03219847EDE71DC0020093
:10C590002DE9F0410446FEF705FF08B9BDE8F0813A
:10C5A00000212046FFF796FF0028F7D023680D4AA8
:10C5B0001B694000934285B204F12A070CD104F1B3
:10C5C00070062046FEF7DCFE2B463A460146304612
:10C5D000BDE8F041FDF7F6BC03212046984706462A
:10C5E000EFE700BF1DC00200A0F10800FFF7D0BFB9
:10C5F0000320704701EB810100EB410028307047B8
:10C600002DE9F84F03681B4A1B690C889342834647
:10C6100089462CD128300388A34201D0BDE8F88F89
:10C620000027BA460BF10B054FF0010805F801AFE2
:10C630003EB20024DBF8080021B23246103009F087
:10C6400053FBC4F10403013420B12A7808FA03F340
:10C6500013432B70052CEDD10137052FE6D10BF1DB
:10C660000C03C9F80830A9F80C70BDE8F88F002158
:10C670009847D0E7F5C502002DE9F0430368404C28
:10C680001B69B1F80080A34283B005460E4601F154
:10C690000C076AD12830038843451FD02B68B6F8B1
:10C6A00000801B69A34263D105F132000388434532
:10C6B0003CD02B6837881B69A3425DD105F13C0053
:10C6C0000388BB4202D003B0BDE8F0837389012B1D
:10C6D00084BFB3896B8203B0BDE8F0837389013BEB
:10C6E000042BDBD8A868383006F00EFD7389002BC8
:10C6F000E9D04FF000090FFA89F800243B78A868C8
:10C70000C4F10402134143F3000321B2DBB2103041
:10C710004246013409F0D2FA052CEFD1738909F1B0
:10C7200001094B4507F10107E5DCCCE7B6F90A2022
:10C730003946684609F064FEA868383006F0E4FC23
:10C74000A868694600F1380401A809F073FE6A8AF6
:10C7500001A9204606F0AEFD01A809F0D9FD684602
:10C7600009F0D6FD03B0BDE8F0830021984792E7B9
:10C7700001212846984799E70221284698479FE7D4
:10C78000F5C50200F0B5044685B01546FEF738FD44
:10C79000234B2360A56004F12800FDF7F9FB04F1A9
:10C7A0003200FDF7F5FB04F13C00FDF7F1FB00253D
:10C7B000782363822046E56025741A492575FEF7C3
:10C7C0003DFD20464DF61D11FEF74CFD052604F1FA
:10C7D0000C0740F205123B4629462046CDE901628E
:10C7E000009647F67732FEF74DFD14220421A31878
:10C7F000CDE9012120460092012149F2EE32FEF7F7
:10C8000041FD02212046029604F11203CDE90011F8
:10C8100040F62D52FEF736FD204605B0F0BD00BFB4
:10C82000106C0400086A04000420704701EB8101C9
:10C8300000EB41001830704782B070B50C4684B0F0
:10C8400005464968206802AC03C4039908AC481047
:10C8500084E80C00CB0745BF2A58029B029CD458A1
:10C860000AAB2E1893E803008DE8030008AB0CCB4D
:10C870003046A04704B0BDE8704002B0704700BF2A
:10C88000F0B503681C4E1B690F88B34285B004469F
:10C890000D4629D12C300388BB420BD023682F884A
:10C8A0001B69B34223D104F136000388BB420ED08A
:10C8B00005B0F0BD6B89012BF0D9AB89A3820222B0
:10C8C00001230621684609F057F905B0F0BD6B89D0
:10C8D000002BEDD02B7BA375012BE9D1042206217F
:10C8E000684609F049F9E3E702219847D3E70321B5
:10C8F00020469847D9E700BF2DC8020010B504466E
:10C90000806804F093FFA081A06804F09DFFE0819F
:10C91000A06804F0A7FFA36820821A681846536A2B
:10C920009847A082A06804F05DFF00B910BDA06820
:10C9300004F0A6FF608210BD70B50446806804F064
:10C940000FFFA8B10323A37523680D4A1B69934207
:10C9500004F116060FD104F136052046FEF710FD4E
:10C960003246014601232846BDE87040FDF72ABB48
:10C970000223A375E8E70321204698470546ECE724
:10C980002DC802002DE9F0410446FEF70BFD08B961
:10C99000BDE8F0812046FFF7B1FF2368244D1B69F5
:10C9A000AB4204F1140738D104F12C062046FEF7FF
:10C9B000E7FC3A46014602233046FDF7EFFA2368CA
:10C9C0001B69AB4204F10C0722D104F11806204682
:10C9D000FEF7D6FC3A46014606233046FDF7F2FA4A
:10C9E000A06804F0FFFE0028D2D023681B69AB4288
:10C9F00004F1120616D104F122052046FEF7C0FC10
:10CA00003246014602232846BDE8F041FDF7DABA76
:10CA10000021204698470646D9E70221204698473C
:10CA20000646C3E70121204698470546E5E700BFD3
:10CA30002DC8020070B5044605468068A18A0368C7
:10CA40001B6A9847A06803685B6A984723680C4A8A
:10CA50001B6925F8140F93420CD104F12C062046D3
:10CA6000FEF78EFC2A46014602233046BDE87040A0
:10CA7000FDF794BA0221204698470646EFE700BF2B
:10CA80002DC8020082B08DE80C00BDF80230012BE9
:10CA900005D0022B09D0042B04D002B0704702B09D
:10CAA000FFF770BF02B0FFF747BF02B0FFF7C2BF8A
:10CAB0002DE9F041044682B00E46154610309846E6
:10CAC000BDF8287009F078F826806580182017F0E6
:10CAD000DEFF08AB054693E803006A4682E80300E0
:10CAE0002E4603CA46F80C8B0023084AEB6047F039
:10CAF0000207736068602046A780A560E360C4E910
:10CB00000833A9606A6102B0BDE8F08139C802004B
:10CB10002DE9F04385B0BDF838803BB30C9C14B3CD
:10CB20000F2902D1B8F1C00F20D1064628201C469B
:10CB30000D46174617F0ABFF0CAB814693E8030098
:10CB40003A468DE8030023462946CDF8088048463A
:10CB5000FFF7AEFF336849465B683046984740B9F7
:10CB600005B0BDE8F0830D9CE407D9D46FF47A706A
:10CB7000F6E7484604F0A4F9484617F081FF01485B
:10CB8000EEE700BF16FCFFFF2DE9F0411D4F1E4DE3
:10CB90008AB000260446FFF7B1FECDE908760AAB5D
:10CBA00013E903008DE80300C0222346286802929F
:10CBB00006210122FFF7ACFFCDE9067606AB93E82C
:10CBC00003002A684FF010088DE803002346104642
:10CBD000CDF8088002220621FFF79AFFCDE90476FE
:10CBE0000DEB080393E803002D68CDF808808DE86D
:10CBF00003002346042228460621FFF789FF0AB0D6
:10CC0000BDE8F08185CA0200EC3E002070B5044604
:10CC100084B01546FEF7F4FA2E4BA560236004F1AC
:10CC2000180504F1400628460A35FDF7B1F9AE4271
:10CC3000F9D10025A06825610368E5605B6A984723
:10CC4000A575A08224492046FEF7F8FA4FF2D821B4
:10CC50002046FEF707FB092606232946CDE90136C3
:10CC6000022500934FF6113204F10C032046FEF723
:10CC700009FB04F1120349F2157201212046CDE9A6
:10CC800001560095FEF7FEFA05232946029343F666
:10CC90006C0204F114032046CDE90055FEF7F2FAC8
:10CCA00001230C22CDE901320093204604F1160342
:10CCB0004BF258320321FEF7E5FA2046FEF772FBED
:10CCC00028B1064B1B6813B12046FFF75DFF2046D5
:10CCD00004B070BD4C6C0400086A0400EC3E0020F7
:10CCE000024B1B680BB1FFF74FBF7047EC3E0020B3
:10CCF00030B5114B1C6891B0BCB10A46B9B90F49A7
:10CD0000CDE9041204A9034603C910258DE80300E8
:10CD10000295062106A8FFF7CBFE236806A99B68AB
:10CD20002046984706A804F0CBF811B030BDFFF7B5
:10CD30002BFF11B030BD00BFEC3E002085CA0200C1
:10CD40000021FFF7D5BF00BF0120704701EB810133
:10CD500000EB41007030704782B070B50C4684B073
:10CD600005464968206802AC03C4039908AC481022
:10CD700084E80C00CB0745BF2A58029B029CD4587C
:10CD80000AAB2E1893E803008DE8030008AB0CCB28
:10CD90003046A04704B0BDE8704002B0704700BF05
:10CDA0002DE9F041044686B0002590461F46FEF767
:10CDB00027FA2E492160C4E90287258284F854505D
:10CDC000A56504F17000FDF7E3F820462849E56504
:10CDD00025666566A566E566FEF730FA20464DF6DF
:10CDE0001D11FEF73FFA04F15C0614220A273346B0
:10CDF0002946CDE901272046009243F61032FEF77E
:10CE000041FA2820D4F8088017F041FE0646103079
:10CE100008F0D2FE24233360182017F038FE154A9C
:10CE2000CDE90425074604AA034603CA47F80C4B7C
:10CE3000DD607D6058609960D8F800200E49F5608B
:10CE400012205961B360B080C6E908555368404666
:10CE50003146984718B9204606B0BDE8F081304603
:10CE600004F02EF8304617F00BFEF4E7C06C040017
:10CE7000A86C0400B1D1020059CD0200F0B5037CCA
:10CE8000CA78934285B0054629D022D99B1A072B30
:10CE9000CCBF00240124D4B9314A2B68128804AED7
:10CEA000214626F8102D28461B6998470746284634
:10CEB000FEF766FA0223014632463846FDF782F84D
:10CEC0006B7C85F854400433DBB26B742B7405B073
:10CED000F0BDD31AF82BD4BF00240124DBE70A46A7
:10CEE00090F8540001332B7452F804CF030105F17C
:10CEF0001404E01857689668D26844F803C0476085
:10CF00008660C26095F85430012B0FD01ED3032BDE
:10CF100018D101231A462421684608F02DFE6B7CA7
:10CF2000002204336B7485F85420D0E78B7849785D
:10CF3000AA6D1B0443EA016313430222AB6585F823
:10CF40005420C4E7013385F85430C0E7B1F801300C
:10CF50005BBA9BB20122AB6585F85420B7E700BFEE
:10CF6000806C0400F0B503684F4A1B690E88934239
:10CF700097B004460D4615D170300388B34201D0F6
:10CF800017B0F0BD6B89002BFAD02A7B022A17D08C
:10CF90000BD8DAB1012AF3D105F10C012046FFF7D5
:10CFA0006DFFEDE700219847E7E7EE2A5FD0FF2A03
:10CFB000E6D16B7B23B1012BE2D1F9F7ABF9DFE7C7
:10CFC0000123242106A808F0D7FDD9E706A802F01E
:10CFD000FBFB364B1A684AB9129A3AB19DF84410D5
:10CFE000032903D132481399026019606B7B8DF8D5
:10CFF0000530142106A803EB830201FB030316A9E5
:10D0000001EB820252E90E62103303CB330E8DF82E
:10D0100009608DF80630330C360A25688DF80D202E
:10D020008DF807308DF80860130C0026170E120AD1
:10D030008DF80C20CDF80E00CDF812108DF80A7086
:10D040008DF80B308DF804602B69314620469847E7
:10D0500005462046FEF794F901AA01461223284608
:10D06000FCF7B0FF268284F85460A66588E7114B70
:10D07000002518688DF81A504FF4F773ADF8183082
:10D08000FDF786FD23688DF81A0029461B692046A6
:10D09000984705462046FEF773F90323014606AA82
:10D0A0002846FCF78FFF6BE74DCD02006C3900205E
:10D0B000703900206039002010B5ADF5627D01A8FF
:10D0C00002F0C4F94FF46072002102A817F03AFD93
:10D0D0000220012300225821039003A80A930DF097
:10D0E00025F800220290C3219AA80DF01FF840F6FF
:10D0F000FC7399901A68013232D04FF080521C684C
:10D1000013691C4420464FF4607202A917F0E7FC33
:10D11000B0B940F6FC731C684FF4607202A9204657
:10D1200017F0DDFC48B1214601A802F091F902AAEE
:10D13000214601A8E02302F0C1F90DF5627D10BD82
:10D14000214601A802F084F9E023214602AA01A8A1
:10D1500002F0B4F940F6FC731B680133D9D10EE03C
:10D160004FF010224FF0805394691B691C442046F5
:10D170004FF4607202A917F0B2FC0028E0D14FF022
:10D1800010239C69C8E700BF40F6FC731A6801329F
:10D190000ABF4FF010231A689A694FF080531B6939
:10D1A000134493F8A13203B97047FFF785BF00BF5E
:10D1B00082B02DE9F04782B00AA90546684681E8A9
:10D1C0000C0002F043F9BDF82A40022C56D0FF2C87
:10D1D0004BD0012C04D002B0BDE8F04702B070473C
:10D1E0004F49E86806F086FC0746002865D001AE86
:10D1F000384617F045FC4FF08052AC6D1169B4FB16
:10D20000F1F301FB13438BB9116989080ED0216832
:10D21000013108BF201D04D04AE050F8041B013141
:10D2200046D111690133B3EB910FF6D3214668461D
:10D2300005F11402102302F041F94FF601722B6838
:10D24000ADF804201B69002128469847044628466B
:10D25000FEF796F83246014602232046FCF7B2FE5E
:10D2600002B0BDE8F04702B070472E4B1868FDF7DA
:10D270006FFC02B0BDE8F04702B07047102368466B
:10D2800005F11402A96D02F019F9FFF715FFE8681E
:10D29000234906F07FFD244B186810B1012100F0EE
:10D2A000F3FFF9F737F802B0BDE8F04702B0704776
:10D2B0002146684602F0CCF8B8E702AE234606F8ED
:10D2C000044D1A4C1649E868324606F059FC2368AA
:10D2D000002B8DD0164AD2F800A09A4588D2DFF8EC
:10D2E00054904FF08058AAF104030AF6FC7101E053
:10D2F0008B420BD053F8042F0132F9D051464846E7
:10D3000002F0B2FF5146684602F0A2F8D8F8103099
:10D31000226823F003039A449245E4D368E700BFF0
:10D32000846C040060390020C03800206C39002073
:10D3300070390020946C04000220704701EB8101D9
:10D3400000EB41001030704782B070B50C4684B0DD
:10D3500005464968206802AC03C4039908AC48102C
:10D3600084E80C00CB0745BF2A58029B029CD45886
:10D370000AAB2E1893E803008DE8030008AB0CCB32
:10D380003046A04704B0BDE8704002B0704700BF0F
:10D390002DE9F04103681A4E1B690F88B342044619
:10D3A0000D4624D11A300388BB4201D0BDE8F0817C
:10D3B0006B89012BFAD9A989E181A068F9F7A0FF4F
:10D3C000A068F9F7A5FF23681B692546B34225F835
:10D3D0000E0F0FD104F11A062046FDF7D1FF2A46A1
:10D3E000014602233046BDE8F041FCF7D7BD0121DC
:10D3F0009847D8E70121204698470646ECE700BF4A
:10D400003DD3020082B070B504A981E80C00044647
:10D41000FDF7C8FF18B9BDE8704002B07047A068BA
:10D42000F9F762FF25460D4A05F80C0F23681B69C2
:10D4300093420DD104F110062046FDF7A1FF2A46C4
:10D4400001463046BDE87040012302B0FCF7BABD8A
:10D450000021204698470646EEE700BF3DD3020074
:10D460002DE9F041044682B00E461546103098462C
:10D47000BDF8287008F0A0FB26806580182017F002
:10D4800006FB08AB054693E803006A4682E8030002
:10D490002E4603CA46F80C8B0023084AEB6047F07F
:10D4A0000207736068602046A780A560E360C4E956
:10D4B0000833A9606A6102B0BDE8F08149D3020077
:10D4C00070B5044686B08068F9F70EFF2073A06837
:10D4D000F9F71EFF144A154BE0810493282000231E
:10D4E0001668059317F0D3FA06AB054613E9030057
:10D4F000C0228DE80300234602920821284601221B
:10D50000FFF7AEFF336830465B682946984708B995
:10D5100006B070BD284603F0D3FC284606B0BDE82F
:10D52000704017F0ADBA00BFEC3E002005D40200F9
:10D5300070B5044684B01546FDF762FE1E4B2360AD
:10D54000A56004F11000FCF723FD002604F11A0089
:10D55000FCF71EFD2673E68120461849FDF76EFE96
:10D5600020464FF4C241FDF77DFE012509223146D8
:10D5700004F10C032046CDE90152009549F25022F6
:10D58000FDF780FE052602222046CDE90126009205
:10D59000294604F10E0341F62532FDF773FE2046BD
:10D5A000FDF700FF28B1064B1B6813B12046FFF7BB
:10D5B00087FF204604B070BDFC6C0400086A0400BC
:10D5C000EC3E0020024B1B680BB1FFF779BF7047A0
:10D5D000EC3E002010B5114B1C6890B0C4B1C9B925
:10D5E0000F4ACDE9042104AA034692E80300102261
:10D5F0008DE8030002920821012206A8FFF730FF00
:10D60000236806A99B682046984706A803F058FCA3
:10D6100010B010BDFFF754FF10B010BDEC3E00205D
:10D6200005D402000021FFF7D5BF00BF02207047DC
:10D6300001EB810100EB41002430704790F823207A
:10D640000023038480F8223002B9704700B585B00A
:10D650000123032240F2FF31684608F08DFA05B03D
:10D660005DF804FB2DE9F0410446FDF79BFE18B977
:10D6700000263046BDE8F0812368DFF890801B6902
:10D680004345064639D104F1240003899B07EFD5B1
:10D6900094F82230E068E77C94F82110132B0744BB
:10D6A00018D894F82020914205D113E094F8202056
:10D6B0008A420FD0E0685A1C84F82220425CFA5457
:10D6C00094F82230E07C0131132B91FBF0F200FB47
:10D6D0001211EBD92268126942459DB211D104F1B1
:10D6E00024082046FDF74CFE2B4601463A464046AC
:10D6F000FCF7A6FC3046BDE8F081002120469847A3
:10D70000C3E70021204690478046EAE731D6020071
:10D7100030B503681B4A1B690D88934285B00446E7
:10D720002DD124300388AB4201D005B030BD94F830
:10D73000222094F82130E17C94F8235013440020F7
:10D7400093FBF1F201FB123384F8213084F82200BC
:10D750000123032240F2FF31684608F00DFA002D44
:10D76000E3D194F82230002BDFD194F8212094F8F3
:10D7700020309A42D9D02046FFF774FFD5E7002128
:10D780009847CFE731D602002DE9F04F0368304AC1
:10D790001B690C88934285B005460F4654D12E3044
:10D7A0000388A34202D005B0BDE8F08F7B89002B2F
:10D7B000F9D00C3707EB030B2B7CAA7C687C591C37
:10D7C00091FBF2F602FB161686422AD0AA6997F858
:10D7D0000080B2F90290B9F1000F17DD05F1180AC7
:10D7E000002401E0A14510D021B2504608F06AFEA5
:10D7F000804504F10104F5D101231A464FF49661E6
:10D80000684608F0B9F9A145EED12B7CAA6802F868
:10D810000380EB692E749E420BD00137BB45CBD100
:10D82000C1E7012303224FF49661684608F0A4F98A
:10D83000F3E74FF0FF33EB61022201234FF49661CF
:10D84000684608F099F9E8E701219847A8E700BF82
:10D8500031D602002DE9F041044684B015461E463B
:10D86000FDF7CEFC2046254B40F8183B08F0EAFDBA
:10D87000013604F12400FCF78BFBF6B204F12E0014
:10D880000135FCF785FBEDB206F1280028440121A3
:10D8900003F0D2FA05F1140300270344C4E902039C
:10D8A000A5742046E6742782278484F8227084F8C1
:10D8B00023701349FDF7C2FC20460121FDF7D2FC7D
:10D8C000A36800974FF0140806222B442046CDE9A8
:10D8D000018201210322FDF7D5FCE368CDF8048025
:10D8E0001022204602920097394633440222FDF767
:10D8F000C9FC204604B0BDE8F08100BF486D0400BB
:10D90000306D0400012923D070B50446407C71B10C
:10D91000A57C461C022996FBF5F205FB126202D19A
:10D92000237C83420DD0A368185C627470BD237C95
:10D93000834210D0A37C411C91FBF3F203FB121233
:10D94000F1E7E2614FF4966003F028F8607CF1E7BC
:10D950006FF47A707047014870BD00BF0CFCFFFF88
:10D960002DE9F04FB2F1000883B040F39980012B0C
:10D9700000F0968005461E460091FDF713FD002835
:10D9800000F08B802B68484F1B69BB4240F08180C0
:10D9900005F1240003899A077FD54FF0000B05F1AC
:10D9A0002403DA4601934FF001092846FDF7FAFCFB
:10D9B000002858D02B681B69BB4258D101980389B5
:10D9C0009B0750D5C34527DA95F82010EA7C95F8D7
:10D9D00021004B1C93FBF2F402FB143398421BD042
:10D9E000009A0BF1FF30104408E0EC7C95F821C060
:10D9F00092FBF4F304FB13239C450DD0EA6810F866
:10DA0000014F54540BF1010BD9B2D84503F1010277
:10DA100085F82010E9D1C346022E2CD185F8239039
:10DA2000032140F2FF3002F005FE95F8223043B9A1
:10DA300095F8212095F820309A4202D02846FFF729
:10DA400011FE02F07BFFD84585F823A0ADD195F8F3
:10DA5000212095F820309A4205D02846C346FDF78C
:10DA6000A1FC0028A6D1584603B0BDE8F08F0021E4
:10DA700028469847A3E795F82230002BF3D195F874
:10DA8000212095F820309A42EDD02846FFF7EAFD94
:10DA9000E9E70021284698477CE7DFF810B0E2E785
:10DAA0006FF47A7BDFE700BF31D6020016FCFFFF80
:10DAB00010B40C681346211DB4F902205DF8044B24
:10DAC000FFF74EBF012BF8B541D017460D4606466D
:10DAD000D3B1022B2AD1437C027C9A423DBF817C88
:10DAE0008918CB1AD31A9F4223DC002F1EDD6C1E2F
:10DAF000E51902213046FFF705FF04F8010FA542A2
:10DB0000F7D13C462046F8BD002A0FDD4D1E1C46CD
:10DB100004E00134A74205F8010FF3D0002130469C
:10DB2000FFF7F0FE0028F4DA2046F8BD0024204676
:10DB3000F8BD817C3A44D31A93FBF1F201FB123316
:10DB4000C36102214FF4966002F028FFCDE76FF425
:10DB50007A74D7E7012A0FD010B51830144608F0B0
:10DB600077FC022C01D0002010BD01214FF49660FB
:10DB700002F014FF002010BD6FF47A70704700BFF0
:10DB80002DE9F04F87B000AF012B7B60F86000F00B
:10DB9000B6804D7C0C7CBD60A5428946934636D04C
:10DBA0001168D9F80830B1F902105E5D002905F15D
:10DBB000010824DD00244FF0FF3A21B2584608F056
:10DBC00081FCDBF80010B1F902100134B04208BF4B
:10DBD000AA46A142F1DC99F8120099F8104098FB8E
:10DBE000F0F500FB1585AC421CD0BAF1FF3F40D1E7
:10DBF000D9F8083000295E5D05F10108DADC99F8F2
:10DC0000120098FBF0F500FB1585A542CDD17B688D
:10DC1000022B0DD0F86808F015FCF8681C37BD46DB
:10DC2000BDE8F08F7B68022B23D1BAF1FF3F20D1F2
:10DC3000594607F1140008F0FDFB07F11401022218
:10DC40004846FFF787FF07F1140008F061FB99F8D9
:10DC5000103007F1140003F1FF3A08F0F3FB07F16D
:10DC6000140109F1180008F0F3FB07F1140008F0A3
:10DC70004FFBBAF1000FCDDBBB6899F812409A4513
:10DC8000ABBFBB68E61AAAEB0306564406F10802CE
:10DC900022F007026D46ADEB020D00216846721CB2
:10DCA00016F050FFB7F80880D9F808E01FFA8AF399
:10DCB000984569460FD00DF1FF3C08F1010090FB3B
:10DCC000F4F204FB12021EF808000CF8010F1FFA10
:10DCD00082F84345F1D199F81130F86801333344A3
:10DCE00093FBF4F204FB123489F8114032B208F0CD
:10DCF00087FBF868AD461C37BD46BDE8F08F6FF472
:10DD00007A7108F025FBF8681C37BD46BDE8F08F36
:10DD1000437C027C934283BF807C8018C01AD01A57
:10DD2000704700BF10B5054B03606C33044640F8E4
:10DD3000183F05F079FB204610BD00BF846D04003C
:10DD400010B5054B40F8183C04466C3344F81839BC
:10DD500005F06AFB204610BD846D040010B5064B2B
:10DD600003606C33044640F8183F05F05DFB204625
:10DD700016F086FE204610BD846D040010B5074ADB
:10DD800040F8182C02F16C01A0F11804016005F0B4
:10DD90004BFB204616F074FE204610BD846D040037
:10DDA000F0B583B016469DF82050CAB21F463146E2
:10DDB000012304460AF05AF8012D04F1180003D09B
:10DDC000032D14BF0025022500213B46009101953B
:10DDD0003246214605F0F6FB034B236020466C33A8
:10DDE000A36103B0F0BD00BF846D0400704700BFA5
:10DDF000084602F0ADBD00BF82B070B50C4684B0DD
:10DE000005464968206802AC03C4039908AC481071
:10DE100084E80C00CB0745BF2A58029B029CD458CB
:10DE20000AAB2E1893E803008DE8030008AB0CCB77
:10DE30003046A04704B0BDE8704002B0704700BF54
:10DE400082B08DE80C0000F62C10002102B0F8F72B
:10DE50009BB800BF10B500F5E7642046F8F7B4FFA3
:10DE600018B12046F8F7B8FF18B9BDE810400BF01C
:10DE700043BB2046F9F792F90028F6D110BD00BF48
:10DE800082B010B502A981E80C00BDF80A30033B4E
:10DE90000A2B2AD8DFE803F016290E06292929299A
:10DEA00029290E00BDE81040D0F81809036802B017
:10DEB0009B6A1847BDE81040D0F81409036802B007
:10DEC0001B6B18470446002100F5076005F0AEFB08
:10DED00004F68800002105F0A9FB04F50A60BDE8FE
:10DEE0001040012102B006F091BEBDE8104002B022
:10DEF000704700BF704700BF2DE9F04F83B0DDE9E8
:10DF00000C9ABDF83880002B3BD0B9F1000F35D00A
:10DF10000F2902D1B8F1C00F33D1074628201D4682
:10DF20000E46934616F0B3FD0446103007F044FE4B
:10DF300018202680A4F802B016F0A9FDCDE9009AB9
:10DF400006466B46024603CB46F80C5B00233D6851
:10DF5000D36048F002087360E360506091600E493E
:10DF60005161C4E90833A4F80480A2606B683846A4
:10DF70002146984740B903B0BDE8F08F1AF0010F71
:10DF8000C6D16FF47A70F6E7204602F099FF20467A
:10DF900016F076FD0148EEE7F9DD020016FCFFFF02
:10DFA0002DE9F04F87B00446F8F71AF9AE4B002779
:10DFB000C4E90137201D01F0AFFFAC4B236004F131
:10DFC0000C083833636004F134064046FCF7EAF984
:10DFD00004F14C05C4F8308030460922A4490BF006
:10DFE00005FA04F1640828460A22A2490BF0FEF95A
:10DFF00040461A22A0490BF0F9F93A46314601236E
:10E0000004F1800004F006FE04F1E00704F1B8001A
:10E0100006F048FB04F5497B2946222338465B225B
:10E0200008F062FC04F559754146584612220AF080
:10E03000B9FF04F2AC6339465A46284604F20C781C
:10E04000039300F081F98D4B039804F5CB6204F53E
:10E05000C8610AF0E3FD04F5B66204F5B361404619
:10E0600001F046FE04F5A16204F5A46104F5E46044
:10E0700001F03EFE04F5E7674FF0250CCDF800C037
:10E0800033462A4641463846F8F730FC262604F542
:10E09000EF6341462A461846049300963B46F9F73B
:10E0A00079F940F6F87304F2A4751A6801320ABFD0
:10E0B0004FF01023196859694FF0805304F2B47679
:10E0C00018691B6900EB4000091A01222846FAF77B
:10E0D000B3F8294630460022059605F0C7FCD4F86F
:10E0E0008816C4F8D417D4F88C16C4F8D817D4F806
:10E0F0009016C4F8DC1704F5B962D4F89416C4F885
:10E10000C02704F5BC6304F5BF6704F5C26604F6D6
:10E11000040A04F5C560C4F8C437C4F8C8770523F9
:10E12000C4F8CC67564AC4F8E01704F5F865D4F88B
:10E130009816C4F8D00704F2D47704F5FD66C4F845
:10E14000E417C4F8E837C4F8EC37C4F8F037C4F87B
:10E15000F437C4F80028504631460722C4F8F8576F
:10E16000C4F8FC77F8F774FA4FF0000901231A4657
:10E1700004F57A71CDE9009904F5076005F022FAFB
:10E180000123022204F58F61CDE9009904F688008D
:10E1900005F018FA03230222012104F50A6006F0B3
:10E1A00093FD5A4640F6AC5304F5A76104F50B60A5
:10E1B00006F0F2FD092104F6D80001F071FB0821F8
:10E1C00004F51060F9F73AF8404600F0B9FBC4F8DE
:10E1D0001409404600F078FC059BD4F814290093FC
:10E1E00001465346C4F8180904F5AA6B04F61C103E
:10E1F00001F0B4F85A4604F55C7104F62C10F7F7F8
:10E2000051FE04F5CE6ADDE90321042304F59350A1
:10E21000F8F7B2FAA4F80A90504609F085FD0221F9
:10E22000504609F06FFCB4F87636164923F4807333
:10E230004046A4F8763608F0CFFE55F8040B0121CD
:10E240000AF028F8AF42F8D155F8040B01210AF082
:10E2500021F8AE42F8D1584601210AF01BF82046B9
:10E2600007B0BDE8F08F00BF4C700400546E04008E
:10E270000090004000A0004000A0014000200040AD
:10E28000186E0400801A060070B5002486B04FF4A2
:10E290008053802205460E4602A821460094F9F7D5
:10E2A000CBFF012302A80E4A01A9F9F71DFF019B2C
:10E2B00073B101236A460A4902A8F9F71FFF05F561
:10E2C0009350F8F7A3FA02A8F9F7C0FF06B070BDA3
:10E2D000002EF4D102A8F9F7B9FF06B070BD00BF57
:10E2E000146E0400A0F10400EEF7A6B910B5084BB7
:10E2F0000360044600F5517007F08CFF054B236066
:10E3000000232046E38001F077FE204610BD00BFC9
:10E31000B06E04004C700400094B10B50446036055
:10E3200000F5517007F076FF064B23600023E38071
:10E33000204601F061FE204616F0A2FB204610BDEB
:10E34000B06E04004C7004002DE9F04FB44B036034
:10E350000026044687B04660CDE9021201F0DCFDDC
:10E360002046B04B40F80C3B02220323642109F005
:10E370007DFD03231A46652104F1240009F076FD92
:10E3800004F1540B03230422662104F13C0009F03C
:10E390006DFD04F16C0A03231F226721584609F022
:10E3A00065FD04F1840503231C226821504609F011
:10E3B0005DFD04F19C07284603230E226921009588
:10E3C00004F1B40909F052FD3846032325226A21DD
:10E3D000019709F04BFD03230B226B21484609F0FE
:10E3E00045FD03230A226C2104F1CC0009F03EFD17
:10E3F00004F1FC08032309226D2104F1E40009F073
:10E4000035FD04F58A7703231E226E21404609F06C
:10E410002DFD3846032317226F2109F027FD032322
:10E420000C22702104F5967009F020FD03231122BF
:10E43000712104F5A27009F019FD03230122722154
:10E4400004F5AE7009F012FD03230D22732104F5CB
:10E45000BA7009F00BFD03232222742104F5C67063
:10E4600009F004FD03231A22772104F5D27009F084
:10E47000FDFC04F5EA7503232022782104F5DE7003
:10E4800009F0F4FC032324227921284609F0EEFC4C
:10E49000324603237A2104F5F67009F0E7FC0323E2
:10E4A00014227B2104F5017009F0E0FC032305220E
:10E4B000862104F5077009F0D9FC032310227C2182
:10E4C00004F50D7009F0D2FC032308227D2104F528
:10E4D000137009F0CBFC032315227E2104F519707B
:10E4E00009F0C4FC032316227F2104F51F7009F0F4
:10E4F000BDFC03230F22802104F5257009F0B6FC32
:10E5000003231822812104F52B7009F0AFFC0323AB
:10E510001322822104F5317009F0A8FC01230622A0
:10E52000832104F5377009F0A1FC012328228421FE
:10E5300004F53D7009F09AFC19228521032304F5A6
:10E54000437009F093FC019BC4F8303304F5517615
:10E55000009BC4F83833C4F83C73C4F82CB3C4F837
:10E5600024A3C4F82893C4F83483C4F84053304635
:10E5700007F030FE2C4A02992C4B11602122A26038
:10E58000039A1A6013272B6828461B6C00219847B2
:10E59000A3680137BB4205F11805F4DCD4F8240365
:10E5A000036800211B6C9847D4F8280303680021F6
:10E5B0001B6C9847D4F82C03036800211B6C984708
:10E5C000D4F83003036800211B6C9847D4F8340357
:10E5D000036800211B6C9847D4F8380303680021B6
:10E5E0001B6C9847D4F83C03036800211B6C9847C8
:10E5F000A1680122013105A807F0F2FD05A9304606
:10E6000007F010FE05A807F005FEA268D4F8443311
:10E610001344204600221A7107B0BDE8F08F00BFF6
:10E620004C700400B06E0400DC3F0020D83F002096
:10E630002DE9F8438268D0F8443313441A7942F044
:10E6400001021A718368002B44DD00250646DFF8BD
:10E650008890A84600F10C0413E0D3F8003703F4C7
:10E660004033B3F5003F06D1D6F844332B441A7932
:10E6700042F008021A71B3680135AB4204F1180484
:10E6800028DDD6F84433277C2B44204683F80480C9
:10E690002368DB69984707F01F020028EBD1202F81
:10E6A00034BF4FF0A0434B4603EB8203D3F800275F
:10E6B00002F44032B2F5403FCFD1D6F844332B4478
:10E6C00001351A7942F004021A71B368AB4204F1C1
:10E6D0001804D6DCBDE8F88300030050F8B5816863
:10E6E000D0F844331E4A0B44197921F00101197105
:10E6F0008368D2F80473D2F80413C2F80813002B0D
:10E700002ADD064600F10C0400250FE011F0080395
:10E7100020464FF0020104BF2046194609F0D8FDFB
:10E72000B3680135AB4204F1180415DD23682046B7
:10E73000DB6998470028F3D1D6F844332B44197984
:10E740004B07E3D52046032109F0C2FDB36801352C
:10E75000AB4204F11804E9DC014BC3F80473F8BDC3
:10E76000006000402DE9F04F324C8568D4F804B3C6
:10E77000D4F80463C4F80863002D83B044DD9946DF
:10E7800000928846064604464FF0000A06E0B36849
:10E790000AF1010A534504F1180435DDE368277FC7
:10E7A000DB6904F10C05284698470028EFD1E3689F
:10E7B00028461B6A98470028E9D0638A13F4007141
:10E7C0002BD0B8F1000FE2D0009A6AB31F2F07F0E8
:10E7D0001F07194A07F5E07198BF4FF0A042019258
:10E7E00052F8211011F4403FD1D113F4807F284614
:10E7F0000CBF0321022109F06BFD0123019A03FAEA
:10E8000007F7C2F82075C2E70A4B0022C3F87C2143
:10E81000C3F804B303B0BDE8F08FB9F1000FB6D070
:10E82000284609F055FDB2E72846009909F050FD49
:10E83000ADE700BF006000400003005010B5044683
:10E84000062918D8DFE801F02B3546575704190080
:10E85000002A54D08368002B0DDD03EB430300EB4B
:10E86000C303418A8C0500F1180002D511680131FB
:10E8700011609842F5D1002010BD8268002AFADDAF
:10E8800002EB420200EBC202438A990544BF23F423
:10E890000073438218308242F6D10020ECE7FFF784
:10E8A000C7FE0122204611460023FFF75BFF002030
:10E8B00010BD8268D0F8443313441B79DA0701D4C1
:10E8C000FFF7B6FE0123204619460022FFF74AFF54
:10E8D000002010BDD0F84433826813441B79DB0755
:10E8E00001D4FFF7A5FE012320461A461946FFF77B
:10E8F00039FF002010BDFFF7F1FE002010BD6FF4BE
:10E900007A7010BD00207047002070476FF47D7052
:10E91000704700BF6FF47D70704700BF10B50446AC
:10E9200003EB43002160C4E902230121800002F0CF
:10E9300083FA002360602382204610BD704700BF29
:10E940002DE9F043524C236813F0010385B00646CD
:10E9500057D0504C2368DA074AD54F4C2368DB0761
:10E9600038D54E4C4E4D0A2002F074FB204609F07B
:10E97000DBF92046022109F0C5F8E3882A7823F460
:10E980008073E3802AB1474B1C68204605B0BDE880
:10E99000F083444FDFF820813A603E213046C8F8CA
:10E9A000002004F0EDFF002851D13221304605F05F
:10E9B000D1FB70BB3C68002C60D0D8F8000018B1C7
:10E9C000214602F013FF3C68012320462B7005B05E
:10E9D000BDE8F083032319228521304809F046FA67
:10E9E0000123314A31492D48236016F04BF8B8E72E
:10E9F0000122022311462E4807F03AF80123236032
:10EA0000ABE7012211462B4807F032F801232360BF
:10EA10009FE7502016F03BF832230522CDE9003263
:10EA20003146244B1D4A044605F07AFB54203C60D5
:10EA300016F02DF806223C23CDE90032044631467B
:10EA40001C4B164A05F070FCC8F80040B2E798204D
:10EA500016F01DF84FF0060C05213E238146CDE946
:10EA6000011C00932246124B314604F05FFF09F16E
:10EA70004403C7F80090C8F8003096E7442016F029
:10EA800006F8052204460B4902F08CFB3C6094E733
:10EA900074390020783900207C3900209439002016
:10EAA0000F47002080390020302000203DE902007F
:10EAB0008C39002084390020AC39002010B5044680
:10EAC00015F0DEFF204610BD30B5044683B00A20A5
:10EAD0000E4D02F0BFFA2046FFF732FF2C6814B14A
:10EAE000204603B030BD234622462146684606F044
:10EAF000BFFF482015F0CBFF69460622044602F00E
:10EB0000BFFD20462C6003B030BD00BFAC390020F3
:10EB100082B070B50C4684B005464968206802ACE6
:10EB200003C4039908AC481084E80C00CB0745BF28
:10EB30002A58029B029CD4580AAB2E1893E8030073
:10EB40008DE8030008AB0CCB3046A04704B0BDE80D
:10EB5000704002B0704700BFF0B44B68456804686D
:10EB60000F688668EB1A06EE903AE71BF8EEE66A45
:10EB700007EE907A8B68F8EEE77A66EEA66AF31AEB
:10EB8000E7EEA76A012A07EE903AF8EEE77AE7EE99
:10EB9000A76A35DD02EB420201EB8207B0EE666A3E
:10EBA0000C3FD1E90303EB1A07EE903A201AF8EE76
:10EBB000E77A07EE100A4A69B8EEC77A67EEA77AD5
:10EBC000B21AE7EE077A0C3107EE102AB8EEC77AD0
:10EBD000E7EE077AF4EE667AF1EE10FAF4EE467A92
:10EBE00048BFF0EE676AF1EE10FAC8BFB0EE676A90
:10EBF0008F42D6D176EE667AF0BC17EE900A704757
:10EC0000B0EE666A76EE667AF0BC17EE900A704750
:10EC10002DE9F0472DED088B84B004AC04E90E001B
:10EC2000159A039E00234FF480619A428146DDE9E4
:10EC30000187C0E9003383608361C0E9031141614A
:10EC400040F3D980149DDFED7C8A02EB420205EB94
:10EC5000820A2C46D4E90013FB1A07EE903AA8EB7F
:10EC60000101F8EEE77A07EE101AA268B8EEC77A4B
:10EC700067EEA77AB21AE7EE077A0C3407EE102A8D
:10EC8000B8EEC77AE7EE077AF5EE407AF1EE10FAC1
:10EC9000B1EEE78A00F1BA80FDEEC87AF8EEE77AC5
:10ECA000F4EE687AF1EE10FAC8BFF0EE678AA2457A
:10ECB000D0D1DFED619AB7EE00BAB0EE69AAF0EEFE
:10ECC00069AAB0EE698AD5E90012B81A07EE900A6F
:10ECD000A8EB010006EE900AF8EEE77AAB6867EE63
:10ECE000A77AF8EEE66AF01A07EE100AE6EEA67AC0
:10ECF000B8EEC77AE7EE077AF5EE407AF1EE10FA51
:10ED0000B1EEE79A00F18780A1EB0801D21B9B1BB3
:10ED10000C3588EE896A07EE901AF8EEE76A07EE7E
:10ED2000902AB8EEE77A07EE903AF8EEE77AC6EE68
:10ED3000895AC7EE096A87EE897A76EE4B7ABDEE7C
:10ED4000C88ABDEEE76A18EE102A16EE103A9A420B
:10ED5000B8BF1A4608EE102AB0EEE56AF0EEE66A91
:10ED6000B0EEC77AAC42E6EE27AAA6EEA7AAE7EE77
:10ED7000279AB8EEC88AA6D16AEE0A7ABDEEE87A7A
:10ED8000EAEEAA7A17EE103AE9EEA97AF5EE407AA1
:10ED9000F1EE10FAF1EEE78A45D44846C9E900875A
:10EDA000C9F80860C9F81830CAEEA86A8AEE287A4D
:10EDB00089EEA86AF7EE007AF0EE675AE8EE265A76
:10EDC000F0EE656AF0EE675AE8EE075AE8EE067A6A
:10EDD000B0EE657AFEEECB6ABEEECB7AFEEECB7A73
:10EDE000C9ED036A89ED047AC9ED057A04B0BDEC7A
:10EDF000088BBDE8F087DFED109AB0EE69AAF0EE5F
:10EE000069AAB0EE698AF0EE698AC6E717EE900A41
:10EE100012F0A4FF40E717EE900A12F09FFFD5E929
:10EE20000012AB6870E717EE900A8DED007A12F0D1
:10EE300095FF009BB1E700BF000000002DE9F04FF7
:10EE40008BB0131E8346019100937ADD03EB4300E0
:10EE500000230A4601EB80001C461946D2E90076E1
:10EE600095680C3282423C4431442B44F6D1009ADE
:10EE700094FBF2F0059091FBF2F193FBF2F3059A0B
:10EE8000CBF80830CBE900215846DDE90021FFF737
:10EE900063FE0023CDE9033305EE900A02930DF1E2
:10EEA0001C086FF0C7096FF0C70A6FF0C7079BE82F
:10EEB000070088E80700DDE90745099E4C443E4409
:10EEC0005544DDE900214046CDE907450996FFF7A5
:10EED00043FE07EE900AF4EEE57AF1EE10FA07F140
:10EEE000C80704D5CDE9035605EE900A0294B7F59C
:10EEF000C87FDCD10AF1C80ABAF5C87FD5D109F1BB
:10EF0000C809B9F5C87FCED1059B029A93420AD0B1
:10EF1000039A029BCBF80420049ACBF80030CBF87C
:10EF200008200593BDE7DBF80430039A9342EFD144
:10EF3000DBF80830049A9342EAD158460BB0BDE89A
:10EF4000F08F00231946059399E700BFF0B587B00D
:10EF500003AC05460E4617462046FFF76FFFCDE986
:10EF60000067284694E80E00FFF752FE284607B0D7
:10EF7000F0BD00BF82B02DE9F04FEDB076A9834619
:10EF8000642081E80C0002F065F80522114610A803
:10EF900006F01EFFBD4911A806F022FF21AB6CA9A7
:10EFA00000229A60C3E900220C338B42F9D1DBF8CE
:10EFB00008008DF864200368B54E9B6ACDE91322E2
:10EFC000CDE91522CDE9172298470B90DBF8080010
:10EFD0000368FF215B6A9847DBF80800383004F0CB
:10EFE00093F843F68C420023079204939A460693C3
:10EFF000CDF814B09B46079B43F68C4293420DF12B
:10F00000640900F0AE80A34A9342C0F2AA80079B35
:10F01000A3F1640214B2002B00F0DA80049B0F2BE2
:10F0200000F0D680079BCDE9074306999A4B059DD2
:10F030002831A3FB0132C820920900FB1212D3B27F
:10F040006868069302F04EFA0446686802F058FABF
:10F0500014F52A7FC0F2A18014F1C80FC0F2B0806D
:10F06000B4F52A7F00F30D81C82C40F31F810323E0
:10F0700010F52A7F09931F4680F2968000230A9399
:10F08000984610A806F010FE814D13AC05E04C45E3
:10F0900005F102050ED014F801BFBBF1010FF6D146
:10F0A0006A782978FF2310A806F008FE4C4505F180
:10F0B0000205F0D1069BDDE9091210A806F0FEFD5D
:10F0C000089B002B02DB049B0F2B08D9059B98683B
:10F0D0000023009310301A4610A906F0E7FE002323
:10F0E0001C460DF1300B04E00134192C2BD016F81E
:10F0F00014309F42F8D106EB44035B784345F3D1CB
:10F100000AEB4A0321A901EB830513AB5846195DAD
:10F1100001294FF00002E7D0059B196802F068FB57
:10F120009BE8070013AB85E80700049D4FF0010240
:10F130001A55013501340AF1010AEBB2192C5FFAB4
:10F140008AFA0493D3D1642001F084FFBAF1180F36
:10F1500047D8079B9DF84CB043F68C4293427FF40E
:10F1600052AF059CA068F9F7E9FAA0684B4900F195
:10F1700038041AA807F000F978221AA9204604F0EA
:10F1800099F81AA807F0C4F843F68C4343F62842CE
:10F19000CDE907230023049347E7002309931F4683
:10F1A00010F52A7FFFF66AAF10F1C80F0CDBB0F53F
:10F1B0002A7F62DCC82875DD03230A93984660E73E
:10F1C000012309931F46EBE701230A93984658E76A
:10F1D000059B9868079B0893383003F095FF0794C8
:10F1E00023E7524621A91AA8DDF814B0FFF7AEFEB6
:10F1F0001DAB0FCBDBF800408DE80F001AAB2046AB
:10F200000ECB02F0D9FADBF80C0020B11AAA1C23AD
:10F21000234904F0B5FCDBF80800F9F78FFADBF8B6
:10F22000083011A912A803F1380406F00DFD0023DF
:10F2300040F2DC52CDE9003212A91A46204603F012
:10F24000B3FF12A806F0F2FC4FF47A7001F002FF4F
:10F25000DBF80800F9F772FADBF808000B9903688D
:10F260005B6A984711A806F0E1FC10A806F0DEFCE6
:10F270006DB0BDE8F04F02B0704704230A93984682
:10F28000FFE6042309931F468AE700BFCC6E040003
:10F29000386F0400D18AFFFF1F85EB51146F040003
:10F2A0002C6F040002230A939846EAE6022309938E
:10F2B0001F4675E72DE9F04F83B0DDE90C9ABDF8E4
:10F2C0003880002B3BD0B9F1000F35D00F2902D187
:10F2D000B8F1C00F33D1074628201D460E4693468D
:10F2E00015F0D5FB0446103006F066FC1820268089
:10F2F000A4F802B015F0CBFBCDE9009A06466B46A8
:10F30000024603CB46F80C5B00233D68D36048F00F
:10F3100002087360E360506091600E495161C4E976
:10F320000833A4F80480A2606B68384621469847E9
:10F3300040B903B0BDE8F08F1AF0010FC6D16FF4E9
:10F340007A70F6E7204601F0BBFD204615F098FBE9
:10F350000148EEE711EB020016FCFFFFF0B58DB09F
:10F3600004461298C4E90012C4E902301C4904F0B2
:10F37000C1FBE8B10646074656F8100FD4F800E086
:10F380007168B268F3680DF1140C65460FC53069F9
:10F390007169B26907C50CAB13E90F008DE80F0066
:10F3A00070469CE80E0002F007FA384615F068FB3C
:10F3B0000C4B1B6883B10C4A05920022069205AAE9
:10F3C00092E80300C0228DE803000292184603224F
:10F3D00023460621FFF76EFF20460DB0F0BD00BFAB
:10F3E0002C6F0400EC3E002075EF0200C38843F44C
:10F3F0008043C380704700BF82B0C0F30761C0F391
:10F400000742C0F307238DF807008DF804108DF82C
:10F4100005208DF80630019802B0704782B0C0F325
:10F4200007238DF807008DF80630BDF8060002B0FE
:10F43000704700BF29DF704728DF7047022802D1DC
:10F44000014B01221A70704710470020704700BF1F
:10F4500070B50C46F6F74CFF98B1164D00232B7093
:10F460004FF0805602E00A2003F050FC3069B4FBF4
:10F47000F0F0FFF7E1FF0028F5D12B78002BFCD04E
:10F4800070BD0D4A0223C2F80435D2F80034002BB7
:10F49000FBD00949C2F80845D1F80034002BFBD055
:10F4A0000023054AC1F80435D2F80034002BFBD004
:10F4B00070BD00BF1047002000E00140F8B50D46C8
:10F4C00014461E46F6F714FF88B11A4F00233B700E
:10F4D00002E00A2003F01AFC324621462846FFF7D4
:10F4E000A9FF0028F5D13B78002BFCD0F8BD124ACB
:10F4F0000123C2F80435D2F80034002BFBD0002ED3
:10F500000EDD211F0C4A01EB8606281F51F8043F2F
:10F5100040F8043FD2F80034002BFBD0B142F5D1C3
:10F52000054A0023C2F80435D2F80034002BFBD082
:10F53000F8BD00BF1047002000E001402DE9F04376
:10F540000B468BB09A68496804461868DB6806ADBC
:10F550000FC59DF81860032E4FD84FF08052BDF8AC
:10F560001A3015699DF8199009992548DDE9077841
:10F5700005FB03F5CDE9011800972B464A463146B5
:10F5800000F072FEB9F1020F20D00AAB13E90300BC
:10F5900004AA82E80300731EDBB203EB830C4FEA7C
:10F5A0008C0C03CA0CF1100E03EB830304EB8303F2
:10F5B00004EB0E0C2F4444F80E00CCF8041000208D
:10F5C0001E719D60DF600BB0BDE8F083002102E09A
:10F5D0000131642903D018F80130002BF8D1002242
:10F5E00040460AF0A3FD0022034601460548CDE946
:10F5F000043200F039FE04AACDE76FF47A70E2E736
:10F600007C6F0400CC6F04002DE9F04F654B664C15
:10F6100066494FF0805203EB04081469A8EB01011E
:10F6200087B0B1FBF4F304FB13130091002B00F03F
:10F63000B58014690C44E41A40F6F8734FF0805119
:10F640001A680E6901320ABF4FF010231D685D6908
:10F650004FF080531B69A5EB8305A5427DD901902E
:10F66000534FDFF85891DFF858B1DFF858A1A8469A
:10F6700008E054F8103C5B4572D026F003031C44AC
:10F68000A0456AD90597059B2168DB439942F0D1D3
:10F6900063684B45EDD1A368464A9342E9D102F134
:10F6A0004E42E368A2F5A512A2F64F229342E0D1A2
:10F6B000019B1A78032A1BD0019F02EB8201531C85
:10F6C00007EB8101DBB200264FF4E035032B8E609F
:10F6D000CD603B700E7163D003EB830107EB8101BA
:10F6E00002328D60D2B20120009DCD603A70087167
:10F6F00040F6F8714FF0805308681F691D690130AA
:10F700000ABF4FF01023D1F800C0D3F814C04FF057
:10F710008053032A1E6912D00198009BB3FBF5F3B6
:10F7200002EB820100EB810105FB03730746013206
:10F73000ACEB860002268B60C8603A700E712246E0
:10F74000019852F8101F234652688262416253F8B2
:10F75000182F5B68C3638263046307B0BDE8F08F52
:10F7600054F8043C534588D1134800F07DFD14F84B
:10F77000083C002B81D0A4F12005CDE90264A5EB63
:10F780000313019E2C461D4621463046103CFFF7D0
:10F79000D5FEAC42F8D1DDE902646EE7009C4BE790
:10F7A0001A46A5E7A023002000890400302000208D
:10F7B0008F71C46DC49866C96C6F0400C615A841EA
:10F7C000FE307F599DD7B1C10346002210B503F822
:10F7D000102B044600F14C0103F80C2C1A605A60FF
:10F7E00043E9022214338B42F6D12046FFF70CFF87
:10F7F000204610BD10B5044B036000230446C380AF
:10F8000000F0FAFB204610BD4C70040010B5064B0A
:10F81000036000230446C38000F0EEFB204615F091
:10F820002FF9204610BD00BF4C700400F0B51B4FEF
:10F8300085B0054600F118062C6974B1E278012AFA
:10F840000DD0022A05F1200021D100F005FA2B6924
:10F85000A3420AD01C46002CF0D105B0F0BD3046C2
:10F8600000F0C8F92B69A342F4D10222C7F8802026
:10F87000BFF34F8FBFF36F8F29696B7A496A296194
:10F88000013B6B7220463A6015F0FAF8D4E7012389
:10F890000A21684606F070F9D9E700BF00E100E0F0
:10F8A00070B50F4B03600025044645600E4600F01E
:10F8B00033FB20460B4B40F8183B214600F096F9ED
:10F8C000214604F1200000F0C3F9074BE5802581B3
:10F8D000A680C4E9035565611C60204670BD00BF69
:10F8E0004C700400F46F0400B039002038B543694F
:10F8F0004BB3427A032A23D8C288D2074CBFC268CE
:10F90000124A9A6204462C2015F0C1F82C220021DC
:10F91000054615F017F9636900225A6222690AB98F
:10F920000BE01A46536A002BFBD163695362637A7A
:10F93000656101336372002038BD63692361F6E7B6
:10F940006FF47B7038BD6FF47A7038BD16FCFFFF22
:10F9500038B5194BD3F8002122B100210122C3F898
:10F9600000119A60144BD3F80C217AB1134C00218A
:10F97000C3F80C112068D3F80054C288012D02F09E
:10F98000010204D09AB90C4B01229A6038BDD3F819
:10F9900048350AB15B42C360FFF7A8FF2268064BF7
:10F9A0005269C3F80425044B01229A60EEE7024B2A
:10F9B000C16001229A60E9E700100040B0390020E0
:10F9C000F8B5C388DB0701D50020F8BD0446F6F77B
:10F9D0008FFC002871D16569002D65D04FF0804300
:10F9E00000220121C3F800211A461960D2F8003123
:10F9F000002BFBD0324D0023C5F80C35F6F778FC10
:10FA000000284DD02E4D2F4B0022C5F81025C5F8EB
:10FA10001C35267AF6F76CFC00283DD0284BDFF821
:10FA2000B4C0294F294D002001210826C3F82C0518
:10FA30000222C3F83015C3F81465C3F818C54FF691
:10FA4000FF7CC3F83425C3F83CC5C3F838751827C4
:10FA5000C3F854756769C3F80475C3F80463C5F83F
:10FA600080212A60D3F8002242F01002C3F800225D
:10FA7000C3F800011A465960D2F80031002BFBD0C0
:10FA8000E38843F4804343F0010300200121C2F8DE
:10FA90000C019160E380F8BD2672C5F82465BDE7CE
:10FAA0000723C5F80835ADE72C2014F0F0FF2946F0
:10FAB0002C2215F047F8606190E70548F8BD00BFBB
:10FAC00000100040746962752110010000E100E03F
:10FAD00016FCFFFF2000040210B50446F6F708FCF0
:10FAE000F8B9E38813F0010301D1184610BD0E4B9D
:10FAF0000222C3F88020BFF34F8FBFF36F8F0B4BF1
:10FB00000121C3F810011A461961D2F81031002BF7
:10FB1000FBD0E38823F4804323F00103E38000203B
:10FB200010BD034810BD00BF00E100E00010004020
:10FB300016FCFFFF70B505460C46F6F7D9FB00280A
:10FB400036D1EB8844B113F001041FD1194A106873
:10FB5000C0F3400070B970BD13F0040120D113F060
:10FB60000200F8D0134A23F002030224EB80146051
:10FB7000084670BD43F002030221EB80C2F88010FA
:10FB8000BFF34F8FBFF36F8F204670BD06462846E8
:10FB9000FFF7A2FFEB8843F004033046EB8070BD13
:10FBA00023F00403EB802846FFF70AFF204670BDD0
:10FBB000014870BD00E100E016FCFFFF034600694C
:10FBC00088B1094930B40224C1F88040BFF34F8F97
:10FBD000BFF36F8F1D695A7A6D6A1D61013A5A72BF
:10FBE0000C6030BC7047704700E100E00022C0E9C3
:10FBF0000012704710B5044684B00068FFF7DEFFBE
:10FC0000002343626268B2B1516A09B915E0114636
:10FC10004A6A0133002AFAD1032B08DC4862012327
:10FC20001A460921684605F0A7FF04B010BD14F07C
:10FC300027FF04B010BD6060F1E71146EEE700BF9A
:10FC40000048704716FCFFFF0048704716FCFFFF96
:10FC5000002241600270704738B504464068FFF7E3
:10FC6000ADFF012305462370043005F0AFFF0023EC
:10FC700028462370BDE8384014F002BF10B5044692
:10FC8000006806F073FC204610BD00BFF8B522EAFC
:10FC9000E275044605F10C001F460E4601F086F899
:10FCA000206006F08BFC23681D72226857603EB10D
:10FCB00020682A4631460930BDE8F84014F01EBFDE
:10FCC000F8BD00BF10B5074C00232046194601229D
:10FCD000FFF7DCFF2046044A0449BDE8104014F059
:10FCE000D1BE00BFB4390020302000207DFC0200CE
:10FCF00010B50023044607F0F7F9024B23602046B5
:10FD000010BD00BF1870040088B110B5044614F08F
:10FD100055FF01382044844207D22378027804F842
:10FD2000012B00F801398442F7D3002010BD6FF495
:10FD30007A707047F8B549B380EAE074C4EBE074B8
:10FD40004F1E0025DFF84CC000E01D468CFB04234D
:10FD5000E217C2EBA30202EB8203C4EB430330338E
:10FD6000564207F8013F14466B1C002EEDD10028C7
:10FD700001EB030203DA2D220235CA544A1900238B
:10FD800008461370FFF7C0FF3046F8BD6FF47A766F
:10FD9000FAE700BF67666666014B1860002070478F
:10FDA000B8390020002821DD30B4124D124B2A68EA
:10FDB000002A00F1FF3408BF1A46214600209309AB
:10FDC00083EAD273534083EA121383EA9203520800
:10FDD000534042EAC37202F00103490843EA40007B
:10FDE000EDD1A042E9D82A6030BC70476FF47A7038
:10FDF000704700BFB8390020A10D0C000A4B03600A
:10FE000010B40A4C0023C380224602E001333C2B8D
:10FE100006D052F8041B8842F8D1002244F823206F
:10FE20005DF8044B704700BF4C700400BC390020E3
:10FE300010B504460A4B0B4823600023E3800246BA
:10FE400002E001333C2B06D052F8041B8C42F8D15F
:10FE5000002240F82320204614F012FE204610BD58
:10FE60004C700400BC390020013908B503290AD8B8
:10FE7000DFE801F00B0B02020368084ADB689342DB
:10FE800001D000219847002008BD0368034ADB68C1
:10FE90009342F8D001219847F5E700BFE9650200D9
:10FEA00070B584B004AC04E90F00BDF80230012B3A
:10FEB00018D0022B14D1154C154E04F1F00501E0B9
:10FEC000AC420DD054F8040F0028F9D0C3885B046D
:10FED000F6D503689B68B342F2D09847AC42F1D1A3
:10FEE00004B070BD094C0B4E04F1F00501E0A542D1
:10FEF000F6D054F8040F0028F9D0C3889A04F6D538
:10FF000003685B68B342F2D09847F0E7B839002045
:10FF1000A15E02009D5E02002DE9F041314C82B0ED
:10FF20002246002302E001333C2B05D052F8041B8B
:10FF30000029F8D144F823002B4C237813F0010357
:10FF40000BD12A4D2A6842B10093102201234FF4AD
:10FF50007A60002102F01EFE10B102B0BDE8F0810F
:10FF60002820D5F80080224E14F091FDC023009384
:10FF70000122204B1021074600F06EFFD8F8003018
:10FF80005B68B34222D1384600F09AFF384614F03D
:10FF900077FD28202F6814F07AFDC02300930222F9
:10FFA000144B0F21054600F057FF3B685B68B342D6
:10FFB00012D1284600F084FF284614F061FD237812
:10FFC00043F00103237002B0BDE8F081404639469A
:10FFD00098470028DDD0D6E73846294698470028BC
:10FFE000EDD0E6E7BC39002011470020EC3E0020B0
:10FFF00041FC0200A1FE020010B4084C002322467E
:020000040003F7
:1000000002E001333C2B06D052F8041B8142F8D1A8
:10001000002244F823205DF8044B7047BC390020CF
:10002000062816D8F8B50123834013F0580F0E4662
:1000300005460FD0104CA4F1F00754F8043D3246A9
:100040002946184613B11B681B699847BC42F4D176
:10005000F8BD704713F0270FFAD0084C04F1F007F1
:1000600054F8043F32462946184613B11B681B69F1
:100070009847A742F4D1F8BDAC3A0020B839002027
:10008000084600F065BC00BF2DE9F047DFF870A01E
:10009000DFF870905646074656F8044B0AF582780A
:1000A0000B19B3F5806F0D460FD22A463946301929
:1000B00014F024FDDAF800301D440AEB0503002299
:1000C0001A71CAF80050BDE8F087A4F58074224682
:1000D00041460A48CAF8004014F01BFDC4F580628E
:1000E0003019002114F02EFDDAF800402B19B3F579
:1000F000806F4FF01501D8D34F46D1E7B03A0020BA
:10010000AC3A00206C70040030B587B062B901AC25
:100110002146FFF70FFE204614F050FD0146204611
:10012000FFF7B2FF07B030BD054600241C220CE0EB
:100130008BB902B334B10846303006AB23440134E6
:1001400003F8140C043A131D0AD025FA02F303F045
:100150000F030029ECD0092B58B2EDDD3730ECE766
:1001600006AB1C44002304F8143C0221034801ACF4
:10017000FFF78AFFCFE71046DEE700BF6870040094
:100180002DE9F04782B0154681460E4609F0ACF9DC
:10019000DFF8D080314F043D494602E0252819465A
:1001A00014D00B460C4613F8010B0028F6D1A1EB36
:1001B00009014846FFF768FF1EB102212848FFF7F2
:1001C00063FF09F083F902B0BDE8F0876FEA090325
:1001D00019444846FFF758FF637855F804AFCDF847
:1001E00004A0642B04F102091DD00CD9732B28D074
:1001F0001FD9752B17D0782B0BD150460122002127
:10020000FFF782FFC8E7582B15D0632B06D0252BAC
:100210001FD003214046FFF737FFBDE7012101A8AA
:10022000FFF732FFB8E7002250461146FFF76CFF98
:10023000B2E7702BEDD1012250461146FFF764FF63
:10024000AAE7504614F0BAFC01465046FFF71CFFDF
:10025000A2E701213846FFF717FF9DE784700400ED
:100260008C700400887004000FB400B583B004AA39
:10027000012152F8040B0192FFF782FF03B05DF8F1
:1002800004EB04B0704700BF10B5044609F02CF928
:10029000E3696BB1A2699A61A3690BB1E269DA61A2
:1002A0000023C4E906336361BDE8104009F00EB9CC
:1002B000D4E905321A60EFE738B50D46044609F077
:1002C00013F92A6865610AB90AE01A469369002B96
:1002D000FBD19461C4E90632BDE8384009F0F6B8B4
:1002E000C4E906222C60BDE8384009F0EFB800BF31
:1002F0002DE9F04184B004AC04E90F00114B1C68F7
:10030000DDE902014FF47A72002314F0C9F9B4B1A7
:10031000DFF8348006460F46E268A56900239F4255
:1003200008BF964208D3636920460BB1FFF7ACFFC4
:1003300020464146FFF7C0FF2C46002DECD104B00B
:10034000BDE8F081B83E0020C03E00202DE9F04F0E
:10035000DFF8E08093B0D8F8005004AC84E80F00D8
:10036000002D32D02F4BBDF810401A68BDF8126036
:10037000AAB12D4F4FF0000A40F2FE3540F2FF398E
:10038000D368D2F818B0190CAC429BB288B21FD017
:10039000002B33D09C4231D05A46002AF0D1A4F22F
:1003A000FE33012B11D9D8F80050204B10273246CC
:1003B000214608A8009700F04FFD2B681C4A9B6857
:1003C00093422AD108A800F07BFD13B0BDE8F08F5E
:1003D0004B45DDD109B1B042DED1BAF1000FDBD11E
:1003E000536923B110460392FFF74EFF039A10465C
:1003F0003946FFF761FF4FF0010ACDE709B1B0427E
:10040000CAD1536923B110460392FFF73DFF039A07
:1004100010463946FFF750FFBEE7284608A998471F
:10042000D0E700BFD03E0020C03E00204D030300B7
:1004300049FC0200B43E0020014B1868704700BF21
:10044000C43E002038B509F04FF8164B1C68D4B1F3
:10045000636913B12046FFF717FF09F037F800234F
:1004600023616362256809F085F80146284609F092
:100470008DF809F039F80C4B1A6822621C6009F0FB
:1004800025F8204638BD282014F001FB2822002141
:10049000044614F057FB09F071F80023C4E9000387
:1004A000A360DAE7C83E0020C43E002038B50A4BFE
:1004B0001C682369DB0707D5084D286830B1636ADB
:1004C0004362002363620446204638BDFFF7BAFF4B
:1004D00028600028F8D0F2E7B03E0020BC3E0020A3
:1004E0002DE9F041464D2A7812F0010482B002D085
:1004F00002B0BDE8F081434E434F3060FFF7A2FFEA
:10050000424B43491860FFF7D7FEFFF79BFF386067
:10051000D0F8008009F02EF8011F404609F034F8A9
:100520003B683C49186809F02DF83768002F4ED019
:10053000282014F0ACFAC0232246009340F2FF3189
:10054000354B364C804600F087FC3B685B68A34225
:1005500044D1404600F0B4FC404614F091FA282003
:10056000D6F8008014F093FAC023009300222A4B9F
:1005700040F2FE31074600F06FFCD8F800305B68AF
:10058000A34237D1384600F09BFC384614F078FA85
:1005900000230F22002100934FF47A60012302F020
:1005A000F9FA2820376814F072FAC0230093012268
:1005B0001B4B0F21064600F04FFC3B685B68A342D3
:1005C00012D1304600F07CFC304614F059FA2B78FA
:1005D00043F001032B7002B0BDE8F081384641467C
:1005E00098470028BBD0B4E73846314698470028E2
:1005F000EDD0E6E74046394698470028C8D0C1E725
:1006000012470020B43E0020CC3E0020B03E002027
:10061000C03E00208D0B03004D03030041FC02008F
:10062000F1020300024B187800F00100704700BF90
:1006300012470020F0B51F4F3B6883B0002B37D026
:100640001D4B1B78DB0733D50E460446FFF72EFF04
:10065000436944EA06420546C2600BB1FFF714FE47
:1006600028461649FFF728FEA4F2FE33012B16D9BF
:1006700028203F6814F00BFAC0233246009321462D
:100680000F4B054600F0E8FB3B680E4A5B6893425F
:1006900008D1284600F014FC284614F0F1F9002097
:1006A00003B0F0BD3846294698470028F7D0F0E758
:1006B0000548F5E7B43E002012470020D03E002058
:1006C0004D03030041FC020016FCFFFF2DE9F04141
:1006D00028B321B30546984617460E46FFF7B2FEEB
:1006E0000446E0B132463B462946006808F058FF10
:1006F000256808F03FFF011F284608F045FF0A4B18
:100700000A492068B8F1000F18BF194608F03AFFEF
:1007100020460749FFF7D0FD2046BDE8F0810024C0
:100720002046BDE8F08100BF650B0300910A03007D
:10073000C03E0020074B1B7813F0010308D010B413
:10074000144601230A4621465DF8044BFFF7BEBF5D
:100750001846704712470020024B1868B0FA80F024
:1007600040097047C03E002030B50F4D2B789A07E6
:1007700085B004D50D4B1B6873B105B030BD43F097
:100780000204022201230F2168462C7005F0F4F9BF
:10079000064B1B68002BF0D12B7823F002032B7043
:1007A000F5F712FF05B030BD12470020C03E002013
:1007B0002DE9F0415B4D2C682369D90747D45A4E87
:1007C0005A4F32683968002A31D06069B04200F06F
:1007D0009A802A608A422BD0944271D08C4271D088
:1007E000534B62699A426DD0206808F0D1FE0646EC
:1007F00008F0D0FED4E90131301ACA1A90426AD901
:1008000000F120012F682C6021F01F06002B40F022
:100810008480304600F0CAFA3118C4E901012F6023
:100820002068BB683A68BDE8F04108F0F3BF296072
:100830001B0757D52C60FFF797FF3368002BFAD0C2
:100840009C422B603CD039688B42C7D14DE0394E79
:100850002068326843F0020323611369146843F08F
:100860000403136108F09AFE0146204608F08EFE4C
:100870003768386808F08CFE044608F08BFED7E92C
:100880000123201A9B1A98420FD92030D5F80080F6
:100890002F6020F01F04002A3BD1204600F086FA8A
:1008A0000444C7E90104C5F80080336899681868F2
:1008B00008F0F1FF2B681A690021920731600CD40F
:1008C000BDE8F0812A680021936812680846BDE8F7
:1008D000F04108F09FBF2F68A2E71868BDE8F0411B
:1008E00009F013B82B689C42EAD01E6808F042FE5B
:1008F000011F304608F048FE3B680F49186808F0B1
:1009000041FE39686AE7A069002818BF02462A60DC
:1009100060E7104600F070FABFE7184600F06CFA86
:1009200077E700BFB03E0020C03E0020CC3E002054
:10093000C83E0020BC3E00208D0B0300034B1B78FB
:10094000DB0701D5FFF734BF704700BF1247002017
:1009500070B5104D2A78D20714D50446FFF7A6FDCE
:10096000064602F0F7F873692044F06013B1304690
:10097000FFF78AFC30460849FFF79EFC2B78DB071F
:1009800004D470BDBDE8704000F064BBBDE87040A9
:10099000FFF70EBF12470020B83E002000B583B01D
:1009A000FFF748FE18B9074B1B78DB0702D403B0EA
:1009B0005DF804FB0190FFF7FBFE019803B05DF8C2
:1009C00004FB00BF1247002038B5284D2868436952
:1009D00013B1FFF759FC2868254C2146FFF76CFC42
:1009E00024684CB1A369002223B11C460132A369DB
:1009F000002BFAD1032A22DC2B6800221A611C6822
:100A000008F0B8FD0146204608F0C0FD08F06CFD76
:100A1000184B29681A688A4225D04AB1136A99424C
:100A20001DD02BB11A6A91421AD01346002BF9D16E
:100A300008F04CFD104B1B78DB070CD438BDE26985
:100A40002068936100F0D8F9606800F0D5F920467D
:100A500000F0D2F9D0E7BDE83840FFF7A9BE134651
:100A60000A6A1A62E4E7126A1A60E1E7B03E0020FF
:100A7000C83E0020C43E002012470020034B1B78D4
:100A8000DB0701D5FFF7A0BF704700BF124700206A
:100A900010B50C468047A047044B1B78DB0700D4F9
:100AA00010BDBDE81040FFF78FBF00BF1247002008
:100AB000034B1B78DB0700D47047FFF785BF00BFEF
:100AC00012470020002842D02DE9F041DFF8908045
:100AD00098F80030DC0782B032D51E4F3B680A46DA
:100AE00019694907054601D15C6A44B128460123CA
:100AF0001949FFF7EBFD002002B0BDE8F08118684E
:100B0000019208F0EAFE3968019A0B6913F00206B7
:100B100018D143F0010310460B61A8473B681869E0
:100B20005E6220F0010210F004001A61E4D098F82F
:100B3000000010F00100DFD0FFF746FF3046DBE792
:100B40000648D9E723F003030B612046D4E76FF48E
:100B50007A707047B03E0020B10A030016FCFFFF18
:100B60001247002038B50346144610460D469847F4
:100B70002046A847044B1B78DB0700D438BDBDE8EE
:100B80003840FFF721BF00BF1247002008B5044CD2
:100B9000FFF7EAFD2378DB07FAD5FFF709FEF7E751
:100BA00012470020024B1878C0F38000704700BF46
:100BB00012470020054A137818B923F00403137074
:100BC000704743F004031370704700BF12470020C2
:100BD0000022C0E900227047F8B5184D2B78DA07DB
:100BE00000D4F8BD044608F07FFC26680136266074
:100BF00008F06CFC012EF4DDFFF758FC4369074652
:100C00000BB1FFF741FB211D3846FFF755FB08F0FC
:100C10006BFC23689E4208DD7B6913B13846FFF701
:100C200033FB38460649FFF747FB08F04FFC2B78AB
:100C3000DB07D6D5BDE8F840FFF7BABD1247002064
:100C4000C03E002038B54468054644B1636913B11D
:100C50002046FFF719FB20460449FFF72DFB2B68C0
:100C6000002BC4BF03F1FF332B6038BDC03E002012
:100C700070B54468054664B1074E636920460BB100
:100C8000FFF702FB20463146FFF716FB6C68002C8D
:100C9000F3D100232B6070BDC03E002043682BB110
:100CA00000209B690130002BFBD17047184670472C
:100CB000F8B50C4C05460E46277808F015FC0A4A94
:100CC000731B02EBC7019B0843F0004342F8375007
:100CD0004E602B6023780133237008F0F7FB00206F
:100CE000F8BD00BF14470020D43E0020064B1B78FF
:100CF000834207D9054B03EBC00253F830305068EC
:100D0000C01A70470020704714470020D43E0020CE
:100D1000F8B583074FEA90063BD188B10D4608F03D
:100D2000E3FBD5E90045771CA54206D92368002BD3
:100D300007DB04EB8304A542F8D808F0C7FB0020CA
:100D4000F8BD23F00043990054F82320002A04EB57
:100D500001000DDB0EE022F00042134443F000429C
:100D6000226054F823209900002A04EB010001DAE4
:100D70008542F0D89F4201D90C44D5E702369E4205
:100D800009D3236823F00043236008F09FFB201D54
:100D9000F8BD0136C2E704EB8606B542F1D9DB1B8C
:100DA00043F0004346F8043C2760EEE738B50446BC
:100DB00040B10C4D2B783BB120460B49FFF7A8FF03
:100DC000044658B1204638BD0849094A086809490F
:100DD0001370FFF76DFF01232B70EDE71420F0F780
:100DE0008DFCEFE713470020D43E002000210020B7
:100DF0001447002000F80120A0B10E4B1A6882426F
:100E00000DD25B6883420AD950F8043C002B10B520
:100E1000044608DD43F0004344F8043C10BD1E20A6
:100E2000F0F76CBC70471E20F0F768FC54F8043CE7
:100E3000F0E700BFD43E002038B501FB00F528469E
:100E4000FFF7B4FF044628B101232A4603600021BE
:100E500013F078FE204638BD2DE9F04104461030ED
:100E6000884617461E46BDF8185004F0A5FE00201F
:100E7000E060C4E90800A4F800806780A660A5804F
:100E80002046BDE8F08100BF2DE9F843BDF82450AD
:100E9000089E04461030894690461F4645F00105DD
:100EA00004F08AFE0020C4E90800A4F80090A580A0
:100EB000A4F80280C4E902762046BDE8F88300BFAA
:100EC00083889B0710B5044602D5806813F0D8FDCF
:100ED000204610BD82B070B586B00AA981E80C002A
:100EE000036A4BB31C696CB1012200E01C46236904
:100EF0000132002BFAD1092A05DD06B0BDE87040A9
:100F000002B070471C460AAB0FCB02AD85E80F005C
:100F1000182013F0BCFD06AB064613E9030095E864
:100F20000C008DE80300304604F06CFE266106B02C
:100F3000BDE8704002B0704704460FC902AD85E8B5
:100F40000F00182013F0A3FD06AB064613E90300BB
:100F500095E80C008DE80300304604F053FE26624D
:100F600006B0BDE8704002B0704700BFD0E9002372
:100F700003F10053013B10B402EBC304A24210D8AA
:100F800052F8333099420CD8A21A22F007022346B5
:100F9000A21A03E053F8080D814202D893421C467E
:100FA000F8D160685DF8044B704700BFD0E90023BA
:100FB00003F10050013802EBC0039A4252F83000AE
:100FC00016D8814215D89A1A22F0070210B49A1A3C
:100FD00003E053F8080D814206D893421C46F8D12D
:100FE00018685DF8044B704720685DF8044B704743
:100FF00070477047D0E9002303F10050013802EB3D
:10100000C0039A4252F830001FD881421DD89A1A64
:1010100022F007029A1A9342184615D010B453F8DA
:10102000084DA14206D8934218460BD053F8084DFC
:10103000A142F8D900685DF8044B081AB0FA80F0B4
:10104000400970471868F6E71868081AB0FA80F087
:101050004009704701F05ABE01F028BEFEF79CBE61
:10106000FEF7A0BE0020704710B5044B03600023BC
:101070000446C380FEF7C0FF204610BD4C7004003C
:1010800010B5064B036000230446C380FEF7B4FF8F
:10109000204613F0F5FC204610BD00BF4C70040044
:1010A00038B50446074B036000254560FEF734FF62
:1010B000E388054A258143F480532260E38020467B
:1010C00038BD00BF4C700400987004000089704760
:1010D000807A70470048704716FCFFFF10B5044B3C
:1010E000036000230446C380FEF786FF204610BD40
:1010F0004C70040010B5064B036000230446C38007
:10110000FEF77AFF204613F0BBFC204610BD00BF5F
:101110004C70040038B5036881720D4DDA6AAA423A
:10112000044608D19B6A0B4A0B4D93420AD1A07A20
:10113000A072284638BD90472368064A9B6A9342AE
:101140000546F4D020469847A072284638BD00BF17
:10115000D5100300D110030016FCFFFF38B503685B
:101160000D4DDA6A0181AA42044608D11B6A0B4A76
:101170000B4D93420AD120892081284638BD9047E3
:101180002368064A1B6A93420546F4D020469847D6
:101190002081284638BD00BFD5100300CD100300C4
:1011A00016FCFFFFF8B504460025154B03604560AB
:1011B0000E461746FEF7B0FE94F8363066624FF0E2
:1011C0000112C4E90E22022103F0F90365F3C303FF
:1011D0000C4E2563142084F84050A1722081E560F4
:1011E000C4E90455C4E906552562A780E580A586B3
:1011F000A4F8425084F8363026602046F8BD00BF7F
:101200004C700400C0700400C16811F5C87FF0B4D0
:1012100080F2848090F8363013F0020340F086802C
:10122000046914F5C87F66DA90F8362012F00402DB
:1012300069D1456915F5C87F31DA90F8362012F08A
:10124000080234D0B2FA82F390F8366090F8402069
:101250005B0963F3C30680F83660032A08D80132BD
:10126000D2B2012A80F8402000F08B80042A77D087
:10127000B0F8423090F8366001339BB216F00107A7
:10128000A0F8423062D01D2B17D900236FF300065F
:1012900080F83660A0F8423080F840300DE0B5F5B7
:1012A000C87F04DD90F8362012F00802CAD090F80A
:1012B0004020002BD1D1002ADAD104FB04F301FB3A
:1012C0000133334A05FB053393423CD911F5487F7E
:1012D00051DBB1F5487F51DC14F5487F54DBB4F5A0
:1012E000487F3BDC15F5487F50DBB5F5487FD4BF20
:1012F0000020062028E0B4F5C87F9ADD90F836205B
:1013000012F0040295D1B2FA82F390F836205B090C
:1013100063F3820280F8362001238AE7B1F5C87FA3
:101320000FDD90F8363013F002030AD190F8362022
:10133000B3FA83F35B0963F3410280F8362001239B
:101340006EE700236CE70720F0BC7047092BB4D987
:10135000013A80F84020A0F84270AEE70120F3E7A0
:1013600090F83630002243F0010380F83630A0F8C0
:1013700042200B20E8E70320F0BC70470420F0BCBB
:101380007047A0F8422098E70220DDE70520DBE760
:10139000FF700200D0E9033230B502FB02F245696A
:1013A00003FB032305FB0535B5F5800F85B0044627
:1013B00016D9038F002B4DD0B5F5100F25D801237A
:1013C00084F831302046FFF71FFF0B2814D0A38E7E
:1013D000834231D00023A08684F8303005B030BD80
:1013E00090F83130042B56D90023C0E90E33204643
:1013F000FFF70AFF0B28EAD16086024601230D2180
:10140000684604F0B9FB05B030BD638F002B39D0BE
:10141000B5F1107FD3D9A38F5BB3B5F1806FCED96F
:10142000E38F002BCBD101230A220D21684604F063
:10143000A3FB0123E387C2E794F83030628E042BCC
:1014400014D80133DBB2904284F83030C6D0052B7B
:10145000D2D0C3E701230C220D21684604F08CFB97
:101460000123B5F5100F2387A9D9CEE79042C3D148
:10147000B4E7012309220D21684604F07DFB012316
:10148000A387CAE7012308220D21684604F074FBF4
:1014900001236387BCE70133DBB291E730B5D0E9C4
:1014A00008218BB002AD009200F1180304460CCB6A
:1014B000284604F02FFB95E80700E38804F10C05AB
:1014C00023F0020385E80700E3802046FFF762FF70
:1014D0000123A1881A4606A804F04EFB00200BB099
:1014E00030BD00BF0368054A1B6B934210B504462C
:1014F00001D1E06810BD9847E06810BDD510030029
:101500000368054A1B6B934210B5044601D120695C
:1015100010BD9847206910BDD51003000368054A27
:101520001B6B934210B5044601D1606910BD98470A
:10153000606910BDD51003000368084A1B6B934215
:1015400010B5044607D1E3889B0702D42046EBF789
:101550003FFAA06A10BD9847F5E700BFD510030019
:101560000368084A1B6B934210B5044607D1E38811
:101570009B0702D42046EBF72BFAE06A10BD984790
:10158000F5E700BFD5100300408E70470048704754
:1015900016FCFFFF0089704710B5044B0360002361
:1015A0000446C380FEF728FD204610BD4C700400A1
:1015B00010B5064B036000230446C380FEF71CFDF4
:1015C000204613F05DFA204610BD00BF4C700400A9
:1015D000F0B50446416BA26BE36B2769656900F1C6
:1015E0003406C068D71B5D1BD4E90723081AA1691C
:1015F00002FB07F201FB00F1881292128BB0C4E9E2
:101600000D0203FB05F39B12216CE36302AD009313
:1016100096E80C00284604F07DFA95E807000123BF
:1016200004F1280585E80700A1881A4606A804F0F9
:10163000A3FA00200BB0F0BD38B503680D4DDA6990
:101640000181AA42044608D15B6A0B4A0B4D9342C2
:101650000AD120892081284638BD90472368064A50
:101660005B6A93420546F4D020469847208128467D
:1016700038BD00BF8D1503009515030016FCFFFF54
:101680002DE9F041124B0360002504464560884671
:101690001746104EFEF740FC4FF4806314204FF4C1
:1016A00080512081C4F84080C4E903556561C4E9D4
:1016B0000955C4E90B55C4E90D55E5636564A78078
:1016C0002660E180C4E9063323622046BDE8F0814C
:1016D0004C700400007104002DE9F84303681F4AB0
:1016E0009B6A9342044636D1A06A12F027FC8046DA
:1016F000E06A894612F022FC0646206B0F4612F083
:101700001DFC424604460D464B464046494612F0F3
:101710007FFC3246804689463B463046394612F0C9
:1017200077FC02460B464046494612F0BBFA224679
:1017300006460F462B462046294612F069FC024613
:101740000B463046394612F0ADFA10F097F812F019
:101750000FFFBDE8F8839847C6E700BF8D1503006B
:10176000C3885A0720D410B502681049926A8A4289
:1017700084B0044615D123F0020343F00403E38050
:10178000A18801230322684604F0F6F9E38808489B
:1017900013F0020F18BF002023F00403E38004B00D
:1017A00010BD9047E388E6E7024870478D150300B7
:1017B00014FCFFFF15FCFFFF84B070B404AC84E898
:1017C0000E0006460FCC06F10C050FC594E8070085
:1017D000F38843F0020385E80700F38070BC04B08F
:1017E000704700BFC08800F0020070474164704736
:1017F00030B50C460C4923689B6A8B4285B0054680
:101800000CD1D4E90F31019200933434284694E886
:101810000C0004F035F9284605B030BD039220468F
:101820009847039AEDE700BF8D1503000368054A4A
:101830009B6A934210B5044601D1A06A10BD984737
:10184000A06A10BD8D1503000368054A9B6A934288
:1018500010B5044601D1E06A10BD9847E06A10BD9A
:101860008D1503000368054A9B6A934210B5044630
:1018700001D1206B10BD9847206B10BD8D15030062
:10188000C288510711D4930710B504460AD5636C7A
:1018900020461BB1BDE81040EBF75AB9BDE8104037
:1018A000EBF7CAB9FFF75CFFF1E70148704700BFEB
:1018B00015FCFFFF0089704740897047FF299ABFD8
:1018C000017300206FF47A70704700BF007B70478F
:1018D000704700BF10B50A894C8982B00023CDE95A
:1018E000002410311A46044604F0ECFB204602B0F6
:1018F00010BD00BF10B5074B044640F8103B04F084
:1019000095F9054B236000232046E380FEF774FB26
:10191000204610BD387104004C700400094B10B50E
:10192000044640F8103B04F081F9074B2360002384
:10193000E3802046FEF760FB204613F0A1F8204626
:1019400010BD00BF387104004C700400F8B50C4D98
:1019500005600025044645600E4615461F46FEF705
:10196000DBFA2046074B40F8103B2AB231B204F0B4
:101970002FFAFF222273A780268165812046F8BDB9
:101980004C700400387104006FF47D70704700BF24
:101990006FF47D70704700BF6FF47D70704700BFBB
:1019A00010B584B004AB046803F8012D0022009246
:1019B000A4691A460123A04704B010BD10B584B035
:1019C00004688DF80C20002200928DF80D30A46977
:1019D000022303AAA04704B010BD00BF10B5012325
:1019E00084B00468CDE900330DF10F03646AA047A9
:1019F00008B99DF80F0004B010BD00BFF0B585B068
:101A000004469DF82C508DF80F201F4602680E46A4
:101A100085B10123009395690DF10F02A84738B9EC
:101A2000236800901D6A0A9B3A4631462046A84723
:101A300005B0F0BD53699DF80F209847EFE700BF50
:101A40002DE9F84F9DF82870002A3CD0002B3ADD94
:101A500088460168DFF874901E464B684B45824605
:101A6000144628D1CD68DFF868B05D451BD1264407
:101A700005E00134A6420AD0DAF80030DD685D45A1
:101A8000F7D0217850460134A847A642F4D117B1C7
:101A90000020BDE8F88FDAF800309B684B450ED186
:101AA0003846BDE8F88F5FFA88F15046A847DAF863
:101AB0000030DD68DBE79847DAF80010D2E75046DF
:101AC00098473846E5E76FF47A70E2E7911903002A
:101AD000991903002DE9F04F83B09DF83090002A4A
:101AE0005AD0002B984657DD056892466B682C4A01
:101AF000934206463DD1EB682A4FBB4241D1B8F133
:101B0000010F1BD0A8F102080AEB080B0AF1FF3401
:101B100005E00B2004F8010FA3450BD035682D69B3
:101B2000BD42F6D000213046A847C0B204F8010FEC
:101B3000A345F3D108F101083568C2442B69BB42C3
:101B400012D10B208AF80000B9F1000F03D0002059
:101B500003B0BDE8F08F3368114A9B68934217D1F8
:101B6000484603B0BDE8F08F012130469847C0B227
:101B7000E8E70191984735680A4FEB680199BB4245
:101B8000BDD041F00101C9B2304698473568B6E78B
:101B9000304698474846DBE76FF47A70D8E700BFD5
:101BA0009119030099190300014B0360704700BFAE
:101BB000787104000EB42DE9F04787B00FAB0546ED
:101BC00053F8046B0093317849B125290CD02B6868
:101BD0000136DB6A2846984731780029F5D107B0ED
:101BE000BDE8F04703B07047009B7178D3F80090D0
:101BF000632903F10403009306F102067ED015D990
:101C0000732969D0782964D0642941D02B683F2199
:101C1000DB6A284698472B683F21DB6A28469847AD
:101C20002B683F21DB6A28469847CCE725294BD013
:101C30005829EBD14FF000081C2708244FF0000A68
:101C400010E0B8F1000F3CD003F157012B68284693
:101C5000DB6A98474FF0010A013C14F0FF04A7F13A
:101C60000407B0D029FA07F303F00F0303F13002A1
:101C7000392AD1B2E5DC302AE8D130212846BAF140
:101C8000000F01D1012CE7D12B68DB6A9847E3E70D
:101C9000002301A94846CDE90133CDE9033305937B
:101CA000FEF748F89DF8041000298CD00DF10504CA
:101CB0002B682846DB6A984714F8011B0029F7D1E6
:101CC00081E703F13701C1E72B682846DB6A9847B3
:101CD00079E74FF00108AFE799F8001009F1010921
:101CE00000293FF470AF2B682846DB6A984799F8C3
:101CF000001009F101090029F5D164E72B685FFAAA
:101D000089F1DB6A284698475DE700BFC388DB0698
:101D100000D4704710B5044684B0818801230422A2
:101D2000684603F029FFE38823F01003E38004B042
:101D300010BD00BFC3885B073CD52DE9F0410369A6
:101D4000B3F90270002F84B00E46054615DD00F190
:101D50001008002401E0A7420FD021B2404604F051
:101D6000B1FBB04204F10104F5D101231A46A98860
:101D7000684603F001FFA742EFD1EB8B297F288C47
:101D80005A1C92FBF1F301FB13239BB2984212D031
:101D9000EA8BA96992B28E546A69EB83002A02DB4E
:101DA000EB8B9A4210D0EB8843F01003EB8004B029
:101DB000BDE8F0817047A98801230322684603F03B
:101DC000DBFE04B0BDE8F0814FF0FF336B6102220F
:101DD0000123A988684603F0CFFEE4E7C3881B0708
:101DE00000D4704730B5838D416A02689BB20446C7
:101DF000C95CD26A85B09047A58D94F82820618D82
:101E00006B1C93FBF2F502FB1535ADB2A94202D073
:101E1000A58505B030BD0123022240F2FF3168469E
:101E200003F0AAFE236801211B6A20469847EFE7CA
:101E30002DE9F047B2F1000A054629DD9946408DAB
:101E400001F1FF38002608E06B6A18F8012F1A54D8
:101E50000136B2456C8520461BD095F82870AA8DB6
:101E6000431C93FBF7F407FB1434A4B29442EBD168
:101E70002B680121DB6928469847B9F1020F1FD072
:101E8000B9F1010F0DD0B9F1000F02D0688DDBE779
:101E900000262B682846DB69012198473046BDE8BB
:101EA000F087688D06E095F82830AA8D03449B1AC8
:101EB000002BC9DDAB8D9842F5D3AB8DC31AF7E784
:101EC000494640F2FF30FEF769FD688DBCE700BF70
:101ED000C3885A0770B5044607D5036800211B6AFA
:101EE0009847A069FEF788FFE388207F23F004036A
:101EF0009DB2E580FEF75AFFA06160B1236800261D
:101F000045F00405DB69E580E683268420463146FA
:101F10009847304670BD6FF47B7070BD38B5C3888C
:101F20001A07054607D5036801211B6A9847686AA6
:101F3000FEF762FFEB8895F8280023F008039CB2B7
:101F4000EC80FEF733FF686230B1002044F00804F3
:101F5000EC806885A88538BD6FF47B7038BD00BF04
:101F60002DE9F047164D0560002504464560914671
:101F70008A461F469DF82060BDF82480FDF7CCFFFF
:101F8000104B2360C4E902A904F1100004F05AFACE
:101F9000E288E583013701364FF0FF3342F4804297
:101FA000277784F82860A4F80480A56165622584F9
:101FB0006585A5856361E2802046BDE8F08700BFA6
:101FC0004C700400AC7104002DE9F041C788BC07D7
:101FD0001DD4002A1DDDE1B1984647F00203C380FD
:101FE0003B07044615460E460BD543462A46314666
:101FF0002046FFF71DFFE38823F00203E380BDE8DE
:10200000F081FFF78BFF0028EFD0BDE8F081024898
:10201000F5E76FF47A70F2E70DFCFFFF10B40C687F
:102020001346211DB4F902205DF8044BFFF7CCBF25
:1020300038B50B1E07DB1D4603685B6A04469847EC
:1020400000B9256338BD6FF47A7038BDF8B5C38820
:102050009C074AD1858D448D43F00303AC42C38075
:102060003AD3838DE31A17460268002B0E460446C6
:10207000156A03DD0121A84723681D6A0021204657
:10208000A84723683A4631469B6A2046984723680A
:102090000021DB6920469847A28D638D934221D2AF
:1020A00094F82820A18D13445B1A002B04DD2368CB
:1020B0000121DB6920469847256B002D06DB23684C
:1020C00029465B6A2046984700B92563E38823F0D8
:1020D0000303E3800020F8BD90F82830858D1C4470
:1020E000631BC0E7A28D9B1ADFE70148F8BD00BF64
:1020F0000DFCFFFF012A1ED0022A38B509D0C38B80
:10210000027F194491FBF2F302FB1311416100209D
:1021100038BD05460C4680881146FEF78BFAE98BE0
:102120002A7F214491FBF2F302FB13116961FEF750
:1021300005FC002038BD6FF47A707047012A0FD07B
:1021400038B514460546103004F082F9022C01D04F
:10215000002038BDA8880121FEF720FC002038BDF2
:102160006FF47A70704700BF2DE9F04F87B0CE88CA
:1021700000AFF507C7E9013060D4740789461546FA
:1021800040F1D780B9F820A0B9F81E3046F001061A
:102190009A45A9F8066058D02B68D9F81810B3F9F9
:1021A00002205646731C002A11F80680FB602ADDC7
:1021B0004FF0000B4FF0FF340FFA8BF1284604F07C
:1021C00081F92A68B2F902200BF1010B404508BFE2
:1021D00034465A45F0DC99F81C30F968B9F81E808D
:1021E00091FBF3F61FFA88F803FB1616B04500F0D2
:1021F000A880601C54D1D9F81810731C002A11F85B
:102200000680FB60D4DC99F81C30F868B9F81E80B1
:1022100090FBF3F61FFA88F803FB1606B045C1D110
:102220007B68012B00F094807B68022B13D0B9F8F7
:102230000660B86826F00106A9F8066004F002F905
:10224000B8681C37BD46BDE8F08F7B68012B00F0F5
:10225000BA80022BEDD1294607F1140004F0EAF808
:1022600007F1140102224846FFF768FF07F1140046
:1022700004F04EF8B9F81E4014F1FF3402D299F878
:102280001C40013C07F1140004F0DCF807F11401D4
:1022900009F1100004F0DCF807F1140004F038F83C
:1022A000002CB9F80660C4DB99F81C505445BABF3D
:1022B000A5EB0A0BA344A4EB0A0B0BF1080323F0D4
:1022C0000703E846ADEB030D002168460BF1010260
:1022D000A4B212F037FCA2456946D9F818000FD015
:1022E0000DF1FF320AF1010C9CFBF5F305FB13C362
:1022F00010F80AC002F801CF1FFA83FA5445F1D151
:10230000B9F82030B86801335B4426F0010693FB2E
:10231000F5F205FB1235A9F806600FFA8BF2A9F861
:10232000205004F06DF8C546B8681C37BD46BDE8BE
:10233000F08F0846FFF7CCFD002837D1B9F80660CA
:1023400020E77B68012B29D1611CA9D1D9F818108D
:10235000B9F81E309845FBD008F10103002A11F8A6
:102360000860FB6027DD4FF0000B4FF0FF340FFAE1
:102370008BF1284604F0A6F82A68B2F902200BF186
:10238000010BB04208BF44465A45F0DC99F81C30B6
:10239000F96891FBF3F803FB1818D5E77B68022B6B
:1023A0007FF47EAF631C7FF47BAF54E70146B868CF
:1023B00003F0CEFFB8E799F81C30F86890FBF3F80B
:1023C00003FB1808C4E72B68D9F81810B3F90220EA
:1023D000D046BDE7C3885B0710B5044605D5E38B3F
:1023E000208CC01A18BF012010BDFFF771FD002816
:1023F000F5D010BD38B50446F1B101290D460FD115
:102400002046FFF7E7FF0028FAD0238CA269217F3E
:10241000D05C013393FBF1F201FB1233238438BD0E
:102420000229F2D1FFF7D6FF0028EED12A4601217A
:102430002046FFF75FFEE8E7FFF7CCFF0028E4D176
:10244000004838BD0CFCFFFF38B5C388DA0712D44A
:1024500043F001025B0704460D46C28002D4FFF739
:1024600037FD38B929462046FFF7C4FFE38823F03B
:102470000103E38038BD014838BD00BF0DFCFFFFFC
:10248000B0F806C01CF0010F2DE9F04168D1984664
:102490001CF0040F4CF00103064617460D46C3809E
:1024A0002BD0B8F1000F11D1002F57DD013D44466C
:1024B00004E00134A74205F8010F17D0002130468F
:1024C000FFF798FF10F57D7FF3D10FE0B8F1010F12
:1024D0001CD1002F42DD6C1EE51901213046FFF7AB
:1024E00089FF04F8010FAC42F7D13C46F38823F092
:1024F0000103F3802046BDE8F081FFF7E9FC0446C4
:102500000028F7D1B8F1000FCED0DFE7B8F1020F05
:1025100024D1F38B318C994285BF337FF28BF38BBF
:102520009B185B1A9F420CDDF38B994285BFF28B9F
:10253000337FF38B9B18591A791A02223046FFF722
:10254000D9FD002F0ADD6C1EE51902213046FFF788
:1025500051FF04F8010FAC42F7D1C6E70024C5E7EC
:10256000004CC7E70DFCFFFF2DE9F041144608328F
:1025700022F0070200AFADEB020D0E469846621C3A
:1025800000210546684612F0DDFA434622466946B8
:102590003046FFF775FF002808DD02B2694628467D
:1025A00003F02EFF2846BD46BDE8F081284603F023
:1025B00049FF2846BD46BDE8F08100BFC388DA0761
:1025C00011D4FF2918BF013110B543F001030446AF
:1025D00018BFC9B2C3800177FFF77AFCE38823F004
:1025E0000103E38010BD0148704700BF0DFCFFFFF1
:1025F000C3889A0712D4FF2918BF013110B543F0E0
:102600000203044618BFC9B2C38080F82810FFF740
:1026100085FCE38823F00203E38010BD0048704787
:102620000DFCFFFF007F7047828D438D934237BFC3
:1026300090F82820808D808D9B18181A704700BF55
:1026400010B5074B044640F8103B03F061FE054B04
:10265000236000232046E380FDF7CEFC204610BD1A
:10266000AC7104004C70040008B5C06803681B6BB3
:102670009847002008BD00BF08B5C06803689B6A82
:102680009847002008BD00BF2DE9D8470446924670
:10269000994606F029FFE66894F8118034683046C0
:1026A000A36CE76B98474B465246002B08BF0A2A9B
:1026B00038BF0A22024441463046B847BDE8D847F1
:1026C00006F004BF70B5044606F00EFFE06803682C
:1026D0009B6C9847D4E90151D4E908236060401B02
:1026E0001518084443F10006B0F57A7FC4E908568E
:1026F000A0600CD3D4E906230132A0F57A7043F12F
:102700000003B0F57A7FF7D2C4E90623A060BDE8E4
:10271000704006F0DBBE00BF2DE9F84F1646426B55
:10272000BDF82880BDF82C909DF830A0002A10DD5F
:10273000C46A1F46238A83B104F11803002102E012
:1027400033F8085C4DB1013191421C4603F1180386
:10275000F6D16FF47B70BDE8F88F0546FFF7B2FF46
:10276000D5E9082312EB060B43EB070CBAF1000F77
:1027700022D1002001460D9BA4F81080C4E900017D
:10278000C4E902BCA4F81290636106F0ADFE296BA7
:1027900039B1D4E90223D1E902018B4208BF824258
:1027A00005D22C6332463B462846FFF76DFF06F004
:1027B0008DFE0020BDE8F88F30463946DBE700BFCC
:1027C0002DE9F003456BC36A00218D4201631EDDD4
:1027D0000A461C8A013254B139B1D3E90267D1E902
:1027E00002894F4508BF464501D203631946AA42F4
:1027F00003F11803EDD151B1036A8A68D21A0A2A8B
:10280000B8BF0A22D317BDE8F003FFF73DBFBDE80C
:10281000F00370472DE9F04F83468BB059B1C4687F
:10282000067C236820469A6CDD6B9047394A314616
:1028300002442046A8475846FFF744FFDBF83420FF
:10284000DBF82C40002A49DD0025AA461CE0D4E92B
:10285000006756EA0701628A46D1DBF830000021A2
:10286000A042218247D001210291CDE90089194679
:1028700006A803F091F9DBF834200AF1010A0135CA
:10288000AA4204F1180426DD238A002BF7D0D4E9EC
:102890000201DBE90889894508BF8045CDE90401CB
:1028A000D5D26369DB07EAD5FEF77CF960B1DBE9D5
:1028B0000801194ED4E9022336184FF000074F41A2
:1028C000BB4208BFB24219D3DBF834200135AA421B
:1028D00004F11804D8DCBAF1000FB1D15846FFF763
:1028E0006FFF0BB0BDE8F08FDDE90401801979417D
:1028F000C4E90201B7E7CBF83010B4E70123CDE912
:1029000000010293052240F2FF3106A803F044F9CA
:10291000DAE700BF80969800A0860100074B1B688D
:1029200053B1197C084110F00101184601D1FFF79D
:1029300071BF0121FFF76EBF704700BFE03E00206E
:10294000426BC36A02EB420203EBC20293424FF0B6
:10295000000025D2198AF9B15969C9071CD5D0B12F
:10296000F0B4D0E90245D3E90267AF4208BFA642FE
:1029700038BF184618339A420BD9198A0029F9D062
:102980005969CC07F6D50028EBD1184618339A427E
:10299000F3D8F0BC7047184618339A42DAD870471B
:1029A000704700BF2DE9784804460D4606F09CFDAF
:1029B000E06803689B6C9847636860600646D4E9EA
:1029C0000801A268F31A10EB030B134441F1000C49
:1029D000B3F57A7FC4E908BCA3600CD3D4E906013F
:1029E0000130A3F57A7341F10001B3F57A7FF7D294
:1029F000C4E90601A360E06803681B6B984706F012
:102A000065FD0023C5E90063D4E90801BDE87888C5
:102A10002DE9F84FDDE90A890446154606F064FD04
:102A200058EA090330D0D4E9082312EB080043EB3D
:102A30000901C4E908014FF47A720023404649466F
:102A400011F02EFED4E9066716EB000A47EB010BE6
:102A5000C4E906AB404649464FF47A72002311F0B0
:102A60001FFEA3681A44B2F57A7FA2600BD31AF155
:102A7000010AA2F57A724BF1000BB2F57A7FF6D219
:102A8000C4E906ABA26065602046FFF71BFED4E9EF
:102A90000889636BE56A03EB430305EBC30C18F18C
:102AA0000A0A4FF0000349F1000B6545236314D374
:102AB00033E05B4508BF524501D2C5E902AB236B49
:102AC0003BB1D3E90201D5E902238B4208BF824220
:102AD00000D225631835AC451FD92B8A002BF9D0BD
:102AE000D5E9006756EA0701D5E90223E1D012EBE8
:102AF000060843EB0709D94508BFD04502D3DEE7F6
:102B00008046894616EB080047EB0901594508BF86
:102B10005045F5D3C5E90289D1E7E06803689B6CAD
:102B200098470546E068094A0368217CDB6B2A4424
:102B30009847236B33B1E068617C036805F10A02B2
:102B4000DB6B9847BDE8F84F06F0C0BC8096980054
:102B5000704700BF064B10B51C682CB12046FFF72C
:102B6000B1FDD4E9060110BD0020002110BD00BF59
:102B7000E03E0020064B10B51C682CB12046FFF744
:102B8000A1FDD4E9080110BD0020002110BD00BF47
:102B9000E03E002070B50A4C266884B076B11D4630
:102BA00014460B460246012108980390CDE90045E2
:102BB00030460291FFF7B0FD04B070BD0148FBE75D
:102BC000E03E002016FCFFFF70B50E4D2C68B4B13E
:102BD0002046FFF777FD0C4B266A42F210709847AB
:102BE0002C682046FFF76EFD236A0849053B9B1BB6
:102BF00042F210720020B2FBF3F30B6070BD044888
:102C000070BD00BFE03E0020A9200020DC3E002077
:102C100016FCFFFFF8B50D46437416460A231E4AFC
:102C20001E49016004464363C56006740121F0201B
:102C30001460FEF701F92B68194FDA69E062002190
:102C400000202163BA424FF00001C4E90601C4E943
:102C500008011AD1134AEA603146134ADB6B284651
:102C60009847E06803685B6A9847E0680368002259
:102C70009B6CA2609847E36860601A681846936A84
:102C80009847FFF7A1FF2046F8BD28460549904721
:102C9000E5682B68E0E700BFE03E0020F07104002B
:102CA0003D6802001D290300809698002DE9F84335
:102CB000124D2E6806B3124B04461868A8B9304668
:102CC000FFF700FDD6E9086716EB040847F1000995
:102CD0002C682046FFF7F6FCD4E908234B4508BFD3
:102CE0004245F5D30020BDE8F88304FB00F0054B16
:102CF00098470020BDE8F8830348F4E7E03E002051
:102D0000DC3E0020A920002016FCFFFF4FF47A7360
:102D100003FB00F0FFF7CABF064B1B681BB101465F
:102D20001846FFF73FBE00220023C0E900231946E2
:102D300010467047E03E002070B5094C266882B00E
:102D40005EB114461D4602460B463046CDE90045AD
:102D5000FFF75EFE002002B070BD0248FBE700BF37
:102D6000E03E002016FCFFFF084B1B685BB110B56E
:102D700004461846FFF7E4FD20B1D0E90223C4E978
:102D80000023012010BD1846704700BFE03E002020
:102D9000C3880D4A23F4005310B504460260C38073
:102DA0002C3002F043FF04F1240003F0B1FA04F1E7
:102DB0001C0003F0ADFA054B236000232046E3809E
:102DC000FDF71AF9204610BD007204004C70040093
:102DD00010B50446FFF7DCFF204611F051FE2046F7
:102DE00010BD00BF012140F2FF30FDF7D7BD00BF8D
:102DF000F8B50025164B0360044645600F4616469D
:102E0000FDF78AF8134B2360A76004F10C0002F071
:102E100003FE04F11C0003F015FB04F1240003F091
:102E200011FB04F12C0002F009FF4FF4405384F829
:102E3000225084F83250A6802575E58225832584AA
:102E40002585258684F83350E3802046F8BD00BFF1
:102E50004C7004000072040000B5012385B0818825
:102E60001A46684602F088FE012368461A4640F278
:102E7000FE3102F081FE05B05DF804FB2DE9F84358
:102E8000044680680121103003F0ECF894F92230F8
:102E9000042B06DCE269B4F92010B2F902208A4260
:102EA0001ADCA06801335DB284F822500368DB6944
:102EB00098470130854201D0BDE8F883E3690022DC
:102EC00084F82220B3F90210B4F92030994234DD9D
:102ED00001332384BDE8F88304F11C0003F0F2FA07
:102EE000014604F10C0002F0A9FD0746A06894F920
:102EF00022600268C6F1040301269E40D369984708
:102F00003D4600F1FF38A068F6B25FFA88F8053751
:102F10006FEA050915F8013B334204D1AF42F9D1FC
:102F200094F92230BEE709EB0502103012B2FF23FC
:102F3000414602F0C3FEA068F0E722752046BDE8D6
:102F4000F843FFF789BF00BF38B50446436AB4F9B8
:102F50002810B3F9023080688B4200F110050FDCB5
:102F6000202100231A46284603F036F8626AB4F995
:102F70002830B2F902209A4208DB0133238538BD9C
:102F800004F1240003F09EFA0146EAE700232375CA
:102F90002046BDE83840FFF75FBF00BF10B50446CC
:102FA000806882B0103002F07FFEA068B4F9302053
:102FB0000023103004F12C01009302F077FF50B988
:102FC00094F833303BB100232046237502B0BDE8AE
:102FD0001040FFF741BF94F93230002BF3D0218E1F
:102FE00001220B44238684F8332002B010BD00BFB9
:102FF00030B504468068B4F93050036883B0DB69AB
:103000009847E36A94F932105B88CB1A18448542DA
:103010000DDC94F8333053B1237D062B2ED00023E2
:103020002046237503B0BDE83040FFF715BFB4F963
:103030003020A068002A00F1100010DC002300936B
:1030400004F12C0102F032FF94F932307BB1218E71
:1030500001220B44238684F8332003B030BD49425B
:1030600003F000F8A068B4F930201030E6E72375CB
:103070002046FFF7F1FE94F93230E8E7A0681030FF
:1030800002F012FECBE700BF037D0022022B10B539
:10309000044602831CD0237D032B1ED0237D042BEA
:1030A00021D0237D052B06D0237D062B03D0237D45
:1030B000072B06D010BD2046FFF79AFF237D072B74
:1030C000F8D1002323752046BDE81040FFF7C4BEA9
:1030D000FFF7D4FE237D032BE0D12046FFF734FF1A
:1030E000237D042BDDD12046FFF758FFD9E700BF31
:1030F000037D33B1038BC18A04339BB299420383AE
:1031000000D97047FFF7C0BF10B5037D84B00446F7
:1031100073B1012300220275A1881A46684602F0A5
:103120002BFD012368461A4640F2FF3102F024FDD0
:10313000A068103002F0B8FD04B010BD10B5012138
:1031400004460720FDF72AFC064B984205D010BD27
:10315000237D012BFBD006F0CFF9237D002BF7D187
:1031600010BD00BF16FCFFFF38B5151E16DB037D32
:1031700013B1037D012B0FD104468068002310306A
:103180001A4602F029FF2DB100200723E582208393
:10319000237538BD284638BD024838BD6FF47A70B3
:1031A00038BD00BF12FCFFFF70B582B0079D002D37
:1031B0001BDB047D14B1047D012C14D1069E044652
:1031C0008068F6B21BB212B21030009602F06EFEAA
:1031D00035B100200723E5822083237502B070BD3E
:1031E000284602B070BD0248F8E76FF47A70F5E740
:1031F00012FCFFFF70B5151E82B01DDB037D044677
:1032000033B1037D012B03D00191FFF7EBFD019951
:10321000237D03F0FF066BB92A462046FFF7A4FF83
:103220002DB12046FFF78AFF304602B070BD284618
:1032300002B070BD0248F8E76FF47A70F5E700BF9E
:1032400011FCFFFF2DE9F04186B00D9D002D2CDB18
:103250001F46037D1646044633B1037D012B03D080
:103260000391FFF7BFFD0399237D03F0FF08D3B956
:1032700005A802F0E9FC0C9B009301953B46324601
:1032800005A92046FFF790FF05A802F0CFFC35B155
:103290002046FFF753FF404606B0BDE8F0812846C0
:1032A00006B0BDE8F0810248F6E76FF47A70F3E704
:1032B00011FCFFFF70B5161E14DD037D13B1037DF5
:1032C000012B0DD10025044680F8225005841C30C6
:1032D00003F0BEF8022325832846E682237570BDDD
:1032E000024870BD6FF47A7070BD00BF12FCFFFF22
:1032F00070B5161E84B021DD037D0446A3B9237D7D
:1033000003F0FF05C3B903A803F094F8324603A9FC
:103310002046FFF7CFFF03A802F0FAFF2046FFF791
:103320000DFF284604B070BD037D012BE7D001914D
:10333000FFF758FD0199E2E70248F3E76FF47A706E
:10334000F0E700BF11FCFFFFF0B583B0171E089E29
:103350002FDD047DFCB916F1FF0F0446C3F1000513
:103360001ED036B284F83250268604F12C0002F0CA
:103370008BFC099B002D18BF3D46002B07F1FF3247
:103380000CBF052306230020E5822283237584F8E1
:10339000330003B0F0BD047D012CDCD00648F8E713
:1033A000806801910368DB699847461936B2019934
:1033B000D8E76FF47A70ECE712FCFFFFF0B5161E49
:1033C00087B027DD1F46037D0446CBB9227D02F07E
:1033D000FF05EAB905A802F037FC0D9B01930C9B91
:1033E000009332463B4605A92046FFF7ADFF05A8EE
:1033F00002F01CFC2046FFF7A1FE284607B0F0BDF6
:10340000037D012BE2D00391FFF7ECFC0399DDE78C
:103410000248F3E76FF47A70F0E700BF11FCFFFF9A
:10342000C08800F00100704710B5034B03600446EC
:10343000FDF71AFE204610BD2472040010B5054B9E
:1034400003600446FDF710FE204611F019FB2046EC
:1034500010BD00BF24720400C388DB0400D4704791
:103460002DE93048036888B01B6A04469847227CDF
:10347000E38878B10B2A04D80132D2B2082A227428
:103480000ED9D9071ED503F00305012D2CD008B0A5
:10349000BDE8308832B1013AD2B2082A2274F0D89D
:1034A000012AF0D8DA07EED523F00303E3800222E5
:1034B0000123A188684602F05FFB657C012D2CD0BA
:1034C000E388E0E743F001020123E280A1881A4685
:1034D00004A802F051FB238901332381FFF73AFB53
:1034E000227CE388E060DBE7FFF734FBE368B0EBC6
:1034F000030B61F1000C002340F2DB52634508BF6F
:103500005A45C4D2E288A18842F00202E2802B46EA
:10351000052204A802F030FBB9E7FFF71BFBE368C4
:10352000B0EB030B61F1000CBCF1000F08BFBBF561
:103530007A7F2B462CBF04220322A18804A802F024
:103540001BFBBDE710B5044684B0E9B94269D288D7
:10355000930502D4002004B010BD03681B6A98478D
:103560000028F7D0E288A188012342F0010203205D
:10357000E28020741A46684602F0FEFA0123238195
:10358000FFF7E8FAE060E5E7C288002122F00302D5
:10359000C28001810174002004B010BD10B5044642
:1035A0004069074A03685B68934207D16FF47D70F6
:1035B000A37C181AB0FA80F0400910BD9847F7E7CD
:1035C000219502002DE9F84304460D469DF8206040
:1035D0009DF8247091469846FDF762FD0022227402
:1035E000A4F80490EB880F49E260012E0CBF43F46D
:1035F000807323F48073656184F81180A674216060
:10360000EB802B68084A1B6C934206D1E38843F495
:103610000053E3802046BDE8F883394628469847A2
:10362000F4E700BF24720400DD9502004174704786
:1036300003681B6B184700BFA0F14400FFF7F8BFF9
:1036400038B503894FF4FA61044601FB03F14D4894
:10365000FDF7ACFC4C4AA17A0346A2FB03239B096D
:1036600023814A48FDF7A2FCD4F88C30A0721A6876
:103670002189A4F84C10D569B4F8941018462A2270
:103680000023A84700285AD1D4F88C00B4F894102D
:1036900003685B22DD691F23A84700285ED1D4F8A8
:1036A0008C00B4F8941003685C22DD692023A847DD
:1036B000002858D1D4F88C00B4F8941003682C2258
:1036C000DD690123A847002852D1D4F88C00B4F852
:1036D000941003682D22DD690123A84700284CD1EE
:1036E000D4F88C00B4F8941003682E22DD6901230D
:1036F000A84748BBA17A2548FDF738FCD4F88C20B0
:10370000B4F894101568C3B2ED6910460E22A847AC
:10371000F8B923891B484FF47A7101FB03F1FDF7D7
:1037200025FCD4F88C20B4F89410146840F0010300
:10373000DBB21046E4692A22A04700B938BD14481C
:10374000FCF792FD134838BD1348FCF78DFD114876
:1037500038BD1248FCF788FD0E4838BD1048FCF70C
:1037600083FD0C4838BD0F48FCF77EFD094838BD85
:103770000D48FCF779FD074838BD0C48FCF774FD8F
:10378000044838BD50720400D34D621048720400E2
:10379000B07204000EFCFFFF50730400707304004D
:1037A000D0720400F072040010730400307304003F
:1037B000A0F14400FFF744BF10B5074B03F1080226
:1037C00048330446026040F8443FFDF7E5FE2046DA
:1037D000FDF784FC204610BD94730400A0F1440062
:1037E000FFF7EABF094B10B503F10802483304465E
:1037F000026040F8443FFDF7CFFE2046FDF76EFC27
:10380000204611F03DF9204610BD00BF947304001E
:10381000A0F14400FFF7E6BFF0B50446D0F89000F1
:10382000E38802683D495268C58843F480438A4270
:1038300089B0E380C5F3002512D1002085420BD06A
:10384000D4F88C0094F89410036800229B6A98477F
:1038500000F00700072808D00025284609B0F0BD71
:103860009047B0FA80F04009E8E7D4F88C00B4F84B
:10387000941003680C250122CDE9005202AE5D6A66
:103880003346A8470546002846D1034605AAF11845
:10389000D018F75C49784770D15402330C2BF6D11D
:1038A000A07ABDF81630BDF81420BDF8181013FB2F
:1038B00000F35B4212FB00F2002BB8BF1F33002A5B
:1038C000B8BF1F3211FB00F15B1152110029A36137
:1038D000E261BDF91E30BDF91A20BDF81C00B8BF69
:1038E0001F31491102EB820203EB8303216202EBD9
:1038F000820203EB83034FF69C7110FB01F19200EF
:103900009B00C4E91F23A1672046FDF7C7FD04F112
:103910004400FDF75DFEA0E7014D9EE72195020002
:103920000EFCFFFFA0F14400FFF776BF2DE9F8433E
:10393000BDF82890BDF8206004461D46884617460D
:103940001946BDF82420FDF72DFC4A46294604F10E
:103950004400FDF795FE094BC4F88C8003F1080282
:103960004833C4F89070A4F89460226063642046E1
:10397000FFF766FE2046BDE8F88300BF947304009D
:1039800008B50368C9B29B6A0D229847A0F1C70029
:10399000B0FA80F0400908BD002070476FF47D70D8
:1039A000704700BF10B50446806830B14FF4807294
:1039B0000021BDE8104011F0C5B84FF48070FDF74C
:1039C000F5F94FF48072A0600021BDE8104011F0BD
:1039D000B9B800BF70B504464068204A03681E6944
:1039E00084B000239642CDE900336D461DD11C4BB7
:1039F0000093204600230193FFF7D4FF95E80300CE
:103A000002AB83E8030003CBA368164D186059602E
:103A1000D4E9001003689A69AA4211D15D69124B7A
:103A20009D4215D1019804B070BD02232268294639
:103A3000B0470B4B009A9A42D9D1019804B070BD9F
:103A40009047D4E9001003685D69074B9D42E9D0B7
:103A5000A2684023A847019804B070BD0DE9020098
:103A6000A10D0C009D39030015E90200F8B50446CC
:103A7000171E4FF000000E46C4E901100B680EDB64
:103A80001968194DA94218D19B6818498B420546FF
:103A90001BD125602046FFF79DFF2046F8BD5A68E0
:103AA00013498A421BD105469B68104A9342F0D0C5
:103AB0003046984700FB1755EBE730468847336898
:103AC0000A499B688B420546E3D03046984700FB85
:103AD000075525602046FFF77DFF2046F8BD30469C
:103AE000904733680546DFE705E90200993903008E
:103AF00009E902002DE9F84F8A468146FFF76AFF7F
:103B0000804688B33020D9F8005010F0C0FF302232
:103B10000021074611F016F8B8F1000F05F108056D
:103B20001FDDDFF858B0002408E03946504611F098
:103B30003BF8303598B10134A04519D0D9F80400CC
:103B400003681E695E45F0D02A460C233946B0470B
:103B50003946504611F028F830350028EBD1A04501
:103B600006D03846BDE8F88F07463846BDE8F88FDE
:103B7000384610F085FF0027F3E700BF0DE902008B
:103B80002DE9F04F0646C3B008460C4692461F4644
:103B900011F014F800F10109B9F1100F00F2EC80F6
:103BA000202F00F2E98021463046FFF7A3FF0546AB
:103BB00060B13A465146103010F091FF80462846D9
:103BC000B8F1000F00F0A38010F05AFF4A462146DA
:103BD00006A810F093FF3A4651460AA810F08EFF4F
:103BE0003046D6F800B0FFF7F5FE302281460021BE
:103BF00012A810F0A7FF3046FFF7D4FEB9F1000F6E
:103C00000BF1080740F3B6804FF00008CDF80480B0
:103C10000DF1A80A706803681C695A4B9C4240F079
:103C2000998006A912A810F0BFFFA7EB0B0CD6F8DD
:103C300008E0002871D1544ACDE9022902AB03CB38
:103C400006ADCEF80000CEF804100FCD1EAC0FC4A8
:103C50000FCD0FC495E80F0084E80F00B3681EACC9
:103C60009C4425460FCD5545CCF80000CCF80410F7
:103C7000CCF80820CCF80C302C460CF1100CF0D10C
:103C80000123019308F10108C14507F13007C1D1B3
:103C900009EB4904019BA400A71C3BBBB9F1050F2C
:103CA0006DD0394A09F10103CDE9042304AB03CBFC
:103CB000B36806AC186059600FCC36AD0FC50FCC99
:103CC0000FC594E80F0085E80F00B4680DF1D80C1B
:103CD00004EB870442AF65460FCDBD4220606160B2
:103CE000A260E360AC4604F11004F4D17068274C84
:103CF000036831689A69A24237D15C69244B9C42BF
:103D00002DD14FF00008404643B0BDE8F08F10F0D1
:103D1000B7FE404643B0BDE8F08F12AD0FCD54461C
:103D20000FC40FCD0FC495E80F0084E80F00F444D2
:103D300055462C460FCCCCF80C3036AB9C42CCF818
:103D40000000CCF80410CCF8082025460CF1100C2B
:103D5000EFD197E70C233A4612A9A04761E7B26872
:103D60004023A0474FF00008D3E79047D6E9001062
:103D70000368C2E7022794E76FF47A78C9E76FF423
:103D80007B78C6E70DE90200A10D0C009D39030008
:103D900015E902002DE9F04FA1B089460646FFF76C
:103DA00019FE002800F09B8080463022002108A8E0
:103DB000376810F0C7FE3046FFF7F4FD494ACDE9F9
:103DC000022802AB03CBB368B8F1000F07F1080774
:103DD0001860596076DD0025DFF818A1CDE90052A2
:103DE0004FF0020B11E0019A08F1FF33CDE90423F3
:103DF00004AB03CB01350123A845CEF80000CEF873
:103E00000410009307F1300731D0706803681C6913
:103E100054453ED1494608A810F0C6FED6F808E041
:103E20000028E0D00DF1200CBCE80F0014AC0FC44A
:103E3000BCE80F000FC49CE80F0084E80F000EEBF5
:103E40008B040DF1500EF446BCE80F00E36020AB8C
:103E50009C4520606160A260E64604F11004F2D146
:103E60000135A8450BF10C0B07F13007CDD1009BB4
:103E700043B370681C4C036831689A69A2420DD143
:103E80005C691A4B9C4211D10023184621B0BDE851
:103E9000F08F0C233A4608A9A047BBE79047D6E924
:103EA000001003685C69114B9C42EDD008EB480898
:103EB0004FEA88030233B268A0470023184621B0B6
:103EC000BDE8F08F074BB268CDE9063806AB03CBEF
:103ED000074B10601846516021B0BDE8F08F044BCD
:103EE000D3E700BFA10D0C009D39030015E90200C6
:103EF0000CFCFFFF0DE9020003681B6B184700BFB5
:103F000001892DE9F0414FF47A76044606FB01F170
:103F10002848FDF74BF8284AA17A0346A2FB032361
:103F20009B0923812548FDF741F8656CA072E38861
:103F30002A68B4F84C80D76913F4807320D14146C5
:103F400028462022B84750BB606CB4F84C10036878
:103F50002222DD691023A847E0B9656CA17A2B689D
:103F60001648DE69B4F84C40FDF700F860F07F03B6
:103F7000DBB2214628462322B047A8B9BDE8F0812C
:103F800021890C4806FB01F1FCF7F0FF40F0070324
:103F9000DBB2D4E70A48FCF767F90A48EEE70A48BB
:103FA000FCF762F90748E9E70848FCF75DF90548BE
:103FB000E4E700BF14740400D34D62100C740400D5
:103FC000B47404000EFCFFFF84740400E474040065
:103FD00010B5034B03600446FDF780F8204610BD82
:103FE0001C75040010B5054B03600446FDF776F818
:103FF000204610F045FD204610BD00BF1C75040092
:1040000008B50246C38819B1D9050AD4002008BDF5
:104010009905FBD523F4007343F48043D38000203B
:1040200008BD016823F4824343F40073C380CB6A64
:104030009847002008BD00BFF0B5C388DA0585B0F9
:1040400005462BD4026843F48243C380D36A984761
:104050000126314FA86C0368C4885B68BB42C4F377
:10406000002416D1002084424FF027020DD0686C46
:1040700095F84C1003689B6A984710F008040FD11C
:10408000002EE7D1204605B0F0BD002EE2D1344627
:10409000F8E79847B0FA80F04009E4E70026D8E74F
:1040A000686CB5F84C10036806220124CDE90024A1
:1040B000A8225C6A02ABA047044608B1174CE1E7AE
:1040C000BDF90830BDF90A20BDF90C00AE7A2968A7
:1040D000002BB8BF1F33002AB8BF1F3200284FEA99
:1040E00063134FEA6212B8BF1F304011ADF80830B9
:1040F000ADF80A2016FB03F316FB02F2524216FB40
:1041000000F65B42ADF80C00C5E906232E624B6B4E
:1041100028469847B6E700BF219502000EFCFFFF36
:10412000F8B504460F4616461946BDF81C20BDF8E2
:104130001850FDF737F8064A67640023A664A4F810
:104140004C502260E3802046FFF7DAFE2046F8BD9F
:104150001C75040008B50368C9B29B6A0F22984712
:10416000A0F13300B0FA80F0400908BD03689B6AF3
:10417000184700BF018938B54FF47A75044605FB2E
:1041800001F11948FCF712FF184A0346A2FB03236A
:104190009B0999B205FB01F123811348FCF7E6FE68
:1041A000E288B4F85010C3B2A06CD205026858BFC0
:1041B00043F00303D5696022A84780B9A06CE38867
:1041C0000268B4F85010D469C3F300236222A047F8
:1041D00000B938BD0648FCF747F8064838BD064820
:1041E000FCF742F8034838BD54750400D34D621003
:1041F000AC7504000EFCFFFF7C75040010B5034B8A
:1042000003600446FDF7C8F9204610BDE4750400BC
:1042100010B5054B03600446FDF7BEF9204610F0CB
:104220002FFC204610BD00BFE475040008B502460F
:10423000C38819B1D9050AD4002008BD9905FBD55A
:1042400023F4007343F48043D380002008BD016849
:1042500023F4824343F40073C380CB699847002062
:1042600008BD00BFF0B5C388DA0585B005462BD47C
:10427000026843F48243C380D36998470126284FDC
:10428000E86C0368C4885B68BB42C4F3002416D1A1
:10429000002084424FF067020DD0A86C95F85010B2
:1042A00003689B6A984710F008040FD1002EE7D1ED
:1042B000204605B0F0BD002EE2D13446F8E798471D
:1042C000B0FA80F04009E4E70026D8E7A86CB5F81A
:1042D0005010036806220124CDE90024E8225C6A1C
:1042E00002ABA047044608B10E4CE1E7BDF90C3023
:1042F000BDF80A00BDF808102A6803EB8303C3EB7E
:1043000003135B00EB634FF66A7310FB03F011FBC2
:1043100003F3C5E90D03D36A28469847C8E700BFF1
:10432000219502000EFCFFFFF8B504460F46164625
:104330001946BDF81C20BDF81850FDF7A1F9054B32
:10434000A4F85050C4E9127623602046FFF712FF0C
:104350002046F8BDE475040082B08DE80C000148E9
:1043600002B0704716FCFFFF0020704700298069EB
:1043700005DD08B904E010B10139406AFBD170478E
:10438000704700BF82B070B50C4684B005464968DE
:10439000206802AC03C4039908AC481084E80C0000
:1043A000CB0745BF2A58029B029CD4580AAB2E1853
:1043B00093E803008DE8030008AB0CCB3046A04720
:1043C00004B0BDE8704002B0704700BF002943D080
:1043D0002DE9F0418469002C3BD00D460646DFF8FC
:1043E0008080002705E0A268AB689A420DD0646A1D
:1043F000DCB1AA88A38853409907F8D49207F2D574
:10440000A968A06802F0F6F8A8B12B88BBB96B8840
:10441000DBB9B3680BB120469847A38843EA080389
:10442000A380646A0137002CE3D1002FC8BF204667
:104430000FDDBDE8F081AB889B07D8D4D3E7228895
:104440009A42D4D16B88002BE3D062889A42CED1B5
:10445000DFE76FF47A70ECE76FF47A70704700BFB3
:104460000080FFFF002971D0F0B5846985B00D464A
:1044700006463CB966E0A388980708D5914219D052
:10448000646A14B3AB8821682A689F07F3D4914209
:10449000F6D1A268AB689A42F2D1EA68E3689A4220
:1044A000EED1A3881A0402D5C3F30E03A3802948D2
:1044B00005B0F0BDA968A06802F09CF80028DFD024
:1044C000EA68E3689A42DBD1EBE7D6F818C02A889D
:1044D000BCF1000F2ED06046634600E00B461C88FE
:1044E000944211D2596A18460029F7D163451DD06C
:1044F000596A69625D62012340F2FD31684601F04C
:104500003BFB002005B0F0BD1ED16F885988B94231
:1045100004D319E04888B842E8D20B46596A00290A
:10452000E4D00888A042F5D06345E1D119888A42D9
:1045300002D26B62B561DEE7DAD1588869888842B9
:10454000D6D9F6E70A88F5E70346CFE76FF47A7025
:10455000704700BF16FCFFFF2DE9F04183885F071D
:1045600082B0064603D59D062DD4DC0638D443F030
:104570000403B38006F1100506F1180815E0F3688E
:10458000009395E80F00A047B388DA0618D5346A7F
:10459000B4B194E80F00276985E80F002046376220
:1045A00010F06EFAFCF7CAF9B388B46898070DD416
:1045B000D907E4D495E80F00A047B388DA06E6D41B
:1045C00023F00403B38002B0BDE8F08198E8030053
:1045D00095E80C008DE80300204601F0F3FFD3E7D7
:1045E00000F1180393E803008DE8030006F11003BF
:1045F0000CCB3046FCF76EFCE5E700BF70B51C4BFA
:104600008CB003F10802283304460260C36006A898
:1046100001F0D2FA0F231820029310F038FA002587
:10462000144A0092064601956A46034603CA46F8B4
:104630000C4B114ADD60049375605A6158609960B3
:10464000204602A91223ADF80C300595CDE90A5594
:10465000FFF7BCFE02A8FCF733FC084B658204F1AF
:104660000C00E360FBF7C8FC20460CB070BD00BF37
:104670002C760400F9480300854303004C700400C5
:10468000A0F10C00FFF7BABF10B50446FFF7B6FF64
:10469000204610F0F5F9204610BD00BFA0F10C0037
:1046A000FFF7F2BFF0B5254B254A0260002504460E
:1046B00083B0C0E9025305610C30FBF72DFC214BA0
:1046C000236003F12002E260A561C4E90755E58497
:1046D000282010F0DCF90646103001F06DFA1A4B74
:1046E0003360182010F0D3F9184ACDE900250746A9
:1046F0006A46034603CA47F80C4B154ADD604FF083
:10470000C20C7D6058609960204631465A61C6E906
:104710000235C6E90855A6F804C0FFF7A3FE30B974
:104720000C4B1A6802B91C60204603B0F0BD30463D
:10473000FCF7C6FB304610F0A3F9F1E74C7004001B
:104740001C760400347604000F000200F9480300D0
:1047500085430300EC3E002038B5044604F0C4FE57
:10476000E5692DB12B69E36133B1E38C013BE3844F
:1047700004F0ACFE284638BD2362F6E72DE9F0418F
:1047800084690CB3A388656A00271A0480463E46F4
:1047900006D4264695B12C46A388656A1A04F8D536
:1047A0005B07F6D46EB17562656A2046FCF788FB3C
:1047B0002046013710F064F9002DECD13846BDE8F1
:1047C000F081C8F81850F0E727463846BDE8F08178
:1047D0002DE9F0418469002C44D016460D46DFF8DF
:1047E0008C8001270CE0A38803F0C003A3F1C00371
:1047F000B3FA83F35B09B34215D00027646A4CB364
:1048000023882988994201D0002BF7D163886A88D0
:104810009A4201D0002BF1D1FBF704FF0028E2D12E
:104820000123B342E9D1B4F804E01EF4004FE4D10F
:1048300095E80F0004F1100C1EF0400F8CE80F00FB
:1048400002D1FBF7EFFE40B92046FFF785FE646A10
:10485000002CD5D13846BDE8F08121464046FCF712
:1048600031F9CBE701273846BDE8F081594503000F
:10487000F0B5012287B00446066A0D46FFF7A8FF8F
:1048800010B9E38C092B01D907B0F0BD95E80F00F2
:1048900002AD85E80F00182010F0F9F806AB0746C6
:1048A00013E9030095E80C008DE80300384601F099
:1048B000A9F904F019FE66B133693B6137613B69C0
:1048C0005BB1E38C0133E38407B0BDE8F04004F052
:1048D000FDBDE3693B61E761F2E72762F1E700BFF5
:1048E00082B008B502A9C1E90023FFF7C1FFBDE806
:1048F0000840002002B0704782B038B5054604A9D0
:1049000081E80C00FFF73AFF2846FFF725FF90B13A
:10491000044604E02846FFF71FFF044658B1002272
:1049200021462846FFF754FF204610F0A9F8FBF770
:1049300013FF0028EED1BDE8384002B0704700BF39
:10494000024B1888421C1A80704700BF5223002077
:10495000C08800F00300A0F10300B0FA80F0400925
:10496000704700BF82B070B50C4684B005464968F8
:10497000206802AC03C4039908AC481084E80C001A
:10498000CB0745BF2A58029B029CD4580AAB2E186D
:1049900093E803008DE8030008AB0CCB3046A0473A
:1049A00004B0BDE8704002B0704700BF10B5034BC3
:1049B00003600446FCF758FB204610BD78760400DF
:1049C00010B5054B03600446FCF74EFB204610F083
:1049D00057F8204610BD00BF7876040082B070B54D
:1049E00088B00CA981E80C004289BDF83050BDF8B0
:1049F0003230954204460BD0022B27D0052B00F015
:104A00008680012B78D008B0BDE8704002B07047B6
:104A10008189022B0E461AD0052B5AD0012BF2D1D8
:104A2000C3888D4243F00103C38068D0A9426AD095
:104A300003F00203002BE6D001231A46A18804A844
:104A400001F09AF8238901332381DCE71646B2424C
:104A500017D0A189B14265D0954267D0A3899D4204
:104A6000194600F09C80A17B012900F0C1809D4285
:104A700000F0AE809542C6D1E38823F01003E380B6
:104A8000C1E7E38803F00103002BE5D001230222F4
:104A9000A188684601F070F863899D4200F090801B
:104AA000A289A188AA4250D00123032204A801F0C0
:104AB00063F86289B24203D1E38843F01003E380D4
:104AC000A389B34200F08F80954266D09D429AD16F
:104AD00068E0C3888D4243F00403C3801AD0A94222
:104AE0001CD003F00803002B8DD0A18801230522E0
:104AF00004A801F041F886E78689B54203D1E3882E
:104B000043F00203E380E38803F0010392E7868920
:104B1000B54203D1E38843F00803E380E38803F060
:104B20000403E0E7E38803F00203ADE7E088C6068C
:104B30001FD5A38920F0010189B29D42E18028D0D0
:104B40002A4621F00401E18091E7E28802F00800A2
:104B50000028A9D0B34238D0A389B342A4D102F02F
:104B60000802002AA0D00123042204A801F004F8BE
:104B70009FE7A37B012B3ED100F00403002B37D02D
:104B800001230422294604A800F0F6FF6289A389C4
:104B90009AE720F0030189B2D2E7E088CAE7E38808
:104BA00098062BD5E38823F0020189B29542E18073
:104BB0002AD023F00A039BB223F02003E38022E7EC
:104BC000E288A18802F00400C2E702F00402C8E70C
:104BD000E18821F008039BB29542E38004BF21F0F5
:104BE00018039BB2E8E7E18841F02001E1806BE720
:104BF00001230322C6E7A1890B4665E7A07B0128B4
:104C0000FAD103F00803B9E72B469AE7817370479E
:104C10002DE9F04F83B0DDE90C9ABDF83870002B18
:104C200040D0B9F1000F3AD00F2901D1C02F39D1AE
:104C3000804628201D460E4693460FF028FF044666
:104C4000103000F0B9FF18202680A4F802B00FF051
:104C50001EFFCDE9009A06466B46024603CB46F896
:104C60000C5B0023D8F80050D360E36073605060A1
:104C700091606D6811491248A26047F002078D42A9
:104C8000A780C4E9083350610FD12046FCF718F91A
:104C900020460FF0F5FE0B4803B0BDE8F08F1AF088
:104CA000010FC1D16FF47A70F6E740462146A8475C
:104CB0000028EAD103B0BDE8F08F00BF41FC02003C
:104CC0006549030016FCFFFF2DE9F0471C4F044621
:104CD00088B0884616461D46FCF7E2F93A6819493D
:104CE000A5800025A4F80A80A6812160A57312B3CF
:104CF000DFF854A0CDE904A504AB93E803004FF01E
:104D0000C0098DE80300234641461046CDF80890BF
:104D10002A46FFF77DFFCDE906A508AB13E903009E
:104D20003F68CDF808908DE803002A4623463846B0
:104D30003146FFF76DFF204608B0BDE8F08700BFA1
:104D4000EC3E002078760400DD490300C388DB06D2
:104D500006D4D0E907038342B4BF00200120704786
:104D60000020704710B504468069054B2360036836
:104D700021461B6A98472046FEF756FB204610BD89
:104D8000A076040010B50446FFF7ECFF20460FF0B4
:104D900077FE204610BD00BFF0B50C89164683B0E3
:104DA00000251F4622460123CDE900550446FEF7A3
:104DB00009FC33680A4A2562C4E906672260DB6998
:104DC000304621469847AF4207DAE388E56143F071
:104DD00010034FF4FA72E3802262204603B0F0BD64
:104DE000A0760400F0B41D4DC6884A0085FB02344D
:104DF000D317C3EB6414F3061FD5C3694BBB622200
:104E0000164F056A02FB01F187FB0132CB17C3EB9A
:104E100062132344013DC0E9073565B903EB830202
:104E200087FB0217D217C2EB6712023326F0100677
:104E30001344C680C361F0BC7047622202FB01F1DB
:104E400085FB0123C917C1EB631323440362F0BC44
:104E500070479942B8BF1946D1E700BF1F85EB5193
:104E600030B4456B002D0DDD836899420ED000F102
:104E70000802002303E052F8044F8C4207D00133AC
:104E80009D42F8D16FF47A7030BC70470023AA1CA1
:104E9000023350F8222040F82320013D45630020D2
:104EA00030BC704782B070B50C4684B00546496886
:104EB000206802AC03C4039908AC481084E80C00D5
:104EC000CB0745BF2A58029B029CD4580AAB2E1828
:104ED00093E803008DE8030008AB0CCB3046A047F5
:104EE00004B0BDE8704002B0704700BF82B02DE949
:104EF000F04F81B00AA981E80C00426B002A0646F7
:104F000019DDDFF8D880051D0024012703E0A24247
:104F100083F824700FDD55F8043F58690168496C27
:104F2000414504F10104F2D08847726B2B68A2421C
:104F300083F82470EFDC0120FCF78CF8306BDFF88D
:104F4000A09003681B684B453DD14FF0000B726B7E
:104F5000214FD846002A26DD0024A246351D02E056
:104F60000134A24218DD55F8040F90F82430002BCC
:104F7000F6D0426913685B68BB421ED1C3695B45CA
:104F800004DC80F824805946FFF72CFF726B013453
:104F9000A2420AF1010AE6DC9344BAF1000F02D002
:104FA000BBF57A7FD6DD306B03681B684B450DD1AE
:104FB00001B0BDE8F04F02B0704710469847012895
:104FC0002868DED0DAE701219847BEE7002101B06A
:104FD000BDE8F04F02B0184721950200E5950200A8
:104FE0001995020070B5446B0A2C24D0002C0DDDFD
:104FF0008368994218D000F10802002303E052F8B8
:10500000045F8D4210D001339C42F8D14A690B4DA8
:1050100013685B68A61CAB4204F1010440F826103B
:10502000446304D1002070BD6FF47A7070BD1046E7
:105030009847002070BD6FF47B7070BD2195020011
:1050400070B5074B03600025044645600E46FAF72D
:1050500063FF044BA680C4E90C552360204670BD55
:105060004C700400CC7604002DE9F041044682B077
:105070000E46154610309846BDF8287000F09CFD8D
:105080002680658018200FF002FD08AB054693E8E6
:1050900003006A4682E803002E4603CA46F80C8BDA
:1050A0000023084AEB6047F00207736068602046FF
:1050B000A780A560E360C4E90833A9606A6102B013
:1050C000BDE8F081A54E030070B5174A174B15686F
:1050D000036090B00446C5B101222423CDE9043217
:1050E00004AB93E80300A38810268DE80300029622
:1050F000194606A82346FFF7B7FF2B680C4A9B68A2
:1051000093420CD106A8FBF7DBFE0A4B2360002379
:105110002046E380FAF770FF204610B070BD2846A5
:1051200006A99847EEE700BFEC3E0020CC760400CD
:1051300049FC02004C70040010B50446FFF7C4FFA0
:1051400020460FF09DFC204610BD00BF704700BFF9
:10515000704700BF002070470048704716FCFFFFF3
:105160000346806A59620268191D5368184700BFD8
:10517000806A0368DB68184700234362704700BFFA
:10518000406A82B08DE80C0018B1036802B01B6859
:10519000184702B0704700BF10B5044601F01AF876
:1051A000204610BD82B070B50C4684B005464968F3
:1051B000206802AC03C4039908AC481084E80C00D2
:1051C000CB0745BF2A58029B029CD4580AAB2E1825
:1051D00093E803008DE8030008AB0CCB3046A047F2
:1051E00004B0BDE8704002B0704700BFF0B50F4694
:1051F00001F1080485B02146064601F003F8FB687A
:10520000002B2CDD012B2CD0002520460434214618
:1052100001F008F8F86801350138A842F5DC6D4660
:10522000023007EB8004284600F0D4FF29462046D0
:1052300000F0F8FF284600F0EDFFFA6831683B699E
:10524000013AFA604A889B1A3B61BA8B28460123CF
:1052500040F2FE3100F090FC304605B0F0BD6D46E6
:10526000F3E70020DBE700BF8369C2681344002B2B
:1052700059DD90F82030002B5CD010B5816A0B68A6
:10528000044686B01B6801A89847E068A369C21865
:10529000002A31DC6269002A2CDD21698A422BDB7D
:1052A00053BB8A4200DB4BB10133A361FBF746FBE2
:1052B000A369E068013B0028A361E8DC023001A992
:1052C00004EB800000F0AEFF019B22695988E3687F
:1052D000606A0A440133C4E9033228B194F82030EB
:1052E000CBB103681B68984701A800F093FF00202A
:1052F00006B010BD002BE1D0A18B40F2FF30FBF7D0
:1053000099F9A369E0681A18002ACDDC6269002ABD
:10531000C9DD2169C5E7E28B012340F2FF3102A814
:1053200000F02AFCE0E74369002BA6DD0269934206
:10533000A3DA9EE76FF47B70704700BFA0F1040012
:10534000FFF792BF0D4B70B503F1080204462833F6
:105350000025C0E9002308300E4600F03BFFC4E9F9
:1053600003556561E583FFF7EBFA0123A083A5618F
:10537000C4E9095684F82030204670BD1077040037
:10538000094B03F1200270B5C0E90032064600F176
:10539000080500F10C04043C204600F03BFFA54248
:1053A000F9D1304670BD00BF1877040080F8201096
:1053B00039B92DE9F041C58B82B01DB102B0BDE80D
:1053C000F08170470446FFF7BBFA1D4BE0831F686E
:1053D0008046002FF2D028200FF059FB06461030EF
:1053E00000F0EAFB40F2FF3318203380A6F8028079
:1053F0000FF04DFB134ACDE9002584466A4603466B
:1054000003CA4CF80C4BDD60CCF80450586099602E
:105410003A680D49F56012205961B360B080C6E961
:10542000085553683846314698470028C6D030465C
:10543000FBF746FD304602B0BDE8F0410FF020BB5F
:10544000EC3E002081510300A551030010B5054B2F
:10545000054A8360002304460260C380FAF7CCFD4E
:10546000204610BD6C7704004C70040010B5074B4B
:10547000074A8360002304460260C380FAF7BCFD3C
:1054800020460FF0FDFA204610BD00BF6C770400E7
:105490004C700400F0B5C1682DED068B0B6887B029
:1054A00004461B6801A89847019D6E88761064D059
:1054B000A169B14261DC9FED47AADFED479A9FEDFC
:1054C000479ADFED478A0435B3EE048A05EB4100C5
:1054D000A8427CD92A46002332F9027B90423B4401
:1054E000FAD893FBF1F12B4609B233F8022B521A8A
:1054F000984223F8022CF8D82A46002132F9023BC0
:10550000002BB8BF5B42994200DA19B29042F5D83D
:1055100007EE901AF8EEE77A87EEA97AD4ED097AC9
:1055200067EE277AC7EE897A17EE900A0CF006FA32
:1055300007EE900A67EE887AA269B0EEE77AB4EED9
:10554000687AF1EE10FA84BFA36AE361E38898BF3A
:10555000C4ED077AB61A9A0708D494ED077AD4ED09
:10556000047AB4EEE77AF1EE10FA0EDC03F00403ED
:10557000BBB116B1A169B142A8DD01A800F04AFE95
:10558000002007B0BDEC068BF0BD01230222A188EC
:1055900002A800F0F1FAE38823F0040343F00203C9
:1055A000E38094ED077AD4ED057AB4EEE77AF1EE74
:1055B00010FADED501231A46A18802A800F0DCFA11
:1055C000E38823F0020343F00403E380D1E7B0EE65
:1055D0004A7AA3E70000000000FEFF46ACC5A737EB
:1055E000FFFF7F7FA0F10800FFF754BF2DE9F843CC
:1055F0000446154D0560002646600D4617461E46BA
:10560000DDF82080BDF82890FAF786FCE1880F4885
:10561000666141F0010329682761802200F10807D3
:1056200000263030A060E38028464B68E560A4F88F
:105630000490C4F824802760E661A26104F10801A7
:1056400098472046BDE8F8834C7004003C7704007E
:10565000C069704790ED057A07EE901AB4EE677A4C
:10566000F1EE10FA14D090ED047AC3884161F4EEA3
:10567000C77A23F00402F1EE10FAC28008DDF7EEDB
:10568000006A77EEA67AB4EE677AF1EE10FA01D1ED
:105690000020704723F00603C380C0ED047A002089
:1056A000704700BF90ED047A07EE901AB4EE677A67
:1056B000F1EE10FA0FD090ED057AC28808B5F4EE3D
:1056C000C77A034622F00202F1EE10FA1961C28095
:1056D00003D4002008BD00207047B7EE007A77EEB3
:1056E000C77A17EE901AFFF7B5FF002008BD00BF7C
:1056F0000078704790F90000704700BF008870473D
:10570000B0F90000704700BF0068000A704700BF92
:1057100000680012704700BF00687047006870475B
:105720000170704701807047018070470A120B14A6
:10573000017042708370704701607047016070476C
:1057400010B50446806800B110BD206A0368DB68AC
:105750009847A06010BD00BFA0F10400FFF7F0BFA4
:1057600008299ABF816000206FF47A70704700BFEB
:10577000A0F10400FFF7F4BF10B55031044600F06B
:1057800041FD204610BD00BFA1F10401FFF7F4BFA9
:10579000017070472DE9F843184FDDE908850E4682
:1057A00007F118010446C0E900710662011D2430AA
:1057B0001F469146FFF7C6FD04F1500000F00AFDB8
:1057C0000023B8F1080F4FF0000198BFC4F808801B
:1057D000C4F810902777E5606161A36163775FB1DA
:1057E000B5FA85F35B093268A377304653682146E2
:1057F00098472046BDE8F8830123F4E77877040052
:105800002DE9F04FD0ED057A2DED028B0446006AAC
:10581000FDEEE77A036889B0DB68CDED037A98473F
:10582000A36882460BB9A0600346216A01330A6867
:1058300003EBD3735B101268019306A89047A3682B
:10584000069A0AF1010808EBD87801334FEA680894
:1058500003EBD373B2F8029099FBF8F904F150020C
:10586000B8EB630F049200F09680019B09FB03F3F1
:105870001946012207A8059300F0B2FC07A9049875
:1058800000F0D0FC07A800F0C5FC069D266DB9F11C
:10589000000F05F1040506F1040640F3858000279A
:1058A000DFF814B102975BF82A2028469047019B45
:1058B000217F02460137304645441E4421B1029BF8
:1058C00013440293039BD21A07EE902AB8EEE77AAC
:1058D000D4ED047AA268364B67EE277A53F822207B
:1058E000A369FDEEE77A17EE901A19439047B94580
:1058F000D9D1237F73B3DDED027A637FB8EEE77A07
:1059000007EE909AF8EEE77A87EE278AD3B16069BE
:105910000EF026FB0022274B0EF07AFB064618EE0F
:10592000100A0F460EF01CFB0022224B0EF070FBFB
:1059300002460B46304639460EF0B4F90EF060FED2
:1059400008EE100AE26884ED058A01236377A2B9A4
:105950000123A377DDE9040100F0CEFCA37F1BB196
:1059600004F12400FFF780FC06A800F053FC00209F
:1059700009B0BDEC028BBDE8F08FFDEEC87A03994B
:1059800017EE903A5B1A002BB8BF5B429A42E1DDFA
:105990000123A377DEE706A9104600F043FC019B34
:1059A00009FB03F3059370E700230293A1E700BF0F
:1059B000D42000200000E03FB0200020B1F5007F9F
:1059C000A4BFC1F57F710331490088B2704700BFA1
:1059D000C1F58063B3F5007FB8BF1946014B33F8BA
:1059E00011007047A477040088B2704728B180B2D4
:1059F00011FB00F0C0F30900704741F6EF6011FBA6
:105A000000F0C0F309007047B1F5007F40F2FF30AD
:105A1000A8BF0020704700BF024A126802607E22C1
:105A200042607047F8200020034A034692E80300D2
:105A300083E8030018467047E43E0020A1F12003EC
:105A40005E2B07D8006805236FF09F0213FB01212E
:105A50000844704700207047034A044B12681A60DC
:105A60007E225A60704700BFF8200020E43E0020EC
:105A700010B40170427043605DF8044B704700BF82
:105A800082B030B402AC84E80C000D46034694E8C2
:105A900007009DF8144083E80700B4B1687818B196
:105AA00049425242C3E901126A68022A11D0032A0C
:105AB0002AD0012A22D0012C15D0022C05D1D3E9FD
:105AC000011249425242C3E9011230BC184602B0E9
:105AD0007047D3E90012012CC1F10001C2F10002AC
:105AE000C3E90012E9D130BCD3E900109A6818600C
:105AF00052421846C3E9011202B07047D3E90021AF
:105B0000524219605A60D6E7D3E9001252425960F6
:105B10001A60D0E782B010B582B004AC84E80C0003
:105B20000B78069C019304AB0CCB00940446FFF762
:105B3000A7FF204602B0BDE8104002B0704700BF8A
:105B400030B50B4B1C6883B024B12268094B156833
:105B50009D4201D103B030BD00F10802034692E836
:105B600003008DE8030020460CCBA84703B030BDEE
:105B7000EC3E00205943030038B5018042800446C2
:105B80001D46FCF7F7FFC4E9020115B12046FFF7F7
:105B9000D7FF204638BD00BFD0B5DDE904679DF8CA
:105BA000183001800446C0E9026742800BB1FFF75C
:105BB000C7FF2046D0BD00BF10B5002303600446D8
:105BC000FCF7D8FFC4E90201204610BD30B50B4BED
:105BD0001C6883B024B12268094B15689D4201D12D
:105BE00003B030BD00F10802034692E803008DE8DF
:105BF000030020460CCBA84703B030BDEC3E00208C
:105C00005943030082B038B5002504A90560044655
:105C100081E80C00FCF7AEFF04AB0FCB256184E8F4
:105C20000F002046BDE8384002B0704710B504466A
:105C3000006800F09BFC204610BD00BF014B0360D4
:105C4000704700BF847D040010B5044608682060DA
:105C500000F06EFC204610BD10B5044629B101606D
:105C6000084600F065FC204610BD024B036020464C
:105C700010BD00BF847D04000346024A00681A601C
:105C8000704700BF847D040038B504460B68006887
:105C9000984206D00D4600F069FC2868206000F0AC
:105CA00047FC204638BD00BF006843888288002139
:105CB000063002FB03F20EF045BF00BF30B40068AF
:105CC0004488A1420DDA8588AA420ADA002908DB55
:105CD000002A06DB084404FB02020020937130BC5A
:105CE00070476FF47A70FAE703685888814211DAD6
:105CF00010B49C88A2420ADA002908DB002A06DBDD
:105D00000B4400FB023398795DF8044B70476FF445
:105D10007A70F9E76FF47A70704700BF2DE9F047A9
:105D2000B1F1000A21DD1D46FBB10468A788B4F873
:105D300002809742A8BF1746D045A8BFD046002F83
:105D4000814604F106040DDD002629462046424620
:105D50000EF0D4FED9F8003001365B88BE425544BF
:105D60001C44F2D10020BDE8F0876FF47A70FAE7A6
:105D70002DE9F0410F1E19DB002A17DB044606202F
:105D800007FB02001E461546FBF710F8206000F0E6
:105D900015FC23685F8023689D805EB133462A46E8
:105DA00039462046BDE8F041FFF7B8BF074B036016
:105DB000BDE8F081206843888288314602FB03F207
:105DC0000630BDE8F0410EF0BDBE00BF847D04008A
:105DD00010B500230446FFF7CBFF204610BD00BFDF
:105DE0002DE9F041054684B000294FD00A780C46D1
:105DF000002A51D000218C460F460E46234607E06C
:105E00000A2A39D00EB10137002613F8012F42B10A
:105E1000A2F130000928F3D813F8012F0126002A37
:105E2000F6D109B20FFA8CF200232846FFF7A0FF43
:105E30002F6823780637DBB101AE32464FF00008F9
:105E400004E002F8013B14F8013F8BB1A3F13001EB
:105E50000929F6D9B24282F80080F4D930460EF012
:105E60003AFE07F8010B14F8013F3246002BEDD142
:105E7000284604B0BDE8F08106B10137B942B8BF89
:105E8000394600270CF1010C3E46BEE7034B036088
:105E9000284604B0BDE8F0811146C5E7847D0400C2
:105EA00010B50446FFF764FF204610BD2DE9F84FFA
:105EB00005689DF82840B5F802C062454FDAB5F88C
:105EC00004E073454BDAD1F800B0BBF8029002EB66
:105ED0000907002F43DDBBF804A003EB0A08B8F163
:105EE000000F3CDD002A55DBACEB02074F45A8BF95
:105EF0004F46002B0BF1060660DBAEEB0308D045E6
:105F0000A8BFD04622EAE27205F106090BB10CFBEC
:105F1000032291443CB3B8F1000F20DD4FF0000E96
:105F2000724607F1FF3A002F0FDD731E4C4606EB59
:105F30000A0C13F8015F0DB1257001329C4504F184
:105F40000104F6D10568D1F800B0BBF802406B88B7
:105F50000EF1010EF04526449944E4D100E0002200
:105F60001046BDE8F88FB8F1000FF8DD0D46824607
:105F70003A46314648460EF0C1FD2A68DAF800304C
:105F800052885B880134A04516449944F0D107FB40
:105F900008F2E5E76745A8BF6746002B0BF1060648
:105FA00012DAF045A8BFF046C2F1000C09FB13C39A
:105FB0001E4422EAE27205F10609AAE7F045A8BFED
:105FC000F0464FF0000CF1E7AEEB0308D045A8BF58
:105FD000D046B61A96E700BF2DE9F043804683B05D
:105FE000684691461D460C46FFF71EFDD8F8003066
:105FF0005A88914533DA9B889D4230DA1F2C2ED97E
:10600000019B9C422BDC21466846FFF717FD4FF0B1
:10601000100E07462B1A053007EB030C0021D8F8A9
:106020000040658801EB0906B5420EDDA288624595
:1060300034444EFA01F208DD3E780CFB054416426A
:1060400014BF4FF0FF320022A27101310529E6D1C1
:106050000137B842E0D1002003B0BDE8F0836FF40F
:106060007A70F9E72DE9F04103680D1E5F8826DD9F
:10607000BD4203F1060480469A8817DA9AB17F1B65
:10608000002661193A4620460EF038FD2A46E019EE
:1060900000210EF057FDD8F800305A889B88013651
:1060A0009E421444EDDB0020BDE8F08107FB02F2C4
:1060B000204600210EF046FD0020BDE8F0816FF47F
:1060C0007A70F1E72DE9F84F00AFD1F80090BE6A81
:1060D000B9F80240F96A02EB0608A0451D4682465F
:1060E000194432DAB8F1000FD8BFA046B9F80460FD
:1060F000B14202DA0029C8BF0E4608FB06F3073397
:1061000023F0070304FB0522ADEB030D09F10604A0
:10611000AE421444EB460DDD6B464246214618461E
:106120000EF0ECFC0135B9F802200346AE423344D0
:106130001444F2D150465B4632B20FFA88F1FFF7B1
:1061400017FE5046BD46BDE8F88FA046CEE700BF1B
:1061500010B5096804468B1DB1F90420B1F902108D
:10616000FFF706FE204610BD10B5064B064C18463C
:10617000236000F0DDF92046044A0549BDE81040DF
:106180000EF080BC847D0400F03E00203020002012
:106190002D5C0300F8B50546101D14461F460E463B
:1061A000FAF704FE286000F009FA2B685C802EB133
:1061B00028683146043022460EF0A0FC012F00D0A2
:1061C000F8BD2868224604300021BDE8F8400EF0F2
:1061D000B9BC00BF014B0360704700BF8C7D040059
:1061E000002910B5044606DD13460A460021FFF7D4
:1061F000D1FF204610BD024B0360204610BD00BFFA
:106200008C7D040010B504460868206000F090F909
:10621000204610BD10B50446006800F0A7F92046DE
:1062200010BD00BF38B504460B680068984206D020
:106230000D4600F09BF92868206000F079F92046AF
:1062400038BD00BF38B5151E13DB04686288A8B2DC
:1062500090420ED833EA230328BF1346521B9A42BA
:1062600004F10404A8BF1A4660190EF06BFC00206C
:1062700038BD6FF47A7038BD002B70B50D4602DA68
:1062800003685B889B1A002A22DB006844889918FF
:10629000A1421DDC91421BDBD3B135F0004117D088
:1062A0005942A94200F1040013DAAB4211DD002D7E
:1062B00000EB020613DB5C1B2246711930460EF020
:1062C00028FC2A4630190021BDE870400EF03ABC87
:1062D00070BD22460021BDE870400EF033BC6C4218
:1062E0005A19314630190EF014FC2246304600216E
:1062F000BDE870400EF026BC002906DB03685A8812
:106300008A4202DB5980002070476FF47A70704730
:1063100010B50446006800F029F9204610BD00BF02
:1063200070B50546501D14460E46FAF73FFD28602D
:1063300000F044F92B685C8028682246314604301E
:106340000EF0DCFB2B681C440023237170BD00BFE2
:1063500010B50B4684B0044601A91846F9F7EAFCCB
:1063600001A80EF02BFC01A902462046FFF7D8FF3A
:10637000204604B010BD00BF38B5054611B10B78FA
:106380000C461BB9064B2B60284638BD08460EF05C
:1063900015FC214602462846FFF7C2FF284638BDB5
:1063A000907D0400F8B517460A683B68B2F90250C0
:1063B000B3F902301D440446681D0E46FAF7F6FC98
:1063C000206000F0FBF823685D8031682068B1F937
:1063D0000220043004310EF091FB326823683968E2
:1063E000B2F90200B1F902200433184404310EF06E
:1063F00085FB23681D4400232B712046F8BD00BF98
:1064000070B5054649B10B780C4633B108461646BF
:106410000EF0D4FBB3B2834203D9054B2B60284660
:1064200070BD284632462146FFF77AFF284670BDE8
:10643000907D040010B504460868206000F078F8EC
:10644000204610BD014B0360704700BF907D0400E3
:1064500038B504460B680068984206D00D4600F037
:1064600085F82868206000F063F8204638BD00BF3A
:1064700008B50068096843884A889A4201D000201C
:1064800008BD043104300EF08FFBB0FA80F04009F3
:1064900008BD00BF70B513680D685E8804465EB124
:1064A0006D881DB1FFF77EFF204670BD0360184662
:1064B00000F03EF8204670BD0560284600F038F830
:1064C000204670BD002907DB0368B3F902208A4229
:1064D00002DD0B44187970470020704710B5064B59
:1064E000064C1846236000F023F82046044A05496C
:1064F000BDE810400EF0C6BA907D0400F43E0020C6
:10650000302000201163030008B503884FF6FF72A6
:106510009BB293420AD0012B01D0DB0704D41E208A
:10652000EBF7ECF8002008BD002008BD012008BDF5
:1065300003884FF6FF729BB2934215D0012B10B522
:1065400004460DD0DB070BD5BFF35B8FD4E85F3F6C
:106550000233C4E8523F002AF8D1BFF35B8F10BD6D
:106560001E20EBF7CBF8EFE7704700BF03884FF62C
:10657000FF729BB2934218D0012B10B5044610D085
:10658000DB070ED5BFF35B8FD4E85F3F9A1EC4E8EC
:10659000512F0029F8D1BFF35B8F9BB2032B05D09D
:1065A00010BD1E20EBF7AAF8ECE770472046BDE8C7
:1065B000104000F001B800BFFAF71EBC03230380AF
:1065C000704700BF82B070B582B0044608A906A823
:1065D00080E80C0003C9266865698DE8030006ABF6
:1065E0000CCB3046211DA84702B0BDE8704002B078
:1065F000704700BF08B502680B689A4201D00020BE
:1066000008BD0431102204300EF069FAB0FA80F0AF
:10661000400908BD042070470429024808BF002033
:10662000704700BF16FCFFFF837C43F02003837498
:10663000704700BF10B508310446FFF7E3FD204660
:1066400010BD00BF164B2DE9F0410646036000F572
:106650000D7700F50F7500E025462C1F2046FFF74B
:10666000D9FDA742F8D1DFF84080303D06F114078C
:1066700045F8188C443C2846FEF782FE04F10800D9
:10668000FFF7C8FDA742A5F14405F1D1054B3360E2
:1066900000233046F380F9F7AFFC3046BDE8F081C7
:1066A000007E04004C700400E47D0400084B094A9D
:1066B0000321C3F80815D2F80034DB07FBD401230B
:1066C000936090F84032002BFBD10120704700BF4F
:1066D00000F0014000700040184B2DE9F0410646E3
:1066E000036000F50D7700F50F7500E025462C1FBF
:1066F0002046FFF78FFDA742F8D1DFF84880303DF4
:1067000006F1140745F8188C443C2846FEF738FE7D
:1067100004F10800FFF77EFDA742A5F14405F1D181
:10672000074B33600023F3803046F9F765FC3046B1
:106730000EF0A6F93046BDE8F08100BF007E0400EF
:106740004C700400E47D0400104B70B50446C0E9B1
:10675000003104F1180508301646FFF73BFD2146CD
:106760002846FEF7EFFDA368E6745B88E38102220A
:1067700000234FF4007128462182A374A282194697
:10678000A381FEF713FE204670BD00BFE47D040028
:10679000807C00F010007047072914D8032A12D813
:1067A00010B4C37C01751B0103F1804342F4805493
:1067B00003F5E043427544EA01210020C3F81815AF
:1067C0005DF8044B70476FF47A70704710B5898993
:1067D00004460022FFF704FD20464FF0FF3300225D
:1067E0008821FFF72FFD204610BD00BF38B50446B5
:1067F0000069036800219B6B9847206903684FF488
:106800007A51DB6C9847A268A17B07EE902A012998
:106810000B46F8EE677AB8BF012303EB8303B3EEB0
:10682000007AB2FBF3F3FF2B67EE877A2FD9802330
:1068300000225B1002F10102FBD101293AD926495D
:10684000072AC1F8F4352BDD9FED247A67EE877AAD
:106850004FF48072C4F83C222069FDEEE77A0368A9
:106860000021DB6B17EE902A984723691C4A5B696D
:106870001C48012103F5A0740225C3F80012C2F8D8
:106880000855C2F81845C2F81C05D96038BD5B1020
:10689000CED101291DD910490122C1F8F435D9E71B
:1068A000012303FA02F207EE102AB8EEC77AC7EE08
:1068B000877ACFE70123934007EE103AB8EEC77A04
:1068C000C7EE877A04490123C1F8F425C4F83C32A5
:1068D000C2E71A46F6E700BF007000400000803BA8
:1068E00000F00140047000402DE9F0474D4D056077
:1068F0000025044682B045600E4691469A46F9F757
:106900000BFB494B236026612A46214604F1140003
:10691000FFF71AFF214604F158000122FFF714FF88
:10692000214604F19C000222FFF70EFF214604F1EC
:10693000E0000322FFF708FF214604F592700422CD
:10694000FFF702FF214604F5B4700522FFF7FCFEB5
:10695000214604F5D6700622FFF7F6FE04F50D7702
:106960002146072204F5F870FFF7EEFE04F50E76D7
:106970003846FFF72FFC3046FFF72CFC4FF001089C
:106980004FF40072A281214601A8A4F804A0C4F823
:106990000890A57384F84052C4F83C82FFF716FFB4
:1069A00001A93846FFF73EFC01A8FFF733FC21465A
:1069B00001A8FFF70BFF01A93046FFF733FC01A840
:1069C000FFF728FC194E1A4BE57380271C60C6F8A8
:1069D0008070BFF34F8FBFF36F8F164B164AC3F80B
:1069E00000550320C3F8F00514492320C3F804031D
:1069F000C2F808852046C2F81015C2F81435FFF712
:106A0000F5FE86F80753C6F8807137602069036881
:106A10005B6A9847206903681B6B9847204602B061
:106A2000BDE8F0874C700400007E040000E100E047
:106A3000F83E00200070004000F00140047100406A
:106A4000F0B5514D51492B68514C524A85B0012641
:106A500000930B6801932368029300231360176867
:106A60001660009A2A60019A0A60029A2260A1F2D6
:106A7000446103222324C1F800351F46C1F8F025E4
:106A80008E46C1F804431A469C468373064617E0B7
:106A9000CFB2877396F8293096F8271096F82840D9
:106AA00043F480530EEB011143EA0423082AC1F892
:106AB000183506F14406C5F81025C5F814C51CD0D4
:106AC00013019C1800EB840403F1804594F82640E0
:106AD00014F0100407F1010105F5E04502F101028F
:106AE00003F18043D4D103F5E043082AC3F81045ED
:106AF00006F14406C3F81445E2D117B9384605B08B
:106B0000F0BD254D04460126C5F80065FFF76EFE71
:106B1000E77B8D3704EB870703A82146FFF756FE76
:106B200003A93846FFF77EFB03A8FFF773FBD4F8F1
:106B30003C22A17BE07BA389B24001FB02F204EB83
:106B4000800093FBF2F702FB17329B1AD0F8342235
:106B5000124801F1004103EBD37301390432334190
:106B60000327C5F82C26C5F8303602EB41022E600B
:106B700048F68801C0F8047584F840621388994289
:106B8000FCD0012005B0F0BD4076004044760040C6
:106B900048760040FC7F00400070004000F001405B
:106BA00008B5034689B190F8403203F0FF011BBBE2
:106BB000184B194A197013681849DB0903F00100D2
:106BC000DB0708701CD4002008BD144A12785AB99B
:106BD000104A1278002AF6D093F84022002AF2D107
:106BE0001846FFF72DFFEEE70B4A80211160094A96
:106BF0001278002AF0D1E6E7FFF758FD0146D7E703
:106C00008023C2F88030BFF34F8FBFF36F8F002017
:106C100008BD00BF1647002000E100E01547002036
:106C200038B50D460446FFF7D5FA02F05DFCEB7B64
:106C30008D3305EB83012046FFF7F4FA02F046FCA2
:106C4000204638BD30B5837C13F0100483B002D1E8
:106C5000204603B030BD044601A86168FFF7E0FF9D
:106C60000023E57C1B481A4602F1510109014158F5
:106C700001B10133954202F1010228D0082AF3D173
:106C8000154B01990A1D48F68800D55A85421344D0
:106C900012D065684988AD7B0A449A424FEA45059F
:106CA00002D805E09A4203D92B4419888142F9D1D0
:106CB0005B1BB3F90030A381A48901A824B2FFF7BC
:106CC000A9FA24EAE474A4B2204603B030BD013B23
:106CD0005B00D6E7007000402EF8FFFF70B50D4650
:106CE0000446097C1948FAF785F900B3297C17484E
:106CF000FAF73CF9461E3501AB1904EB830393F810
:106D00002630DB060ED494F84032D3B9AB1904EB2D
:106D1000830393F8262042F0100283F8262094F88B
:106D200040322BB1354404EB850404F1140070BDEE
:106D30003544204604EB8504FFF782FE04F114007D
:106D4000F5E72046FFF7B2FCE0E700BF947D0400C2
:106D500038B50C460546097C1B48FAF74BF980B359
:106D6000217C1948FAF702F9013800EB001005EB15
:106D7000800494F82630DB060BD595F8403203F0FA
:106D8000FF0043B994F8263003F0EF0384F826306F
:106D900038BD002038BD2846FFF788FC94F826301F
:106DA00003F0EF0384F826300028F2D095F8403243
:106DB00003F0FF04002BECD12846FFF741FE2046EC
:106DC00038BD6FF47A7038BD947D04002DE9F04F22
:106DD000847CE40685B057D50C68B4F802804FEA8D
:106DE0006808904550DD043404EB480804EB420782
:106DF00000E0A846A8F10205EC1B641094FBF3F632
:106E000003FB1644002CF4D1B5F900208281827C6A
:106E1000920639D5012B06464ED0B0F90E10806887
:106E20000A1DB84500EB020BB0F802A02CD95D009A
:106E300006F10803A146019307E0B6F90E30534569
:106E40001CD0B84520D9B6F90E10514504F1010403
:106E50001DD0B7F9003099440E9B9C422F44ECD1D1
:106E600099FBF4F4ABF80040F38902331BB2002421
:106E700053450BF1020BF381A146E2D106F1180054
:106E8000FEF7F2F9B845DED805B0BDE8F08F012273
:106E9000B6F9101003A8FFF7A3F903A90198FFF7AB
:106EA000C1F903A8FFF7B6F9B2680023F381B2F87D
:106EB00002A002F1040BCCE70830FFF7B3F9B36886
:106EC0005B88F38106F11800FEF7CEF9DCE700BF1E
:106ED0002DE9F0433B4BD3F8042185B005461AB9A0
:106EE000D3F81431002B42D095F80F80354F08F1BC
:106EF000010303F00103EB73D7F8341608F18D0892
:106F000005EB8808490040460024FFF7F5F92646BE
:106F100005F1140902E00134082C1DD004F15103DD
:106F20001B01FB58002BF6D0414603A8FFF76AF976
:106F3000D5F83C22AB7B009204EB0410324609EBFF
:106F4000800003A9FFF742FF013403A8FFF762F9AD
:106F5000082C06F10106E1D11A4BD3F8042112B135
:106F60000022C3F80421174BD3F814211ABB154E85
:106F7000D6F80031E3B1EC7B013404F0010404F1F4
:106F80008D07294605EB870703A88C34FFF71EFC05
:106F900005EB840503A93846FFF744F903A8FFF77A
:106FA00039F96B6800220433C6F82C36C6F8002184
:106FB00005B0BDE8F0830022C3F8142185F8402213
:106FC000D5E700BF00700040024B186808B1FFF71A
:106FD0007FBF7047F83E0020154A0369914218D9D7
:106FE000144A914221D9013210B44FF0C8600024F4
:106FF0009142C3F80045C3F8240503D14FF0C462A1
:10700000C3F8242506220020C3F800255DF8044BB0
:1070100070474FF0CC720021C3F80015C3F8242547
:107020000622C3F80025002070474FF08062F2E787
:107030008FD003007F1A0600F0B585B004AC066857
:1070400004F8012D9DF82C70009722461F46B66962
:10705000012305460C46B04738B92B6800902146FD
:107060003A461C6A0A9B2846A04705B0F0BD00BFFF
:1070700070B50446C068036801211B689847A06882
:10708000036801211B6898470420F9F7E5FF0025F4
:10709000A068036802219B689847014600BBE0682E
:1070A00003681B6898470420F9F7D6FFE068036877
:1070B00001211B680D4498470420F9F7CDFF092DE5
:1070C000E6D1A068036800211B6898470420F9F7FF
:1070D000C3FFA068036801211B68BDE87040184722
:1070E000002DEED170BD00BFF8B5044616461F4610
:1070F0000D46FAF759FD204AA5600023E660C4E971
:1071000000237FB3384602F069FA206180B306217C
:10711000284601F0A3F80621304601F09FF82046EA
:10712000FFF7A6FF2B6802219B6828469847336823
:1071300002219B68304698470A20F9F78DFF2369A2
:10714000327C287CC3F808254FF0CC710622C3F8A6
:107150000C05C3F824150A20C3F80025F9F77CFFB5
:107160002046F8BD012002F05BFA20610028CED154
:107170005A20EAF7C3FACAE7247E04002DE9F04159
:1071800003698EB282B09A590546002A58D1D3F8C5
:107190002441002C35D14FF001082A4F10E0D3F8DC
:1071A000482592B9632C4BDC0A20F9F755FF2B696F
:1071B0009A59002A44D1D3F8242112BBBC4220D0D2
:1071C000D3F850210134002AE9D1632CECDDD3F847
:1071D000602132B1D3F80022D10502D5D3F848217D
:1071E00052B3D3F86021002ADED0D3F800229205F2
:1071F000DAD5D3F80421002AD6D1C3F81480144676
:10720000D2E7D3F8C424C3F8C4240022C3F824214D
:10721000D3F824210192012201991A625A61D3F80C
:107220000421002AFBD0084C686808B1F9F714FF64
:10723000204602B0BDE8F081C3F81C801446B3E7D5
:107240000024F1E741420F000EFCFFFF70B4046917
:10725000C1F34701C4F888150021C4F8041189B0AE
:10726000D4F804610696069EC4F82411D4F824616B
:107270000596059EC4F86011D4F860610496049EDA
:10728000C4F85C11D4F85C610396039EC4F85011F5
:10729000D4F850610296029EC4F84C11D4F84C61A7
:1072A0009DF830500196019EC4F84425C4F8483535
:1072B00075B14FF480720123C4F80022A360D4F8A2
:1072C0004821DAB94FF4A47109B070BCFFF756BF7A
:1072D0004FF400720123C4F80022A360D4F84821BF
:1072E000A2B12362C4F84851D4F848310793079BF0
:1072F0004FF4827109B070BCFFF740BF2362C4F83D
:107300004811D4F848310793079BDBE74FF48271AB
:10731000DAE700BF70B50469C1F34701C4F8881506
:107320000021C4F8041188B0D4F804610696069EC2
:10733000C4F82411D4F824610596059EC4F86011A0
:10734000D4F860610496049EC4F85C11D4F85C61C2
:107350000396039EC4F85011D4F850610296029E21
:10736000C4F84C11D4F84C619DF830500196019E40
:10737000C4F83425C4F83835B5B94FF48052012328
:10738000C4F800222360D4F8482132B12362C4F843
:107390004851D4F848310793079B4FF4827108B0E5
:1073A000BDE87040FFF7EABE01232360D4F848210E
:1073B00092B94FF4AE710446FFF7E0FE08B108B091
:1073C00070BD2369012220464FF4A471DA6108B030
:1073D000BDE87040FFF7D2BE2362C4F84811D4F86C
:1073E00048310793079BE4E70C4B03F1280270B583
:1073F00005460360826000F1240600F12C04043C81
:107400002046FEF707FFA642F9D1054B2B6000236B
:107410002846EB80F8F7F0FD284670BD587E040042
:107420004C7004000E4B03F1280270B50546036052
:10743000826000F1240600F12C04043C2046FEF793
:10744000E9FEA642F9D1074B2B600023EB802846CA
:10745000F8F7D2FD28460DF013FB284670BD00BF9B
:10746000587E04004C700400C368D3F808057047C8
:107470009FED1F7A07EE901AC7EE277A10B4B0EE90
:10748000677ABEEECE7A17EE101AB1F5004F29DBFF
:107490000023013341FA03F2B2F5004FF9DA072B6A
:1074A00004DD144B5DF8044B184670471C4612FA75
:1074B00003F348BF0F331B1107EE903ADFED0C6A60
:1074C000C168F8EEE77A002386EEA77AC1F80C458A
:1074D000C1F808255DF8044BC0ED077A80ED067A07
:1074E00018467047002417EE102A2346DFE700BF36
:1074F0000024744900407AC42DE9F843464D0560E4
:1075000000254560044616460F469846BDF8209073
:10751000F8F702FD4148E76000F12803A36020600E
:1075200004F12400FEF756FE04F12800FEF752FE97
:10753000E3683B4FE6620126A4F804906561657438
:1075400025842574A674E674C3F800554FF0802393
:10755000C7E90033C7E9023341462046FFF788FFF9
:10756000E368304AC3F804550227042030219342CF
:10757000C3F81075C3F84855C3F82855C3F84C55DF
:10758000C3F82C55A674E674C3F81465C3F800025A
:10759000C3F8041320D0244A93422FD0234A9342A5
:1075A0000CD0E06A016801224D68227404F10801E0
:1075B000C3F80025A8472046BDE8F8831C4A1D4BA8
:1075C00092681D49C2F8C81004221C49C3F88421DE
:1075D0005A60E3688C60E4E7184A154B14609A68B7
:1075E0001749C2F8B010A3F540634FF08052C3F8BA
:1075F00080211A60E3680C4A9342CFD10C4A0D4BAC
:1076000092681049C2F8C41002220C49C3F88421C0
:107610005A60E3684C60C1E74C700400587E040077
:10762000FC3E002000C0014000100240002002404B
:1076300000ED00E000E100E0957803000C3F002041
:10764000757803008578030007EE901AFEEECE7A77
:1076500010B417EE901AB1F5004F23DB002201326F
:1076600041FA02F3B3F5004FF9DA072A1FDC14469A
:10767000C168DFED106AC1F80C45C1F808359340C8
:1076800048BF0F331B1107EE903AF8EEE77A00235C
:1076900086EEA77AC0ED077A80ED067A18465DF887
:1076A000044B7047002417EE903A2246E0E76FF44F
:1076B0007A73F3E700247449C0697047C3680020F7
:1076C000C3F81015704700BFC2748174C36839B91C
:1076D0003022C3F81415C3F80012C3F8082370470A
:1076E000012004213022C3F81405C3F80012C3F8A6
:1076F0000423704770B590F92130044682B0406988
:107700006BB1E26801235360D2F80431002BFBD047
:10771000002565742584D0B9002002B070BD0D46E7
:10772000F0B9A37C002BF7D0637C002BF4D0E37C72
:10773000002BF1D1E3681C4903EB45150822012316
:10774000C5F82015C5F8242584F82130E5E723681D
:1077500001386061DB6920469847284602B070BD59
:10776000E16A0B6805F109061B6801A804EB8606AF
:10777000984701A93046FEF755FD01A8FEF74AFDDE
:1077800004EB8502E368516A626903EB45150B1D42
:10779000C5F820354988531E49100120C5F8241525
:1077A000636102B070BD00BFFC3E002038B5436984
:1077B000817C01330446436119B1637C63B10020CD
:1077C00038BDFFF797FFC8B1E36801229A60A37C38
:1077D000002BF2D1002038BD0125657494F82010EB
:1077E0002046FFF787FF94F820302B442B4084F885
:1077F00020303BB9E36801229A60E0E7E37C002B8C
:10780000E5D0E1E763691BB900236374002038BD4C
:1078100029462046FFF76EFF94F82030013303F02D
:10782000010384F82030002BEED1E3E7A0F108003B
:10783000FFF7BCBF38B5C368D3F81021044672B94E
:10784000D3F8143103B938BD002584F82050012144
:107850002046FFF74FFFE368C3F8145138BD0123FA
:1078600080F820300021FFF745FFE3680022C3F8CD
:107870001021E5E7024B186808B1FFF7DBBF70473E
:107880000C3F0020024B586808B1FFF7D3BF704788
:107890000C3F0020024B986808B1FFF7CBBF704740
:1078A0000C3F0020C26800230374C2F80035704703
:1078B000032A23DC70B502F5AC76C2680B7C52F863
:1078C00026209A4218D00B680C4605469B6D084648
:1078D0009847236800211B68204698472368EA6878
:1078E000217C42F8261020469B6D9847E38843F0A0
:1078F0000803E380002070BD002070BD6FF47A7033
:10790000704700BF70B4C5680C7C00234FF0FF3691
:1079100005EB83020133D2F86005A04208BFC2F82C
:107920006065042BF4D1CB8823F008030020CB80C2
:1079300070BC7047C28870B59507044610D5027CAC
:10794000012302F01F00834000293DD029491F2A4E
:107950008CBF0A464FF0A0420020C2F8083570BD27
:10796000D3070D463AD5017C22481F2998BF4FF016
:10797000A04001F01F0600EB860022F00102D0F8C3
:10798000003792B243F00203C0F80037E2800120D2
:107990002029184B00FA06F038BF4FF0A0432DB352
:1079A000C3F808052029134B38BF4FF0A04303EB61
:1079B000860342F00202D3F8001741F00101C3F838
:1079C00000170020E28070BD0A491F2A8CBF0A46BA
:1079D0004FF0A0420020C2F80C3570BD03689B6DCB
:1079E0009847217CE28801F01F06D0E7C3F80C0518
:1079F000D8E700BF0003005010B5036804461B6CB5
:107A00009847236820465B68BDE81040184700BFD0
:107A1000F0B40479A40728D5002922DB002A20DD50
:107A2000002B1EDDB4294FF47A74A8BFB42104FBE7
:107A300001F10F4F05680F4EED6A8908A7FB017130
:107A400002EBD277A3EB670304FB03F3890802FB85
:107A5000013286FB0231D2172B46C2EBA111F0BCDA
:107A600018476FF47A70F0BC70470348FBE700BF1B
:107A7000176CC116D34D621016FCFFFFC08800F0D2
:107A80000500003018BF0120704700BF037C0B4A7F
:107A90001F2B98BF4FF0A04203F01F03D2F814151C
:107AA000012202FA03F30B4206D1C08800F00A005B
:107AB000003018BF01207047104670470003005087
:107AC000C08810F0030018BF01207047C08800F084
:107AD0000C00003018BF0120704700BF03684FF44E
:107AE0007A725B6B02FB01F1184700BF08B50368AF
:107AF0009B6B9847024BA3FB0030800908BD00BF79
:107B0000D34D6210027C0F4B202A38BF4FF0A043A8
:107B100002F01F0203EB82030129D3F80027417111
:107B200022F00C0207D0022908BF42F00C02C3F871
:107B300000270020704742F00402C3F8002700200D
:107B4000704700BF00030050D0F8103521EA030150
:107B5000C0F81815704700BFD0F810351940C0F8AC
:107B600018157047C3882DE9F0411F07044614D546
:107B7000314DDFF8D48005F10C06FF2755F8040BD2
:107B800040B12146FFF7BEFE55F8042CD8F800306E
:107B90009A4245D0AE42F1D1E388284D286808B119
:107BA0005E072ED4D90605D5606928B102689269AE
:107BB0009047E3885A0619D413F0E00F0FD0217CC8
:107BC0001F4A1F2998BF4FF0A04201F01F0102EB8E
:107BD0008102D2F8001721F44031C2F8001703F4F3
:107BE00030630022E3806261BDE8F0816569002DA9
:107BF000E2D0284609F012F828460CF041FFE3884D
:107C0000DAE72146FFF76AF8214606462868FFF7BB
:107C10009FF83046FEF7BCFD0028FAD1E388C1E7A3
:107C2000084B207C191D13F9012B824208BF03F871
:107C3000017C9942F7D1ADE70C3F0020DC3F0020EA
:107C400000030050FC200020E03F002003799A0749
:107C500019D5C3885B0710B5044606D403689B6D2D
:107C60009847E38843F00403E380084B186840B169
:107C70002146FFF733F820B1FEF7E4FFC0F30F1001
:107C800010BD034810BD0248704700BFDC3F002014
:107C900016FCFFFF70B52DED028BC38882B01B0769
:107CA000019137D51C4D1D4C286808EE101AFFF7BE
:107CB000DBFBF8EE487A08EE900A17EE901A286877
:107CC000FFF7C2FCF8EEE88A04F10806238828686A
:107CD00007EE103AB8EE478AFFF7C6FB07EE900AA8
:107CE000B8EEE77A27EE087AC7EE287AFCEEE77A54
:107CF00017EE903A24F8023BB442E7D1084B07490B
:107D000018680822012309F081F8002002B0BDECB8
:107D1000028B70BD0348F9E7E03F0020E43F0020FC
:107D2000EC3F002016FCFFFFC388D90770B504465E
:107D300011D5037C22491F2B98BF4FF0A04101228F
:107D4000D1F8101503F01F0302FA03F30B4214BF1E
:107D50001046002070BD9A0701682BD523F002035E
:107D60009BB2227C164D0E6C61791F2A02F01F0017
:107D70008CBF2A464FF0A04202EB800243F0010381
:107D8000D2F8000720F00300C2F80007E380204685
:107D9000B047237C1F2B98BF4FF0A0450122D5F898
:107DA000101503F01F0302FA03F30B4214BF104631
:107DB000002070BD8B6D9847E3882168D1E700BF34
:107DC0000003005038B5027C1B4B202A38BF4FF00F
:107DD000A04302F01F020125D3F8144505FA02F270
:107DE000144224D10D460446D1B9C3F80C251846D7
:107DF0001146FFF7B1FE217C0F4B202938BF4FF011
:107E0000A043D3F81435134213D0236820469B6D4A
:107E10009847236829461B6820469847002038BDAC
:107E2000C3F8082518461146FFF78EFEE3E7002049
:107E300038BD024838BD00BF0003005012FCFFFFF0
:107E400008B5C3881B070AD5064B1868FFF734FC32
:107E500007EE900AFCEEE77A17EE900A08BD02489A
:107E600008BD00BFE03F002016FCFFFF70B50446D0
:107E700015464FF4807600200E4A23712F2D4FF0C7
:107E8000010321812574E680E0602260637102D9DC
:107E90003220E9F733FC084A0849094B42F82540EB
:107EA00000204FF0004540226061C1F804531A6081
:107EB000204670BD8C7E0400183F0020006000400A
:107EC00000E100E00379DB0741D570B5C388DA062D
:107ED00082B00D46044603D5C3F3C023994234D083
:107EE000236820469B6D9847012D1ED023682046AD
:107EF0005B68984718200CF0CAFD002322892146B0
:107F0000CDE9003301230646FBF75CFBE38866619D
:107F100023F400639BB243F01003E3803368DB6912
:107F2000304602B0BDE87040184728200CF0AFFD85
:107F3000084A40F6AC53126821460646FCF72CFF6F
:107F4000E388666143F40063E5E74669E6E70248D3
:107F5000704700BFD83F002016FCFFFFC188C1F367
:107F6000C021FFF7AFBF00BF10B5044684B00A467A
:107F7000002368462189FDF7FFFD63694BB1029A32
:107F8000D969DA616846521A0023CDE90223FDF768
:107F90001DFE04B010BD00BF10B5C388590684B0E3
:107FA000044609D49A060DD41B0603D5E3680BB129
:107FB0000120984704B010BD0521FFF7D5FFE388E5
:107FC0009A06F1D50123022221896846FDF7D4FDE6
:107FD000E388E9E710B5C388590684B0044609D49C
:107FE0009A060DD41B0603D5E3680BB10020984711
:107FF00004B010BD0421FFF7B7FFE3889A06F1D55E
:108000000123032221896846FDF7B6FDE388E9E7ED
:108010002DE9F04BD0F8204584B0054674B3DFF865
:1080200090800E4601274FF01F0BB4FA84FCABEB97
:108030000C03991907FA03F258F8219024EA020474
:10804000B9F1000F18D0B9F8062012F0E00F05EBD7
:1080500083030FD0D3F8002782F48032C3F80027BF
:10806000D3F8003713F4803F48461CD0FFF794FF45
:10807000B9F80620930508D4002CD4D14FF0FF3373
:10808000C5F8203504B0BDE8F08BF8F78BFD00286B
:10809000F2D00123052240F2FF316846FDF76CFD66
:1080A000002CC0D1EAE7FFF795FFB9F80620E1E719
:1080B000183F002008B5094BD3F87C2102B908BD50
:1080C0000021C3F87C114FF0A040FFF7A1FF202151
:1080D0000348BDE80840FFF79BBF00BF00600040B9
:1080E00000030050C38813F0E00F70B504460D463E
:1080F00037D05A0616D423F0E003022D9BB22BD0C2
:10810000032D21D143F04003E38020200CF0BFFC7D
:108110002146054608F07EFCFAF72CFD6561E86112
:10812000002070BD032D43D0666936B1304608F09B
:1081300075FD30460CF0A4FCE38823F0E003002238
:10814000022D9BB2626107D0012DE38007D143F07D
:108150008003E380002070BD43F02003E380002013
:1081600070BD03685B689847237C154A1F2B98BF36
:108170004FF0A04203F01F0302EB8301D1F8006728
:1081800026F44036C1F8006758B1D1F8000740F432
:108190004030C1F8000701219940E388C2F820155A
:1081A000A7E7D1F8000740F40030C1F80007F2E774
:1081B00023F0E00343F04003E380002070BD00BFE4
:1081C0000003005000B583B0042920D8DFE801F097
:1081D000100A0A0A030003689B6A9847002003B04C
:1081E0005DF804FBFFF77EFF002003B05DF804FBA1
:1081F000C38803F0F0031BB9084603B05DF804FB25
:10820000036801919B6D984701990846E7E76FF471
:108210007A70E4E738B5036804465B680D46984712
:10822000E3885B0605D529466069BDE8384008F05B
:1082300077BC2368084A1B6D93424FF00301204628
:1082400007D1FFF74FFF29466069BDE8384008F0C5
:1082500067BC9847E7E700BFC5810300072913D82B
:10826000027C0B4B202A38BF4FF0A04302F01F02C4
:1082700003EB82030020D3F8002722F4E06242EAF5
:108280000121C3F8001770476FF47A70704700BF80
:108290000003005010B4037C0C4A00290CBF0024DA
:1082A0004FF440741F2B03F01F018CBF13464FF097
:1082B000A04303EB81030020D3F8002722F4E062FF
:1082C0002243C3F800275DF8044B704700030050B9
:1082D000027C0B4B202A38BF4FF0A04302F01F0254
:1082E00003EB8203D3F8002722F44032C3F80027BF
:1082F000D3F8002742EA0141C3F80017704700BFD6
:1083000000030050F0B5154C236883B0CBB1144D79
:108310002E6816B1002003B0F0BD30200CF0B7FB82
:108320002268104B1049132407460094FFF7E4F825
:108330003846314601222F60FFF7C6F9002003B00E
:10834000F0BD38200CF0A3FB054608F025FD2846BB
:108350000321256008F0C8FCD9E700BFEC3F0020EE
:10836000E03F00200000484200C0014003799A0726
:1083700054D5B1F5806F53D22DE9F0412A4F067CD8
:108380003A464FF0FF34002312F9015BB54208BFB3
:108390001C460133042BF7D1631C0D4606462AD038
:1083A000DFF89C80F388D8F8000043F00803F380DE
:1083B000FFF75AF807EE905ADFED1C6A1C4D1D4A74
:1083C000B8EEE77AF7EE007AE7EE667A29460123FF
:1083D00007EE100AB8EEC77A106867EE877A0822AF
:1083E000FDEEE77A17EE906A25F8146008F00EFDAE
:1083F0000020BDE8F081FFF785FF0F4BDFF84080DC
:108400001C78317CD8F80000013404F003042246C3
:10841000395531461C70FFF74BFAC3E707487047E0
:108420006FF47A70704700BFFC2000200000803A93
:10843000E43F0020EC3F00205623002016FCFFFF05
:10844000E03F002070B5174D2DED028B044608EE7D
:10845000101AFFF757FF2868FFF72EF9DFED127AA1
:1084600007EE100AB4EE677AF1EE10FA04D028682D
:1084700017EE901AFFF7E8F8DFED0C7A9FED0A7A15
:108480002368B8EE488A204628EE278ADB68C8EEC3
:10849000077ABDEC028BBDE87040FDEEE77A17EE7F
:1084A000901A1847E03F002000409C46000080449E
:1084B0001F4BC2699A4220D01E4B994209D94FF0F6
:1084C000004103698B4202D00023016183750020C3
:1084D0007047194B99421FD8184B99421FD8184B17
:1084E00099421FD8174B99421FD8174B99428CBFFE
:1084F0004FF080614FF00071E3E7144B994202D9CD
:108500004FF0A051DDE7A3F57403A3F51053994292
:10851000D2D94FF02061D4E74FF08041D1E74FF03E
:108520000051CEE74FF08051CBE74FF00061C8E734
:1085300000F00240FF117A00FF083D007F841E001A
:108540003F420F001FA107008FD00300FF47E80143
:10855000082A4FF000034175837514BF6FF47A70D9
:1085600018467047704700BF10B504460CF088FAF3
:10857000204610BDC369D3F8182182B100B500228E
:10858000C3F8182187B0D3F81811036A0191019933
:1085900033B10262406A984707B05DF804FB704748
:1085A00001230322182102A8FDF7E6FAF4E700BF31
:1085B000F8B50446C0680121A17508B1FFF76AFE4D
:1085C000606800286ED00121FFF764FE6068002813
:1085D00068D0036800211B6898476368A0681D7C09
:1085E000002864D003685B689847A368E0681E7C35
:1085F000617D002861D00368012994BF0021012119
:108600001B689847E368617D1F7CE3692069013935
:10861000C9B200220229C3F8002598BF2C4AC3F82A
:10862000087598BF52F82110C3F80C5588BF114641
:1086300094F91420C3F810650025C3F82405AA4254
:10864000C3F854154FF042004FF00701C3F8C0556E
:10865000C3F80403C3F8001532DB02F1604202F5EF
:108660006142E02382F8003394F91430002B13DBCD
:108670005909603103F01F030122164802FA03F37F
:1086800040F8213094F91430002B05DB03F01F0172
:108690005B098A4040F8232021690F48BDE8F84073
:1086A000F7F7E2BDA0684FF0FF3500289AD1E068E7
:1086B000617D4FF0FF3600289DD14FF0FF37A4E7D2
:1086C000064B02F00F021344E0221A76CCE700BFFB
:1086D000F07E040000E100E0FC7E0400FCEC00E021
:1086E00038B504460498154DE360C4E901122560CD
:1086F000C8B100F073FFE061D8B100F0E3FF236977
:108700002075B3F1805F1CBF4FF0805323610022BE
:108710000023A275E069637523622246084901F0CF
:1087200005F8204638BD042000F07AFFE0610028FB
:10873000E3D15A20E8F7E2FFE069DEE71C7F04009E
:10874000758503002DE9F047847D82B005468A4691
:10875000DDE90A87164699462CB3B6F5803F35D237
:10876000B8F5803F32D2EC690020C4F844A5C4F8C3
:108770004865C4F83495C4F83885C4F81801D4F8AD
:1087800018310193019BC4F85005C4F840056FB13E
:10879000012240230C992F6269622261C4F80433DC
:1087A00002B0BDE8F087FFF703FFD6E703211820EA
:1087B000F7F740FFEB69012140221961C3F8042358
:1087C000F8F7BCF8384602B0BDE8F0876FF47A706D
:1087D000E6E700BFF0B585B0B2F5803F1446064627
:1087E0000F469C460A9D02D2B5F5803F09D36346E9
:1087F0002246394630460A9505B0BDE8F04008F0FB
:1088000069B800240095CDE90144FFF79BFF05B04E
:10881000F0BD00BF2DE9F041DDE90664DDF8208000
:10882000C4B1B2F5803F07468C4615469E4602D23B
:10883000B6F5803F0AD3CDE90748069673462A4627
:1088400038466146BDE8F04108F070B8BDE8F04137
:10885000FFF778BF6FF47A70BDE8F08130B585B06E
:1088600000250122C17500F1180300F11701CDE9BF
:10887000015500920446FFF765FFA842ACBF207E79
:10888000014805B030BD00BF0AFCFFFF21B9C36D30
:108890004FF40472C3F8082300207047B1F5614F0C
:1088A00038D00FD9B1F5612F19D01E4B99422AD07B
:1088B000B1F5613F1AD0C36D4FF0EB720020C3F8E1
:1088C00024257047B1F5165F17D0B1F5164FF2D1D8
:1088D000C36D4FF41D020020C3F824257047C36DFB
:1088E0004FF070620020C3F824257047C36D4FF02D
:1088F0006C720020C3F824257047C36D0A4AC3F880
:10890000242500207047C36D4FF080520020C3F82B
:1089100024257047C36D4FF46B020020C3F8242553
:10892000704700BF40420F000050270070B504465A
:108930000E4615462046F9F777FE0028FADC94F833
:10894000343003F0FF00002BF4D1E36D317C2A7C3E
:10895000C3F80C15C3F8142570BD00BF0021F9F74A
:1089600049BD00BF70B5044684B0B9B9C3885A0781
:108970003DD5E36D04F13C012022C3F83415C3F862
:108980003825E36D4FF404720021A163C3F804237A
:10899000E36D01221A60002004B070BD01290D466C
:1089A000F9D190F83430002BF5D1F9F73DFE0028CD
:1089B000F1D0A08DA38D94F82860616A5A1C92FBB7
:1089C000F6F306FB13239BB282B22068A385C36A29
:1089D000895C20469847A38D628D9A42DBD12B4655
:1089E000022240F2FF316846FDF7C6F8D3E7F9F7F7
:1089F0006FFAE3885B07BCD4002004B070BD00BFF1
:108A000010B584B004468DF8071002E094F83430B5
:108A10001BB100F055FD0028F8D000F051FD70B1F9
:108A2000E36D0022C3F82021D3F82011E36D0391F8
:108A30000399C3F85821D3F858310293029BE26D91
:108A400001230DF1070184F83430C2F84415C2F84F
:108A50004835E26D936000F033FDA0B1E36D00E0B6
:108A600099B9D3F82021D3F85811002AF8D061B968
:108A70000122DA60E26DD2F85831002BFBD00020E1
:108A8000002384F8343004B010BD0148F8E700BF7B
:108A900009FCFFFF70B50446C06D0E4600F012FEE3
:108AA00005462EB1E18811F020011FD0002070BDD5
:108AB000E3889B06FAD5002841DA23680021DB69A8
:108AC000204698472046F9F7AFFD002804DD2368CB
:108AD0000121DB6920469847216B2046F9F7A8FA67
:108AE000E38823F02003E380002070BD23681D4A43
:108AF0001B6A934232D1E36D4FF40472C3F808232A
:108B00002046F9F791FD0028FADC94F83430002B68
:108B1000F6D1002D0DDB6B0920330122124905F03F
:108B20001F0502FA05F541F82350BFF34F8FBFF33D
:108B30006F8FE38843F02003E380002070BD43097A
:108B40009B0003F1604303F5614300F01F05012220
:108B500002FA05F5C3F880511D60AEE7204698473C
:108B6000CEE700BF8D88030000E100E010B5C36DC3
:108B70002249234A0160C3F8082382B00446C06D2D
:108B800000F0A0FD00280DDB4309203301221D4920
:108B900000F01F0002FA00F041F82300BFF34F8FEE
:108BA000BFF36F8FE26DD2F8003223F02003C2F8DA
:108BB0000032E26D01235360E26D0021C2F85811CA
:108BC000D2F85811E26D01910199D360E26DD2F8AB
:108BD0005831002BFBD00023C2F80035E36D4FF075
:108BE000FF32C3F80C25C3F81425E06D00F03CFDFE
:108BF0002046F9F725FD204602B010BD407F040055
:108C00001403420000E100E010B50446FFF7AEFF98
:108C100020460BF035FF204610BD00BFF0B51424F0
:108C20008BB00C25CDE900451F46234604460E4671
:108C30001546F9F795F9504B2360002384F834303A
:108C4000E365A363002F00F08A80384600F0C6FC7D
:108C5000E065002800F08A804FF0EB73C0F82435FF
:108C6000E36D0022C3F86C252046F9F7DDFC0028EF
:108C7000FADC94F8343003F0FF02002BF4D1E36DFA
:108C8000307C297CC3F80C05C3F81415E36D3B4810
:108C9000C3F80821D3F80811E36D09910999C3F8C5
:108CA0001021D3F81011E36D08910899C3F8202121
:108CB000D3F82011E36D07910799C3F82421D3F865
:108CC0002411E36D06910699C3F84421D3F84411A9
:108CD000E36D05910599C3F85821D3F85811E36D58
:108CE00004910499C3F84C21D3F84C31E26D0393FD
:108CF000039BD2F80032224943F02003C2F800322D
:108D0000E36DC3F80403E06D224600F00FFDE06D53
:108D100000F0D8FC00281BDB43099B0000F16041F8
:108D200003F1604303F5614301F5614100F01F0069
:108D3000012202FA00F0202581F80053C3F88001D7
:108D40001860E36D08222046C3F800250BB0F0BD83
:108D50000C4B00F00F00034420221A76F1E710209C
:108D600000F05EFCE06500287FF476AF5A20E8F75B
:108D7000C5FCE06D70E700BF407F040014034A00AB
:108D8000D18D0300FCEC00E030B5C36DD3F83C5549
:108D9000826BAA4283B0044606DA0022C3F8082197
:108DA000D3F808310193019BA36B9D420BDDA36BAC
:108DB0005A1C2344A26393F83C102046F8F7BAFFEC
:108DC000A36BAB42F3DB0023A36303B030BD00BF52
:108DD00070B5C56DD5F8083188B00446D3B1836B42
:108DE0001F2B17DC002602E0A36B1F2B12DCC5F83B
:108DF0000861D5F808310193019BA36B5A1C2344E9
:108E0000A26393F83C102046F8F794FFD5F8083198
:108E1000002BE9D1D5F81031002B3AD1D5F84C31DF
:108E200073B10023C5F84C31D5F84C31E26D039392
:108E3000202104F13C030398C2F83435C2F83815F8
:108E4000D5F8243153B10023C5F82431D5F82431A5
:108E50000493049BD5F88034C5F88034D5F84431A8
:108E600033B10023C5F84431D5F844310593059B4F
:108E7000D5F82031C3B9D5F8583143B10023C5F82E
:108E80005831D5F858210792079A84F8343008B041
:108E900070BD0023C5F81031D5F81031029320467B
:108EA000029BFFF771FFB9E70023C5F82031D5F821
:108EB00020210692069A84F834302046F9F7B4FB54
:108EC000002802DC0123EB60D5E72046F8F786FF97
:108ED000D1E700BF10B5034B03600446FCF7F4F87C
:108EE000204610BD847F040010B5054B0360044686
:108EF000FCF7EAF820460BF0C3FD204610BD00BF8A
:108F0000847F040010B50446D4E90E2352694FF45F
:108F10007A50002BD2F84415C2F8440522DA1B4AD5
:108F2000616B0020C2F81005013393FBF1F201FBE5
:108F30001233E36300F0D8FAD4E90E235269012119
:108F4000002BD1600ADB0233104A54F823305B69EE
:108F50001B7C1B0243F00113C2F81035BDE8104022
:108F600000F0B4BA023354F82300FBF73BFFE36B85
:108F7000064A616B0020C2F81005002BD4D10129EC
:108F8000D2D14FF0FF33E363D4E700BF006000406D
:108F9000034B186808B1436B03B97047FFF7B2BFC2
:108FA000F03F002070B50E4611460446FCF748F825
:108FB00033681C4A1C49146000259B6BA663216022
:108FC000E563294630469847A06B184E03684FF476
:108FD0007A51DB6C9847A06B03682946DB6B144D14
:108FE0004FF47A529847A06B124B01684269C3F85C
:108FF0002055CD694432C3F82425B5424FF0040210
:10900000C3F8042509D10C4BC3604B6A9847A06B89
:1090100003689B6A9847204670BD0749A847A06B24
:109020000168F2E7F03F0020847F04003D68020001
:109030000061004000F00140918F030038B50D46FB
:109040000446FBF7CFFF6869094A03681B6893422F
:109050000AD1636B012B01D0002038BDA06B0368DF
:109060005B6B9847002038BD00219847F1E700BFAF
:1090700019950200007A704790F910304901002BD1
:10908000C9B207DB03F1604303F56143002083F8B5
:1090900000137047034A03F00F031A4400201176AF
:1090A000704700BFFCEC00E090F91030002B11DBA2
:1090B0005A0910B460320A4C03F01F03012101FA6F
:1090C00003F344F8223043695DF8044B0122002089
:1090D0001A607047436901221A600020704700BF80
:1090E00000E100E090F91030002B07DB03F01F00D7
:1090F00001225B090249824041F823200020704789
:1091000000E100E010B5036804461B6B98476369F3
:1091100001225A60002010BD90F91030002B0DDBA9
:109120005A0920320121064803F01F0301FA03F314
:1091300040F82230BFF34F8FBFF36F8F002070478E
:1091400000E100E0012902D006D3022902D14369DF
:10915000C3F804150020704743690022C3F80425B2
:1091600000207047437A013B99420FDC10B44FF462
:109170008033446901F5A87003FA01F144F8202016
:109180000020C4F804135DF8044B70476FF47A7044
:10919000704700BF437A013B994211DC30B4446907
:1091A00004EB81054FF48033D5F8400503FA01F153
:1091B0000244C5F840250020C4F8041330BC7047B1
:1091C0006FF47A70704700BF437A013B994208DC24
:1091D00042694FF4803303FA01F1C2F8081300200A
:1091E00070476FF47A707047032907D8DFE801F001
:1091F0001710090243690322C3F8082501720020F1
:10920000704743690222C3F80825017200207047A5
:1092100043690022C3F808250172002070474369A2
:109220000122C3F8082501720020704710B5044BD5
:10923000036000230446C380F6F7DEFE204610BD1F
:109240004C70040010B5064B036000230446C38035
:10925000F6F7D2FE20460BF013FC204610BD00BFEF
:109260004C70040010B5034629B190F91020002A73
:109270000CDA002010BDC288D107FAD5196822F097
:109280000102DA808B6A9847002010BD5409084912
:1092900051F8241002F01F0221FA02F2D407E8D597
:1092A000C288016842F00102C2800B6B9847E0E778
:1092B00000E100E038B590F91030002B044611DAD7
:1092C0000025236820461B6B984762690123D36001
:1092D000D368002BFCD11DB1236820469B6A9847B8
:1092E000002038BD5909044A52F8215003F01F03E9
:1092F000DD4005F00105E4E700E100E0B1F57A5F4B
:1093000014D830B4002201254FF47A5405FA02F340
:10931000B4FBF3F3994205D3436930BC0020C3F892
:10932000102570470132092AF0D1F5E76FF47A7001
:10933000704700BF70B590F910500368002D0446C7
:109340001B6B07DA984763690122DA64D3F84C652E
:10935000304670BD69090A4A52F82160984763692E
:1093600005F01F05012226FA05F5DA64D3F84C65ED
:10937000EB07EDD5236820469B6A9847304670BDC1
:1093800000E100E00E4BF0B453F82070B7B10023B9
:109390007E6918469C46012506EB830205FA03F414
:1093A000D2F84011013319B12043C0B2C2F840C114
:1093B000042BF1D1FB680BB1F0BC1847F0BC70472F
:1093C000F43F00200020FFF7DDBF00BF0120FFF7C2
:1093D000D9BF00BF0220FFF7D5BF00BF0320FFF7B2
:1093E000D1BF00BF0420FFF7CDBF00BFF8B52D4BA4
:1093F00003600026466004460D461746F6F78CFDCE
:1094000029492A48277403238D42E660656120605C
:1094100063723BD0264A95422FD002F580329542A6
:1094200036D1244A204642F82340FFF775FE94F9CE
:10943000103062690121002B516020DB03F1604391
:1094400003F56143402283F8002301231A464FF4B9
:109450007A51092B02FA03F003F1010504D0B1FBA4
:10946000F0F0B0F57A7F1AD861690322C1F810359F
:109470002046C1F808252272F8BD0223D1E70E4A22
:1094800003F00F031A4440231376DEE70123C8E7F5
:109490000A4B9D4208BF0423C3D03346C1E72B4685
:1094A000D7E700BF4C70040000900040B47F040078
:1094B00000A00040F43F0020FCEC00E000B00140C0
:1094C000014B93F90000704717470020054A1378B5
:1094D000013B5BB2002B01DD13707047002313705A
:1094E00062B670471747002072B6024A13780133FC
:1094F000137070471747002020BF70474FF080510E
:1095000030B44C6E086E0022234642EA0004204626
:10951000194630BC704700BFBFF34F8F0549064B5B
:10952000CA6802F4E0621343CB60BFF34F8F00BF01
:10953000FDE700BF00ED00E00400FA05704700BF42
:1095400008B50B4B0122C3F84025022100229300ED
:1095500003F1A0430132202AC3F80017C3F8001A10
:10956000F5D1FFF7EBFFBDE80840E7F77FBA00BF92
:1095700000E0014000487047000002204020F7F75B
:1095800015BC00BF8163704741637047C16370477A
:10959000C06B7047EFF30880704700BF406B7047A7
:1095A000C0E900128360704770B5094D094CAE6880
:1095B000204631464FF480720BF0A0FAAC60AB68E5
:1095C000054831462246BDE87040F6F74DBE00BF63
:1095D00000ED00E0002400200C800400F0B40E4FE9
:1095E0000E4E3C680523012505FA03F2224203EBE7
:1095F000430103F1FF3303D156F82110814205D016
:109600005A1CF1D100210846F0BC704722433A6051
:109610000846F0BC704700BF0C4000202C800400BE
:10962000F0B40F4FDFF83CC03C68624605230125CB
:1096300005FA03F1214202D1566C304207D1013BB9
:10964000591CA2F10C02F3D10020F0BC704703EBCF
:10965000430321435CF823003960F0BC704700BF2E
:109660000C4000202C800400144B98421ED003F5BF
:10967000E04398421CD0A3F5343398421AD003F546
:109680000433984218D0B0F1402F06D0A3F5003330
:10969000984208BF002001D07047012008490122EC
:1096A0000B68824023EA02030B6070470520F5E750
:1096B0000420F3E70320F1E70220EFE700800240F7
:1096C0000C40002008B5174B984218D0B0F1402F3D
:1096D0001ED003F5003398421CD0A3F50433984202
:1096E0001AD003F53433984218D0A3F5E0439842DA
:1096F00016D05A20E8F702F84FF0FF3008BD0023DB
:10970000094A03EB430302EB830393F9040008BD0A
:109710000123F5E70223F3E70323F1E70423EFE74F
:109720000523EDE7003000402C80040038B5184BCD
:1097300098420D46144620D0B0F1402F1FD003F5BB
:10974000003398421DD0A3F5043398421BD003F593
:109750003433984219D0A3F5E043984208BF05235B
:1097600004D05A20E7F7CAFF4FF0FF33094A0A48EE
:1097700042F8235040F8234038BD0023F6E7012388
:10978000F4E70223F2E70323F0E70423EEE700BF48
:10979000003000401040002028400020024A034BC7
:1097A00010681B68184700BF2840002010400020A8
:1097B000024A034B50685B68184700BF28400020EE
:1097C00010400020024A034B90689B68184700BF76
:1097D0002840002010400020024A034BD068DB687C
:1097E000184700BF2840002010400020024A034BC9
:1097F00010691B69184700BF284000201040002056
:10980000024A034B50695B69184700BF284000209B
:1098100010400020002815D0006041608260C360C5
:10982000046145618661C761444604624C464462F6
:10983000544684625C46C462644604636E46466372
:1098400074468463002906D0C46B043C043925683F
:109850000D60B442F9D1946BA646566BB546002B09
:1098600006D0D46B043C043B1D682560B442F9D19A
:10987000146BA446D46AA346946AA246546AA146CD
:10988000146AA046D769966955691469D368516806
:10989000106892687047006041608260C360046134
:1098A00045618661C761444604624C464462544641
:1098B00084625C46C462644604636E4646637446D2
:1098C0008463C46B043C043925680D60B442F9D14B
:1098D000C7698669456904697047006041608260B4
:1098E000C360046145618661C761444604624C46B9
:1098F0004462544684625C46C462644604636C46B7
:1099000044637446846304697047846BA646446B61
:10991000A546046BA446C46AA346846AA246446A68
:10992000A146046AA046C769866945690469C36897
:1099300082680068416870470649074A074B9B1ACE
:1099400003DD043BC858D050FBDC00F025F8FFF7DE
:10995000F7FD0000008904003020002000240020D2
:10996000FEE7FEE7FEE7FEE7FEE7FEE7FEE7FEE7CF
:10997000FEE7FEE7BFF34F8F0549064BCA6802F4C6
:10998000E0621343CB60BFF34F8F00BFFDE700BF22
:1099900000ED00E00400FA0508B55E4B1B680D2BD6
:1099A00057D14FF080414FF080520020C1F80C0198
:1099B000594BC1F81001C1F83805D2F80404C3F8B6
:1099C0002005D2F80804C3F82405D2F80C04C3F823
:1099D0002805D2F81004C3F82C05D2F81404C3F8F3
:1099E0003005D2F81804C3F83405D2F81C04C3F8C3
:1099F0004005D2F82004C3F84405D2F82404C3F883
:109A00004805D2F82804C3F84C05D2F82C04C3F852
:109A10005005D2F83004C3F85405D2F83404C3F822
:109A20006005D2F83804C3F86405D2F83C04C3F8E2
:109A30006805D2F84004C3F86C05D2F84424C3F892
:109A40007025D1F80034D80744BF6FF00103C1F886
:109A50000034324AD2F8883043F47003C2F88830B8
:109A6000BFF34F8FBFF36F8F4FF01023D3F80C224B
:109A7000D20731D4D3F80022002A07DBD3F804320E
:109A8000002B03DB264B274A1A6008BD264A012318
:109A9000C2F80435D2F80034002BFBD04FF010236D
:109AA0001221214AC3F80012D2F80034002BFBD057
:109AB0004FF0102312211C4AC3F80412D2F80034CC
:109AC000002BFBD000231849C2F80435D1F800342C
:109AD000002BFBD0FFF74EFF134B0122C3F80425E8
:109AE000D3F80024002AFBD04FF010210E4BD1F800
:109AF0000C2222F00102C1F80C22D3F80024002A23
:109B0000FBD00021084AC3F80415D2F80034002B1A
:109B1000FBD0DFE73001001000C0004000ED00E0A6
:109B2000042100200090D00300E00140D0E902238E
:109B3000D1E90201994208BF90422CBF01200020C8
:109B4000704700BF2DE930480C4800F0CFFA0C4BAD
:109B50000C49D3E90023D1E9004512EB000B43F196
:109B6000000CAC4508BFA3455846614603D21BF123
:109B700080704CF10001BDE8308800BF0821002052
:109B8000F83700200038002030B583B005460C4679
:109B90000B4801A900F07CFB70B10570446001A97D
:109BA000074800F07FFB08B903B030BD054800F05E
:109BB000A1FA002003B030BD042003B030BD00BFC7
:109BC0009C400020082100201B4B1B782DE93048C9
:109BD00023B118B1037F03F0FF041BB90024204612
:109BE000BDE830880546FFF7ADFFD5E9022399426D
:109BF00008BF90421BD32B69BBB1D5E9053098470C
:109C000029690029EAD02B7F03F0FF04002BE5D05F
:109C1000D5E9022312EB010B43F1000CC5E902BCAC
:109C20002946064800F0EEFBD9E72B77E5E7294601
:109C3000024800F0E7FBD2E71847002078800400D4
:109C40002DE9F04F83B0834600F024FA40B15B4920
:109C5000D1E9002312F1807443F10005C1E9004508
:109C60000021584600F030FA554C30B1236823B13A
:109C70002068FFF7A9FF002323600121584600F068
:109C800023FA20B1FFF75EFF4E4BC3E9000101A9A3
:109C90004D4800F017FB08B34C4E4D4F4A4D03782A
:109CA000012B6CD073D3022B0ED130464FF000083D
:109CB00000F0BCFB30B180F81C80304600F0B6FBF1
:109CC0000028F8D101233B7001A9284600F004FBCD
:109CD00001A9284600F0F6FA0028E0D1DFF8EC8070
:109CE000DFF8F090DFF8F0A003E00D2838D0002373
:109CF0002360404600F0A0FB2368002858D05BB1E9
:109D00002368D0E90201D3E90223994208BF9042B7
:109D10001FD223681B7F3BBB404600F087FBD0E986
:109D200002670546FFF70EFF361A67EB0107012EA3
:109D300077F1000310DB56451BD8AA684FF4960351
:109D40000021484600F026F90028CED1236843B30D
:109D5000256003B0BDE8F08F0021484600F0AAF965
:109D60002846FFF731FFC2E72168404600F04AFB72
:109D7000D2E7484600F0BAF900EB0A02DEE7416894
:109D80002368994211D0304600F05AFB9CE74168A5
:109D90000B7F002B98D101230B77304600F032FB6C
:109DA00092E7584600F0CCF8D2E7002323608BE717
:109DB000002BCED1584600F0C7F8CAE7F83700208C
:109DC000AC400020003800209C4000207880040037
:109DD0001847002008210020FFFFB40010B5134BE6
:109DE00013491B68134882B058220193082300F0DE
:109DF00015FA044610B1204602B010BD0E4A0F48B5
:109E000001A900F05BF804460028F4D101210B48B9
:109E100000F038F901231946094A084800F098F87B
:109E2000084B012220461A7002B010BD7480040055
:109E3000444000209C400020419C03000821002059
:109E4000FFFF7F00184700204AB1A1F1010103681C
:109E5000B1FA81F14909C3E90412002070470720D3
:109E6000704700BF037F0BB1002070472DE93048D9
:109E7000826104460D46FFF765FE236910EB050B72
:109E800041F1000CC4E902BC03B125612146002068
:109E9000BDE83048FFF778BE002301460377012074
:109EA000FFF772BE014800F04FB800BF0821002044
:109EB000014800F045B800BF08210020F0B4447903
:109EC0001C4D1D4FE600AB1947F824201B7973BBCE
:109ED00003680A88C3F808258A7890F9043052018B
:109EE000002BD1B2DFB21CDB5A09920002F16042B2
:109EF00003F1604302F5614207F01F074FF0010CC8
:109F000003F561430CFA07F783F80013C2F8807178
:109F10001760AB19012245F834001A710020F0BC1B
:109F20007047064B07F00F073B441976F1E708200E
:109F3000F0BC7047B0400020B8400020FCEC00E0CE
:109F4000036801221A607047036801225A60704753
:109F500070B48C0004F5A0740068A4B24FF480358E
:109F60008D400026C0F80853C0F84853065183B00E
:109F70000459019401F5A87122F07F42019C40F838
:109F80002120C0F844530BB1C0F8045303B070BC97
:109F9000704700BF2DE9F04F04684FEA81084FF485
:109FA00080358D4004EB080C08F5A076C4F84853C2
:109FB000B6B2C4F8085381460F464FF0000AD4F8F1
:109FC0000415DCF84005CCF8401544F806A085B02F
:109FD000401A20F07F40A159029101289B4622F0AF
:109FE0007F42029B0ED1264B019243F001034FF4B6
:109FF00080609847D9F80040019A44F806A0A35918
:10A000000393039BD4F80465C4F84453931B23F0D3
:10A010007F43012B18D107F5A877194B013244F87B
:10A02000272043F001034FF480609847D9F800409F
:10A03000D4F804359E421FD10020C4F84453C4F81C
:10A04000045305B0BDE8F08FA044531EC8F8402566
:10A05000D4F80415CBF1FF1B5B1A0BF57F4B23F0F3
:10A060007F439B4508D3002BE6D10132C8F8402539
:10A07000D4F804359942DFD00D2005B0BDE8F08F4B
:10A080007053040003680222C3F8442309B1C3F8E3
:10A09000042370470368D3F8040150B1002282B052
:10A0A000C3F80421D3F804310193019B012002B0CD
:10A0B0007047704702684FF4803303FA01F1C2F829
:10A0C0004813C2F808137047890001F5A07189B2DE
:10A0D0000368585840B100225A5082B05B5801932F
:10A0E000019B012002B07047704700BF0368D3F89E
:10A0F0000405704790F90430002B09DB5A094032FF
:10A1000003F01F030121034801FA03F340F8223052
:10A11000704700BF00E100E0024A034B10681B6873
:10A12000184700BFB0400020B8400020BAB1126804
:10A13000D243C1B130B401440C4C4D1E013810F86B
:10A14000013F082153405A08DB0748BF62400139EC
:10A150001346F8D18542F2D1D04330BC70474FF05E
:10A16000FF320029E6D1D043704700BF2083B8ED0D
:10A1700010B483B050E8013F9CB2B0F80EC0644404
:10A18000B0F80CC0644528BFA4EB0C04B0F808C0BC
:10A19000644502BFBFF32F8F002208E0C4EA030426
:10A1A00040E8014CBCF1000FE4D14FF001028DF802
:10A1B00003200193019B9DF803000B6003B05DF841
:10A1C000044B704710B483B050E8023F1FFAA3F469
:10A1D000B0F806C0644502BFBFF32F8F002211E024
:10A1E000B0F80EC06444B0F80CC0644528BFA4EBBE
:10A1F0000C04C3EA044440E8024CBCF1000FE3D174
:10A200004FF001028DF803200193019B9DF803009C
:10A210000B6003B05DF8044B704700BF99B110B4F8
:10A22000B2FBF3F403FB1424A4B244B9C0E9001454
:10A2300084608281C38120465DF8044B7047092009
:10A240005DF8044B70470E20704700BF82B050E8A5
:10A25000022FC188B2EB324F4FF0000317BF92B20A
:10A2600041EA014142EA014104E04268B2EB324F67
:10A2700008BF012340E80212002AE8D18DF8073018
:10A280009DF80730002B0CBF1120002002B0704752
:10A2900038B50446FFF76CFF10B10B8820681844EE
:10A2A00038BD00BF0A884B889A4201D00020704711
:10A2B00050E8012FC2EA024240E80123002BF7D107
:10A2C0000120704738B50446FFF77CFF10B14B887A
:10A2D0002068184438BD00BF0A884B889A4201D0D4
:10A2E0000020704750E8022FC2EA224240E80223D1
:10A2F000002BF7D10120704733DF7047064A074B28
:10A3000010B5002414701C60BFF35F8F044905482A
:10A3100000F062F8204610BD1A470020C44000201B
:10A3200084800400BC4000202DE9F041244E054605
:10A330000121304604F0FCFFBFF35F8FD8B9042D34
:10A340002BD0204B1A789AB91F4C012225701A7015
:10A350001E4F7B688BB1B84605E0404600F046F8DA
:10A360007B6853B125781B68284698470028F4D1AC
:10A37000BFF35F8F3060BDE8F0812378023B012B93
:10A380000ED903F0FBF9C0B94FF080430122C3F8A6
:10A390000025BFF34F8F20BFFDE70B4C2578D7E793
:10A3A000BFF34F8F0A490B4BCA6802F4E0621343B4
:10A3B000CB60BFF34F8F00BFFDE7FFF79DFFE3E7E3
:10A3C000C44000201A47002019470020BC4000204C
:10A3D00000ED00E00400FA05D1E900329342C0E943
:10A3E000001304BF00234360704700BF436843B1BC
:10A3F0000268D2E901210B449342436004BF002369
:10A400004360704770B54468064620680D4618B929
:10A4100008E02468206828B1B368294698470028D6
:10A42000F7D120682860256070BD00BF43681868B8
:10A4300008B102681A60704743681868704700BF27
:10A440004068036873B18B4203D107E0814204D0B6
:10A45000034618680028F9D1704718460B68036056
:10A4600001207047184670476DDF704779DF7047ED
:10A470007DDF704764DF70472DE9F04F83B00488BB
:10A480000C9EBDF83490B6F800A0002C39D0984648
:10A49000002317468B4605461C4603E02A880134F4
:10A4A000A24224DD6A6852F82400019000220DF1D6
:10A4B000030101A8FFF7DEFF20BB9DF80320BA428D
:10A4C000ECD13288D11903B349452BDC42440DF15C
:10A4D000030101A80123FFF7CDFF98B931889DF84A
:10A4E00003200A4432802A880134A242DADC43B1D4
:10A4F0003388013BA3EB0A039BB2FF2B12D808F869
:10A500000A30002003B0BDE8F08F023101328945E6
:10A5100092B207DB328008F802B03288013292B280
:10A520003280D3E70C2003B0BDE8F08F2DE9F04175
:10A5300082B01746089CBDF8245000940195022271
:10A5400006469846FFF798FF10B102B0BDE8F081CB
:10A550004346394630461022CDE9084502B0BDE8F1
:10A56000F041FFF789BF00BF2DE9F04790F82D308B
:10A5700017881446002286B005460E462280002B1E
:10A5800040F0FC80AB78002B40F0FE80EA78A2B16E
:10A590002388D91CB94200F2F3800221F1542388A8
:10A5A00001339BB201212380F15423880B449BB2D9
:10A5B0002380F25423880B4423806B68B3B1228834
:10A5C000D11CB94200F2DC80022093F90010B05493
:10A5D000238801339BB20A222380F254238801335B
:10A5E0009BB22380F1542388013323802B89002BD5
:10A5F00040F01B812B8A002B40F024812B8B002BF9
:10A6000040F02D812B6A002B44D02288911DB94245
:10A6100000F2B6801988052940F203816FF448687A
:10A6200001EB080080B24FF27D3C604540F2F980BA
:10A630005888052840F2F5806FF4486E86441FFA6A
:10A640008EFEE64540F2ED804FF6FF7C614504D07A
:10A65000604502D0814200F2E4800521B154228895
:10A66000013292B212212280B1542288013292B278
:10A6700022801988B1543244090A5170228802326A
:10A6800092B222805B88B35432441B0A53702388F1
:10A69000023323806B6A002B2FD09988B4F800C056
:10A6A000881C0CF102020244BA4269D8FE2867D81D
:10A6B000033106F80C102288013292B2FF21228069
:10A6C000B1542288013292B222801988B1543244A6
:10A6D000090A51702088023080B220809A8862B1C5
:10A6E00099680393002900F09C8030440AF006FA30
:10A6F000039B9A8823881344238095F82C30002BE1
:10A7000040F08A80287800283BD02B88012B00F06D
:10A710008880228802F1020CBC4531D8012804D17E
:10A720006B78023313449F422AD3BB1E9B1A06A99F
:10A730009BB221F8083D06EB0C00FFF799FE00BB29
:10A740002978BDF81020022900F0E1806878904255
:10A75000C0F0D8809342C0F0D5800921FE2A0FD8DE
:10A760002388501CF054238801339BB22380F1547A
:10A77000238801331A442280002002E0082F23D8C6
:10A780000C2006B0BDE8F08723880433BB42F7D81D
:10A7900004A8FFF76BFE0028F3D12388BDF8102032
:10A7A0000321F154238801339BB219212380F154F2
:10A7B000238801339BB2F1182380F254120A4A70A5
:10A7C000238802332380E1E604A8FFF74DFE00282A
:10A7D000D7D123889DF810200821F1542388013314
:10A7E0009BB21B212380F154238806A901339BB21D
:10A7F00051F8070D2380F0503344898899802388CD
:10A8000006339BB212F0FE0218BF01222380F254DD
:10A81000238801332380B5E6D5F82880B8F1000FEE
:10A820002AD1072006B0BDE8F087CDE900473346BE
:10A830000622022105F10800FFF778FE00283FF408
:10A84000D9AE9EE7CDE9004733460722032105F143
:10A850001000FFF76BFE00283FF4D0AE91E7CDE982
:10A86000004733461522142105F11800FFF75EFE5C
:10A8700000283FF4C7AE84E7B8F804300233FE2B5B
:10A880003FF67EAF4FF000094FF0160A22880133E1
:10A89000B354238801339BB2238006F803A0238896
:10A8A00001339BB22380B8F80020F2543344120ADB
:10A8B0005A702088023080B22080B8F804303044CA
:10A8C0001A465BB1D8F808301946002BA9D00AF017
:10A8D00015F9B8F8042023881344238009F10109ED
:10A8E00095F82C305FFA89F94B4509EB49087FF65A
:10A8F00009AFAB6A03EB8808B8F804300233FE2BCB
:10A90000C4D93DE7012906D01A46082126E793421B
:10A91000BFF423AFF8E78342F6D3024608211DE7D0
:10A9200075DF704776DF70477ADF70477BDF7047EF
:10A9300030B51D4B1A8884B2A24283B001D003B057
:10A9400030BD1A4D187A297B88420FD32A7C00210A
:10A950001972E2B96B69002BF1D00022ADF8064004
:10A960008DF8042001A8984703B030BD104603F1CC
:10A970000A01FFF7D5FF28B11128E0D0AB69002B01
:10A98000F1D1DCE71A7A01321A7203B030BD3B21F3
:10A990002046FFF7C7FF30F00803DBD0AB69002B80
:10A9A000D8D09847D6E700BFE4400020C840002038
:10A9B00070B54B7A82B002467BB90F4C0E7A48686C
:10A9C000D4E90153002E0CBF29461946FFF74AFA75
:10A9D00008B1A3696BB902B070BD074B5B69002079
:10A9E0000872002BF7D00121ADF806208DF8041075
:10A9F00001A8984702B070BDC84000208388B3F515
:10AA0000FA7F28BF6FF4F97230B428BF9D1804880C
:10AA10004A8838BF002594420DD8408890420AD316
:10AA20008888A84207D303F2F313834234BF00207F
:10AA3000012030BC7047002030BC70470288112ACA
:10AA400070B503462FD01BD9122A07D0502A04D143
:10AA50003A4CC188E289914236D070BD384C828828
:10AA600025889542F9D100F1080104F10A00FFF7A9
:10AA7000C5FF607221462846BDE87040FFF798BFC9
:10AA8000102AEAD1C27B012AE7D12D4C21884FF64A
:10AA9000FF7291422FD0294B9B69002BDDD00420FF
:10AAA000BDE870401847264C828823889A42D4D14A
:10AAB0006068FFF7F1F918B1204B9B6903B1984723
:10AAC0004FF6FF73238070BD028A022AC5D11C4D48
:10AAD00082882E889642C0D1123000F061FA30BBD5
:10AAE0006868FFF7D9F90028B7D0A369002BB4D064
:10AAF000BDE870401847134A8588258003CA04F1D1
:10AB00000A02C4F80E1003F110010023C4F80A0071
:10AB100023721046FFF772FF084B6072DB89002B2F
:10AB20009BD121462846BDE87040FFF741BF29462A
:10AB30003046BDE87040FFF73BBF00BFC840002073
:10AB4000E4400020F840002000282FD0F8B505464A
:10AB500006460FCD164F3C460FC4844695E80700C5
:10AB6000144B3B6084E80700BCF1000F18D060462E
:10AB7000FFF7DAFE98B932681068516803C30E4BCC
:10AB80000E490F4A18464FF6FF7440F8041F1C8008
:10AB90000021FFF759F9002814BF03200020F8BD59
:10ABA0001846FFF7C3FE0028E9D0F8BD0E20704715
:10ABB000C8400020F8400020E44000200838002071
:10ABC00031A90300F0B583B00190A1B1019D7DB121
:10ABD00000240E4617462546214601A804F064FBD2
:10ABE000394610B1A0B2B04701350134142CF3D16D
:10ABF000284603B0F0BD0D46284603B0F0BD00BFA7
:10AC00000146014804F050BB0441002070B582B0F9
:10AC100006460191019D6DB100242546214601A8FB
:10AC200004F042FB18B106EB450301359C8001346A
:10AC3000142CF3D13046356002B070BD2DE9F047D9
:10AC40000388B0F80480103B8CB007460A2B1BD851
:10AC5000DFE803F02F281A1A1A1A1A1A1A1D06000A
:10AC6000047A38482409032C41464BD804F012FBDF
:10AC7000032C49D04146344804F00CFB022C47D049
:10AC80004146324804F006FB0CB0BDE8F087037A79
:10AC9000002BF9D1437A2B481B0741464FD404F0CF
:10ACA000F9FAF1E741462A4804F0F4FA0CB0BDE89D
:10ACB000F087284EB3680CA8DB4340F8303D71683C
:10ACC00004F058FB009901A8FFF7A0FF019B83B196
:10ACD0000DF106097C3609EB430A39F8025F1E4C78
:10ACE00020462946043404F0D5FAA642F8D1D145CD
:10ACF000F3D1B8F1130F12D9042003F0A5F90CB069
:10AD0000BDE8F08704F0ACFA41460F4804F0A8FA19
:10AD100041460E4804F0A4FA0CB0BDE8F087414665
:10AD20000B4804F09DFA41460B4804F099FAFB7B6E
:10AD3000012BA9D04146094804F092FAA4E704F097
:10AD40008FFAA1E718410020144100201041002093
:10AD50000841002000410020044100200C41002057
:10AD6000132801D900207047FFF74ABF132801D9E3
:10AD700000207047FFF744BF132801D90020704717
:10AD800010B50446FFF73CFF08B9002010BD21466E
:10AD9000034804F089FA002814BF0220012010BDE6
:10ADA00008410020132801D90020704710B504463F
:10ADB000FFF726FF08B9002010BD21460248BDE874
:10ADC000104004F071BA00BF10410020132801D9CF
:10ADD0000020704710B50446FFF712FF08B90020A5
:10ADE00010BD21460248BDE8104004F05DBA00BF26
:10ADF00014410020132801D90020704710B50446E3
:10AE0000FFF7FEFE08B9002010BD21460248BDE84C
:10AE1000104004F049BA00BF1841002070B50A4B39
:10AE200082B002AE9B6846F8043D00252C462146C0
:10AE3000304604F039FA013400B10135142CF6D152
:10AE4000284602B070BD00BF0041002070B50E4A18
:10AE500082B0D36802A8DB4340F8083D02AE916897
:10AE600004F088FA009B46F8043D00252C46214654
:10AE7000304604F019FA013400B10135142CF6D132
:10AE8000284602B070BD00BF0041002010B5034B42
:10AE900004465968FFF7BAFE204610BD0041002065
:10AEA00010B5094982B0CA6802ABD24343F8042DF9
:10AEB00004468968184604F05DFA20460199FFF7B8
:10AEC000A5FE204602B010BD0041002008B51821A3
:10AED000024804F0F3F9C0B208BD00BF00410020F1
:10AEE00070B50C4C054620460E4604F0DDF908B15D
:10AEF000132D01D9002070BD2846FFF781FE0028E0
:10AF0000F8D0F01D04EB80002946BDE8704004F045
:10AF1000CBB900BF00410020F8B50E4C05462046D5
:10AF200017460E4604F0C0F908B1132D00D9F8BD3C
:10AF30002846FFF765FE0028F9D0F01D04EB8000DD
:10AF400029461FB9BDE8F84004F0A4B9BDE8F840AF
:10AF500004F086B900410020034B9B680A46014675
:10AF60001846FFF72FBE00BF00410020F8B50A4C7D
:10AF700005460E4620462946174604F095F900B9C5
:10AF8000F8BD063504EB85043A4660683146BDE8F5
:10AF9000F840FFF717BE00BF00410020AADF70474E
:10AFA000007800F0010070470078C0F3400070475F
:10AFB00070B58C7890B01346002C40F0AF80012221
:10AFC0008DF80E204A7C0C88ADF80C40013A002424
:10AFD0008DF80240ADF80040042A09D8DFE812F0ED
:10AFE0000500C600CA00CE00C20011228DF8002064
:10AFF0008C7C013C042C09D8DFE814F00500C80063
:10B00000CC00B000C40011228DF80120CD7B9DF84A
:10B0100002400A7C0E7B65F3C3040D7D62F30414C9
:10B02000002D4A7B14BF0225012566F3000465F359
:10B03000420412F0300F4FF000058DF80240CDE9C8
:10B040000955CDE90B55CDE90D550F9569D1002274
:10B05000CDE906224D7B08928C688A7B8DF82450BE
:10B060008DF8252003AD8A88CDF814D00495ADF86D
:10B070001C201CB1CA880894ADF818208C69002CDB
:10B080002FD000268DF80660ADF804602688227B5C
:10B09000ADF82C606688ADF82E6001AD66680A9642
:10B0A000013A0D95042A28D8DFE802F02494848818
:10B0B000900011228DF80520A67A9DF80650E27ABC
:10B0C00066F3C30562F30415A27B267A002A2C4698
:10B0D00066F3000414BF0222012262F342048DF8D9
:10B0E0000640CA6902B10C9209A904AAFFF756FFEB
:10B0F00010B070BD11228DF80420627B013A042A41
:10B10000DAD801A555F822F0B3B00300A5B10300C9
:10B11000ADB103009DB10300C5B103008DF80E4031
:10B1200050E7CA7CADF80850013A8DF80A50042A5D
:10B1300007D8DFE802F0035F5B57530011228DF858
:10B1400009209DF80A2002AC0E94012464F3420207
:10B1500011248DF80A208DF8084078E712228DF826
:10B16000012053E722228DF8002041E721228DF8AB
:10B1700000203DE731228DF8002039E712228DF8BA
:10B18000002035E722228DF801203FE721228DF8AB
:10B1900001203BE731228DF8012037E712228DF89C
:10B1A000052089E721228DF8052085E731228DF8D9
:10B1B000052081E731228DF804209EE712228DF8C8
:10B1C00004209AE722228DF8052075E722228DF8C7
:10B1D000042092E721228DF804208EE722228DF8A8
:10B1E0000920AEE712228DF80920AAE731228DF856
:10B1F0000920A6E721228DF80920A2E790DF7047F9
:10B20000A5DF7047B5DF704710B5002384B0044652
:10B210006A46184602A9ADF80840ADF80A40039303
:10B220000093ADF80430FFF7E9FF04B010BD00BF94
:10B2300008B90E20704730B403464FF017151B2491
:10B240000020172219611D6041F61B311C71DA8044
:10B250001A819872D872998130BC70478388C3B9BB
:10B2600030B50288232A83B00C4613D036D93A2A47
:10B2700018D0552A3FD0242A5ED0A37A3BB1E1886A
:10B280000020FFF7BDFF10B90123A072E37203B0E5
:10B2900030BD7047007A0B7B984228BF1846FFF7F5
:10B2A000B3FFEAE74289C98825698A4228BF0A466E
:10B2B000172A38BF1722228165B1E17A51B140F6D1
:10B2C0007721ADF80010ADF80230ADF804206946E2
:10B2D0002046A8470023E372A372D8E7102A3FD084
:10B2E000112ACAD1172241F61B31A372E372E28000
:10B2F0002281A181CBE7C288C988A372172A38BFEF
:10B3000017228A4228BF0A4618462281FFF77AFF91
:10B31000E37A002BB1D12269002AAED02189ADF8A1
:10B32000023040F67720ADF80000ADF8041020465A
:10B3300069469047A37AA1E70A69017A6173002AF6
:10B340009BD04DF67A20ADF80430ADF802308DF880
:10B350000410ADF80000694620469047A37A8DE7B7
:10B36000C37B08790873012B0CBF2188C988238906
:10B3700008BFE1808B4204D3637B8342BFF47DAF7F
:10B380008DE70020FFF73CFF18B90123E372207B13
:10B39000F2E7112809BF0123207B207BA372EBE792
:10B3A0002DE9F041DFF8988000238AB04FF6FF7056
:10B3B00088F80030CDE9003300F0E8FC4FF6FF7666
:10B3C000B0421FD0044648F2096707E000F070FC65
:10B3D000204600F0DBFCB042044613D0A4F58045C3
:10B3E000ADB228466A4602A903F088FEB84220465C
:10B3F000ECD0284603F0F2FD48F207629042034683
:10B4000003D043B90AB0BDE8F081012388F80030C9
:10B410000AB0BDE8F08100220721079305A84FF686
:10B42000FF73CDE90522CDE90822ADF818408DF86B
:10B430001410ADF8163000F065FA0AB0BDE8F081DE
:10B440001B47002010B58389047886B003F580433C
:10B4500000229BB2611ECDE90122CDE90322ADF8A5
:10B4600008300592042913D8DFE801F0323232198E
:10B4700003004368002B55D113238DF804304FF699
:10B48000FF7301A8ADF80830ADF8063000F03AFAC5
:10B490002D4C23780BB1FFF783FF06B010BD43F6A8
:10B4A000FE729342F4D8C289002AF1D14268002A80
:10B4B00042D00B2303928DF80430234C01224FF627
:10B4C000FF7301A82270ADF8063000F01BFAE0E728
:10B4D00043F6FE729342C1891ED8D0E90132A4F12D
:10B4E0000304B4FA84F464098DF80C108DF80D404F
:10B4F0000492E3B99DF81430082243F001038DF85B
:10B5000014308DF804204FF6FF7301A8ADF8063013
:10B510000D4C00F0F7F9BCE701F580439BB2934274
:10B52000DBD9B5E7142203938DF80420A7E709229D
:10B5300005938DF80420E6E718460A238DF80430B9
:10B5400000F0B6FBB9E700BF1B47002010B5A1F51E
:10B55000804182B0A0F58040002489B26B4680B261
:10B56000CDE9004403F08EFDA04214BF0520204623
:10B5700002B010BD30B5184889B003F063FB30BB92
:10B5800003F078FB0546F0B900F072FBCDE90355F6
:10B590000DE005A803F0C2FC019B9C8804F58044E3
:10B5A000A4B205A803F0E4FC204600F069FB05A95D
:10B5B00003AA4CF2070003F081FD01A90028E8D09E
:10B5C000284609B030BD8625284609B030BD032580
:10B5D000284609B030BD00BF45B40300F0B5FF28D0
:10B5E00087B004D8012906D00C1F052C03D90725E4
:10B5F000284607B0F0BD164603AA1F460C46FFF7C3
:10B60000A5FFE0B901A903A803F088FC0546B0B97D
:10B61000019BB4705B8833800299A7B13A68706867
:10B620009C00A24228BF2246164609F067FAB4429F
:10B630000BD803A803F09CFC284607B0F0BD0525F5
:10B64000284607B0F0BD7160F3E70C25F8E700BFAE
:10B65000024B0022C3E90022704700BF7C4100205A
:10B66000012804D0031F052B01D90120704770B5B4
:10B67000044686B0A0F5804016460D4680B203A968
:10B680000D4A03F01BFD10B1002006B070BD01A9EA
:10B6900003A803F043FC0028F6D1DDE901219388DB
:10B6A0005288328003F58043B470716003A82B8008
:10B6B00003F05EFC0120E8E77C410020F0B5FF28A4
:10B6C00087B005D88C78012C06D0231F052B03D911
:10B6D0000724204607B0F0BD0B46A4F5804621465E
:10B6E0005C681B88ADF80260A0F58047154603AA88
:10B6F000ADF80070CDE90143FFF728FF052813D00E
:10B70000694603A803F062FC044648F206639C42C3
:10B710001AD00FD948F207639C4203D048F20D6358
:10B720009C420FD11124D4E7694603A803F04AFCD8
:10B730000446EAE734B9002DCBD0294603A803F02C
:10B74000FDFCC6E70324C4E78624C2E74FF6FF707A
:10B7500000F096BAFF2806D808B500F097FAFFF770
:10B760001FFE002008BD0720704700BF00F0B4BADC
:10B7700000F0BCBA00F0E2BA00F008BB00F00CBB6D
:10B7800070B41D4E0546002202EB4203980036F8C5
:10B790002330AB4205D00132042AF5D1002070BC21
:10B7A0007047304483788B421ED0531C042BF5D055
:10B7B0005800C41836F82440AC420ED002EB4202C6
:10B7C00006EB820202E09489AC4205D00133042BDF
:10B7D00002F10C02F7D1E1E75800184406EB8000B3
:10B7E0001A4683788B42E0D1837A9B07DDD1436888
:10B7F000002BDAD170BC7047D442002070B5037AB8
:10B8000005465BB10D4E0024697A2144C9B2304629
:10B8100001F060F82B7A0134A342F5D8AB7A00220C
:10B8200003F0FD03FF204FF6FF716FF30003687212
:10B830002A72AB722980A9706A6070BDC442002070
:10B8400010B582B08278417A044600232B48CDE9B6
:10B8500000338DF8022001F023F8002839D0237A34
:10B86000A178019003EB83039B004A1EADF80030E2
:10B870008DF80210072A08D8DFE802F01E07070734
:10B88000071E042E1423ADF800306946221D2088BF
:10B89000FFF714FF07280DD012D9112822D08628CF
:10B8A00017D1A37A164A03F0FD0343F001030121E7
:10B8B000A372117002B010BD0123ADF80030E4E7AF
:10B8C00038B9A37A60F3410360F30003A37202B0B6
:10B8D00010BD032002B010BD838809339B08ADF86A
:10B8E0000030D2E7A37A064A43F002036FF3000365
:10B8F00001210020A372117002B010BDC4420020CB
:10B900001C4700202DE9F047444EC168044686B02C
:10B910003746334600205A68914203F10C0375D034
:10B9200001300428F7D100202378092B19D0132BDC
:10B9300069D0082B5FD04FF00008204600F0EEFAE7
:10B94000204601F08DFDDFF8D890204604F050FB32
:10B95000204604F01DF999F800307BB906B0BDE827
:10B96000F087637A002BE6D1002854D0827ADFF882
:10B97000B090436042F0020298468272002489F837
:10B9800000404FF0010A63001A1907EB8202927A15
:10B9900091072DD4D20727D589F800A0B8F1000F60
:10B9A00022D023449D007019FFF74AFFE0B17B5B72
:10B9B000ADF8083086284FF6FF73ADF8063016BF95
:10B9C00003900623072301A88DF8043000F0A6FA9F
:10B9D00001A801F045FD01A804F00AFB01A804F04C
:10B9E000D7F806B0BDE8F0870134042CCBD1B5E719
:10B9F00089F800A0D5E7657A002D9CD158B1FFF7F2
:10BA0000FDFEA84699E74FF0010896E700EB4000DD
:10BA100007EB800088E780468FE700BFD442002014
:10BA20001C470020F0B5174E002183B033460D4669
:10BA30004FF6FF74FF2701EB410206EB82021C80E8
:10BA40009C705F72907A013100F0FD006FF300008E
:10BA50000429907203F10C0303F8045C43F8085CBA
:10BA6000E9D15023CDE900134FF4A072064B0749EA
:10BA7000074800F0C7FE002814BF0320002003B0D1
:10BA8000F0BD00BFD44200200443002084410020C8
:10BA9000C4420020F8B51E4F0646002505EB4503BD
:10BAA0009A0037F82330B34205F101040AD0042C80
:10BAB0002546F3D13046FFF74DFE10B1072818BFD9
:10BAC0000320F8BD3A4491783046FFF759FE08B19B
:10BAD000FFF794FE042C2346ECD06200111937F8CE
:10BAE0002110B1420ED005EB450507EB850202E0BF
:10BAF0009189B14205D00133042B02F10C02F7D138
:10BB0000D8E75A001A441D4607EB82025C1CDAE7AC
:10BB1000D44200200023FFF761BD00BF83B32DE9AD
:10BB2000F041CD1F012D0C4625D8551E032D22D8DE
:10BB300007461E461546FFF723FE804688B3037A64
:10BB4000AB421BD198F80910FF291FD0002788F8B5
:10BB50000850254800F0A4FE68B305EB85031B01DF
:10BB60009BB29B083380B47070600FB1082C09D071
:10BB70000020BDE8F0810720BDE8F0810F20FBE741
:10BB80000E2070479B00063B8380F1E7294616484C
:10BB900000F04EFEFF28014688F809000FD001276B
:10BBA000D5E7FF214FF6FF70FFF7EAFD804620B191
:10BBB00007808470C6E70320DEE71120DCE798F8F1
:10BBC0000A3088F8020003F0FD0300226FF300033F
:10BBD0004FF6FF7188F80A30A8F8001088F808209E
:10BBE000C8F804201120C7E7C442002008B5FFF7B9
:10BBF000C7FD18B1FFF702FE002008BD052008BDF3
:10BC0000CB1F012B01D90720704770B5064610469F
:10BC100015460C46FFF7AAFD50B130462146FFF706
:10BC2000AFFD38B105808470BDE87040FFF708BEF5
:10BC3000072070BD052070BD4FF6FF73984210B508
:10BC400009D0FF2804460FD80846214603F012FB0E
:10BC500050B9204610BD08464FF4807103F02EFB0A
:10BC600080B2B0F5807FF5D14FF6FF7010BD00BFF8
:10BC700040220021014808F065BF00BF08430020B2
:10BC80000149FFF7D9BF00BF084300204FF6FF72FC
:10BC9000904209D010B505490446FFF7CDFF201AA0
:10BCA000B0FA80F0400910BD002070472843002002
:10BCB000FF2800D9704710B501460446044803F038
:10BCC000E9FA21460348BDE8104003F0E3BA00BF9B
:10BCD0000843002028430020FF2801D90020704796
:10BCE0000146014803F0E0BA08430020FF2801D9CB
:10BCF000002070470146014803F0D6BA28430020CF
:10BD000038B54FF6FF7398420D4615D0013084B216
:10BD1000FF2C04D90CE09CB2B4F5807F08D02146FA
:10BD2000284603F0C1FA631C0028F4D0204638BD31
:10BD30004FF6FF74204638BD0024F0E7F8B51149EE
:10BD4000FFF7DEFF4FF6FF75A84217D0FF28044625
:10BD500012D80D4EA6F1200707E02046FFF7D0FFCE
:10BD6000A84204460AD0FF2C06D82146304603F0EC
:10BD70009BFA39460028F0D12046F8BD4FF6FF74F3
:10BD80002046F8BD08430020284300200149FFF762
:10BD9000B7BF00BF2843002070B50024064E2546DB
:10BDA0002146304603F080FA0134B4F5807F054423
:10BDB000F6D1284670BD00BF08430020074B1A7813
:10BDC00002B9704710B5044604F0D8FC204601F0D3
:10BDD000A3FB2046BDE8104003F0BCBF1E47002077
:10BDE00010B504462046FFF7C5FC0446FFF7C0FC2B
:10BDF0000028F7D1204610BD10B582B00024019272
:10BE00006A460094FFF7EAFB02B010BD2DE9F04F3F
:10BE100087B083464FF6FF708A4601929946FFF736
:10BE2000A9FC00250421CDE9031503AB04AA0621D2
:10BE300002AE044602950596FFF7D0FB07283FD0D7
:10BE40004FF6FF77B8464FF0FF3660B1052814D1A2
:10BE50002046FFF78FFC03AB04AA06210446FFF738
:10BE6000BDFB0028F2D1029BAB4224BFA0461D4679
:10BE7000B3423CBF1E462746EAE74FF6FF739C429B
:10BE80001AD1A04520D0A7420CBF05200020BBF14D
:10BE9000000F01D0ABF80080BAF1000F01D0CAF852
:10BEA0000050019B03B11F80B9F1000F05D0C9F804
:10BEB000006007B0BDE8F08F032007B0BDE8F08F49
:10BEC000052007B0BDE8F08F0520E0E70F4B70B507
:10BED0001C7814B90E4B1C7070BD0E4D0E4E002315
:10BEE000294630461A46FFF791FF052805D0B0FADB
:10BEF00080F4074B64091C7070BD00232B60044B59
:10BF00004FF6FF7232801C7070BD00BF1E470020CC
:10BF10002047002048430020FE4600202DE9F04144
:10BF2000054686B0808804F0EBFA2B786880083BE1
:10BF3000032B3BD8DFE803F0283D1702654A664E25
:10BF400011783378002940F08A804BB1634F002488
:10BF500057F8243028469847337801349C42F7DB61
:10BF600006B0BDE8F0815B4C2378002B37D15C4BE9
:10BF70001B78DBB15B4BAA881B889A4216D1564EC0
:10BF8000FFF7A4FF3378E0E76B7A2BBB56490A68CA
:10BF90001AB1E868824200F09480514B1B782BB1B3
:10BFA000504BAA881B889A4200F086804A4E33780C
:10BFB000CBE7494E6A7A3378002AC6D14A480168ED
:10BFC0000029C2D0EC68A142BFD1484C0260216870
:10BFD000EA6001392160B8E7012BE7D1DDE74FF6D0
:10BFE000FF70FFF7C7FB4FF6FF7398420646BED1BE
:10BFF000FFF7C2FBB042BAD1374E327800230DF1C1
:10C0000004080C2101932370C8E90133C8E9033304
:10C01000ADF80800ADF806008DF804109AB12F4F66
:10C020001C4657F8243028469847337801349C4200
:10C03000F7DB43B1002457F8243040469847337863
:10C0400001349C42F7DB264B1B78002B88D0254A15
:10C05000AB8812889A4283D1FFF738FF80E70DF151
:10C06000040800240D2101941470C8F80440C8E9A4
:10C0700003444FF6FF728DF80410A968ADF808204C
:10C08000ADF806200391002B3FF46AAF134F57F829
:10C09000243028469847337801349C42F7DB002B44
:10C0A0003FF45EAF002457F8243040469847337879
:10C0B00001349C42F7DB53E72B7A062B7FF476AFF3
:10C0C0005DE7084A044EA8880B60EB601080337867
:10C0D0003BE700BF1D4700201F4700204C430020C6
:10C0E00020470020FE4600205843002048430020FF
:10C0F00078B1F8B5074E337853B1074F05460024A1
:10C1000057F8243028469847337801349C42F7DBAF
:10C11000F8BD70471F4700204C430020F8B5074E7C
:10C12000337853B1064F0546002457F8243028468B
:10C130009847337801349C42F7DBF8BD1F47002055
:10C140004C430020FFF7EABFFFF7E8BF38B5FFF721
:10C1500011FAD0B9FFF766FCB8B901F0A5F9A0B99A
:10C1600000F078FC88B903F079FD70B903F04CFF5A
:10C1700058B9074A074C0849084B10604FF6FF753D
:10C180000122258008701A7038BD032038BD00BF19
:10C1900058430020FE460020204700201E47002074
:10C1A0000A4B1B787BB10A4A1378022B09D810B4CA
:10C1B000591C084C117044F8230000205DF8044B12
:10C1C0007047042070470820704700BF1E470020BA
:10C1D0001F4700204C430020034B1B780BB101F09C
:10C1E000B5B90820704700BF1E47002008B5054BB1
:10C1F0001B782BB101F0CCF9082808BF112008BD2D
:10C20000082008BD1E47002009B101F0BFB97047E2
:10C21000024B1B7803B9704703F060BE1E47002035
:10C22000034B1B780BB104F003BA0820704700BF22
:10C230001E470020034B1B780BB104F08FB9082078
:10C24000704700BF1E470020034B1B780BB101F065
:10C250005BB80820704700BF1E470020084B1B78C2
:10C2600043B151B110B50C4604F0D8F8002320803A
:10C27000184610BD0823184670470E23184670470D
:10C280001E470020024B187800B97047FFF776BAB6
:10C290001E4700202DE9F04F614C94F8008089B0D2
:10C2A000B8F1000F00F09F80894600294CD08246EB
:10C2B000002849D014460A680192002A00F09A80AA
:10C2C000072B00F297804FF6FF750027AC420F60F6
:10C2D00000F09B80002203F0020117460492CDE992
:10C2E00005220792009103F0010203F00401CDF84A
:10C2F0000C80CDF808A003F00305884692467DB176
:10C30000002306AA072120460793FFF767F90528AF
:10C3100027D0D0B9BAF1000F41D1009B002B6DD1CD
:10C32000B8F1000F5CD1029A22F81740019A7B1CE9
:10C330009A421F4602D93A4B1B784BB9C9F8007094
:10C34000002009B0BDE8F08F0E2009B0BDE8F08FE5
:10C350002046FFF745FD4FF6FF7398420446CED1C5
:10C36000ECE7BAF1000F42D1009B002B49D1B8F1A4
:10C37000000FE0D0DDF80CB0002304AA092120460C
:10C380000593FFF72BF90528D5D00028DDD1059BB3
:10C390001B68002BCFD0BBF1000FCCD1C3E7834685
:10C3A000079B5A7C12F0FC0F009A13D0002ADED0B3
:10C3B000DDF80CB003F1100101E09942D7D013F879
:10C3C000012F002AF9D0B8F1000FD5D1BBF1000F31
:10C3D000B1D1A8E7002AEDD1B8F1000FF6D0CBE734
:10C3E0004FF0000BC8E7082009B0BDE8F08FDDF87A
:10C3F0000CB0D5E7072009B0BDE8F08F079BD34606
:10C40000D8E7079BDDF80CB0D4E720460093FFF790
:10C41000E7FCA8420446009B7FF45CAF90E700BFB6
:10C420001E47002000B50B4B83B01B7850220192B1
:10C4300043B159B10A4601AB0721FFF7DDFC03B058
:10C440005DF804FB082003B05DF804FB0E2003B088
:10C450005DF804FB1E470020034B1B780BB104F072
:10C4600061B80820704700BF1E47002010B4054C7B
:10C4700024781CB15DF8044BFFF7C8BC08205DF8B8
:10C48000044B70471E470020354B1B78002B38D0DB
:10C490002DE9F041334B344D064693E8030088B054
:10C4A0002B7801AC84E8030013B3DFF8C880D8F818
:10C4B000005015BB2D4B2E4F1A883B68B24224D03A
:10C4C0005A1C20D00133214630462A4A3B60FFF7F0
:10C4D000F5F898B13B680022013B11283B60C8F891
:10C4E00000200AD0862809D0072818BF032005E0BD
:10C4F000FFF7ECFC2B78002BD7D1112008B0BDE85A
:10C50000F081082070471320F8E7002BDAD00823C9
:10C510003046194C0795CDE90355CDE905558DF801
:10C520000C3003F0EDFF9DF81C302278ADF80E00C2
:10C5300065F300030621ADF810608DF815500695DF
:10C540008DF81C308DF8141042B10C4E56F8253081
:10C5500003A89847237801359D42F7DB0020CDE7FB
:10C560001E4700209080040020470020FE46002047
:10C5700048430020584300201F4700204C43002020
:10C5800076DF704710B5044682B059B901A9FFF7AC
:10C590005BFE43F20202904200D0B0B99DF8043035
:10C5A0009B0710D400212046FFF720FE58B1112828
:10C5B00009D00D2810D00B2805D043F2020290427A
:10C5C00001D001F041FD02B010BD01F03DFD9DF82C
:10C5D00004309B07F7D4E5E720461321FFF7D0FF8F
:10C5E000F1E700BF017839B1072900D070478068B2
:10C5F0000028FBD001F028BD4088FFF7C3BF00BF73
:10C600002DE9F041037886B00446142B1BD8DFE8EF
:10C6100003F00B1A4C1A1A1A6A1A1D1A1D1A1A1A42
:10C620001A1A1A1A1A235C008088FFF72DFF862831
:10C6300068D0112866D0132803D8584BC340DB07B5
:10C6400001D401F001FD06B0BDE8F081544B012298
:10C650001A7006B0BDE8F081524B534A1C68504B2B
:10C66000524F002504F1080815701D704FF6FF7633
:10C67000624202F0070204F0070358BF534201343C
:10C6800037F81320B24201A80AD0029527F81360A8
:10C690000195CDE903550595ADF80820FFF7B0FFEA
:10C6A000A045E5D106B0BDE8F081037A012BCAD8D8
:10C6B00000238288059301A8CDE90133CDE9033336
:10C6C000ADF80820FFF79CFFBDE78368364948F2C4
:10C6D0000D6200209342087002D0B3F5064FB2D12C
:10C6E00000F066F8AFE7304C2378002BABD12C4D2F
:10C6F0002B78E3B102F09CFCB0B148F207629042A3
:10C70000A1D09EE72749294A0B68A08822F8130088
:10C7100001335A4202F0070203F0070358BF5342A5
:10C720000B6000F045F88EE7012323708BE701A82A
:10C7300002F00EFD30BBBDF80A30002B14BF012300
:10C7400000232B70D6D1002301AA19461846FFF703
:10C750008DFE064628B1431F012B7FF674AF30468D
:10C760006FE7BDF80400FFF777FE064608B101F059
:10C770006BFC0122731F93422A707FF664AF002E78
:10C78000B8D0ECE701F060FCBDF80A30002B14BF14
:10C79000012300232B707FF456AFD4E7C1000800BB
:10C7A000572300205C430020214700201021002057
:10C7B00000B587B00023062201A8CDE90133CDE9F9
:10C7C000033305938DF80420FFF71AFF07B05DF8D7
:10C7D00004FB00BF42685AB1FF2938B50D4606D0A8
:10C7E0000446BFF35F8F104602F05EFD08B938BD06
:10C7F00070476068BFF35F8F2946BDE8384002F09C
:10C8000049BD00BF70B4DDE9034570B169B163B1E2
:10C8100005FB04F6964208D83CB135B1C0E90245A3
:10C82000C0E9001370BC00207047072070BC70473F
:10C83000F8B5002830D0036806466BB3406858B39B
:10C84000B3684BB300250F46FF2429460EE0FF2CAA
:10C8500019BF2B1B013301232C469F421DD00135EC
:10C86000B368EDB29D42294616D2706802F002FD0F
:10C87000BFF35F8F0028EAD0FF2C0BD0AC4209D267
:10C880003368214630460BB1FFF7A4FF0134E4B210
:10C89000AC42F5D1FF24E2E7FF242046F8BD00BFFB
:10C8A000A8B102689AB142688AB1FF2938B50D462D
:10C8B0000BD00446BFF35F8F104602F0F5FC20B1A9
:10C8C000E368206803FB050038BD002038BD002068
:10C8D000704700BF18B103680BB1FFF77BBF70470B
:10C8E0007EDF70477FDF704786DF704710B50446F4
:10C8F000408803F093FDA0802046BDE8104000F082
:10C900006FBD00BF00B587B0002304220193ADF8CE
:10C9100006000DEB0200CDE90233CDE904338DF8BA
:10C920000420FFF7E3FF07B05DF804FB30B50E4DC0
:10C9300087B0002403948DF80C10ADF80E202978F0
:10C940000194224603250494ADF806008DF81030BA
:10C95000029405948DF80450FEF7DEFA01A8FFF763
:10C96000C5FF07B030BD00BF5923002030B5134BC1
:10C970000A1C87B018BF01220C4619780546FEF73D
:10C98000CBFA0F4BA4F10102B2FA82F219782846D1
:10C990005209FEF7C1FA0023012201A80193039373
:10C9A000ADF806508DF80C400293CDE904338DF8B4
:10C9B0000420FFF79BFF07B030BD00BF5B230020C2
:10C9C0005A230020F0B51D4B87B00D461978164646
:10C9D0000446FEF785FA38B9014633462A46204612
:10C9E000FFF7A4FF07B0F0BD154B20461978FEF7FE
:10C9F00077FA04F5807300284FF0070198B214BF4E
:10CA000001270227FFF7F2F878B105280DD000239F
:10CA1000CDE901330390CDE9043301A80723ADF834
:10CA200006408DF80430FFF761FF33462A46394649
:10CA30002046FFF77BFF07B0F0BD00BF5B2300205F
:10CA40005A230020024B0A781978FEF765BA00BF16
:10CA500058230020F8B5184C2378182B28D0174DF0
:10CA60002B78182B20D0164E3378182B18D0154F52
:10CA70003B78182B10D02378182B0BD02B78182B41
:10CA800008D03378182B05D03B78182B0CBF032027
:10CA90000020F8BD0320F8BDFEF718FA3870EAE769
:10CAA000FEF714FA3070E2E7FEF710FA2870DAE7C2
:10CAB000FEF70CFA2070D2E7592300205B230020F8
:10CAC0005A230020582300202DE9F0418AB00E4659
:10CAD00017460546FEF74AF920220446002102A81F
:10CAE00008F030F8012C10D054B1002E6AD1852105
:10CAF00002AB28460022FFF7F5FE0AB0BDE8F08140
:10CB000043F202000AB0BDE8F081DFF8D0800022D5
:10CB100098F800102846FEF7FFF9002E5AD0284654
:10CB200003F07CFC4FF6FF73984229D13378DA0783
:10CB300058BF002139D505F5807080B26B460122BF
:10CB40000721FEF7EBFF1128D7D000283ED1014680
:10CB50005022019807F0F6FF01991F4A0B4601F198
:10CB6000180C03F8344B284605974F1C11310293DB
:10CB7000CDE906C7099203F067FC48BB014617E000
:10CB800098F800102846FEF7ABF90028CED12846C9
:10CB9000FFF7B8FE98F800102846FEF7A1F9002824
:10CBA000C4D13378DB0715D485210B4B0597099346
:10CBB000012C9DD102AB32462846FFF793FE0AB006
:10CBC000BDE8F081284603F029FCAFE7032094E795
:10CBD000082092E78521EDE76043002058230020DC
:10CBE00038B50C460546FEF7C1F801280AD13CB11C
:10CBF00021462846FFF774FE042808BF112038BDDF
:10CC0000204638BD43F2020038BD00BF2DE9F04791
:10CC10000388113B88B00446092B2ED8DFE803F0C7
:10CC2000522D05682D2D2D2DA1308088FEF79EF800
:10CC3000012811D1227AA588BA4B12F0010F08BF42
:10CC40000226024618BF012628461978FEF764F925
:10CC500031462846FFF78AFE34F8041F04340023C7
:10CC600003A805220594CDE90333CDE90633ADF8D9
:10CC70000E108DF80C20FFF739FE08B0BDE8F087E4
:10CC8000A94B80881978FEF72BF905460028F4D1C6
:10CC9000A088FEF787F8002800F0DA80A14BA08872
:10CCA00019782A46FEF738F9A388ADF80E3003A8A4
:10CCB00002238DF814508DF815508DF80C30FFF7C5
:10CCC00015FEDAE7037A8588964A3D2B284641F21D
:10CCD0003D03117814BF4FF488541C46FEF700F949
:10CCE0000028CAD0214628460022FFF76BFEC4E781
:10CCF00000F11006304603F0DFFB4FF6FF73984259
:10CD00000546074678D00146A08803F001FCA788B5
:10CD1000844B384619780122FEF7FEF83846002188
:10CD2000FFF724FE284601AA0721FEF7F3FE00289C
:10CD300075D0002500231A462946A088FFF7D4FDA8
:10CD400008289AD0002840F08B80A37EDB0794D57A
:10CD5000002D92D1A0882B4641F20602FFF7E6FD96
:10CD60008BE7704B057A1978868875B1427A304620
:10CD700002F00304FEF7B4F800283FF47EAF224629
:10CD800029463046FFF71EFE77E72A463046FEF773
:10CD9000C3F8637A13F004034CD006F58077BFB272
:10CDA000384601AB01220721FEF7B8FE8046002875
:10CDB0005CD003AF072338460395CDF814808DF877
:10CDC0000C30ADF80E600495CDE90655FFF78EFDE9
:10CDD000637AA1888DF8155013F0040F0CBF02225E
:10CDE000012202233846ADF80E108DF814208DF87C
:10CDF0000C30FFF77BFD40E7A08803F00FFBB4F891
:10CE00000480484B0546197840460122FEF784F815
:10CE100040460021FFF7AAFDBD428AD082E7A37EEB
:10CE2000D90786D5029D95F84430DA0740F1B980DC
:10CE300034357FE7A288ADF80E2003A802228DF8D2
:10CE400015308DF80C208DF81420FFF74FFD14E7F6
:10CE500001460123A08841F20602FFF767FD0CE7B7
:10CE60000590A188002303A80722FCE6304603F0C2
:10CE7000D5FA4FF6FF739842054681461DD0C1464C
:10CE800038462A460721FEF7BBFE034600284FD14D
:10CE9000637AA288ADF80E2013F0040F0CBF0221B4
:10CEA00001210222012303A88DF814108DF80C2013
:10CEB0008DF81530FFF71AFDDFE60146029803F002
:10CEC0008DFA4845054682465FD0DFF860A00146EE
:10CED000304603F01DFB9AF800103046FEF700F8CC
:10CEE00081460028CBD13046FFF70CFD9AF80010A0
:10CEF0003046FDF7F5FF0028C2D1637AA1888DF88E
:10CF0000150013F0040F0CBF02220122022303A814
:10CF1000ADF80E108DF814208DF80C30FFF7E6FCFC
:10CF2000ABE600BF592300205B23002058230020DC
:10CF3000862803AF3ED04FF00008384605930723FC
:10CF4000CDE90388CDE906888DF80C30ADF80E6088
:10CF5000FFF7CCFC637AA1888DF8158013F0040FDD
:10CF60000CBF0222012202233846ADF80E108DF8C4
:10CF700014208DF80C30FFF7B9FCB9F1000F3FF425
:10CF80007CAE284603F0CEFA77E6FEF7DFFB50458D
:10CF9000054632D02946304603F0BAFA4FF001096F
:10CFA0006EE7314605F1460003F06CFA00287FF485
:10CFB0003FAFBEE6002338460622CDE90333CDE974
:10CFC000053307938DF80C20ADF80E60FFF78EFC4B
:10CFD000637AA288ADF80E2013F0040F0CBF022173
:10CFE00001210222012338468DF814108DF80C20FF
:10CFF0008DF81530FFF77AFC3FE603AF04230722D4
:10D000003846CDE903880593ADF80E60CDE9068872
:10D010008DF80C20FFF76AFC637AA1888DF81580E3
:10D02000DAE600BF28B3027802F08203802B1ED01C
:10D03000C2F30213042B1AD802F0F203322B16D0DB
:10D04000437881788B4212D8062B10D910290ED83C
:10D05000C17810B411F0040405D10379580702D443
:10D060000B43190706D500205DF8044B70470020DC
:10D070007047704703F00300D30703D5003018BF93
:10D080000120F1E7B0FA80F04009EDE731F0080344
:10D0900023D0112921D070B58AB000230D2906466E
:10D0A00015460C46CDE90533CDE90733099315D074
:10D0B00003F0B4F90723ADF81660ADF8180005AD1C
:10D0C0008DF814300FCD6E460FC62B68336068465E
:10D0D0000294FFF70DF80AB070BD704703F09EF997
:10D0E0000323ADF81660ADF8180005AC8DF81430C8
:10D0F0000FCC6E460FC6236833607DB12B7813F0DA
:10D10000010F0CBF0222012241F2011368468DF883
:10D110000820ADF80A30FEF7EBFFDCE70222F3E768
:10D120002DE9F043244B8FB00025CDE90A551B684B
:10D13000099309AC0746894694E807000DF10408F5
:10D1400088E807003846C4E90355C4E90155099544
:10D1500003F064F90523ADF82800ADF826708DF8CA
:10D1600024300FCC04AE0FC62368336004A8CDF87A
:10D170001890CDF81C80FEF7BBFF104B01991A6880
:10D180003846FFF7A1FC0E4BA0F11102B2FA82F271
:10D190000446197838465209FDF7BEFE094B2A4667
:10D1A00019783846FDF7B8FE21463846019AFFF750
:10D1B0006DFF0FB0BDE8F083AC430020A04300201A
:10D1C0005F2300205E2300200021FFF7A9BF00BFDE
:10D1D0002DE9F04706468EB0904699460D46002947
:10D1E0004DD1384B0A911B6809930B9109AC94E817
:10D1F00007000DF1040A8AE807003046C4E9035528
:10D20000C4E90155099503F009F90527ADF828008F
:10D21000ADF826608DF824700FCC0DF1100CACE841
:10D220000F002368CDF81CA004A8CCF80030FEF74E
:10D230005FFF254BDDF804A01B785BB342465146E7
:10D240003046FFF7CDFC11280446204B27D00022A2
:10D2500019783046FDF760FE0B2C19D012D8BCB1FE
:10D26000082C15D00327B9F1000F04D052462146EF
:10D270003046FFF70BFF38460EB0BDE8F0874FF0A1
:10D28000000ADBE70D2C03D043F202039C42E9D1F4
:10D290002746E8E79DF80D30002BCFD1EBE7197852
:10D2A00001223046FDF738FE094B2A4619783046F0
:10D2B000FDF732FE074B424619783046FDF72CFE4B
:10D2C0000027D0E7AC430020224700205E23002047
:10D2D0005D2300205C230020094B70B519780446BB
:10D2E000FDF7FEFD074B054619782046FDF7F8FDD2
:10D2F0002A46014601232046BDE87040FFF768BF7B
:10D300005C2300205D23002000293AD0F0B583B0D3
:10D3100005460C46FDF730FD064670B3284603F07F
:10D320007DF8A6F102062378B6FA86F64FF6FF726C
:10D33000821A4FEA561618BF012266F3000362F301
:10D34000C303237007462846FDF72CFD237860F3BE
:10D35000410323702846FDF739FD237860F38203EB
:10D3600023702846FDF746FD68B10120237860F35D
:10D3700004130020237003B0F0BD43F2020003B099
:10D38000F0BD0E2070472846FDF70CFD0028EDD0BB
:10D3900038466A460721FEF7BDFB20B9019B93F88A
:10D3A0004430DB07E1D40020E0E700BF10B582B0D5
:10D3B00002ABE02203F8042D0C461946FFF7A4FF48
:10D3C00022789DF8041030B932EA01030CBF012025
:10D3D000002002B010BD0023184602B010BD00BFEF
:10D3E00030B50378052B83B0044614D0122B04D03B
:10D3F0002046FEF77DFE03B030BD184B40881A680A
:10D400007AB1FDF7CFFC014668B960880A4601236E
:10D41000FFF7DEFEECE781684088FFF781FE03B08E
:10D4200030BD0121F3E7227A60880025C2F3400174
:10D430002B4661F38203C2F3000161F3C303C2F31D
:10D44000800202A962F3041301F8043DFFF7AEFF66
:10D4500080F00102D2B229466088D8E7AC430020B0
:10D4600008B50378083BDBB20B2B06D8012202FA81
:10D4700003F340F60F02134200D108BD064B0749E3
:10D4800018780022FDF772FD054B06491878002236
:10D49000BDE80840FDF76ABD5F230020C9D1030045
:10D4A0005E230020D9D2030010B5174C2378182B27
:10D4B0000DD0164C2378182B10D0154C2378182B30
:10D4C00013D0144C2378182B16D0002010BDFDF774
:10D4D000FDFC20700D4C2378182BEED1FDF7F6FCE7
:10D4E00020700B4C2378182BEBD1FDF7EFFC20704C
:10D4F000084C2378182BE8D1FDF7E8FC1828207099
:10D5000008BF0320E1D110BD5E2300205C23002072
:10D510005D2300205F23002008B5FFF777FB074B52
:10D52000074918780022FDF721FD064B06491878B7
:10D530000022BDE80840FDF719BD00BF5F230020B1
:10D54000C9D103005E230020D9D2030010B50446E0
:10D5500070B1FFF767FD88B1094B20681860217929
:10D560000848094A1971012103601170002010BD9B
:10D570000449054A08600121117010BD072010BD43
:10D58000A4430020AC43002022470020FFF75ABAF2
:10D5900000230A461946FFF71BBE00BF10DF704785
:10D5A00011DF704710B582B004460C496846FCF79D
:10D5B00013FF019B2BB90DE06846FCF717FF019B99
:10D5C00043B1D3E90021204690470028F4D111202F
:10D5D00002B010BD002002B010BD00BF9C8004004E
:10D5E00010B582B0044609496846FCF7F5FE019B78
:10D5F0004BB1D3E90021204690476846FCF7F6FE80
:10D60000019B002BF5D102B010BD00BFB480040017
:10D610000B4991F81623EC2352091341DB070BD574
:10D62000084B9A6822B11A6842F480021A60704767
:10D630004FF480030B60704742F2020000F004BD1B
:10D6400000E100E034470020F0B51B4D2C7883B09A
:10D650001CBB1A4F012620463E70FFF7A3FF11287E
:10D6600018D02046FFF7BCFF02A8154B00F8054D67
:10D670001B68019300F0F8FC124901A8FFF78EFF28
:10D68000B0FA80F304465B099DF803002B7000F0AC
:10D6900011FD34B1204603B0F0BD0824204603B08C
:10D6A000F0BD094B3C701C70FFF7B2FF3046FFF72E
:10D6B00097FF204603B0F0BD2447002023470020F9
:10D6C00098800400A1B0020025470020F0B51F4D4E
:10D6D0002B7883B083B301231D4E18463370FFF7B8
:10D6E00061FF112824D00220FFF77AFF02A800274B
:10D6F00000F8017D00F0B8FCFFF752FF04469DF8EA
:10D7000007002F7000F0D6FC9CB9124B34709A6859
:10D71000B2B9114B4FF48002C3F88020BFF34F8F92
:10D72000BFF36F8F0320FFF75BFF204603B0F0BD10
:10D730000024204603B0F0BD0824204603B0F0BD0D
:10D740001A6822F480021A60ECE700BF2447002028
:10D75000234700203447002000E100E0054B1B7800
:10D7600033B1054B1B780BB9FFF76EBFFFF7AEBFA8
:10D77000082070472347002024470020014B1878D9
:10D78000704700BF244700200B4B1B7873B10B4B35
:10D790009A6862B90A4B4FF48002C3F88020BFF345
:10D7A0004F8FBFF36F8F074B01221A7070471A68B3
:10D7B00022F480021A60F6E7244700203447002054
:10D7C00000E100E02547002010B5084C237813B194
:10D7D000074B1B7803B910BD064B4FF48002C3F80A
:10D7E0000021FFF715FF0023237010BD25470020FF
:10D7F0002447002000E100E0034B1B7813B1034BEA
:10D8000018787047012070472447002025470020E2
:10D8100000B583B068460849FCF7DEFD019B43B1C3
:10D82000D3E9002090476846FCF7E0FD019B002B00
:10D83000F6D103B05DF804FBA8800400FFF7E8BF51
:10D8400060DF704769DF704761DF7047134B1B78FB
:10D850001BB330B5124D91B034240DF1020103A871
:10D86000ADF80240FFF7F0FF88B9294601A8FCF7A0
:10D87000B3FD029B002BF0D0D3E9002103A8904711
:10D8800001A8FCF7B3FD029B002BF5D1E5E70528C5
:10D8900001D000F0D9FB11B030BD70472647002001
:10D8A000C0800400002942D070B584B00023214A12
:10D8B0000A60CDE901330C46012501A98DF8040069
:10D8C0000626202003938DF80650ADF80860FFF778
:10D8D000B9FF01A9226801934020CDE902338DF8F8
:10D8E0000550FFF7AFFF01A92268039328460425DE
:10D8F000CDE901338DF80450FFF7A4FF0DEB0501CE
:10D90000226802934FF4E465A12003930195FFF789
:10D9100099FF2268019301A90124A020CDE90233D7
:10D920008DF80440FFF78EFF184604B070BD0E203E
:10D93000704700BF3020002008B5FFF781FF10B905
:10D94000014B01221A7008BD264700204BDF7047AB
:10D9500010B5114C84B001A8FFF7F8FFA8B9214613
:10D9600002A8FCF739FD039B002BF4D0D3E900217A
:10D970000198904702A8FCF739FD039B002BF5D1D5
:10D9800001A8FFF7E3FF0028E9D0052801D000F047
:10D990005BFB04B010BD00BFCC80040000207047CA
:10D9A000A8DF7047ADDF7047AEDF7047B0DF70476C
:10D9B00062DF70473CDF70473DDF7047704700BF54
:10D9C000F8B10388112B17D010D9F0B5512B89B0BD
:10D9D000044618D0532B07D1314DC288EB889A42A8
:10D9E00002D12B7E002B44D109B0F0BD102B09D100
:10D9F0002B4B82889A807047294B81889A88914264
:10DA000033D070477047264D8388A8889842EBD161
:10DA1000A379022BE8D12189EA889142E4D1A27B43
:10DA2000043A022AE0D9002601AF02AA69890293CA
:10DA3000CDE90466CDE906668DF810300397FFF74F
:10DA4000B1FFF0B140F2FD13ADF8143004A9A8887D
:10DA5000FFF7ACFF1128F9D0BDF81430002BC3D16B
:10DA600004F1080000F046F9BEE74FF6FF729A8015
:10DA7000704700F0C9F90028B6D06B6902209847BA
:10DA8000B2E73846FDF790FA0028DBD09DF8163053
:10DA9000ADF8146043F001038DF81630D6E700BFEF
:10DAA000B043002030B5144B87B0DA888DF80500FC
:10DAB00002248DF806109888ADF808200023032171
:10DAC000CDF80A302025ADF80E300DEB040201AB85
:10DAD000ADF8021002A98DF804508DF80A40CDE986
:10DAE0000423FFF761FF20B9BDF80230032B18BFF4
:10DAF0000C2007B030BD00BFB043002010B54FF080
:10DB0000FF310020FFF758FF044608B1204610BD42
:10DB1000B121FFF74FFF04460028F7D1044B012045
:10DB20005B6998470220FCF7FFFB204610BD00BF51
:10DB3000B043002030B51A4B05460FCB87B002AC7E
:10DB400084E80F004DB32A68164B4FF6FF70002192
:10DB50005A6198801976EAB1124800F083F808B14A
:10DB600007B030BD06A94FF6596321F8143D0123D3
:10DB700018460D4A8DF80630FFF712FF0028EFD146
:10DB800020460849FFF714FF0028E9D1054800F0B6
:10DB900087F8E5E7054A5A61DEE70E2007B030BD99
:10DBA000D8800400B0430020B2430020BDD9030058
:10DBB000B2DF70474FF0020C00DF704710B50E4C1B
:10DBC0002368BBB11A7EAAB10278082A0AD0092AB2
:10DBD00010D1FFF793FF68B1236802205B69BDE8AD
:10DBE00010401847027A012A04D11A69013A1A61D1
:10DBF000002AEED010BD00BF3047002017490B6847
:10DC000053B34B6843B370B50831984708280446AE
:10DC100021D0134D2B6888B100221A765A7606213E
:10DC20000120FFF73FFF18B12B6803205B6998477D
:10DC30002B6802205B69BDE87040184701215876C7
:10DC400019760846FFF72EFF28B12B6803205B6981
:10DC500098472B681C7670BD704700BF0C440020AD
:10DC600030470020034620B1034A04481360FEF702
:10DC700097BA0E20704700BF30470020BDDB03007D
:10DC800008B501F0B1FD00B108BD0448FFF792FFEF
:10DC90000028F9D1BDE8084001F0B6BD0C440020D1
:10DCA00030B589B004461E2200210DF1020006F0B5
:10DCB00049FF2246608812F8063B8DF802300425A1
:10DCC00028240123ADF800508DF80D406946022448
:10DCD00017258DF810308DF80C308DF81130ADF817
:10DCE00004508DF813408DF81240FDF761F909B02A
:10DCF00030BD00BF2DE9F042047B012C96B01FD14E
:10DD00003E4D2F68797E064659BB02A8502206F088
:10DD100019FFB88801A9FEF7A1FA48B9BDF80400B7
:10DD20004FF6FF73984265D002A9FEF77BFB18B34C
:10DD30001128347B1ED00F2814BF0421072101E0D5
:10DD40002E4D02212046FFF7ADFE18B12B680320AF
:10DD50005B6998472B6802205B69984716B0BDE85D
:10DD6000F08220460621FFF79DFE0028F6D01128FC
:10DD7000347BE0D10621E5E70DF1580C204F5CF82B
:10DD80004F0DDCF80410DCF80820DCF80C30BCF88F
:10DD900014900FC70DF13C0EDCF810003860BEE89F
:10DDA0000F009CF816C087F806C007F1080CA7F80A
:10DDB0000490ACE80F009EE8070016AB8CE8070063
:10DDC000082223F8522D2A6807F1240190881A4668
:10DDD0002346FFF7EDFE0028AAD10A49A7F1140057
:10DDE00051F8083B98470028A2D12B685C7616B002
:10DDF000BDE8F082347B0721A4E700BF3047002054
:10DE0000D04300200C44002010B5064C23680020AD
:10DE10005B6998472468FDF7BFFF206102F08CF929
:10DE2000002010BD30470020A8DF7047F0B507463E
:10DE300089B014461E460D46E9B114B9204600F0DB
:10DE400003F91E2200210DF1020006F07BFE0C4BAF
:10DE50000E9A1888ADF8007002236946ADF80440A8
:10DE6000ADF8064002958DF811608DF80D30FDF784
:10DE70009FF809B0F0BD084600F0E6F8DDE700BF06
:10DE80000047002070B586B006A941F60A0321F8C4
:10DE90000C3D01230446624A8DF80E301846FFF708
:10DEA000C3FF0546002869D12288002A69D122894A
:10DEB000002A40F08D80228A002A40F09680228B32
:10DEC000002A40F09F80228C002A69D1228D002AEE
:10DED00072D1236B1BB3D3E90021160A100C8DF805
:10DEE0001410110E8DF811608DF810208DF81200AD
:10DEF0008DF8131099684B4A94F83C308DF8151042
:10DF0000080A0E0C00928DF81600082204A942F6A9
:10DF100023208DF81760FFF789FF00283CD1616B43
:10DF200051B141480A7994F83C300968009042F6B2
:10DF30002A20FFF77BFF78BBA26BFAB113788DF82C
:10DF4000103053888DF811301B0A8DF812309388E9
:10DF50008DF813301B0A8DF8143094F83C30D488B7
:10DF6000324A0092250A072204A942F650208DF871
:10DF700016508DF81540FFF759FF0546284606B0A4
:10DF800070BD2B4894F83C306168009042F629201F
:10DF9000FFF74CFF00288AD00546284606B070BD22
:10DFA000244894F83C30616A009042F62620FFF73E
:10DFB0003DFF00288AD0EFE71F4894F83C30E16A23
:10DFC000009042F62820FFF731FF002881D0E3E7D8
:10DFD0001A4894F83C30E168009042F62420FFF79C
:10DFE00025FF00283FF467AFD6E7154894F83C308A
:10DFF0006169009042F62520FFF718FF00283FF4E2
:10E000005EAFC9E70F4894F83C30E169009042F6F2
:10E010002720FFF70BFF00283FF455AF0546BCE76C
:10E02000004700205844002040440020384400208D
:10E030002844002018440020504400203044002090
:10E04000484400202044002000B585B00023039000
:10E05000194601AA44F20100CDE90133EDF720F899
:10E0600005B05DF804FB00BF70B4EFF3108472B626
:10E070000D4B9A68AAB90D490D4E01259D60D1F846
:10E08000805035401D60C1F88060D1F884505D60DB
:10E090004FF0FF33C1F88430027004B962B670BC2F
:10E0A000704701230370F8E73447002000E100E0E7
:10E0B000FC06FFBD094B9A687AB170B910B4EFF352
:10E0C000108172B6064A1C6814605C6854609860DF
:10E0D00001B962B65DF8044B7047704734470020C1
:10E0E00000E100E070B50A4C0A48626886885388EF
:10E0F000016882B0033300209BB2009003259B008F
:10E1000001EB86010448257001F078F902B070BD7A
:10E1100084440020504500208C230020014608B58F
:10E120000548FCF7B5F80022026042608260C260D8
:10E1300002614261826108BD3C4500201D4B0A68B6
:10E1400000EB800003EB80035B6803F5805072B343
:10E150005388033302EB8302824217D213680133E0
:10E1600014D05388033302EB830398420ED330B4A8
:10E170004FF6FF759488AC420AD0148844B1946875
:10E18000013405D001200A6030BC70470020704780
:10E19000984209D91A6801321A4605D05C880334BE
:10E1A00003EB84039842E5D2002030BC704703F1B2
:10E1B0000802D1E79C440020F0B5426883B01AB150
:10E1C0001F4BDC68A2421FD200270E4605460F8077
:10E1D0000197002005E0019B2A689C6894420DD0BD
:10E1E000308801A9FFF7AAFF0028F4D13388013352
:10E1F0009BB23380002BEBD003B0F0BD114A6B60B3
:10E2000013892B8103B0F0BD1B699A42DCD812F050
:10E210000303D9D10B4C05892489A542D4D10568C3
:10E220009468A542D0D108484068824206D900F5DA
:10E230008050824202D20B800120DDE71846DBE7E6
:10E240008C230020844400209C4400202DE9F041D0
:10E250009C8854B9DFF8648017460E4605461C4674
:10E2600098F8000058B10123A38048F20960BDE886
:10E27000F08186B11988328891420CD0A08821465D
:10E28000FFF75CFF80B12368002DF2D099882A88BF
:10E290009142EED0F2E708499A6809893981C7E9C5
:10E2A00000230020BDE8F081A388206001339BB2E9
:10E2B000A380002BD4D0D8E7844400209C440020C5
:10E2C00030B40E4C0E4A638803EB830302EB8302E7
:10E2D000D3685BB10B4B0C481968022205259A8064
:10E2E00025700023012230BC01F0BCB80425516820
:10E2F00025700548012230BC01F0B4B884440020E8
:10E300009C440020504500208C23002008B5074B7A
:10E31000191D5888FFF712FF18B9BDE80840FFF72C
:10E32000CFBFBDE80840FFF7DDBE00BF844400203A
:10E330002DE9F04FDFF88083DFF880A3DFF880B3AA
:10E34000DFF880938BB00546D8F80040002C00F031
:10E35000898023785A1E052A60D8DFE802F05237F8
:10E36000371C1C03002D40F0B88099F80B2099F859
:10E370000030002A00F03781013B89F80B50062B52
:10E3800000F2A482DFE813F034038C02AF01C40171
:10E39000A2028F027202002D40F01C812779012F0A
:10E3A00000F05581C0F02C8105AE022F0595C6E91D
:10E3B0000255356140F09E802846023B0690042BB2
:10E3C00035D8DFE803F07E6A5E579300A68AA07D09
:10E3D000002D40F0E080B700AD4DB91905EB81018B
:10E3E000B1F808C04A6802EB8C02062800F2D2821B
:10E3F000DFE810F01702C201D301E801FC0191012E
:10E40000B701002D40F0BB802279032A00F29580ED
:10E41000DFE812F0A9005A019E007300002305AE48
:10E42000C6E9033348F20E62B36005930692994C35
:10E4300004F1100554F8043B304603B19847A54257
:10E44000F8D1514600255846C8F80050FBF744FF64
:10E450000121914800F0B2FF00287FF475AF0BB0A6
:10E46000BDE8F08F51465846FBF72CFF0446C8F82C
:10E4700000006EE7E388ADF8203004238DF81430F7
:10E48000D5E70323E18822898DF81430E3680793E8
:10E49000ADF82010ADF82220C9E7A37D2289A0881D
:10E4A000E168ADF82020A3F10603B3FA83F35B091A
:10E4B00002228DF82430ADF8220007918DF8142047
:10E4C000B5E701232189A2888DF81430E36807930A
:10E4D000ADF82010ADF82220A9E705AE0023B36007
:10E4E0000593C6E903334FF40643069305238DF8DD
:10E4F00014309CE748F20E605FE7684E684A316866
:10E500006848634D002727710823009700F076FFC5
:10E51000B9F802303468B18803EB830305EB83025A
:10E5200005F8237053683360022354601181B3806F
:10E53000002894D0D8F8004023785B4905AE00222B
:10E540004A600592C6E90222326148F20D6034E762
:10E55000524A5448116800232371022494800122F6
:10E5600000F080FFE4E74D4B504A19684D48012305
:10E57000237100230093082300F040FFD8E705AE85
:10E58000494A002353600593C6E9023333614FF4CF
:10E59000064306934BE70228E28876D9B7003C4D44
:10E5A000B81905EB8000D11CB0F808C061440181A6
:10E5B0003E4405EB8605C2F57F42698905AEFD3212
:10E5C0000A4400216A81B1600591C6E903114FF444
:10E5D0000640F2E605AE0022B2600592C6E90322CB
:10E5E0004FF40640E9E6072B00F2C081DFE813F0A4
:10E5F0007701BE01BE014D01AD013E013E01A70103
:10E60000022305AE23713046E36805930DF1120134
:10E6100006950795FFF7D0FD002800F01D810699AB
:10E62000234A8B88E3800B8823811E4800950423AE
:10E63000BDF8124000F0E2FE002840F0D481144BF7
:10E6400004EB840403EB84040123237407E7164BD3
:10E650001B78002B00F0F38005AE164B324629469E
:10E66000A01DFFF7F3FD002800F0C58148F2096303
:10E67000104A9842C2E900553DD1C6E90055C6E9A5
:10E68000025535612846237897E6014DB7008FE79C
:10E690009C4400206C4400204C4500205045002044
:10E6A000EC8004008C2300207C440020F4800400D3
:10E6B000E88004005C45002098440020904400203D
:10E6C0003C45002084440020B44D2B78022B40F0C0
:10E6D000778100236968B24A0093B2482B700823FF
:10E6E00000F08CFE24E7FFF7FDFC00283FF4B7AEF6
:10E6F000D8F8004005AE002241F61D512378326162
:10E70000C6E90022C6E90222884208BF104654E644
:10E71000FFF7D6FDE9E7A44BA44A1B8803934FF00B
:10E72000060C0023516884F816C0A14A00939D4846
:10E73000042300F063FE002800F04D81A27DE388F1
:10E74000022A48F20D600FD83E4405EB8605C3F55A
:10E750007F436A89D8F80040FD3313446B8105AECE
:10E76000C9E7E38841F61D50B91905EB8101DA1CB0
:10E770000C8922440A81E7E7032B0CBF05230623FB
:10E780000020A375111D0090042304F108028548A0
:10E7900000F034FE0028D1D161E623698148002BC6
:10E7A00014BF032301234FF0000CA37502F10801ED
:10E7B0000423CDF800C004F10C0200F01FFE002875
:10E7C000BCD14CE6E38877484FF0010C84F816C0C2
:10E7D0004FF0000C02F10C019B002269CDF800C043
:10E7E00000F00CFE00283FF43AAEA7E76F4BA0699B
:10E7F0000392186000226C495A601846FFF7DCFC4F
:10E80000039A002800F009810223A375114604230E
:10E81000002200926348E21800F0F0FD00288DD13C
:10E820001DE602230020A375042311460090E21880
:10E830005C4800F0E3FD00283FF411AE7EE75D4B3D
:10E840000595C3E9005505AE237848F20160C6E995
:10E850000155C6E90355B0E548F209600023C6E951
:10E860000033C6E9023333612378A6E5524B534A9D
:10E8700019684C48002300930724C9F80430082382
:10E8800089F8004000F0BAFD2FE74B4AD9F8041090
:10E890009388498803330B440221938089F8001040
:10E8A000FFF734FD21E7B9F802203C4D93001344F3
:10E8B00005EB830500236968394A00930624082381
:10E8C000384889F8004000F099FD0EE705AE0023B6
:10E8D000B3600593C6E9033348F20E6305E62F4D96
:10E8E000B9F808202B780132B3FA83F300215B09D1
:10E8F000A9F80820012289F80A30A9F8021089F83D
:10E900000B1089F800204BB1244DEB68002289F8E8
:10E910000A201BB92A7C002A40F0898005AED8F86D
:10E9200000400020706089F80000A9F80200C9F8D2
:10E9300004000590C6E90200306123783DE501231B
:10E9400089F8003099F80A30DDE7B9F80220134D54
:10E9500019489300991805EB810104684F6886886F
:10E960004C60022407600E818480A0E7013B062BE7
:10E97000ACD801A252F823F0F1E90300A1E80300AA
:10E98000E7E6030011E70300CDE80300A7E8030072
:10E990006DE80300E38848F20E60E5E69C44002041
:10E9A000EC8004008C2300200247002060440020FB
:10E9B000E88004005C45002050450020F4800400FD
:10E9C0001D4A05AE01231370002353600593C6E969
:10E9D00002333361DDE5039B03EB830B05EB8B0512
:10E9E00001232B743BE5D8F8004048F20D6035E771
:10E9F00099F80A3087E7114C00950699104A11489A
:10EA0000A488042300F0FAFC0028ECD10E4B04EBA0
:10EA1000840403EB8404277421E505AE0590C6E960
:10EA20000100C6E90300237848F20960C5E4A9F8AB
:10EA30000230FFF76BFC58E67C4400205C45002068
:10EA4000E88004008C2300209C4400204068FFF7ED
:10EA50006FBC00BF08B50121044800F097FC00B16D
:10EA600008BDBDE80840FFF763BC00BF4C4500206F
:10EA70002DE9F0474E4C247882B0002C4FD000296D
:10EA800069D00D884FF6FF74A54243D04C88002C06
:10EA900040D04C68A40763D1002A45D0B2F800905A
:10EAA0005788804601A81E460C46FFF737FB0546EF
:10EAB00000285DD0636803614FF0000A0670A0F87B
:10EAC000149080F816A001213A4800F06BFC2288CF
:10EAD0006388AB80032EE8602A81EF8058D0A5F8C8
:10EAE0000AA001A93448FBF7DDFBB8F1000F0BD0F9
:10EAF000324AEB681289C8F800300023A8F80820D1
:10EB0000C8F8043088F80A30FFF7A4FF002002B0EC
:10EB1000BDE8F08748F2036002B0BDE8F08748F234
:10EB2000016002B0BDE8F0870F89FA1C92B240F292
:10EB3000FE34A24219D8224D2E78B6BBB5F80AC0D1
:10EB40002C8964441444A4B2B4F5806F2DD8624477
:10EB50006A81B146A5E748F2046002B0BDE8F087DB
:10EB600048F2026002B0BDE8F08748F20860D3E7DF
:10EB7000134B09EB890903EB8909C7F57F47B9F8FE
:10EB80000A30FD371F44A9F80A7048F20760C3E74E
:10EB9000D8F80030AB610422AA750DEB0201A5F88C
:10EBA0000AA00548FBF77EFBA2E748F20660B3E740
:10EBB0007C440020944400203C45002084440020F4
:10EBC0009C4400208368F0B501334FF002040C80B0
:10EBD00015D01B4F00F580554FF6FF7608304FF0EB
:10EBE000010CB0F802E00EF1030400EB8404A5422E
:10EBF00006D20AB1012313704FF480630B80F0BD7D
:10EC00008388B34216D00388A3B183685C1C11D0FB
:10EC10003C689C4200D23B600B88033373440B80FA
:10EC20004388033300EB83008542E8D9036801334E
:10EC3000D7D1F0BD002AEFD082F800C0ECE700BFCA
:10EC40009444002038B5094B1A68042A0AD01D687C
:10EC5000074C02460121184644F8252000F0A2FB8B
:10EC6000002038BD48F20B6038BD00BF5845002079
:10EC70006C4400202DE9F04F9B4C89B02278002392
:10EC8000CDE90333CDE90533079372B1974C04F115
:10EC9000100554F8043B03A803B19847A542F8D1E6
:10ECA0000025284609B0BDE8F08F201D02F0FF06C0
:10ECB00000F090FB07460028F2D140F6F8731B687D
:10ECC0005D1C00F09D804FF0805211695269DFF8A1
:10ECD00048828749C8F810304046A3F50053002207
:10ECE000C8F80C3000F082FB05460028D9D11C235F
:10ECF0008C2280498048FBF791FAA9464FF0020B1D
:10ED0000AA46D8F80C3019EB030C59F803204CD064
:10ED10007A4B9A4200F0828001324BD078480AEB5D
:10ED20008A0300EB830203210BF1FF3B0AF1010A86
:10ED300000F823101FFA8BFB1FFA8AFAC2F804C0EE
:10ED400009F58059B9F5005FDBD1BBF1010F62D93C
:10ED5000FFB2022F5FD0062F00F09180002F5AD013
:10ED600002A8FFF7DBF9002800F0BA800123013F79
:10ED700003700A2F09D8DFE807F0120812080F08FD
:10ED80000F08150615000223037102A95A48FBF764
:10ED900089FAFFF75FFE84E701230371F5E700239B
:10EDA0000371F2E703230371EFE7531C02D0534BC7
:10EDB0009A42B3D10CF104030CF580511A68013268
:10EDC00003F10403AAD19942F8D14E4B1A68002AE4
:10EDD0007ED04B4ADFF838E10AEB8A0302EB83016D
:10EDE00010460222C1F804C00A8100F823200AF16B
:10EDF0000101AEF802A01FFA81FA47F001079FE770
:10EE0000414B4FF080521B6811695269581C08BF72
:10EE100002FB01F35BE748F20A6542E7DCF80430E5
:10EE20003A498B423AD001318B42BED1002E55D0A7
:10EE3000374A344BA2F802A0314A196801910AEB13
:10EE40008A0E02EB8E010846022102F82E100246BD
:10EE50000AF1010A0198506011811FFA8AFA60468E
:10EE600000222C49C3F800C00193FFF7ABFE019BC1
:10EE70009B88022B14BF082304231F4360E71B4D0C
:10EE800001220023227005F11006636055F8043B4F
:10EE900003A803B19847B542F8D101E70AEB8A020B
:10EEA00017489300002100F822100146184403F18E
:10EEB000100208330A44C0F804C0194460460AF13D
:10EEC000010AFFF77FFE47F002071FFA8AFA37E7C9
:10EED0000222C3F800C09A8001268EE7094BBEE7E4
:10EEE00048F20765DDE600BF7C4400206C4400204A
:10EEF00008810400B04400203C450020DEC0ADDEA7
:10EF00009C4400205045002014100010FE011EF10A
:10EF100084440020544500208C23002010B309B302
:10EF200070B582B00C460DF106010546FFF744F9B5
:10EF3000A0B1BDF806000D4B6E6800EB800003EB3E
:10EF4000800001210C3000F02DFA6B6826600C3334
:10EF5000012200206360AA7202B070BD48F209600D
:10EF600002B070BD48F20460704700BF9C440020AE
:10EF7000F0B110B582B00DF106010446FFF71CF99F
:10EF800090B1BDF806300E4A03EB830302EB830316
:10EF9000DA6882B1A27A72B1DA680021013A0846D1
:10EFA000DA60A17202B010BD48F2096002B010BD73
:10EFB00048F20460704748F2056002B010BD00BF1F
:10EFC0009C44002002230022FFF752BD18B1032306
:10EFD0000022FFF74DBD48F204607047124B1B78CA
:10EFE000DBB14FF6FF73984214D010B582B00446DF
:10EFF00001A8FFF793F898B105220123027003716D
:10F00000C48001A90948FBF74DF9FFF723FD002053
:10F0100002B010BD48F20360704748F201607047CB
:10F0200048F2076002B010BD7C4400203C4500203F
:10F03000114B1B78A3B100B583B001A8FFF76EF8A0
:10F04000A0B10623037001A90C48FBF72BF90C4B68
:10F050001A7842B9FFF7FEFC002003B05DF804FB0C
:10F0600048F2016070470122DA72F3E748F2076064
:10F0700003B05DF804FB00BF7C4400203C45002049
:10F080008444002010B50C4C82B0ADF80600207806
:10F09000ADF8041060B13AB133B101A90DF1060029
:10F0A000FFF7D4F802B010BD48F2046002B010BD02
:10F0B00048F2016002B010BD7C44002000B50E4B48
:10F0C00083B01B78ADF8060083B151B14AB1134645
:10F0D00000200A460DF10601FFF7B8F803B05DF80D
:10F0E00004FB48F2046003B05DF804FB48F20160E1
:10F0F00003B05DF804FB00BF7C44002000B50E4B5C
:10F1000083B01B78ADF8060083B151B14AB1134604
:10F110000DF106000A460021FFF798F803B05DF8EC
:10F1200004FB48F2046003B05DF804FB48F20160A0
:10F1300003B05DF804FB00BF7C44002020B119B18E
:10F1400003680B600020704748F20460704700BFFE
:10F150003F4B1B78002B6ED000286FD0F0B43D4998
:10F160000025C0F80250C0F80650C0F80A504E8979
:10F170000B894C68C0F80E50334402229BB20280C7
:10F180001CB1354A256895425BD001220280CD68CA
:10F1900002894188478932440D4486890281C3F53A
:10F1A000806189B2A26845808E423B4438BF81812C
:10F1B0000132438104F5805104F108032BD06289A8
:10F1C000033203EB820291421BD34FF6FF759A88FC
:10F1D000AA4223D01A880AB39A6801321ED08288C4
:10F1E000013282805A88033203EB8203994212D99A
:10F1F0001A6801320FD05A88033203EB820291421F
:10F20000E5D2C489C288CB1A04EBA30301320121E1
:10F21000C381C28001740020F0BC7047C488C289D9
:10F220000134C4805C8803322244C2815A8803328C
:10F2300003EB8203DAE748F20160704748F20460AA
:10F2400070476568054A2A44012AA0D99DE700BF96
:10F250007C4400209C440020DEC0ADDE02FEE10EB6
:10F2600001F01F024B09012100EB8300914000F0E7
:10F2700075B800BF10B5012301F01F04490900EB68
:10F28000810003FA04F100F05DF8E04000F00100B5
:10F2900010BD00BF01F01F0201234909934000EB9C
:10F2A0008100D94300F066B84B0901F01F0150F806
:10F2B0002300C84000F00100704700BF2DE9F8436B
:10F2C00001F1FF384FEA581300F104080F460646D3
:10F2D00008EB83080446002523686FEA030999FABE
:10F2E000A9F9B9FA89F9B9F1200F18D0A9444F4505
:10F2F0000CD814E02368DB4393FAA3F3B3FA83F347
:10F30000202B05EB03090AD04F4508D94946304662
:10F31000FFF7B0FF0028EDD14846BDE8F88304347C
:10F32000444505F12005D7D1B9464846BDE8F883E4
:10F3300050E8002F0B4640E8003C9CF0000FF7D14E
:10F340001046704750E8002F42EA010340E8003CB5
:10F350009CF0000FF6D11046704700BF50E8003F08
:10F3600043EA010240E8002C9CF0000FF6D1104661
:10F37000704700BF50E8003F03EA010240E8002C5C
:10F380009CF0000FF6D11046704700BF50E8002FE8
:10F3900002EB010340E8003C9CF0000FF6D1104660
:10F3A000704700BF50E8003F03EB010240E8002C2B
:10F3B0009CF0000FF6D11046704700BF50E8003FA8
:10F3C000A3EB010240E8002C9CF0000FF6D11046A0
:10F3D000704700BF012350E800CF4CEA030240E829
:10F3E000002191F0000FF6D16046704720B119B1AD
:10F3F00001600B68114618470E20704750B32DE985
:10F40000F0414AB3D0F800E0BEF1000F27D01D460E
:10F4100073B14768D7F80480B3FBF8F708FB1737D8
:10F4200037B942EA0104A40705D01020BDE8F081F5
:10F430000920BDE8F081C468A142F6D301F1FF3C88
:10F4400004696544A542F0D8DEF80C40A446BDE846
:10F45000F04160470E2070470E20BDE8F081082083
:10F46000BDE8F08100B3D0F800C0F0B5BCF1000FEA
:10F470001CD0AAB14768D7F800E00EF1FF370F4261
:10F4800010D1C768B9420DD34D1E04690EFB025559
:10F49000A54207D8DCF81040A446BDE8F04060471C
:10F4A0000920F0BD1020F0BD0E2070470820F0BDEF
:10F4B00029DF704728DF704703689A6832B330B598
:10F4C0000479856887B00023019102930093CDE908
:10F4D000033305956CB1012C07D1C36841690491D0
:10F4E0001B03022102938DF800106846904707B075
:10F4F00030BDD0E903144369049301258DF8005011
:10F50000CDE902416846904707B030BD704700BF63
:10F510000846704700207047024B187A003018BF29
:10F520000120704700460020034B187A0122B0FAF0
:10F5300080F05A74400970470046002008B5104614
:10F540001A4605F0DBFA002008BD00BF10B5064BD7
:10F5500006480024C3E90044C3E902441C61FAF7E9
:10F5600075FE204610BD00BF00460020F04500207B
:10F5700010B5094C094B43602046FFF72BFF40B9FB
:10F58000FEF7FCF81C2320748C2205490548FAF785
:10F5900045FE002010BD00BF00460020FC80040096
:10F5A00064450020F045002038B5254C237AFBB196
:10F5B000244B1B681A790221217222B3012A0AD135
:10F5C000D3E903021044FFF775FF80B3112802D17D
:10F5D0000123237238BD18460321FFF76DFF002376
:10F5E0002372636018491948BDE83840FAF774BEC1
:10F5F00015491648FAF766FE124A034610600028BD
:10F60000D8D1606038BDD3E90525521BB2F5805FC3
:10F6100028BF4FF48052D3E903109208012A38BF63
:10F62000012229442844FFF743FF0028CED1237C40
:10F63000002BCFD10220BDE8384000F009B800BF50
:10F64000004600201846002014460020F045002007
:10F6500010B5234C237AA3B1022B08D1022811D074
:10F66000032804D1E3680133082B1CD8E360637CD2
:10F670001BB1BDE81040FEF771B8BDE81040FFF7C0
:10F6800093BF10BD174B186803790022E260D3B115
:10F69000012BECD1D0E90432013393420361E6D16E
:10F6A0000021217205E00F4A00231068E3602372F5
:10F6B0000D21FFF701FF0C490C48FAF70DFE637CA2
:10F6C000002BD6D1D9E7D0E90523D11AB1F5805F57
:10F6D00094BF5B1803F580539A428361C7D1DFE77B
:10F6E000004600201846002014460020F045002067
:10F6F000831E012B00D97047FFF7AABF00F0FD035E
:10F70000012B00D07047A0F10100044BB0FA80F04B
:10F710004009002218745A74FFF746BF00460020C3
:10F7200010B5064C201DFFF755FE08B9637C03B1E8
:10F7300010BDBDE81040FFF737BF00BF00460020F6
:10F740002DE9F04383B081460D46114801A91746C3
:10F750009846FAF79DFDB0B1002401232D0B4460BB
:10F7600001A9037104618461C560C0F80090C0F80C
:10F77000088047610648FAF795FDFFF7D1FF20465C
:10F7800003B0BDE8F083042003B0BDE8F08300BF00
:10F79000F04500202DE9F04182B080460F46104828
:10F7A00001A916461D46FAF773FDA0B10024089B77
:10F7B00083604460C0F80080C0E90367456101A927
:10F7C000846104710648FAF76DFDFFF7A9FF204632
:10F7D00002B0BDE8F081042002B0BDE8F08100BFB6
:10F7E000F045002013DF704740F6F8731868421C9C
:10F7F00001D0FFF7F7BF034B1868431CF9D1042071
:10F80000704700BF141000100148FFF7EBBF00BFA6
:10F8100000C00100A0DF7047A1DF7047ADDF704777
:10F82000B3DF7047B4DF704710B50446408800F07E
:10F83000F5FDA0802046BDE81040FCF76FBC00BF7E
:10F8400070B54FF6FF728AB000249042CDE90044B3
:10F85000CDE902440494ADF8020001D10AB070BDB4
:10F86000054600F027FC0B28064629D00FD91128A1
:10F870000BD043F20203984212D12246144B284681
:10F880001978FBF749FB0AB070BD0122F6E738B9D9
:10F890000E2368468DF80030FFF7C6FF3246EDE7CD
:10F8A0000024072305A8CDE905440796ADF81650B6
:10F8B000CDE908448DF81430FFF7B6FF2246DDE7A6
:10F8C0000F2368468DF80030FFF7AEFF2246D5E7DC
:10F8D0002A470020FFF7B4BF2DE9F0474A4E88B011
:10F8E00031780546FBF7FCFA10B108B0BDE8F087A7
:10F8F0000446284600F044FC082839D017D80028D0
:10F9000063D006281DD1284600F088FD00F054FC85
:10F9100000273E4B3A4619782846FBF7FDFA224667
:10F9200031782846FBF7F8FA08B0BDE8F08743F2D3
:10F930000203984215D043F20143984213D0112894
:10F940000FD00023CDE903330590CDE9063303A89A
:10F950000723ADF80E508DF80C300127FFF764FF38
:10F96000D7E70127D5E72846FFF76AFF0127D0E749
:10F970000DF10600FFF754FFBDF80630012BC2D988
:10F98000274601230DF108084FF0020942F6021A3A
:10F9900007E0524529D00133BDF806209BB29A42B8
:10F9A000B1D9414600221846CDE90398FFF73AFF46
:10F9B00042F605210028A6D1BDF80820002FE8D185
:10F9C000571AB7FA87F77F09E5E7CDE90344CDE990
:10F9D000054407941023012403A8ADF80E508DF8B8
:10F9E0000C302746FFF720FF93E7194603AA01AB27
:10F9F00028460493FFF712FF002884D1BDF8043095
:10FA0000002B80D085E700BF2D4700202C47002029
:10FA100010B582B0044600F001FD00236A460921BA
:10FA2000FBF7DCFD052801D002B010BD034B2046DA
:10FA300019780122FBF770FA02B010BD28470020A8
:10FA400030B50E4B83B002AA1B6842F8043D42F663
:10FA5000A624002501236946ADF80250ADF8004008
:10FA60008DF802300446FFF7D5FE28B904491A463E
:10FA700020460978FBF750FA03B030BD2881040016
:10FA80002747002030B5012187B005462648FFF7FB
:10FA90004FFCBFF35F8F08B107B030BD0446284666
:10FAA00000F0BAFA112803461BD012D986282ED0AE
:10FAB00043F2020290421BD11C4B22462846197881
:10FAC000FBF72AFABFF35F8F174B00221A6007B0CB
:10FAD00030BD68B91549024609782846FBF71CFA7B
:10FAE000DAE7124B284619780122FBF715FAE9E705
:10FAF0000024CDE904440722CDE9014401A8039381
:10FB0000ADF806508DF80420FFF78EFED4E70623EB
:10FB1000CDE9014401A8ADF80650CDE903440594B0
:10FB20008DF80430F0E700BF1C4600202B47002072
:10FB300038B5037803B138BD04464088FFF780FE2E
:10FB40006588284600F006FB28B10C4B284619783A
:10FB50000122FBF7E1F96088FFF75AFF084B0949DA
:10FB600018780022FBF702FA02460028E3D1064B80
:10FB700006491878BDE83840FBF7F8B92C47002053
:10FB80002B47002085FA03002847002041FA030094
:10FB9000F0B50378082B83B00ED0294C2078294982
:10FBA0000022FBF7E3F9024620B9274B27491878D2
:10FBB000FBF7DCF903B0F0BD437A0446002BECD12F
:10FBC000057A072D22D0082D31D0012DE5D16A46C6
:10FBD00029468088FBF79EFF06460028DDD1019B61
:10FBE0001B78002BD9D0A08800F08AFC4FF6FF7359
:10FBF0009842D2D0164F124C39782A46FBF78CF92E
:10FC0000324638781349FBF7B1F9C7E780880C4CC6
:10FC100000F076FC4FF6FF7398420546BED00122F5
:10FC20002178FBF779F92846FFF7F2FEB6E70A4A92
:10FC300011680129B1D1BFF35F8F014C1360ADE7AB
:10FC40002B47002085FA03002847002041FA0300D3
:10FC50002C470020D9F803001C4600202DE9F8436A
:10FC6000FBF734F91E4C1F4D2070FBF72FF928705D
:10FC7000FBF72CF91C4E1D4F3070FBF727F938703D
:10FC8000FBF724F9DFF87080DFF8709088F8000047
:10FC9000FBF71CF989F80000FBF718F92378144AE0
:10FCA000182B107019D02B78182B16D03378182BEE
:10FCB00013D03B78182B10D098F80030182B0CD0AC
:10FCC00099F80030182B08D0182806D0094B0020CE
:10FCD0001860BFF35F8FBDE8F8830320BDE8F883A9
:10FCE0002B4700202A4700202C4700202D470020CA
:10FCF000294700201C4600202847002027470020D5
:10FD000070B5114B82B0002422460D4601261978A9
:10FD1000CDF802400923ADF800608DF802300646A8
:10FD2000ADF80640FBF7F8F8084B09493046A54204
:10FD300008BF1946019100F071FB22466946FBF7A6
:10FD4000BDFC02B070BD00BF284700202C8104001C
:10FD50003081040070B503888588353B86B0044641
:10FD60001F2B23D8DFE803F0521022222222222266
:10FD70002222222222222222222222222222222263
:10FD80002222226722862230494E28463178FBF70C
:10FD9000A7F858B1317800222846FBF7BDF8E18872
:10FDA00000296CD000212846FFF7AAFF414C424BA6
:10FDB000424918780022FBF7D9F820784049002200
:10FDC000FBF7D4F806B070BD002611232846CDE914
:10FDD0000166CDE903668DF80430ADF8065005964E
:10FDE00000F01CFBADF8080000F0E6F9354B314C93
:10FDF000197832462846FBF78FF828463246217894
:10FE0000FBF78AF801A8FFF70FFDD0E72E4E284632
:10FE10003178FBF765F80028C8D0002231782846F1
:10FE2000FBF77AF8E288002A31D028460021FFF754
:10FE300067FF204CBBE7037B012BB7D1827A012AF5
:10FE4000B4D1018942F602139942AFD11F4C284622
:10FE50002178FBF761F8002220781D49FBF786F82E
:10FE600002460028A2D11B4B1B491878114CFBF706
:10FE70007DF89CE72846FFF7E3FC0E4C97E7E38903
:10FE8000012B90D1217C003118BF01218BE7A38980
:10FE9000012BCAD1E1892846FFF7BEFC0028C4D156
:10FEA000034A044C117828461A46FBF735F87EE7DA
:10FEB000294700202C4700202A470020D5F80300BE
:10FEC000D9F803002D470020274700202B470020AA
:10FED00085FA03002847002041FA03002DE9F0418C
:10FEE0008CB000F029F901A8FAF7D0FF019EDFF8E5
:10FEF0005480DEB100244FF6FF7703E00134A4B252
:10FF0000B44213D20CAB03EB440333F8285C28460D
:10FF100000F084FAB842F1D101342846012298F861
:10FF20000010A4B2FAF7F8FFB442EBD398F800003F
:10FF3000034900220CB0BDE8F041FBF717B800BF41
:10FF4000D9F803002C470020AFDF7047B1DF7047BE
:10FF5000B2DF7047B3DF704710B50446808800F009
:10FF6000CFFA60802046BDE81040FCF7EBB800BF38
:10FF700070B51D4B1D4C93E80300238888B04FF6E5
:10FF8000FF7501AEAB4286E8030007D122E020886E
:10FF9000FBF7F0FBA842034620801BD01846002246
:10FFA0003146FBF78BFB03460028F0D00022218866
:10FFB00007921128CDE90322CDE90522ADF81010F2
:10FFC00008D0862B03A807D0072205938DF80C20B4
:10FFD000FFF7C2FF08B070BD06238DF80C30FFF7A5
:10FFE000BBFF08B070BD00BF34810400044700208F
:10FFF000044B1A884FF6FF739A4201D0FFF7B8BF3F
:020000040004F6
:10000000704700BF04470020024B4FF6FF721A8072
:1000100000207047044700202DE9F04182B00746D8
:1000200000F0FCF94FF6FF7398423CD006460124DD
:100030004FF003086B46224608213046FBF76EFD61
:1000400003230546F0B9019A3846911D42F8048B06
:10005000FFF77EFF013403460821D8B10C28304653
:1000600003D1A4B2FBF7C2FDE4E70821052B18BFBA
:100070001D46FBF7BBFD002818BF0325284602B02C
:10008000BDE8F081072814BF05460C25284602B0BC
:10009000BDE8F08132463046FBF7B2FD0546284602
:1000A00002B0BDE8F08143F20205284602B0BDE887
:1000B000F08100BF2DE9F04182B0074600F0AEF9B3
:1000C0004FF6FF73984227D10026354603244FF0A0
:1000D00001082346324629463846FFF737FF0428F1
:1000E0000AD008280AD00B280AD0B8F1000F08BFA0
:1000F0000B2002B0BDE8F0811120F6E70020F4E704
:1001000014F0020406D195B12646254603244FF08B
:100110000008DEE70124FAE76A460821FBF7FAFC4B
:100120000028D1D1019DAE882C680635CFE7002E7E
:10013000DFD02E460324EAE708B54FF6FF70FBF741
:1001400019FB034B1880BDE80840FFF711BF00BF43
:100150000447002000B585B00DF10703039300F0BC
:100160005DF902AA0121FBF7D5FC20B9039B1878A1
:1001700005B05DF804FB002005B05DF804FB00BF8E
:1001800038B50C4B04461846FFF7E4FE78B91988D9
:1001900043F203054FF6FF722046FFF7D5FEA84253
:1001A00000D038BD1988013189B21980F2E70320E7
:1001B00038BD00BF0647002010B5074B044693E842
:1001C000030082B06B4683E80300002219462046F4
:1001D000FBF774FA02B010BD3C8104006EDF70477B
:1001E0006FDF704746DF70472DE9F04F9BB050241A
:1001F0000394DDE92459002A5FD0002B58D0002455
:100200001C6001240194002D55D0B9F1000F5FD07E
:100210000024C9F800404FF0010B00240DF118082C
:10022000CDE9044800294AD0C1EBC1015F4614461C
:1002300002EB010A861E9B4625E09DF82910032942
:1002400041D8019959B152F83F1D216091889279A6
:10025000A180A271DBF800200132CBF80020073426
:100260006FB153F84F2D2A6059689A68DB6869604E
:10027000AA60EB60D9F800300133C9F8003054456A
:1002800005F110051BD050220021404604F05AFC15
:1002900003AB04AA072136F8020FFBF79FF920F001
:1002A00002001AAB05281A46C7D11BB0BDE8F08F73
:1002B0000193002DA9D1AB46AFE70192A3E700203F
:1002C0001BB0BDE8F08F43F202201BB0BDE8F08FF9
:1002D000CB46A2E7F8B50C4D0746002401E0142CEC
:1002E0000ED02B88BB42A6B205F10A0504F1010429
:1002F000F5D13046FAF734FD0028F0D03046F8BD8D
:100300004FF6FF763046F8BD2046002090B191B1FF
:1003100008B50A780378534013F0FE0F08D1013175
:100320000622013004F0DBFBB0FA80F0400908BD82
:10033000002008BD70470846704700BF2DE9F04116
:100340004C1C0E46054621460130102205F11107CE
:1003500006F1110804F0C3FB08BB2B4605F11001A0
:1003600001E08B421BD013F8012F002AF9D07378DB
:100370004BB9214606F1100201E091420FD011F86D
:10038000013F002BF9D041463846FFF7BFFF6B7C99
:1003900003F0FE03042B1ED10120BDE8F08141468D
:1003A0003846FFF7B3FF6B7C03F0FE03042B0FD03E
:1003B0000022062B09D0737C03F0FE03042B04D02B
:1003C000062B08BF1046BDE8F0811046BDE8F0815D
:1003D0000020BDE8F0810122EBE700BF70B584B0DA
:1003E00006460D46FBF734F902AA0DF10601072077
:1003F000FBF736F960B1BDF80640AC423046F3D0A9
:100400000399FFF79BFF0028EED0204604B070BD93
:100410004FF6FF74204604B070BD00BF13280DD8FE
:1004200010B50446FAF79CFC28B104EB8403054A96
:1004300032F8130010BD4FF6FF7010BD4FF6FF707D
:10044000704700BF20460020132816D838B5044650
:100450000D46FAF785FC68B1094A04EB840302EB08
:100460004303002053F8022F2A609A889B79AB71CE
:10047000AA8038BD43F2020038BD43F20200704743
:100480002046002038B505884DB9821C00F10A04C9
:1004900012F8013B1BB99442FAD1002038BD0B88F9
:1004A000AB42FAD102310822023004F018FBB0FA54
:1004B00080F0400938BD00BF30B585B00546FBF778
:1004C000C7F80CE0039C284604F14601FFF7DAFF69
:1004D00004F12A0178B92846FFF7D4FF58B902AAD7
:1004E0000DF106010720FBF7BBF80028EAD14FF613
:1004F000FF7005B030BDBDF8060005B030BD00BFCF
:100500004FF6FF73984201D0FFF7E4BE704700BF7B
:10051000132804D800EB8000014B23F8101070471B
:100520002046002070B54FF6FF75A84203D1BDE804
:100530007040FBF7AFBA0446FFF7CCFE06462046F4
:10054000FBF7A8FA30B9132E04D806EB8606024B47
:1005500023F8165070BD00BF20460020082961D83E
:100560002DE9F0410546CEB00E4600B139B9002262
:1005700011461046FFF734FE4EB0BDE8F08120ACC6
:100580005023B82200210CAF20460193039704F0BA
:10059000D9FA0DF1AE010DF1C5020DF197030691E7
:1005A00007920DF1F3010DF58572CDE90443CDE914
:1005B000091237AB08930DF221130B9305EB460894
:1005C00050220021384604F0BDFA01AB02AA0721EF
:1005D00035F8020BFBF702F820F002000528CBD01B
:1005E0007B7C032B20D8DDF83130DDF8352023600B
:1005F0006260DDF83930DDF83D20A360E260DDF8AF
:100600004130BDF845109DF8472023614545A18242
:10061000A27504F11704D3D1F2B204A80021FFF7A8
:10062000DFFDA9E70720704743F20220A4E700BFDF
:10063000F0B5254B00249BB0C3E90044C3E9024454
:1006400008B10D4641B90023204A194618461370D7
:10065000FFF7C4FD1BB0F0BD0646DFF870C01846BA
:100660004A00CFB231468CF8007004F047FA3822C5
:1006700021460CA8039404F065FACDE9004429460C
:1006800030460CAA03ABFFF7AFFD0028E2D10DF115
:1006900037020DF13E030DF145000CAC04940592B8
:1006A00006930DF15A020DF161030790394613AD1F
:1006B0000DF1530404A8CDE90854CDE90A23FFF74E
:1006C0008DFD1BB0F0BD00BFE84600202E47002086
:1006D00030B58DB010300DF1FF330DF10F0510F86E
:1006E000014D03F8014FAB42F9D100230D784C784E
:1006F000897806936846CDE904338DF81C308DF86F
:100700001D108DF81F508DF81E40FFF76BFD9DF8F2
:100710002F009DF82E109DF82D30107051709370A1
:100720000DB030BD30B5034685B030F8015F33F809
:10073000042F84789B78ADF80C20084602AA03A900
:100740008DF80E30ADF804508DF80640FFF7C0FF6D
:10075000BDF80420BDF808309A4204D0012080F092
:10076000010005B030BD9DF806209DF80A309A4280
:10077000F4D1002080F0010005B030BD0388102BBB
:1007800000D07047F0B5041D0FCC91B006AD0FC579
:100790000FCC0FC59DF81C3094E8030003F0FE0356
:1007A000062B85E8030014D1BDF818304849079896
:1007B00003EB83035B004FF6FF74CC52CA18BDF8FD
:1007C00020409DF822101172C2F80200D48011B0AE
:1007D000F0BDFAF73DFF9DF81C305B08012B25D9D1
:1007E000022BE1D107AE01AC0DF1020505E09DF849
:1007F0001C3003F0FE03042B5DD02246294607205F
:10080000FAF72EFF0028F2D1BDF81830304A0798C9
:10081000B488B17903EB83035B004FF6FF75D552C3
:100820001344C3F80200DC801972D0E701AC0DF16B
:100830000205224629460720FAF712FF002844D075
:10084000029911F1110FF4D04E7C9DF81C307340C9
:1008500013F0FE0F4FF0060201F112010DF11D0021
:10086000E7D104F03CF90028E3D1BDF8021007AE4F
:10087000BDF81820164F079802EB82035B00FD18A5
:10088000F952AB1CC5F80200B08898804FF6FF7093
:10089000B5799D7181429AD000232046ADF806209B
:1008A000ADF808108DF80430FBF74EFC2046FFF73A
:1008B0003FF911B0F0BD029930460131FFF732FF28
:1008C00000289AD0BDF80210D2E707AE9CE700BF1F
:1008D000204600202DE9F84FDDF828904A45904643
:1008E00038BFC846B8F1000F1BD09B468A46054664
:1008F0001746002406E0A14588BF0BF80400013428
:1009000044450ED02B68A74288BF1AF804109E6891
:1009100098BF00212846B0470028ECDA0248BDE81D
:10092000F88F0020BDE8F88F0AFCFFFF30B583B0D8
:100930000468069D0095E468A047044A0446DDE982
:100940000701EFF7F7FE204603B030BDB10A030000
:1009500082B070B50C4684B005464968206802AC88
:1009600003C4039908AC481084E80C00CB0745BFCA
:100970002A58029B029CD4580AAB2E1893E8030015
:100980008DE8030008AB0CCB3046A04704B0BDE8AF
:10099000704002B0704700BF82B0D0B50699416088
:1009A00000F1080400260027C0E9046704A92046D6
:1009B00081E80C00F0F75CF92046BDE8D04002B0B9
:1009C000F0F70AB982B038B5D0E9044504A981E846
:1009D0000C0054EA050303D1BDE8384002B070476B
:1009E0000446F2F7C7F8D4E904238B4208BF8242D9
:1009F000F2D2002304F1080500200021C4E904011B
:100A000063602846F0F734F92846BDE8384002B064
:100A1000F0F7E2B838B50546044645F8081B284605
:100A2000F0F7D6F8002328466360E3612376F0F7F9
:100A3000D3F8204638BD00BF2DE9F041044682B00E
:100A40000E46154610309846BDF82870F5F7B4F8F4
:100A500026806580182004F01AF808AB054693E854
:100A600003006A4682E803002E4603CA46F80C8B50
:100A70000023084AEB6047F0020773606860204675
:100A8000A780A560E360C4E90833A9606A6102B089
:100A9000BDE8F081510904002DE9F04385B0BDF8AF
:100AA00038806BB30C9C44B30F2902D1B8F1C00F4E
:100AB00026D1064628201C460D46174603F0E7FFC0
:100AC0000CAB814693E803003A468DE803002346C9
:100AD000CDF8088029464846FFF7AEFF33680E4A36
:100AE0005B6893420FD14846F0F7EAF9484603F0B5
:100AF000C7FF0A4805B0BDE8F0830D9CE407D3D4D6
:100B00006FF47A70F6E73046494698470028EAD1F4
:100B100005B0BDE8F08300BF41FC020016FCFFFFFA
:100B20002DE9F043037E89B004460D469BB1002DAC
:100B30004ED100220023C4E904230023636004F1A2
:100B40000800F0F749F860682E4B002808BF1846E7
:100B500009B0BDE8F08300682B4A03681B6D93421F
:100B60004BD12A4B04934FF0000804AACDF814800F
:100B7000274FC688B0F808C03B68DFF89C9092E821
:100B8000030016F4807F4FF0C0068DE803000CBF11
:100B9000052204226146184602962346FFF77CFF91
:100BA0001C4B3A68CDE9063808AB13E9030023462D
:100BB0008DE8030002961046232142F21072FFF7DF
:100BC0006BFF99F800305BB101232376002DB0D084
:100BD000F1F7D0FF421941EBE573C4E90423ACE718
:100BE0000093232242F2107342F210700021F1F7B9
:100BF000D1FF012389F80030E6E7032198472068F8
:100C0000AFE700BF11FCFFFFFD950200990904004A
:100C1000EC3E0020C50904002F470020F0B5037EFC
:100C200093B00446002B47D029490268294EB2F8F8
:100C300006C0158937680023CDE9061306A903C944
:100C400023761CF4807F4FF010038DE8030014BF5F
:100C5000042205222946029308A82346FFF7ECFE4A
:100C60003B681D4D9B68AB422DD108A8F0F728F9D1
:100C70001A4B04930023059304AB93E803003668F2
:100C800010238DE80300029342F2107223462321C1
:100C900008A8FFF7D1FE33689B68AB420FD108A8C4
:100CA000F0F70EF9002000210023C4E9040163607D
:100CB00004F10800EFF7DCFF204613B0F0BD30462A
:100CC00008A99847EBE7384608A99847CDE700BF41
:100CD00099090400EC3E002049FC0200C50904000B
:100CE000416270474068704741600020704700BF14
:100CF000F0B58B68CD699D42A8BF1D460C4683B0F8
:100D000001222946064604F10C0701A8F5F768FA06
:100D100001A93846F5F786FA01A8F5F77BFAE068ED
:100D200061692A46043003F0E9FE6269E3692A44F6
:100D30005D1B002D6261E5612BD1236A002BC4BFCE
:100D400003F1FF33236293B1A3692269E361002BAE
:100D5000626104DD606A03681B689847E36933B128
:100D600039463046F5F74EFA304603B0F0BD236AF7
:100D7000002BF5D194F82830002BF1D004F12C0091
:100D8000EFF760FF39463046F5F73CFA304603B0DE
:100D9000F0BDDFDCE4E700BF38B504460B4B40F89C
:100DA0000C3B04F12C05F5F715FA2846EFF710FF78
:100DB000002101224FF48073284664636162C4E914
:100DC0000123EFF709FF204638BD00BF548104001E
:100DD00070B5456A9DF810608DB1002A0FDD73B1C2
:100DE000044628682362C4E90411036884F8286073
:100DF000C4E906222846984794F8283003B970BD04
:100E000004F12C00BDE87040EFF7E6BE10B582B0EB
:100E100000240094FFF7DCFF02B010BD024B1868FD
:100E2000BFF35B8F704700BFF8460020024B186885
:100E3000BFF35B8F704700BF2021002030B5214AEF
:100E400021F00043934287B01BDD1F4A934205DD2A
:100E500002460B4602F024FF07B030BD02AADEF7BF
:100E60006FF800F00303012B11D0022B23D0DBB16C
:100E70000124DDE90423DDE902010094DFF770F8C5
:100E8000EAE700220023DEF743FB07B030BDDDE9CF
:100E900004450093DDE9020122462B46DFF760F8A6
:100EA00001F1004107B030BDDDE90423DDE90201B5
:100EB000DEF72EFBD0E7DDE90423DDE90201DEF7F2
:100EC00027FBEDE7FB21E93FFFFFEF7F21F0004328
:100ED0001946704730B51F4A21F00043934287B04E
:100EE0001CDD1D4A934205DD02460B4602F0D8FE8A
:100EF00007B030BD02AADEF723F800F00300012896
:100F0000DDE9042312D002281CD0A0B1DDE90201E2
:100F1000DEF7FEFA01F1004107B030BD0023009377
:100F200000220023DFF71CF807B030BDDDE9020125
:100F3000DEF7EEFADCE70124DDE902010094DFF7D9
:100F40000FF8D5E70124DDE902010094DFF708F886
:100F5000E0E700BFFB21E93FFFFFEF7F30B5144A18
:100F600021F00043934287B019DD124A934205DD18
:100F700002460B4602F094FE07B030BD02AADDF730
:100F8000DFFF440004F00204C4F10104DDE904239E
:100F9000DDE902010094DFF79BF807B030BD0123C3
:100FA000009300220023DFF793F807B030BD00BFA5
:100FB000FB21E93FFFFFEF7F334A21F000439342DB
:100FC000D0B506460F460C460DDD02460B46002006
:100FD0002E4903F047F9002F4FF000022B4B2EDB78
:100FE00002F060FED0BD2A4A934207DD2749002067
:100FF000002CF7DA01F100431946D0BDB3F1725F5E
:1010000020DB244A934226DDFFF760FF02460B46B1
:1010100002F048FEDFF740FA00224FF0804302F072
:1010200041FE02460B4600204FF0804103F01AF9C2
:1010300002460B460020154902F032FED8E702F0C6
:101040002FFED0BD0022114B02F02CFE32463B4653
:1010500002F0DEFFD0BDFFF739FF00224FF0404322
:1010600002F0D6FFDFF718FA00224FF08043064661
:1010700001F1004702F016FE02460B4630463946A3
:1010800003F0F0F8B4E700BFFFFFEF7F0000F03F90
:10109000FFFF3540FFFFEF3F70B5C1F30A56A6F2E0
:1010A000FF33132B0A4608DC002B1BDB0F4C44FAE2
:1010B00003F3002022EA030170BD332B044607DD51
:1010C000B3F5806FF8D102460B4602F0EBFD70BD20
:1010D0004FF0FF33A6F2134623FA06F6114624EA30
:1010E000060070BD002002F0004170BDFFFF0F0040
:1010F00000B585B0234A0190019B23F00043934241
:101100001DDDB3F1FF4F08DBDDED017A77EEE77A05
:1011100017EE900A05B05DF804FB02A901F06EFC21
:1011200000F00302012A14D0022A22D0D2B10122F7
:101130000399029802F084F907EE900AE8E700218B
:1011400001F0B4FD07EE900A17EE900A05B05DF8C5
:1011500004FB0399029802F073F907EE900AF1EE8E
:10116000677AD5E70399029801F0A0FD07EE900A8F
:10117000CEE70399029801F099FD07EE900AF1EE8F
:10118000677AC5E7D80F493F00B585B0244A01907A
:10119000019B23F0004393421EDDB3F1FF4F08DBB8
:1011A000DDED017A77EEE77A17EE900A05B05DF88B
:1011B00004FB02A901F022FC00F00300012816D074
:1011C000022823D0D0B10399029801F06FFD07EEF9
:1011D000900AF1EE677AE7E70022002102F030F989
:1011E00007EE900A17EE900A05B05DF804FB03992C
:1011F000029801F05BFD07EE900AD5E70122039902
:10120000029802F01DF907EE900ACDE7012203993A
:10121000029802F015F907EE900AF1EE677AC3E73B
:10122000D80F493F2DE9F043DFF898808BB0044692
:101230000D46DCF77DFB98F90030013306460F467A
:101240002BD022462B462046294603F07BF98146C7
:1012500018BB20462946FFF739FE0022164B03F043
:1012600067F9D0B1154B164801930122CDF82090B3
:101270000092CDE90445CDE9024502F037F998F92D
:101280000030022BCDE906010CD0684602F02CF9A3
:1012900040B1089B5BB9DDE90667304639460BB0C3
:1012A000BDE8F08302F074FC21230360F1E702F053
:1012B0006FFC089B0360EEE70000F03F68810400CC
:1012C000F0680400602300202DE9F0438BB0044651
:1012D0000D46DCF781FD244B93F90080B8F1FF3F08
:1012E00006460F460ED022462B462046294603F0DE
:1012F00029F9814630B900221C4B2046294603F0CB
:10130000F9F820B9304639460BB0BDE8F083002229
:10131000002301210091164ECDF820901046194669
:10132000CDE90445CDE90245019602F09BFFB8F1F5
:10133000020FCDE906010CD0684602F0D5F840B1A5
:10134000089B5BB9DDE90667304639460BB0BDE85E
:10135000F08302F01DFC21230360F1E702F018FC8A
:10136000089B0360EEE700BF602300200000F03F11
:10137000708104002DE9F043DFF898808BB00446BB
:101380000D46DCF7B5FD98F90030013306460F46EF
:101390002BD022462B462046294603F0D3F881461F
:1013A00018BB20462946FFF791FD0022164B03F09B
:1013B000BFF8D0B1154B164801930122CDF820900B
:1013C0000092CDE90445CDE9024502F08FF898F985
:1013D0000030022BCDE906010CD0684602F084F8FB
:1013E00040B1089B5BB9DDE90667304639460BB072
:1013F000BDE8F08302F0CCFB21230360F1E702F0AB
:10140000C7FB089B0360EEE70000F03F7881040013
:10141000F068040060230020DCF79ABF2DE9F04F4C
:10142000DFF8CCA08BB004460D46DDF781F89AF9C1
:101430000030013306460F4637D022462B46204661
:10144000294603F07FF8834678BB20462946FFF7FC
:101450003DFD0022244B8046894603F05FF820B30F
:10146000404649460022204B03F062F89AF900609A
:1014700060B3CDE90445CDE90245012100220023F6
:101480001A4F0091CDF820B010461946019702F08E
:10149000E9FE022ECDE906010CD0684602F024F8E0
:1014A00040B1089B6BB9DDE90667304639460BB0A1
:1014B000BDE8F08F02F06CFB21230360089B002B3A
:1014C000F1D002F065FB089B0360ECE70223089073
:1014D0000093064FCDE90445CDE902452046294653
:1014E00000220023D2E700BF0000F03F808104000B
:1014F000602300202DE9F04F8BB01D4606460F46B5
:10150000144600F07FFC294B93F900A0BAF1FF3F8D
:101510008046894635D022462B462046294603F090
:1015200011F870BB32463B463046394603F00AF8A4
:10153000834630BB002200232046294602F0D0FF1C
:10154000F8B11B4BCDF820B00122CDE90267CDE9FF
:101550000445CDE90023BAF1000F17D00022002383
:101560001046194602F07EFEBAF1020FCDE90601DF
:101570000ED102F00DFB21230360089B83B9DDE946
:101580000689404649460BB0BDE8F08FCDE90667B5
:10159000684601F0A9FF0028EBD0089B002BEED095
:1015A00002F0F6FA089B0360E9E700BF6023002021
:1015B000948104002DE9F0438BB004460D46DDF71D
:1015C00067FA364B93F90060731C804689460DD04C
:1015D00022462B462046294602F0B4FF30B90022AD
:1015E00000232046294602F0A3FF20B14046494689
:1015F0000BB0BDE8F0832A4B0890CDE90245CDE958
:1016000004450193DEB9274F4FF060462046294636
:1016100000220023CDE9066702F062FF002835D0E2
:1016200002230093684601F05FFFB8B1089BD3B96D
:10163000DDE90689404649460BB0BDE8F0831A4B08
:101640000022CDE90623204629460022002302F08D
:1016500047FF68B102239E420093E3D102F098FA5B
:1016600022230360E2E702F093FA089B0360DFE7BE
:101670000123022E00930BD102F08AFA212303608A
:101680000A4801F033FFCDE90601CFE701230093BB
:10169000684601F029FF0028F2D1EDE76023002021
:1016A0009C810400FFFFEFC70000F0FFF06804001A
:1016B0002DE9F0438BB004460D46DDF7B5FB374B03
:1016C00093F90060731C804689460ED022462B4653
:1016D0002046294602F036FF074630B90022002393
:1016E0002046294602F010FF20B9404649460BB07B
:1016F000BDE8F0832A4B0897CDE90245CDE90445C2
:101700000193DEB9274F4FF060462046294600225C
:101710000023CDE9066702F0E3FE002835D002235E
:101720000093684601F0E0FEB8B1089BD3B9DDE94B
:101730000689404649460BB0BDE8F0831A4B0022AB
:10174000CDE90623204629460022002302F0C8FEE8
:1017500068B102239E420093E3D102F019FA2223DA
:101760000360E2E702F014FA089B0360DFE701235D
:10177000022E00930BD102F00BFA212303600B48D9
:1017800001F0B4FECDE90601CFE7012300936846DE
:1017900001F0AAFE0028F2D1EDE700BF602300208F
:1017A000A0810400FFFFEFC70000F0FFF068040015
:1017B0002DE9F0432B4E8BB080468946DDF7E4FDE2
:1017C00096F90030013304460D4603D001F086FE41
:1017D000074620B1204629460BB0BDE8F0834046BD
:1017E000494601F07BFE0028F4D01F4B96F90040DB
:1017F00008970322CDE90023CDE90489CDE90289C8
:10180000404649460022002364B902F091FE4FF0A1
:101810006042E8B1154BCDE90623684601F064FE4D
:1018200068B908E002F084FE002298B1104B022C47
:10183000CDE90623F1D102F0ABF922230360089B26
:1018400053B9DDE90645204629460BB0BDE8F083D3
:10185000084BE0E7084BEAE702F09AF9089B0360BF
:10186000EFE700BF60230020A8810400FFFFEF47DF
:101870000000F07FFFFFEFC70000F0FF2DE9F04F01
:101880008BB004460D4600F0CFFB294B93F900A026
:10189000BAF1FF3F06460F4612D022462B4620469D
:1018A000294602F04FFE834650B94FF000084FF032
:1018B00000092046294642464B4602F01BFE20B94D
:1018C000304639460BB0BDE8F08F0122194BCDF8F8
:1018D00020B00092CDE90445CDE902450193BAF16B
:1018E000000F17D042464B464046494602F0BAFC2C
:1018F000BAF1020FCDE906010ED102F049F9212318
:101900000360089B73B9DDE90667304639460BB0C2
:10191000BDE8F08FCDE90689684601F0E5FD0028B5
:10192000EFD1EAE702F034F9089B0360EBE700BF70
:1019300060230020B081040000F036BC10B52DED0E
:10194000028B8AB008EE100A00F0E8FC334B93F9E2
:101950000040631C09D0B4EE488AF1EE10FA04D6B8
:10196000B5EEC08AF1EE10FA03D90AB0BDEC028BD5
:1019700010BD2B4B019318EE100A0023089302F0C0
:10198000EFFACDE90401CDE90201CCB9254BB5EE62
:10199000408A4FF06042F1EE10FACDE9062334D1CF
:1019A00002230093684601F09FFDB0B1089BCBB9BC
:1019B000DDE9060102F024FE0AB0BDEC028B10BD89
:1019C000194BB5EE408A0022F1EE10FACDE906235C
:1019D0000DD102239C420093E4D102F0D9F82223D6
:1019E0000360E3E702F0D4F8089B0360E0E701231B
:1019F000022C00930BD102F0CBF8212303600B489B
:101A000001F074FDCDE90601D0E70123009368469B
:101A100001F06AFD0028F2D1EDE700BF602300204D
:101A2000B8810400FFFFEFC70000F0FFF06804007A
:101A30002DE9F0432DED048BB34E8BB008EE900AE8
:101A400008EE101A00F0E0FC96F900506B1C0446FA
:101A500030D0B4EE488AF1EE10FA2BD6F4EE688A54
:101A6000F1EE10FA68D69FEDA99AF4EE498AF1EEEC
:101A700010FA25D1B4EE498AF1EE10FA40F09080C8
:101A80000123A34A009318EE900A002301920893C1
:101A900002F066FACDE9020118EE100A02F060FACF
:101AA00000220023CDE90401CDE90623002D60D0FA
:101AB0004FF07E5420460BB0BDEC048BBDE8F083A4
:101AC00001F0FCFD0546002800F09A8007EE904AE0
:101AD000F5EE407AF1EE10FAECD118EE900A01F032
:101AE000EDFD0028E6D018EE100A01F0E7FD002811
:101AF000E0D00423864A009318EE900A002308934E
:101B0000019202F02DFACDE9020118EE100A02F05E
:101B100027FA96F9003000240025022BCDE90401B4
:101B2000CDE9064503D0684601F0DEFC38BB02F083
:101B30002FF82223036022E0B5EE408AF1EE10FA7E
:101B4000B8D10123724A009318EE900A0023019243
:101B5000089302F005FACDE9020118EE100A02F02E
:101B6000FFF96C4B0022022DCDE90401CDE90623DB
:101B70009ED0684601F0B8FC002800F08480089BE5
:101B80001BB102F005F8089B0360DDE9060102F0D5
:101B900037FD044620460BB0BDEC048BBDE8F08356
:101BA00018EE100A01F08AFD002883D0B5EEC08A35
:101BB000F1EE10FA7FF57EAF0123554A009318EE3F
:101BC000900A00230893019202F0CAF9CDE90201BC
:101BD00018EE100A02F0C4F996F90030CDE90401BC
:101BE000002B55D04C490020022BCDE9060153D1E2
:101BF00001F0CEFF21230360089B002BC5D0C0E776
:101C000018EE900A01F05AFD00283FF45FAF18EE7D
:101C1000100A01F053FD00283FF458AF18EE900A67
:101C200002F09EF9804618EE100A894602F098F9F3
:101C300007EE904AF4EE677AF1EE10FA96F900702A
:101C400072D6F6EE007A0322314B08950092CDE968
:101C50000289CDE90401019328EE278A17BB2F4B97
:101C6000F5EEC08A4FF06042F1EE10FACDE906239E
:101C700024D4684601F038FC0028BDD101F088FF6B
:101C800022230360B8E701F083FF2123036076E796
:101C900000220023CDE90623684601F025FC002838
:101CA000AAD1A5E71E4BF5EEC08A0022F1EE10FA8C
:101CB000CDE9062315D4022FE0D0DAE718EE100A9A
:101CC00001F062FD07EE900AF4EE487AF1EE10FAA8
:101CD00016D0144B96F900704FF06042CDE9062300
:101CE000E9E718EE100A01F04FFD07EE900AF4EE56
:101CF000487AF1EE10FA03D0074B0022CDE9062313
:101D000096F90070D7E700BF6023002000000000B4
:101D1000C08104000000F03F0000F0FFFFFFEF472C
:101D20000000F07FFFFFEFC701220B4B08950092E8
:101D3000CDE90289CDE904010193002FA8D0C9EEB5
:101D4000097A17EE900A02F00BF9022FCDE906018D
:101D50003FF44EAFA0E700BFC081040010B52DEDE9
:101D6000028B8AB008EE100A00F098FF234B93F91B
:101D70000040631C09D0B4EE488AF1EE10FA04D694
:101D8000B5EEC08AF1EE10FA03D40AB0BDEC028BB6
:101D900010BD01231A4A009318EE100A0023019285
:101DA000089302F0DDF80022CDE90401CDE902013B
:101DB0000023ACB11046194602F054FA022CCDE9CA
:101DC00006010FD101F0E4FE21230360089B7BB9DB
:101DD000DDE9060102F014FC0AB0BDEC028B10BD77
:101DE000CDE90623684601F07FFB0028EED1E9E744
:101DF00001F0CEFE089B0360EAE700BF60230020ED
:101E0000C88104002DE9F04723F0004E5EEA020687
:101E100020D07E4E21F00048B04589461ADC56425B
:101E200016437B4F4EEAD676BE42144612D8F04592
:101E30001D4694468246074601F0004612DC0FDB41
:101E400090420DD30ED1734BF60F03EBC603D3E9CB
:101E5000000105E002F0DCF802460B4602F002FA4F
:101E6000BDE8F087B8F5801F3BDB4FEA2852A2F2AD
:101E7000FF32BEF5801F80F28F80BEF1000F40F070
:101E80009F80002C2346644904DD5B00002B01F198
:101E9000FF31FADC614B9A4270DBC9F3130343F460
:101EA00080135E4881425BDBC5F3130444F4801465
:101EB000501A07E052EA050321D0EB0F03EB42036F
:101EC0006F0001381A1BA7EB0C05F8B1674538BF46
:101ED00002F1FF32002AEDDAFA0F02EB43037F0032
:101EE000EFE7B8F1000F5CD1BAF1000F53464A4A50
:101EF000BFDD5B00002B02F1FF32FADCB9E7454B96
:101F0000F60F03EBC606D6E90001A9E7674538BF1F
:101F100002F1FF32002ABCBF3D461A4652EA0503D1
:101F2000EDD03F48824208DCEB0F03EB42028242D5
:101F300001F1FF314FEA4505F6DD384B99424EDAA3
:101F40005B1A142B54DC01F21E41DD4002FA01F150
:101F500042FA03F31E4341EA0502314610467FE789
:101F6000401A1F2826DC01F21E450EFA00FE24FA54
:101F700005F504FA00FC45EA0E0499E79F1A1F2FA5
:101F800027DC02F21E4308FA07F82AFA03F30AFADA
:101F900007F743EA080384E74FEA2E51A1F2FF3125
:101FA00078E71E4A4FEAC8235B00002B02F1FF329C
:101FB000FADC5EE71B4D6D1AAC404FF0000C77E782
:101FC00016494FEACE235B00002B01F1FF31FADC0A
:101FD00060E7144B9B1A0AFA03F3002761E7A2F5A6
:101FE0008012164301F2FF3346EA0351284637E7D1
:101FF0001F2B07DC01F21E4102FA01F125FA03F260
:102000000A43AAE7074B591A0A41A6E7FFFFEF7FE9
:102010000000F07F60540400EDFBFFFF02FCFFFFB7
:10202000FFFF0F00E2FBFFFF5E4A8A432DE9F0410C
:1020300004460D4600F0958000290B46064684466E
:1020400056DD0F1500F0A580C3F31303A7F2FF3789
:1020500043F480134FEADC72F80702EB43034FEAC4
:102060004C0504D5ED0F05EB43034FEA8C05002624
:102070007F10B44616224FF400110CEB0100984279
:102080004FEAD5744FEA450503DC1B1A00EB010C3F
:102090000E44013A04EB43034FEA5101EDD11046DF
:1020A000964620244FF0004209E051D05B00013CED
:1020B00003EBD5734FEA52024FEA450537D063452B
:1020C00002EB0E01F1DD002901EB020E0ADBE04616
:1020D000A3EB0C03A94288BF03F1FF336D1A104430
:1020E000C446E3E7BEF1000FF1DB0CF10108EFE7B6
:1020F00021F00042024329D0002942D10146CA0AF8
:10210000153B4905002AFAD012F4801001D044E0B2
:1021100060465200D40200F1010CF9D5CCF1200444
:1021200001FA0CFCE1401F1A41EA02038CE72B4341
:1021300021D14408731003F17F53F20703F5001314
:1021400048BF44F0004403EB07512046BDE8F0814E
:10215000A942ABD8002901EB020EC3DB984600234D
:10216000BCE702460B4601F053FF22462B4601F026
:1021700099FDBDE8F081411C16BF421C0136540890
:10218000D8E7024601F08CFD02460B4602F06AF8E1
:10219000DCE71A4631463B46B6E78C4620244FF032
:1021A000FF30BFE70000F07F30B583B007EE900A44
:1021B0000191019B23F00042B2F1FF4F17DC20F0A8
:1021C0000041B1F1FF4F054611DCB3F17E5F3FD016
:1021D0009C1704F0020444EAD07481B9022C4CD05C
:1021E0009FED437A032C08BFF0EE477A03E09DEDA4
:1021F000017A77EE277A17EE900A03B030BDF2B17C
:10220000B2F1FF4F29D0B1F1FF4F18D08A1AD21581
:102210003C2A35DC002B36DA3C3234DADFED357A15
:10222000012C47D0022C3CD0002CE4D0DFED326AE8
:102230009FED327A77EEA67A77EEC77ADBE7DFEDAD
:10224000307A9FED307A002DB8BFF0EE477AD2E7B2
:1022500003B0BDE8304001F04FB9B1F1FF4F30D0CD
:10226000022C0AD0032C39D0DFED277A9FED217A9A
:10227000012C18BFF0EE477ABDE7DFED207ABAE710
:10228000DFED1F7ACCE7019807EE100AC7EE877AD8
:1022900017EE900A01F00EFA01F02EF907EE900AFF
:1022A000BEE7DFED156A9FED157A77EEA67A77EE39
:1022B000677AA0E717EE903A03F1004307EE903AF1
:1022C00099E7022C10D0032C0BD0DFED107A9FED94
:1022D000107A012C18BFF0EE477A8CE7DFED047A14
:1022E00089E7DFED0C7A86E7DFED0B7A83E700BF45
:1022F000DB0F49C0000000002EBDBB33DB0F49409F
:10230000DB0FC93FDB0FC9BF00000080DB0F49BFF7
:10231000DB0F493FE4CB16C0E4CB164000B52DEDF2
:10232000028B83B00190019830F0004337D0002831
:1023300042DBB0F1FF4F4EDAB0F5000F56DADFEDB9
:102340002C7A9DED017A67EE277A6FF0180217EE6E
:10235000900AC3157F3B1344DA0F134407EE903AFB
:10236000C2F17F01C0F3160040EAC150B8EEE78A1F
:1023700001F0E6FADFED1F7ADFED1F6A9FED1F7AAD
:1023800006EE100A66EE277AE8EE267AE8EE077A7D
:1023900017EE900A03B0BDEC028B5DF804FBDFED95
:1023A000186A9FED187AC6EE877A17EE900A03B086
:1023B000BDEC028B5DF804FBDDED017A9FED117A37
:1023C00077EEE76AC6EE877A17EE900A03B0BDECA7
:1023D000028B5DF804FBDDED017A77EEA77A17EE4C
:1023E000900A03B0BDEC028B5DF804FB0022B0E75D
:1023F0000000004CD95BDE3EDB27543580209A3E3E
:10240000000000CC000000002DE9F04731F000464C
:102410002DED028B12D020F00047B7F1FF4F804620
:1024200006DDBDEC028B5A48BDE8F04701F0A8B9C3
:10243000B6F1FF4F08DDB7F17E5FF2D14FF07E506D
:10244000BDEC028BBDE8F08700280C462BDB4FF07B
:102450000009B6F1FF4F38D0B6F17E5F3DD0B4F140
:10246000804F19D0B4F17C5F05468A4643D1B8F15C
:10247000000F6FDA01F01EF9B7F1FF4F01D0002F06
:102480003FD1A7F17E5757EA090369D0B9F1010F8F
:10249000D6D180F00040D3E707EE900A67EEA77A26
:1024A00017EE900ACCE7B6F1974F21DAB6F17E5FCE
:1024B00008DBF315C3F1960346FA03F202FA03F3BD
:1024C000B34256D04FF00009C6E7B7F17E5FB5D0F2
:1024D0003BDD002C28DB0846B2E7002CB0DA07EE23
:1024E000100AF7EE007AC7EE877A17EE900AA7E790
:1024F0004FF00209ADE701F0DDF8B7F1FF4F15D05D
:10250000A7B1B7F17E5F11D04FEAD873013B59EA0A
:10251000030233D0B6F19A4F40DD1E4A974200F3D2
:102520009481002CC0F29781002089E7002C07DA03
:1025300007EE100AF7EE007AC7EE877A17EE900AD8
:10254000B8F1000FBFF67CAF9BE7002CECDA81F00E
:10255000004075E7BDEC028BBDE8F04700F09EBB84
:1025600007EE900A77EEE77AC7EEA77A17EE900AA1
:1025700066E702F00102C2F102096DE707EE905A28
:1025800077EEE77AC7EEA77A17EE900A58E700BF12
:10259000F0680400F7FF7F3F0000804BB7F5000FA5
:1025A00080F249815FED047A07EE100A67EE277A20
:1025B0006FF0170217EE907AF048F915C7F3160777
:1025C0007F398742114447F07E5240F33681EC4810
:1025D000874240F3B9819FEDEB5A0131A2F5000229
:1025E000F0EE453A0020F7EE006A04EE902A74EE11
:1025F000A67AB7EE007A87EE278A521042F0005290
:1026000002F58022024434EEE67ADFEDDF8A9FEDA8
:10261000DF2A9FEDDF0ADFEDDF0A9FEDDF1ADFED36
:10262000DF1ADFEDDF2A9FEDDF3A27EE084A07EEDB
:10263000902A24EE046ADC4AA6EE282A14EE100A38
:10264000104005EE900AA2EE060AB1EE652A77EE7A
:10265000E66AA2EE277AF0EE607AE0EE067A74EE91
:10266000E64AF0EE476AB0EE417AA7EE867AE2EEED
:10267000246AE7EE061A66EE886A75EE847A26EE1C
:10268000066A67EEA67AF0EE084AE6EE217AB0EE28
:10269000646AA5EEA56A07EE101A36EE276ADFED2A
:1026A000C31A16EE101A114006EE101A76EE644A9E
:1026B000B8EEC77AE2EE254A77EEE47A67EE847ADE
:1026C000E6EE267AF0EE676AE5EE866A16EE901A76
:1026D000114006EE901AE2EE066A05EE901A77EEC9
:1026E000E67A67EEA27AE5EE837A77EEA37AF0EEE9
:1026F000676AE5EEA16A76EE856A76EE876A16EE7F
:10270000901A114006EE901A36EEC77A37EE457AE7
:10271000A5EEE17A77EEC77A24F47F6424F00F0403
:1027200007EE10AA06EE104A67EE877A37EE466A81
:1027300007EE104AE6EE267A09F1FF3959EA03035B
:1027400026EE877ABFEE008A77EE876AB7EE006AD8
:1027500016EE900A18BFB0EE468A002820F000431B
:1027600040F39480B3F1864F00F387807AD0B3F1C1
:102770007C5F00F39780002116EE903A23F47F638C
:1027800023F00F0306EE903A9FED896ADFED895A38
:102790009FED893ADFED893A9FED892A9FED894ABD
:1027A000DFED894A9FED895A36EEC77AF0EE002AAE
:1027B00077EEC77A26EE867AA7EEA57AF7EE005A6C
:1027C000F0EE477AA6EE837A27EE076AF0EE471A14
:1027D000E6EEC31AF0EE636AE6EE026A77EEE17A9D
:1027E000A6EE864AE7EE277AE4EE064AA4EE865A7B
:1027F000F0EE456AB0EE475AA6EEC65AF0EE456ACC
:1028000036EEE26A27EE055AC5EE066A76EEE77AFC
:1028100037EEC77A35EEC77A17EE103A03EBC1539D
:10282000B3F5000FC0F2A28007EE903A67EE887A07
:1028300017EE900A04E60022BEE69FED525A0020F1
:10284000F0EE453AF7EE006ACFE6614A974248DD7E
:10285000002C7FF769AEDFED5F7A67EEA77A17EE9F
:10286000900AEDE59FED5C6A76EEC76A37EE866A00
:10287000B4EEE66AF1EE10FA14DD9FED567A68EEDA
:10288000077A67EE877A17EE900AD9E5534A9342A2
:1028900063DC7FF46CAF76EEC76AF4EEE76AF1EEC4
:1028A00010FA5ADADB154FF400027E3B42FA03F3CA
:1028B0000344C3F3C7524A4C7F3A1441C3F3160191
:1028C00023EA040306EE903AC2F1170241F4000134
:1028D00037EE667A11410028B8BF494277EE876A21
:1028E0004AE707EE100AF7EE007A77EE677A9FED77
:1028F000296A9FED3C7ADFED3C4ADFED3C5AB1EEB0
:10290000675AF5EE006AA5EE266AF6EE006AE6EE74
:10291000676A27EEA76A66EE866A27EE667AA7EEF2
:10292000A47AF0EE476AE7EEA56A16EE902A22F442
:102930007F6222F00F0207EE902AE5EE257A06EE7E
:10294000902A77EE677AE7E69FED295ADFED293A7C
:102950004FF40010F7EE086A47E69FED277A68EE1D
:10296000077A67EE877A17EE900A69E517EE100A84
:1029700000F072FF07EE900A58E700BF71C41C0018
:10298000D6B35D000000000042F1533E55326C3E6C
:1029900005A38B3EABAAAA3EB76DDB3E9A99193FC1
:1029A0004F38763FA0C39D3600F0FFFF0038763FDA
:1029B0008CBEBF351872313F0072313F0EEADDB573
:1029C0004CBB313355B38A38610B36BBABAA2A3EB8
:1029D0000700803FCAF249713CAA38330000164311
:1029E000FFFF7F003BAAB83F70A5EC3600AAB83FB6
:1029F00000C0153FDCCFD1356042A20D70B5994AB9
:102A000020F00044944286B06BDD974A944206461B
:102A10001CDC002824F00F04DFED947A944A07EEC2
:102A2000100A64DD944277EE677A00F0D5809FED5E
:102A3000917A77EEC76A012077EEE67AC1ED006AF7
:102A400077EEC77AC1ED017A06B070BD8A4A94422A
:102A50000D4660DDB4F1FF4F80F2B480E215863A96
:102A6000A4EBC25307EE903ABDEEE77ADFED836A3E
:102A7000B8EEC77A77EEC77A8DED037A67EEA67A5D
:102A8000BDEEE77AB8EEC77A77EEC77A8DED047AB5
:102A900067EEA67AF5EE407AF1EE10FACDED057A02
:102AA00040F0CC80B5EE407AF1EE10FA0CBF012375
:102AB0000223734901910221009103A8294600F0E5
:102AC0007FF9002E11DA95ED007AD5ED017AB1EE9D
:102AD000477AF1EE677A404285ED007AC5ED017ADA
:102AE00003E0002208604A60002006B070BD9442F6
:102AF00077EE277A00F08F809FED5E7A77EE876A17
:102B00004FF0FF3077EEE67AC1ED006A77EE877A14
:102B1000C1ED017AE9E700F0CDFD9FED5A6A9FED26
:102B2000535ADFED546A07EE100AF6EE007AE7EE2C
:102B3000067AFDEEE77AB8EEE76A17EE900AF1EE54
:102B4000465AF0EE477A1F28E5EE857A26EE267A79
:102B500054DD77EEC76A16EE903AE415C3F3C75317
:102B6000E31A082B54DD9FED487ADFED486AB0EE9A
:102B7000675AA5EE875A77EEC57AE5EE877AD6EEE4
:102B8000267A75EE676AB0EE677A16EE903AC3F36E
:102B9000C753E41A192C53DCC5ED006AF0EE457AF0
:102BA00077EEE67A002E77EEC77AC5ED017A9CDAE9
:102BB000F1EE666AF1EE677AC5ED006AC5ED017A5D
:102BC000404292E707EE900A77EEE77A0020C1EDE7
:102BD000017AC1ED007A88E7DFED2B6A9FED2B7A51
:102BE00077EEE67A012077EEC76A77EEE67AC1EDF6
:102BF000006A77EEC77AC1ED017A76E7421E244B70
:102C000053F8223024F0FF029A4277EEC76AA2D02E
:102C1000C5ED006AC4E7DFED1C6A9FED1C7A77EE14
:102C2000A67A4FF0FF3077EE876A77EEE67AC1ED4D
:102C3000006A77EE877AC1ED017A56E7032338E719
:102C4000DFED146ADFED144AF0EE457AE5EEA67A80
:102C500035EE677AA5EEA67A96EE247A77EEC76A05
:102C6000D6E700BFD80F493FE3CB1640800FC93FDE
:102C7000D00FC93F43443537800F4943000080439C
:102C8000D883040084F9223F0044353708A3852EF9
:102C90005883040000A3852E32318D2407EE900A5C
:102CA000F1EEE77A17EE900A704700BF20F000437C
:102CB000B3F1485F06EE100A06EE901A2EDAFDEE2A
:102CC000C67A17EE903A002B5FD026EE067ADFED3B
:102CD000343A9FED344ADFED344A9FED345ADFED4C
:102CE000347ADFED345AA7EE234AE7EE044AA7EE22
:102CF000245AE7EE057AE7EE275A65EE875A66EE24
:102D0000C66AB6EE006AE7EE256AF7EE007AD7EEFD
:102D1000066A77EEE67A17EE900A704726EE067A94
:102D2000DFED1F3A9FED1F4ADFED1F4A9FED1F5A4F
:102D3000DFED1F7ADFED1F5A1F4AA7EE234A9342A9
:102D4000E4EE074AA4EE875AE5EE077AE7EE875AE3
:102D500065EE875AD3DD194A93421BDC03F17F43AA
:102D600007EE903AB7EE005A35EE675A66EEC66A3D
:102D7000B6EE006AE7EE256AD7EE067A77EEE67AD7
:102D800075EE677A17EE900A7047F7EE007A17EE45
:102D9000900A7047B6EE075AF5EE027AE6E700BFF2
:102DA0004ED747ADF6740F317CF293B4010DD03796
:102DB000610BB6BAABAA2A3D9999993E0000483FEB
:102DC0002DE9F04F2DED048BD7B003F1FF390293BD
:102DD000D31E48BF131DBA4C649D0591DB1023EA36
:102DE000E37354F82560039303F10108A2EBC808CC
:102DF00016EB09028646A3EB090316D41A449FED8D
:102E0000B17A6598511C1AAA002BA4BF50F8234030
:102E100007EE904A03F10103ACBFF8EEE77AF0EE5B
:102E2000477A8B42E2EC017AEED1029B002E4FEA08
:102E300083044FEA860A1DDB1AAB181943AA7346AE
:102E4000191902EB0A0742ADF446B9F1000FDFEDA4
:102E50009D7A09DB02466346F3EC016A32ED017AA2
:102E60008B42E6EE877AF7D1E5EC017ABD4200F1BC
:102E70000400EAD1AAF1080306ADEB1804939FED14
:102E8000939ADFED918A009605ABB34674449A4459
:102E900042AF76464FEA8B0356AA1A44BBF1000FA5
:102EA00052ED146A16DD07EB8B02294666EE897A2D
:102EB000B0EE667AFDEEE77A32ED016AF8EEE77A77
:102EC000BA42A7EEE87A77EE866ABDEEC77AA1EC41
:102ED000017AEBD1414616EE900A019300F0BCFC5A
:102EE00008EE100AF4EE007A68EE277A17EE900AE0
:102EF00000F0ECFB07EE100AF2EE007AA7EE678A0C
:102F0000B8F1000F019BFDEEC89AF0EE487AB8EEDA
:102F1000E98A37EEC88A40F3C6800BF1FF3CC8F15E
:102F2000080255F82C1041FA02F000FA02F2891A50
:102F300045F82C1019EE90CA8444C8F1070209EE36
:102F400090CA41FA02F2002A48DD19EE901ABBF14C
:102F5000000F01F1010109EE901A40F33682D5F815
:102F600000C0BCF1000F40F09B80BBF1010F20D0EE
:102F7000AE4601205EF8041F00F1010C002900F0AC
:102F80009980E6468C467146CCF5807C8B4545F8A9
:102F900020C00CDD55F821002B4405EB810100E039
:102FA0000868C0F1FF0041F8040B9942F8D14FF0D6
:102FB000010CB8F1000F0EDDB8F1010F00F02E8109
:102FC000B8F1020F07D10BF1FF3155F8213003F0B2
:102FD0003F0345F82130022A00F00981B5EE408A0E
:102FE000F1EE10FA40F08680009B0BF1FF3C634548
:102FF0000EDC0BF18041013905EB8101002051F815
:103000000439514540EA0300F9D1002840F00F810E
:10301000009B013B55F82330002B40F0FC80049BC3
:103020004FF0010C53F804290CF1010C002AF9D0DF
:10303000DC440BF1010EE64530DC039B029A0EEBFB
:1030400003015A4403EB0C0B1AAB01F1804103EB73
:103050008202659B013903EB810107EB8E0E03EBC6
:103060008B0B51F8043F9FED177A07EE903AF8EE7C
:10307000E77A1046B9F1000FE0EC017A09DB33463C
:1030800001E072ED017AF3EC016AA342A6EEA77AA1
:10309000F7D15945AEEC017A0246E2D1E346F9E6B2
:1030A0000121002070E715D10BF1FF3255F82220E5
:1030B000121248E7E34560467FF45CAF8C4678E740
:1030C0002C87040000000000000080430000803BCB
:1030D0000000C93FF6EE007AB4EEE78AF1EE10FA8E
:1030E00080F25D81B5EE408AF1EE10FA4FF00002F9
:1030F0003FF47AAFC8F1000118EE100A0192009E69
:1031000000F0AAFB5FED106A019A07EE100AB4EE18
:10311000E67AF1EE10FAC0F25B815FED147A67EEA9
:10312000277A0BF10103FDEEE77A08F10808F8EEC3
:10313000E77AA7EEE67AFDEEE77ABDEEC77A17EEFC
:10314000101A45F82B1017EE901A45F82310414637
:103150004FF07E50CDE9002300F07EFB019B009AEA
:10316000002B07EE100AC0F24A819F0042A907F126
:10317000040E5FED2A6A0F44381D05EB0E0171ED58
:10318000017AF8EEE77AA94267EE877A27EE267A87
:1031900060ED017AF3D10DF1B8081FED336AC44632
:1031A00003F101090025002EC0F20481A24CDFEDDD
:1031B000A37A3846B0EE467A002103E0A94208DC43
:1031C000B4EC017AF0EC016A01318E42E6EE877AC6
:1031D000F4DA01354D45ECEC017AA7F10407E2D1B0
:1031E0006499032955D8DFE801F0CAB7B75DF7EE57
:1031F000007A37EEC88ABCF1000F3FF4EFAE17EE4D
:10320000900A4146019200F027FB07EE900A019ACE
:1032100038EE678AE2E64FF0010C09E70BF1FF3167
:1032200055F8213003F07F0345F82130D3E655F8F7
:103230002C10009E6346A8F10808002987D10CF1E4
:103240008041013905EB810151F80409013BA8F1E6
:1032500008080028F8D07AE7DFED787A002A40F0F5
:10326000BF809DED2E7A0599002BC1ED007A77EE97
:10327000677A0BDD2FA80121B0EC017A01318B4276
:1032800077EE877AF8DA002A40F0B680059BC3ED26
:10329000017A19EE903A03F0070057B0BDEC048BA9
:1032A000BDE8F08F002B40F3C4809C0056A9214458
:1032B0000DF1B80803F1804051ED286A013808EBA0
:1032C000830171ED017A37EEA67A884577EEC77AE9
:1032D00081ED007A77EEA67AF0EE476AC1ED017AC9
:1032E000EFD1012B40F3A58056AB1C448000031D99
:1032F00054ED286A43442FA973ED017A37EEA67A7C
:10330000994277EEC77A83ED007A77EEA67AF0EEEF
:10331000476AC3ED017AEFD10830DFED487A08EB58
:10332000000308F1080833ED017A984577EE877AB3
:10333000F9D1DDED2E6A9DED2F7A2AB1F1EE666AA4
:10334000B1EE477AF1EE677A059BC3ED006A83ED33
:10335000017AC3ED027A9CE7002BFFF67DAF2EA821
:1033600000EB8301DFED357A043131ED017A8842DB
:1033700077EE877AF9D1002A3FF473AF30E0DFEDC2
:103380002F7AC6443EED017AF04577EE877AF9D17F
:103390000AB1F1EE677A059BC3ED007A79E719EE81
:1033A000902ABBF1000F02F1010209EE902A3ADDEA
:1033B0000222D4E5DFED217A01354D45ECEC017AAE
:1033C000A7F104077FF4EFAE0AE74FF0000CF0E539
:1033D000BDEEC77A5B4617EE101A45F82B10B6E61D
:1033E000DDED2E6A0599B1EE677A002B76EEE77A6D
:1033F00081ED007A3FF73EAFF1EE677A46E76499D8
:1034000003293FF646AF01A050F821F01D34040017
:103410005933040059330400A5320400DFED077A64
:10342000002AB6D1B7E7F7EE007A37EEC88A022253
:10343000D4E5DFED027A7CE7048704000000000099
:1034400020F00043B3F1485F07EE900A06EE101A31
:1034500004DABDEEE77A17EE103A23B327EEA77A27
:103460009FED174ADFED174A9FED175ADFED175A08
:10347000DFED176AE7EE044A27EE874AA4EE875A83
:10348000E5EE075AE5EE876A82B166EEC46AF6EEAB
:10349000005AE6EE256ADFED0F5A96EE876AA4EE33
:1034A000256A77EEC67A17EE900A70479FED0A6A92
:1034B000A7EE266AE6EE047A17EE900A704700BF80
:1034C000D3C92E2F342FD7B21BEF3836010D50B988
:1034D0008988083CABAA2A3EABAA2ABE41F000412B
:1034E00001F58010C00F704700207047002001498F
:1034F000704700BF0000F87F38B520F00044B4F1F9
:10350000A14F07EE900A05460DDBB4F1FF4F5CDCDE
:103510009FED557ADFED557A0028C8BFF0EE477A67
:1035200017EE900A38BD524B9C4261DCB4F1445F07
:1035300050DB4FF0FF3327EEA76A9FED4E1A9FED49
:103540004E2ADFED4E1ADFED4E2A9FED4E3ADFEDAB
:103550004E3A9FED4E4ADFED4E4A9FED4E5A9FED9B
:103560004E7ADFED4E5A66EE066A5A1CA6EE812AA6
:10357000E6EEA12AA2EE263AE2EEA63AA3EE264A0B
:10358000E3EEA64AA4EE265AA4EEA67AE5EE265A63
:1035900027EE267AA5EE867A27EE277A3FD0404995
:1035A000404A9B001944D1ED006A37EE667A134415
:1035B00037EE677AD3ED007A77EEC77A002DB8BF81
:1035C000F1EE677A17EE900A38BD77EEA77A17EE1C
:1035D000900A38BD9FED347A37EE877AF7EE006AAD
:1035E000B4EEE67AF1EE10FAA3DD17EE900A38BDDC
:1035F00000F060F82D4B9C4207EE100A14DCA3F596
:10360000D0039C4225DCF0EE007AFFEE006AE7EE84
:10361000276A002337EE277AC6EE877A8BE777EEA4
:10362000C77A17EE900A38BD214B9C420BDCF7EEAF
:10363000087AF7EE006AE7EE276A022337EE677A28
:10364000C7EE267A77E7FFEE006AC6EE877A032395
:1036500071E7F7EE007A77EE676A37EE277A012393
:10366000C6EE877A67E700BFDB0FC93FDB0FC9BF34
:10367000FFFFDF3ED769853C59DA4B3D21A215BDDE
:103680006BF16EBD356B883D95879DBD6E2EBA3D45
:10369000388EE3BD2549123ECDCC4CBEABAAAA3E26
:1036A0004887040038870400CAF24971FFFF973F3A
:1036B000FFFF1B4020F00040704700BF20F000409B
:1036C000B0F1FF4FACBF00200120704782B00190E5
:1036D000019A22F00041CB0D7F3B162B20DC002B02
:1036E00010462EDB234919410A4224D0DFED227A0D
:1036F0009DED017A77EE277AF5EEC07AF1EE10FAB9
:1037000019DD002A04DA4FF4000242FA03F31844E8
:1037100020EA010307EE903A17EE900A02B07047D4
:10372000B1F1FF4FDDED017AF6D377EEA77A17EE10
:10373000900A02B07047DDED017A17EE900A02B0F0
:103740007047DFED0D7A9DED017A77EE277AF5EE81
:10375000C07AF1EE10FAEEDD002A02DBDFED077A27
:10376000DAE7FFEE007A002918BFB0EE677AF0EED4
:10377000477AD1E7FFFF7F00CAF2497100000000DD
:10378000004870470000C07F10B485B00190019AD6
:1037900022F00041CB0D7F3B162B2ADC21B3002BFE
:1037A00011464FEAD27032DB294A1A4111421BD02E
:1037B0005208114207D04FF4001421EA020244FAE1
:1037C00003F342EA0301234B03EB800090ED007A00
:1037D00007EE901A77EE277ACDED037ADDED037AC6
:1037E00077EEC77ACDED017A019805B05DF8044B0C
:1037F0007047B1F1FF4FF7D3DDED017A77EEA77A8D
:10380000CDED017A019805B05DF8044B7047C2F325
:1038100016035B420F495B0A120D03F48003120585
:103820001A4301EB800191ED007A07EE902A77EEC2
:10383000277ACDED037ADDED037A77EEC77A17EEBE
:10384000903A23F0004343EAC0730193CCE700BFF2
:10385000FFFF7F005887040000B52DED028B83B079
:103860000190019B33F000421DD0B2F1FF4F0FD207
:10387000B2F5000F20D3D20D0A44FE2A2CDC002A18
:103880003DDD23F0FF4343EAC25307EE903A03E0E5
:1038900007EE900A77EEA77A17EE900A03B0BDEC18
:1038A000028B5DF804FBDDED017A17EE900A03B0A0
:1038B000BDEC028B5DF804FB9DED017ADFED1B7A18
:1038C0001B4B67EE277A9942CDED017A10DB019B05
:1038D000C3F3C752193ACFE79FED168A019918EE44
:1038E000100A00F041F907EE900A67EE887AD3E7F4
:1038F000DFED117A9DED017A67EE277ACCE712F1C0
:10390000160F06DA4CF250339942E5DC9FED0A8A35
:10391000E4E7193223F0FF4343EAC2539FED077AED
:1039200007EE903A67EE877AB6E700BF0000004CDA
:10393000B03CFFFFCAF249716042A20D00000033A3
:1039400030B482B00190019B33F0004241D0002B93
:103950004ADBB3F1FF4F54DAB3F5000F80F29D80DC
:10396000DFED6E7A9DED017A67EE277A6FF018052C
:1039700017EE903A6A4AC3F31604224402F4000296
:1039800082F07E50DB1504F10F0120437F3B07EEF0
:10399000900AC1F316012B44B7EE007A0F2903EB0E
:1039A000D25337EEC77A35DCB5EE407AF1EE10FA35
:1039B00075D1002B00F0AE8007EE903AB8EEE77AB2
:1039C000DFED587ADFED586A67EE277AE7EE267A60
:1039D00005E0DFED566A9FED567AC6EE877A17EE60
:1039E000900A02B030BC7047DDED017A9FED507A4D
:1039F00077EEE76AC6EE877A17EE900A02B030BC1F
:103A00007047DDED017A77EEA77A17EE900A02B0E3
:103A100030BC7047B0EE006A37EE066A9FED452A6B
:103A2000DFED453ADFED454ADFED452A9FED454A9A
:103A3000DFED456ADFED457A4549C7EE065AC4F524
:103A40005712214402F522720A43002A06EE103A68
:103A500025EEA55AB8EEC63A25EE056AE6EE023A1C
:103A6000A6EE224AE3EE864AE4EE067AE4EE866AA1
:103A700066EE856AE7EE866A3BDDB6EE006A27EE03
:103A8000066A26EE076A76EE866A66EEA56A03BBCC
:103A900076EE666A77EE667AA1E700256AE7DFEDE3
:103AA0002D6AF6EE007AE7EE667A67EE076A67EE51
:103AB000A67ADBB106EE903ADFED1A5A9FED1A6A4C
:103AC000F8EEE66AE6EEE57A77EEC77AD6EE867A23
:103AD00085E7DFED147ADFED145AE3EE276A76EE20
:103AE000667A77EEC77AD3EE257A78E777EE677A4B
:103AF00075E777EE667A67EEA57A002BF6D09FED34
:103B0000096ADFED096AE3EE467A77EEC77AD3EE0B
:103B1000267A64E7DFED067A61E700BF0000004C1B
:103B200020FB4A00D1F717378071313F000000CCED
:103B3000000000009788173E25333A3E2549923E03
:103B40004FD01C3E298E633EABAA2A3FCDCCCC3E43
:103B5000305CCFFFABAAAA3E03F0004321F0004245
:103B600042EA0301704700BF01F0004120F000402D
:103B70000843704710B5054C13462CB10A46014660
:103B80000220AFF3008010BD2046FCE700000000DB
:103B9000014B1868704700BF2421002008B5074B6F
:103BA000044613B10021AFF30080054B1868836A07
:103BB00003B19847204600F061FF00BF00000000FD
:103BC0006087040070B50D4E0D4CA41BA410002599
:103BD000A54209D10B4E0C4C01F022F9A41BA410F4
:103BE0000025A54205D170BD56F82530984701350E
:103BF000EEE756F8253098470135F2E764230020B8
:103C0000642300206423002088230020024B014607
:103C1000186800F09FBF00BF2421002038B5074C72
:103C20000023054608461146236000F01FFF431C91
:103C300002D1236803B12B6038BD00BF404700208C
:103C4000084B37B51C68084D236A002B08BF2B466C
:103C5000009313460A460146204600F0C9FF03B010
:103C600030BD00BF2421002088210020084B37B53B
:103C70001C68084D236A002B08BF2B46009313468F
:103C80000A460146204601F02EF803B030BD00BFC1
:103C9000242100208821002081F0004102E000BFA3
:103CA00083F0004330B54FEA41044FEA430594EAFC
:103CB000050F08BF90EA020F1FBF54EA000C55EA37
:103CC000020C7FEA645C7FEA655C00F0E2804FEA08
:103CD0005454D4EB5555B8BF6D420CDD2C4480EAEA
:103CE000020281EA030382EA000083EA010180EA1A
:103CF000020281EA0303362D88BF30BD11F0004F68
:103D00004FEA01314FF4801C4CEA113102D040429D
:103D100061EB410113F0004F4FEA03334CEA1333D8
:103D200002D0524263EB430394EA050F00F0A780F0
:103D3000A4F10104D5F1200E0DDB02FA0EFC22FAEB
:103D400005F2801841F1000103FA0EF2801843FADF
:103D500005F359410EE0A5F120050EF1200E012AD0
:103D600003FA0EFC28BF4CF0020C43FA05F3C0180E
:103D700051EBE37101F0004507D54FF0000EDCF187
:103D8000000C7EEB00006EEB0101B1F5801F1BD330
:103D9000B1F5001F0CD349085FEA30004FEA3C0C34
:103DA00004F101044FEA445212F5800F80F09A802A
:103DB000BCF1004F08BF5FEA500C50F1000041EB2E
:103DC000045141EA050130BD5FEA4C0C404141EB32
:103DD000010111F4801FA4F10104E9D191F0000F59
:103DE00004BF01460020B1FA81F308BF2033A3F1DC
:103DF0000B03B3F120020CDA0C3208DD02F1140CD3
:103E0000C2F10C0201FA0CF021FA02F10CE002F10D
:103E10001402D8BFC2F1200C01FA02F120FA0CFC06
:103E2000DCBF41EA0C019040E41AA2BF01EB04514F
:103E3000294330BD6FEA04041F3C1CDA0C340EDC4D
:103E400004F11404C4F1200220FA04F001FA02F390
:103E500040EA030021FA04F345EA030130BDC4F14E
:103E60000C04C4F1200220FA02F001FA04F340EA43
:103E70000300294630BD21FA04F0294630BD94F0F4
:103E8000000F83F4801306BF81F480110134013DDB
:103E90004EE77FEA645C18BF7FEA655C29D094EA4C
:103EA000050F08BF90EA020F05D054EA000C04BFCA
:103EB0001946104630BD91EA030F1EBF00210020B5
:103EC00030BD5FEA545C05D14000494128BF41F054
:103ED000004130BD14F580043CBF01F5801130BDB8
:103EE00001F0004545F0FE4141F470014FF0000043
:103EF00030BD7FEA645C1ABF194610467FEA655CF4
:103F00001CBF0B46024650EA013406BF52EA033595
:103F100091EA030F41F4002130BD00BF90F0000F83
:103F200004BF0021704730B54FF4806404F13204BF
:103F30004FF000054FF0000150E700BF90F0000F78
:103F400004BF0021704730B54FF4806404F132049F
:103F500010F0004548BF40424FF000013EE700BF6F
:103F600042004FEAE2014FEA31014FEA02701FBFFF
:103F700012F07F4393F07F4F81F06051704732F031
:103F80007F4208BF704793F07F4F04BF41F4002188
:103F9000704730B54FF4607401F0004521F00041E6
:103FA0001CE700BF50EA010208BF704730B54FF070
:103FB00000050AE050EA010208BF704730B511F071
:103FC000004502D5404261EB41014FF4806404F1A9
:103FD00032045FEA915C3FF4D8AE4FF003025FEA2F
:103FE000DC0C18BF03325FEADC0C18BF033202EBB3
:103FF000DC02C2F1200300FA03FC20FA02F001FA0D
:1040000003FE40EA0E0021FA02F11444BDE600BFAF
:1040100070B54FF0FF0C4CF4E06C1CEA11541DBF5E
:104020001CEA135594EA0C0F95EA0C0F00F0DEF829
:104030002C4481EA030621EA4C5123EA4C5350EA0E
:10404000013518BF52EA033541F4801143F480135F
:1040500038D0A0FB02CE4FF00005E1FB02E506F0F0
:104060000042E0FB03E54FF00006E1FB03569CF045
:10407000000F18BF4EF0010EA4F1FF04B6F5007F4B
:1040800064F5407404D25FEA4E0E6D4146EB0606BD
:1040900042EAC62141EA55514FEAC52040EA5E5046
:1040A0004FEACE2EB4F1FD0C88BFBCF5E06F1ED8F0
:1040B000BEF1004F08BF5FEA500E50F1000041EB27
:1040C000045170BD06F0004646EA010140EA0200D4
:1040D00081EA0301B4EB5C04C2BFD4EB0C0541EAF6
:1040E000045170BD41F480114FF0000E013C00F30B
:1040F000AB8014F1360FDEBF002001F0004170BD2F
:10410000C4F10004203C35DA0C341BDC04F1140447
:10411000C4F1200500FA05F320FA04F001FA05F2D3
:1041200040EA020001F0004221F0004110EBD370A0
:1041300021FA04F642EB06015EEA430E08BF20EACC
:10414000D37070BDC4F10C04C4F1200500FA04F36F
:1041500020FA05F001FA04F240EA020001F0004101
:1041600010EBD37041F100015EEA430E08BF20EA74
:10417000D37070BDC4F1200500FA05F24EEA020EBC
:1041800020FA04F301FA05F243EA020321FA04F0EB
:1041900001F0004121FA04F220EA020000EBD370A2
:1041A0005EEA430E08BF20EAD37070BD94F0000FA2
:1041B0000FD101F00046400041EB010111F4801FD6
:1041C00008BF013CF7D041EA060195F0000F18BF87
:1041D000704703F00046520043EB030313F4801FC3
:1041E00008BF013DF7D043EA0603704794EA0C0F7D
:1041F0000CEA135518BF95EA0C0F0CD050EA410693
:1042000018BF52EA4306D1D181EA030101F000410F
:104210004FF0000070BD50EA410606BF1046194637
:1042200052EA430619D094EA0C0F02D150EA013643
:1042300013D195EA0C0F05D152EA03361CBF104684
:1042400019460AD181EA030101F0004141F0FE4123
:1042500041F470014FF0000070BD41F0FE4141F4A7
:10426000780170BD70B54FF0FF0C4CF4E06C1CEAA7
:1042700011541DBF1CEA135594EA0C0F95EA0C0F5C
:1042800000F0A7F8A4EB050481EA030E52EA033517
:104290004FEA013100F088804FEA03334FF0805538
:1042A00045EA131343EA12634FEA022245EA111565
:1042B00045EA10654FEA00260EF000419D4208BF16
:1042C000964244F1FD0404F5407402D25B084FEAC3
:1042D0003202B61A65EB03055B084FEA32024FF46F
:1042E00080104FF4002CB6EB020E75EB030E22BFCC
:1042F000B61A754640EA0C005B084FEA3202B6EB8C
:10430000020E75EB030E22BFB61A754640EA5C003A
:104310005B084FEA3202B6EB020E75EB030E22BFCA
:10432000B61A754640EA9C005B084FEA3202B6EBCB
:10433000020E75EB030E22BFB61A754640EADC008A
:1043400055EA060E18D04FEA051545EA16754FEAEC
:1043500006164FEAC30343EA52734FEAC2025FEA0A
:104360001C1CC0D111F4801F0BD141EA00014FF099
:1043700000004FF0004CB6E711F4801F04BF01436A
:104380000020B4F1FD0C88BFBCF5E06F3FF6AFAE86
:10439000B5EB030C04BFB6EB020C5FEA500C50F116
:1043A000000041EB045170BD0EF0004E4EEA113199
:1043B00014EB5C04C2BFD4EB0C0541EA045170BDA0
:1043C00041F480114FF0000E013C90E645EA060EE4
:1043D0008DE60CEA135594EA0C0F08BF95EA0C0F12
:1043E0003FF43BAF94EA0C0F0AD150EA01347FF45A
:1043F00034AF95EA0C0F7FF425AF104619462CE731
:1044000095EA0C0F06D152EA03353FF4FDAE104693
:10441000194622E750EA410618BF52EA43067FF4E4
:10442000C5AE50EA41047FF40DAF52EA43057FF474
:10443000EBAE12E74FF0FF3C06E000BF4FF0010C7F
:1044400002E000BF4FF0010C4DF804CD4FEA410CE3
:104450007FEA6C5C4FEA430C18BF7FEA6C5C1BD0B0
:1044600001B050EA410C0CBF52EA430C91EA030F31
:1044700002BF90EA020F0020704710F1000F91EA8E
:10448000030F58BF994208BF90422CBFD8176FEA5C
:10449000E37040F0010070474FEA410C7FEA6C5C2A
:1044A00002D150EA013C07D14FEA430C7FEA6C5C31
:1044B000D6D152EA033CD3D05DF8040B704700BF5D
:1044C0008446104662468C461946634600E000BFAB
:1044D00001B5FFF7B7FF002848BF10F1000F01BD7D
:1044E0004DF808EDFFF7F4FF0CBF012000205DF848
:1044F00008FB00BF4DF808EDFFF7EAFF34BF0120CD
:1045000000205DF808FB00BF4DF808EDFFF7E0FF65
:1045100094BF012000205DF808FB00BF4DF808EDB6
:10452000FFF7CEFF94BF012000205DF808FB00BF1D
:104530004DF808EDFFF7C4FF34BF012000205DF8FF
:1045400008FB00BF4FEA410C7FEA6C5C02D150EAE5
:10455000013C0AD14FEA430C7FEA6C5C02D152EA7B
:10456000033C02D14FF0000070474FF0010070474C
:104570004FEA410212F5001215D211D56FF478738B
:10458000B3EB625212D94FEAC12343F0004343EA2E
:10459000505311F0004F23FA02F018BF4042704709
:1045A0004FF00000704750EA013005D111F0004093
:1045B00008BF6FF0004070474FF00000704700BF29
:1045C0004A0011D212F5001211D20DD56FF4787392
:1045D000B3EB62520ED44FEAC12343F0004343EAE7
:1045E000505323FA02F070474FF00000704750EA32
:1045F000013002D14FF0FF3070474FF0000070479C
:104600004FEA4102B2F1E04324BFB3F5001CDCF1F4
:10461000FE5C0DD901F0004C4FEAC0024CEA50702C
:10462000B2F1004F40EB830008BF20F0010070475B
:1046300011F0804F21D113F13872BCBF01F000405E
:10464000704741F480114FEA5252C2F11802C2F190
:10465000200C10FA0CF320FA02F018BF40F0010011
:104660004FEAC1234FEAD32303FA0CFC40EA0C00C3
:1046700023FA02F34FEA4303CCE77FEA625307D100
:1046800050EA01331EBF4FF0FE4040F44000704737
:1046900001F0004040F0FE4040F40000704700BFD1
:1046A00053B94AB9002908BF00281CBF4FF0FF3199
:1046B0004FF0FF3000F0D0B9ADF1080C6DE904CE39
:1046C00000F064F8DDF804E0DDE9022304B070478F
:1046D0002DE9F84382EAE274A4EBE2741546E2079E
:1046E00058BFDFF8609006460F4652BF4FF00008F3
:1046F00080468946640832463B463046394613D0E8
:10470000FFF786FCE30706460F46F3D540464946C9
:1047100032463B46FFF77CFC6408804689463246B9
:104720003B4630463946EBD1002D07DA42464B4630
:1047300000200449FFF796FD8046894640464946D9
:10474000BDE8F8830000F03FD0B500220D4B0646CF
:104750000F46FFF75DFCFFF733FF0446FFF7DEFB74
:104760000022094BFFF754FC02460B4630463946FF
:10477000FFF796FAFFF724FF00222346104319465D
:10478000D0BD00BF0000F03D0000F0412DE9F04732
:10479000089E04468846002B4BD18A42154667D9AD
:1047A000B2FA82F24AB1C2F1200701FA02F320FA0A
:1047B00007F7954047EA030894404FEA154E230C4B
:1047C000B8FBFEF71FFA85FC0EFB178843EA084387
:1047D00007FB0CF1994209D9EB1807F1FF3080F083
:1047E0001B81994240F21881023F2B445B1AA4B20C
:1047F000B3FBFEF00EFB103344EA034400FB0CFC59
:10480000A44509D92C1900F1FF3380F00781A44594
:1048100040F2048102382C4440EA0740A4EB0C0427
:1048200000271EB1D4400023C6E900433946BDE845
:10483000F0878B4209D9002E00F0EB800027C6E9F3
:10484000000138463946BDE8F087B3FA83F7002FF8
:1048500047D18B4202D3824200F2FA80841A61EB84
:10486000030301209846002EE0D0C6E90048DDE7AA
:1048700002B9FFDEB2FA82F2002A40F08F80491BB3
:104880004FEA154E1FFA85F80127B1FBFEFC230CF9
:104890000EFB1C1143EA014308FB0CF1994207D9B6
:1048A000EB180CF1FF3002D2994200F2CD80844621
:1048B000591AA3B2B1FBFEF00EFB101443EA0444F4
:1048C00008FB00F8A04507D92C1900F1FF3302D2EC
:1048D000A04500F2B6801846A4EB080440EA0C405C
:1048E0009FE7C7F1200CBB4022FA0CFE4EEA030EF4
:1048F00001FA07F420FA0CF521FA0CF34FEA1E48EE
:104900002543B3FBF8F92C0C08FB19331FFA8EFA78
:1049100044EA034309FB0AF49C4202FA07F200FA54
:1049200007F10BD91EEB030309F1FF3080F08780FC
:104930009C4240F28480A9F1020973441B1BADB272
:10494000B3FBF8F008FB103345EA034400FB0AFA16
:10495000A24508D91EEB040400F1FF336BD2A24537
:1049600069D90238744440EA0940A0FB0289A4EBEB
:104970000A044C45C2464B4654D351D0002E69D050
:10498000B1EB0A0564EB030404FA0CFCFD40FC40A7
:104990004CEA0505C6E90054002747E7C2F12003A9
:1049A00020FA03F7954001FA02F021FA03F34FEAE7
:1049B000154E3843010CB3FBFEF71FFA85F80EFBCA
:1049C000173341EA034107FB08F38B4204FA02F470
:1049D00007D9691807F1FF3C2FD28B422DD9023F2E
:1049E0002944CB1A81B2B3FBFEF00EFB103341EA2F
:1049F000034100FB08F38B4207D9691800F1FF3C23
:104A000017D28B4215D902382944C91A40EA074700
:104A10003BE73746304609E70746E7E61846FBE638
:104A20004145ABD2B8EB020A69EB0E0201381346DE
:104A3000A4E76046E9E7184695E76746D1E781466F
:104A40007CE702382C4447E7ACF1020C2B442FE7FB
:104A5000384608E73746E9E6704700BF024B582260
:104A60001A604FF0FF30704740470020024B582239
:104A70001A604FF0FF30704740470020FEE700BF4C
:104A8000ECF7BAB90B4601461846FFF773B810B5F4
:104A9000002814BF044601242046ECF787F930B9FA
:104AA000FCF7BCF908B900F00FF88047F4E710BD37
:104AB00008B500F004F808B5804700F005F808B51F
:104AC000FCF7B4F9FFF7F7FF08B50620FFF79EF8EB
:104AD0000120FFF7D3FF0A220021FFF7B1B830B55C
:104AE0000024A24201D1002007E0035D01340D192A
:104AF00015F8015CAB42F4D0581B30BD10B5431E15
:104B00000A44914200D110BD11F8014B03F8014F46
:104B1000F7E7884210B501EB020307D8421E99421D
:104B20000AD011F8014B02F8014FF8E78342F5D99A
:104B30008118D21AD34200D110BD13F8014D01F8EB
:104B4000014DF7E702440346934200D1704703F852
:104B5000011BF9E71F2938B504460D4604D9162371
:104B600003604FF0FF3038BD426C12B152F8213073
:104B70004BB9204600F016F82A4601462046BDE80B
:104B80003840FFF74BB8012B0AD0591C03D116232C
:104B900003600120E7E7002442F8254028469847B3
:104BA0000020E0E7FFF75ABF10F8012B11F8013B96
:104BB000012A28BF9A42F7D0D01A7047034613F84B
:104BC000012B002AFBD1181A0138704710B56AB1C1
:104BD0000139841810F8013B11F8012F934203D1D9
:104BE000A04201D0002BF5D1981A10BD1046FCE769
:104BF0002DE9F0478046894692461E460F463D46BF
:104C0000089815F8014B00F0E8F82044437813F0B9
:104C1000080332D12D2C32D17C78BD1C0122002E0C
:104C20005DD0102E09D1302C07D12B7803F0DF0393
:104C3000582B4FD16C7810260235002A14BF4FF044
:104C400000416FF000410027B1FBF6FC384606FB3F
:104C50001C1EA4F13003092B17D81C46A64223DDE5
:104C60007B1C07D084451CD301D1A64519DB00FB72
:104C70000640012715F8014BEBE72F46BFE72B2C29
:104C800004BFBD1C7C781A46C9E7A4F14103192B67
:104C900001D8373CE2E7A4F16103192B04D8573C53
:104CA000DCE74FF0FF37E5E77B1C08D12223C8F88B
:104CB00000300846BAF1000F07D1BDE8F08702B115
:104CC0004042BAF1000FF8D00FB105F1FF39CAF830
:104CD0000090F2E73024002EAFD10826ADE7302C4B
:104CE000A3D00A26A9E72DE9F047804689469246D7
:104CF0001E460F463D46089815F8014B00F06DF82A
:104D00002044437813F0080330D12D2C30D17C7827
:104D1000BD1C0121002E5CD0102E09D1302C07D1F2
:104D20002B7803F0DF03582B4ED16C781026023518
:104D30004FF0FF320023B2FBF6F206FB02FC6FEAF3
:104D40000C0C1846A4F13007092F17D83C46A64290
:104D500023DD002B1EDB82421CD301D1A44519DBCD
:104D600000FB0640012315F8014BEBE72F46C1E796
:104D70002B2C04BFBD1C7C781946CBE7A4F141075E
:104D8000192F01D8373CE2E7A4F16107192F04D8A5
:104D9000573CDCE74FF0FF33E5E7002B09DA22232D
:104DA000C8F800304FF0FF30BAF1000F07D1BDE86E
:104DB000F08701B14042BAF1000FF8D00BB105F114
:104DC000FF39CAF80090F2E73024002EB0D108264F
:104DD000AEE7302CA4D00A26AAE7D0F8EC00704742
:104DE00082B001B901A942B14BB113780B601278BE
:104DF000101C18BF012002B070471046FBE76FF08F
:104E00000100F8E749B1FF2A85BF8A2303600A70D1
:104E10004FF0FF3098BF01207047084670470000F0
:104E2000F8B500BFF8BC08BC9E467047F8B500BF97
:104E3000F8BC08BC9E46704700000000000000005F
:104E40000108010842424242010801083ED8E98DAA
:104E5000F90B0200310C02004D0C0200650C02003F
:104E6000810C02009D0C0200B90C0200D50C02005E
:104E7000E50C02001D0D02006D0D0200950D0200F3
:104E8000090E0200510E0200610E0200710E0200B6
:104E9000C10E0200F90E0200090F0200C517020040
:104EA0005917020019540200D9570200E5570200B1
:104EB000FD57020039270200F15702007D5402001D
:104EC000B9570200A934020051270200F52A020056
:104ED000212A0200D1290200252C0200952402007B
:104EE000712602008126020095260200B1260200EA
:104EF000B52F0200052F020019350200713502009E
:104F0000715E0200755E0200D45504004056040034
:104F1000705604008058040005530200D954020062
:104F200031460200D53D0200915E0200895E02001A
:104F30008D5E0200593302006D310200DD31020046
:104F400025280200392802005928020019290200E8
:104F50002D290200652902008D230200DD260200B2
:104F6000F1260200F5260200FD26020009270200B4
:104F70001127020021270200292702003127020001
:104F80002131020051310200CD540200A958020023
:104F9000D5580200415902007D22020089220200F8
:104FA000E1220200E92202005D2602000D26020035
:104FB00009230200CD23020041250200D123020073
:104FC000152402007D2402008D240200FD30020021
:104FD000712C0200992C0200C12C0200192D020034
:104FE000452D0200F92A0200F12B0200292B0200B4
:104FF000592B0200812B0200A92B0200C92B0200B1
:10500000AD320200D1320200F53202001933020043
:10501000393302000131020011310200952F0200E4
:10502000A52F0200A52D0200BD260200C92D0200F9
:10503000812E0200952E0200A92E0200BD2E020034
:10504000D12E0200E52E0200CD260200D526020058
:10505000795E020039270200492702005127020029
:10506000B9270200BD270200C1270200D527020090
:10507000092802000D2802001D28020079290200DB
:105080008529020089290200593402008D35020069
:10509000A5350200C93502001D3602003D3602006A
:1050A000C93D0200E13D020035450200A53C040077
:1050B000F544040031450400A13C040065420400AD
:1050C00011400400C5170200E94602000D47020026
:1050D00011470200414702006D4702009D47020050
:1050E000A9470200ED4702001148020041480200B2
:1050F0006D480200754802007D48020089480200A0
:1051000099480200B50F0200E10F020041100200B1
:105110004D1002007D100200B9100200BD10020007
:10512000A5480200B14802001549020039490200B1
:105130005D490200754B020081490200254A0200C8
:105140005D4A0200694A0200794A0200854A02006B
:10515000A94A0200514B0200614B02007D2002006F
:105160008520020091200200952002009920020073
:105170009D200200A5200200BD200200C9200200DF
:10518000D5200200E1200200F520020031210200BA
:105190003521020041210200452102005521020073
:1051A0005D210200692102007921020085210200AF
:1051B0008D210200A1210200AD210200B1210200D7
:1051C000BD4B0200CD4B0200214C0200314C0200CD
:1051D000694C0200754C0200414C02004D4C02002B
:1051E000594C0200814C0200954C0200A94D02006E
:1051F000B94D0200C54D0200D14D0200FD4E020026
:10520000014F0200154F0200294F02003D4F0200DE
:10521000514F0200654F02008D4F0200994F02006E
:10522000C94F0200E94F0200ED4F02000150020099
:10523000515002009D500200A9500200F15002009E
:10524000195102002951020031510200B5520200E9
:10525000E55202007151020085510200E95102003D
:10526000FD510200155202006D52020095520200DB
:105270004D5B020091590200DD590200215A0200E3
:10528000515A0200695A0200C55A0200055B020029
:10529000115B0200355B0200415B02002511020038
:1052A0002911020041110200551102006D11020086
:1052B00081110200E514020021160200E51102002E
:1052C000E91102001912020045120200C512020083
:1052D000D11202001513020089130200A11302006B
:1052E000C9130200D1130200150F0200290F02009A
:1052F0003D0F0200510F0200650F0200790F0200FE
:105300008D0F0200A10F02000D5C0200355C02004F
:10531000495C02005D5C0200715C0200855C020079
:10532000995C0200AD5C02002D4D0200514D02005F
:10533000754D0200794D0200954D0200E15B0200BF
:105340008D5B0200D55B0200A93602001D3A020007
:10535000B5360200C1360200D15C0200F55C0200E5
:105360005D5D020000000000000000000000000081
:105370000338FDD870470000010000000000000065
:105380000A000000000000006400000000000000AF
:10539000E8030000000000001027000000000000EB
:1053A000A08601000000000040420F000000000045
:1053B000809698000000000000E1F5050000000064
:1053C00000CA9A3B0000000000E40B5402000000F9
:1053D00000E87648170000000010A5D4E80000009F
:1053E00000A0724E1809000000407A10F35A000025
:1053F0004FBB610567ACDD3F182D4454FB21E93FED
:105400009BF681D20B73EF3F182D4454FB21F93FDB
:10541000E2652F227F2B7A3C075C143326A6813C61
:10542000BDCBF07A8807703C075C143326A6913C0C
:10543000000000000000E03F000000000000E0BFAE
:105440000000E0FE422EE63F0000E0FE422EE6BFF6
:10545000763C7935EF39EA3D763C7935EF39EABD6E
:1054600000000000000000000000000000000080BC
:1054700000000040FB21F93F000000002D44743E75
:10548000000000809846F83C0000006051CC783B5A
:1054900000000080831BF0390000004020257A388E
:1054A000000000802282E336000000001DF3693511
:1054B000000000000000000051B1020051B10200E4
:1054C00051B10200E10A0200E50A020081B10200C6
:1054D00051B1020051B1020035B4020055B10200D1
:1054E00089B402005DB502006DB10200B112000086
:1054F000267930DAA26E0273B604384AB11200007F
:10550000267930DAA26E0273B6043849CFDBDFE4C5
:10551000E7ECF1F630313233343536373839616201
:10552000636465660000000072616E646F6D2073D5
:105530006565643A20256400525325643A25702F2E
:10554000256400002320257300000000232025731C
:105550003A20257000000000322E3000322E580014
:105560006661696C65642074797065206368656341
:105570006B20666F722025702040257000000000AF
:105580005654202570202D206F626A747970652032
:10559000256420636C6173734E6F202564000000E6
:1055A000756E68616E646C6564206578636570749F
:1055B000696F6E2C2076616C75653A006D69737346
:1055C000696E672070726F7065727479206F6E20DB
:1055D00025700000080003F9000000000100000031
:1055E00000000000B5210200A9340200E9210200F8
:1055F000B9210200C1210200C5210200E5210200FB
:10560000C92102005B5265664F626A656374207649
:10561000743D257020636C3D256420737A3D2564BC
:105620005D0000005B4E61746976652025705D0049
:105630005B2573202570203D2025735D0000000050
:10564000080004F900000000030000000000000052
:10565000B5210200A934020000000000DD21020093
:10566000000000000000000000000000000000003A
:105670000C0002F900000000020000000000000021
:10568000B5210200A934020000000000D921020067
:10569000000000000000000000000000000000000A
:1056A000D45504000700626F6F6C65616E000000E6
:1056B000D45504000900756E646566696E65640002
:1056C000405604000000000000000000D455040013
:1056D00000000000D4550400080066756E6374690C
:1056E0006F6E0000D45504000900756E646566692C
:1056F0006E656400D45504000800496E66696E69E1
:1057000074790000D455040003004E614E0000007F
:10571000D455040009002D496E66696E69747900DC
:10572000D455040004006E756C6C0000D455040060
:105730000400747275650000D455040005006661AC
:105740006C736500D455040008005B4F626A6563A2
:10575000745D0000D45504000A005B46756E6374E6
:10576000696F6E5D00000000D455040006006E7580
:105770006D62657200000000D455040006006F627F
:105780006A65637400000000D45504000600737459
:1057900072696E67000000002D2D4D41524B0000D4
:1057A00052503A25702F25640000000052473A25D8
:1057B000702F25640000000047432025642F2564D6
:1057C00020667265653B202564206D6178426C6FB0
:1057D000636B0000474320626C6F636B202564623B
:1057E0002040202570000000080004F9000000009F
:1057F00009000000000000007D460200854602000E
:10580000754602007946020000000000000000001A
:1058100000000000000000005265664D496D6167A0
:10582000652025702073697A653D256420782025E0
:10583000640000005265665265664C6F63616C20BF
:10584000257020763D257000526566436F6C6C654F
:105850006374696F6E2025702073697A653D2564D5
:10586000000000005265665265636F726420257007
:105870002073697A653D2564206279746573000040
:105880000C0005F90000000004000000000000000A
:10589000115402001D530200054602004946020051
:1058A00000000000000000000000000000000000F8
:1058B00076617269616E74206E6F7420737570709A
:1058C0006F727465643A2025730000005265664D5E
:1058D00061702025702073697A653D2564000000A1
:1058E0005365676D656E743A2025702C206C656E6B
:1058F0006774683A2025642C2073697A653A2025FC
:10590000640000002D3E2025640000004572726F87
:10591000723A202564205B25645D00005265664173
:105920006374696F6E2025702070633D2558207365
:10593000697A653D25640000140004F90000000048
:105940000800000000000000115302004D53020047
:105950001946020059460200000000000000000045
:105960000000000000000000080004F90000000032
:105970000700000000000000155402003D53020023
:105980001146020055460200000000000000000021
:1059900000000000000000000C0004F900000000FE
:1059A0000600000000000000095302000957020031
:1059B000FD45020045460200000000000000000016
:1059C00000000000000000000000000000000000D7
:1059D000955E02009D5E0200A15E02005160020021
:1059E00069FE0200F96002007D6102007A7667704C
:1059F00074756F6965617A76677074756F696561D2
:105A00007A76677074000000756E6B6E6F776E004B
:105A10001B1B000E1100000015160F1813000000CC
:105A20001C0B1F251E0000000000000000000000ED
:105A3000DD61020081000300D56102009161020076
:105A4000D1610200B5650200C5610200C1610200BA
:105A50000000000000000000955E02009D5E020054
:105A6000A15E02002583020069FE0200F1650200CA
:105A70001D660200B5180300B918030089870200EB
:105A8000CD180300C184020091820200D5180300E2
:105A9000C8FFFFFF00000000955E0200F130030028
:105AA000A15E0200E965020069FE020015660200BF
:105AB00049660200554249545F4C4F475F46535F69
:105AC000565F3030310A0000D05A04000800000050
:105AD00001000000020000000200000002000000BF
:105AE00003000000020000000400000001000000AC
:105AF0000500000004000000060000000100000096
:105B00000700000001000000080000000100000084
:105B10005549504D3A205245434549564544205534
:105B20004E4B4E574F4E204652414D45000000000F
:105B300057414B452046524F4D2052455345542026
:105B4000425554544F4E000057414B452046524F4A
:105B50004D205553420000004C4F4E4720524553B4
:105B6000455420425554544F4E20505245535300F3
:105B7000554E4B4E4F574E204B4C323720455645D5
:105B80004E5420434F4445205B25645D00000000D7
:105B90000000000000000000955E02009D5E020013
:105BA000D96C0200E965020069FE0200516802003A
:105BB000696802000000000000000000955E02001D
:105BC0009D5E0200FD720200E965020069FE0200AE
:105BD000057202001D720200E05B04000800000074
:105BE000010000000C0000000200000005000000A1
:105BF000030000000200000004000000010000009B
:105C00000500000001000000060000000200000086
:105C10000700000003000000080000000100000071
:105C20004552524F522045524153494E47000000C1
:105C30005452414E534143543A205B49324320571A
:105C400052495445204552524F525D005452414EE4
:105C5000534143543A205B4932432052454144204A
:105C60004552524F523A2025645D00005553425F21
:105C7000464C4153483A205472616E7361637469B3
:105C80006F6E204661696C65642E000000000000A4
:105C900000000000955E02009D5E0200A15E020011
:105CA000E965020069FE02002973020059730200CF
:105CB00039760200797602005D7A020015730200DF
:105CC000857A0200A57A020019730200F8FFFFFF2F
:105CD00000000000917302009D7A0200B57A020074
:105CE0002173020071760200517702007D7A020072
:105CF0000000000000000000BD7A0200057B0200E9
:105D00001D7B02000000000000000000657C020016
:105D1000C97A020051510300D57A0200DD7A0200EF
:105D20000000000000000000D58002009D810200FC
:105D3000D9800200DD800200E9800200FD800200BF
:105D4000B98102000000000000000000955E020022
:105D50009D5E0200A15E02002583020069FE020032
:105D6000518202006D820200B5180300B9180300C9
:105D700089870200CD180300C184020091820200CD
:105D8000D51803000000000000000000E9890200AF
:105D9000AD87020051510300B18702005951030041
:105DA000B5870200FD870200FCFFFFFF0000000036
:105DB000955E02009D5E0200A15E0200E9650200A0
:105DC00069FE0200F58702001188020067696767B3
:105DD0006C65000030313032333039383830313989
:105DE0003030383434303034343030383838313082
:105DF000323330303136303130303333303032348A
:105E00003030303030303030303030303030303092
:105E10003030303030303030303030302C31313084
:105E20003233323537303038373431313434303042
:105E3000343430303838383033353230303539302A
:105E4000313030333330303031303030303030304A
:105E50003030303030303030303031303030303041
:105E600030303030302C3331303233323732393019
:105E700032313130353434303238383930383838DE
:105E800030303931303036333030303030303030FF
:105E900032343037303030323030303030303030F3
:105EA00030303030333030303030303030302C33F0
:105EB00031303233323732393031303230353434B8
:105EC000303238383930383838303039313030368F
:105ED00033303030303030303032343037303030B2
:105EE00032303030303030303030303030333030AD
:105EF000303030303030302C333130323332373292
:105F00003930313134303534343032383839303852
:105F1000383830303931303036333030303030305E
:105F20003030323430373030303230303030303062
:105F3000303030303030333030303030303030305E
:105F4000000000006861707079000000303130326C
:105F50003331393932303636393131343430303406
:105F60003430303838383032363230303238303001
:105F70003030313830303032303530303030303011
:105F80003030303030303030303130303030303010
:105F9000303030302C3030323332323132393032EE
:105FA00039353038343430323430343038383830B1
:105FB00030303030303034303030323234303031D4
:105FC00031303030303030303030303030303030D0
:105FD000303030373530303030303030302C3030B9
:105FE0003030303231323930323935303934343082
:105FF0003234303430383838303134353030303471
:106000003030303232343030313130303030303086
:106010003030303030303030303030303735303074
:10602000303030303030000068656C6C6F0000003C
:106030003331303233303637333031393730323430
:10604000343031313837303838383130323330311C
:106050003238303030303030303032343030303030
:106060003030303030303030303030303030303030
:1060700030303030303030302C3330303030313020
:1060800036343030313630323434303039383130E3
:1060900038383830303030303132383030303030DD
:1060A00031303030343030303030303030303030EB
:1060B00030303030303030303030303030303030E0
:1060C000302C3331303233313036343032393330B2
:1060D0003234343030393831303838383130323386
:1060E00030313238303030303031303030343030A0
:1060F00030303030303030303030303030303030A0
:106100003030303030303030303000006D797374E2
:106110006572696F75730000343030303032333956
:10612000303033333130303434303234303430384E
:106130003838303437373030303430303032323431
:106140003030313130343030303030303030303049
:106150003030303030303830303030303030303037
:106160002C34303535313238343533383530303001
:1061700034343030343430303838383030303030F7
:1061800031323830333031303530303136303030F4
:1061900030303030303030303030303030303835F2
:1061A00030303035303030313500000073616400FC
:1061B00033313032333232323630373038303134B6
:1061C000343031363234303838383130323330319F
:1061D00032383030303030313030323430303030AE
:1061E00030303030303030303030303030303030AF
:1061F00030303030303030302C3331303233313693
:106200003233303933363032343430303933393058
:10621000383838303030303031323830303030305B
:106220003130303234303030303030303030303067
:10623000303030303030303030303030303030305E
:1062400030000000736C6964650000003130353245
:10625000303233323530323233303234343032341B
:106260003034303838383130323330313238303100
:106270003032303030303131303430303030303016
:10628000303030303030303030313030303030300D
:10629000303030302C3031303233323532303039EA
:1062A00031303032343430303434303038383831C2
:1062B00030323330313238303130323234303031C4
:1062C00031303430303030303030303030303030C9
:1062D000303031303030303030303030300000004D
:1062E000736F6172696E670032313032333430302F
:1062F000393533303930353434303539393930384F
:10630000383831303233303032323032303030346D
:106310003030303230323530303030303030303074
:10632000303030303032303030303030303030306B
:106330002C34303232333337323732373330313432
:106340003434303034343030383838303030303025
:10635000303331303130323434303030333030302B
:10636000303030303030303030303030303030302D
:1063700030303030303030303000000073707269AF
:106380006E670000333036353930303337313136CF
:1063900033313234343030353837303838383038BB
:1063A00030373030333430303030303030303234D9
:1063B00030303030303030303030303030303030DD
:1063C0003035303030303030303030302C303130CB
:1063D0003233303033373131363331333434303097
:1063E0003538373038383831303233303033313077
:1063F0003030303030303032343030303030303097
:106400003030303030303030303035303030303087
:1064100030303030300000007477696E6B6C65008E
:10642000303130313830303037363732323039343D
:10643000343030373536303838383038353530311B
:10644000323830303030303030303234303030303C
:10645000303030303030303030303030303030303C
:106460003030303030303030000000007961776EED
:1064700000000000323030303032323831313333C6
:1064800032303234343031353030303838383130E1
:1064900032333031323830313032343130303234DE
:1064A00030343030303330303030303030303030E5
:1064B0003031303030303030303030302C303035DA
:1064C00033313235323030393130303234343030AB
:1064D0003434303038383830363336303132383082
:1064E000313032323430303131303330303030309E
:1064F000303030303030303030303130303030309B
:1065000030303030302C3030383232303738343070
:106510003139303038343430303434303038383841
:10652000303638313030313630303030353530304B
:106530003234303030303030303030303030303055
:1065400030303030353030303030303030302C304A
:1065500030343739303738343031393030383434FA
:1065600030303434303038383830323938303031F7
:10657000363030303030303030323430303030300F
:106580003030303030303030303030303035303006
:10659000303030303030302C3030333231303738EA
:1065A00034303139303038343430303434303038BD
:1065B00038383031303830303136303030303333B5
:1065C00030303038303030303030303030303030C3
:1065D00030303030303035303030303030303030B6
:1065E00000000000000000000000000019950200FB
:1065F000219502002995020041950200499502006B
:1066000051950200599502006995020079950200A2
:1066100085950200959502009D950200A5950200C2
:10662000B5950200BD950200C5950200DD950200FA
:10663000E5950200ED950200F5950200FD9502003A
:10664000059602003D960200419602005596020012
:1066500000000000000000001995020021950200D2
:106660002995020091980200499502004596020082
:1066700059950200699502007995020085950200FE
:10668000959502009D950200CD980200BD980200EC
:106690004D96020001970200DD950200E59502008B
:1066A000ED950200F5950200FD95020005960200A9
:1066B0003D960200F9980200B99902006196020025
:1066C000ECFFFFFF00000000955E02009D5E0200EF
:1066D000F9960200E965020069FE020035990200A0
:1066E000759902000C6704000C0000003C67040070
:1066F0000600000054670400040000006467040002
:106700000700000080670400070000000000803FD1
:106710006D56853F0000903F9A99993F0000A03F39
:1067200093A9AA3FA301B43F0000C03FCDCCCC3F0A
:106730006D56D53F6666E63F0000F03F0000803FA3
:106740000000903F0000A03FA301B43FCDCCCC3F60
:106750006666E63F0000803F9A99993FA301B43FE7
:106760006D56D53F0000803F0000903F0000A03FE5
:1067700093A9AA3F0000C03F6D56D53F0000F03FEF
:106780000000803F0000903F9A99993F93A9AA3F4B
:106790000000C03FCDCCCC3F6666E63F0000000065
:1067A00000000000D19C020051B1020051B1020072
:1067B000799C02007D9C020081B10200219F0200B1
:1067C000819F020035B4020055B1020089B4020075
:1067D0005DB502006DB10200AAFE0100FFFF1400CA
:1067E0000500FFFFFFFFFFFFFFFFFFFFFFFF00FFB1
:1067F000FFFF000000FFFFFFFFFFFFFFFF00FFFFA5
:10680000FF000000FF0000000000FFFF00FFFFFF8F
:10681000000000FF00000000000000000000FFFF7B
:10682000FFFFFFFFFF00FFFFFF000000FF00000071
:106830000000FFFFFFFFFFFFFFFFFFFFFFFF00FF65
:10684000FFFF000000FF00000000FFFF00FF00FF4F
:1068500000FF00FFFFFF00FF00FF00FF0000FFFF41
:1068600000000000D8ECF0F4F8FC0004302C302CD0
:106870003235352C302C300A302C3235352C302C3A
:10688000302C300A3235352C3235352C3235352C1A
:106890003235352C3235350A302C3235352C302C0A
:1068A000302C300A302C302C3235352C302C300A3C
:1068B00000000000302C302C302C302C300A302CD2
:1068C000302C302C302C3235350A302C302C302CFA
:1068D0003235352C300A3235352C302C3235352CCA
:1068E000302C300A302C3235352C302C302C300AFC
:1068F000000000003235352C302C302C302C323555
:10690000350A302C3235352C302C3235352C300AC6
:10691000302C302C3235352C302C300A302C32359E
:10692000352C302C3235352C300A3235352C302C84
:10693000302C302C3235350A000000005265626F71
:106940006F744D6F64650000205B000056322E307E
:106950000000000020000000000000000000000017
:10696000955E02009D5E020031A102009DA2020020
:1069700069FE020001A102006DA30200534F4654BC
:106980004445564943453A20415353455254494F93
:106990004E204641494C454400000000534F4654A8
:1069A0004445564943453A20494E56414C494420B6
:1069B0004D454D4F5259204143434553530000002C
:1069C00053444B3A20415353455254494F4E20466D
:1069D00041494C454400000053444B3A2045525233
:1069E0004F52000053444B3A20554E4B4E4F574E9A
:1069F000204641554C540000424243206D69637269
:106A00006F3A626974000000E95D0000251D470AC5
:106A1000A062FA1922DFA9A800000000000000000F
:106A200051B1020051B1020051B10200B14A04005B
:106A3000B14A040081B1020051B1020051B102001B
:106A400035B4020055B1020089B402005DB5020000
:106A50006DB10200000000000000000051B1020012
:106A600051B1020051B1020051B6020055B6020008
:106A700081B1020031BA020039BA020035B4020015
:106A800055B1020089B402005DB502006DB102008B
:106A90002E636F6D2F0000002E6F72672F000000B5
:106AA0002E6564752F0000002E6E65742F000000A7
:106AB0002E696E666F2F00002E62697A2F0000002B
:106AC0002E676F762F0000002E636F6D00000000B0
:106AD0002E6F7267000000002E65647500000000D4
:106AE0002E6E6574000000002E696E666F00000057
:106AF0002E62697A000000002E676F7600000000A9
:106B0000687474703A2F2F7777772E0068747470DA
:106B1000733A2F2F7777772E000000006874747017
:106B20003A2F2F0068747470733A2F2F0000000002
:106B30000000000000000000BDBE0200CDBC02004D
:106B400051B10200C1BB0200C5BB020081B102000D
:106B500051B1020051B1020035B4020055B102003A
:106B600089B402005DB502006DB10200C1BF020030
:106B700019BC02006DBC0200F8FFFFFF000000001E
:106B8000955E02009D5E020011C00200E9650200F0
:106B900069FE020041BC02009DBC02000000000032
:106BA00000000000DDC0020055C5020051B1020026
:106BB00019C002001DC0020081B1020051B10200E3
:106BC00051B1020035B4020055B1020089B402008F
:106BD0005DB502006DB1020091C5020029C002003E
:106BE0007DC00200F8FFFFFF00000000955E02007C
:106BF0009D5E0200E9C50200E965020069FE02002F
:106C000051C00200ADC00200000000000000000002
:106C100079C6020001C6020051B10200F1C50200AE
:106C2000F5C5020081B1020051B1020051B102006C
:106C300035B4020055B1020089B402005DB502000E
:106C40006DB10200000000000000000081C80200D9
:106C500051B1020051B1020029C802002DC8020042
:106C600081B10200E1CC020041CD020035B4020046
:106C700055B1020089B402005DB502006DB1020099
:106C800001AA0000666C617368496E636F6D706C79
:106C90006574650045726173652070616765206188
:106CA0007420257800000000E97D0000251D470ABA
:106CB000A062FA1922DFA9A800000000000000006D
:106CC00065CF020051B1020051B1020049CD02006E
:106CD0004DCD020081B1020051B1020051B102005C
:106CE00035B4020055B1020089B402005DB502005E
:106CF0006DB10200000000000000000091D302000E
:106D000051B1020051B1020039D302003DD302005B
:106D100081B10200C5D5020025D6020035B40200BB
:106D200055B1020089B402005DB502006DB10200E8
:106D30006E400000B5A3F393E0A9E50E24DCCA9EE3
:106D4000000000000000000089D7020051B10200DD
:106D500011D702002DD6020031D6020081B1020007
:106D600051B102003DD6020035B4020055B1020017
:106D700089B402005DB502006DB1020000000000A0
:106D80000000000035790300297D0300F979030034
:106D90006D830300117A03004D7C03007D7A0300AC
:106DA0008D7A0300C17A0300CD7A03005D7F030072
:106DB00045840300DD7A0300957C0300417E0300D7
:106DC000ED7A0300057B0300E5950200ED950200D6
:106DD00015820300C5810300C57D0300657B0300A8
:106DE00025DD02005DDD0200E8FFFFFF000000007E
:106DF000955E020059340300A15E02004535030090
:106E000069FE020041DD02007DDD02002134030045
:106E10009D350300FFFFFFFF00000001000200039B
:106E2000000401000101010201030104020002014A
:106E3000020202030204030003010302030303042A
:106E40000400040104020403040400000000000024
:106E500000000000DD610200F1DD0200D5610200EA
:106E600091610200D1610200B5650200C5610200B6
:106E700055DE020039C60100EDDD02006119020095
:106E8000591E0200FCFFFFFF00000000E5E20200C7
:106E90009D5E0200F5DE0200E965020069FE020067
:106EA000051B0200AD1C02000000000000000000F5
:106EB000955E02009D5E0200A15E0200E96502008F
:106EC0003DE80200EDE2020019E30200302C323509
:106ED000352C302C3235352C300A302C3235352CCF
:106EE000302C3235352C300A302C302C302C302CD4
:106EF000300A3235352C302C302C302C3235350AD6
:106F0000302C3235352C3235352C3235352C300A93
:106F10000000000054494C5420544F2046494C4C2A
:106F20002053435245454E2000000000636F6D70B2
:106F300061737343616C00000000010002000300F4
:106F40000400000101010201030104010002010229
:106F50000202030204020003010302030303040309
:106F6000000401040204030404040000464F554ECB
:106F700044205550595F4D4147494300507974684A
:106F80006F6E204C61796F7574205265636F726407
:106F90002E205265636F72643A2025642048617325
:106FA0006820547970653A202564205374617274A6
:106FB0003A202578204C656E6774683A2025782041
:106FC000486173683A202578202578004861736805
:106FD0002066726F6D2076657273696F6E207374B0
:106FE00072696E673A2025780000000000000000FA
:106FF00000000000955E02009D5E02002DF8020078
:1070000035FB020069FE0200F5F702000DF80200F0
:107010000000000000000000D96F03009119030078
:10702000911903009919030099190300A11903008C
:107030004D720300BD19030015730300397003007E
:10704000DD1903000000000000000000955E020052
:107050009D5E0200A15E0200E965020069FE020079
:10706000FDFD020031FE020030780000444D455322
:1070700047206C696E6520746F6F206C6F6E67219E
:107080000A000000250000003F3F3F000D0A0000FD
:107090000000000000000000955E02009D5E0200FE
:1070A000A15E0200E965020069FE020069100300AA
:1070B00081100300651003000000000000000000C4
:1070C000955E02009D5E0200A15E0200E96502007D
:1070D00069FE0200DD100300F51003005D110300DE
:1070E000CD10030015110300D1100300D5100300CB
:1070F000D51003009D1403000000000000000000F4
:10710000955E02009D5E0200A15E0200E96502003C
:1071100069FE020099150300B11503008D150300E7
:1071200039160300951503008D150300D1150300D2
:107130000000000000000000955E02009D5E02005D
:10714000A15E0200E965020069FE0200F518030075
:107150001D190300B5180300B9180300BD1803007A
:10716000CD180300D1180300D1180300D51803006F
:1071700000000000000000008919030091190300BD
:10718000911903009919030099190300A11903002B
:10719000411A0300BD190300D51A0300FD190300AD
:1071A000DD1903000000000000000000955E0200F1
:1071B0009D5E02000D1D0300E965020069FE0200EC
:1071C0000000000000000000B14A0400B14A0400C1
:1071D000B14A0400B14A0400B14A0400B14A0400B3
:1071E000B51B03006921030000000000000000003F
:1071F000792603006926030000000000000000005B
:10720000955E0200F1300300A15E0200E965020014
:1072100069FE0200912D0300D12D03000000000043
:1072200000000000955E020059340300A15E0200D8
:107230004535030069FE0200293403003D34030094
:10724000213403009D350300587204000300000040
:10725000707204000800000002000000000000003E
:10726000040000000100000008000000020000000F
:10727000C40900000000000088130000080000009E
:107280001027000010000000204E00001800000031
:10729000803801002000000000710200280000007A
:1072A00000E20400300000000088130038000000F5
:1072B000493243204552524F523A2046584F533894
:1072C0003730305F4354524C5F5245473100000025
:1072D000493243204552524F523A2046584F533874
:1072E0003730305F4D5F4354524C5F524547310059
:1072F000493243204552524F523A2046584F533854
:107300003730305F4D5F4354524C5F524547320037
:10731000493243204552524F523A2046584F533833
:107320003730305F4354524C5F52454733000000C2
:10733000493243204552524F523A2046584F533813
:107340003730305F4354524C5F52454734000000A1
:10735000493243204552524F523A2046584F5338F3
:107360003730305F4354524C5F5245473500000080
:10737000493243204552524F523A2046584F5338D3
:107380003730305F58595A5F444154415F43464754
:10739000000000000000000000000000955E0200F8
:1073A0009D5E020031360300E965020069FE0200BD
:1073B000B9370300E53703005D110300CD1003006A
:1073C00015110300D11003004136030019380300E2
:1073D0009D140300BCFFFFFF00000000955E02004B
:1073E0009D5E020039360300E965020069FE020075
:1073F000DD37030011380300B137030039160300ED
:107400009515030025390300D11503001C740400F1
:10741000040000003C7404000900000002000000A9
:107420000000000004000000100000000800000040
:107430002000000010000000300000006902000081
:1074400080000000E802000090000000C409000075
:10745000700000008813000060000000102700008A
:1074600050000000204E000040000000409C000042
:1074700030000000A08601002000000040420F0004
:10748000100000004C534D33303320494E49543ADC
:10749000204552524F522057524954494E47204C92
:1074A000534D3330335F4354524C5F524547315F45
:1074B000410000004C534D33303320494E49543A7B
:1074C000204552524F522057524954494E47204C62
:1074D000534D3330335F4354524C5F524547335F13
:1074E000410000004C534D33303320494E49543A4B
:1074F000204552524F522057524954494E47204C32
:10750000534D3330335F4354524C5F524547345FE1
:10751000410000000000000000000000955E020035
:107520009D5E0200F93E03000140030069FE020077
:10753000D13F0300E53F03005D110300CD100300C0
:1075400015110300D1100300013F0300394003006F
:107550009D1403005C750400040000001027000067
:107560000C000000204E00000800000050C3000086
:1075700004000000A0860100000000004C534D33C1
:10758000303320494E49543A204552524F522057E9
:10759000524954494E47204C534D3330335F434694
:1075A000475F5245475F415F4D0000004C534D33EC
:1075B000303320494E49543A204552524F522057B9
:1075C000524954494E47204C534D3330335F434664
:1075D000475F5245475F435F4D00000000000000D9
:1075E00000000000955E02009D5E02006D410300F8
:1075F0002D42030069FE0200FD4103001142030019
:107600007541030039160300951503006542030018
:10761000D1150300000000000000000059430300E2
:1076200041FC020049FC0200694303000000000025
:1076300000000000E148030065440300CD4303005F
:107640006D430300FD45030089460300F4FFFFFF7F
:1076500000000000955E02009D5E0200A15E020037
:10766000E965020069FE0200814603009D460300B1
:107670000000000000000000955E02009D5E020018
:10768000A15E0200E965020069FE0200AD49030047
:10769000C149030051490300000000000000000040
:1076A000955E020059340300A15E020045350300D7
:1076B00069FE0200654D0300854D0300213403007F
:1076C0004D4D03000000000000000000955E020028
:1076D0009D5E0200A15E0200E965020069FE0200F3
:1076E000C950030039510300E54F0300614E030008
:1076F000ED4E03000000000000000000995103005F
:107700004D510300515103005551030059510300DD
:107710000000000000000000ED5103006151030073
:10772000795103007151030059510300695203005C
:10773000FCFFFFFF000000003D53030000000000BD
:1077400000000000955E02009D5E0200A15E020046
:10775000E965020069FE02004D5403006D54030008
:1077600095540300F8FFFFFF00000000E5550300FB
:1077700000000000000000000158030079570300DA
:107780004157030061570300FCFFFFFF00000000AA
:10779000895703004D51030051510300595703000D
:1077A000715703000000000000000000000000000E
:1077B00000000000000000000000010001000100C6
:1077C00001000200020002000300030003000400A5
:1077D0000400050005000600060007000700080079
:1077E0000800090009000A000B000B000C000D0046
:1077F0000D000E000F001000100011001200130009
:1078000014001500160016001700180019001A00C1
:107810001B001C001D001E00200021002200230070
:10782000240025002600280029002A002B002D0016
:107830002E002F00310032003300350036003800B2
:1078400039003A003C003D003F0040004200440047
:107850004500470048004A004C004D004F005100D1
:10786000520054005600570059005B005D005F0055
:10787000600062006400660068006A006C006E00D0
:10788000700072007400760078007A007C007E0040
:10789000800082008400860088008A008D008F00AE
:1078A00091009300950098009A009C009E00A10012
:1078B000A300A500A700AA00AC00AF00B100B30070
:1078C000B600B800BB00BD00BF00C200C400C700C6
:1078D000C900CC00CE00D100D300D600D800DB0018
:1078E000DE00E000E300E500E800EB00ED00F00062
:1078F000F300F500F800FB00FD00000103010601A4
:1079000008010B010E0111011301160119011C01DF
:107910001F012101240127012A012D01300133011A
:10792000350138013B013E014101440147014A0153
:107930004D0150015301560159015C015F01620183
:10794000650168016B016E017101740177017A01B3
:107950007D0180018301860189018C018F019201E3
:10796000950198019B019E01A101A401A801AB0111
:10797000AE01B101B401B701BA01BD01C001C4013A
:10798000C701CA01CD01D001D301D601D901DD0162
:10799000E001E301E601E901EC01EF01F201F6018A
:1079A000F901FC01FF010202050208020C020F02AC
:1079B0001202150218021B021E02210225022802D1
:1079C0002B022E023102340237023A023E024102F9
:1079D000440247024A024D025002530256025A0222
:1079E0005D0260026302660269026C026F0272024B
:1079F000750278027B027E028102840287028A027B
:107A00008D0290029302960299029C029F02A202AA
:107A1000A502A802AB02AE02B102B402B702BA02DA
:107A2000BD02C002C302C602C902CB02CE02D1020D
:107A3000D402D702DA02DD02DF02E202E502E80246
:107A4000EB02ED02F002F302F602F802FB02FE0284
:107A500001030303060309030B030E0311031303BE
:107A6000160319031B031E03200323032603280305
:107A70002B032D0330033203350337033A033C0352
:107A80003F0341034303460348034B034D034F03A6
:107A900052035403570359035B035D0360036203FE
:107AA0006403660369036B036D036F03710374035F
:107AB000760378037A037C037E03800382038403C6
:107AC000860388038A038C038E0390039203940336
:107AD000960398039A039C039E039F03A103A303A9
:107AE000A503A703A803AA03AC03AD03AF03B10327
:107AF000B203B403B603B703B903BA03BC03BE03AE
:107B0000BF03C103C203C403C503C603C803C9033B
:107B1000CB03CC03CD03CF03D003D103D303D403D2
:107B2000D503D603D803D903DA03DB03DC03DD0373
:107B3000DE03E003E103E203E303E403E503E6031A
:107B4000E703E803E803E903EA03EB03EC03ED03CF
:107B5000EE03EE03EF03F003F103F103F203F3038B
:107B6000F303F403F503F503F603F603F703F70352
:107B7000F803F803F903F903FA03FA03FB03FB0321
:107B8000FB03FC03FC03FC03FD03FD03FD03FD03FA
:107B9000FE03FE03FE03FE03FE03FE03FE03FE03DD
:107BA000FE03FE03FF03FE030000000000080808B8
:107BB00000080A4A4000000A5FEA5FEA0ED92ED3A5
:107BC0006E19324489330C924C924D080800000023
:107BD00004880808040804848488000A448A400051
:107BE000048EC480000000048800000EC000000065
:107BF00000080001224488100C9252524C048C84DC
:107C0000848E1C824C901E1EC244924C06CA525F47
:107C1000E21FF01EC13E02448ED12E1FE2448810A6
:107C20000ED12ED12E0ED12EC488000800080000DF
:107C3000048004880244880482000EC00EC0080438
:107C40008244880ED126C0040ED135B36C0C925EEE
:107C5000D2521C925C925C0ED010100E1C925252AA
:107C60005C1ED01C901E1ED01C90100ED013712EC6
:107C700012525ED2521C8808081C1FE242524C125B
:107C800054981492101010101E113B75B131113917
:107C900035B3710C9252524C1C925C90100C925263
:107CA0004C861C925C92510ED00C825C1FE4848442
:107CB00084125252524C1131312A44113135BB7168
:107CC00012524C9252112A4484841EC488101E0EF3
:107CD000C808080E10080482410EC242424E048AAF
:107CE000400000000000001F0804800000000ED2C9
:107CF000524F10101C925C000ED0100E02424ED259
:107D00004E0C925C900E06C81C88080ED24EC24CD7
:107D100010101C92520800080808024002424C1041
:107D2000149814920808080806001B75B131001C4D
:107D3000925252000C92524C001C925C90000ED257
:107D40004EC2000ED010100006C8049808080EC8D5
:107D500007001252524F0011312A4400113135BB35
:107D600000124C8C9200112A4498001EC4881E06F2
:107D7000C48C8486080808080818080C88180000B5
:107D80000C836000FFFF010000000000FFFF000007
:107D9000FFFF00009C7D04000800000002000000BE
:107DA00001000000030000000200000004000000C9
:107DB0000300000005000000040000001C0000009B
:107DC000050000001D000000060000001E0000006D
:107DD000070000001F000000080000000000000075
:107DE00000000000356603002966030051510300BE
:107DF0001566030019660300000000000000000083
:107E0000955E02009D5E0200A15E0200A16B030070
:107E100069FE020045660300D96603000000000009
:107E200000000000D96F03009119030091190300AD
:107E30009919030099190300A11903004D72030059
:107E4000BD1903001573030039700300DD19030029
:107E50000000000000000000955E02009D5E020030
:107E6000A15E0200E965020069FE0200E9730300F9
:107E700025740300AD770300F8FFFFFF000000004A
:107E80002D78030000000000000000003579030099
:107E9000297D0300F97903006D830300117A030043
:107EA0004D7C03007D7A03008D7A0300C17A0300C4
:107EB000CD7A03005D7F030045840300DD7A030073
:107EC000957C0300417E0300ED7A0300057B0300EF
:107ED000E5950200ED95020015820300C5810300BF
:107EE000C57D0300657B03003DE90200BDEA020099
:107EF000020000000400000006000000535049206A
:107F0000636F6E66696720646F6E6520663D2570DD
:107F1000000000000000000000000000B184030029
:107F2000518503005D880300D58703001588030091
:107F30006585030069850300000000000000000063
:107F4000955E02009D5E02000D1D0300958A0300F0
:107F500069FE02006D8B0300098C03006589030034
:107F60008D8803009D8803002D890300018A03008A
:107F70005D890300B51B03006921030000000000B8
:107F800000000000955E02009D5E0200A15E0200FE
:107F9000E965020069FE0200D58E0300E98E030048
:107FA0003D900300614E0300ED4E03000000000011
:107FB00000000000955E02009D5E0200A15E0200CE
:107FC0006592030069FE02002D92030045920300B2
:107FD0003D68020079900300A9900300E59003003A
:107FE0000591030019910300B59203004591030028
:107FF0006591030095910300C99103003593030037
:10800000FD920300E99103007590030072656C6FA7
:10801000636174652076746F7220746F20257820F8
:108020002D3E2025782025780000000000300040FB
:10803000030000000F0000000040004004000000AA
:108040000F00000000300240230000000C00000080
:1080500000200040020000001000000000F002407C
:108060002F000000040000000080024028000000F3
:108070001000000001000600000000004040002049
:108080002D9B0300CC880400D0880400040000006D
:10809000010006004843002000100201E8880400A7
:1080A000F888040008000000D8880400E88804006C
:1080B00008000000D0880400D888040008000000F0
:1080C00074880400AC88040008000000AC88040038
:1080D000CC8804000800000050EADA308883B89F9A
:1080E000604F15F30000C98E0000FFFFDEC0ADDE5B
:1080F000FE011EF1DEC0ADDEFF011EF1001000002A
:10810000040000000100000071F503004DF50300BC
:108110003DF5030095F7030041F7030011F5030057
:1081200015F5030019F503000100FFFF0000000032
:108130000100000001000100448104000100010071
:108140004881040001000000000000000000000061
:1081500000000000F10C0400E10C04005151030088
:10816000E50C0400E90C040061636F73000000007B
:1081700061636F73680000006173696E0000000046
:108180006174616E68000000636F73680000000036
:1081900065787000666D6F64000000006C6F6700AA
:1081A0006C6F67313000000073696E68000000007A
:1081B00073717274000000006C6F673130660000EC
:1081C000706F7766000000007371727466000000C3
:1081D000FB21F93FFB2109407CD91240FB211940CA
:1081E0007A6A1F407CD92240BBFD2540FB212940F3
:1081F0003A462C407A6A2F405C4731407CD9324065
:108200009C6B3440BBFD3540DB8F3740FB21394050
:108210001BB43A403A463C405AD83D407A6A3F4007
:108220004C7E40405C4741406C1042407CD942400B
:108230008CA243409C6B4440AC344540BBFD454060
:10824000CBC64640DB8F4740EB584840FB214940B6
:1082500083F9A200444E6E00FC291500D157270077
:10826000DD34F50062DBC0003C999500419043008D
:108270006351FE00BBDEAB00B761C5003A6E24005F
:10828000D24D42004906E00009EA2E001C92D100BE
:10829000EB1DFE0029B11C00E83EA700F535820069
:1082A00044BB2E009CE98400B4267000417E5F0030
:1082B000D6913900538339009CF439008B5F8400D8
:1082C00028F9BD00F81F3B00DEFF97000F9805005E
:1082D000112FEF000A5A8B006D1F6D00CF7E360004
:1082E00009CB2700464FB7009E663F002DEA5F008E
:1082F000BA277500E5EBC7003D7BF100F7390700B1
:1083000092528A00FB6BEA001FB15F00085D8D008E
:10831000300356007BFC4600F0AB6B0020BCCF0066
:1083200036F49A00E3A91D005E619100081BE60087
:1083300085996500A0145F008D40680080D8FF001B
:1083400027734D0006063100CA561500C9A87300F0
:108350007BE260006B8CC000000FC93F000F4940FA
:1083600000CB9640000FC9400053FB4000CB1641A4
:1083700000ED2F41000F49410031624100537B4124
:10838000003A8A4100CB9641005CA34100EDAF4129
:10839000007EBC41000FC94100A0D5410031E2413F
:1083A00000C2EE410053FB4100F20342003A0A4290
:1083B0000083104200CB164200141D42005C234291
:1083C00000A5294200ED2F4200363642007E3C4295
:1083D00000C74242000F4942A2000000F90000001D
:1083E000830000006E0000004E000000440000000A
:1083F0001500000029000000FC000000270000001C
:1084000057000000D1000000F5000000340000001B
:10841000DD000000C0000000DB0000006200000082
:1084200095000000990000003C000000430000009F
:108430009000000041000000FE000000510000001C
:1084400063000000AB000000DE000000BB00000085
:10845000C500000061000000B7000000240000001B
:108460006E0000003A000000420000004D000000D5
:10847000D2000000E00000000600000049000000FB
:108480002E000000EA00000009000000D1000000FA
:10849000920000001C000000FE0000001D00000013
:1084A000EB0000001C000000B100000029000000EB
:1084B000A70000003E000000E8000000820000006D
:1084C00035000000F50000002E000000BB00000099
:1084D0004400000084000000E90000009C0000004F
:1084E0007000000026000000B40000005F000000E3
:1084F0007E000000410000003900000091000000F3
:10850000D600000039000000830000005300000086
:1085100039000000F40000009C000000840000000E
:108520005F0000008B000000BD000000F9000000AB
:10853000280000003B0000001F000000F8000000C1
:1085400097000000FF000000DE00000005000000B2
:10855000980000000F000000EF0000002F00000056
:10856000110000008B0000005A0000000A0000000B
:108570006D0000001F0000006D00000036000000CC
:108580007E000000CF00000027000000CB000000AC
:1085900009000000B70000004F0000004600000086
:1085A0003F000000660000009E0000005F00000029
:1085B000EA0000002D000000750000002700000008
:1085C000BA000000C7000000EB000000E50000005A
:1085D000F10000007B0000003D00000007000000EB
:1085E00039000000F70000008A000000520000007F
:1085F00092000000EA0000006B000000FB00000099
:108600005F000000B10000001F0000008D000000AE
:108610005D0000000800000056000000030000009C
:108620003000000046000000FC0000007B0000005D
:108630006B000000AB000000F0000000CF00000065
:10864000BC000000200000009A000000F4000000C0
:10865000360000001D000000A9000000E30000003B
:1086600091000000610000005E000000E6000000D4
:108670001B000000080000006500000099000000D9
:10868000850000005F00000014000000A000000052
:1086900068000000400000008D000000FF000000A6
:1086A000D8000000800000004D00000073000000B2
:1086B0002700000031000000060000000600000056
:1086C0001500000056000000CA0000007300000002
:1086D000A8000000C900000060000000E2000000E7
:1086E0007B000000C00000008C0000006B00000058
:1086F000020000000300000004000000060000006B
:108700000000C93F0000F0390000DA370000A23352
:108710000000842E0000502B0000C2270000D02251
:108720000000C41F0000C61B000044170400000026
:1087300007000000090000003863ED3EDA0F493FF2
:108740005E987B3FDA0FC93F6937AC31682122332D
:10875000B40F14336821A2330000004B000000CB9B
:10876000282100204300504F534958002E0000207C
:1087700020202020202020202828282828202020D1
:108780002020202020202020202020202020208881
:1087900010101010101010101010101010101004E5
:1087A0000404040404040404041010101010101035
:1087B0004141414141410101010101010101010129
:1087C000010101010101010101011010101010103F
:1087D00042424242424202020202020202020202F9
:1087E0000202020202020202020210101010200015
:1087F0000000000000000000000000000000000079
:108800000000000000000000000000000000000068
:108810000000000000000000000000000000000058
:108820000000000000000000000000000000000048
:108830000000000000000000000000000000000038
:108840000000000000000000000000000000000028
:108850000000000000000000000000000000000018
:108860000000000000000000000000000000000008
:048870000000000004
:108874003DAC0300000000005DB203004839002055
:108884003DAA030000000000BDBD0300000000007D
:1088940071B5020000000000C1D90300B0430020FC
:0888A4008DA502000000000098
:1088AC00C5800200000000003DF402000000000042
:1088BC00F1F6030000000000FDDB030000000000E7
:0488CC0001AC0200F9
:0888D000FDF6030000000000AA
:1088D8004DD803000000000051D90300000000003B
:1088E80031AC02000000000029F503000000000080
:0888F8007481FD7F0100000006
:1089000000000000585504005C550400A10D0C0047
:10891000F4660400FC66040004670400E4660400D6
:10892000EC660400085A0400F86904000600000020
:10893000006B04000C6B04001C6B0400246B04002F
:10894000906A0400986A0400A06A0400A86A0400FF
:10895000B06A0400B86A0400C06A0400C86A04006F
:10896000D06A0400D86A0400E06A0400E86A0400DF
:10897000F06A0400F86A04000138FDD17047000075
:10898000F1560300F1560300F5560300FD560300AF
:10899000015703000957030011570300195703003B
:1089A0001D5703002157030021570300915703006F
:1089B00025570300295703002D5703002D570300A7
:1089C000395703003D570300A87B0400FFFFFFFF5A
:1089D000484700200090D00300100140110004001F
:1089E000FFFFFFFFFFFFFFFFFFFFFFFFFFFFFFFF97
:1089F000C94A0400282100200000000000000000F7
:108A00000000000000000000000000000000000066
:108A10000000000000000000000000000000000056
:108A20000000000000000000000000000000000046
:108A30000000000000000000000000000000000036
:108A40000000000000000000000000000000000026
:108A500000000000000000004300000000000000D3
:108A60000000000000000000000000000000000006
:108A700000000000000000004300000000000000B3
:108A800000000000000000000000000000000000E6
:108A90000000000000000000430000000000000093
:108AA00000000000000000000000000000000000C6
:108AB0000000000000000000430000000000000073
:108AC00000000000000000000000000000000000A6
:108AD0000000000000000000430000000000000053
:108AE0000000000000000000000000000000000086
:108AF0000000000000000000430000000000000033
:108B00000000000000000000000000000000000065
:108B10000000000000000000430000000000000012
:108B20000000000000000000000000000000000045
:108B30000000000000000000054E0400E14D0400AC
:108B4000000000006E8704006C8704006D8704003D
:108B50006D8704006D8704006D8704006D87040035
:108B60006D8704006D8704006D8704006D87040025
:108B7000FFFFFFFFFFFFFFFFFFFFFFFFFFFF000003
:108B8000010041534349490000000000000000007B
:108B900000000000000000000000000000000000D5
:108BA000000041534349490000000000000000005C
:108BB00000000000000000000000000000000000B5
:108BC00000000000F0B50F0D11F0FF01012414FAB0
:108BD00001F114461D4603461BE099600822064237
:108BE00008BF5FF00302013AFDD1D96004220642BA
:108BF00008BF5FF00602760805D000BF00BF00BFC7
:108C0000013AFDD1E9E7023A013AFDD10134013DD3
:108C100005DD802620787843000AD960DDE7D96039
:108C2000F0BD0004FFFF03011818181818181818D1
:108C300001000000510A0200311902005D460200E5
:108C4000D5920200C5FC0200595A03006961030075
:108C5000DD640300A99503002D0A02000000000056
:108C6000000000004DEA03000000000000000000CA
:020000040007F3
:1070000000000220F97207002173070023730700B4
:10701000257307002773070029730700000000008D
:107020000000000000000000000000001DB5070087
:107030002D730700000000002F7307003173070055
:10704000337307003373070033730700337307008C
:10705000337307003373070033730700337307007C
:10706000337307003373070033730700337307006C
:10707000337307003373070033730700337307005C
:10708000998E0700337307003373070033730700CB
:1070900033730700337307001DB70700337307000E
:1070A000337307003373070033730700337307002C
:1070B0003373070033730700000000000000000076
:1070C000337307003373070033730700337307000C
:1070D0001D8B0700337307003373070033730700FA
:1070E00033730700000000000000000000000000F3
:1070F0000000000033730700000000003373070036
:10710000000000000000000000000000000000007F
:10711000000000000000000000000000000000006F
:10712000000000000000000000000000000000005F
:10713000000000000000000000000000000000004F
:10714000000000000000000000000000000000003F
:10715000000000000000000000000000000000002F
:10716000000000000000000000000000000000001F
:10717000000000000000000000000000000000000F
:1071800000000000000000000000000000000000FF
:1071900000000000000000000000000000000000EF
:1071A00000000000000000000000000000000000DF
:1071B00000000000000000000000000000000000CF
:1071C00000000000000000000000000000000000BF
:1071D00000000000000000000000000000000000AF
:1071E000000000000000000000000000000000009F
:1071F000000000000000000000000000000000008F
:107200000348044B834202D0034B03B11847704735
:10721000A02B0020A02B00200000000005480649FC
:107220000B1AD90F01EBA301491002D0034B03B194
:1072300018477047A02B0020A02B00200000000062
:1072400010B5064C237843B9FFF7DAFF044B13B1AE
:107250000448AFF300800123237010BDB42B00203D
:1072600000000000B0D2070008B5044B1BB1044970
:107270000448AFF30080BDE80840CFE700000000FD
:10728000B82B0020B0D20700A3F5803A704700BFAA
:10729000154B002B08BF114B9D46FFF7F5FF002152
:1072A0008B460F461148124A121A05F00FFC0C4B80
:1072B000002B00D098470B4B002B00D098470020A4
:1072C000002104000D000B4805F0DEFA05F010FB6C
:1072D0002000290001F020F905F0DCFA0000080088
:1072E000000000000000000000000220B42B00207D
:1072F0004C520020BDC807000649074A074B9B1A9D
:1073000003DD043BC858D050FBDC00F023F8FFF746
:10731000BFFF000020D30700E82A0020B42B002084
:10732000FEE7FEE7FEE7FEE7FEE7FEE7FEE7FEE735
:10733000FEE7FEE7054B1B680D2B01BF044B1868E9
:10734000B0FA80F0400918BF0020704730010010EB
:107350003401001008B5FFF7EDFF40B14FF0804356
:107360000022C3F80C21C3F81021C3F83825FFF719
:10737000E1FF002846D04FF080524D4BD2F8041464
:10738000C3F82015D2F80814C3F82415D2F80C1449
:10739000C3F82815D2F81014C3F82C15D2F8141419
:1073A000C3F83015D2F81814C3F83415D2F81C14E9
:1073B000C3F84015D2F82014C3F84415D2F82414A9
:1073C000C3F84815D2F82814C3F84C15D2F82C1479
:1073D000C3F85015D2F83014C3F85415D2F8341449
:1073E000C3F86015D2F83814C3F86415D2F83C1409
:1073F000C3F86815D2F84014C3F86C15D2F84424C9
:10740000C3F87025FFF796FF48B14FF08043D3F8DB
:107410000024D20744BF6FF00102C3F80024254ABC
:10742000D2F8883043F47003C2F88830BFF34F8F2E
:10743000BFF36F8F4FF01023D3F80022002A03DB35
:10744000D3F80432002B2FDA1B4B0122C3F804259A
:10745000D3F80024002AFBD04FF010221221C2F8EA
:107460000012D3F80024002AFBD04FF01023122280
:10747000C3F80422104B1A46D3F800140029FBD09D
:107480000021C3F80415D2F80034002BFBD0BFF361
:107490004F8F0849094BCA6802F4E0621343CB607E
:1074A000BFF34F8F00BFFDE7054B064A1A6008BDCA
:1074B00000C0004000ED00E000E001400400FA05DB
:1074C000E82A00200090D0034B1C30B5DB000446B6
:1074D00012F003009BB20DD1074D2A601A44074BEE
:1074E0001A60074B1870074B1870074B1C80074B2E
:1074F000198030BD0720FCE7D82B0020D42B0020BA
:10750000D02B0020E02B0020DC2B0020DE2B0020E5
:107510002DE9F3472B4F3B888B4206460D4690469C
:107520004BD300240DF107008DF8074000F086F8DA
:10753000254B26481A78264B008893F800C08445CE
:107540005FFA8CF138BF4C1CD2B238BFE4B2A24211
:107550002DD01C781A78D1B2904286BF0131C9B2C1
:10756000002119709DF8070000F08CF84FF6FF73AA
:107570009C4224D0DFF86090D9F800204FEAC40A7A
:1075800042F8348002EBC403A6B19DB1114B388898
:107590001B682A4604FB0030314605F0FDF9D9F896
:1075A0000030534400209D8002B0BDE8F0874FF6C4
:1075B000FF74D7E700209880F6E70920F4E704205D
:1075C000F2E700BFDC2B0020E02B0020DE2B0020A8
:1075D000D02B0020D42B0020D82B0020F8B5114C44
:1075E000114D264622782B789A4200D1F8BD0F48DB
:1075F0000F4A2378126807880E4802EBC30100681F
:1076000052F83320898803FB070090470A49227803
:107610000988D3B2914286BF0133DBB200233370B5
:10762000E0E700BFE02B0020D02B0020DC2B002067
:10763000D82B0020D42B0020DE2B002070B5EFF3D8
:10764000108672B60C4A946801239CB993600B4B68
:107650000B4DD3F8801029401160C3F88050D3F847
:10766000841051604FF0FF32C3F88420047006B9D3
:1076700062B670BD0370FAE7C04E002000E100E082
:10768000FC06FFBD10B5084B9A685AB150B9EFF32C
:10769000108172B6054A1C6814605C68546098607A
:1076A00001B962B610BD00BFC04E002000E100E08D
:1076B00030B53AB11368DB430A4D0144814204D12D
:1076C000D84330BD4FF0FF33F6E710F8012B53409D
:1076D000082213F0010418BF2C46013A84EA530330
:1076E000F7D1EBE72083B8ED10B561B1B2FBF3F44D
:1076F00003FB1424A4B244B9C0E90014846082815D
:10770000C381204610BD0E20FCE70920FAE782B0B5
:1077100050E8022FC188B2EB324F4FF0000317BF81
:1077200092B241EA014142EA014104E04268B2EB0F
:10773000324F08BF012340E80212002AE8D18DF839
:1077400007309DF80730002B0CBF1120002002B03D
:10775000704737B550E8013F9DB2C48925448489FC
:10776000A54228BF2D1B0489A54202BFBFF32F8F5E
:10777000002207E0C5EA030540E80154002CE9D1E6
:107780004FF001028DF803200193019B9DF8032027
:107790000B6002F0FF0322B10B880068184403B0AD
:1077A00030BD1846FBE70A884B889A4209D150E859
:1077B000012FC2EA024240E80123002BF7D1012049
:1077C00070470020704737B550E8023F1FFAA3F515
:1077D000C488A54202BFBFF32F8F00220DE0C489E9
:1077E00025448489A54228BF2D1BC3EA054540E8EE
:1077F0000254002CE8D14FF001028DF803200193D0
:10780000019B9DF803200B6002F0FF0322B14B881F
:107810000068184403B030BD1846FBE70A884B885F
:107820009A4209D150E8022FC2EA224240E80223DC
:10783000002BF7D1012070470020704710B5034698
:1078400053E8000F40EA010243E8002494F0000FDF
:10785000F6D110BD10B5034653E8002F02EA01002F
:1078600043E8000494F0000FF6D110BD0121FFF7AA
:10787000E5BF0021FFF7EEBF10B590B1D0E90123BD
:1078800001689B1ADBB20A60013BDBB2FF2B026886
:1078900002D10020107110BD11684C1C14600B70D7
:1078A000F2E70E20F7E737B5044600250DF1070093
:1078B0008DF80750FFF7C2FE2268616813688B429B
:1078C00010D9591E116013F8015C228AE36802FB8B
:1078D00005352268A36811685B1A1179DBB29942F9
:1078E00038BF13719DF80700FFF7CCFE284603B0A0
:1078F00030BD37B5054600230DF107000C468DF865
:107900000730FFF79BFE2A681368591C1160E9686D
:10791000641A298AB4FBF1F41C709DF80700FFF784
:10792000B1FE03B030BD01600B681146184710B4BA
:107930000468E468A4465DF8044B604710B404682A
:107940002469A4465DF8044B6047000070B550B947
:107950000E4D0F4C0026641B1423B4FBF3F4B44209
:1079600008D1002010E00368002BF1D0BDE8704082
:10797000DB6918472B6813B901361435EFE7DB696B
:10798000284698470028F7D070BD00BFA02B0020E4
:10799000B42B0020014B436000207047B4CD07009A
:1079A0000846704700207047024B1868003818BF1F
:1079B00001207047E42B002008B50248FFF759FF6B
:1079C000002008BDE42B002008B510461A4604F03C
:1079D000E3FF002008BD00002DE9F043814687B099
:1079E00014480E4615469846FFF740FF0446F0B986
:1079F0000746BD4215D10F48FFF73BFFD9F80830C5
:107A00005BB102228DF800200022CDE90126CDE9EC
:107A10000325CDF8148068469847204607B0BDE896
:107A2000F08306EB073000F07DFB0137E1E711241E
:107A3000F3E700BFE42B00202DE9F041804686B03B
:107A400011480F4616461D46FFF710FF0446C8B9F9
:107A5000AA083146384600F093FB0B48FFF709FFB0
:107A6000D8F8083053B101228DF800200C9A059205
:107A7000CDE90147CDE9036568469847204606B041
:107A8000BDE8F0811124F9E7E42B002029DF7047DD
:107A900028DF704770B50668B36886B004460D46A7
:107AA00073B114220021684605F010F8A36805930D
:107AB0002379019533B1012B0ED0B36868469847FE
:107AC00006B070BD01238DF8003023690293E3688E
:107AD000039363690493F0E702238DF80030E368B1
:107AE0001B030293F5E7084670470020704700002B
:107AF000024B187A003818BF01207047D42D00209F
:107B0000034B187A0122B0FA80F05A74400970478A
:107B1000D42D002008B510461A4604F03DFF002081
:107B200008BD000008B514220021044804F0CEFF6F
:107B30000348FFF7ECFD002008BD00BFD42D002056
:107B4000C42D002010B5094C094B43602046FFF7B7
:107B50008DFE48B903F0C8FD064920741C23064871
:107B60004FF4EE72FFF7C0FD002010BDD42D0020B1
:107B7000E0CD0700E82B0020C42D002070B5234C79
:107B8000234E237A25463BB922492348FFF71BFEA3
:107B9000306008B9606070BD022334682B722379AD
:107BA00073B1012B22D020460321FFF773FF00237E
:107BB0002B726B60BDE8704016491748FFF72EBE68
:107BC000D4E90523D21A142AD4E9031028BF1422B9
:107BD0009208012A38BF012219441844FFF756FFC2
:107BE00050B11128DFD101232B72D4E7D4E903036C
:107BF0001844FFF74DFFF3E72B7C002BCBD1014658
:107C0000BDE87040022000F009B800BFD42D00206C
:107C1000EC2D0020E82D0020C42D002038B5831E57
:107C2000012B43D8224C237A002B3FD0022B09D1C1
:107C300003282ED01F4B00221B68E2601A793AB14C
:107C4000012A20D0637C6BBBBDE83840FFF796BFAC
:107C5000D3E905128D1A142D94BF521914329A616A
:107C60009142EFD102284FF0000308BF194623725A
:107C7000104B18BF0D211868FFF70CFF0E490F4875
:107C8000FFF7CCFDDEE71A6901321A615B699A429F
:107C9000E7E7E3680133082B01D8E360D2E700236C
:107CA000E360DFE7BDE8384003F00EBD38BD00BF3C
:107CB000D42D0020EC2D0020E82D0020C42D002024
:107CC00000F0FD03012B08D1044B00225A74421E20
:107CD000504250411874FFF751BF7047D42D002017
:107CE00010B5064C201DFFF7C1FD28B9637C1BB9F8
:107CF000BDE81040FFF742BF10BD00BFD42D0020EB
:107D00002DE9F34180460D460F4801A916461F464E
:107D1000FFF71FFD0446A8B11C22002104F0D6FE87
:107D20002D0B0123237101A90748C4F80080A76027
:107D3000E5606661FFF737FDFFF7D2FF002002B074
:107D4000BDE8F0810420FAE7C42D00202DE9F743B7
:107D500081468846104801A917461E46FFF7F9FCE0
:107D60000446B0B11C22002104F0B0FE00250A9B9D
:107D7000A36001A9C4E9037807482571C4F80090FD
:107D80006661FFF710FDFFF7ABFF284603B0BDE8C3
:107D9000F0830420FAE700BFC42D002001600B68C7
:107DA00043604A68934204BF0023436070474368BE
:107DB00043B1026891680B4443605268934204BF28
:107DC00000234360704700002DE9F04FC9B008AAB6
:107DD00001F1400514464B780E781B0443EA066314
:107DE000CE7833438E78043143EA06238D4244F83B
:107DF000043BF0D11024916B16464FEAF14383EA1D
:107E0000714383EA9123716A366852F8045F314402
:107E10000B444FEAB54181EAF51181EAD5010134FD
:107E20000B44402CD363E6D1D0E914E30093836D77
:107E30000193C36D0293036E0393436E0493836EA9
:107E40000593C36E0693DDE9057BDDE9031CDDE9DF
:107E500001592B4B009E079374464FF00008079B77
:107E600053F8042B07934FEAF12383EAB11383EA13
:107E7000716A08AB53F828301A440AEB020327EA68
:107E8000010A01EA0C028AEA02021A444FEA743A31
:107E900086EA05035A448AEAB40A06EA050B234037
:107EA00083EA0B038AEAB45A08F101089A44B8F14C
:107EB000400F02EB0903BB465244A94619D1724454
:107EC0000265009A22444265019A32448265029A10
:107ED0002A44C265039A1A44049B02660B44436613
:107EE000059B63448366069B3B44C36649B0BDE87B
:107EF000F08F674635468C46264619461446AEE74F
:107F00000CCE070030B5E0B10F4A1049002400251F
:107F1000C0E91245C0E914120D4C0E4A0E4DC0E9DD
:107F200016420E4AC0E918520D4A826602F1745296
:107F3000A2F523020023A2F692420364C266184609
:107F400030BD0E20FCE700BF85AE67BB67E6096A5F
:107F500072F36E3C3AF54FA57F520E518C68059B2B
:107F6000ABD9831F70B5F0B1DAB900201CE00C4624
:107F70008D180026AC42F8D0036C14F8012BC254C3
:107F80000133402B0364F5D10146FFF71DFFD0E913
:107F9000123213F5007342F10002C0E91232066496
:107FA000E8E70029E3D10E2070BD70B50D461646F6
:107FB0000446002875D0002973D0026C8021372A2E
:107FC000815402F101034FF0000240D8382B39D11F
:107FD000D4E91201226C0823E3FB020103BAE36334
:107FE0000B0A84F83A300B0C84F839300B0EC4E9D4
:107FF000120184F83B1084F8383021462046FFF700
:10800000E3FE691E76B30023E26EDA4001F8012F29
:10801000A26EDA400A71626EDA400A72226EDA40AB
:108020000A73E26DDA400A74A26DDA400A75626D75
:10803000DA400A76226DDA400833202B0A77E3D142
:10804000002070BDE2540133C0E7E25401333F2BFE
:10805000FBD921462046FFF7B7FE3822002104F065
:1080600035FDB5E71823226DDA4001F8012F626D66
:10807000DA400A71A26DDA400A72E26DDA400A73E0
:10808000226EDA400A74626EDA400A75A26EDA4035
:108090000A76E26EDA40083B13F1080F0A77E2D164
:1080A000CEE70E20CDE743689B68184708B54368C4
:1080B00008305A7900F083F9002008BD2DE9F0411D
:1080C0000C469CB008461F460392FFF7ECFFD4F81D
:1080D0000480039998F80550BD4228BF3D460646E6
:1080E0002A4604A800F060F998F8052022990CA807
:1080F00000F065F900960CAB2A4604A904F10800CB
:1081000004F044FA002848F2425018BF00201CB086
:10811000BDE8F081024AD2F80034002BFBD0704752
:1081200000E001400A4908B50223C1F80435BFF355
:108130006F8FBFF34F8FC1F80805FFF7EBFF0023E8
:10814000C1F80435BFF36F8FBFF34F8F08BD00BF79
:1081500000E0014010B5094C0123C4F80435BFF319
:108160006F8FBFF34F8F0160FFF7D4FF0023C4F878
:108170000435BFF36F8FBFF34F8F10BD00E0014098
:108180000E4B10B50124C3F80445BFF36F8FBFF346
:108190004F8F01EB8204401AA14208D1074B002205
:1081A000C3F80425BFF36F8FBFF34F8F10BD431883
:1081B00051F8042B1A60FFF7ADFFEDE700E0014036
:1081C00028B139B10023C1E900301846704748F2A0
:1081D0001050704748F21350704738B1006848F2A9
:1081E0004053884214BF18460020704748F2105090
:1081F000704730B148F21153914214BF1846002025
:10820000704748F21050704770B506460C461D4640
:10821000FFF7D6FF50B9B3794AB1AB420AD1114644
:108220002046FFF743FF08B9044B236070BD48F2B6
:108230001050FBE748F21150F8E700BF7052464D6E
:108240002DE9F0470C4606460F492046DDE908892E
:1082500015461F46FFF7C1FFA0B963685A79494622
:1082600052004046FFF7C5FF60B94DB1CDF8208000
:108270003B462A4621463046BDE8F047FFF71EBF81
:1082800048F21050BDE8F0877052464D10B50446D4
:1082900038B149B141600B68984708B9044B236075
:1082A00010BD48F20150FBE748F21050F8E700BF5C
:1082B0006E524648F0B4134648B10768094EB742BB
:1082C0000AD161B12AB14368F0BC5B68184748F233
:1082D00001531846F0BC704748F20253F9E748F2E0
:1082E0001053F6E76E524648F0B460B107680C4E82
:1082F000B7420CD171B143681568DC68A5420CD354
:10830000F0BC9B68184748F20150F0BC704748F237
:108310000250FAE748F21350F7E748F21450F4E736
:108320006E524648F7B50446DDE9086715460193E5
:10833000FFF7ACFF68B9019A29462046FFF7BAFF5C
:1083400038B93A463146204603B0BDE8F040FFF761
:10835000CBBF03B0F0BD0000F8B50A4F0A4C0B4D7F
:10836000E41B0121E40829700026A64203D1022360
:108370002B700020F8BD57F8363098470028F9D107
:108380000136F2E7B4D20700B4D20700F02D002086
:1083900001390144814200D2704703780A7800F81D
:1083A000012B01F80139F5E7013A02440139824213
:1083B00000D2704711F8013F02F80139F7E770B5B4
:1083C00016460D46FFF7F0FF3246A9193044BDE8C6
:1083D0007040FFF7E9BF38B50D460446FFF7D8FFF8
:1083E00029466019BDE83840FFF7D2BFBFF34F8F71
:1083F0000549064BCA6802F4E0621343CB60BFF341
:108400004F8F00BFFDE700BF00ED00E00400FA055C
:10841000044A136801331360034B1B780BB100F05F
:10842000FFB87047FC2D0020F82D002010B5094C36
:1084300000F018F923785BB9074A137000F0B8F818
:10844000012323700549BDE81040A32000F0D6BBEE
:1084500010BD00BFF82D0020F12D00201184070071
:1084600008B5084B00221A7000F030F90649A32025
:1084700000F0C4FB054B1A68054B1A60054B01223E
:108480001A7008BDF82D002011840700FC2D002073
:10849000F42D0020F12D0020013870B5082823D8D4
:1084A000DFE800F00A0C23220522050E0C0011481B
:1084B000BDE87040FFF7BABF0F48F9E70F48F7E78C
:1084C00002F07AF80E4B1B787BB10E4E0E4D3468DD
:1084D0002B68E41A3B2C94BF0021012100F040F9E5
:1084E0003B2C01D933682B6070BDBDE87040FFF7AD
:1084F000B7BF00BF5DCF070058CF070062CF0700AE
:10850000F12D0020FC2D0020F42D002008B5FFF7F0
:108510006DFF08B5FFF76AFF08B500F089FC024857
:1085200000F0A6F9FFF762FF99840700F0B51B4B36
:108530001B4819781B4B1C4D5F5C0422012447FA31
:1085400002F6F60710F8013B1BD51F2B86BF03F080
:108550001F032E464FF0A04604FA03F3C6F80C356D
:10856000013AECD2114B5B5C1F2B86BF0E4903F026
:108570001F034FF0A041012202FA03F3C1F80835AE
:10858000F0BD1F2B86BF03F01F032E464FF0A04601
:1085900004FA03F3C6F80835E2E700BF052E002011
:1085A00067CF0700002E0020000300506CCF0700AB
:1085B00030B41748174D0022032410F8013B1F2B3D
:1085C00086BF03F01F0329464FF0A04103F5E07377
:1085D0000132052A41F82340EFD10F480D4D00220A
:1085E000032410F8013B1F2B86BF03F01F0329460D
:1085F0004FF0A04103F5E0730132052A41F8234012
:10860000EFD1064B00221A7030BCFFF78FBF00BFBE
:1086100067CF0700000300506CCF0700052E002035
:1086200010B40D4A0D4913780120C95C03441F2979
:10863000DBB28ABF0A4C4FF0A04401F01F01042BAB
:1086400000FA01F188BF0023C4F80C1513705DF81F
:10865000044BFFF76BBF00BF052E00206CCF070057
:108660000003005001460522014804F095B900BFFF
:10867000002E00201F2886BF054A00F01F004FF083
:10868000A042012303FA00F0C2F80805704700BFBA
:10869000000300500B4B185C1F288ABF0A4B4FF099
:1086A000A04300F01F01D3F8042598BF0146CA403B
:1086B000D20704D501228A40C3F80C257047FFF782
:1086C000D9BF00BF71CF070000030050F8B5204AA2
:1086D000204D214E002313602846032410F8012B5F
:1086E0001F2A86BF02F01F0231464FF0A04102F55B
:1086F000E0720133052B41F82240EFD1174C164FA1
:1087000020460022032610F8013B1F2B86BF03F0F2
:108710001F0339464FF0A04103F5E0730132052AEB
:1087200041F82360EFD1002115F8010BFFF7A2FFFC
:1087300001310529F8D1002114F8010BFFF79AFF48
:1087400001310529F8D1BDE8F8400020FFF7A2BFAC
:10875000082E002071CF07000003005076CF0700DD
:10876000F0B5164A164F1668DFF858C03446002593
:108770004FF0010E00EB8000642390FBF3F0A04269
:108780000BDCB042B8BF304605B11060A1B104287F
:1087900012DCBDE8F040FFF77DBFE35D1F2B8ABF11
:1087A00065464FF0A04503F01F030EFA03F3C5F82A
:1087B0000C3501340125E2E7F0BD00BF082E002092
:1087C00071CF070000030050007800F001007047EF
:1087D00041DF7047014B01221A7070472C32002094
:1087E000BFF34F8F0549064BCA6802F4E06213439A
:1087F000CB60BFF34F8F00BFFDE700BF00ED00E08F
:108800000400FA05024B034800221A7001F0F2BF7F
:108810002C320020E1870700042810B5044609D84F
:10882000022811D816D00D4B1B68B3B12046BDE805
:1088300010401847831F012BF5D8094B0948002227
:108840001A7001F0D7FFEEE707494FF4701000F0FF
:10885000A7F9E8E701F014FFE5E710BD303200208A
:108860002C320020E18707000588070000207047B0
:1088700038B5504B1860002001F0D2FF04460028A4
:1088800040F0928000F07EFA012800F088800228F3
:1088900000F08C80002840F087804FF08043D3F8B0
:1088A000004414F4803435D04FF48032C3F80024EF
:1088B0000446414D2B6A012B3FD04FF4701400F059
:1088C000F7FA3E4A20211820FEF7FEFD08B1FFF717
:1088D00020FE3B4B1A6802F0F802B02A06D11A6853
:1088E000D20742BF1A6802F04E021A60FFF7BEFFBD
:1088F000002859D12046334900F052F9324800F09F
:10890000E9FF002850D100F0F9FAFEF767FEFFF703
:108910005FFFF8E7D3F8202502F0F802A82A0AD171
:10892000D3F82025D10706D5D3F8202502F056022A
:10893000C3F82025BDE70124BBE743F204031A680E
:10894000224B9A4209D002F023F8AA69014694B159
:108950001F4802F07AFB90B9AFE76A6B1CB995F833
:108960006032012BEFD01B484FF4805102F06DFBB9
:108970000028E8D1A1E795F8A132012BE8D1104BEE
:108980001B6813F0B10F98D101F0AEFF60B9124B24
:108990001870124801F02EFF00F024F804E00E4B8E
:1089A0000F481C7001F026FF032038BD4FF4A024AF
:1089B00085E700BF30320020CC4E00200C2E002076
:1089C0001C0500400588070019880700DBE5B15148
:1089D0006D5100202C5100202C320020D58707003B
:1089E000E187070008B5074B4FF0FF32C3F880203E
:1089F000C3F8802101F060FCBDE808404FF48050CE
:108A000000F002B800E100E000B5EFF305830023B9
:108A1000D0E9001283F3148883F3108883F311885C
:108A200083F3138881F308884FF0FF339E46104785
:108A30005DF804FB00F1402000F50030002382B017
:108A4000036003680193019B02B0704738B56FF073
:108A50007F42134C057BD4F804358A4228BF0A466E
:108A6000891A13444A1E942A23F07F4305F5A872FD
:108A70009BBF963B96314160416044F82230094BE0
:108A80004FF4F86043F00103984705F1500080006F
:108A9000FFF7D0FF4FF48033AB40C4F8043338BD48
:108AA0000040024080CF070008B517490A7852BB42
:108AB0004FF080434FF48070D3F81834DB035EBF6F
:108AC000124B01221A60FFF7B5FF4FF4A070FFF7B9
:108AD000B1FF4FF4A270FFF7ADFF4FF4A470FFF7A2
:108AE000A9FF0B4B0B48A02283F8242310225A60C5
:108AF000094A0023C2F808350123036002201360ED
:108B0000C2F804030B7008BD383200200800004092
:108B100000E100E008400240004002402DE9F04141
:108B2000194B1B683BB1194A13684FF4827001332B
:108B30001360FFF77FFF164C164DDFF86080164E6E
:108B40004FF480372B68A5F5804080B25BB1FFF70A
:108B500071FF237B07FA03F3C8F80833616849B152
:108B60002046FFF773FF0435B54204F11004E9D144
:108B7000BDE8F081A16811B12046FFF767FF2368C7
:108B8000002BF0D09847EEE7044102403432002039
:108B9000EC2A0020404102404C410240004002408B
:108BA00070B50B4B1D682A7B4FF480339340094A04
:108BB0000E46C2F80833044640B1FFF775FF2E6039
:108BC00021462846BDE87040FFF740BF70BD00BF9A
:108BD0001C2B00200040024070B5074B1D680E465C
:108BE000A8600446FFF760FF2E6021462846BDE8D6
:108BF0007040FFF72BBF00BF242B002070B50E4B39
:108C00001C68237B4FF480329A400C4B0E46D3F8FD
:108C100004130A42054602D0A16881420BD0C3F872
:108C20000823A560FFF740FF266029462046BDE8DF
:108C30007040FFF70BBF70BD202B002000400240AA
:108C4000014B01221A7070473932002038B50F4BA2
:108C5000DA6A5D6A9C6CAC2A10D15B6B1C44ED1A1D
:108C60000B482A46214603F067FE68B100F046F93A
:108C700029462046BDE8384001F000BB002CEFD16A
:108C800001F09CFE0446EBE738BD00BFCC4E00204F
:108C9000007007002DE9F74F06468846A8EB060549
:108CA0002D0B02F6FF77144600F002F9802D28BF45
:108CB00080252B03DFF868B001933F0B0CB92346E6
:108CC00029E0BD422CBFBA46AA464FF000025146E9
:108CD000304634BFDDF80490A14601F0B7FA0346F0
:108CE000C8B909F1030222F003024146304601F0FF
:108CF0009FFA034678B9DBF830304B44CBF830307C
:108D000001F07EFDA7EB0A07A4EB09044E44C8441A
:108D100003460028D2D0184603B0BDE8F08F00BF4C
:108D2000CC4E002010B501F059FE154A42F2040362
:108D3000916CCC5803F1A34303F5471303F2D753C7
:108D40009C4218D1D2E90C32934216D0884204D109
:108D5000BDE81040002001F053BDD21A02F6FF72A8
:108D600022F47F6222F00F0219441844FFF792FFA9
:108D70000028EDD010BD0320FCE70020FAE700BF7B
:108D8000CC4E002070B5264CE36AAA2B37D005D80C
:108D9000012B0BD0A52B2ED0002070BDAC2BFBD10E
:108DA000FFF7C0FF48BBFFF751FF26E0A66C656ADE
:108DB00001F0EEFD864229D101F0EAFD00222946AC
:108DC000FEF776FCA36A984202BF0123C4E90703B9
:108DD000A5610025134801F0CFFD134B1348002275
:108DE0001A7001F00DFD68B975B1236A012B14BF2B
:108DF00001200220D1E7FFF795FF0125EAE7FFF701
:108E000025FFE6E70320C8E70120C6E7236BEA1A3F
:108E1000F1181844FFF73EFF0028DAD1CCE700BF75
:108E2000CC4E0020F04E002039320020418C07004B
:108E300008B540F6F8700368013302D10749FFF71F
:108E400089F940F6FC700368013305D1BDE808409C
:108E50004FF4FC21FFF77EB908BD00BF007007008A
:108E60000A4AD2F800347BB109480023D2F8081529
:108E7000D940C90748BF03F5C07103F1010348BFDA
:108E800042F82100072BF1D1704700BF00000140DC
:108E90003546526EFFF7E4BF044B002282B01A60E1
:108EA0001B680193019B02B0704700BF00010140A5
:108EB00038B50E4C2278BAB90D4BD3F800248AB1DC
:108EC000D3F80455FFF7CCFF40F61650A842B8BFC0
:108ED00028460849A0F54860FFF77EFE064B4FF490
:108EE00080321A600123237038BD00BF3A3200205F
:108EF00000000140958E070000E100E0034BD3F82D
:108F000000340BB1FFF7ACBF704700BF0000014059
:108F10000023C0E90232C0E900118B881A440261C3
:108F2000B1F906301A4442610888003818BF0120A0
:108F3000704710B5426811880346002939D002F104
:108F400010014160148A2CB9C2680168FFF7E0FF84
:108F5000204610BD9078118900F03004302C1BD1D0
:108F6000947C04F03004302C1DD190881969091AC2
:108F700019610021907810F0300F02BF986801301D
:108F80009860908A0844196901441961B2F9162061
:108F9000114459610120DCE700F0F004202C02D1DB
:108FA00050894143E6E700F0C000802808BF042153
:108FB000E0E70846CDE770B5466804460D466368AD
:108FC0001A88AA4204D19B7803F00F03082B07D11B
:108FD0002046FFF7AEFF6368B342F0D1002070BDBA
:108FE0000120FCE743681A44426011B101399A42FA
:108FF00001D10120704713F8010B01F8010FF6E7CA
:109000002DE9F34183680446884623B9002630469B
:1090100002B0BDE8F081036801220DF10701984715
:1090200006460028F2D0A3689DF80750013BA360D4
:109030009DF90730002B1ADA05F07F050727A36892
:10904000002BE3D0236801220DF107012046984749
:109050000028DBD0A3689DF80720013BA36002F045
:109060007F03BB401D43130607F1070702D4C8F86E
:109070000050CCE7232FE2D1C8E770B54268927860
:1090800002F00F01082986B003461FD103691C684E
:1090900000260CB906B070BD236826739D6862680F
:1090A00029466846FFF734FF6368049304F10C0314
:1090B0000593AB7803F0C003802B08BF231D6846DF
:1090C00008BF0493FFF7D9FFA468E2E712F0C001DC
:1090D00020D102F0300010280ED15A6911705A6860
:1090E00018699378D46803F00F03072B09D1014660
:1090F000204600F017F8CDE79006F0D55B6919809F
:10910000C8E71289214614B103F046FCC2E703F018
:10911000DDFCBFE78029BDD1006900219206016016
:10912000B8D5EBE77FB50A4601466846FFF7F0FE83
:1091300030B16846FFF7A1FF6846FFF7FAFEF7E790
:1091400007B05DF804FB000030B5044685B0154655
:10915000A9B90268114B9A4211D0102D06D82A469F
:1091600069462046FFF7F0FF05B030BD1022694682
:109170002046FFF7E9FF0028F6D0103DEDE7A36891
:10918000AB4201D20020EFE723682A4620469847E9
:109190000028F7D0A268521BA260E5E7E58F070020
:1091A000F7B50E4601A907461546FFF729FFA8B1F6
:1091B000019A0123D3184FF0000404D2B17801F0D2
:1091C000C001802901D1204608E031899942FAD3B3
:1091D00029463846FFF7B8FF019BEC5403B0F0BDB9
:1091E00073B50D4601A906461446FFF709FF98B16D
:1091F000019AB2F5803F11D2AB7803F0C003802B07
:1092000002F102010AD02B898B4207D32146304656
:1092100021F8022BFFF798FF02B070BD0020FBE79A
:1092200010B5034C82600022C0E90041C26010BD4D
:10923000E58F07002DE9F341002604460F46B046AE
:109240003546A3682BB3236801220DF107012046A0
:109250009847F0B1A3689DF807C0013B0CF07F026E
:10926000C5F12001A360A5F1200302FA03F322FA5D
:1092700001F10B43AA401CF0800F46EA020643EAC4
:10928000080805F1070502D1C7E9006802E0462D8C
:10929000D7D1002002B0BDE8F08173B50C46694615
:1092A0001646FFF7C7FF68B12389082B0CD1DDE90B
:1092B0000045C6E90045DDE90023AB4206BFA242F6
:1092C0000120002002B070BD042B04D1009B33604C
:1092D0001C460025EFE7022B4FF0000004D1009B55
:1092E00033809CB20546E6E7012BEBD1009B33703F
:1092F00003F0FF04F6E737B50D4669461446FFF75D
:1093000099FF30B12A89082ADDE9003103D1C4E987
:10931000003103B030BD042A18464FEAE37108D18A
:1093200023601A460B468B4206BF82420120002072
:10933000EFE7022A04D11BB223801AB2D317F2E757
:10934000012A03D15BB223705AB2F7E70020E0E7AD
:10935000F7B51F4600233B700D460B70136001A943
:1093600004461646FFF74CFE30B9A36813B9012333
:109370003B70002003B0F0BD019C002CF7D0E30847
:1093800004F0070433602C70F4E713B50446052994
:109390001FD8DFE801F0030F151E1E1C012201A9D2
:1093A0002046FFF7D1FE18B19DF90430002BF5DB04
:1093B00002B010BD082200212046FFF7C5FEF7E7E6
:1093C00001A9FFF71DFE0028F2D0019AF3E704225D
:1093D000F1E70020ECE773B50D4601A90446FFF75D
:1093E0000FFE064618B90026304602B070BD94E85C
:1093F0000F0085E80F0001998A42F4D3A960A368A1
:109400005B1AA360F0E700002DE9F0435768BB78D2
:1094100013F0C00489B006468C46154603D0402C94
:109420006AD000240CE003F00F025F4903F0300320
:10943000202B51F8228026D006D8CBB1102B1CD07F
:10944000204609B0BDE8F083302BF9D16B6939882B
:109450001980072A0AD16B6828691A89214603F006
:1094600035FB6B682969D868FFF75CFE2A6940E024
:109470002A693946C0470446E2E76B6901221A703F
:109480002A696968F6E7BCF1020FD5F8149024D177
:10949000042A22D804A9FFF79EFF04460028C0D062
:1094A000069B2BB16968B9F800304A899A4205D801
:1094B000059B7360069B002BC2D0B2E708892A691E
:1094C00003FB002204A8C04728B1B9F800300133DB
:1094D000A9F80030E4E70446EAE7B9F800307A89F1
:1094E0009A429ED92A693989581CA9F8000003FBC1
:1094F000012269683046BDE7D2F81080474657F828
:10950000043B13B9FFF741FFB5E7022914D104A9C1
:10951000FFF761FF002884D0D8F8003069683A4628
:1095200004A89847044600283FF47BAF069B002B15
:10953000F2D1059B736083E7012925D005292BD043
:1095400000297FF46EAF0C460DF1040901340B2C99
:109550003FF467AF012249463046FFF7F5FD00288A
:109560003FF45FAF19F9013B002BEFDB0F4B049386
:1095700001ABCDE9053400230793D8F800306968C2
:109580003A4604A8984776E7082201A9FFF7DCFDD0
:1095900008240028EAD144E704220DEB0201FFF77A
:1095A000D3FD0424F5E700BF88CF0700E58F07004F
:1095B0002DE9F04F91B00446002604A8CDE90266DB
:1095C000FFF7A6FCA3683BBBDDE9053404A89D7842
:1095D000FFF7AFFC0028F7D115F0300F03D1059B42
:1095E0001B8803B10134002C00F0A980630900221C
:1095F00002A9934240F09C8010AA02EB830304F07E
:109600001F0453F8383CC4F120044FF0FF30E04011
:10961000C31A584258410DE00DF1030301AA0DF1A0
:1096200002012046FFF794FE38B99DF80330002B65
:10963000CAD1002011B0BDE8F08F019904A8FFF74E
:10964000BAFC002850D1019BB3427DD3059D059AF9
:10965000937803F00F03082B7FD004A8FFF769FC71
:10966000059B9D42F3D14FF0FF36019FB7426BD36C
:10967000089B9DF802A0D4F808801D684FF00109EE
:10968000A368002D5DD098459CD12B68D3F800B01D
:10969000BBF1000F08D053463A4629462046D8472A
:1096A0000028C6D0AD68EBE7D3F808B0BBF80030AF
:1096B0009F42F7D16A6859460AA8FFF729FC6B68F0
:1096C0000E9305F10C030F939BF8023003F0C003D7
:1096D000802B04BF2B1D0E930AAA85F80C905146CF
:1096E0002046FFF791FEDBE7059B9B7813F0300FD8
:1096F0000FD1069A3F2A0CD8510910AB03EB810118
:1097000002F01F020123934051F8382C134341F813
:10971000383CE5682DB19DF80220019904AB204644
:10972000A8479DF8021004AA2046FFF76DFE10E03E
:1097300051F8225001357FF47DAF013259E7012005
:1097400078E798457FF43EAF9DF802102046FFF77A
:109750001CFE00287FF436AF6BE7168885E737B527
:109760000C460546114620460192FFF7DBFC019AA4
:109770002146284603B0BDE83040FFF719BF70B559
:1097800086B0CE6801920C4602A90546FFF723FE7B
:1097900068B1E06858B1A378019A03F03003202B38
:1097A000314602A805D1FFF7DAFF039B6B6006B0D4
:1097B00070BDFFF7FDFEF8E7D3B50C466946FFF72D
:1097C00039FD80B1DDE9001300274A0801F00106E8
:1097D00042EAC37256EA07014FEA53031CBFD24361
:1097E000DB43C4E9002302B0D0BD37B50D4669465E
:1097F0001446FFF7E1FF68B12B89082B0CD1DDE996
:109800000001C4E90001DDE900238B4206BF82426A
:109810000120002003B030BD042B03D1009820604C
:10982000C117F0E7022B04D1BDF90000208000B27F
:10983000F6E7012B04D19DF90000207040B2EFE75C
:109840000020E7E713B504220C460DEB0201FFF7F9
:109850007BFC08B1019B236002B010BD1146FFF7ED
:10986000F1BF13B508220C466946FFF76DFC18B12D
:10987000DDE90023C4E9002302B010BD1146FFF763
:10988000F0BF10B513681F2B144607D9002208300B
:10989000FEF78BFB08B92023236010BD48F214505B
:1098A000FBE70830FEF75EBB0830FEF72BBB00007D
:1098B000831F012B10B5044602D8002001F044F8A4
:1098C000034B1B681BB12046BDE81040184710BD74
:1098D0003C32002008B5074B18600020FFF7E8FF76
:1098E000054801F019F820B9BDE80840024800F029
:1098F0007BBE08BD3C320020B19807006EDF704788
:109900006FDF704772DF704773DF704774DF704737
:1099100075DF704776DF70477ADF70477CDF70470E
:109920007DDF70477FDF704786DF70478FDF7047CE
:1099300090DF7047A8DF7047AADF7047ADDF704740
:10994000AEDF7047AFDF7047B0DF7047B1DF704701
:10995000B5DF704762DF704766DF704713DF70471F
:109960007FB50023CDF80B308DF80F300A4BADF8E2
:1099700006109B89ADF8083001238DF80A300DF1EF
:109980000603CDE90430054B02A91888FFF7D8FF7C
:1099900007B05DF804FB00BF8E4200202A2B002098
:1099A00001460148FDF7A5BFBCD2070070B51822DB
:1099B0008CB00DEB0200002103F088F801238DF834
:1099C00018308DF82D30324B1B7828220892002B4E
:1099D0005CD0304B02AA03F110061546186859688E
:1099E000144603C40833B3422246F7D12A4C10224E
:1099F0002946204602F0A0FF002847D002238DF818
:109A00002C30012104F110036846CDE90034FFF742
:109A100075FF0122002101A8FFF772FF04231F4CEC
:109A200002941622A37003230926ADF80420E370E4
:109A300000225923CDE903220592012502226371F8
:109A400001A9FE23A019ADF80C6022706570227187
:109A5000A371FFF765FFB8B9BDF8043026725A1933
:109A6000E271BDF80C200E4C134402A906AA204650
:109A7000ADF80C30FFF746FF30B92078FFF746FF0E
:109A800020782946FFF740FF0CB070BD0623C6E7DB
:109A90000C43002080D10700D0420020A2420020C9
:109AA000282B00202DE9F0410388232B8AB004469F
:109AB00036D80F2B05D8012B00F0EB800AB0BDE89B
:109AC000F081103B132BF9D801A252F823F000BF0C
:109AD000519B07006D9B0700BD9A07003D9C070046
:109AE0008F9D0700BD9A0700BD9A0700BD9A070029
:109AF000BD9A0700BD9A0700E99D0700BD9A0700BF
:109B0000BD9A0700BD9A0700BD9A0700BD9A0700DD
:109B1000BD9A07006F9C0700BD9A07002D9C0700A7
:109B2000503B9AB2062AC9D8062BC7D801A252F8D0
:109B300023F000BF959B07009F9C0700E99D07004D
:109B4000BD9A0700BD9A0700ED9B07007F9C0700A8
:109B5000984B82881A80984A12681C460AB10120E4
:109B6000904796492088FFF7D3FEA7E7914B4FF621
:109B7000FF721A80924B1B685A0704D4FFF716FF36
:109B800008B1FEF7C6FC8C4B1B68002B96D0022058
:109B9000984793E78B4EE288B3889A428ED18A48E1
:109BA000FDF781FE0546002888D0228A04F11201C3
:109BB00002F0F2FE1822002104A802F087FF082319
:109BC0008DF81030814B0693814B0596CDE9073512
:109BD00004A8238AADF8243000F0FCFC00283FF4F0
:109BE0006DAF79482946FDF784FE67E7E188F629DD
:109BF0001AD8CB1E9B070DD0CB1F9BB2013B5A42FC
:109C000002F0030203F0030301F1FF3158BF534296
:109C1000C91A89B2674B1888FFF79AFE00283FF4EB
:109C20004DAFFEF776FC49E7F721F3E7002204A9E0
:109C30008088CDE90422FFF77BFEEFE700235D4C2F
:109C4000ADF812300223ADF81030208802AB04AA20
:109C500042F605210593FFF771FE08B1FEF759FCA6
:109C6000002320881A468521FFF75CFED6E70023F3
:109C700004A98088ADF81030FFF758FECEE7A3792D
:109C8000002B7FF41BAF4B4B13211888FFF742FECC
:109C9000C4E7484B00211888FFF75EFEBEE7A379B2
:109CA000002B3FF40BAF022B7FF408AF454920890E
:109CB0008A8990420E467FF401AFA27B012A7FF48D
:109CC000FDAE00220120CDE904228DF81600208A85
:109CD000384DADF81800608AADF81A0004F1140090
:109CE0000790ADF80A20098A28888DF8103001AF56
:109CF00002AAADF808300397FFF720FEA84660B926
:109D00003846FEF761FD40B940F2FD132888ADF8F2
:109D1000143004A9FFF718FED0E6002304A9B8F810
:109D20000000ADF81430FFF70FFE014600287FF465
:109D3000C5AE182204A802F0C9FE237D234A8DF87F
:109D40001030022B0596069218D0062B10D0012B4E
:109D500010D1204B1A88204B1A80637DD4F816202E
:109D60000893012B099205D11C4800F0EDFD01E09C
:109D7000637D089304A800F02DFC9FE6A27D637D1F
:109D800043EA0223134A1380134A1380F2E7144B69
:109D90001A7862B11349028ACB8D9A4201F104020A
:109DA00005D11C31A0880023FFF7BEFD36E7002156
:109DB000F8E700BF2A2B0020C8420020A6D10700E8
:109DC000C44200208E420020BCD20700BD9E070086
:109DD000A19907000E43002010430020B4D20700D1
:109DE0000C430020CC420020174B1B7833B3174B99
:109DF00017491C88082201232046FFF7A7FD0028E9
:109E00007FF40FAF0246014602232046FFF79EFD76
:109E100000287FF406AF0F4B4FF6FF7219882046DB
:109E2000FFF790FD43F2020398423FF447AE082843
:109E30003FF444AE11287FF4F1AE3FE6A0881A4605
:109E40001946FFF783FDE9E60C4300202A2B00208A
:109E5000044300208E42002038B5134A1368D90706
:109E600001D4002038BD11498842FAD01049088831
:109E70004FF6FF71884211D043F0040313211360A1
:109E8000FFF748FD0028EDD10A4DC82445F0010533
:109E90004FF47A40A847013CFAD1E2E7064B187824
:109EA000BDE83840FFF732BDC4420020B4D20700FD
:109EB0002A2B0020A0D10700282B002010B5044633
:109EC00086B000210D2202A8019102F0FFFD237847
:109ED000082B0BD1364A374913880988013B9BB2BE
:109EE0001380D9B1D3B9032311802370627823780A
:109EF0008DF805306021012A8DF804108DF80620B8
:109F00000ED00B2A12D100F0AFF98DF80700002017
:109F100000F0A4F9042101A8FFF722FD06B010BD4E
:109F2000062B05D0082B29D0032B27D00321F2E7DD
:109F3000E1688DF80710D4E90123080A8DF80800BC
:109F4000080C090E8DF80A10110A8DF80B208DF8F7
:109F50000C10110C120E8DF80E201A0A8DF80F300D
:109F60008DF810201A0C1B0E8DF80D108DF80900BD
:109F70008DF811208DF812300F21CCE7D4E90123A0
:109F8000110A8DF807208DF80810110C120E8DF8AB
:109F90000A201A0A8DF80B308DF80C201A0C1B0EB3
:109FA0008DF809108DF80D208DF80E300B21B2E7D9
:109FB000104300200E4300202DE9F0414D4B94B09A
:109FC00005464FF6FF721A8001204FF659632A4664
:109FD00002A98DF80A00ADF80830FFF7ABFC044683
:109FE000002840F08380444B04AA03F11007164672
:109FF00018685968144603C40833BB422246F7D197
:10A00000A91C3046FFF7A6FC044600286ED11C228E
:10A0100001460DA802F05AFD04F0F8029DF8343014
:10A02000ADF8044042F003028DF80620F42243F01C
:10A030000403CDE90A44ADF82C20304A8DF83430C1
:10A040000223ADF80C3092F80080AB788DF80E301A
:10A0500001AE212303AFCDE908768DF805300C94CD
:10A06000B8F1000F04D1012262F307138DF8053017
:10A070002B4608AA33F8040B0DA9FFF75DFC044634
:10A08000A0BB01461C220DA802F020FD9DF8343033
:10A09000ADF8044023F0180343F0180304F0E8027D
:10A0A00042F013028DF83430AB788DF80E30012178
:10A0B00021238DF806201722CDE90A44CDE9087640
:10A0C000ADF80C108DF805300C94ADF82C20B8F1DB
:10A0D000000F03D161F307138DF805302B4608AA52
:10A0E00033F80C0B0DA9FFF727FC0446204614B0EB
:10A0F000BDE8F0812A2B002090D107000C430020FE
:10A1000073B5354D2B6813F0010403D000242046AD
:10A1100002B070BD314E30603148FDF7ADFB0194A7
:10A1200000F0BDF804460028F1D12E48FFF716FCD8
:10A1300004460028EBD101F059FA04460028E6D184
:10A1400001A801F021FB04460028E0D101A901206B
:10A1500001F024FB04460028D9D101A801F082FBBC
:10A1600004460028D3D100F093FB1F4B002830D0C9
:10A170001E4A126A012A2CD11D481A7000F07CFB7D
:10A1800011231C488DF8043002F0FAFC194982B200
:10A1900001A8FFF7C3FB04460028B8D11648FFF713
:10A1A000BBFB04460028B2D11448FFF705FF044664
:10A1B0000028ACD1FFF7FAFB04460028A7D12B6892
:10A1C00043F001032B603368002B9FD00920984790
:10A1D0009DE700221A70D3E7C4420020C842002045
:10A1E000BCD20700007007000C430020CC4E0020BA
:10A1F000CC42002078D10700A6D107008E42002073
:10A2000043690BB1C06818477047000010B4054996
:10A21000054C0022904218BF214604485DF8044BCB
:10A22000FDF781BBC0CD0700ECCD0700A02B0020BF
:10A2300007B5009313460A4601460348FDF777FB2E
:10A2400003B05DF804FB00BFA02B002013460A46B4
:10A2500001460148FDF772BBA02B0020014B18708E
:10A260000B20704712430020024B002218781A700E
:10A27000704700BF1243002018DF704730B585B02B
:10A28000054610220C466846002102F01FFCA40877
:10A29000684601950294FFF7EFFF05B030BD1FB58A
:10A2A0000023CDE901330393684602230093FFF7AF
:10A2B000E3FF05B05DF804FB4FF000534FF480520C
:10A2C0001A60002070470000014B06201B681847E9
:10A2D0001C4300200A2803D90B38C0B2FFF7BEBFC9
:10A2E0007047000010B5044686B00020FDF72EFB35
:10A2F000014630B1164A18212046FDF709F906B08B
:10A3000010BD1822684602F0E1FB0423114A8DF8C3
:10A310000030114B116D1B68994211D10F4B186819
:10A3200000F0F4FF8DF80100FFF7D4FFD4E901132A
:10A330008DF8010068469847094800F061FADEE7A9
:10A3400001238DF801306846D4E901139847D6E718
:10A35000E5A20700CC4E0020144300201843002043
:10A36000C9A20700F0B5044687B01822002168464C
:10A3700002F0ACFB22788DF8002001238DF801302B
:10A38000531E0B2B00F20C81DFE813F01100330099
:10A39000110011000A0111000A0111000A010A014D
:10A3A0000A010C007F4B1B680720984721E0062A12
:10A3B0007D4901D0012A01D122690A700A78012A57
:10A3C00004D0022A51D000230B7094E0072B10D840
:10A3D000DFE803F0040F452F0F420F1C714B0320E1
:10A3E0001B689847606900F06BFDFFF773FF8DF8FD
:10A3F0000100D4E90113684698479DF80130012B0C
:10A4000000F0C380674B05201B68BDE0A18A20696E
:10A4100000F06EFDFFF75EFF644B8DF80100DA6B14
:10A420001B6C0293E3680192002BE2D020699847ED
:10A43000DFE75F495F4800F0A7FDFFF74BFF01280A
:10A440008DF80100D5D1002000F0DAF90028D0D035
:10A450000A238DF80130CCE74FF400730393534B7C
:10A46000DA6B1B6C01920293C3E7072BC1D801A2E0
:10A4700052F823F095A40700F3A3070059A507009D
:10A4800065A50700F3A307008FA50700F3A3070046
:10A49000FBA4070000F04CFD08B90823D9E7626966
:10A4A0000AB90323D5E7C2F30B0333B13F4B40494D
:10A4B0005B6D096813448B42F3D1B2F5805F01D91B
:10A4C0000423C6E7394B3A49586D096815188D427F
:10A4D000E3D85A64DA6C9A6418651863354B61697D
:10A4E0001B6801F6FF710022090B1844FFF7AEFE4E
:10A4F00000283FF47EAF0523ABE700F019FD0028EC
:10A50000CBD02A4DA18AD5E914329B1A6A6C0B4430
:10A510009342C6D8274B2F6B1B68206905F1480270
:10A520001F44FDF7C5F8E368A28A2169064638464C
:10A53000FFF77EFE08B1E36878E7A28A2B6B13442D
:10A540002B63A38A2A6DAE641344CDE901362B65D3
:10A55000144B08201B6828E7144B9A6C1B6D029261
:10A56000019346E7114BD3E91402596C821A8A42CF
:10A5700093D19A6C5865002120465964DA64FFF73C
:10A58000B1FE084B1B680420984707B0F0BD074B8D
:10A590009A6C1B6D01934FF480530292039328E74A
:10A5A000022356E71C4300202C2B0020CC4E002019
:10A5B0001443002018430020044B054A186D6423FF
:10A5C00043431068B3FBF0F0704700BFCC4E00204F
:10A5D0001443002083681BB1024A1821FCF798BF7E
:10A5E0000720704765A3070038B50546C0B10120B4
:10A5F000FFF70CFE044648B900F054FC00F098FC4C
:10A6000030B9084B00201D60FFF728FE204638BDFA
:10A610000549064800F0B8FC0128F2D00324F5E70C
:10A620000724F3E71C4300201443002018430020B4
:10A630002DE9F04115464FF46072064688461F46E4
:10A6400002F07AF928B915B90020BDE8F081A847D1
:10A65000FAE7002201213046FFF7F8FD70B94FF408
:10A6600060724146384602F097F92B464FF460720B
:10A6700039463046FFF7DCFD0028E5D00320E4E74B
:10A680002DE9F0413D4C236801335CD00022582174
:10A69000201DFDF70DF8D4F80080A8EB0002D2F1E0
:10A6A000000848EB0208364D364E2F683B680133F0
:10A6B0005ED000225821381DFCF7FAFF3B68834228
:10A6C00044D17C68012C0AD00022C32107F5187000
:10A6D000FCF7EEFFD7F85C42231A5C425C41B8F10C
:10A6E000000F35D0254927484FF4607202F054F925
:10A6F00064B1296824485422043102F04DF92968D4
:10A7000022484FF432725C3102F046F97468012C31
:10A710002CD11F49402201F5E47002F03DF91D499A
:10A720001C2201F5E47002F037F91B4986F8A142BA
:10A730000023042201F2862086F8603286F8E23295
:10A7400002F02AF910E04FF00008ACE70024C6E759
:10A7500024B129680B484FF46072D5E709484FF4DB
:10A760006072002102F0B2F902237360BDE8F0814B
:10A77000B8F1000FF2D00024B4E700BF00F00700EA
:10A78000302B0020CC4E0020D04E0020284F00203F
:10A790002850002068500020E84E002070B50D4C75
:10A7A0000546002258212046FCF782FF002244F88B
:10A7B000040CC32104F51770FCF77AFF261FC4F8B8
:10A7C00058022A463146044B0448BDE87040FFF762
:10A7D0002FBF00BFD04E00202043002000F0070014
:10A7E00002460248024B0068FFF722BF302B0020D0
:10A7F000A04600200149FFF7F3BF00BF00F00700AB
:10A8000038B505460020FFF7C9FF044618B90349CB
:10A810002846FFF7E5FF204638BD00BFCC4E00209C
:10A8200010B5FFF7F3FC044628B9FFF729FF2046CF
:10A83000FFF7E6FF00B1032010BD29DF70470000DD
:10A8400038B50C4D0446D5F8243378B101330FD117
:10A8500000223C210430FCF72BFF2060214605F547
:10A8600049701022BDE83840FFF7E7BF0E2038BD21
:10A870000820FCE700F0070008B528B10349402292
:10A8800002F08AF8002008BD0E20FCE724F3070040
:10A8900010B5064C00223C212046FCF709FF54F875
:10A8A000043C1B1A5842584110BD00BF28F3070052
:10A8B00038B50C4D0446D5F8643378B101330FD167
:10A8C000002218210430FCF7F3FE2060214605F534
:10A8D00059700722BDE83840FFF7AFBF0E2038BDE2
:10A8E0000820FCE700F0070010B50A4CD4F8243328
:10A8F000D4F864231340013309D04FF4FE20FDF750
:10A9000011FCC92221464FF4FE20FDF739FC00203E
:10A9100010BD00BFCC4E0020F8B5094E094CA41B59
:10A920000746E4080025A54201D10020F8BD56F8ED
:10A930003530384698470028F8D10135F3E700BF95
:10A94000B4D20700BCD20700F8B5094E094CA41BCD
:10A950000746E40800250436A54201D10020F8BDD1
:10A9600056F83530384698470028F8D10135F3E7D6
:10A97000B4D20700BCD2070008B50C22002102F0B7
:10A98000A5F8024B00221A6308BD00BFCC4E002080
:10A9900043F204031A68084B9A4201BF43F20803CA
:10A9A000186800F6FF7020F47F600CBF20F00F00E5
:10A9B0004FF48050704700BFDBE5B15108B5FFF799
:10A9C000E7FF054B9B69184400F6FF7020F47F6099
:10A9D00020F00F0008BD00BFCC4E00204FF4805087
:10A9E000704700002DE9F74F0193244BDFF894B036
:10A9F0001B6ADFF894900093054616464FF0000856
:10AA000043F2040AB8F1010F5FFA88F714D0022F5D
:10AA10001FD0FFF7D3FF6EB1009B013B5C425C414E
:10AA2000A9EB0000A84200D3F9B1B4B1A8421CD2EE
:10AA300004201FE03446F3E7FFF7AAFF019B33B978
:10AA4000DAF80040B4EB0B0418BF0124E8E74446F1
:10AA5000E6E701244FF48050E2E708F10108B8F17D
:10AA6000030FCFD1A842E3D300E017B10448FFF7AA
:10AA700083FF002003B0BDE8F08F00BFCC4E002064
:10AA8000E44E0020DBE5B1510040070090F855206E
:10AA900012F0FB0F07D190F8643023B1836ECBB175
:10AAA0000B600120704712F0010303D090F856307C
:10AAB00003B1836D9207F2D590F85C20002AEED0A6
:10AAC000054A006EC2F5FC22904201D80344E6E735
:10AAD000042070470F2070470070070010B5084C25
:10AAE0004FF40072FF21204601F0F0FF20220021E8
:10AAF000A4F1240001F0EAFF002344F82C3C10BD2F
:10AB0000284F00202DE9F0475A495B48DFF888813B
:10AB1000DFF88891DFF888A1584C92B00C2201F040
:10AB20000BFF064600284CD15349382204A801F0F7
:10AB300033FF4FF447723146204688F80060C9F869
:10AB40000060CAF8006001F0C1FF079D012D58D1D7
:10AB50004FF48073A3803423636143F20C0384F8C1
:10AB60006C612570A5712572E560257425831B88AD
:10AB7000E361089B2367032384F87630099BA4F8DC
:10AB80005C5084F85E50266684F86450A66684F8AB
:10AB90006C5084F87450A4F8783020220AA904F18B
:10ABA0007A0001F0F9FEA4F89A50A4F89C5084F8B9
:10ABB0009E60A4F8A06088F800500834304B1C60F8
:10ABC00020E03049304E8A6B6F465C313846FEF7E4
:10ABD00027FB97E80F0086E80F0000212B4B88F831
:10ABE00000104FF447722046C9F80010CAF8001050
:10ABF000F36001F06BFF264922463046FEF7AFFDB9
:10AC000020B90025284612B0BDE8F08798F800501A
:10AC1000002DF6D094F86C3194F800801BB3B8F195
:10AC2000000FEED194F87231002BEAD0DAF8002050
:10AC3000D9F800103846FEF7F3FA97E80F0086E8D7
:10AC40000F004FF4B272414604F5BA7001F03EFFB6
:10AC5000104904F5BA723046FEF781FD0028D0D0C5
:10AC600004F5BA74AAE7B8F1000FCAD0A379002B93
:10AC7000A3D1C6E7AED10700284F0020504A0020DC
:10AC8000284E0020CC4E00206C4D0020A5AC0700C3
:10AC900008D1070054D007004C4A0020484A002041
:10ACA000444A002030B55B68DA680D4B9A4208D1FF
:10ACB0000C490A6812B90C4A14681CB10B4B0022EB
:10ACC0001A7030BDD0E90134181913F9015B002D59
:10ACD000A0EB0304F9DB0B601460044B0122EFE7E7
:10ACE00054D00700484A0020444A00204C4A002023
:10ACF00010B543F2040319491C688C4202462BD05C
:10AD000042F20403C358581A434243418C42184646
:10AD100021D142F20403D358A3421CD14FF4405333
:10AD200002F500511B780978142B81BF43F21403FC
:10AD30000B481B68B3FBF0F398BF0023142989BFAD
:10AD400042F2140100205058054A88BFB0FBF2F0CF
:10AD5000181A18BF012010BD0023D7E7DBE5B15159
:10AD600040420F0000B591B0FDF7F6FA6846084979
:10AD70002022FDF724FB6A46064907484023FDF7D9
:10AD800043FA064B01221A7011B05DF804FB00BFB4
:10AD900018CF07007C4D00200CCF0700204A002070
:10ADA000F0B5A3B007460D4614461E467822202370
:10ADB000002104A8029301F089FE00230393194B9C
:10ADC0001B780BB9FFF7CEFF2DB337BB02AB164F85
:10ADD00001931649289B0097324604A8FDF7A2FA72
:10ADE000E8B9402C1BD1124E22462946304601F0CC
:10ADF000D3FD20213046FDF7EEFACDE90064029B39
:10AE00000C493A4603A8FDF71BFA00280CBF0120A5
:10AE1000052023B0F0BD1320FBE71620F9E70A2038
:10AE2000F7E700BF204A0020C44D0020ACCF070048
:10AE3000E44D00207C4D0020F0B5ABB004460D463B
:10AE400016461F467822202300210CA8039301F008
:10AE50003DFE114B1B780BB9FFF784FF2FB1214644
:10AE6000202204A8FDF7A0FA04AC03AB0B4F01931A
:10AE70000B49009733462A460CA8FDF753FA48B908
:10AE800020222146384601F057FDB0FA80F04009F3
:10AE90002BB0F0BD0020FBE7204A0020214A002013
:10AEA000ACCF070008B5044B986B08B1FFF72AFE3A
:10AEB000024B187008BD00BFCC4E0020244E00206D
:10AEC00010B5044658B1B0F5007F0AD8064B0022F1
:10AED0001A70FFF703FE054B01209C6310BD032091
:10AEE000FCE70420FAE700BF244E0020CC4E0020EF
:10AEF00070B50E4C0646E06BA36B42189A420D46A5
:10AF000011D85C300A462044314601F045FDE36B20
:10AF100004F140022B4429463046E363FCF7C8FBAA
:10AF20002064012070BD0320FCE700BFCC4E002050
:10AF3000014B1878704700BF244E002013B50F4C0A
:10AF400094F86C31B3B10E4B1B6800930D4BB4F801
:10AF5000DA221B6894F8D80204F53771FFF720FF56
:10AF6000012809D104F5B874201D02B0BDE81040D5
:10AF700000F0D0B90434F7E702B010BD504A002009
:10AF8000444A0020484A00202DE9F843DFF8888031
:10AF9000D8E90E329A4206460D4637D1DFF87C904A
:10AFA00099F800704FB1FFF709FD1A4B3060294640
:10AFB0001868BDE8F843FFF769BDFFF7A3FD38B394
:10AFC000FFF7BCFF0128376004462F601BD1114BEF
:10AFD00029461868FFF75AFD0128044613D198F84E
:10AFE000A112B1FA81F103463A4628684909FFF7F0
:10AFF000F9FC38B9FFF7E2FC89F8004030602046E0
:10B00000BDE8F8830424FFF769FDF8E70824F6E7B4
:10B010000524F4E7284E0020CC4E0020244E0020CA
:10B0200010B490F86C305BB190F86E404CB1B0F851
:10B03000704034B15DF8044B01237230FFF7FCBE61
:10B04000012318465DF8044B704713B504460846C3
:10B0500023781146032B03D8DFE803F021050F18EE
:10B06000002002B010BD0022D4F80140FCF720FB04
:10B07000844214BF00200120F3E70A460023014662
:10B08000601C02B0BDE81040FFF7D6BE0091034639
:10B090004022611C0020FFF783FE0128E9E7012020
:10B0A000DFE700002DE9F041A2B004460D46164648
:10B0B000002178221F4604A8202303939DF8A08036
:10B0C00001F004FD41220021204601F0FFFCB5F80B
:10B0D00094300BB195F8968084F80080B8F1030F96
:10B0E0001ED8DFE808F00902111F00223946304659
:10B0F000FCF7DEFAC4F801003A4631462046FFF775
:10B10000A4FF22B0BDE8F08103AB0193631C009360
:10B1100008493B46324604A8FDF704F90028EBD065
:10B120000020EEE7B5F8982005F19A01601C01F0C7
:10B1300033FCE1E7ACCF07002DE9F0476D4B1D680C
:10B14000A4B004460F4690460A4601462846FFF73B
:10B1500067FF002800F0CC8095F855601EBB4FF0CB
:10B160000109CDF800903B462246294613A8FFF777
:10B1700099FF00287FD0B8F1000F6DD041225E48C2
:10B1800013A901F009FC5D4BC3F82C901E626A689C
:10B190009A60002239462046FCF78AFA574B01256F
:10B1A000C3E909709FE04122002102A801F08EFC52
:10B1B00006F001094122002113A806F0020601F061
:10B1C00085FCB9F1000F4BD042F20403E15803F1C2
:10B1D000A34303F5471303F2D75399424BD1D5F854
:10B1E00058A00AF5FF520AF6FF73C3F30B031F3290
:10B1F000D21A42F20803E35893423CD343F20403C9
:10B200001B688B4213D14FF440531B78102B8ABF1D
:10B2100043F2100300221A6804F500531B78102B28
:10B220008ABF42F210030023E3589A4223D12046FA
:10B23000FFF75EFD00B1F6B10123009322465346AD
:10B24000294602A8FFF72EFFA8B1AB6DE218FB1A42
:10B250004EB9B8F1000F18D1284B01255D6110E0FF
:10B260003B462246F4E70021009113A82946FFF748
:10B2700019FF0028EDD10525B8F1000F30D1FFF7F7
:10B280002DFC284624B0BDE8F087DFF87080B9F1C6
:10B29000000F21D02046FFF72BFD18B108F1180050
:10B2A000FFF76AFB1648412202A901F075FB002E48
:10B2B00014BFAC23A523C8F82C30AB6DC8F83430CC
:10B2C000002E3FF466AF0F48412213A901F064FB42
:10B2D0006B68C8F80C305CE7AA23C8F82C30EFE79D
:10B2E0000948FFF749FBFFF7F9FB044B9C64C8E7EB
:10B2F0001725C1E7284E00206D510020CC4E0020BC
:10B300002C510020AE510020F04E00200122FFF70A
:10B3100013BF0000F0B590F854200346002A51D026
:10B3200090F8550003284DD893F86E20032A47D192
:10B330001A7A002A46D0DA68342A45D143F2040149
:10B340001A8A0C6821498C422AD152B15969E9B153
:10B35000D2B2002103F1140543F20C06CCB2A24292
:10B3600001D8122011E055F821703488A74201F16C
:10B370000101F3D11A78FAB101285B68144A15D893
:10B380009068834234BF10200120F0BD10B9012A1B
:10B39000E7D8EFE7421E18BF0122002AEAD1E0E712
:10B3A00012B15A69002ADCD11A78F6E7D0688342D4
:10B3B0008CBF01201020E8E7012818BF0F20E4E728
:10B3C0001420E2E70F20E0E71120DEE7DBE5B151D2
:10B3D000CC4E002038B1054B0360054B4360012380
:10B3E0000372002070470E20704700BF61B4070051
:10B3F00015B4070038B1054B0360054B43600123CA
:10B400000372002070470E20704700BF91B4070000
:10B410003BB4070069B10B78022B0CD1022804D091
:10B42000032814BF08201120704703230B7000204D
:10B4300070470E2070470820704769B10B78022BC7
:10B440000CD1022804D0032814BF08201120704713
:10B4500003230B70002070470E20704708207047B0
:10B4600010B50C4681B10B78012B06D00ED9033BE9
:10B47000012B94BF0820112010BDFFF7E1F900282F
:10B48000FAD102232370F7E70E20F5E70820F3E74F
:10B4900010B50C4681B10B78012B06D00ED9033BB9
:10B4A000012B94BF0820112010BDFFF701FA0028DE
:10B4B000FAD102232370F7E70E20F5E70820F3E71F
:10B4C00070B5144B144A0C21D21AB2FBF1F2816907
:10B4D00011F8025C044635B900690021914205D19A
:10B4E000012323600EE04FF0FF30F6E71E68AE4206
:10B4F0000CD1461C07D19D68D4E90001D4E9022390
:10B50000A847206070BD5E688642F4D001310C33DC
:10B51000E4E700BFD0D20700E8D207001EF0040F16
:10B520000CBFEFF30880EFF30980FFF7C9BF00BF3E
:10B5300010DF704711DF704713B5044609496846AC
:10B54000FCF72CFC019808B902B010BDD0E900212D
:10B550002046904718B16846FCF729FCF2E7112015
:10B56000F2E700BFC0D1070013B50446074968469B
:10B57000FCF714FC019B0BB902B010BD2046D3E9C7
:10B58000002190476846FCF712FCF3E7D8D107008A
:10B59000064B9A6822B11A6822F480021A6070473A
:10B5A000034B4FF48002C3F880207047C04E002048
:10B5B00000E100E00B4991F816335A09EC231341DE
:10B5C000DB0706D5084B9A683AB94FF480030B6045
:10B5D000704742F20200FCF79CBF1A6842F48002F6
:10B5E0001A60704700E100E0C04E0020F7B5194F27
:10B5F0003C7864BB184E012520463570FFF79CFF50
:10B60000112821D02046FFF7AFFF144B8DF80340DF
:10B61000186801900DF10300FCF710F8104901A81B
:10B62000FFF786FF0446B0FA80F0400938709DF8B5
:10B630000300FCF727F83CB90A4B34701C70FFF785
:10B64000B9FF2846FFF790FF204603B0F0BD08245D
:10B65000FAE700BF2D4E00202C4E0020BBD1070082
:10B660000D8507002E4E0020F7B5154F3B781BB314
:10B67000144E01203070FFF75FFF11284FF00005D6
:10B680001CD00220FFF770FF0DF107008DF8075066
:10B69000FBF7D4FFFFF74EFF04469DF807003D700F
:10B6A000FBF7F0FF2CB93470FFF772FF0320FFF7B0
:10B6B0005BFF204603B0F0BD0824FAE72C46F8E70C
:10B6C0002D4E00202C4E0020054B1B7833B1054B2E
:10B6D0001B780BB1FFF7C8BFFFF788BF0820704782
:10B6E0002C4E00202D4E0020014B1878704700BFD3
:10B6F0002D4E002007B508496846FCF74FFB019B1B
:10B7000013B903B05DF804FBD3E900209047684605
:10B71000FCF74DFBF3E700BFCCD10700FFF7EABF12
:10B7200060DF704769DF704761DF704730B5114DEA
:10B73000ADF5017D4FF4FA740DF1020103A8ADF8E7
:10B740000240FFF7F1FF70B9294601A8FCF726FB7C
:10B75000029B002BF0D003A8D3E90021904701A859
:10B76000FCF725FBF4E7052801D0FCF7D2FE0DF528
:10B77000017D30BDE4D10700024B1B780BB1FFF710
:10B78000D5BF70472F4E002018B1034B0360002037
:10B7900070470E20704700BFE82A00207FB506469C
:10B7A0000C46002959D02E4B0B600C22002101A819
:10B7B00001F08CF9012506232268ADF8083001A9B3
:10B7C00020208DF804608DF80650FFF7ABFF0C22A7
:10B7D000002101A801F07AF922688DF8055001A92D
:10B7E0004020FFF79FFF0C22002101A801F06EF915
:10B7F000F7232268ADF8063001A923208DF80460F4
:10B80000FFF790FF0C22002101A801F05FF92268E8
:10B810008DF8045001A92846FFF784FF0C2200216F
:10B8200001A801F053F94FF4B0632268019301A914
:10B83000A120FFF777FF0C22002101A801F046F9B3
:10B840009DF8043022682B4301A9A0208DF8043014
:10B85000FFF768FF002004B070BD0E20FBE700BFBB
:10B86000E82A002008B5FFF75BFF10B9014B012261
:10B870001A7008BD2F4E00204BDF70471FB50D4CCE
:10B8800001A8FFF7F9FF70B9214602A8FCF786FA74
:10B89000039B002BF4D00198D3E90021904702A824
:10B8A000FCF785FAF4E7052801D0FCF732FE04B076
:10B8B00010BD00BFF0D107008B1802448B4200D1AD
:10B8C000704713F8010D02F8010DF7E700000000C2
:10B8D000C3F10803DB0070B501330446002003A563
:10B8E0005B1920C940CAAD1920C4184720C940CAF5
:10B8F000754120C420C940CA754120C420C940CA2E
:10B90000754120C420C940CA754120C420C940CA1D
:10B91000754120C420C940CA754120C420C940CA0D
:10B92000754120C4404170BD0000000000000000CF
:10B93000C3F10803DB0070B50133002403A500BF89
:10B940005B1920C940CAAD1B20C0184720C940CA96
:10B95000B54120C020C940CAB54120C020C940CA55
:10B96000B54120C020C940CAB54120C020C940CA45
:10B97000B54120C020C940CAB54120C020C940CA35
:10B98000B54120C06441B4FA84F0400970BD00BFE5
:10B990002DE9F04F08B4F8CA04B451F8042BA3FB06
:10B9A000028940F8048B4FF0000AE4FB629A4FF0E2
:10B9B000000BE5FB62AB4FF0000CE6FB62BC4FF006
:10B9C000000EE7FB62CE51F8042B4FF00008E3FBBA
:10B9D000628940F8048BE4FB629AE5FB62ABE6FB0C
:10B9E00062BCE7FB62CE51F8042B4FF00008E3FB8A
:10B9F000628940F8048BE4FB629AE5FB62ABE6FBEC
:10BA000062BCE7FB62CE51F8042B4FF00008E3FB69
:10BA1000628940F8048BE4FB629AE5FB62ABE6FBCB
:10BA200062BCE7FB62CE51F8042B4FF00008E3FB49
:10BA3000628940F8048BE4FB629AE5FB62ABE6FBAB
:10BA400062BCE7FB62CE40F8049B40F804AB40F8D0
:10BA500004BB40F804CB40F804EB0CBC052B00F011
:10BA60001E810C68A0F11400A1F11401A2F11402CE
:10BA700052F804EB4FF0000550F8046BE4FB6E56EF
:10BA800052F804EB50F8047BE4FB6E6752F804EBC9
:10BA900050F8048BE4FB6E7852F804EB50F8049BEA
:10BAA000E4FB6E8952F804EB50F804ABE4FB6E9AA9
:10BAB000A0F1140052F8044B51F804EB4FF0000CC5
:10BAC000E4FB6EC540F804CB51F804EBE4FB6E5682
:10BAD00040F8045B51F804EBE4FB6E6740F8046B3C
:10BAE00051F804EBE4FB6E7840F8047B51F804EB6A
:10BAF000E4FB6E8940F8048B51F804EBE4FB6E9A8A
:10BB0000A0E80006062B00F0CA800C68A0F118001F
:10BB1000A1F11801A2F1180252F804EB4FF0000550
:10BB200050F8046BE4FB6E5652F804EB50F8047BBB
:10BB3000E4FB6E6752F804EB50F8048BE4FB6E787C
:10BB400052F804EB50F8049BE4FB6E8952F804EBC6
:10BB500050F804ABE4FB6E9A52F804EB50F804BBC7
:10BB6000E4FB6EABA0F1180052F8044B51F804EB63
:10BB70004FF0000CE4FB6EC540F804CB51F804EB29
:10BB8000E4FB6E5640F8045B51F804EBE4FB6E678F
:10BB900040F8046B51F804EBE4FB6E7840F8047B4A
:10BBA00051F804EBE4FB6E8940F8048B51F804EB88
:10BBB000E4FB6E9A40F8049B51F804EBE4FB6EAB97
:10BBC000A0E8000C072B6AD008B40C68A0F11C0098
:10BBD000A1F11C01A2F11C0252F804EB4FF0000588
:10BBE00050F8046BE4FB6E5652F804EB50F8047BFB
:10BBF000E4FB6E6752F804EB50F8048BE4FB6E78BC
:10BC000052F804EB50F8049BE4FB6E8952F804EB05
:10BC100050F804ABE4FB6E9A52F804EB50F804BB06
:10BC2000E4FB6EAB52F804EB50F804CBE4FB6EBCC3
:10BC3000A0F11C0052F8044B51F804EB4FF0000344
:10BC4000E4FB6E3540F8043B51F804EBE4FB6E5620
:10BC500040F8045B51F804EBE4FB6E6740F8046BBA
:10BC600051F804EBE4FB6E7840F8047B51F804EBE8
:10BC7000E4FB6E8940F8048B51F804EBE4FB6E9A08
:10BC800040F8049B51F804EBE4FB6EAB40F804ABC6
:10BC900051F804EBE4FB6EBCA0E8001808BCBDE85A
:10BCA000F08F002310B51C465AB2914200DC10BD43
:10BCB00040F823400133F7E710B500231A465CB281
:10BCC000A14203DCB2FA82F0400910BD50F82340D3
:10BCD00001332243F3E74A11012350F8220001F017
:10BCE0001F0103FA01F108407047013910B549B24C
:10BCF000041D0A06CBB204D4013954F82120002ACD
:10BD0000F7D001335BB273B103F18042013A50F8CE
:10BD10002220002022B9013B00EB431318B210BDD2
:10BD200052080130F6E71846F9E710B500235CB277
:10BD3000A24200DC10BD51F8234040F823400133FB
:10BD4000F5E710B5013A52B2130601D5002010BD37
:10BD500050F8224051F822309C4205D802F1FF32BF
:10BD6000F2D24FF0FF30F2E70120F0E700EB810163
:10BD70000023884200D3704751F8042D43EA520350
:10BD80000B60D307F5E737B51D469DF918300193D1
:10BD90000446FFF79DFD019B38B91A462146284607
:10BDA000FFF7CFFF0128019B07D02A4621462046F6
:10BDB00003B0BDE83040FFF7BBBD03B030BD37B5C1
:10BDC0001D469DF9183001930446FFF7B1FD019B14
:10BDD00038B12A462146204603B0BDE83040FFF77F
:10BDE00077BD03B030BD2DE9F04FB5B004AC9DF97F
:10BDF000F8501E4680462B462046FFF7C9FD24AB6F
:10BE000029463046CDE90234FFF76FFFC0EB8510BD
:10BE100004B2002C2146B8BF04F11F01634241F374
:10BE2000471103F01F0314A804F01F0758BF5F4217
:10BE3000FFF737FF002F08B22BDD14AB002203EB16
:10BE40008001C7F1200E1346AB4217D36B0001935C
:10BE500014AB03EB85096F1E34AB012603EB870798
:10BE6000002C54DA34AB03EB86062A4656F8C81C7D
:10BE70004046FFF75AFF35B0BDE8F08F56F823C0B3
:10BE80000CFA07F0024341F8042B01332CFA0EF2AE
:10BE9000DAE714AB2A46314603EB8000FFF745FF93
:10BEA000D4E70FFA82FE5AF8C83C53F82EB034ABF0
:10BEB00003EB8202013052F8803C0B44BBEB0303DE
:10BEC00034BF012200229B4518BF11465CF8C82CE4
:10BED00042F82E30019B42B29A42E2DB731A5E4274
:10BEE000294614A85E41FFF741FF34AB03EB8503FD
:10BEF000294653F8802C57F8803C484643EAC273E1
:10BF0000013C47F8803C24B2FFF730FFA8E734AB90
:10BF10000020C6F1010C014603EB860A03EB8C0CF2
:10BF2000D8E730B51C4691B0054693F90030684615
:10BF3000FFF72EFDD4F8AC3069462846984711B07B
:10BF400030BD13460A46FFF7ECBF2DE9F04793F9E1
:10BF5000006092B0044689461046314615461F4699
:10BF6000FFF7AAFE002840F091803A46494602A811
:10BF7000FFF7E7FF3B4602AA21460AA8FFF7D1FFD9
:10BF800002A908463A46FFF7DCFF3B462A464946E7
:10BF90004846FFF7C6FF07F104083A4629462846F7
:10BFA000FFF7CFFF43462A46214620460096FFF77B
:10BFB000EAFE43462A46294628460096FFF7E3FE56
:10BFC00043462A46214628460096FFF7F8FE3B46A0
:10BFD0002A4621462046FFF7A4FF43462246214633
:10BFE00028460096FFF7CFFE434600962A46214694
:10BFF0002046FFF7C8FE2368DB074AD53346424692
:10C0000021462046FFF764FC314682462046FFF772
:10C01000ADFE06F18043013B54F8232042EACA7288
:10C0200044F823203A4621462846FFF78AFF434634
:10C030000AAA294628460096FFF7C1FE43460AAAE7
:10C04000294628460096FFF7BAFE0AA90846434645
:10C050002A460096FFF7B3FE3B460AAA2146204631
:10C06000FFF75FFF02AA4346104621460096FFF7FE
:10C07000A6FE324629462046FFF757FE4946284687
:10C08000FFF753FE02A94846FFF74FFE12B0BDE886
:10C09000F08731462046FFF769FEC3E72DE9F041FE
:10C0A00015468AB004460E461C22002103A800F063
:10C0B0000DFD2F1D95F9008003232A4631462046A9
:10C0C0000293FFF73EFF3B4602AA21462046CDF8E9
:10C0D0000080FFF774FE2B46324621462046FFF7CC
:10C0E00020FFCDF800803B4605F184022146204622
:10C0F000FFF749FE0AB0BDE8F08100002DE9F042EB
:10C10000082288B00C468146FFF70FFECB6A0393E6
:10C110000B6B04934B6B05938B6B0693CB6B079365
:10C12000002708236A4669466846CDE901770097EB
:10C13000FFF7CEFB082305466A4649464846FFF707
:10C14000C7FB236B0393636B0493A36B0593E36BB0
:10C150000544CDE906376A46082369466846FFF775
:10C16000B7FB082305446A4649464846FFF7B0FB3B
:10C17000236A0093636A0193A36A0293A36B0693F5
:10C18000E36B0793054408236A4649464846CDE9D0
:10C1900004770397FFF79CFB636A0093A36AA26B83
:10C1A0000193E36A02930492636BE26B0393CDE91C
:10C1B0000523236A07932E1808236A4649464846F2
:10C1C000FFF786FBE36A0093236B0193636B029393
:10C1D000236A0693A36A0793351808236A464946DB
:10C1E0004846CDE904770397FFF7A2FB236B009342
:10C1F000636B0193A36B0293E36B0393636A0693F0
:10C20000E36A07932E1A08236A4649464846CDE951
:10C210000477FFF78DFB636B0093A36B0193E36BD4
:10C220000293236A0393636A0493A36ACDE90537F3
:10C23000236B0793361A08236A4649464846FFF798
:10C2400077FBA36B0093E36BCDE90137636A03933C
:10C25000A36A0493E36ACDE90537636B0793361A43
:10C2600008236A4649464846FFF762FB361A0E4CD9
:10C270000FD436B9082249462046FFF762FD01284F
:10C280000FD00823224649464846FFF751FB361A8D
:10C29000EFE70823224649464846FFF719FB3618C0
:10C2A000F7D408B0BDE8F08200D2070070B514469C
:10C2B0008AB006460D461A46214602A80193FFF7AA
:10C2C00040FE019B02AA31463046FFF72AFE02A932
:10C2D000019B22460846FFF724FE019B02AA29463D
:10C2E0002846FFF71EFE0AB070BD2DE9F0478AB060
:10C2F0001446DDF848A055461F4615F9046B009614
:10C30000804689462B460246214602A8FFF757FD84
:10C3100002A952460846FFF714FE534602AA4146B8
:10C320004046FFF7FEFD534602AA21462046FFF78E
:10C33000F8FD2B464A46394638460096FFF73FFD42
:10C340005246394602A8FFF7FCFD02A92B46424699
:10C3500008460096FFF733FD02A92B462246084601
:10C360000096FFF72CFD2B464246214620460096BC
:10C37000FFF725FD5346224649464846FFF7D1FDC3
:10C380002B4602AA414620460096FFF718FD534669
:10C39000224639463846FFF7C4FD2B464A46394601
:10C3A00038460096FFF70BFD324602A92046FFF7FC
:10C3B000BCFC0AB0BDE8F0872DE9F0479846B3F918
:10C3C0000230894613F11F0148BF03F13E01DD1D14
:10C3D00048BF03F10E05EC104E11944275B228BF10
:10C3E000144629460746FFF75CFC22464946FFF7FC
:10C3F00063FAB8F90230B3EBC40F4FEAC40220D29B
:10C40000D21A07EB86010020C2F120068F420FD31B
:10C4100008F124082A4639464046FFF792FC0128D5
:10C420000FD02B4642463846BDE8F047FFF780BAAA
:10C4300051F8044D24FA02F303430B6004FA06F0AA
:10C44000E4E7BDE8F08770B5036813F00106054620
:10C45000144605D013460A460146FFF739FA064648
:10C4600021462846FFF782FC46B104F18042013A9A
:10C4700055F8223043F0004345F8223070BDF0B546
:10C480000F46A1B006461946384615461C46FFF72A
:10C4900013FC20B13046FFF704FC21B0F0BD22466A
:10C4A00039466846FFF741FC294608A8FFF73DFCDE
:10C4B00010A82146FFF7F5FB012318A81093FFF7FA
:10C4C000F0FB224608A96846FFF73BFC28B9224644
:10C4D00010A93046FFF729FCDFE7009BDA0709D4F3
:10C4E00021466846FFF742FC2246294610A8FFF77E
:10C4F000AAFFE6E7089BDB0707D4214608A8FFF759
:10C5000035FC2246294618A8F1E7002823461CDD01
:10C5100008AA69466846FFF70BFA21466846FFF706
:10C5200025FC224618A910A8FFF70BFC002805DA05
:10C5300010A923462A460846FFF7CAF910A9234640
:10C5400018AA0846FFF7F4F9CEE708A96A46084694
:10C55000FFF7EEF9214608A8FFF708FC224610A9CC
:10C5600018A8FFF7EEFB002805DA18A923462A468B
:10C570000846FFF7ADF918A9234610AA0846FFF7A9
:10C58000D7F9BEE700487047FCD107002DE9F04F0E
:10C590002DED028BEDB08946789E05901946B6F9CF
:10C5A000023096F9004013F11F0748BF03F13E0720
:10C5B00047F3471707F1FF3B24AB002543F82B5007
:10C5C0006CAB03EB8B0307EE902A4CA896F9012085
:10C5D00043F8805C43F8605CFFF76EF996F9012040
:10C5E00054A81144FFF768F921464CA8FFF764FBF3
:10C5F0008046002840F0428154A8FFF75DFB03907D
:10C60000002840F03D8106F1240A3A464CA95046E4
:10C61000FFF797FB012840F035813A4654A9504670
:10C62000FFF78FFB0128069040F02C811CAD3B46A4
:10C63000524654A92846FFF722FF0DF13008039B0C
:10C6400048F82B3017EE902A494640463346FFF70C
:10C65000B3FE4146404653462A460097FFF7C3FBC8
:10C660000DF5B87B53462A464CA914A80097FFF74E
:10C67000BAFB224658460599FFF757FBA3000793DC
:10C68000059B0BEB840903EB84014846FFF74DFB48
:10C6900006F14403194634A80493FFF746FB049BB4
:10C6A000A10059183CA8FFF740FB331D08EE903A53
:10C6B000594634AA28460094FFF781FB4B465A4658
:10C6C0003CA934A80096FFF710FE18EE902A2346E6
:10C6D00029462846FFF7D3FE2A46494658463346A0
:10C6E000FFF7E4FD039B0893049B0993059B3946E0
:10C6F0004046CDE90A3BFFF7F8FA3946834614A8CD
:10C70000FFF7F3FA5845B8BF58461FFA80FB0BF104
:10C71000FF3109B240460491FFF7DDFA0499B0F108
:10C72000000814A818BF4FF00108FFF7D4FA00283A
:10C7300014BF0220002048EA00080DF1200922461B
:10C7400059F8281024A8FFF7F0FA0DF1B009A3005A
:10C7500019444846FFF7E9FA21462846FFF7A1FAAF
:10C76000069B2B60ABF1020824AB08EE105A0FFABF
:10C7700088F80493B8F1000F2ADA18EE902A18EE20
:10C78000101A18EE100A2346FFF779FE18EE102A49
:10C79000049833464946FFF789FD04993A465046C6
:10C7A000FFF7CFFA012805D004993B4652460846C8
:10C7B000FFF7BEF8013C64B24CAA230653D5039B95
:10C7C000B3FA83F040096DB0BDEC028BBDE8F08F89
:10C7D000334618EE102A0498D6F8A4504946A847C4
:10C7E00041460CA8FFF777FA4146B0F1000B14A8B8
:10C7F00018BF4FF0010BFFF76EFA002814BF02209C
:10C8000000204BEA000B08AB53F82B1031B3224643
:10C8100034A8FFF78AFA079B3CA81944FFF785FA6A
:10C8200018EE102A33463CA934A8FFF73FFD18EE56
:10C83000903A0499009434AA44A8FFF7C0FA049AE5
:10C8400000964B463CA934A8FFF74FFD18EE101A8E
:10C8500018EE100A334644AAFFF763FB08F1FF38CD
:10C860000FFA88F886E7049B52F8241053F8243016
:10C870004B40039919430391013C9EE72846A2E7E8
:10C880004046A0E703989EE7002301461A46184653
:10C8900000F0E4B908B5074B044613B1002100F0DD
:10C8A0002DFA054B1868836A03B19847204600F0BB
:10C8B00073FA00BFFDCC0700ACD2070038B50A4CB4
:10C8C0000A4D641BA4100AD004F18043013B05EB20
:10C8D0008305013C55F804399847002CF9D1BDE88F
:10C8E000384000F061BA00BFA02B00209C2B002034
:10C8F00070B50D4E0D4D761BB61006D000240134D8
:10C9000055F8043B9847A642F9D1094E094D761BCC
:10C9100000F044FAB61006D00024013455F8043B68
:10C920009847A642F9D170BD982B0020982B002083
:10C930009C2B0020982B0020032A70B412D940EAC7
:10C940000105AD0704460B4620D11946204653F891
:10C95000045B54F8046BAE4218D1043A032A204613
:10C960001946F2D8541E72B103780A789A4208BF69
:10C97000241806D00CE010F8013F11F8012F934263
:10C9800006D1A042F7D1002070BC7047541EEBE7DF
:10C99000981A70BC704700BF844641EA000313F048
:10C9A00003036DD1403A41D351F8043B40F8043BB6
:10C9B00051F8043B40F8043B51F8043B40F8043B79
:10C9C00051F8043B40F8043B51F8043B40F8043B69
:10C9D00051F8043B40F8043B51F8043B40F8043B59
:10C9E00051F8043B40F8043B51F8043B40F8043B49
:10C9F00051F8043B40F8043B51F8043B40F8043B39
:10CA000051F8043B40F8043B51F8043B40F8043B28
:10CA100051F8043B40F8043B51F8043B40F8043B18
:10CA200051F8043B40F8043B403ABDD2303211D3B8
:10CA300051F8043B40F8043B51F8043B40F8043BF8
:10CA400051F8043B40F8043B51F8043B40F8043BE8
:10CA5000103AEDD20C3205D351F8043B40F8043BB8
:10CA6000043AF9D2043208D0D2071CBF11F8013BB6
:10CA700000F8013B01D30B8803806046704700BF7C
:10CA8000082A13D38B078DD010F003038AD0C3F18B
:10CA90000403D21ADB071CBF11F8013B00F8013B6D
:10CAA00080D331F8023B20F8023B7BE7043AD9D32C
:10CAB000013A11F8013B00F8013BF9D20B78037001
:10CAC0004B7843708B78837060467047F0B486076C
:10CAD00046D0541E002A3CD0CAB2034602E014F1EC
:10CAE000FF3436D303F8012B9D07F8D1032C29D945
:10CAF000CDB245EA05250F2C45EA054533D9A4F109
:10CB00001006360903F1200707EB061703F11002A0
:10CB100042E9045542E902551032BA42F8D1721C7A
:10CB200014F00C0F03EB021204F00F0613D0331FA6
:10CB300023F003030433134442F8045B9342FBD114
:10CB400006F003042CB1C9B21C4403F8011B9C423B
:10CB5000FBD1F0BC704734461346002CF3D1F8E704
:10CB600014460346C2E71A462646E0E700000000E6
:10CB700000000000000000000000000000000000B5
:10CB800090F800F06DE9024520F007016FF0000C0D
:10CB900010F0070491F820F040F049804FF00004B5
:10CBA0006FF00700D1E9002391F840F000F1080090
:10CBB00082FA4CF2A4FA8CF283FA4CF3A2FA8CF3C8
:10CBC0004BBBD1E9022382FA4CF200F10800A4FA2F
:10CBD0008CF283FA4CF3A2FA8CF3E3B9D1E9042383
:10CBE00082FA4CF200F10800A4FA8CF283FA4CF3BA
:10CBF000A2FA8CF37BB9D1E9062301F1200182FA74
:10CC00004CF200F10800A4FA8CF283FA4CF3A2FA79
:10CC10008CF3002BC6D0002A04BF04301A4612BA87
:10CC2000B2FA82F2FDE8024500EBD2007047D1E98A
:10CC3000002304F00305C4F100004FEAC50514F019
:10CC4000040F91F840F00CFA05F562EA05021CBFEA
:10CC500063EA050362464FF00004A9E72DE9F843B3
:10CC6000224C25680DB36C681F2C3BDC984691461E
:10CC70000F46064688B1D5F8880028B3D0F80031B1
:10CC800040F824900122A24000EB84011343022EBD
:10CC9000C0F80031C1F8808010D0A31C01346C6052
:10CCA00045F823700020BDE8F883114E114D256032
:10CCB000002ED8D03468C5F88840D4E7D0F80431C5
:10CCC0001A43C0F80421E8E70B4B5BB14FF48470C2
:10CCD000AFF3008030B100236C68C0E94033C5F881
:10CCE0008800CDE74FF0FF30DDE700BFBC4E0020ED
:10CCF00000000000304E0020000000002DE9F04F41
:10CD0000DFF8908083B0D8F8005001900F464FF0C4
:10CD1000010A8DB16C68D5F88860013C0CD405F12E
:10CD2000080B67B12EB106F1800353F82430BB42E3
:10CD300005D014F1FF34F4D203B0BDE8F08F6B6876
:10CD40005BF82420013BA34216BF00236C604BF824
:10CD50002430002AEDD0D5F80490B6B1D6F80011F1
:10CD60000AFA04F30B4210D0D6F8040156F8241046
:10CD700003420CD1019890476B68D8F800204B45CE
:10CD800001D1AA42D5D01546C3E79047F4E708463B
:10CD90009047F1E7BC4E0020FEE700BFF8B500BFAA
:10CDA000F8BC08BC9E467047F8B500BFF8BC08BC8C
:10CDB0009E467047001000000400000001000000C3
:10CDC00095790700B9790700C9790700397A070012
:10CDD000D9790700A1790700A5790700A97907008B
:10CDE000001000000400000001000000457B070067
:10CDF000257B0700157B07004D7D0700017D07009F
:10CE0000E77A0700EB7A0700F17A0700982F8A4249
:10CE100091443771CFFBC0B5A5DBB5E95BC256398C
:10CE2000F111F159A4823F92D55E1CAB98AA07D8A4
:10CE3000015B8312BE853124C37D0C55745DBE72C7
:10CE4000FEB1DE80A706DC9B74F19BC1C1699BE447
:10CE50008647BEEFC69DC10FCCA10C246F2CE92DD7
:10CE6000AA84744ADCA9B05CDA88F97652513E98FB
:10CE70006DC631A8C82703B0C77F59BFF30BE0C602
:10CE80004791A7D55163CA0667292914850AB72790
:10CE900038211B2EFC6D2C4D130D385354730A652D
:10CEA000BB0A6A762EC9C281852C7292A1E8BFA204
:10CEB0004B661AA8708B4BC2A3516CC719E892D16C
:10CEC000240699D685350EF470A06A1016C1A419EF
:10CED000086C371E4C774827B5BCB034B30C1C39EE
:10CEE0004AAAD84E4FCA9C5BF36F2E68EE828F74AD
:10CEF0006F63A5781478C8840802C78CFAFFBE90C7
:10CF0000EB6C50A4F7A3F9BEF27871C64800280074
:10CF10000020400085C50700DDAC843D1EBD6AFCD5
:10CF2000F19B4BD0C49DB1BE608F0D7ACA0083AA1D
:10CF3000B84899DE96F7E90C05200B441BE1104A2E
:10CF4000A3418950BAD2FDB74999C850A1D379AF4E
:10CF50008939544350D9C92D06150E1506110A04F6
:10CF60000A1104041F04041C0B1F251E15160F189C
:10CF7000131C0B1F251E15160F18130000000000B0
:10CF80000338FDD870470000F79207009B92070016
:10CF9000EB9707005D9807007D980700E191070077
:10CFA000A19107007F97070000000000A9980700E3
:10CFB000A398070083980700200000007800000075
:10CFC000000000000100010000000000010000005E
:10CFD0000000000002000500010000004200000007
:10CFE0000000000000000000000000000000000041
:10CFF00000000000010011000100FFFF010000001F
:10D0000000000000020017000200FEFF64010000A3
:10D0100054D00700000000000000000000000000E5
:10D0200000000000010001000000000001000000FD
:10D0300000000000020005000100000022000000C6
:10D0400000000000000000000000000000000000E0
:10D0500000000000010011000400FCFF04000000BB
:10D0600000000000020011000400FCFF04000000AA
:10D0700000000000030021000400FCFF0400100079
:10D0800000000000040011000100FFFF010000008B
:10D0900000000000050011000200FEFF0400000077
:10D0A00000000000060011000400FCFF0400000066
:10D0B00000000000070011000400FCFF0400000055
:10D0C00000000000080017000200FEFF240000001E
:10D0D00024D00700090010000100FFFF010000003C
:10D0E00004D107000A0027000200FEFF44000300ED
:10D0F000C4CF070000000000000000000000000096
:10D100000000000000000000010017000400FCFF08
:10D1100068010000F4CF0700020017000400FCFFC4
:10D12000AC01000038D10700000000000000000042
:10D1300000000000000000000100070000000000E7
:10D1400068010000F4CF07000200010000000000A9
:10D1500001000000000000000300050001000000C5
:10D16000420000000000000000000000000000007D
:10D170000000000000000000446675546172670002
:10D18000000000000000000000000000000000009F
:10D1900050EADA308883B89F604F15F30000C98EDB
:10D1A0000338FDD870470C000C00000058026D6970
:10D1B00063726F6269745F61707000001002010039
:10D1C00008D3070010D3070008000000F8D20700BA
:10D1D00008D3070008000000F0D20700F8D20700CB
:10D1E00008000000E8D20700F0D2070008000000A5
:10D1F00010D3070018D30700080000000820000122
:10D20000FFFFFFFFFFFFFFFFFFFFFFFF000000002A
:10D21000000000000000000001000000FFFFFFFF11
:10D22000512563FCC2CAB9F3849E17A7ADFAE6BCC8
:10D23000FFFFFFFFFFFFFFFF00000000FFFFFFFFFA
:10D2400096C298D84539A1F4A033EB2D817D0377A0
:10D25000F240A463E5E6BCF847422CE1F2D1176B3B
:10D26000F551BF376840B6CBCE5E316B5733CE2B0E
:10D27000169E0F7C4AEBE78E9B7F1AFEE242E34F3D
:10D280004B60D2273E3CCE3BF6B053CCB0061D657A
:10D29000BC86987655BDEBB3E7933AAAD835C65A03
:10D2A0004BBF07009DC00700FDC00700382B0020C2
:10D2B0000000000001A10700599E07004032002035
:10D2C0007C4200208D42002048320020F400000003
:10D2D0000000000003000000F5B30700000000009C
:10D2E00002000000D5B30700A59A07000000000067
:10D2F000C17C07000000000079B7070000000000B3
:10D300007DB8070000000000017B0700000000005E
:10D310001D7C070000000000709FFF7F01000000DF
:10D320000090D0030000000000000000000000009A
:10D3300000000000000000000000000000000000ED
:10D3400001000000000000000000000000000000DC
:10D3500002000000EC2A00200C2B0020FC2A0020F8
:10D36000FF00FFFF0100000000E00700382B002055
:10D3700000000000000000000000000000000000AD
:10D38000000000000000000000000000000000009D
:10D39000000000000000000000000000000000008D
:10D3A000000000000000000000000000000000007D
:10D3B000000000000000000000000000000000006D
:10D3C000000000000000000000000000000000005D
:10D3D00069720700417207000000000000000000B1
:0CD3E00001A2070000100000000008007F
:10E00000BE361649020000000000000000000000BB
:10E0100000000000000000001CD20000105EBCF8F0
:10E0200001000000000000000000000000000000EF
:10E0300000000000000000000000000000000000E0
:10E0400000000000000000000000000000000000D0
:10E0500000000000000000000000000000000000C0
:10E0600000000000000000000000000000000000B0
:10E0700000000000000000000000000000000000A0
:10E080000000000000000000000000000000000090
:10E090000000000000000000000000000000000080
:10E0A0000000000000000000000000000000000070
:10E0B0000000000000000000000000000000000060
:10E0C0000000000000000000000000000000000050
:10E0D0000000000000000000000000000000000040
:10E0E0000000000000000000000000000000000030
:10E0F0000000000000000000000000000000000020
:10E10000000000000000000000000000000000000F
:10E1100000000000000000000000000000000000FF
:10E1200000000000000000000000000000000000EF
:10E1300000000000000000000000000000000000DF
:10E1400000000000000000000000000000000000CF
:10E1500000000000000000000000000000000000BF
:10E1600000000000000000000000000000000000AF
:10E17000000000000000000000000000000000009F
:10E18000000000000000000000000000000000008F
:10E19000000000000000000000000000000000007F
:10E1A000000000000000000000000000000000006F
:10E1B000000000000000000000000000000000005F
:10E1C000000000000000000000000000000000004F
:10E1D000000000000000000000000000000000003F
:10E1E000000000000000000000000000000000002F
:10E1F000000000000000000000000000000000001F
:10E20000000000000000000000000000000000000E
:10E2100000000000000000000000000000000000FE
:10E2200000000000000000000000000000000000EE
:10E2300000000000000000000000000000000000DE
:10E2400000000000000000000000000000000000CE
:10E25000000000000000000000000000A21BDAAC7B
:10E2600000000000000000000000000000000000AE
:10E27000000000000000000000000000000000009E
:10E28000000000000000000000000000000000008E
:10E29000000000000000000000000000000000007E
:10E2A000000000000000000000000000000000006E
:10E2B000000000000000000000000000000000005E
:10E2C000000000000000000000000000000000004E
:10E2D000000000000000000000000000000000003E
:10E2E000000000000000000000000000000000002E
:10E2F000000000000000000000000000000000001E
:10E30000000000000000000000000000000000000D
:10E3100000000000000000000000000000000000FD
:10E3200000000000000000000000000000000000ED
:10E3300000000000000000000000000000000000DD
:10E3400000000000000000000000000000000000CD
:10E3500000000000000000000000000000000000BD
:10E3600000000000000000000000000000000000AD
:10E37000000000000000000000000000000000009D
:10E38000000000000000000000000000000000008D
:10E39000000000000000000000000000000000007D
:10E3A000000000000000000000000000000000006D
:10E3B000000000000000000000000000000000005D
:10E3C000000000000000000000000000000000004D
:10E3D000000000000000000000000000000000003D
:10E3E000000000000000000000000000000000002D
:10E3F000000000000000000000000000000000001D
:10E40000000000000000000000000000000000000C
:10E4100000000000000000000000000000000000FC
:10E4200000000000000000000000000000000000EC
:10E4300000000000000000000000000000000000DC
:10E4400000000000000000000000000000000000CC
:10E4500000000000000000000000000000000000BC
:10E4600000000000000000000000000000000000AC
:10E47000000000000000000000000000000000009C
:10E48000000000000000000000000000000000008C
:10E49000000000000000000000000000000000007C
:10E4A000000000000000000000000000000000006C
:10E4B000000000000000000000000000000000005C
:10E4C000000000000000000000000000000000004C
:10E4D000000000000000000000000000000000003C
:10E4E000000000000000000000000000000000002C
:10E4F000000000000000000000000000000000001C
:10E50000000000000000000000000000000000000B
:10E5100000000000000000000000000000000000FB
:10E5200000000000000000000000000000000000EB
:10E5300000000000000000000000000000000000DB
:10E5400000000000000000000000000000000000CB
:10E5500000000000000000000000000000000000BB
:10E5600000000000000000000000000000000000AB
:10E57000000000000000000000000000000000009B
:10E58000000000000000000000000000000000008B
:10E59000000000000000000000000000000000007B
:10E5A000000000000000000000000000000000006B
:10E5B000000000000000000000000000000000005B
:10E5C000000000000000000000000000000000004B
:10E5D000000000000000000000000000000000003B
:10E5E000000000000000000000000000000000002B
:10E5F000000000000000000000000000000000001B
:10E60000000000000000000000000000000000000A
:10E6100000000000000000000000000000000000FA
:10E6200000000000000000000000000000000000EA
:10E6300000000000000000000000000000000000DA
:10E6400000000000000000000000000000000000CA
:10E6500000000000000000000000000000000000BA
:10E6600000000000000000000000000000000000AA
:10E67000000000000000000000000000000000009A
:10E68000000000000000000000000000000000008A
:10E69000000000000000000000000000000000007A
:10E6A000000000000000000000000000000000006A
:10E6B000000000000000000000000000000000005A
:10E6C000000000000000000000000000000000004A
:10E6D000000000000000000000000000000000003A
:10E6E000000000000000000000000000000000002A
:10E6F000000000000000000000000000000000001A
:10E700000000000000000000000000000000000009
:10E7100000000000000000000000000000000000F9
:10E7200000000000000000000000000000000000E9
:10E7300000000000000000000000000000000000D9
:10E7400000000000000000000000000000000000C9
:10E7500000000000000000000000000000000000B9
:10E7600000000000000000000000000000000000A9
:10E770000000000000000000000000000000000099
:10E780000000000000000000000000000000000089
:10E790000000000000000000000000000000000079
:10E7A0000000000000000000000000000000000069
:10E7B0000000000000000000000000000000000059
:10E7C0000000000000000000000000000000000049
:10E7D0000000000000000000000000000000000039
:10E7E0000000000000000000000000000000000029
:10E7F0000000000000000000000000000000000019
:10E800000000000000000000000000000000000008
:10E8100000000000000000000000000000000000F8
:10E8200000000000000000000000000000000000E8
:10E8300000000000000000000000000000000000D8
:10E8400000000000000000000000000000000000C8
:10E8500000000000000000000000000000000000B8
:10E8600000000000000000000000000000000000A8
:10E870000000000000000000000000000000000098
:10E880000000000000000000000000000000000088
:10E890000000000000000000000000000000000078
:10E8A0000000000000000000000000000000000068
:10E8B0000000000000000000000000000000000058
:10E8C0000000000000000000000000000000000048
:10E8D0000000000000000000000000000000000038
:10E8E0000000000000000000000000000000000028
:10E8F0000000000000000000000000000000000018
:10E900000000000000000000000000000000000007
:10E9100000000000000000000000000000000000F7
:10E9200000000000000000000000000000000000E7
:10E9300000000000000000000000000000000000D7
:10E9400000000000000000000000000000000000C7
:10E9500000000000000000000000000000000000B7
:10E9600000000000000000000000000000000000A7
:10E970000000000000000000000000000000000097
:10E980000000000000000000000000000000000087
:10E990000000000000000000000000000000000077
:10E9A0000000000000000000000000000000000067
:10E9B0000000000000000000000000000000000057
:10E9C0000000000000000000000000000000000047
:10E9D0000000000000000000000000000000000037
:10E9E0000000000000000000000000000000000027
:10E9F0000000000000000000000000000000000017
:10EA00000000000000000000000000000000000006
:10EA100000000000000000000000000000000000F6
:10EA200000000000000000000000000000000000E6
:10EA300000000000000000000000000000000000D6
:10EA400000000000000000000000000000000000C6
:10EA500000000000000000000000000000000000B6
:10EA600000000000000000000000000000000000A6
:10EA70000000000000000000000000000000000096
:10EA80000000000000000000000000000000000086
:10EA90000000000000000000000000000000000076
:10EAA0000000000000000000000000000000000066
:10EAB0000000000000000000000000000000000056
:10EAC0000000000000000000000000000000000046
:10EAD0000000000000000000000000000000000036
:10EAE0000000000000000000000000000000000026
:10EAF0000000000000000000000000000000000016
:10EB00000000000000000000000000000000000005
:10EB100000000000000000000000000000000000F5
:10EB200000000000000000000000000000000000E5
:10EB300000000000000000000000000000000000D5
:10EB400000000000000000000000000000000000C5
:10EB500000000000000000000000000000000000B5
:10EB600000000000000000000000000000000000A5
:10EB70000000000000000000000000000000000095
:10EB80000000000000000000000000000000000085
:10EB90000000000000000000000000000000000075
:10EBA0000000000000000000000000000000000065
:10EBB0000000000000000000000000000000000055
:10EBC0000000000000000000000000000000000045
:10EBD0000000000000000000000000000000000035
:10EBE0000000000000000000000000000000000025
:10EBF0000000000000000000000000000000000015
:10EC00000000000000000000000000000000000004
:10EC100000000000000000000000000000000000F4
:10EC200000000000000000000000000000000000E4
:10EC300000000000000000000000000000000000D4
:10EC400000000000000000000000000000000000C4
:10EC500000000000000000000000000000000000B4
:10EC600000000000000000000000000000000000A4
:10EC70000000000000000000000000000000000094
:10EC80000000000000000000000000000000000084
:10EC90000000000000000000000000000000000074
:10ECA0000000000000000000000000000000000064
:10ECB0000000000000000000000000000000000054
:10ECC0000000000000000000000000000000000044
:10ECD0000000000000000000000000000000000034
:10ECE0000000000000000000000000000000000024
:10ECF0000000000000000000000000000000000014
:10ED00000000000000000000000000000000000003
:10ED100000000000000000000000000000000000F3
:10ED200000000000000000000000000000000000E3
:10ED300000000000000000000000000000000000D3
:10ED400000000000000000000000000000000000C3
:10ED500000000000000000000000000000000000B3
:10ED600000000000000000000000000000000000A3
:10ED70000000000000000000000000000000000093
:10ED80000000000000000000000000000000000083
:10ED90000000000000000000000000000000000073
:10EDA0000000000000000000000000000000000063
:10EDB0000000000000000000000000000000000053
:10EDC0000000000000000000000000000000000043
:10EDD0000000000000000000000000000000000033
:10EDE0000000000000000000000000000000000023
:10EDF0000000000000000000000000000000000013
:10EE00000000000000000000000000000000000002
:10EE100000000000000000000000000000000000F2
:10EE200000000000000000000000000000000000E2
:10EE300000000000000000000000000000000000D2
:10EE400000000000000000000000000000000000C2
:10EE500000000000000000000000000000000000B2
:10EE600000000000000000000000000000000000A2
:10EE70000000000000000000000000000000000092
:10EE80000000000000000000000000000000000082
:10EE90000000000000000000000000000000000072
:10EEA0000000000000000000000000000000000062
:10EEB0000000000000000000000000000000000052
:10EEC0000000000000000000000000000000000042
:10EED0000000000000000000000000000000000032
:10EEE0000000000000000000000000000000000022
:10EEF0000000000000000000000000000000000012
:10EF00000000000000000000000000000000000001
:10EF100000000000000000000000000000000000F1
:10EF200000000000000000000000000000000000E1
:10EF300000000000000000000000000000000000D1
:10EF400000000000000000000000000000000000C1
:10EF500000000000000000000000000000000000B1
:10EF600000000000000000000000000000000000A1
:10EF70000000000000000000000000000000000091
:10EF80000000000000000000000000000000000081
:10EF90000000000000000000000000000000000071
:10EFA0000000000000000000000000000000000061
:10EFB0000000000000000000000000000000000051
:10EFC0000000000000000000000000000000000041
:10EFD0000000000000000000000000000000000031
:10EFE0000000000000000000000000000000000021
:10EFF0000000000000000000000000000000000011
:10F00000BE361649020000000000000000000000AB
:10F0100000000000000000001CD20000105EBCF8E0
:10F0200001000000000000000000000000000000DF
:10F0300000000000000000000000000000000000D0
:10F0400000000000000000000000000000000000C0
:10F0500000000000000000000000000000000000B0
:10F0600000000000000000000000000000000000A0
:10F070000000000000000000000000000000000090
:10F080000000000000000000000000000000000080
:10F090000000000000000000000000000000000070
:10F0A0000000000000000000000000000000000060
:10F0B0000000000000000000000000000000000050
:10F0C0000000000000000000000000000000000040
:10F0D0000000000000000000000000000000000030
:10F0E0000000000000000000000000000000000020
:10F0F0000000000000000000000000000000000010
:10F1000000000000000000000000000000000000FF
:10F1100000000000000000000000000000000000EF
:10F1200000000000000000000000000000000000DF
:10F1300000000000000000000000000000000000CF
:10F1400000000000000000000000000000000000BF
:10F1500000000000000000000000000000000000AF
:10F16000000000000000000000000000000000009F
:10F17000000000000000000000000000000000008F
:10F18000000000000000000000000000000000007F
:10F19000000000000000000000000000000000006F
:10F1A000000000000000000000000000000000005F
:10F1B000000000000000000000000000000000004F
:10F1C000000000000000000000000000000000003F
:10F1D000000000000000000000000000000000002F
:10F1E000000000000000000000000000000000001F
:10F1F000000000000000000000000000000000000F
:10F2000000000000000000000000000000000000FE
:10F2100000000000000000000000000000000000EE
:10F2200000000000000000000000000000000000DE
:10F2300000000000000000000000000000000000CE
:10F2400000000000000000000000000000000000BE
:10F25000000000000000000000000000A21BDAAC6B
:10F26000000000000000000000000000000000009E
:10F27000000000000000000000000000000000008E
:10F28000000000000000000000000000000000007E
:10F29000000000000000000000000000000000006E
:10F2A000000000000000000000000000000000005E
:10F2B000000000000000000000000000000000004E
:10F2C000000000000000000000000000000000003E
:10F2D000000000000000000000000000000000002E
:10F2E000000000000000000000000000000000001E
:10F2F000000000000000000000000000000000000E
:10F3000000000000000000000000000000000000FD
:10F3100000000000000000000000000000000000ED
:03F32000000000EA
:020000040000FA
:020000041000EA
:081014000070070000E0070076
:0400000330009939F7
:00000001FF
