:1000000000040020810A000015070000610A0000BA
:100010001F07000029070000330700000000000050
:10002000000000000000000000000000A50A000021
:100030003D070000000000004707000051070000D6
:100040005B070000650700006F07000079070000EC
:10005000830700008D07000097070000A10700003C
:10006000AB070000B5070000BF070000C90700008C
:10007000D3070000DD070000E7070000F1070000DC
:10008000FB070000050800000F0800001908000029
:10009000230800002D080000370800004108000078
:1000A0004B080000550800005F08000069080000C8
:1000B000730800007D080000870800009108000018
:1000C0009B080000A5080000AF080000B908000068
:1000D000C3080000CD080000D7080000E1080000B8
:1000E000EB080000F5080000FF0800000909000007
:1000F000130900001D090000270900003109000054
:100100003B0900001FB500F003F88DE80F001FBD8C
:1001100000F0ACBC40F6FC7108684FF01022401CA7
:1001200008D00868401C09D00868401C04D0086842
:1001300000F037BA9069F5E79069F9E7704770B554
:100140000B46010B184400F6FF70040B4FF0805073
:100150000022090303692403406943431D1B104621
:1001600000F048FA29462046BDE8704000F042BA47
:10017000F0B54FF6FF734FF4B4751A466E1E11E0DA
:10018000A94201D3344600E00C46091B30F8027B3B
:10019000641E3B441A44F9D19CB204EB134394B25D
:1001A00004EB12420029EBD198B200EB134002EBB2
:1001B000124140EA0140F0BDF34992B00446D1E952
:1001C0000001CDE91001FF224021684600F0F4FB58
:1001D00094E80F008DE80F00684610A902E004C8FB
:1001E00041F8042D8842FAD110216846FFF7C0FF7C
:1001F0001090AA208DF8440000F099F9FFF78AFFCB
:1002000040F6FC7420684FF01025401C0FD0206889
:1002100010226946803000F078F92068401C08D030
:100220002068082210A900F070F900F061F9A869AF
:10023000EEE7A869F5E74FF080500369406940F6A2
:10024000FC71434308684FF01022401C06D0086838
:1002500000F58050834203D2092070479069F7E788
:100260000868401C04D00868401C03D00020704778
:100270009069F9E70420704770B504460068C34DE3
:10028000072876D2DFE800F033041929631E250021
:10029000D4E9026564682946304600F062F92A46CE
:1002A0002146304600F031F9AA002146304600F0E0
:1002B00057FB002800D0032070BD00F009FC4FF46C
:1002C000805007E0201D00F040F90028F4D100F034
:1002D000FFFB60682860002070BD241D94E80700C3
:1002E000920000F03DFB0028F6D00E2070BDFFF715
:1002F000A2FF0028FAD1D4E901034FF0805100EBAE
:10030000830208694D69684382420ED840F6F8704E
:1003100005684FF010226D1C09D0056805EB8305B8
:100320000B6949694B439D4203D9092070BD55694A
:10033000F4E70168491C03D00068401C02D003E0C8
:100340005069FAE70F2070BD2046FFF735FFFFF731
:1003500072FF0028F7D1201D00F0F7F80028F2D135
:1003600060680028F0D100F0E2F8FFF7D3FE00F05B
:10037000BFF8072070BD10B50C46182802D0012028
:10038000086010BD2068FFF777FF206010BD41684E
:10039000054609B1012700E0002740F6F8742068FF
:1003A0004FF01026401C2BD02068AA68920000F065
:1003B000D7FA38B3A86881002068401C27D020688D
:1003C000FFF7BDFED7B12068401C22D026684FF051
:1003D0008050AC686D68016942695143A9420DD9EA
:1003E000016940694143A14208D92146304600F0E5
:1003F000B8F822462946304600F087F800F078F831
:100400007069D2E700F093F8FFF784FEF6E77069B1
:10041000D6E77669DBE740F6FC7420684FF01026DB
:10042000401C23D02068401C0CD02068401C1FD0EA
:100430002568206805F18005401C1BD027683879A5
:10044000AA2819D040F6F8700168491C42D001680A
:10045000491C45D00168491C3ED001680968491C07
:100460003ED00168491C39D000683EE0B069DAE747
:10047000B569DEE7B769E2E710212846FFF778FEA5
:100480003968814222D12068401C05D0D4F8001080
:1004900001F18002C03107E0B169F9E730B108CA63
:1004A00051F8040D984201D1012000E000208A4259
:1004B000F4D158B1286810B1042803D0FEE72846CB
:1004C000FFF765FF3149686808600EE0FFF722FE1C
:1004D00000F00EF87169BBE77169BFE7706904E06D
:1004E0004FF480500168491C01D000F0CBFAFEE7C0
:1004F000BFF34F8F26480168264A01F4E06111439B
:100500000160BFF34F8F00BFFDE72DE9F0411746B3
:100510000D460646002406E03046296800F054F8EF
:10052000641C2D1D361DBC42F6D3BDE8F08140F69B
:10053000FC700168491C04D0D0F800004FF48051D1
:10054000FDE54FF010208069F8E74FF080510A690F
:10055000496900684A43824201D810207047002050
:10056000704770B50C4605464FF4806608E0284693
:1005700000F017F8B44205D3A4F5806405F5805562
:10058000002CF4D170BD0000F40A0000000000202F
:100590000CED00E00400FA05144801680029FCD0C5
:1005A0007047134A0221116010490B68002BFCD0E0
:1005B0000F4B1B1D186008680028FCD0002010603D
:1005C00008680028FCD07047094B10B501221A605A
:1005D000064A1468002CFCD0016010680028FCD08A
:1005E0000020186010680028FCD010BD00E4014015
:1005F00004E5014070B50C46054600F073F810B9EB
:1006000000F07EF828B121462846BDE8704000F091
:1006100007B821462846BDE8704000F037B8000012
:100620007FB5002200920192029203920A0B000B06
:100630006946012302440AE0440900F01F0651F80C
:10064000245003FA06F6354341F82450401C8242F8
:10065000F2D80D490868009A10430860081D016827
:10066000019A1143016000F03DF800280AD00649C4
:1006700010310868029A10430860091D0868039A3F
:10068000104308607FBD00000006004030B50F4CED
:10069000002200BF04EB0213D3F800582DB9D3F8A1
:1006A000045815B9D3F808581DB1521C082AF1D3C3
:1006B00030BD082AFCD204EB0212C2F80008C3F8CD
:1006C00004180220C3F8080830BD000000E0014013
:1006D0004FF08050D0F83001082801D0002070473A
:1006E000012070474FF08050D0F83011062905D016
:1006F000D0F83001401C01D0002070470120704725
:100700004FF08050D0F830010A2801D00020704707
:100710000120704708208F490968095808471020B0
:100720008C4909680958084714208A4909680958FA
:100730000847182087490968095808473020854923
:100740000968095808473820824909680958084744
:100750003C20804909680958084740207D490968BC
:100760000958084744207B49096809580847482028
:1007700078490968095808474C207649096809589A
:10078000084750207349096809580847542071499F
:1007900009680958084758206E49096809580847E8
:1007A0005C206C4909680958084760206949096854
:1007B00009580847642067490968095808476820AC
:1007C00064490968095808476C2062490968095852
:1007D000084770205F4909680958084774205D4937
:1007E00009680958084778205A490968095808478C
:1007F0007C205849096809580847802055490968EC
:10080000095808478420534909680958084788202F
:1008100050490968095808478C204E490968095809
:10082000084790204B4909680958084794204949CE
:10083000096809580847982046490968095808472F
:100840009C204449096809580847A0204149096883
:1008500009580847A4203F49096809580847A820B3
:100860003C49096809580847AC203A4909680958C1
:100870000847B0203749096809580847B420354966
:10088000096809580847B8203249096809580847D3
:10089000BC203049096809580847C0202D4909681B
:1008A00009580847C4202B49096809580847C82037
:1008B0002849096809580847CC2026490968095879
:1008C0000847D0202349096809580847D4202149FE
:1008D000096809580847D8201E4909680958084777
:1008E000DC201C49096809580847E02019490968B3
:1008F00009580847E4201749096809580847E820BB
:100900001449096809580847EC2012490968095830
:100910000847F0200F49096809580847F4200D4995
:10092000096809580847F8200A490968095808471A
:10093000FC2008490968095808475FF48070054998
:10094000096809580847000003480449024A034B54
:100950007047000000000020000B0000000B0000AA
:1009600040EA010310B59B070FD1042A0DD310C82C
:1009700008C9121F9C42F8D020BA19BA884201D97E
:10098000012010BD4FF0FF3010BD1AB1D30703D0C6
:10099000521C07E0002010BD10F8013B11F8014B7C
:1009A0001B1B07D110F8013B11F8014B1B1B01D198
:1009B000921EF1D1184610BD02F0FF0343EA032254
:1009C00042EA024200F005B87047704770474FF0A6
:1009D00000020429C0F0128010F0030C00F01B800C
:1009E000CCF1040CBCF1020F18BF00F8012BA8BF1A
:1009F00020F8022BA1EB0C0100F00DB85FEAC17CDE
:100A000024BF00F8012B00F8012B48BF00F8012B90
:100A100070474FF0000200B51346944696462039C1
:100A200022BFA0E80C50A0E80C50B1F12001BFF4A7
:100A3000F7AF090728BFA0E80C5048BF0CC05DF80D
:100A400004EB890028BF40F8042B08BF704748BF5B
:100A500020F8022B11F0804F18BF00F8012B7047CF
:100A6000014B1B68DB6818470000002009480A4951
:100A70007047FFF7FBFFFFF745FB00BD20BFFDE719
:100A8000064B1847064A1060016881F308884068E1
:100A900000470000000B0000000B000017040000DE
:100AA000000000201EF0040F0CBFEFF30881EFF3ED
:100AB0000981886902380078182803D100E0000015
:100AC000074A1047074A12682C3212681047000084
:100AD00000B5054B1B68054A9B58984700BD0000B0
:100AE0007703000000000020F00A0000040000006E
:100AF000001000000000000000FFFFFF0090D00386
:10100000B00F002021AE010065B0000087AD0100E7
:1010100065B0000065B0000065B000000000000091
:10102000000000000000000000000000ADAE010064
:1010300065B000000000000065B0000065B0000071
:1010400015AF01001BAF010065B0000065B00000E6
:1010500065B0000065B0000065B0000065B000003C
:1010600021AF010065B0000065B0000027AF0100AE
:1010700065B000002DAF010033AF010039AF0100B2
:1010800065B0000065B0000065B0000065B000000C
:1010900065B0000065B0000065B0000065B00000FC
:1010A00065B000003FAF010065B0000065B0000012
:1010B00065B0000065B0000065B0000065B00000DC
:1010C00045AF010065B0000065B0000065B00000EC
:1010D00065B0000065B0000065B0000065B00000BC
:1010E00065B0000065B0000065B0000065B00000AC
:1010F00065B0000065B0000065B0000065B000009C
:1011000065B0000065B0000000F002F819F077FE4D
:101110000AA090E8000C82448344AAF10107DA4552
:1011200001D119F06CFEAFF2090EBAE80F0013F00E
:10113000010F18BFFB1A43F00103184770A201000A
:1011400090A201000A4410F8014B14F00F0508BFEB
:1011500010F8015B240908BF10F8014B6D1E05D083
:1011600010F8013B6D1E01F8013BF9D1641E03D05C
:10117000641E01F8015BFBD19142E4D3704700008B
:101180000023002400250026103A28BF78C1FBD890
:10119000520728BF30C148BF0B6070471FB500F031
:1011A00003F88DE80F001FBD19F026BE70B51B4C6B
:1011B00005460A202070A01C00F0D7F85920A08016
:1011C00029462046BDE8704006F0FEBE06F00CBF82
:1011D00070B50C461249097829B1A0F160015E2969
:1011E00008D3012013E0602804D0692802D043F21C
:1011F00001000CE020CC0B4E94E80E0006EB8000C2
:10120000A0F58050241FD0F8806E2846B04720609B
:1012100070BD0120704706207047000008000020C4
:101220001800002074AF01003249884201D2012029
:1012300070470020704770B50446A0F500002E4EA0
:10124000B0F1786F02D23444A4F5000429488442F6
:1012500001D2012500E0002500F043F848B125B98E
:10126000B44204D32548006808E0012070BD002086
:1012700070BD002DF9D1B442F9D321488442F6D291
:10128000F3E710B50446A0F50000B0F1786F03D283
:1012900019480444A4F5000400F023F84FF08041FD
:1012A00030B11648006804E08C4204D2012003E00B
:1012B00013488442F8D2002080F0010010BD10B520
:1012C00020B1FFF7DEFF08B1012010BD002010BDE6
:1012D00010B520B1FFF7AFFF08B1012010BD00200D
:1012E00010BD084808490068884201D101207047B4
:1012F0000020704700C00100000000201C000020FA
:101300000800002058000020BEBAFECA10B50446EE
:101310000021012000F041F800210B2000F03DF8F1
:101320000021082000F039F80421192000F035F8D8
:1013300004210D2000F031F804210E2000F02DF8DA
:1013400004210F2000F029F80421C84300F025F8FB
:101350000621162000F021F80621152000F01DF8C6
:101360002046FFF723FF002010BDCC2101807047ED
:10137000FFF72CBF1148704710487047104A10B54E
:1013800014680F4B0F4A08331A60FFF721FF0C480F
:10139000001D046010BD704770474907090E002802
:1013A00004DB00F1E02080F80014704700F00F002B
:1013B00000F1E02080F8141D7047000003F900429E
:1013C000100502400100000130B5FF4D0446062C17
:1013D000A9780ED2DFE804F0030E0E0E0509FFDF38
:1013E00008E0022906D0FFDF04E0032902D0FFDF76
:1013F00000E0FFDFAC7030BDF34810B5407E41081F
:10140000F14800F11A0005D00DF043FBBDE8104093
:1014100006F07ABC0DF024FBF8E730B50446A1F1E4
:1014200020000D460A2847D2DFE800F005070C1916
:10143000202532373C41FFDF3FE0207820283CD197
:10144000FFDF3AE0E0488078052836D0207824286D
:1014500033D0252831D023282FD0FFDF2DE020786E
:1014600022282AD0232828D8FFDF26E02078222827
:1014700023D0FFDF21E0207822281ED024281CD092
:1014800026281AD0272818D0292816D0FFDF14E0E4
:101490002078252811D0FFDF0FE0207825280CD0F8
:1014A000FFDF0AE02078252807D0FFDF05E020785D
:1014B000282802D0FFDF00E0FFDF257030BD1FB518
:1014C0000022ADF800200C88ADF802404B88ADF842
:1014D0000430CA88ADF808208988ADF806100021CC
:1014E000ADF80A10ADF80C1080B14FF6FF70062170
:1014F000844201D1ADF80210834201D1ADF804104D
:10150000824203D14FF44860ADF8080068460DF000
:10151000BEFB06F0F9FB04B010BD70B514460D46D5
:101520000646FFF788FE60B90DB1A54201D90C202F
:1015300070BD002409E000BF56F82400FFF77BFED1
:1015400008B1102070BD641CE4B2AC42F4D300209A
:1015500070BD2DE9F04105461F4690460E46002419
:101560000068FFF7B5FE30B9A98828680844401E16
:10157000FFF7AEFE10B11020BDE8F081286800280A
:10158000A88802D0B84202D850E00028F4D0092040
:10159000F2E72968085DB8B1671CCA5D152A2ED02C
:1015A0003CDC152A3AD2DFE802F039122222282840
:1015B0002A2A313139393939393939393939220019
:1015C000085D30BB641CA4B2A242F9D833E0022803
:1015D000DDD1A01C085C88F80000072801D2400774
:1015E00001D40A20C8E7307840F0010015E0C1437B
:1015F000C90707E0012807D010E00620BCE7010773
:10160000A1F180510029F5D01846B5E7307881075F
:1016100001D50B20B0E740F0020030702868005D73
:10162000384484B2A888A04202D2B0E74FF44853AD
:1016300082B2A242ADD800209EE710B502785408CD
:1016400009D0012243F20223012C07D0022C0DD035
:10165000032C13D10FE00020087005E080790324EB
:10166000B4EB901F0AD10A70002010BD8079B2EB54
:10167000901F03D1F7E780798009F4D0184610BD98
:1016800008B500208DF800004F4890F8221051B1A5
:1016900090F8230002280FD003280FD0FFDF00BFEF
:1016A0009DF8000008BD48486946193001F0C6F9A8
:1016B0000028F5D0FFDFF3E7032000E001208DF8DC
:1016C0000000EDE738B50C460546694601F0B6F96D
:1016D00000280DD19DF80010207861F3470020709C
:1016E00055F8010FC4F80100A888A4F805000020EF
:1016F00038BD38B51378C0B1022816D033A46D4672
:10170000246800944C7905EB9414247864F347031F
:10171000137003280ED003F0FE0010700868C2F8A2
:1017200001008888A2F8050038BD23F0FE0313707D
:101730000228EED1D8B240F00100EEE702210EF00F
:10174000BDBC38B50C460978222901D2082038BD25
:10175000ADF800008DF8022068460DF0D9F906F0CA
:10176000D3FA050003D121212046FFF756FE284673
:1017700038BD1CB500208DF80000CDF80100ADF893
:101780000500114890F82200022801D0012000E055
:1017900000208DF8070068460DF024FA002800D0DC
:1017A000FFDF1CBD2DE9FF478CB00025BDF834607C
:1017B00082461C4690468DF81C50700703D5606821
:1017C000FFF739FD90B903E0A00100200302FF01FB
:1017D000FE4F4FF0010997F8220058B197F8230007
:1017E000022807D16068FFF773FD18B1102010B010
:1017F000BDE8F087300702D5A089802815D870078A
:1018000004D4B8F1000F01D0387E70B1E07DC0F390
:1018100000108DF81B00617D072041B1012906D021
:101820000229E4D00429E2D117E00720DFE78DF890
:1018300017908DF819908DF81580606878B107A918
:10184000FFF7FBFE0028D2D1606850F8011FCDF8E9
:101850000F108088ADF8130005E00620C7E7CDF82B
:101860000F50ADF81350E07B0028F6D1207C002803
:10187000F3D1607C0028F0D1A07C0028EDD1E07C81
:10188000C006EAD18DF800A0BDF83400ADF8020022
:10189000A0680190A0680290CDA0D0E90010CDE929
:1018A0000A10E07C0AA901EB501000788DF80C00BA
:1018B000FFF7E6FE8DF80D009DF81C008DF80E0078
:1018C0008DF818508DF816508DF81A5009A96846F1
:1018D0000DF02CFA06F018FA89E7F0B58FB0002465
:1018E0008DF830408DF814408DF8344006468DF860
:1018F0002840019402940394049419B10FC901ADD6
:1019000085E80F00B14DA878052801D004280CD136
:1019100001986968884200D120B90398E968884233
:1019200003D110B108200FB0F0BD1F273B460DAA10
:1019300005A903A8FFF70DFE0028F4D13B460AAA2B
:101940000CA901A8FFF705FE0028ECD19DF81400B2
:10195000C00701D00A20E6E7A88A410708D4A97D7C
:1019600031B19DF82810890702D043F20120DAE74F
:101970009DF82810C90709D0400707D4288818B156
:1019800044F25061884201D90720CCE78DF8184015
:101990008DF81960BDF80800ADF81A00019807909D
:1019A00006A80DF0CEF906F0AFF90028BBD18DF8EE
:1019B00020408DF82160BDF81000ADF8220003989A
:1019C000099008A80DF0DFF906F09EF90028AAD1C9
:1019D00001AC2D1D94E80F0085E80F000020A2E760
:1019E00070B50646FFF7AAFE054606F06FFB040039
:1019F00000D1FFDF6680207820F00F00801C20F0EF
:101A0000F000203020700320207295F83E006072B4
:101A1000BDE8704006F05EBB2DE9F04385B00400E0
:101A200000D1FFDF2078694E20F00F00801C20F0ED
:101A3000F0007030207060680178C91F14292AD224
:101A4000DFE801F04DF3290AF3F33AF2292966F2AF
:101A5000F2F129F2F2F0EFF286883046FFF76EFEDF
:101A60000546304608F0BDF8C0B16068807985F859
:101A70003E0021212846FFF7D0FC304603F0FAF95A
:101A8000304604F0ADFB3146012012F047F9A87F43
:101A900020F01000A87705B0BDE8F083207820F092
:101AA000F00020302070032020726680606880790A
:101AB000607206F00FFBDCE785882846FFF73EFEE4
:101AC00000B9FFDF60688078012800D0FFDF606820
:101AD000817905B02846BDE8F04308F04ABA868807
:101AE0003046FFF72BFE050000D1FFDF06F0F2FACB
:101AF00060683146C08828816068008968816068B4
:101B00004089A881012012F009F90020A875C2E7D8
:101B1000807828B10228BED03C28BCD0FFDFBAE7CD
:101B200006F0D8FA6568A879AD1C00B9FFDFF77830
:101B3000B5F80290B046384606F05FF8060000D1CE
:101B4000FFDF0022022148460EF0AFFA040000D168
:101B5000FFDF22212046FFF760FCA17F012060F318
:101B60000101A177298B2181698B6181A98BA181D9
:101B700084F822708DF80800B0680090F068019039
:101B80006A46032148460EF090FA00B9FFDFB0889C
:101B9000ADF81000B0788DF8120004AA052148466F
:101BA0000EF083FA00B9FFDFB088ADF80C00F078D2
:101BB0008DF80E0003AA042148460EF076FA00B90B
:101BC000FFDF062105F1120006E00000A001002061
:101BD000070605040302010000F04DFF30B36879E9
:101BE000800700D5FFDF6979E07D61F34700E0758C
:101BF000D5F80600A0616889A083062105F10C00D4
:101C000000F039FFE0B198F819104A08617862F3E2
:101C100047016170D8F81A10C4F80210B8F81E0015
:101C200017E028E020E033E02DE017E0E07D20F031
:101C3000FE00801CE075D5F81200A061E88ADBE7A1
:101C4000607820F0FE00801C6070E868C4F8020034
:101C5000288AE0800320FFF7B7FB1CE705B0204689
:101C6000BDE8F04301F092BC06F034FA16F8240FF8
:101C700040F0020005E006F02DFA16F8240F40F0BF
:101C80000400307007E705B0BDE8F04306F022BA63
:101C9000B178052909D00429DFD106F01BFA02200A
:101CA00005B0BDE8F043FFF78FBB80780028D4D0A3
:101CB000F07800F0AAFE06F00DFA0320F0E72DE917
:101CC000F047054600780027000991460C463E463D
:101CD000012871D0022870D007280AD00A286DD0B8
:101CE000FFDF00BFA9F800600CB1278066800020EC
:101CF0007EE5D5F804C0DFF8448804F108009CF8BC
:101D000000204FF0010AD21F4FF6FF71142A76D23D
:101D1000DFE802F00AF9F9F9F9F9F91DF9F926C035
:101D2000889DF91061D476EE12271026BCF80400C5
:101D30002146F3E01C270A26ECB3BCF80200A08081
:101D4000686800792072686840796072CAE71B276A
:101D5000092684B30320207268684088A080C1E708
:101D60009CF802103C29BDD010272C260CF1020C47
:101D70000CB3BCF80210A180BCF818106182BCF84A
:101D800018102182BCF81A10A182BCF81C10E18244
:101D90009CF8053002460CF106011846FFF7A9FC35
:101DA0009CF8040001289DD184F80FA00020207623
:101DB00008F1040003E00BE0A8E0B2E0EAE090E8FC
:101DC0000E00D8F81000C4E90930C4E9071289E709
:101DD000A9F800608BE720271126002CF8D0A180FD
:101DE000686804F10A02807820726868807A6072FC
:101DF00069680B1DC8781946FFF77BFC72E782E023
:101E000021270A26002CE3D0BCF80200A0806868D5
:101E10000079207268684079607298F8241021F087
:101E2000040162E022270B26002CD1D0BCF804006C
:101E3000A0806868807820726868807900F02AFE47
:101E400060726868C07900F025FEA0724AE7262714
:101E50001C26002CBCD0A1806868C07860726868BD
:101E60008079A07208F1040090E80E00D8F8100004
:101E7000C4E90530C4E90312686880783C2803D0BF
:101E8000432804D0FFDF2DE784F808A02AE70220CA
:101E9000207227E724271026002C99D0BCF80200D6
:101EA000A0806868007920816868007A608168682D
:101EB000C088A08168684089E08113E72327102645
:101EC000002C85D0BCF80200A08068688088208142
:101ED0006868C088608168680089A08168684089F6
:101EE000E08198F8241021F0020188F82410F9E626
:101EF0002F272A26002C86D0A18069682222891CDF
:101F00000BF017FAEEE64A46214644E0287A02280A
:101F100001D0FFDFE6E612271026688800F098FD62
:101F2000E0E6287AB0B3012835D0022833D0032860
:101F300001D0FFDFD6E611270926002C8AD0B5F89C
:101F400002804046FFF7FAFB90F822A0A4F8048034
:101F5000687A2072042140460EF0C2F805214046FE
:101F60000EF0BEF8002140460EF0BAF801214046BE
:101F70000EF0B6F8032140460EF0B2F802214046BA
:101F80000EF0AEF8062140460EF0AAF8504600F0DA
:101F90003CFDA7E6FFE72846BDE8F04701F02CBC72
:101FA00070B5012801D0FFDF70BD8DB22846FFF764
:101FB000C5FB040000D1FFDF20782128F4D006F013
:101FC00085F880B1017821F00F01891C21F0F00122
:101FD000103101700221017245800020A075BDE81A
:101FE000704006F077B821462846BDE870401322BD
:101FF000FFF7A7BB2DE9F04116460C00804600D143
:10200000FFDF307820F00F00801C20F0F00010304F
:1020100030702078022802D0FFDFBDE8F081404612
:10202000FFF78CFB050000D1FFDFA1884FF6FF70A2
:102030000027814202D1E288824203D0814201D14D
:10204000E08840B106F046F894E80F00083686E8CC
:102050000F00AF75E1E7A87D0128DED178230022CB
:10206000414611F0B1FD0220A875D6E738B5054606
:102070000C460846FFF7DFF8A8B9242D31D006DC5E
:10208000202D0AD0212D0AD0222D04D124E0252D87
:102090001BD03F2D2DD0072038BD062038BD6068ED
:1020A000FFF70DF908B1102038BD618820886A4615
:1020B0000CF0E1FF05F028FE0028F5D16168002949
:1020C000F2D0BDF800200A8038BDA07800F00101F0
:1020D00020880DF001F808E02068BDE8384001F0E4
:1020E000C0BD618820880CF05FFFBDE8384005F076
:1020F0000BBE207800F001008DF8000068460CF05F
:10210000BDFD05F001FE38BD70B505460C4608461C
:10211000FFF7B7F808B1102070BD202D07D0212D92
:102120000DD0222D0BD0252D09D0072070BD208881
:10213000A11C0CF03CFDBDE8704005F0E5BD06209B
:1021400070BDFE481930704708B528220021FB48B1
:102150000BF019F90120FFF737F9F84968461A31F1
:1021600005F04AFFF5489DF80020417E62F34701E3
:1021700021F001014176002180F822104FF46171B5
:102180000184022180F82310FFF736F900B1FFDF48
:1021900000F0AEFC01F0CCF908BD10B50C464022B1
:1021A000002120460BF0EFF8A07F20F00300A0777D
:1021B000202020700020A07584F8230010BD7047F7
:1021C0002DE9FC410746FFF736F810B11020BDE8B5
:1021D000FC81DA4E06F11901D6F819000090B6F824
:1021E0001D50ADF80450F47F8DF806403846FFF7D7
:1021F00069FA0028EBD1FFF7FFF80028E7D0009933
:1022000046F8191FB580B471E1E710B50446FFF731
:1022100038F808B1102010BDC848C8492246407E91
:102220001A314008FFF765FA002010BD3EB504469C
:102230000D460846FFF725F808B110203EBD14B141
:1022400043F204003EBDBD488078052803D0042831
:1022500001D008203EBD694602A80BF01AFB2A46B1
:1022600069469DF80800FFF744FA00203EBDFEB520
:102270000D4604004FF0000711D00822FFF74DF97A
:10228000002811D1002608E054F826006946FFF71F
:10229000D4F9002808D1761CF6B2AE42F4D30CF083
:1022A00037FB10B143F20320FEBDA44E3776FCB1DC
:1022B00000271AE054F8270002A9FFF7BEF900B181
:1022C000FFDF9DF808008DF8000054F8270050F853
:1022D000011FCDF801108088ADF8050068460CF0AC
:1022E0003CFB00B1FFDF7F1CFFB2AF42E2D335768B
:1022F0000020FEBD2DE9F0478AB01546894604004E
:102300001DD00F4608222946FFF707F9002810D1F3
:10231000002612E054F826006946103000F08EFBCB
:10232000002806D13FB157F82600FEF784FF10B110
:1023300010200AB0DCE4761CF6B2AE42EAD30026E6
:10234000A5F101081CE000BF06F1010A0AF0FF0731
:1023500012E000BF54F82600017C4A0854F8271008
:102360000B7CB2EB530F05D10622113011310AF06C
:10237000B3FF58B17F1CFFB2AF42EBD30AF0FF06A8
:102380004645E1DB4E4624B1012003E043F205203F
:10239000CFE700200CF000FB10B90CF009FB10B1E6
:1023A00043F20420C5E75CB300270DF1170825E0D0
:1023B00054F827006946103000F040FB00B1FFDF01
:1023C00054F82700102250F8111FCDF80110808812
:1023D000ADF8050054F827100DF107000AF0A9FF29
:1023E00096B156F82710102240460AF0A2FF684620
:1023F0000CF098FA00B1FFDF7F1CFFB2AF42D7D3D9
:10240000FFF7B7F9002094E7404601F01EFCEEE725
:1024100030B585B00446FEF70EFF18B96068FEF7C8
:1024200057FF10B1102005B030BD60884AF2B811D6
:10243000884206D82078414D28B1012806D00228CC
:1024400004D00720EFE7FEF7D7FF18E060780228F6
:1024500004D0032802D043F20220E4E785F82300E9
:10246000C1B200200090ADF8040002292CD003294D
:1024700027D0FFDF68460CF00CFB05F045FC002878
:10248000D1D1606801F0D4FB207858B101208DF8DB
:1024900000000DF1010001F0D8FB68460CF075FE5C
:1024A00000B1FFDF207885F82200FFF762F960882D
:1024B00060B1288480B20CF067FA00B1FFDF002021
:1024C000B1E78DF80500D5E74020FAE74FF46170D9
:1024D000EFE710B50446FEF7D4FE20B9606838B1C6
:1024E000FEF7EDFE08B1102010BD606801F0ADFBF5
:1024F000124830F8201F6180C178617080782070A8
:10250000002010BD2DE9F843144689460646FEF723
:10251000B8FEB8B94846FEF7DBFE98B92046FEF78C
:10252000D7FE78B9054DA878012800D154B131788B
:10253000FF2909D061B143F2040001E0A0010020AD
:10254000BDE8F8831020F8E7012801D00420F4E763
:10255000CCB3052811D004280FD06946204600F0DE
:10256000A4FA0028E9D1217D49B1012909D0022925
:1025700009D0032909D00720DFE70820DDE702465C
:1025800004E0012202E0022200E00322804623460A
:10259000174600200099FFF705F90028CDD1A08942
:1025A0002880A07BE875BDF80000A882AF75BDF853
:1025B0000010090701D5A18931B1A1892980C0077F
:1025C00004D0032003E006E08021F7E70220FEF7B5
:1025D000FBFE86F800804946BDE8F8430020FFF77F
:1025E0007CB92DE9FC41FF4C06460D46A078022837
:1025F00003D0032801D00820E9E516B143F2040016
:10260000E5E506200DF00EFD10B9A078032849D0AD
:102610000FF07CFC074610F0DBFE381A00F0FF08D4
:1026200006200DF0F7FC074606200DF0FBFC391ADA
:10263000A078042809D000221144A8EB010111F070
:10264000FF0F04D0032804D00DE00122F4E713208B
:10265000BDE5284605F0D1FA10B3407810B32846FE
:1026600005F0D6FDE570FFF70BF80BF054F80120EC
:102670008DF800008DF801008DF802602088ADF81B
:102680000400E07D8DF8060068460CF050FC05F073
:102690003BFB0028B0D1A078032805D0042010E02F
:1026A000052094E5122092E5E07805F0A6FA0400F2
:1026B00000D1FFDF607800B9FFDF6078401E6070F6
:1026C0000520FEF781FE002081E51CB510B143F224
:1026D00004001CBDC34CA078042803D0052801D0F9
:1026E00008201CBD00208DF8000001218DF801108C
:1026F0008DF8020068460CF01AFC05F005FB002876
:10270000EFD1A078052805D05FF00200FEF75CFE4F
:1027100000201CBDE07800F078F90320F6E72DE9F1
:10272000FC4180460D4603260846FEF7D1FD08B160
:1027300010204CE54046FFF701F8040004D0207853
:10274000222804D2082042E543F202003FE5A07FA0
:1027500000F003073DB1012F0AD000202946FEF703
:10276000AEFE0600E5D1012F04D0FFDF30462EE596
:102770000120F3E7A07D2946022801D011B107E02E
:10278000112024E5684600F0E7FA0028D1D1694617
:10279000404607F0CEFB0600E8D10120A075E5E732
:1027A00070B50C460546FEF7C9FF010005D022466C
:1027B0002846BDE87040FEF7C4BF43F2020070BD7A
:1027C00010B5012807D1874B9B78012B00D011B1A0
:1027D00043F2040010BD0CF009F9BDE8104005F00B
:1027E00093BA012300F01BB900231A46194600F0E2
:1027F00016B970B5064615460C460846FEF741FD6B
:1028000018B92846FEF73DFD08B1102070BD2A46D4
:10281000214630460CF017FC05F076FA0028F5D179
:1028200021787F29F2D1052070BD7CB505460C4684
:102830000846FEF700FD08B110207CBD2846FEF7D3
:102840007DFF20B10078222804D208207CBD43F20D
:1028500002007CBD634890F82400400701D5112098
:102860007CBD2178C80802D16078C20801D0072059
:102870007CBD890801D1800801D006207CBDADF85F
:10288000005020788DF8020060788DF80300022057
:10289000ADF8040068460BF00FFF05F035FA7CBD7B
:1028A00070B586B014460D460646FEF747FF28B1C0
:1028B0000078222805D2082006B070BD43F202003D
:1028C000FAE72846FEF704FD20B944B12046FEF79A
:1028D000F6FC08B11020EFE700202060A0804148FE
:1028E00090F82400800701D51120E5E703A93046C0
:1028F0000BF01FFF18B100BF05F006FADCE7ADF8DA
:102900000060BDF81400ADF80200BDF81600ADF887
:102910000400BDF81000BDF81210ADF80600ADF8C7
:1029200008107DB1298809B1ADF80610698809B190
:10293000ADF80210A98809B1ADF80810E98809B10D
:10294000ADF80410DCB1BDF80610814201D9081AB7
:102950002080BDF80210BDF81400814201D9081A88
:102960006080BDF80800BDF80410BDF816200144D1
:10297000BDF812001044814201D9081AA0806846AF
:102980000BF074FFB8E770B505460C460846FEF735
:1029900078FC08B1102070BD214628460CF04AF999
:1029A000BDE8704005F0B0B93EB505460C46084696
:1029B000FEF767FC08B110203EBD0020009001909A
:1029C0000290ADF800502089ADF8080020788DF80D
:1029D0000200606801902089ADF808006089ADF8B8
:1029E0000A0001E0A001002068460CF031F905F072
:1029F0008BF93EBD0EB5ADF8000000200190684691
:102A00000CF026F905F080F90EBD10B505F0F5F8CB
:102A1000040000D1FFDF6078401C607010BD1CB561
:102A2000ADF800008DF802308DF803108DF8042009
:102A300068460CF0D7FA05F067F91CBD0278520819
:102A400004D0012A02D043F202207047FEF7F5BD00
:102A500070B50C0006460DD0FEF770FE050000D1E3
:102A6000FFDFA68028892081288960816889A0816C
:102A7000A889E08170BD10B500231A4603E0845C8C
:102A80002343521CD2B28A42F9D30BB1002010BDAD
:102A9000012010BD00B530B1012803D0022801D0BB
:102AA000FFDF002000BDFF2000BD00220A8092B29F
:102AB00022F060020A800078062817D2DFE800F0D2
:102AC000160306090C1142F0110007E042F01D0048
:102AD00009E042F0150006E042F0100040F002006C
:102AE00001E042F010000880002070470720704786
:102AF000FD48002101604160018170472DE9FF4FD1
:102B000093B09B46209F160004460DD01046FEF75A
:102B100092FB18B1102017B0BDE8F08F31460120AC
:102B2000FEF7CDFC0028F6D101258DF842504FF478
:102B3000C050ADF84000002210A9284603F016FE50
:102B40000028E8D18DF84250A8464FF428500025BF
:102B5000ADF840001C222946684607950AF013FC90
:102B60009DF81C000DF11C0A20F00F00401C20F005
:102B7000F00010308DF81C0020788DF81D00617871
:102B80009DF81E000DF1400961F3420040F0010084
:102B90008DF81E009DF8000008AA40F002008DF894
:102BA00000002089ADF83000ADF832506089ADF8F2
:102BB0003400CDF82CA060680E900AA9CDF82890BA
:102BC000684603F0C8FB0028A5D16068FEF777FBD4
:102BD00040B16068FEF77CFB20B9607800F003002C
:102BE000022801D0012000E00020BF4C08AA0AA959
:102BF0002072BDF8200020808DF8428042F601202E
:102C0000ADF840009DF81E0020F00600801C20F06A
:102C100001008DF81E000220ADF83000ADF8340040
:102C200014A80E90684603F096FB002889D1BDF8E1
:102C30002000608036B1211D304600F059F900288F
:102C4000C2D109E0BBF1000F05D00AF017F9E8BBCB
:102C50000AF014F9D0BBA58017B1012F43D04AE088
:102C60008DF8428042F6A620ADF8400046461C2270
:102C70000021684607950AF086FB9DF81C00ADF818
:102C8000346020F00F00401C20F0F00010308DF870
:102C90001C009DF81D0020F0FF008DF81D009DF820
:102CA0001E0020F0060040F00100801C8DF81E0080
:102CB0009DF800008DF8446040F002008DF800009F
:102CC000CDE90A9AADF8306011A800E011E00E904D
:102CD00008AA0AA9684603F03EFB0028A6D1BDF861
:102CE0002000E08008E00AF0C9F810B90AF0C6F840
:102CF00008B103200FE7E58000200CE73EB504464D
:102D0000794D0820ADF80000A88828B12046FEF7CC
:102D100092FA18B110203EBD06203EBD214601208A
:102D2000FEF7CDFB0028F8D12088ADF804006088BC
:102D3000ADF80600A088ADF80800E088ADF80A00FC
:102D4000A88801AB6A46002103F00CFFBDF8001013
:102D50000829E2D003203EBD7FB5634D0446A88814
:102D600068B1002002900820ADF80800CDF80CD022
:102D70002046FEF760FA20B1102004B070BD062096
:102D8000FBE7A98802AA4FF6FF7004F02DF900288E
:102D9000F3D1BDF80810082901D00320EDE7BDF8F4
:102DA00000102180BDF802106180BDF80410A180E0
:102DB000BDF80610E180E0E701B582B00220ADF871
:102DC0000000494802AB6A464088002103F0CAFE71
:102DD000BDF80010022900D003200EBD1CB5002153
:102DE00000910221ADF800100190FEF74AFA08B1F7
:102DF00010201CBD3C486A4641884FF6FF7004F025
:102E0000F3F8BDF800100229F3D003201CBDFEB575
:102E1000354C06461546207A0F46C00705D00846B1
:102E2000FEF709FA18B11020FEBD0F20FEBDF82DE7
:102E300001D90C20FEBD3046FEF7FDF918BB2088F5
:102E400001A902F08AFF0028F4D130788DF805003E
:102E5000208801A903F064FE0028EBD100909DF8C2
:102E600000009DF8051040F002008DF800000907F1
:102E700003D040F008008DF800002088694603F078
:102E8000ECFD0028D6D1ADF8085020883B4602AAB8
:102E9000002103F067FEBDF80810A942CAD0032044
:102EA000FEBD7CB505460020009001900888ADF875
:102EB00000000C4628460195FEF701FA18B9204695
:102EC000FEF7DFF908B110207CBD15B1BDF8000098
:102ED00060B105486A4601884FF6FF7004F084F837
:102EE000BDF8001021807CBDC80100200C20FAE74D
:102EF00030B5044693B000200D46014600901422E0
:102F000001A80AF040FA1C22002108A80AF03BFAA6
:102F10009DF80000CDF808D020F00F00401C20F0F4
:102F2000F00010308DF800009DF8010006AA20F096
:102F3000FF008DF801009DF8200001A940F002007B
:102F40008DF8200001208DF8460042F60420ADF8EF
:102F5000440011A801902088ADF83C006088ADF8CD
:102F60003E00A088ADF84000E088ADF842009DF832
:102F7000020020F00600801C20F001008DF8020005
:102F80000820ADF80C00ADF810000FA8059008A8B7
:102F900003F0E1F9002803D1BDF8180028800020D3
:102FA00013B030BD0A4810B5046809490948083112
:102FB00008600FF0BEFE0648001D046010BD064903
:102FC000002008604FF0E0210220C1F88002704725
:102FD0001005024001000001FC1F00400548064AA0
:102FE0000168914201D1002101600449012008607B
:102FF0007047000058000020BEBAFECA40E50140FC
:103000002CFFFFFFDBE5B15100C00100CC00FFFF4A
:1030100071000000C1CF6A00FEA0D9111C1006C3C8
:1030200089CCFC7A7B3B49141906A8C010B504462C
:10303000FEF701F908B1102010BD2078C0F302108E
:10304000042807D86078072804D3A178102901D86C
:10305000814201D2072010BDE078410706D42179D2
:103060004A0703D4000701D4080701D5062010BD84
:10307000002010BD70B514460D46064605F026F832
:1030800080B10178182221F00F01891C21F0F00194
:10309000A03100F8081B21460AF04BF9BDE870404A
:1030A00005F018B829463046BDE870401322FEF7F7
:1030B00048BB2DE9F047064608A8904690E8300442
:1030C00089461F461422002128460AF05CF9002197
:1030D000CAF80010B8F1000F03D0B9F1000F03D106
:1030E00014E03878C00711D02068FEF7CAF8C0BBDA
:1030F000B8F1000F07D12068123028602068143022
:1031000068602068A8602168CAF8001038788007D5
:1031100024D56068FEF7D3F818BBB9F1000F21D0B1
:10312000FFF70FF80168C6F868118188A6F86C11DE
:10313000807986F86E0101F034FAF84FEF6062682A
:1031400062B196F8680106F2691140081032FEF784
:10315000D0FA1022394660680AF0EBF80020BDE88A
:10316000F08706E0606820B1E8606068C6F8640136
:10317000F4E71020F3E730B5054608780C4620F058
:103180000F00401C20F0F001103121700020607011
:1031900095F8230030B104280FD0052811D0062857
:1031A00014D0FFDF20780121B1EB101F04D295F875
:1031B000200000F01F00607030BD21F0F0002030D2
:1031C00002E021F0F00030302070EBE721F0F00059
:1031D0004030F9E7F0B591B0022715460C46064697
:1031E0003A46ADF80870092103AB05F070FD049074
:1031F000002810D004208DF804008DF80170E03410
:10320000099605948DF818500AA968460EF051FCED
:1032100000B1FFDF012011B0F0BD2DE9F84F0646E7
:10322000808A0C4680B28246FEF788FA0546BB4F7C
:103230003078203F4FF002094FF000080F287CD271
:10324000DFE800F07BA39D082C5B6A7CBADAFD976F
:1032500048979700012150460CF030FF040000D140
:10326000FFDF97F85C00C00701D0386E0BE0032148
:1032700004F11D0010F06BFAD4F81D00A849B0FB52
:10328000F1F201FB1200C4F81D0070686067B068BD
:10329000A0672878252872D0FFDF70E00121504612
:1032A0000CF00CFF060000D1FFDF3078810702D55B
:1032B0002978252904D040F001003070BDE8F88F4E
:1032C00084F80090307F207106F11D002D36C4E98E
:1032D0000206F3E7012150460CF0F0FE050000D194
:1032E000FFDF2878C10604D5072020703D356560D2
:1032F000E4E740F008002870E0E7E87F000700D529
:10330000FFDF307CB28800F0010301B05046BDE819
:10331000F04F092106F06FBD05B9FFDF716821B1DB
:10332000102205F124000AF004F828212846FEF7AF
:1033300074F8307A85F82000C0E7F7E001215046A4
:103340000CF0BCFE050000D1FFDF022105F1850075
:1033500010F0FDF90420207005F5B4706060B5F838
:10336000850020826D4810387C356561C4E90270A3
:10337000A4E7012150460CF0A1FE00B9FFDF324660
:1033800029465046BDE8F84F74E605B9FFDF2878B6
:10339000212893D93079012803D1E87F40F0080033
:1033A000E877324629465046FFF764FE2846BDE8D6
:1033B000F84F2321FEF731B83279A28004F10803D7
:1033C0000921504605F083FCE06010B10520207013
:1033D00074E74546012150460CF070FE040000D110
:1033E000FFDF04F1620102231022081F0CF0FFFC32
:1033F00005703179417061E7012150460CF05EFEA5
:10340000040000D1FFDF94F8840000F003000128DD
:1034100059D1E87F10F0010003D194F8A010C9073A
:103420002AD0D4F8602132B394F88330117C63F34E
:1034300087011174AA7FD30963F3410100E071E0B1
:10344000D4F860211174D4F8602160F30001117484
:1034500090B1D4F86001102205F12401883409F0FC
:1034600068FF207E40F001002076207820F00100E7
:1034700004F8880919E0C0B994F88810C90714D075
:10348000D4F85C218AB194F88330117C63F387010E
:103490001174AA7FD309D4F85C2163F3410111743C
:1034A000D4F85C2160F30001117494F8880080075F
:1034B00009D594F87C00D4F86421400804F17D011A
:1034C0001032FEF716F98DF8009094F884006A46E1
:1034D00000F003008DF8010094F888108DF80210B8
:1034E00094F8A0008DF803002946504601F042F8F8
:1034F0002878252805D0212807D0FFDF2878222822
:1035000003D922212846FDF788FF012150460CF0FF
:10351000E7FD00283FF4DDAEFFDFCFE6F401002039
:1035200040420F00716881F80180C7E6FFDFC5E601
:1035300070B5FE4C002584F85C5025660EF085FAC7
:1035400004F11001204604F07DFD84F8305070BD78
:1035500070B50D46FEF7F2F8040000D1FFDF4FF41E
:10356000B8720021284609F00EFF2434012105F12C
:10357000E0002C610EF06AFA002800D0FFDF70BD79
:103580000A46014602F1E0000EF081BA70B5054628
:10359000406886B00178082906D00B2933D00C2961
:1035A0002FD0FFDF06B070BD46883046FEF7C6F864
:1035B000040000D1FFDF20782128F3D028281BD178
:1035C000686802210C3000F0A0FFA8B168680821EB
:1035D000001D00F09AFF78B104F1240130460BF091
:1035E000A8FC04F091FB00B1FFDF06B02046BDE867
:1035F00070402921FDF711BF06B0BDE8704004F00E
:1036000069BD01218171686886883046FEF796F8A9
:10361000040000D1FFDF20782128C3D068688179B9
:1036200009B1807808B1FFDFBCE704F053FDA07F4B
:10363000000622D5E07FC00705D094F8200000F0F6
:103640001F00102817D0052084F82300207829288F
:1036500015D02428A6D13146042010F05FFB22218A
:103660002046FDF7DAFE012130460CF039FD002836
:1036700098D0FFDF96E70620E6E70420E4E7012183
:1036800030460CF01BFD050000D1FFDF2521204650
:10369000FDF7C3FE03208DF80000694605F1E00048
:1036A0000EF0ECF90228BFD00028BDD0FFDF79E78B
:1036B0002DE9F04788B09A46164688468146FEF7BF
:1036C0003DF805003AD02878222837D3232835D072
:1036D000E87F000732D40027012148460CF0EEFCB9
:1036E000040005D10121002248460CF0DEFC04460E
:1036F000694600F066FF009800B9FFDF00983CB112
:10370000E03404612878222804D0242802D005E07F
:10371000076103E025212846FDF77FFE009801217F
:103720004170C0F824908680C0E9028A01A90EF099
:10373000C0F9022802D0002800D0FFDF08B00EE553
:1037400070B586B00546FDF7F9FF0078222814D938
:10375000012128460CF0B2FC04002CD1FFDF2AE046
:10376000B4F85E0004F1620630440178427829B171
:1037700021462846FFF72EFDB0B913E7ADF8042027
:103780000921284602AB05F0A2FA03900028F4D0E4
:1037900005208DF80000694604F1E0000EF06EF996
:1037A000022801D000B1FFDF02231022314604F1CC
:1037B0005E000CF052FBB4F860000028D0D1F1E6B6
:1037C00010B586B00446FDF7B9FF0078222811D95C
:1037D000012120460CF072FC040000D1FFDF06201E
:1037E0008DF80000694604F1E0000EF047F900286A
:1037F00000D0FFDF06B010BD2DE9F84F0546007878
:103800000C460027010904F1080090463E46BA46DE
:10381000009002297ED0072902D00A2909D142E06E
:1038200068680178082905D00B292CD00C292AD0EA
:10383000FFDF72E114271C26002C6CD04088A0808A
:10384000FDF77CFF5FEA000900D1FFDF99F8170060
:1038500009F118014008009AFDF74BFF686880895C
:10386000208268684168C4F812108068C4F81600A5
:10387000A07E20F0060040F00100A07699F81E001E
:1038800040F020014FE01A270A26002CD5D080886E
:10389000A080FDF753FF050000D1FFDF2846009907
:1038A000FFF769FC39E10CB1A88BA080287A4FF0B2
:1038B000010B0B287ED006DC01287CD0022808D022
:1038C000032804D137E00D2876D00E2875D0FFDF0D
:1038D00023E11E270926002CAFD0A088FDF72EFF7C
:1038E0005FEA000900D1FFDF287B00F00300012818
:1038F000207A1DD020F001002072297B890861F315
:1039000041002072297BC90861F382002072297B63
:10391000090901E0F7E0AEE061F3C300207299F815
:103920001E0040F0400189F81E10F6E0D40100208E
:1039300040F00100E0E713270D26002CA6D0A08858
:10394000FDF7FCFE81460121A0880CF0B7FB0500C5
:1039500000D1FFDF686F817801F003010129217A2E
:1039600050D021F00101217283789B0863F341015B
:1039700021728378DB0863F38201217283781B094B
:1039800063F3C3012172037863F306112172437854
:1039900063F3C711217284F809A0C178A17202797A
:1039A000E17A62F30001E1720279520862F34101A7
:1039B000E17203E029E067E04EE05FE002799208FF
:1039C00062F38201E1720279D20862F3C301E1720B
:1039D0004279217B62F3000121734279520862F33C
:1039E000410121734279920862F382012173407987
:1039F000C00860F3C301217399F8000023282AD975
:103A0000262139E041F00101ADE71827102694B3D3
:103A1000A088FDF793FE00900121A0880CF04EFBDA
:103A20005FEA000900D1FFDFE868A06099F80000B4
:103A300040F0040189F8001099F80100800708D5CA
:103A400084F80CB000980078232866D927210098C4
:103A500052E084F80CA060E015270F265CB1A08826
:103A6000FDF76CFE81460622E868009909F0E9FC42
:103A700084F80EB085E042E048463DE0162709266E
:103A8000ECB3287B207248E0287B19270E26B4B3BC
:103A9000C4F808A0A4F80CA0012807D0022808D078
:103AA00003280CD004280AD0FFDF15E084F808B002
:103AB00001E002202072607A20F003000BE0697BB5
:103AC000042801F00F0141F080012172F3D1607AE6
:103AD00020F00300401C6072A088FDF72FFE054611
:103AE0000078212819D0232800D0FFDF0121A088E9
:103AF0000CF0F6FA22212846FDF78FFC0DE0FFE7D7
:103B0000A8F800600EE00CB16888A080287A10B395
:103B1000012809D002283AD0FFDFA8F800600CB1D4
:103B200027806680002007E415270F26002CE7D0A9
:103B3000A088FDF703FE0121A0880CF0BFFA050064
:103B400000D1FFDFD5F81D000622009909F079FCAD
:103B500084F80EA0E1E717270926002CD0D0A08812
:103B6000FDF7ECFD81460121A0880CF0A7FA0500C5
:103B700000D1FFDF6878800701D5022000E0012036
:103B8000207299F800002328C7D9272174E7192744
:103B90000E26002CB4D0A088FDF7D0FD5FEA000906
:103BA00000D1FFDFC4F808A0A4F80CA084F808A096
:103BB000A07A40F00300A07299F81E10C90961F3C1
:103BC0008200A07299F81F2099F81E1012EAD11FE6
:103BD00005D099F8201001F01F01102925D020F000
:103BE0000800A07299F81F10607A61F3C300607238
:103BF000697A01F0030101298FD140F0040060725D
:103C0000E87A217B60F300012173AA7A607B62F37A
:103C100000006073EA7A520862F341012173A97AC5
:103C2000490861F34100607377E740F00800D8E786
:103C300010B5F84C30B10146102204F1200009F013
:103C400078FB012084F8300010BD10B5044600F068
:103C5000A8FCF04920461022BDE81040203109F0B0
:103C600068BB70B5EB4D06004FF0000412D0FDF7B5
:103C7000E2FA08B110240BE00621304609F0C8FB37
:103C8000411C04D02866012085F85C0000E0072470
:103C9000204670BD0020F7E7007810F00F0204D036
:103CA000012A05D0022A0CD110E0000909D10AE04E
:103CB0000009012807D0022805D0032803D00428D2
:103CC00001D0072070470870002070470620704719
:103CD00005282AD2DFE800F003070F171F00087835
:103CE00020F0FF001EE0087820F00F00401C20F0BC
:103CF000F000103016E0087820F00F00401C20F093
:103D0000F00020300EE0087820F00F00401C20F07A
:103D1000F000303006E0087820F00F00401C20F062
:103D2000F0004030087000207047072070472DE9F0
:103D3000F043804687B00D464FF000090846FDF776
:103D4000C7FAA8B94046FDF7F9FC060003D0307861
:103D500022280BD104E043F2020007B0BDE8F08353
:103D600035B1B07FC10601D4000703D50820F4E7C0
:103D70001020F2E7F07F000701D50D20EDE70027C6
:103D8000012140460CF09AF9040006D101210022DD
:103D900040460CF08AF9040005D0694600F011FC99
:103DA000009818B901E00420D7E7FFDF009802214E
:103DB000E0344170C0F82480446107810121017121
:103DC000297801F00102017E62F3010101762A786F
:103DD000520862F3820101762A78920862F3C301E5
:103DE00001762A78D20862F3041101762421304644
:103DF000FDF713FB01A900980DF05BFE022801D02E
:103E000000B1FFDF4846A8E72DE9FF4F0E46824983
:103E1000904697B09A4607C914AB4FF0000983E863
:103E200007001798FDF78AFC050006D02878262899
:103E300006D008201BB0BDE8F08F43F20200F9E77E
:103E400026B94046FFF7F2F80028F3D10121179870
:103E50000CF034F9040000D1FFDF852E27D007DCF9
:103E6000EEB1812E1DD0822E1DD0832E08D11CE0F4
:103E7000862E1ED0882E1ED0892E1ED08A2E1ED0B1
:103E80000F2020710F281CD004F020F9D8B1012098
:103E90008DF83400201D0E902079B0B126E100206D
:103EA000EFE70120EDE70220EBE70320E9E705203B
:103EB000E7E70620E5E70820E3E70920E1E70A2035
:103EC000DFE70720B6E71120B4E798F80000D4E94F
:103ED0001D764208A87F002162F3C710A87798F8E2
:103EE00000008208E87F62F30000E87798F800009D
:103EF000C209607862F34100607098F8000002091E
:103F0000207862F34710207098F80000C2086078AB
:103F100062F30000607098F80100607198F800008A
:103F200000F00102B07862F30100B070AA7FD209FC
:103F300062F38200B070EA7F62F3C300B07062780F
:103F400062F30410B0702278C0F3C00052093270DE
:103F50006278C2F34002727098F80220F2707171B8
:103F60003171B978C1F3C00108405FEA000B2ED06F
:103F70005046FDF760F978BBDAF80C00FDF75BF905
:103F800050BBDAF81C00FDF756F928BBDAF80C0034
:103F9000A060DAF81C00E06060787A7842EA5001AC
:103FA00061F341006070B978C0B200EA111161F3A9
:103FB000000060700020207705F117006061681C28
:103FC000A061B07800F00300012806D046E06078D8
:103FD0007A7802EA5001E3E719E0B87800F00300CC
:103FE00001283BD1321D711D404600F099FA31790C
:103FF000387901408DF8281070797A7910408DF861
:10400000300001432AD05046FDF715F930B1102099
:1040100010E70000D4010020E8B001000AF1100010
:1040200004F5AE7304F18C028DE80D0000210AAB9B
:104030005A462046FFF73DF80028E9D104F5B07252
:1040400004F1A403CDF800A0CDE9013201210CABAD
:104050005A462046FFF72DF80028D9D1607880070E
:1040600022D4B078B978C0F38000C1F3800108434E
:104070001AD0307814AA397832F810204B00DA4080
:1040800002F00309B9F1030F01D14FF00209BBF1AE
:10409000000F09D0012801D0042805D1012901D041
:1040A000042901D14FF00409A87F40F08000A877CF
:1040B000E97F6BF30001E9776078800706D503207C
:1040C000A071BBF1000F11D100202CE00220B9F14A
:1040D000020F1AD0B9F1010F19D0B9F1040F2AD08B
:1040E0000020A071A87F20F08000A8772521284615
:1040F000FDF793F90DA904F1E0000DF0BFFC10B13C
:10410000022800D0FFDF002094E6A071DCE7A07158
:104110000D22002104F1200009F035F9207840F04B
:104120000200207001208DF84C0013AA2946179830
:1041300000F020FADAE70120A071D7E72DE9F0437B
:1041400087B09046894604460025FDF7F7FA070038
:1041500004D03878272804D00820FEE543F2020076
:10416000FBE5012120460BF0A9FF040000D1FFDF91
:10417000A6795FEA090005D0012821D0B9F1020F24
:1041800026D110E0B8F1000F22D1012E05D0022E69
:1041900005D0032E05D0FFDF2EE00C252CE00125F5
:1041A0002AE0022528E04046FDF745F8B0B9032E85
:1041B0000ED11022414604F11D0009F0BAF81BE0AF
:1041C000012E02D0022E03D104E0B8F1000F13D06B
:1041D0000720C2E54046FDF72EF808B11020BCE5E7
:1041E0001022002104F11D0009F0CDF806214046FF
:1041F00009F00EF9C4F81D002078252140F00200D6
:1042000020703846FDF709F92078C10713D020F057
:104210000100207002208DF8000004F11D000290C2
:104220008DF804506946C3300DF028FC022803D0F5
:1042300010B1FFDF00E0257700208EE530B587B0B4
:104240000D460446FDF77AFA60B1012120460BF0D5
:1042500035FF04000CD02846FCF7EDFF28B11020F4
:1042600007B030BD43F20200FAE72078400701D4DE
:104270000820F5E7294604F13D002022054609F013
:1042800058F8207840F01000207001070FD520F07A
:104290000800207007208DF80000694604F1E00056
:1042A00001950DF0EBFB022801D000B1FFDF0020EB
:1042B000D6E770B50D460646FDF740FA18B100780E
:1042C000272817D102E043F2020070BD01213046D9
:1042D0000BF0F4FE040000D1FFDFA079022809D121
:1042E0006078C00706D02A4621463046FEF772FFA6
:1042F00010B10FE0082070BDB4F860000E280BD29A
:1043000004F1620102231022081F0BF070FD01214D
:1043100001704570002070BD112070BD70B506465B
:1043200014460D460846FCF786FF18B92046FCF7F0
:10433000A8FF08B1102070BDA6F57F40FF380ED051
:104340003046FDF7FBF938B1417822464B08811C15
:104350001846FDF7CEF907E043F2020070BD204693
:10436000FDF753FF0028F9D11021E01D0FF0EFF900
:10437000E21D294604F1170000F033F9002070BD5A
:104380002DE9F04104468AB015460E46002708463E
:10439000FCF79EFF18B92846FCF79AFF18B11020C9
:1043A0000AB0BDE8F0812046FDF7C8F95FEA0008D1
:1043B00004D098F80000272810D102E043F2020050
:1043C000EEE7012120460BF079FE040000D1FFDF6B
:1043D0002078400702D56078800701D40820DFE705
:1043E000D4E91D01497801B18DB1407800B176B1B1
:1043F000ADB1EA1D06A8E16800F0F3F8102206A9A5
:1044000005F1170008F068FF18B1042707E007203E
:10441000C6E71022E91D04F12D0008F08AFF2EB135
:104420001022F11D04F11D0008F083FF20782521E2
:1044300040F0020020704046FCF7EFFF2078C107F3
:1044400015D020F00100207002208DF8000004F14A
:104450001D000290103003908DF804706946B3304F
:104460000DF00CFB022803D010B1FFDF00E027772E
:10447000002095E770B50D4606460BB1072070BDCC
:10448000FDF75CF9040007D02078222802D3A07F32
:10449000800604D4082070BD43F2020070BDADB1A7
:1044A000294630460AF045FD03F02EFC297C4A08D7
:1044B000A17F62F3C711A177297CE27F61F300023B
:1044C000E277297C890884F8201004E030460AF05D
:1044D00053FD03F019FCA17F21F02001A17770BDED
:1044E00070B50D46FDF72AF9040005D02846FCF703
:1044F000C8FE20B1102070BD43F2020070BD2946F5
:104500002046FEF738FE002070BD04E010F8012BB5
:104510000AB100207047491E89B2F7D201207047C6
:1045200010B5C4780B7864F300030B70C47864088A
:1045300064F341030B70C478A40864F382030B7026
:10454000C478E40864F3C3030B700379117863F350
:104550000001117003795B0863F341011170037965
:104560009B0863F3820111700079C00860F3C301F6
:10457000117010BD70B51546064603F0A7FD040086
:1045800000D1FFDF207820F00F00801C20F0F00029
:104590002030207066802868A060BDE8704003F07D
:1045A00099BD10B5134C94F83000002808D104F1DF
:1045B0002001A1F110000DF0A3FA012084F83000D1
:1045C00010BD10B190F8B9202AB10A4890F8350012
:1045D00018B1002003E0B83001E00648343008602C
:1045E000704708B50023009313460A460BF065FF99
:1045F00008BD0000D4010020F0B5007B059F1E46D9
:1046000014460D46012800D0FFDF0C2030803A20F0
:104610003880002C08D0287A032806D0287B01286F
:1046200000D0FFDF17206081F0BDA889FBE72DE9EE
:10463000F04786B0144691F80C900E9A0D46B9F1E9
:10464000010F0BD01021007B2E8A8846052807D049
:10465000062833D0FFDF06B0BDE8F0870221F2E77D
:10466000E8890C2100EB400001EB4000188033206A
:104670001080002CEFD0E889608100271AE00096B6
:10468000688808F1020301AA696900F086FF06EB59
:104690000800801C07EB470186B204EB4102BDF81D
:1046A000040090810DF1060140460E320DF09EFA95
:1046B0007F1CBFB26089B842E1D8CCE734201080BB
:1046C000E889B9F1010F11D0122148430E3018804A
:1046D000002CC0D0E88960814846B9F1010F00D0B4
:1046E0000220207300270DF1040A1FE00621ECE7E9
:1046F0000096688808F1020301AA696900F04DFF7D
:1047000006EB0800801C86B2B9F1010F12D007EB4E
:10471000C70004EB4000BDF80410C18110220AF16B
:104720000201103008F005FE7F1CBFB26089B8425C
:10473000DED890E707EB470104EB4102BDF8040027
:10474000D0810AF10201404610320DF04FFAEBE73A
:104750002DE9F0470E4688B090F80CC096F80C8012
:10476000378AF5890C20109902F10C044FF0000AE9
:10477000BCF1030F08D0BCF1040F3FD0BCF1070F10
:104780007ED0FFDF08B067E705EB850C00EB4C003F
:10479000188031200880002AF4D0A8F1060000F02B
:1047A000FF09558126E01622002101A808F0EBFD43
:1047B00000977088434601AA716900F0EEFEBDF8CB
:1047C00004002080BDF80600E080BDF808002081CC
:1047D000A21C0DF10A0148460DF008FAB9F1000FCC
:1047E00000D018B184F804A0A4F802A007EB0800D8
:1047F00087B20A346D1EADB2D5D2C3E705EB850C86
:1048000000EB4C00188032200880002ABAD0A8F1B2
:10481000050000F0FF09558137E000977088434696
:1048200001AA716900F0B9FE9DF80600BDF80410F8
:10483000E1802179420860F3000162F341018208BE
:1048400062F38201C20862F3C301020962F3041138
:10485000420962F34511820962F386112171C00990
:104860006071BDF80700208122460DF1090148461C
:104870000DF0BCF918B184F802A0A4F800A000E083
:1048800007E007EB080087B20A346D1EADB2C4D250
:1048900078E7A8F1020084B205FB08F000F10E0CE5
:1048A000A3F800C035230B80002AA6D0558194813F
:1048B000009783B270880E32716900F06EFE61E776
:1048C0002DE9F84F1E460A9D0C4681462AB1607AB2
:1048D00000F58070D080E089108199F80C000C27D9
:1048E0004FF000084FF00E0A0D2872D2DFE800F0FA
:1048F0009D070E1B272F374554697272720021469F
:1049000048460095FFF778FEBDE8F88F207B91467A
:10491000082802D0032800D0FFDF3780302009E0CC
:10492000A9F80A80F0E7207B9146042800D0FFDF39
:10493000378031202880B9F1000FF1D1E4E7207BE6
:104940009146042800D0FFDF37803220F2E7207B39
:104950009146022800D0FFDF37803320EAE7207B32
:104960001746022800D0FFDF3420A6F800A02880D8
:10497000002FC9D0A7F80A80C6E7207B1746042875
:1049800000D0FFDF3520A6F800A02880002FBBD084
:104990004046A7F80A8012E0207B1746052802D07F
:1049A000062800D0FFDF1020308036202880002F1E
:1049B000AAD0E0897881A7F80E80B9F80E00B881F6
:1049C000A2E7207B9146072800D0FFDF3780372001
:1049D000B0E72AE04FF0120018804FF038001700BF
:1049E000288091D0E0897881A7F80E80A7F8108000
:1049F00099F80C000A2805D00B2809D00C280DD0F6
:104A0000FFDF81E7207B0A2800D0FFDF01200AE0DA
:104A1000207B0B2800D0FFDF042004E0207B0C2843
:104A200000D0FFDF052038736EE7FFDF6CE770B55D
:104A30000C460546FCF782FE20B10078222804D2FD
:104A4000082070BD43F2020070BD052128460BF01E
:104A500035FB206008B1002070BD032070BD30B46C
:104A60004880087820F00F00C01C20F0F000903043
:104A700001F8080B1DCA81E81D0030BC03F02ABBF9
:104A80002DE9FF4784B00027824602970798904699
:104A90008946123006F043FB401D20F003060798BC
:104AA00028B907A95046FFF7C2FF002854D1B9F131
:104AB000000F05D00798017B19BB052504681BE092
:104AC00098F80000092803D00D2812D0FFDF46E037
:104AD000079903254868B0B3497B428871439142E6
:104AE00039D98AB2B3B2011D0BF06DF904460780C3
:104AF00002E0079C042508340CB1208810B1032D76
:104B000029D02CE007980121123006F03AFBADF8CD
:104B10000C00024602AB2946504604F0D8F80700C4
:104B200001D1A01C029007983A461230C8F8040040
:104B3000A8F802A003A94046029B06F02FFBD8B1BB
:104B40000A2817D200E006E0DFE800F00709141495
:104B5000100B0D141412132014E6002012E611207D
:104B600010E608200EE643F203000BE6072009E6F4
:104B70000D2007E6032005E6BDF80C002346CDE92D
:104B800000702A465046079900F017FD57B9032DCB
:104B900008D10798B3B2417B406871438AB2011DC6
:104BA0000BF025F9B9F1000FD7D0079981F80C90D7
:104BB000D3E72DE9FE4F91461A881C468A46804667
:104BC000FAB102AB494604F082F8050019D040461C
:104BD000A61C27880BF0B7FB3246072629463B4622
:104BE00000960AF0D6FF20882346CDE900504A46B9
:104BF0005146404600F0E1FC002020800120BDE845
:104C0000FE8F0020FBE710B586B01C46AAB1042336
:104C10008DF800301388ADF808305288ADF80A20BE
:104C20008A788DF80E200988ADF80C1000236A46AA
:104C30002146FFF725FF06B010BD1020FBE770B539
:104C40000D4605210BF03AFA040000D1FFDF29469A
:104C500004F11200BDE8704006F07CBA2DE9F8437B
:104C60000D468046002603F031FA044628781028C5
:104C700078D2DFE800F0773B3453313112313131F3
:104C80000831313131312879001FC0B2022801D0FA
:104C9000102810D114BBFFDF35E004B9FFDF052178
:104CA00040460BF00BFA007B032806D004280BD0FB
:104CB000072828D0FFDF072655E02879801FC0B2DB
:104CC000022820D050B1F6E72879401FC0B2022850
:104CD00019D0102817D0EEE704B9FFDF13E004B9AC
:104CE000FFDF287901280ED1172137E00521404642
:104CF0000BF0E4F9070000D1FFDF07F11201404695
:104D000006F005FA2CB12A4621464046FFF7A7FED9
:104D100029E013214046FDF743FD24E004B9FFDFFD
:104D2000052140460BF0CAF9060000D1FFDF6946B5
:104D300006F1120006F0F5F9060000D0FFDFA988A1
:104D4000172901D2172200E00A46BDF8000082426E
:104D500002D9014602E005E01729C5D3404600F01C
:104D60003CFCD0E7FFDF3046BDE8F883401D20F073
:104D7000030219B102FB01F0001D00E00020104405
:104D8000704713B5009848B1002468460AF0C5FF83
:104D9000002C02D1F74A009911601CBD01240020AB
:104DA000F4E72DE9F0470C46154624220021204661
:104DB00008F0E9FA05B9FFDFA87860732888DFF802
:104DC000B4A3401D20F00301AF788946DAF8000053
:104DD0000AF0C1FF060000D1FFDF4FF00008266097
:104DE000A6F8008077B109FB07F1091D0AD0DAF8AF
:104DF00000000AF0B0FF060000D1FFDF6660C6F8D1
:104E0000008001E0C4F80480298804F11200BDE8A4
:104E1000F04706F06DB92DE9F047804601F1120028
:104E20000D46814606F07BF9401DD24F20F003026B
:104E30006E7B1446296838680AF0B8FF3EB104FB5F
:104E400006F2121D03D0696838680AF0AFFF05202A
:104E50000BF0E0F8044605200BF0E4F8201A0128D6
:104E600002D138680AF06CFF49464046BDE8F04779
:104E700006F054B970B5054605210BF01FF9040082
:104E800000D1FFDF04F112012846BDE8704006F0B2
:104E90003EB92DE9F04F91B04FF0000BADF834B0B2
:104EA000ADF804B047880C460546924605213846C1
:104EB0000BF004F9060000D1FFDF24B1A780A4F8AD
:104EC00006B0A4F808B0297809220B20B2EB111F14
:104ED0007ED12A7A04F1100138274FF00C084FF0E8
:104EE00001090391102A74D2DFE802F073F3F2F1A2
:104EF0008008D3898EA03DDCF4EFB7B7307B022861
:104F000000D0FFDFA88908EBC001ADF80410302104
:104F1000ADF83410002C25D06081B5F80E90002734
:104F20001DE004EBC708317C88F80E10F189A8F861
:104F30000C10CDF800906888042304AA296900F0B9
:104F40002CFBBDF81010A8F8101009F10400BDF8F2
:104F500012107F1C1FFA80F9A8F81210BFB26089E6
:104F6000B842DED80EE1307B022800D0FFDFE989AD
:104F700008EBC100ADF804003020ADF83400287B08
:104F80000A90001FC0B20F90002CEBD06181B5F8E1
:104F90001090002726E000BFCDF80090688869696E
:104FA00003AA0A9B00F0F9FA0A9804EBC7084844E0
:104FB0001FFA80F908F10C0204A90F980CF016FEF4
:104FC00018B188F80EB0A8F80CB0BDF80C1001E0CC
:104FD000D4E0D1E0A8F81010BDF80E107F1CA8F89E
:104FE0001210BFB26089B842D6D8CBE00DA80090AD
:104FF00001AB224629463046FFF719FBC2E0307B61
:10500000082805D0FFDF03E0307B082800D0FFDF51
:10501000E8891030ADF804003620ADF83400002CDB
:105020003FD0A9896181F189A18127E0307B0928DE
:1050300000D0FFDFA88900F10C01ADF80410372182
:10504000ADF83410002C2CD06081E8890090AB8939
:10505000688804F10C02296956E0E889392110308A
:1050600080B2ADF80400ADF83410002C74D0A989DA
:105070006181287A0E280AD002212173E989E18111
:10508000288A0090EB8968886969039A3CE00121CD
:10509000F3E70DA8009001AB224629463046FFF702
:1050A00057FB6FE0307B0A2800D0FFDF1220ADF8FD
:1050B0000400ADF834704CB3A9896181A4F810B034
:1050C000A4F80EB084F80C905CE020E002E031E03F
:1050D00039E042E0307B0B2800D0FFDF288AADF8B2
:1050E00034701230ADF8040084B104212173A98911
:1050F0006181E989E181298A2182688A00902B8A6D
:10510000688804F11202696900F047FA3AE0307BDE
:105110000C2800D0FFDF1220ADF80400ADF8347089
:105120003CB305212173A4F80AB0A4F80EB0A4F88A
:1051300010B027E00DA8009001AB2246294630466A
:10514000FFF75AFA1EE00DA8009001AB224629464F
:105150003046FFF7B5FB15E034E03B21ADF8040025
:10516000ADF8341074B3A4F80690A4F808B084F82D
:105170000AB007E010000020FFDF03E0297A0129D0
:1051800017D0FFDFBDF80400AAF800006CB1BDF82D
:1051900034002080BDF804006080BDF83400392858
:1051A00003D03C2801D086F80CB011B00020BDE837
:1051B000F08F3C21ADF80400ADF8341014B1697AD9
:1051C000A172DFE7AAF80000EFE72DE9F84356885F
:1051D0000F4680461546052130460AF06FFF040051
:1051E00000D1FFDF123400943B46414630466A68E6
:1051F00006F008F9B8E570B50D4605210AF05EFF26
:10520000040000D1FFDF294604F11200BDE8704020
:1052100005F092BF70B50D4605210AF04FFF04005E
:1052200000D1FFDF294604F11200BDE8704005F00F
:10523000B0BF70B5054605210AF040FF040000D15B
:10524000FFDF04F1080321462846BDE87040042230
:10525000AFE470B5054605210AF030FF040000D127
:10526000FFDF214628462368BDE870400522A0E400
:1052700070B5064605210AF021FF040000D1FFDFCA
:1052800004F1120005F04BFF401D20F0030511E072
:10529000011D00880322431821463046FFF789FC90
:1052A00000280BD0607BABB2684382B26068011DFE
:1052B0000AF0D3FD606841880029E9D170BD70B55E
:1052C0000E46054602F002FF040000D1FFDF012078
:1052D000207266726580207820F00F00C01C20F0DC
:1052E000F00030302070BDE8704002F0F3BE2DE9D0
:1052F000F0438BB00D461446814606A9FFF797FB95
:10530000002814D14FF6FF7601274FF420588CB1B6
:1053100003208DF800001020ADF8100007A80590BC
:1053200007AA204604A90CF080FC78B107200BB036
:10533000BDE8F0830820ADF808508DF80E708DF8A8
:105340000000ADF80A60ADF80C800CE00698A1787A
:1053500001742188C1818DF80E70ADF80850ADF848
:105360000C80ADF80A606A4602214846069BFFF7AA
:1053700087FBDCE708B501228DF8022042F6020225
:10538000ADF800200A4603236946FFF73CFC08BD40
:1053900008B501228DF8022042F60302ADF8002084
:1053A0000A4604236946FFF72EFC08BD00B587B006
:1053B00079B102228DF800200A88ADF808204988CA
:1053C000ADF80A1000236A460521FFF759FB07B024
:1053D00000BD1020FBE709B1072314E40720704744
:1053E00070B588B00D461446064606A9FFF71FFBA8
:1053F00000280ED17CB10620ADF808508DF80000D1
:10540000ADF80A40069B6A460821DC813046FFF76A
:1054100037FB08B070BD05208DF80000ADF80850CE
:10542000F0E700B587B059B107238DF80030ADF82B
:105430000820039100236A460921FFF721FBC6E7F4
:105440001020C4E770B588B00C460646002506A9B2
:10545000FFF7EDFA0028DCD106980121123005F0A3
:1054600090FE9CB12178062921D2DFE801F02005C9
:1054700005160318801E80B2C01EE28880B20AB1F1
:10548000A3681BB1824203D90C20C2E71020C0E7F9
:10549000042904D0A08850B901E00620B9E7012909
:1054A00013D0022905D004291CD005292AD00720B1
:1054B000AFE709208DF800006088ADF80800E088AB
:1054C000ADF80A00A068039023E00A208DF80000E0
:1054D0006088ADF80800E088ADF80A00A0680A25E9
:1054E000039016E00B208DF800006088ADF80800EE
:1054F000A088ADF80A00E088ADF80C00A0680B2584
:10550000049006E00C208DF8000060788DF808000B
:105510000C256A4629463046069BFFF7B1FA78E724
:1055200000B587B00D228DF80020ADF808100023DB
:105530006A461946FFF7A4FA49E700B587B071B18A
:1055400002228DF800200A88ADF808204988ADF8BD
:105550000A1000236A460621FFF792FA37E7102067
:1055600035E770B586B0064601200D46ADF8081047
:105570008DF80000014600236A463046FFF780FAA6
:10558000040008D12946304601F006FB00213046D0
:1055900001F020FB204606B070BDF8B51C4615464C
:1055A0000E46069F0AF0BDFE2346FF1DBCB23146E3
:1055B0002A4600940AF0B9FAF8BD30B41146DDE984
:1055C00002423CB1032903D0002330BC04F013BCD9
:1055D0000123FAE71A8030BC704770B50C460546C7
:1055E000FFF72DFB2146284601F0E5FA2846BDE8E5
:1055F0007040012101F0EEBA18B18178012938D14B
:1056000001E010207047018842F60112881A914289
:1056100031D018DC42F60102A1EB020091422AD0FF
:105620000CDC41B3B1F5C05F25D06FF4C050081851
:1056300021D0A0F57060FF381BD11CE001281AD0E2
:1056400002280AD117E0B0F5807F14D008DC0128C9
:1056500011D002280FD003280DD0FF2809D10AE06D
:10566000B0F5817F07D0A0F58070033803D0012802
:1056700001D0002070470F2070470A281FD008DC97
:105680000A2818D2DFE800F0191B1F1F171F231D5F
:105690001F21102815D008DC0B2812D00C2810D0A0
:1056A0000D2816D00F2806D10DE011280BD0842824
:1056B0000BD087280FD003207047002070470520AB
:1056C0007047072070470F2070470420704706205E
:1056D00070470C20704743F20200704738B50C4603
:1056E000050041D06946FEF7D7FA002819D19DF888
:1056F0000010607861F3020060706946681CFEF774
:10570000CBFA00280DD19DF80010607861F3C50038
:105710006070A978C1F34101012903D0022905D0A5
:10572000072038BD217821F0200102E0217841F0E6
:1057300020012170410704D0A978C90861F38610BF
:105740006070607810F0380F07D0A978090961F30C
:10575000C710607010F0380F02D16078400603D592
:10576000207840F040002070002038BD70B504461D
:105770000020088015466068FFF7B0FF002816D1AA
:105780002089A189884211D860688078C0070AD032
:10579000B1F5007F0AD840F20120B1FBF0F200FB26
:1057A0001210288007E0B1F5FF7F01D90C2070BDF1
:1057B00001F201212980002070BD10B50478137812
:1057C00064F3000313700478640864F341031370F6
:1057D0000478A40864F3820313700478E40864F383
:1057E000C30313700478240964F30413137004785A
:1057F000640964F3451313700078800960F386131D
:10580000137031B10878C10701D1800701D501209B
:1058100000E0002060F3C713137010BD42785307F7
:1058200002D002F0070306E012F0380F02D0C2F3F4
:10583000C20300E001234A7863F302024A70407811
:1058400010F0380F02D0C0F3C20005E0430702D0C9
:1058500000F0070000E0012060F3C5024A707047C5
:105860002DE9F04F95B00D00824613D01222002191
:10587000284607F088FD4FF6FF7B05AA0121584610
:1058800007F049FB0024264637464FF420586FF4B2
:10589000205972E0102015B0BDE8F08F9DF81E0071
:1058A00001280AD1BDF81C1041450BD011EB0900AD
:1058B0000AD001280CD002280CD0042C0ED0052CC4
:1058C0000FD10DE0012400E00224BDF81A6008E0C9
:1058D000032406E00424BDF81A7002E0052400E069
:1058E0000624BDF81A10514547D12C74BEB34FF0B1
:1058F000000810AA4FF0070ACDE90282CDE900A8FE
:105900000DF13C091023CDF810904246314658461F
:1059100007F0D1FB08BBBDF83C002A46C0B210A975
:105920000CF064F9C8B9AE81CFB1CDE900A80DF192
:10593000080C0AAE40468CE8410213230022394687
:10594000584607F0B8FB40B9BDF83C00F11CC01E3A
:10595000C0B22A1D0CF04AF910B103209BE70AE0FF
:10596000BDF82900E881062C05D19DF81E00A8721B
:10597000BDF81C00288100208DE705A807F0D7FAA4
:1059800000288BD0FFF779FE85E72DE9F0471C460C
:10599000DDE90978DDF8209015460E00824600D139
:1059A000FFDF0CB1208818B1D5B11120BDE8F08718
:1059B000022D01D0012100E0002106F1140006F0C3
:1059C00073F9A8F8000002463B462946504603F00A
:1059D0007EF9C9F8000008B9A41C3C600020E5E786
:1059E0001320E3E7F0B41446DDE904528DB100233F
:1059F00014B1022C09D101E0012306E00D7CEE0771
:105A000003D025F0010501230D742146F0BC04F0FC
:105A1000F2B91A80F0BC70472DE9FE4F91461A8802
:105A20001C468A468046FAB102AB494603F04FF95C
:105A3000050019D04046A61C27880AF084FC32468F
:105A4000072629463B4600960AF0A3F820882346FD
:105A5000CDE900504A4651464046FFF7C3FF0020BB
:105A600020800120BDE8FE8F0020FBE72DE9F047F4
:105A700086B082460EA8904690E8B000894604AAF7
:105A800005A903A88DE807001E462A462146504670
:105A9000FFF77BFF039901B101213970002818D16C
:105AA000FA4904F1140204AB0860039805998DE8E3
:105AB000070042464946504606F0A9FCA8B109280D
:105AC00011D2DFE800F005080510100A0C0C0E00DA
:105AD000002006B06AE71120FBE70720F9E708205D
:105AE000F7E70D20F5E70320F3E7BDF81010039862
:105AF000CDE9000133462A4621465046FFF772FFA2
:105B0000E6E72DE9F04389B01646DDE910870D463A
:105B100081461C461422002103A807F034FC012012
:105B200002218DF810108DF80C008DF81170ADF871
:105B3000146064B1A278D20709D08DF81600E0880D
:105B4000ADF81A00A088ADF81800A068079008A862
:105B50000095CDE90110424603A948466B68FFF75E
:105B600085FF09B0BDE8F083F0B58BB00024064690
:105B7000069407940727089405A8099401940097B0
:105B80000294CDE903400D4610232246304607F02B
:105B900092FA78B90AA806A9019400970294CDE96F
:105BA0000310BDF8143000222946304607F021F8D2
:105BB000002801D0FFF761FD0BB0F0BD06F0B2BECA
:105BC0002DE9FC410C468046002602F07FFA05468E
:105BD00020780D287ED2DFE800F0BC0713B325BD86
:105BE00049496383AF959B00A848006820B141787C
:105BF00041F010014170ADE0404602F099FAA9E091
:105C0000042140460AF05AFA070000D1FFDF07F1ED
:105C10001401404605F0DDFFA5BB13214046FCF70B
:105C2000BFFD97E0042140460AF048FA070000D182
:105C3000FFDFE088ADF800000020B8819DF800008B
:105C4000010704D5C00602D5A088B88105E09DF8FB
:105C5000010040067ED5A088F88105B9FFDF224605
:105C60002946404601F0C0FC022673E0E188ADF809
:105C700000109DF8011009060FD5072803D006284B
:105C80000AD00AE024E0042140460AF017FA060090
:105C900000D1FFDFA088F0810226CDB9FFDF17E039
:105CA000042140460AF00AFA070000D1FFDF07F19D
:105CB000140006F06EFE90F0010F02D1E0790006AC
:105CC00048D5387C022640F00200387405B9FFDF61
:105CD000224600E03DE02946404601F085FC39E0DF
:105CE000042140460AF0EAF9017C002D01F0020689
:105CF000C1F340016171017C21F002010174E7D11F
:105D0000FFDFE5E702260121404602F043FA21E0E9
:105D1000042140460AF0D2F90546606800902089C7
:105D2000ADF8040001226946404602F054FA287C8E
:105D300020F0020028740DE0002DC9D1FFDFC7E775
:105D4000022600214046FFF765FA002DC0D1FFDF93
:105D5000BEE7FFDF3046BDE8FC813EB50C0009D050
:105D600001466B4601AA002007F02AFA20B1FFF78E
:105D700084FC3EBD10203EBD00202080A0709DF818
:105D8000050002A900F00700FDF7A2FF50B99DF839
:105D9000080020709DF8050002A9C0F3C200FDF7BD
:105DA00097FF08B103203EBD9DF8080060709DF884
:105DB0000500C109A07861F30410A0709DF80510DA
:105DC000890961F3C300A0709DF80410890601D50C
:105DD000022100E0012161F342009DF8001061F30F
:105DE0000000A07000203EBD70B5144606460D466A
:105DF00051EA040005D075B10846FBF760FA78B99E
:105E000001E0072070BD2946304607F040FA10B186
:105E1000BDE8704031E454B12046FBF750FA08B1B8
:105E2000102070BD21463046BDE8704095E7002047
:105E300070BD2DE9FC5F0C469046054600270178B1
:105E40000822007A3E46B2EB111F7DD104F10A010F
:105E500000910A31821E4FF0020A04F1080B0191F1
:105E6000092A72D2DFE802F0EDE005F528287BAAC6
:105E7000CE00688804210AF021F9060000D1FFDF76
:105E8000B08928B152270726C3E00000380200205D
:105E900051271026002C7DD06888A0800120A07199
:105EA000A88900220099FFF79FFF002873D1A889D5
:105EB0002081288AE081D1E0B5F81290072824D10A
:105EC000E87B000621D5512709F1140086B2002C89
:105ED000E1D0A88900220099FFF786FF00285AD157
:105EE0006888A08084F806A0A88920810120A0737A
:105EF000288A2082A4F81290A88A009068884B46CD
:105F0000A969019A01F04CFBA8E0502709F11200A1
:105F100086B2002C3ED0A88900225946FFF764FFC4
:105F2000002838D16888A080A889E080287A0728CE
:105F300013D002202073288AE081E87BC0096073B7
:105F4000A4F81090A88A01E085E082E000906888BB
:105F50004B4604F11202A969D4E70120EAE7B5F83B
:105F60001290512709F1140086B2002C66D068887F
:105F700004210AF0A3F883466888A080A88900223B
:105F80000099FFF731FF00286ED184F806A0A88998
:105F9000208101E052E067E00420A073288A20827B
:105FA000A4F81290A88A009068884B46A969019AC3
:105FB00001F0F6FAA989ABF80E104FE06888FBF7FC
:105FC000BDFB0746688804210AF078F8064607B941
:105FD000FFDF06B9FFDF687BC00702D05127142618
:105FE00001E0502712264CB36888A080502F06D0BD
:105FF00084F806A0287B594601F0E2FA2EE0287BBF
:10600000A11DF9E7FE49A8894989814205D1542794
:1060100006269CB16888A08020E053270BE06888A2
:10602000A080A889E08019E0688804210AF046F879
:1060300000B9FFDF55270826002CF0D1A8F8006032
:1060400011E056270726002CF8D06888A080002091
:1060500013E0FFDF02E0012808D0FFDFA8F80060AE
:106060000CB1278066800020BDE8FC9F57270726DB
:10607000002CE3D06888A080687AA071EEE7401D0C
:1060800020F0030009B14143091D01EB40007047B6
:1060900013B5DB4A00201071009848B1002468460F
:1060A00009F03BFE002C02D1D64A009911601CBDBC
:1060B00001240020F4E770B50D461446064686B06C
:1060C0005C220021284607F05EF904B9FFDFA078C2
:1060D0006874A2782188284601F09DFA0020A881E2
:1060E000E881228805F11401304605F056FD6A4624
:1060F0000121304606F00FFF1AE000BF9DF80300B3
:10610000000715D5BDF806103046FFF72DFD9DF8A8
:106110000300BDF8061040F010008DF80300BDF834
:106120000300ADF81400FF233046059A07F077F816
:10613000684606F0FCFE0028E0D006B070BD10B541
:106140000C4601F1140005F060FD0146627C20461A
:10615000BDE8104001F094BA30B50446A84891B0AB
:106160004FF6FF75C18905AA284606F0D4FE30E037
:106170009DF81E00A0422AD001282AD1BDF81C009B
:10618000B0F5205F03D042F60101884221D1002002
:1061900002AB0AAA0CA9019083E80700072000902F
:1061A000BDF81A1010230022284606F084FF38B9E3
:1061B000BDF828000BAAC0B20CA90BF017FD10B156
:1061C000032011B030BD9DF82E00A04201D1002067
:1061D000F7E705A806F0ABFE0028C9D00520F0E7D8
:1061E00070B50546042109F069FF040000D1FFDF06
:1061F00004F114010C46284605F0EBFC2146284624
:10620000BDE8704005F0ECBC70B58AB00C4606469F
:10621000FBF794FA050014D02878222827D30CB174
:10622000A08890B101208DF80C0003208DF810009B
:1062300000208DF8110054B1A088ADF81800206836
:1062400007E043F202000AB070BD0920FBE7ADF899
:10625000180005900421304609F030FF040000D1F9
:10626000FFDF04F1140005F0E6FC000701D408206C
:10627000E9E701F02BFF60B108A802210094CDE905
:10628000011095F8232003A930466368FFF7EEFB61
:10629000D9E71120D7E72DE9F04FB2F802A08346E5
:1062A00089B0154689465046FBF748FA074604214F
:1062B000504609F003FF0026044605964FF00208F9
:1062C0000696ADF81C6007B9FFDF04B9FFDF414651
:1062D000504603F0DAFE50B907AA06A905A88DE8D2
:1062E00007004246214650466368FFF74EFB44488C
:1062F00007AB0660DDE9051204F11400CDF800904B
:10630000CDE90320CDE9013197F8232059465046C5
:106310006B6805F0D9FC06000AD0022E04D0032ECB
:1063200014D0042E00D0FFDF09B03046BDE8F08F56
:10633000BDF81C000028F7D00599CDE900104246B1
:10634000214650466368FFF74DFBEDE7687840F063
:1063500008006870E8E72DE9F04F99B004464FF067
:1063600000082748ADF81C80ADF82080ADF82480E7
:10637000A0F80880ADF81480ADF81880ADF82C8036
:10638000ADF82880007916460D464746012808D00A
:10639000022806D0032804D0042802D0082019B00F
:1063A000C4E72046FAF747FF70BB2846FAF743FFD9
:1063B00050BB6068FAF78CFF30BB606848B16089F9
:1063C0002189884202D8B1F5007F01D90C20E6E787
:1063D00080460EAA06A92846FFF7C8F90028DED194
:1063E00068688078C0F34100022808D19DF8190040
:1063F00010F0380F03D02869FAF761FF20B904E0E4
:10640000380200201400002022E005A92069FFF7CF
:1064100065F90028C3D1206948B1607880079DF8EC
:10642000150000F0380001D5F0B300E0E0BB9DF8A6
:10643000140080060ED59DF8150010F0380F03D01B
:106440006068FAF73CFF18B96068FAF741FF08B1D5
:106450001020A4E70AA96069FFF740F900289ED13F
:10646000606940B19DF8290000F0070101293CD185
:1064700010F0380F39D00BA9A069FFF72FF90028C9
:106480008DD19DF8280080062FD49DF82C00800621
:106490002BD4A06950B19DF82D0000F0070101290F
:1064A00023D110F0380F00E01FE01ED0E06818B1D3
:1064B0000078D0B11C2818D20FAA611C2046FFF723
:1064C0007CF90121384661F30F2082468DF8521085
:1064D000B94642F603000F46ADF850000DF13F02F9
:1064E00018A928680BF0A1FB08B1072057E79DF811
:1064F000600015A9CDF80090C01CCDE9019100F015
:10650000FF0B00230BF20122514614A806F02EFCCB
:10651000F0BBBDF854000C90FE482A89296900920E
:10652000CDE901106B89BDF838202868069906F07E
:106530001DFC01007ED120784FF0020AC10601D473
:1065400080062BD5CDF80C90606950B90AA906A831
:10655000FFF764F99DF8290020F00700401C8DF832
:1065600029009DF8280008A940F0C8008DF82800EF
:106570008DF8527042F60210ADF8500003AACDF823
:1065800000A0CDE90121002340F2032214A800E07D
:106590001EE00A9906F0EAFB01004BD1DD484D46AA
:1065A00008385B460089ADF83D000FA8CDE90290A0
:1065B000CDF80490CDF810904FF007090022CDF8E7
:1065C0000090BDF854104FF6FF7006F012FB10B1AA
:1065D000FFF753F8E3E69DF83C00000624D5294672
:1065E000012060F30F218DF852704FF42450039571
:1065F000ADF8500062789DF80C00002362F30000B3
:106600008DF80C006278CDF800A0520862F34100CA
:106610008DF80C0003AACDE9012540F2032214A84D
:1066200006F0A4FB010005D1606888B32069A8B911
:1066300005A900E084E006A8FFF7F0F8607880077D
:1066400006D49DF8150020F038008DF8150005E0FF
:106650009DF8140040F040008DF814008DF8527041
:1066600042F60110ADF85000208940F20121B0FB44
:10667000F1F201FB1202606809ABCDF80080CDE9B0
:106680000103002314A8059906F070FB010057D1FF
:106690002078C00728D00395A06950B90BA906A897
:1066A000FFF7BCF89DF82D0020F00700401C8DF886
:1066B0002D009DF82C008DF8527040F040008DF8B0
:1066C0002C0042F60310ADF8500007A903AACDF83C
:1066D00000A0CDE90121002340F2032214A80B9968
:1066E00006F044FB01002BD1E06868B32946012085
:1066F00060F30F218DF8527042F60410ADF850008F
:10670000E068002302788DF8582040788DF8590011
:10671000E06816AA4088ADF85A00E06800798DF864
:106720005C00E068C088ADF85D00CDF80090CDE970
:1067300001254FF4027214A806F018FB010003D0E3
:106740000C9800F0C9FF2AE672480321083801714D
:1067500056B100893080BDF824007080BDF820005B
:10676000B080BDF81C00F080002018E670B501254F
:106770008AB016460B46012802D0022816D104E042
:106780008DF80E504FF4205003E08DF80E5042F675
:106790000100ADF80C005BB10024601C60F30F2415
:1067A00004AA08A918460BF040FA18B107204AE5D8
:1067B000102048E504A99DF820205648CDE9002185
:1067C000801E02900023214603A802F2012206F057
:1067D000CDFA10B1FEF751FF35E54E4808380EB13D
:1067E000C1883180057100202DE5F0B593B00746D2
:1067F00001268DF83E6041F60100ADF83C0012AA7A
:106800000FA93046FFF7B2FF002849D1414C0025BF
:10681000083CEFB31C22002102A806F0B4FD9DF84D
:1068200008008DF83E6040F020008DF8080042F628
:106830000520ADF83C000E959DF83A00119520F02A
:106840000600801C8DF83A009DF838006A4620F05A
:10685000FF008DF838009DF8390009A920F0FF00ED
:106860008DF839000420ADF82C00ADF830000EA8EA
:106870000A9011A80D900FA80990ADF82E5002A80B
:10688000FFF769FD00280BD1BDF80000608100E032
:1068900008E0BDF80400A081401CE08125710020C3
:1068A00013B0F0BD6581A581BDF84800F4E72DE97E
:1068B000F74F1849A0B00024083917940A79A14667
:1068C000012A04D0022A02D0082023B02EE5CA886B
:1068D000824201D00620F8E721988A46824201D1FF
:1068E0000720F2E70120214660F30F21ADF84800B0
:1068F0004FF6FF780691ADF84A808DF86E0042F6AB
:10690000020B8DF872401CA9ADF86CB0ADF8704068
:10691000139101E040020020ADF8508012A806F06B
:1069200035FB00252E462F460DAB072212A9404607
:1069300006F02FFB78B10A285DD195B38EB3ADF880
:106940006450ADF866609DF85E008DF8144019AC97
:10695000012864D06BE09DF83A001FB3012859D19B
:10696000BDF8381059451FD118A809A901940294FF
:10697000CDE9031007200090BDF836101023002247
:10698000404606F098FBB0BBBDF86000042801D07B
:1069900006284AD1BDF82410219881423AD10F200F
:1069A00093E73AE0012835D1BDF83800B0F5205F13
:1069B00003D042F6010188422CD1BAF80600BDF896
:1069C0003610884201D1012700E0002705B19EB1B1
:1069D000219881421ED118A809AA01940294CDE9F8
:1069E0000320072000900D4610230022404606F0A9
:1069F00062FB00B902E02DE04E460BE0BDF86000FE
:106A0000022801D0102810D1C0B217AA09A90BF092
:106A1000EDF850B9BDF8369086E7052055E705A991
:106A200017A8221D0BF001F908B103204DE79DF8CE
:106A300014000023001DC2B28DF814202298009289
:106A4000CDE901401BA8069906F090F910B9022281
:106A50008AF80420FEF711FE37E710B50B46401EFA
:106A600088B084B205AA00211846FEF7A6FE0020D1
:106A70000DF1080C06AA05A901908CE80700072073
:106A800000900123002221464FF6FF7006F0B1F876
:106A90000446BDF81800012800D0FFDF2046FEF7AD
:106AA000ECFD08B010BDF0B5F74F044687B038795B
:106AB0000E46032804D0042802D0082007B0F0BDF9
:106AC00004AA03A92046FEF751FE0500F6D160682E
:106AD0008078C0F3410002280AD19DF80D0010F023
:106AE000380F05D02069FAF7EAFB08B11020E5E776
:106AF000208905AA21698DE807006389BDF8102067
:106B00002068039906F032F910B1FEF7B6FDD5E71B
:106B100016B1BDF814003080042038712846CDE746
:106B2000F8B50C0006460CD001464FF6FF75002361
:106B30006A46284606F044FB28B100BFFEF79DFDDB
:106B4000F8BD1020F8BD69462046FEF7C7FD0028B5
:106B5000F8D1A078314600F001032846009A06F0EB
:106B60005EFBEBE730B587B0144600220DF1080C50
:106B700005AD01928CE82C00072200920A460146DE
:106B800023884FF6FF7006F034F8BDF8141021800A
:106B9000FEF773FD07B030BD70B50D46042109F056
:106BA0008DFA040000D1FFDF294604F11400BDE88E
:106BB000704005F039B870B50D46042109F07EFA31
:106BC000040000D1FFDF294604F11400BDE8704045
:106BD00005F04DB870B50D46042109F06FFA0400B8
:106BE00000D1FFDF294604F11400BDE8704005F034
:106BF00065B870B50546042109F060FA040000D1BB
:106C0000FFDF214628462368BDE870400122FEF7D9
:106C100003BF70B50646042109F050FA040000D104
:106C2000FFDF04F1140004F0F0FF401D20F0030525
:106C300011E0011D00880022431821463046FEF76E
:106C4000EBFE00280BD0607CABB2684382B2A06838
:106C5000011D09F002F9A06841880029E9D170BD41
:106C600070B50546042109F029FA040000D1FFDFC0
:106C7000214628466368BDE870400222FEF7CCBE7C
:106C800070B50E46054601F021FA040000D1FFDF81
:106C90000120207266726580207820F00F00001DB0
:106CA00020F0F00040302070BDE8704001F012BAD2
:106CB00010B50446012900D0FFDF2046BDE8104092
:106CC0000121FEF7A7BA2DE9F04F97B04FF0000A67
:106CD0000C008346ADF814A0D04619D0E06830B15E
:106CE000A068A8B10188ADF81410A0F800A058461B
:106CF000FAF724FD070043F2020961D03878222810
:106D00005CD30421584609F0D9F9050005D103E008
:106D1000102017B0BDE8F08FFFDF05F1140004F07C
:106D200074FF401D20F00306A078012803D002283C
:106D300001D00720EDE7218807AA584606F0EBF8B6
:106D400030BB07A806F0F3F810BB07A806F0EFF871
:106D500048B99DF82600012805D1BDF82400A0F50A
:106D60002451023902D04FF45050D2E7E068B0B15C
:106D7000CDE902A00720009005AACDF804A0049256
:106D8000A2882188BDF81430584605F032FF10B1B2
:106D9000FEF773FCBDE7A168BDF8140008809DF8FC
:106DA0001F00C00602D543F20140B2E70B9838B18C
:106DB000A1780078012905D080071AD40820A8E717
:106DC0004846A6E7C007F9D002208DF83C00A86825
:106DD0004FF00009A0B1697C4288714391420FD9FC
:106DE0008AB2B3B2011D08F0EEFF8046A0F800A001
:106DF00006E003208DF83C00D5F800804FF0010933
:106E00009DF8200010F0380F00D1FFDF9DF8200022
:106E10001E49C0F3C200084497F8231010F8010C73
:106E2000884201D90F2074E72088ADF8400014A9EA
:106E30000095CDE90191434607220FA95846FEF778
:106E400015FE002891D19DF8500050B9A078012876
:106E500007D1687CB3B2704382B2A868011D08F004
:106E6000C6FF002055E770B5064615460C46084695
:106E7000FEF7C2FB002805D12A4621463046BDE870
:106E8000704073E470BD12E538020020F2B00100DA
:106E900070B51E4614460D0009D044B1616831B189
:106EA00038B1FC49C988814203D0072070BD102049
:106EB00070BD2068FEF7A0FB0028F9D132462146BC
:106EC0002846BDE87040FFF746BA70B515460C007D
:106ED00006D038B1EF490989814203D0072070BD3F
:106EE000102070BD2068FEF787FB0028F9D12946E5
:106EF0002046BDE87040D6E570B5064686B00D4622
:106F000014461046FAF7BDF9D0BB6068FAF7E0F90D
:106F1000B0BBA6F57F40FF3803D03046FAF70EFC31
:106F200080B128466946FEF79BFC00280CD19DF8ED
:106F300010100F2008293DD2DFE801F008060606F0
:106F4000060A0A0843F2020006B070BD0320FBE700
:106F50009DF80210012908D1BDF80010B1F5C05FFD
:106F6000F2D06FF4C052D142EED09DF80610012944
:106F70000DD1BDF80410A1F52851062907D200E073
:106F800029E0DFE801F0030304030303DCE79DF8D5
:106F90000A1001290FD1BDF80810B1F5245FD3D034
:106FA000A1F60211B1F50051CED00129CCD00229B1
:106FB00001D1C9E7FFDF606878B9002305AA294637
:106FC000304606F0FDF810B1FEF757FBBCE79DF820
:106FD0001400800601D41020B6E7618822462846B6
:106FE0006368FFF7BFFDAFE72DE9F043814687B047
:106FF000884614461046FAF744F918B1102007B035
:10700000BDE8F083002306AA4146484606F0D8F8BA
:1070100018B100BFFEF731FBF1E79DF81800C0067C
:1070200002D543F20140EAE70025072705A80195AC
:1070300000970295CDE9035062884FF6FF734146F1
:10704000484606F038F8060013D16068FAF719F9D7
:1070500060B960680195CDE90250009704952388D6
:1070600062884146484606F026F80646BDF81400F8
:1070700020803046CEE739B1864B0A889B899A42F8
:1070800002D843F2030070471DE610B586B0814C6C
:107090000423ADF81430638943B1A4898C4201D232
:1070A000914205D943F2030006B010BD0620FBE76C
:1070B000ADF81010002100910191ADF800300221CF
:1070C0008DF8021005A9029104A90391ADF81220D0
:1070D0006946FFF7F8FDE7E72DE9FC4781460D46D5
:1070E0000846FAF7A8F888BB4846FAF727FB5FEA94
:1070F00000080AD098F80000222829D30421484625
:1071000008F0DCFF070005D103E043F20200BDE810
:10711000FC87FFDF07F1140004F08DFD0646287898
:10712000012803D0022804D00720F0E7B0070FD5CC
:1071300002E016F01C0F0BD0A8792C1DC00709D057
:10714000E08838B1A068FAF776F818B11020DEE7C9
:107150000820DCE721882A780720B1F5847F35D024
:107160001EDC40F20315A1F20313A94226D00EDC67
:10717000B1F5807FCBD003DCF9B1012926D1C6E778
:10718000A1F58073013BC2D0012B1FD113E0012B6D
:10719000BDD0022B1AD0032BB9D0042B16D112E08C
:1071A000A1F20912082A11D2DFE802F00B04041040
:1071B00010101004ABE7022AA9D007E0012AA6D0DC
:1071C00004E0320700E0F206002AA0DACDB200F0B7
:1071D0007DFF50B198F82300CDE90005FA892346D8
:1071E00039464846FEF78DFC91E711208FE72DE9DF
:1071F000F04F8BB01F4615460C4683460026FAF723
:107200009DFA28B10078222805D208200BB081E52C
:1072100043F20200FAE7B80801D00720F6E7032F8F
:1072200000D100274FF6FF79CCB1022D73D3204651
:10723000FAF74EF830B904EB0508A8F10100FAF7A7
:1072400047F808B11020E1E7AD1E38F8028CAAB269
:107250002146484606F007F940455CD1ADB20D49DC
:10726000B80702D58889401C00E001201FFA80F889
:10727000F80701D08F8900E04F4605AA41465846DD
:1072800005F049FE4FF0070A4FF00009DCB3204635
:107290000BE0000038020020408810283BD8361D43
:1072A000304486B2AE4236D2A01902884245F3D3AA
:1072B00051E000BF9DF8170002074CD594B304EBD2
:1072C0000608361DB8F80230B6B2102B23D89A192A
:1072D000AA4220D8B8F8002091421CD1C0061CD583
:1072E000CDE900A90DF1080C0AAAA11948468CE8BD
:1072F0000700B8F800100022584605F07AFC20B1CB
:10730000FEF7BBF982E726E005E0B8F80200BDF819
:107310002810884201D00B2078E7B8F802003044EA
:1073200086B207E0FFE7C00604D55846FEF71CFC0E
:10733000002888D19DF81700BDF81A1020F0100021
:107340008DF81700BDF81700ADF80000FF23584670
:10735000009A05F064FF05A805F0E9FD18B9BDF82D
:107360001A10B942A6D90421584608F0A7FE040015
:1073700000D1FFDFA2895AB1CDE900A94D46002313
:1073800021465846FEF7BDFB0028BBD1A5813DE74D
:1073900000203BE72DE9FF4F8BB01E4617000D463E
:1073A0004FF0000412D0B00802D007200FB0B1E4B3
:1073B000032E00D100265DB10846F9F780FF28B9F9
:1073C0003888691E0844F9F77AFF08B11020EDE704
:1073D000C74AB00701D5D18900E00121F0074FF677
:1073E000FF7802D0D089401E00E0404686B206AA4F
:1073F0000B9805F090FD4FF000094FF0070B0DF1D1
:10740000140A38E09DF81B00000734D5CDF804902D
:10741000CDF800B0CDF80890CDE9039A434600229C
:107420000B9805F048FE60BB05B3BDF814103A8810
:1074300021442819091D8A4230D3BDF81E2020F8A6
:10744000022BBDF8142020F8022BCDE900B9CDE9BC
:107450000290CDF810A0BDF81E10BDF81430002227
:107460000B9805F028FE08B103209FE7BDF8140033
:107470002044001D84B206A805F059FD20B10A2859
:1074800006D0FEF7FAF891E7BDF81E10B142B9D95F
:1074900034B17DB13888A11C884203D20C2085E725
:1074A000052083E722462946404605F0DCFF0146D9
:1074B00028190180A41C3C80002077E710B5044601
:1074C000F9F7DFFE08B1102010BD8948C08920807F
:1074D000002010BDF0B58BB00D46064614220021E9
:1074E00003A805F050FF01208DF80C008DF8100066
:1074F00000208DF81100ADF814503046FAF71EF94F
:1075000048B10078222812D30421304608F0D6FD75
:10751000040005D103E043F202000BB0F0BDFFDF31
:1075200004F11400074604F086FB800601D408200D
:10753000F3E7207C022140F00100207409A80094A8
:10754000CDE90110072203A930466368FEF78EFAE1
:1075500020B1217C21F001012174DEE7294630466B
:10756000FDF749FE08A9384604F054FB00B1FFDFDF
:10757000BDF82040172C01D2172000E02046A84279
:1075800001D92C4602E0172C00D2172421463046A0
:10759000FFF711FB21463046FDF751FB0020BCE709
:1075A000F8B51C4615460E46069F08F0BAFE23465F
:1075B000FF1DBCB231462A46009408F0B6FAF8BD69
:1075C00070B50C4605460E220021204605F0DBFE74
:1075D000002020802DB1012D01D0FFDF70BD0620DD
:1075E00000E00520A07170BD10B5488008781346F2
:1075F00020F00F00001D20F0F00080300C460870D5
:107600001422194604F1080005F093FE00F062FD13
:107610003748046010BD2DE9F047DFF8D890491DC8
:10762000064621F0030117460C46D9F8000008F081
:1076300092FB050000D1FFDF4FF000083560A5F890
:1076400000802146D9F8000008F085FB050000D134
:10765000FFDF7560A5F800807FB104FB07F1091D0D
:107660000BD0D9F8000008F076FB040000D1FFDF52
:10767000B460C4F80080BDE8F087C6F80880FAE777
:107680002DE9F0411746491D21F00302194D064628
:1076900001681446286808F089FB2246716828684A
:1076A00008F084FB3FB104FB07F2121D03D0B16860
:1076B000286808F07BFB042008F0ACFC044604209A
:1076C00008F0B0FC201A012804D12868BDE8F04178
:1076D00008F036BBBDE8F08110B50C4605F0EAFBBA
:1076E00000B1FFDF2046BDE81040FDF7C6BF000037
:1076F00038020020140000204FF0E0214FF4004039
:10770000C1F88001BFF34F8FBFF36F8F00F021B836
:1077100010B5044600F01DF8002C09D0124A12489A
:1077200012491432124B012C03D0022C07D0FFDF78
:1077300010BD0224046011604FF0407004E0032487
:10774000046011604FF40000186010BD00B5FFDF49
:1077500000BD054800210160016005494FF06070DF
:10776000091D08607047000000F500404802002035
:1077700004F501402DE9F05FDFF850A44FF0000858
:107780008B4606469AF80940474645469AF80190C6
:1077900008E0284601F00EF8817B407811FB007765
:1077A0006D1CEDB24D45F4D19AF8090020442044F7
:1077B00020440744FF2F01D94FF013083068C01C44
:1077C00020F0030232605BEA080021D1FF48FBB2DF
:1077D000062120300CF0C8F9002408E0062C0FD256
:1077E000DFE804F005030A0A0C05F94800E0F9484F
:1077F0000CF0DAF9054604E0F748F9E7F748F7E74F
:10780000FFDFA54200D0FFDF641CE4B2062CE5D305
:10781000306800EB071030604046BDE8F09F38B597
:107820000C468288817B19B14189914200D90A4670
:107830002280C188121D90B26A4607F081FCBDF813
:107840000000032800D30320C1B2208800F0D1FF3C
:1078500038BD38B50C468288817B19B101899142C7
:1078600000D90A462280C188121D90B26A4607F0EC
:1078700067FCBDF80000022800D30220C1B22088B6
:1078800000F0B7FF401CC0B238BD2DE9FF5F824653
:107890008B46D34814460BF10302D0E90110CDE921
:1078A000021022F0030201A84421019208F035FAE7
:1078B000C64E002C02D1CB49019A8A60019901443D
:1078C0000191B57E05F1010504D1E8B20AF026F96F
:1078D00000B1FFDF019800EB0510C01C20F0030190
:1078E000019144B9727A00200870B08B80B205F023
:1078F00040F900B1FFDF0198F16908440190214689
:1079000001A8FFF737FF80460198C01C20F0030054
:107910000190717A04B1002008F0F5FA0199084449
:107920000190214601A800F06FFFA84800273D46BE
:1079300090F801900CE0284600F03CFF0646817864
:107940008088FDF713FA71786D1C00FB0177EDB2AA
:107950004D45F0D10198C01C20F00300019004B106
:1079600000203946FDF70DFA0199002708440190DF
:1079700096483D4690F801900CE0284600F01AFF2A
:107980000646C1788088FEF77AFB71786D1C00FB93
:107990000177EDB24D45F0D10198C01C20F00300F5
:1079A000019004B100203946FEF772FB01994FF0B7
:1079B00000090844019085484D4647780EE0284666
:1079C00000F0F8FE0646807B30B106F1080002F0B8
:1079D0009DF8727800FB02996D1CEDB2BD42EED1AC
:1079E0000198C01C20F00300019004B100207D49E3
:1079F0004A78494602F08EF80199084401902146E0
:107A000001A800F0B3FE0198C01D20F0070001900E
:107A1000DAF80010814204D3A0EB0B01B1F5803FEE
:107A200004DB4FF00408CAF8000004E0CAF80000C4
:107A3000B8F1000F02D0404604B0EEE674BB6A49CC
:107A40000020019A0CF0FEF9FAF77EFB5F4C207ED5
:107A50000090607E012823D0002318B300225B48E9
:107A600000210C30FBF74AF800B1FFDFE07EFEF7A3
:107A7000BCFE00B1FFDF55484FF4F67200213830EC
:107A800005F081FC51480421383080F8E91180F874
:107A9000EA11062180F8EB11032101710020CBE7E8
:107AA0000123DAE702AADAE770B5484C0646383413
:107AB000207804EB4015E078083598B9A01990F8C3
:107AC000E80100280FD0A0780F2800D3FFDF202284
:107AD0000021284605F057FC687866F302006870BC
:107AE0000120E070284670BD2DE9F04105460C46A6
:107AF00000270078052190463E46B1EB101F00D0CC
:107B0000FFDF287A50B101280ED0FFDFA8F800600F
:107B10000CB1278066800020BDE8F081012709268E
:107B200074B16888A08008E00227142644B16888F0
:107B3000A0802869E060A88A2082287B2072E5E77F
:107B4000A8F80060E7E730B5204C01200021207044
:107B50006170207260726176217621730521A182A5
:107B60001F21E182607321A121610A21A176E076C3
:107B70001C4D4FF4B060E0616868C11C21F0030146
:107B8000814200D0FFDF6868606030BD30B5154CC1
:107B90001568636810339D4202D20420136030BD23
:107BA0000A4B5D785A6802EB051210705170032081
:107BB000D080172090800120D070907000209073AA
:107BC0005878401C58706068103013E0540300204F
:107BD000A11F0000359C0000A9B000000F19010092
:107BE000F8B0010018000020000000206E52463559
:107BF000780000006060002030BD70B50646F8488F
:107C00000024457807E0204600F0D4FD0178B14219
:107C100004D0641CE4B2AC42F5D1002070BDF7B5CD
:107C2000074608780C4610B3FFF7E7FF0546A7F1B3
:107C30002006202F06D0052E19D2DFE806F00F2BE4
:107C40002B151A0000F0C2FD0DB1697800E000218B
:107C5000401AA17880B20844FF2808D8A07830B133
:107C6000A088022824D202E06088172820D20720AA
:107C7000FEBD207AE0B161881729F8D3A1881729C1
:107C8000F5D3A1790029F2D0E1790029EFD040287D
:107C900004D9ECE7242F0BD1207A48B161884FF644
:107CA000FB70814202D8A188814201D90420FEBD27
:107CB00065B9207802AA0121FFF768FF0028F6D1F4
:107CC0002078FFF79AFF050000D1FFDF052E18D2BC
:107CD000DFE806F0030B0E081100A0786870A0889A
:107CE000E8800FE06088A8800CE0A078A87009E028
:107CF000A078E87006E054F8020FA8606068E860B9
:107D000000E0FFDF0020FEBD1A2835D00DDC13286F
:107D100032D2DFE800F01B31203131272723252D17
:107D2000313129313131312F0F00302802D003DCBD
:107D30001E2821D1072070473A3809281CD2DFE8D5
:107D400000F0151B0F1B1B1B1B1B0700002070479F
:107D500043F20400704743F202007047042070476A
:107D60000D2070470F207047082070471120704782
:107D700013207047062070470320704710B5007825
:107D800000F0010007F0D2F9BDE81040BCE710B5E3
:107D9000007800F0010007F0CEF9BDE81040B3E72D
:107DA0000EB5017801F001018DF80010417801F065
:107DB00001018DF801100178C1F340018DF8021026
:107DC0004178C1F340018DF80310017889088DF8DE
:107DD0000410417889088DF8051081788DF8061017
:107DE000C1788DF8071000798DF80800684606F014
:107DF0005DFEFFF789FF0EBD2DE9F84F784CDFF8E7
:107E0000E481383400261FE0012000F048FD012005
:107E1000FFF74AFE054644214746D8F8080007F018
:107E20009AFF686000B9FFDF686806F03BFDA8B103
:107E30002846F9F7F1FD284600F036FD20B9442226
:107E40006968B86807F0B2FF94F9E9010428DBDA41
:107E5000022008F0DFF807460025A6E04422696802
:107E6000D8F8080007F0A2FFF2E7B8F80210404681
:107E7000491C89B2A8F80210B94201D300214180FF
:107E80000221B8F8020008F019F9002865D0B8F806
:107E90000200694607F0C8F8FFF736FF00B1FFDFC0
:107EA0009DF8000078B1B8F8020008F04CFA5FEADB
:107EB000000900D1FFDF484607F0CBFC18B1B8F845
:107EC000020002F0D0F8B8F8020008F02AFA5FEADF
:107ED000000900D1FFDF484607F0B3FCE8BB0321EF
:107EE000B8F8020008F0EAF85FEA000B48D1FFDFBB
:107EF00046E000BFDBF8100010B10078FF2849D041
:107F0000022000F0CCFC0220FFF7CEFD824648465E
:107F100007F0A3FDCAF8040000B9FFDFDAF8040097
:107F200007F06BFE002100900170B8F80210504677
:107F3000AAF8021001F0BAFF484607F060FE00B947
:107F4000FFDF504600F0B0FC18B99AF801000007B6
:107F500004D50099CBF8101012E024E0DBF81000F3
:107F600038B10178491C11F0FF01017008D1FFDF21
:107F700006E000221146484600F0F6FB00B9FFDF9C
:107F800094F9EA01022805DBB8F8020001F055FF78
:107F90000028AFD194F9E901042804DB484607F032
:107FA00092FE00B101266D1CEDB2BD4204D294F9DF
:107FB000EA010228BFF659AF002E7FF423AFBDE8D7
:107FC000F84F032000F06BBC10B5064CE060086869
:107FD0002061AFF2DB1002F0C8FF607010BD00003E
:107FE0005403002018000020F74800210170F748D2
:107FF0000170F7494160704770B505464FF08050F9
:108000000C46D0F8A410491C05D1D0F8A810C943DB
:108010000904090C0BD050F8A01F01F001012970D0
:10802000416821608068A080287830B970BD062141
:1080300020460BF08CFB01202870607940F0C000D6
:10804000607170BD70B54FF080540D46D4F880104B
:10805000491C0BD1D4F88410491C07D1D4F88810DE
:10806000491C03D1D4F88C10491C0CD0D4F88010D2
:108070000160D4F884104160D4F888108160D4F88D
:108080008C10C16002E010210BF061FBD4F890006D
:10809000401C0BD1D4F89400401C07D1D4F89800B0
:1080A000401C03D1D4F89C00401C09D054F8900F18
:1080B000286060686860A068A860E068E86070BDDB
:1080C0002846BDE8704010210BF041BBBE48383057
:1080D0000079E9E470B5BC4C3834E07830B32078EE
:1080E00004EB4010407A00F00700204490F9E801CA
:1080F000002800DCFFDF2078002504EB4010407AE8
:1081000000F00700011991F8E801401E81F8E8012C
:108110002078401CC0B220700F2800D12570A078B4
:10812000401CA0700BF09CF9E57070BDFFDF70BDC6
:108130003EB50546032107F0C1FF0446284608F076
:10814000F0F8054604B9FFDF206918B10078FF2870
:1081500000D1FFDF01AA6946284600F005FB60B99F
:10816000FFDF0AE0002202A9284600F0FDFA00B96C
:10817000FFDF9DF8080000B1FFDF9DF80000411E01
:108180008DF80010EED220690199884201D10020BB
:1081900020613EBD70B50546A0F57F400C46FF3816
:1081A00000D1FFDF012C01D0FFDF70BDFFF78EFF94
:1081B000040000D1FFDF207820F00F00401D20F0E8
:1081C000F000503020706580002020720120207364
:1081D000BDE870407EE72DE9F04116460D460746A2
:1081E000FFF774FF040000D1FFDF207820F00F00BC
:1081F000401D20F0F0005030207067800120207278
:1082000028682061A888A0822673BDE8F04161E754
:108210007FB5FFF7F2FC040000D1FFDF02A9204682
:10822000FFF7FDFA054603A92046FFF712FB8DF87C
:1082300000508DF80100BDF80800001DADF80200E7
:10824000BDF80C00001DADF80400E088ADF8060094
:10825000684606F053FF002800D0FFDF7FBD2DE900
:10826000F05F5A4E8146307810B10820BDE8F09F8B
:108270004846F9F706F808B11020F7E7524C207885
:1082800008B9FFF760FC647A4D4600F09FFAA042FF
:1082900007D2201AC1B22A460020FFF777FC002837
:1082A000E4D171684848C91C002721F003017160BE
:1082B000B3463E463D46BA463C4690F801800AE049
:1082C000204600F077FA4178807B0E4410FB015580
:1082D000641CE4B27F1C4445F2D10AEB870000EB3A
:1082E000C600DBF8041000EB850045185C4601224F
:1082F00029464846FFF7C9FA060013D00020FFF7C9
:108300007CFC05000CD005F11300616820F003002F
:10831000884200D0FFDF2C484178491E41706560DB
:108320003046A3E7002229464846FFF7AEFA00B1DF
:10833000FFDFD9F8000060604FF6FF706080012019
:108340002070002092E72DE9F04104461F481746AF
:108350000E46007810B10820BDE8F0810846F8F715
:108360006AFF08B11020F7E7174D287808B9FFF722
:10837000EAFB601E1E2807D8012C22D13078FE2887
:108380001FD8A8760020E7E7A4F120001F2805D811
:10839000E0B23A463146BDE8F04140E4A4F1400085
:1083A0001F2805D831462046BDE8F04100F0A2BAAA
:1083B000A4F1A0001F2804D80020A02C0AD0A12CD2
:1083C0000DD00720C8E7000054030020180000204B
:1083D00048100020317801F00101E976BCE73168EE
:1083E0000922F82901D38B0701D01046B4E76B7B33
:1083F00003F00303012B04D1EB8AD7339CB28C42E8
:10840000F3D8E961A8E72DE9F04781460E46084612
:10841000F8F737FF48B94846F8F751FF28B909F18E
:10842000030020F00301494502D01020BDE8F08789
:10843000FC484FF0000A817869B14178804600EB32
:1084400041140834378832460021204600F039FABA
:10845000050004D027E0A6F800A00520E6E7B9F162
:10846000000F24D03088B84201D90C251FE0607875
:1084700000F00705284600F012FA08EB050732461F
:1084800097F8E8014946401C87F8E801204607F5BF
:10849000F47700F016FA05463878401E387003204D
:1084A00000F0FDF92DB10C2D01D0A6F800A0284652
:1084B000BCE76078DC4E00F00701012923D00229D7
:1084C0000CD0032933D0FFDF98F801104046491C37
:1084D000C9B288F801100F2934D035E0616821B1A4
:1084E000000702D46088FFF723FE98F8EA014746A8
:1084F000012802D1707802F057FD97F9EA010428AB
:10850000E2DBFFDFE0E7616819B14422B06807F001
:108510004DFC98F8E9014746032802D1707802F033
:1085200043FD97F9E9010428CEDBFFDFCCE7C00665
:1085300002D56088FFF7FCFD98F9EB010628C3DB44
:10854000FFDFC1E780F801A08178491E8170617862
:1085500001F0070101EB080090F8E811491C80F8D0
:10856000E811A4E770B50D460446F8F764FE18B9A3
:108570002846F8F786FE08B1102070BD294620462F
:10858000BDE8704009F002BB70B5054609F021FB5B
:10859000C4B22846F8F793FE08B1102070BD35B17B
:1085A00028782C7018B1A04201D0072070BD204659
:1085B000FDF7D2FD052805D109F00FFB012801D0F8
:1085C000002070BD0F2070BD70B5044615460E46E4
:1085D0000846F8F730FE18B92846F8F752FE08B1F9
:1085E000102070BD022C03D0102C01D0092070BDCA
:1085F0002A463146204609F0F9FA0028F7D005202E
:1086000070BD70B514460D460646F8F714FE38B92D
:108610002846F8F736FE18B92046F8F750FE08B19C
:10862000102070BD22462946304609F0FEFA002887
:10863000F7D0072070BD3EB50446F8F722FE08B11A
:1086400010203EBD684606F0C0F9FFF75DFB00282C
:10865000F7D19DF806002070BDF808006080BDF8D5
:108660000A00A08000203EBD70B505460C460846B5
:10867000F8F725FE20B93CB12068F8F702FE08B1F2
:10868000102070BDA08828B121462846BDE8704062
:10869000FDF7BABD092070BD70B505460C46084609
:1086A000F8F7C9FD30B9681E1E2814D82046F8F71F
:1086B000C2FD08B1102070BD032D01D9072070BD87
:1086C00005B9FFDF594800EB850050F8041C20462F
:1086D000BDE870400847A5F120001F2805D82146B5
:1086E0002846BDE87040F9F7C1BCF02D0AD0BF2D77
:1086F000E4D1A078218800F0010001F08DFA68B182
:10870000002070BDA068F8F796FD0028D2D1204661
:1087100006F04CFDBDE87040FFF7F6BA082070BDCA
:1087200070B504460D460846F8F7ABFD30B9601E3B
:108730001E280FD82846F8F77EFD08B1102070BD1E
:10874000012C03D0022C01D0032C01D1062070BDD6
:10875000072070BDA4F120001F28F9D82946204623
:10876000BDE87040F9F7D0BC07F03AB81CB5002955
:108770001FD104F02AFE2C4800224178C06805F081
:108780001DFF29481030C0788DF8000010B1012875
:1087900002D004E0012000E000208DF800006846CF
:1087A00006F06BF9214824380068019001A806F012
:1087B000BFFA1CBD30B51B4D0446383D6878A04259
:1087C00000D8FFDF686800EB041030BD70B51548B5
:1087D000002538382C46467807E02046FFF7EAFFA8
:1087E0004078641C2844C5B2E4B2B442F5D12846AE
:1087F00070BD021D5143452900D245210844C01CCB
:10880000B0FBF2F0C0B270472DE9FC5F06460548A8
:108810004FF0000838388B464746444690F80190A0
:1088200029E000008C030020180000201CB101008A
:108830002046FFF7BFFF050000D1FFDF68786946DB
:108840003844C7B22846FEF7EAFF824601A9284607
:10885000FEF7FFFF0346BDF804005246001D81B23B
:10886000BDF80000001D80B207F0A6FC6A78641C09
:1088700000FB0288E4B24C45DAD13068C01C20F01D
:1088800003003060BBF1000F00D0002042463946A3
:1088900007F0A0FC316808443060BDE8FC9F5649F1
:1088A00008710020C87070475349CA782AB10A7805
:1088B00001EB42110831814201D0012070470020B4
:1088C00070472DE9F04106460078154600F00F0488
:1088D00000201080601E0F46052800D3FFDF4748A8
:1088E0002A4600EB8400394650F8043C3046BDE887
:1088F000F04118472DE9F0413F4E0C46383E4028E4
:1089000006D041281AD0422822D0432826D11AE086
:1089100020786578012801D913201DE5FF2D08D89E
:1089200009F0F4FA07460AF053FD381A401EA8422F
:1089300001DA122010E5208830810DE0BDE8F04119
:10894000084600F00DB80878022807D8307603E012
:108950000878022802D870760020FDE40720FBE4A6
:1089600038B50446407800F00300012803D00228FF
:108970000BD0072038BD606858B1F8F7A9FCD0B912
:108980006068F8F79CFC20B915E06068F8F753FCC4
:1089900088B969462046FBF77FF90028EAD160785C
:1089A00000F00300022808D19DF8000028B160689B
:1089B000F8F785FC08B1102038BD6189F8290ED878
:1089C000208988420BD8607800F003020A483838C2
:1089D000012A06D1D731C26989B28A4201D209205F
:1089E00038BD94E80E0000F10C0585E80E000AB9C8
:1089F00000218182002038BD8C03002004B10100D9
:108A00002DE9F041074614468846084601F024FD4A
:108A1000064608EB88001C22796802EBC0000D189E
:108A2000688C58B14146384601F025FD014678680A
:108A30000078C200082305F120000CE0E88CA8B102
:108A40004146384601F01EFD01467868082340780B
:108A5000C20005F1240007F000FA38B106212172A6
:108A60006681D0E90010C4E9031009E028780928DC
:108A70000BD00520207266816868E06000202870B5
:108A80002046BDE8F04101F0C8BC07202072668195
:108A9000F4E72DE9F04116460D460746406801EB24
:108AA00085011C2202EBC1014418204601F00CFD97
:108AB00040B10021708865F30F2160F31F4105204C
:108AC0000BF02CF909202070324629463846BDE8C3
:108AD000F04195E72DE9F0410E46074600241C21A0
:108AE000F07816E004EB8403726801EBC303D25CF8
:108AF0006AB1FFF7EBFA050000D1FFDF6F802A466D
:108B000021463046FFF7C5FF0120BDE8F081641C17
:108B1000E4B2A042E6D80020F7E770B5064600248C
:108B20001C21C0780AE000BF04EB8403726801EBEB
:108B3000C303D5182A782AB1641CE4B2A042F3D842
:108B4000402070BD28220021284604F01CFC7068DB
:108B500080892881204670BD70B5034600201C2501
:108B6000DC780CE000EB80065A6805EBC606324460
:108B7000167816B1128A8A4204D0401CC0B28442D0
:108B8000F0D8402070BDF0B5044600201C26E578E2
:108B90000EE000BF00EB8007636806EBC7073B44AD
:108BA0001F788F4202D15B78934204D0401CC0B240
:108BB0008542EFD84020F0BD0078032801D0002086
:108BC0007047012070470078022801D000207047CC
:108BD000012070470078072801D00020704701204D
:108BE00070472DE9F041064688461078F178154621
:108BF000884200D3FFDF2C781C27641CF078E4B295
:108C0000A04201D8201AC4B204EB8401706807EBBB
:108C1000C1010844017821B14146884708B12C7050
:108C200073E72878A042E8D1402028706DE770B53E
:108C300014460B880122A240134207D113430B8034
:108C400001230A22011D07F0D2F8047070BD2DE93E
:108C5000FF4F81B00878DDE90E7B9A4691460E46BB
:108C600040072CD4019807F06EFB040000D1FFDF11
:108C700007F1040820461FFA88F106F0BDFC050044
:108C800000D1FFDF204629466A4606F008FF00981B
:108C9000A0F80370A0F805A0284606F0AEFF017802
:108CA00069F306016BF3C711017020461FFA88F1C2
:108CB00006F0E5FC00B9FFDF019805F027FC06EBA4
:108CC0000900017F491C017705B0BDE8F08F2DE94F
:108CD000F84F0E469A4691460746032107F0EEF9F3
:108CE0000446008DDFF87C85002518B198F8000057
:108CF000B0421ED1384607F026FB070000D1FFDF47
:108D000009F10401384689B206F076FC050010D05E
:108D1000384629466A4606F0C2FE009800210A46F7
:108D20000180817005F067FC0098C01DCAF8000042
:108D300021E098F80000B04216D104F1260734F87B
:108D4000341F012000FA06F911EA090F00D0FFDFF5
:108D50002088012340EA090020800A22391D384674
:108D600007F060F8067006E0324604F1340104F1C1
:108D70002600FFF75CFF0A2188F800102846BDE8AE
:108D8000F88FFEB515460C46064602AB0C220621AE
:108D9000FFF79DFF002827D00299607812220A7001
:108DA000801C487008224A80A070029829880523F8
:108DB00081806988C180A9880181E9884181002575
:108DC0000C20CDE90005062221463046FFF73FFF83
:108DD0002946002266F31F41F02310460AF0F4FEF4
:108DE0006078801C60700120FEBD2DE9FE430C46BA
:108DF000804644E002AB0E2207214046FFF767FFA2
:108E0000002841D060681C2267788678BF1C06EB7A
:108E1000860102EBC10145180298142101704770C8
:108E20000A214180698A0181E98A4181A98881807A
:108E3000A9898181304601F00FFB029905230722A1
:108E4000C8806F700420287000250E20CDE9000531
:108E500021464046FFF7FBFE294666F30F2168F3E3
:108E60001F41F023002205200AF0AEFE6078FE4983
:108E7000801C607062682046921CFFF7B2FE60683A
:108E800080784028B6D10120BDE8FE83FEB50D46AE
:108E9000064638E002AB0E2207213046FFF717FFE7
:108EA000002835D068681C23C17801EB810203EBF0
:108EB000C2028418029815220270627842700A2257
:108EC0004280A2894281A2888281084601F0C4FAC8
:108ED000014602988180618AC180E18A0181A0886F
:108EE000B8B10020207000210E20CDE9000105233B
:108EF000072229463046FFF7AAFE6A68DB49284662
:108F0000D21CFFF76EFE6868C0784028C2D10120ED
:108F1000FEBD0620E6E72DE9FE430C46814644E00F
:108F2000204601F0BBFAD0B302AB08220721484625
:108F3000FFF7CDFE0028A7D060681C22657806796F
:108F4000AD1C06EB860102EBC10147180298B7F889
:108F5000108006210170457004214180304601F0E7
:108F60007BFA0146029805230722C180A0F80480FD
:108F70007D70082038700025CDE90005214648465F
:108F8000FFF765FE294666F30F2169F31F41F023C1
:108F9000002205200AF018FE6078801C607062686C
:108FA000B3492046121DFFF71CFE60680179402975
:108FB000B6D1012068E72DE9F34F83B00D4691E06B
:108FC000284601F06BFA00287ED068681C2290F8D1
:108FD00006A00AEB8A0102EBC1014418514628465B
:108FE00001F050FAA178CB0069684978CA000146BF
:108FF00004F1240006F04DFF07468188E08B4FF016
:109000000009091A8EB208B1C84607E04FF00108FE
:10901000504601F00CFA08B9B61CB6B2208BB0422B
:1090200000D80646B34602AB324607210398FFF745
:109030004EFE060007D0B8F1000F0BD0504601F0ED
:10904000F6F910B106E000203EE60299B8884FF02C
:10905000020908800196E28B3968ABEB09001FFA20
:1090600080F80A4403984E46009207F06CF9DDE957
:109070000021F61D4346009606F08BFDE08B404430
:1090800080B2E083B988884201D1012600E0002641
:10909000CDE900B6238A072229460398FFF7D7FDBA
:1090A000504601F0C4F910B9E089401EE0815EB17C
:1090B000A078401CA0706868E978427811FB02F142
:1090C000CAB20123816900E006E00E3006F08FFE8F
:1090D00080F800A00020E0836A6866492846921D57
:1090E000FFF77FFD6868817940297FF469AF01202F
:1090F000EAE570B5064648680D4614468179402970
:1091000010D104EB84011C2202EBC101084401F0E0
:10911000FCF9002806D06868294684713046BDE80D
:10912000704048E770BDFEB50C460746002645E096
:10913000204601F0B3F9D8B360681C22417901EBF5
:10914000810102EBC1014518688900B9FFDF02AB5C
:10915000082207213846FFF7BAFD002833D00299CC
:10916000607816220A70801C48700420488060686D
:10917000407901F071F901460298052307228180A8
:109180006989C1800820CDE9000621463846FFF7ED
:109190005EFD6078801C6070A88969890844B0F51C
:1091A000803F00D3FFDFA88969890844A8816E81C8
:1091B000626831492046521DFFF713FD606841790E
:1091C0004029B5D10120FEBD30B5438C458BC3F39A
:1091D000C704002345B1838B641EED1AC38A6D1E3C
:1091E0001D4495FBF3F3E4B22CB1008918B1A04201
:1091F00000D8204603444FF6FF70834200D3034655
:1092000013800C7030BD2DE9FC41074616460D4613
:10921000486802EB86011C2202EBC10144186A4631
:1092200001A92046FFF7D0FFA089618901448AB2D5
:10923000BDF80010914212D0081A00D500206081BC
:109240006868407940280AD1204601F054F9002886
:1092500005D06868294646713846FFF764FFBDE8C7
:10926000FC8100002C000020B98B0000C78B00009F
:10927000D58B00000BA50000F7A400002DE9FE4FE0
:109280000F46814615465088032106F017FF0190CE
:10929000B9F8020001F0D3F882460146019801F0C6
:1092A000FDF8002824D001981C2241680AEB8A00AE
:1092B00002EBC0000C18204601F006F9002817D177
:1092C000B9F80000E18A88420ED8A18961B1B8429C
:1092D0000ED100265146019801F0CDF8218C01EB0A
:1092E0000008608B30B114E0504601F0A0F8A0B344
:1092F000BDE8FE8F504601F09AF808B1678308E098
:10930000022FF5D3B9F804006083618A884224D81B
:109310000226B81B87B2B8F80400A28B801A002876
:1093200014DD874200DA38461FFA80FB68886968D6
:109330000291D8F800100A44009206F0F2FFF61DE0
:10934000009A5B460299009606F0EFFBA08B38442A
:1093500080B2A083618B884207D96888019903B0E5
:109360005246BDE8F04F01F0EDB81FD14FF00900B3
:109370002872B9F802006881D8E90010C5E9041024
:10938000608BA881284601F048F85146019801F009
:1093900072F801460198082340680078C20004F181
:1093A000200006F05AFD0020A0836083504601F0A3
:1093B0003EF810B9A089401EA0816888019903B0C9
:1093C0000AF0FF02BDE8F04F1DE72DE9F041064627
:1093D00015460F461C461846F7F72DFF18B92068AA
:1093E000F7F74FFF08B110201AE47168688C09780C
:1093F000B0EBC10F01D3132012E43946304601F01F
:109400003AF80146706808230078C20005F1200090
:1094100006F0EDFCD4E90012C0E90012002005E4DA
:1094200010B50446032106F049FE014600F114027E
:109430002046BDE81040A4E470B50446032106F0C0
:109440003DFE054601462046FFF765FD002816D083
:1094500029462046FFF767FE002810D029462046FF
:10946000FFF714FD00280AD029462046FFF7BDFC6F
:10947000002804D029462046BDE870409BE570BD19
:109480002DE9F0410C4680461EE0E178427811FB60
:1094900002F1CAB2816901230E3006F0DEFC0778C2
:1094A00060681C22C179491EC17107EB87016068A1
:1094B00002EBC10146183946204600F0EFFF18B113
:1094C000304600F0FAFF20B16068C1790029DCD194
:1094D0008AE7FEF7FBFD050000D1FFDF0A202872B6
:1094E000384600F0B9FF68813946204600F0CAFFCF
:1094F0000146606808234078C20006F1240006F0A7
:10950000ACFCD0E90010C5E90310A5F8028028469C
:1095100000F083FFB07800B9FFDFB078401EB07074
:1095200062E770B50C460546032106F0C7FD01460B
:109530004068C2792244C2712846BDE870409FE766
:109540002DE9FE4F8246507814460F464FF0000832
:10955000002850D0012807D0022822D0FFDF206841
:10956000B8606068F860C3E602AB0E22082150467E
:10957000FFF7ADFB0028F2D00298152105230170FA
:10958000217841700A214180C0F80480C0F8088029
:10959000A0F80C80628882810E20CDE900080822A4
:1095A00021E0A678304600F057FF054606EB86011D
:1095B0002C22786802EBC1010822465A02AB114600
:1095C0005046FFF784FB0028C9D00298072101709C
:1095D000217841700421418008218580C680CDE931
:1095E000001805230A4639464FEA0A00FFF72FFB09
:1095F00087F808807CE6A678022516B1022E13D0E3
:10960000FFDF2A1D914602AB08215046FFF75FFBA2
:109610000028A4D002980121022E01702178417007
:109620004580868002D005E00625EAE7A188C18052
:10963000E1880181CDE9009805230822394650468A
:10964000D4E710B50446032106F038FD014600F1C9
:1096500008022046BDE8104072E72DE9F04F0F46A2
:10966000054687B014465088032106F027FD4FF0C9
:1096700000088DF808800646ADF80A80042F5CD3F8
:109680006A78002A59D028784FF6FF794FF01C0AE3
:10969000132815D006DC01286FD006282BD0072808
:1096A00006D16EE0142869D0152868D0162867D036
:1096B000CDF80080CDF8048068788DF8000037E0A0
:1096C000B078904239D13078010736D5062F34D1A1
:1096D00020F0080030706088414660F31F41002090
:1096E0000AF01CFB02208DF80800ADF80C90A88849
:1096F000ADF80E00F4E0082F1FD1A888EF8881464E
:1097000000F09DFE80460146304600F0C7FE18B1CD
:10971000404600F08CFE98B1FA48D0E90010CDE93F
:1097200000106878ADF804908DF80000ADF8067070
:1097300060886A463146FFF703FF07B0BDE8F08F47
:10974000716808EB88002C2202EBC000085AB8426E
:10975000F3D1EC486A46D0E90210CDE900106878F0
:109760008DF8000008F0FF058DF802506088314642
:10977000FFF7E6FE2246294623E097E025E0CEE00B
:1097800023E1082FD9D1B5F80480E88800F057FE0E
:1097900007460146304600F081FE0028CDD007EB99
:1097A000870271680AEBC2000844028A4245C4D1AC
:1097B00001780829C1D1407869788842BDD1F9B2D1
:1097C00022463046FFF765F9B7E70E2F7FF470AFFA
:1097D000E9886F898B46B5F808903046FFF7BCF9E9
:1097E000ABF14001402901D3092048E0B9F1170F3E
:1097F00001D3172F01D20B2041E040280ED000EBFF
:10980000800271680AEBC20008440178012903D183
:1098100040786978884290D00A2030E03046FFF7DF
:109820007CF940282AD000EB800372680AEBC30160
:1098300002EB0108012288F800206A7888F80120EC
:109840007168AA884989B94200D93946AD8903238C
:109850002372A282E7812182A4F80C90658200F035
:10986000FBFD6081A8F81490A8F81870A8F80E50B5
:10987000A8F810B0204600F0D0FD5EE704200521D6
:109880002172A4F80A80E081012121739D49D1E968
:109890000421CDE9002169788DF80010ADF80200AF
:1098A00060886A463146FFF74BFEE3E7062F8BD30D
:1098B000B07890421AD13078010717D520F008000F
:1098C00030706088414660F31F4100200AF026FA9C
:1098D00002208DF80800A888ADF80C00ADF80E90B5
:1098E0006088224602A9F8F785FB26E70421304666
:1098F000FFF749F905464028BFD0022083030090B6
:1099000022462946304600F0E6FD4146608865F370
:109910000F2160F31F4105200AF000FA0DE70E2F1A
:10992000ABD104213046FFF72EF981464028A4D060
:109930004146608869F30F2160F31F4105200AF05A
:10994000EDF9A88906906889009070682F89408990
:10995000B84200D938468346B5F80680A8880190F9
:10996000484600F079FD6081069818B10220009009
:10997000069B24E0B8F1170F1ED3172F1CD3042029
:10998000207200986082E781A4F810B0A4F80C80DF
:1099900009EB890271680AEBC2000D18DDE90002CB
:1099A000A5F81480A5F818B0E8812A82204600F0B6
:1099B00034FD06202870C0E601200B2300902246CB
:1099C0004946304600F087FDB7E6082F8DD1A988BB
:1099D0003046FFF7C1F80746402886D000F027FD43
:1099E00000289BD107EB870271680AEBC20008448C
:1099F000804600F069FD002890D1ED88B8F80E008F
:109A00002844B0F5803F05D360883A46314600F0DF
:109A100099FD92E6002DCED0A8F80E0060883A4657
:109A20003146FFF766FB08202072384600F014FD2F
:109A30006081A5811EE72DE9F05F0C4601281ED04C
:109A4000957992F80480567905EB85011F2202EB87
:109A5000C10121F0030B08EB060111FB05F14FF6E4
:109A6000FF7202EAC10909F1030115FB0611264F35
:109A700021F0031ABB6840B101283ED125E061689E
:109A8000E57891F800804E78DEE75946184606F0F2
:109A900062F9606000B9FFDF5A460021606803F098
:109AA00072FCE5705146B86806F055F96168486186
:109AB00000B9FFDF6068426902EB090181616068FB
:109AC00080F800806068467017E06068524641691F
:109AD000184606F06BF95A466168B86806F066F9F0
:109AE000032006F097FA0446032006F09BFA201A9A
:109AF000012802D1B86806F023F90BEB0A00BDE893
:109B0000F09F000028B101002C0000200246002137
:109B1000022090E7F7B5FF4C0A2016462070009807
:109B200060B100254FEA0D0006F0F7F80021A170A2
:109B30006670002D01D10099A160FEBD01250020B5
:109B4000F2E770B50C46154638220021204603F096
:109B50001AFC012666700A22002104F11C0003F0A1
:109B600012FC05B9FFDF297A207861F3010020702B
:109B7000A87900282DD02A4621460020FFF75BFF58
:109B800061684020E34A88706168C8706168087144
:109B900061684871616888716168288808816168B6
:109BA00068884881606886819078002811D0616853
:109BB0000620087761682888C885616828884886F3
:109BC0006068068560686988928801868186468516
:109BD000828570BDC878002802D0002201202AE7C3
:109BE000704770B50546002165F31F4100200AF05B
:109BF00095F80321284606F061FA040000D1FFDF42
:109C000021462846FEF766FF002804D0207840F061
:109C100010002070012070BD70B505460C46032071
:109C200006F0EAF908B1002070BDBA48857084805A
:109C3000012070BD2DE9FF4180460E460F0CFEF756
:109C400045FA050007D06F800321384606F036FA42
:109C5000040008D106E004B03846BDE8F041132105
:109C6000F8F79EBDFFDF5FEA080005D0B8F1050FE9
:109C700018D0FFDFBDE8FF8120782A4620F00800D9
:109C800020700020ADF8020002208DF800004FF691
:109C9000FF70ADF80400ADF8060069463846F8F7E5
:109CA000A9F9E7E7C6F3072101EB81021C236068ED
:109CB00003EBC202805C042803D008280AD0FFDF2F
:109CC000D8E7012000904FF440432A46204600F098
:109CD00002FCCFE704B02A462046BDE8F041FEF77B
:109CE000D8BE2DE9F05F05464089002790460C4616
:109CF0003E46824600F0A3FB8146287AC01E082813
:109D00006BD2DFE800F00D04192058363C4772276B
:109D10001026002C6CD0D5E90301C4E902015CE0F7
:109D200070271226002C63D00A2205F10C0104F1E1
:109D3000080003F0FEFA50E071270C26002C57D0E3
:109D4000E868A06049E0742710269CB3D5E90301B8
:109D5000C4E902016888032106F0B0F98346FEF7E2
:109D6000B5F902466888508049465846FEF748FED5
:109D700033E075270A26ECB1A88920812DE07627EB
:109D80001426BCB105F10C0004F1080307C883E8F0
:109D9000070022E07727102664B1D5E90301C4E962
:109DA00002016888032106F089F901466888FFF7F7
:109DB00067FB12E01CE073270826CCB168880321FA
:109DC00006F07CF901460078C00606D56888FEF7E3
:109DD00081FE10B96888F7F703FEA8F800602CB17F
:109DE0002780A4F806A066806888A080002086E608
:109DF000A8F80060FAE72DE9FC410C461E4617461C
:109E00008046032106F05AF905460A2C0AD2DFE8FB
:109E100004F005050505050509090907042303E004
:109E2000062301E0FFDF0023CDE900762246294624
:109E30004046FEF70CFFBDE8FC81F8B50546A0F5ED
:109E40007F40FF382BD0284606F06BFA040000D183
:109E5000FFDF204605F001FE002821D001466A46BA
:109E6000204605F01CFE00980321B0F80560284646
:109E700006F024F90446052E13D0304600F0DFFA30
:109E800005460146204600F009FB40B1606805EB3D
:109E900085013E2202EBC101405A002800D001207A
:109EA000F8BD007A0028FAD00020F8BDF8B50446C5
:109EB000408806F036FA050000D1FFDF6A462846E2
:109EC000616800F0A8FA01460098091F8BB230F8CB
:109ED000032F0280428842800188994205D1042ADA
:109EE00008D0052A20D0062A16D022461946FFF7A8
:109EF000C5F9F8BD001D0E4605460146224630460E
:109F0000FBF763F90828F4D1224629463046FCF7CE
:109F1000C2F9F8BD2C000020636864880A46011D60
:109F20002046F9F7C5FBF4E72246001DFFF795FB35
:109F3000EFE770B50D460646032106F0BFF80400B2
:109F400004D02078000704D5112070BD43F2020030
:109F500070BD2A4621463046FEF713FF18B928681F
:109F600060616868A061207840F0080020700020DF
:109F700070BD2DE9F04F0E4691B08046032106F0EA
:109F80009DF80446404606F0DEF90746002007909B
:109F900008900990ADF830000A9002900390049068
:109FA00004B9FFDF0DF10809FFB9FFDF1DE03846F6
:109FB0000BA9002205F014FC9DF82C0000F07F0591
:109FC0000A2D00D3FFDF6019017F491E01779DF83C
:109FD0002C00000609D52A460CA907A8FEF727FE83
:109FE00019F80510491C09F80510761EF6B2DED2E4
:109FF00004F13400F84D04F1260BDFF8E0A304F17E
:10A000002A07069010E05846069900F08DFA064699
:10A0100028700A2800D3FFDF5AF8261040468847E8
:10A02000E08CC05DB04202D0208D0028EBD10A2028
:10A030002870EA4D4E4628350EE00CA907A800F01E
:10A0400073FA0446375D55F8240000B9FFDF55F870
:10A050002420394640469047BDF81E000028ECD128
:10A0600011B0BDE8F08F10B5032106F027F8040009
:10A0700000D1FFDF0A22002104F11C0003F083F964
:10A08000207840F00400207010BD10B50C4603216C
:10A0900006F014F82044007F002800D0012010BDF5
:10A0A0002DE9F84F894615468246032106F006F849
:10A0B000070004D02846F7F7BEF840B903E043F2A2
:10A0C0000200BDE8F88F4846F7F7DBF808B110202A
:10A0D000F7E7786828B169880089814201D90920A9
:10A0E000EFE7B9F800001C2488B100F0A8F9804619
:10A0F0000146384600F0D2F988B108EB880079684B
:10A1000004EBC000085C01280BD00820D9E73846D2
:10A11000FEF703FD8046402807D11320D1E7052034
:10A12000CFE7FDF7D3FF06000BD008EB8800796876
:10A1300004EBC0000C18B9F8000020B1E88910B198
:10A1400013E01120BDE72888172802D36888172854
:10A1500001D20720B5E7686838B12B1D2246414679
:10A160003846FFF732F90028ABD104F10C026946FA
:10A170002046FFF729F8288860826888E082B9F8CD
:10A18000000030B102202070E889A080E889A0B1E9
:10A190002BE003202070A889A0807868817840296E
:10A1A00005D180F8028039465046FEF71EFE404633
:10A1B00000F052F9A9F8000021E07868218B40896D
:10A1C000884200D908462083A6F802A004203072F5
:10A1D000B9F800007081E0897082F181208B3082B3
:10A1E000A08AB081304600F018F97868C17840291B
:10A1F00005D180F8038039465046FEF747FE00201F
:10A200005FE770B50D460646032105F057FF0400D1
:10A210000ED0284600F013F905460146204600F00E
:10A220003DF918B1284600F002F920B1052070BDB3
:10A2300043F2020070BD05EB85011C22606802EB51
:10A24000C101084400F040F908B1082070BD2A4659
:10A250002146304600F076F9002070BD2DE9F0412E
:10A260000C4617468046032105F028FF0546204688
:10A2700000F0E5F8044695B10146284600F00EF9D5
:10A2800080B104EB84011C22686802EBC10146180E
:10A29000304600F019F938B10820BDE8F08143F2EA
:10A2A0000200FAE70520F8E73B46324621462846F9
:10A2B000FFF78BF80028F0D1E2B229464046FEF7BE
:10A2C000A2FF708C0838082803D24348407800F079
:10A2D0006BFE0020E1E72DE9F0410D461746804670
:10A2E000032105F0EBFE0446284600F0A8F80646D8
:10A2F00024B13846F6F79FFF38B902E043F2020076
:10A30000CBE73868F6F797FF08B11020C5E731466C
:10A31000204600F0C3F860B106EB86011C2260689D
:10A3200002EBC1014518284600F0CEF818B108200C
:10A33000B3E70520B1E7B888A98A884201D90C2083
:10A34000ABE76168E88C4978B0EBC10F01D313200B
:10A35000A3E73146204600F095F8014660680823DF
:10A360004078C20005F1240005F041FDD7E9001254
:10A37000C0E90012F2B221464046FEF7BAFE0020C4
:10A380008BE72DE9F0470D461F4690468146032195
:10A3900005F094FE0446284600F051F806463CB10C
:10A3A0004DB13846F6F78BFF50B11020BDE8F0876D
:10A3B00043F20200FAE7606858B1A0F80C8028E088
:10A3C0003146204600F06AF818B1304600F02FF808
:10A3D00030B10520EAE700002C00002040B1010068
:10A3E00006EB86011C22606802EBC1014518284675
:10A3F00000F06AF808B10820D8E7A5F80880F2B2A2
:10A4000021464846FEF7FFFE1FB1A8896989084426
:10A4100038800020CAE705F042BB017821F00F0127
:10A42000491C21F0F00110310170FDF753BE20B935
:10A430004E48807808B101207047002070474B4992
:10A440008988884201D100207047402801D24020ED
:10A4500000E0403880B2704710B50446402800D96B
:10A46000FFDF2046FFF7E3FF10B14048808810BDB2
:10A470004034A0B210BD406842690078484302EB06
:10A48000C0007047C2784068037812FB03F243783B
:10A49000406901FB032100EBC1007047C2788A428A
:10A4A00009D9406801EB81011C2202EBC101405C2B
:10A4B00008B101207047002070470078062801D9B4
:10A4C00001207047002070470078062801D0012045
:10A4D000704700207047F0B401EB81061C274468E8
:10A4E00007EBC6063444049D05262670E3802571DB
:10A4F000F0BCFEF785BA10B5418911B1FFF7DDFF59
:10A5000008B1002010BD012010BD10B5C18C8278AB
:10A51000B1EBC20F04D9C18911B1FFF7CEFF08B169
:10A52000002010BD012010BD10B50C4601230A22E9
:10A53000011D05F092FC00782188012282409143A0
:10A54000218010BDF0B402EB82051C264C6806EB9E
:10A55000C505072363554B681C79402C03D11A713C
:10A56000F0BCFEF7D8BCF0BC704700002C00002007
:10A5700070B50B2000F0BDF9082000F0BAF90021F9
:10A580000B2000F0D4F90021082000F0D0F9F44CA1
:10A5900001256560A5600020C4F84001C4F84401AD
:10A5A000C4F848010B2000F0B5F9082000F0B2F91A
:10A5B0000B2000F091F9256070BD10B50B2000F064
:10A5C00098F9082000F095F9E54801214160816083
:10A5D000E4490A68002AFCD10021C0F84011C0F803
:10A5E0004411C0F848110B2000F094F9BDE8104068
:10A5F000082000F08FB910B50B2000F08BF9BDE8F2
:10A600001040082000F086B900B530B1012806D00E
:10A61000022806D0FFDF002000BDD34800BDD3488C
:10A6200000BDD248001D00BD70B5D1494FF00040BB
:10A630000860D04DC00BC5F80803CF480024046063
:10A64000C5F840410820C43500F053F9C5F83C4135
:10A65000CA48047070BD08B5C14A002128B101285C
:10A6600011D002281CD0FFDF08BD4FF48030C2F8A3
:10A670000803C2F84803BB483C300160C2F84011EF
:10A68000BDE80840D0E74FF40030C2F80803C2F834
:10A690004803B44840300160C2F84411B3480CE0AC
:10A6A0004FF48020C2F80803C2F84803AD48443094
:10A6B0000160C2F84811AD48001D0068009008BD57
:10A6C00070B516460D460446022800D9FFDF002269
:10A6D000A348012304F110018B4000EB8401C1F871
:10A6E000405526B1C1F84021C0F8043303E0C0F85A
:10A6F0000833C1F84021C0F8443370BD2DE9F04162
:10A700001D46144630B1012833D0022838D0FFDF6F
:10A71000BDE8F081891E002221F07F411046FFF73D
:10A72000CFFF012D23D00020944D924F0126687059
:10A730003E61914900203C3908600220091D0860F3
:10A740008D490420303908608B483D34046008206E
:10A750006C6000F0DFF83004C7F80403082000F054
:10A76000BBF88349F007091F08602E70D0E701206D
:10A77000DAE7012B02D00022012005E00122FBE7ED
:10A78000012B04D000220220BDE8F04198E701220D
:10A79000F9E774480068704770B500F0D8F8704C5D
:10A7A0000546D4F840010026012809D1D4F8080351
:10A7B000C00305D54FF48030C4F80803C4F84061E5
:10A7C000D4F8440101280CD1D4F80803800308D53B
:10A7D0004FF40030C4F80803C4F84461012008F0C5
:10A7E00014FAD4F8480101280CD1D4F80803400326
:10A7F00008D54FF48020C4F80803C4F8486102204B
:10A8000008F003FA5E48056070BD70B500F09FF86F
:10A810005A4D0446287850B1FFF706FF687818B102
:10A820000020687008F0F1F95548046070BD0320FD
:10A83000F8E74FF0E0214FF40010C1F80002704734
:10A84000152000F067B84B4901200861082000F08E
:10A8500061B848494FF47C10C1F808030020024653
:10A8600001EB8003C3F84025C3F84021401CC0B26F
:10A870000628F5D37047410A43F609525143C0F305
:10A88000080010FB02F000F5807001EB50207047CB
:10A8900010B5430B48F2376463431B0C5C020C6039
:10A8A000384C03FB0400384B4CF2F72443435B0D58
:10A8B00013FB04F404EB402000F58070401210708C
:10A8C00008681844086010BD2C4840687047294942
:10A8D0000120C1F800027047002809DB00F01F02C8
:10A8E000012191404009800000F1E020C0F80011F2
:10A8F000704700280DDB00F01F0201219140400944
:10A90000800000F1E020C0F88011BFF34F8FBFF34B
:10A910006F8F7047002809DB00F01F020121914072
:10A920004009800000F1E020C0F88012704749071C
:10A93000090E002804DB00F1E02080F800147047C5
:10A9400000F00F0000F1E02080F8141D70470C4863
:10A95000001F00680A4A0D49121D1160704700006F
:10A9600000B0004004B500404081004044B10040C8
:10A9700008F501400080004040850040380000207C
:10A9800014050240F7C2FFFF6F0C01000100000137
:10A9900010B5EFF3108000F0010472B6FC48417866
:10A9A000491C41704078012801D108F081FD002C3C
:10A9B00000D162B610BD70B5F54CA07848B901253C
:10A9C000A570FFF7E5FF08F084FD20B1002008F036
:10A9D0004EFD002070BD4FF08040E570C0F804537C
:10A9E000F7E770B5EFF3108000F0010572B6E84CA0
:10A9F000607800B9FFDF6078401E6070607808B949
:10AA000008F05AFD002D00D162B670BDE04810B5C7
:10AA1000817821B10021C1708170FFF7E2FF002031
:10AA200010BD10B5044608F054FDD9498978084096
:10AA300000D001202060002010BD10B5FFF7A8FF56
:10AA400008F047FD02220123D149540728B1D1481B
:10AA5000026023610320087202E00A72C4F8043322
:10AA60000020887110BD2DE9F84FDFF8249342785B
:10AA7000817889F80420002689F80510074689F8AE
:10AA800006600078DFF810B3354620B1012811D0F8
:10AA9000022811D0FFDF08F02EFD4FF0804498B15E
:10AAA00008F030FDB0420FD1304608F02FFD0028ED
:10AAB000FAD042E00126EEE7FFF76AFF5846016848
:10AAC000C907FCD00226E6E70120E060C4F8045183
:10AAD000B2490E600107D1F84412B04AC1F34231C5
:10AAE00024321160AD49343108604FF0020AC4F8D5
:10AAF00004A3A060AA480168C94341F3001101F111
:10AB00000108016841F01001016001E010F030F926
:10AB1000D4F804010028F9D0304608F0F7FC0028EA
:10AB2000FAD0B8F1000F04D19D48016821F010015E
:10AB30000160C4F808A3C4F8045199F805004E4612
:10AB400080B1387870B908F0C4FC804608F0CAFEBD
:10AB50006FF00042B8F1000F02D0C6E9032001E017
:10AB6000C6E90302DBF80000C00701D008F0ADFC25
:10AB7000387810B13572BDE8F88F4FF01808C4F876
:10AB800008830127A7614FF42070ADF8000000BFD3
:10AB9000BDF80000411EADF80010F9D2C4F80C5108
:10ABA000C4F810517A48C01D08F030FD3570FFF729
:10ABB00044FF67617949307920310860C4F8048323
:10ABC000D9E770B5050000D1FFDF4FF080424FF0AC
:10ABD000FF30C2F808030021C2F80011C2F80411C6
:10ABE000C2F80C11C2F81011694C617008F07DFCBC
:10ABF00010B10120A070607067480068C00701D0E4
:10AC000008F063FC2846BDE870402CE76048007AF5
:10AC1000002800D0012070472DE9F04F61484FF027
:10AC2000000A85B0D0F800B0D14657465D4A5E496B
:10AC3000083211608406D4F8080110B14FF0010801
:10AC400001E04FF0000808F0B4FC78B1D4F824011A
:10AC500000B101208246D4F81C0100B101208146D8
:10AC6000D4F8200108B1012700E00027D4F8000142
:10AC700000B101200490D4F8040100B10120039038
:10AC8000D4F80C0100B101200290D4F8100100B1F9
:10AC900001203F4D0190287800260090B8F1000F68
:10ACA00004D0C4F80861012008F0E1FBBAF1000FFC
:10ACB00004D0C4F82461092008F0D9FBB9F1000FD1
:10ACC00004D0C4F81C610A2008F0D1FB27B1C4F8F5
:10ACD00020610B2008F0CBFB2D48C01D08F09EFC26
:10ACE00000B1FFDFDFF8AC800498012780B1C4F821
:10ACF0000873E87818B1EE70002008F0B8FB287AE5
:10AD0000022805D1032028720221C8F8001027610B
:10AD1000039808B1C4F80461029850B1C4F80C61FA
:10AD2000287A032800D0FFDFC8F800602F72FFF7F1
:10AD300058FE019838B1C4F81061287A012801D171
:10AD400000F05CF86761009838B12E70287A01280D
:10AD500001D1FFF772FEFFF744FE0D48C01D08F059
:10AD600073FC1049091DC1F800B005B0BDE8F08FB3
:10AD7000074810B5C01D08F051FC0549B0B10120CD
:10AD800008704FF0E021C1F80002BDE81040FFE577
:10AD900040000020340C00400C0400401805004026
:10ADA00010ED00E01005024001000001087A0128C2
:10ADB00001D1FFF742FEBDE81040244808F044BC32
:10ADC00070B5224CE41FA07808B908F075FB01208B
:10ADD0008507A861207A0026032809D1D5F80C013F
:10ADE00020B9002008F092FB0028F7D1C5F80C61CB
:10ADF00026724FF0FF30C5F8080370BD70B5134CD4
:10AE0000E41F6079F0B1012803D0A179401E81428E
:10AE100018DA08F05EFB054608F064FD6179012947
:10AE200002D9A179491CA1710DB1216900E0E16845
:10AE3000411A022902DA11F1020F06DC0DB120617C
:10AE400000E0E060BDE87040F7E570BD470000201D
:10AE5000374901200860704770B50D2000F049F8AF
:10AE6000344C0020C4F800010125C4F804530D201F
:10AE700000F050F825604FF0E0216014C1F80001A7
:10AE800070BD10B50D2000F034F82A480121416052
:10AE90000021C0F80011BDE810400D2000F03AB8C4
:10AEA000254810B504682449244808310860214920
:10AEB000D1F80001012804D0FFDF1F48001D046005
:10AEC00010BD1B48001D00680022C0B2C1F800215F
:10AED00008F05FFCF1E710B5164800BFD0F800118C
:10AEE0000029FBD0FFF7DCFFBDE810400D2000F08B
:10AEF00011B800280DDB00F01F020121914040092C
:10AF0000800000F1E020C0F88011BFF34F8FBFF345
:10AF10006F8F7047002809DB00F01F02012191406C
:10AF20004009800000F1E020C0F880127047000066
:10AF300004D5004000D0004010050240010000018F
:10AF40004FF0E0214FF00070C1F8800101F5C071B1
:10AF5000BFF34F8FBFF36F8FC1F80001394B8022D1
:10AF600083F8002441F8800C704700B502460420A5
:10AF7000354903E001EBC0031B792BB1401EC0B281
:10AF8000F8D2FFDFFF2000BD41F8302001EBC00107
:10AF900000224A718A7101220A7100BD2A4A0021E9
:10AFA00002EBC0000171704710B50446042800D3BD
:10AFB000FFDF254800EBC4042079012800D0FFDF23
:10AFC0006079A179401CC0B2814200D060714FF01D
:10AFD000E0214FF00070C1F8000210BD70B50425EB
:10AFE000194E1A4C16E0217806EBC1000279012AAD
:10AFF00008D1427983799A4204D04279827156F815
:10B00000310080472078401CC0B22070042801D352
:10B01000002020706D1EEDB2E5D270BD0C4810B559
:10B0200004680B490B4808310860064890F8000492
:10B030004009042800D0FFDFFFF7D0FF0448001DBF
:10B04000046010BD19E000E07805002054000020E5
:10B0500010050240010000010F4A12680D498A42A2
:10B060000CD118470C4A12680A4B9A4206D101B516
:10B0700008F00AFC08F0DDFEBDE801400749096858
:10B080000958084706480749054A064B704700001B
:10B0900000000000BEBAFECA5800002004000020D4
:10B0A000B00F0020B00F002070B50C46054600F030
:10B0B00045FB21462846BDE8704001F026BC000053
:10B0C000F8B51D46DDE906470E000AD005F03BF94C
:10B0D0002346FF1DBCB231462A46009404F059FDB8
:10B0E000F8BDD0192246194602F023F92046F8BDD2
:10B0F00070B50D4604461022002102F044F9258166
:10B1000017206081A07B40F00A00A07370BD4FF64D
:10B11000FF720A800146022008F000BE70470089D5
:10B120007047827BD30701D1920703D480890880BE
:10B130000020704705207047827B920700D58181EF
:10B14000704701460020098841F6FE52114200D0A6
:10B150000120704700B50346807BC00701D0052061
:10B1600000BD59811846FFF7ECFFC00703D0987B5C
:10B1700040F004009873987B40F001009873002021
:10B1800000BD827B520700D509B140897047172066
:10B190007047827B61F3C302827370472DE9FC5FC5
:10B1A0000E46044601789646012000FA01F14DF65C
:10B1B000FF5201EA020962684FF6FF7B1188594588
:10B1C00002D10920BDE8FC9FB9F1000F05D041F67E
:10B1D000FE55294201D00120F4E741EA090111801E
:10B1E0001D0014D000232B7094F800C00521032209
:10B1F0001F464FF0020ABCF10E0F76D2DFE80CF0CA
:10B20000F909252F47646B77479193B4D1D804206F
:10B21000D8E7616820898B7B9B0767D517284AD3BD
:10B220000B89834247D38989172901D3814242D1AF
:10B2300085F800A0A5F80100328061688881606807
:10B24000817B21F002018173C6E0042028702089EF
:10B25000A5F801006089A5F803003180BCE0208AD0
:10B260003188C01D1FFA80F8414524D3062028707C
:10B270002089A5F801006089A5F80300A089A5F838
:10B2800005000721208ACDE90001636941E00CF047
:10B29000FF00082810D0082028702089A5F8010098
:10B2A0006089A5F8030031806A1D694604F10C002D
:10B2B00006F0BBFC10B15EE01020EDE730889DF891
:10B2C00000100844308087E00A2028702089A5F803
:10B2D0000100328044E00C2028702089A5F801008C
:10B2E0006089A5F8030031803AE082E064E02189BA
:10B2F000338800EB41021FFA82F843453BD3B8F193
:10B30000050F38D30E222A700BEA4101CDE9001057
:10B31000E36860882A467146FFF7D2FEA6F80080EF
:10B320005AE04020287060893188C01C1FFA80F8DC
:10B33000414520D32878714620F03F001230287014
:10B340002089A5F801006089CDE9000260882A46BD
:10B35000E368FFF7B5FEA6F80080287840063BD4E6
:10B3600061682089888037E0A0893288401D1FFAF3
:10B3700080F8424501D204273DE01620287020893C
:10B38000A5F801006089A5F80300A089CDE90001B6
:10B3900060882A4671462369FFF792FEA6F800806E
:10B3A000DEE718202870207A6870A6F800A013E065
:10B3B00061680A88920401D405271CE0C9882289A3
:10B3C000914201D0062716E01E2129703080606866
:10B3D000018821F400510180B9F1000F0BD0618880
:10B3E00078230022022008F0EFFB61682078887043
:10B3F00006E0338003276068018821EA09010180A3
:10B400003846DFE62DE9FF4F85B01746129C0D0048
:10B410001E461CD03078C10703D000F03F00192829
:10B4200001D9012100E000212046FFF7AAFEA84231
:10B430000DD32088A0F57F41FF3908D03078410630
:10B4400001D4000605D5082009B0BDE8F08F07201B
:10B45000FAE700208DF800008DF8010030786B1EAF
:10B4600000F03F0C0121A81E4FF0050A4FF0020921
:10B470004FF0030B9AB2BCF1200F75D2DFE80CF04D
:10B480008B10745E7468748C749C74B574BA74C8D0
:10B4900074D474E1747474F174EF74EE74ED748B9D
:10B4A000052D78D18DF80090A0788DF80400708873
:10B4B000ADF8060030798DF80100707800F03F009B
:10B4C0000C2829D00ADCA0F10200092863D2DFE8A9
:10B4D00000F0126215621A621D622000122824D048
:10B4E00004DC0E281BD01028DBD11BE016281FD04F
:10B4F0001828D6D11FE02078800701E02078400787
:10B50000002848DAEEE020780007F9E72078C00646
:10B51000F6E720788006F3E720784006F0E7207809
:10B520000006EDE72088C005EAE720884005E7E748
:10B5300020880005E4E72088C004E1E72078800740
:10B5400029D5032D27D18DF800B0B6F8010081E090
:10B55000217849071FD5062D1DD381B270780128A7
:10B5600003D0022817D102E0C9E0022000E0102039
:10B5700004228DF8002072788DF80420801CB1FB25
:10B58000F0F2ADF8062092B242438A4203D103970B
:10B59000ADF80890A6E079E02078000776D598B25B
:10B5A00082088DF800A0ADF80420B0EB820F6DD1B9
:10B5B0000297ADF8061095E02178C90666D5022DF0
:10B5C00064D381B206208DF80000707802285DD324
:10B5D000B1FBF0F28DF80400ADF8062092B24243C0
:10B5E0008A4253D1ADF808907BE0207880064DD593
:10B5F000072003E0207840067FD508208DF8000062
:10B60000A088ADF80400ADF80620ADF8081068E099
:10B610002078000671D50920ADF804208DF80000CF
:10B62000ADF8061002975DE02188C90565D5022DA9
:10B6300063D381B20A208DF80000707804285CD3AF
:10B64000C6E72088400558D5012D56D10B208DF82E
:10B650000000A088ADF8040044E021E026E016E0F8
:10B66000FFE72088000548D5052D46D30C208DF82E
:10B670000000A088ADF80400B6F803006D1FADF817
:10B680000850ADF80600ADF80AA02AE035E02088A1
:10B69000C00432D5012D30D10D208DF8000021E0FD
:10B6A0002088800429D4B6F80100E080A07B000740
:10B6B00023D5032D21D3307800F03F001B2818D06C
:10B6C0000F208DF80000208840F40050A4F80000FE
:10B6D000B6F80100ADF80400ED1EADF80650ADF867
:10B6E00008B0039769460598F9F7B8FA050008D03D
:10B6F00016E00E208DF80000EAE7072510E0082587
:10B700000EE0307800F03F001B2809D01D2807D03C
:10B710000220059908F002FB208800F400502080E8
:10B72000A07B400708D52046FFF70BFDC00703D1DB
:10B73000A07B20F00400A073284685E61FB50228F0
:10B7400006D101208DF8000088B26946F9F786FA23
:10B750001FBD0000F8B51D46DDE906470E000AD002
:10B7600004F0F1FD2346FF1DBCB231462A46009489
:10B7700004F00FFAF8BDD0192246194601F0D9FDA0
:10B780002046F8BD2DE9FF4F8DB09B46DDE91B57E4
:10B79000DDF87CA00C46082B05D0E06901F0FEF82E
:10B7A00050B11020D2E02888092140F010002880F4
:10B7B0008AF80010022617E0E16901208871E26929
:10B7C0004FF420519180E1698872E06942F60101ED
:10B7D0000181E069002181732888112140F0200057
:10B7E00028808AF80010042638780A900A203870D9
:10B7F0004FF0020904F118004D460C9001F0C6FB11
:10B80000B04681E0BBF1100F0ED1022D0CD0A9EB98
:10B810000800801C80B20221CDE9001005AB524621
:10B820001E990D98FFF796FFBDF816101A988142E1
:10B8300003D9F74800790F9004E003D10A9808B1C2
:10B8400038702FE04FF00201CDE900190DF1160319
:10B8500052461E990D98FFF77DFF1D980088401BEA
:10B86000801B83B2C6F1FF00984200D203461E99A6
:10B870000BA8D9B15FF00002DDF878C0CDE9032054
:10B8800009EB060189B2CDE901C10F980090BDF81E
:10B89000161000220D9801F00EFC387070B1C0B285
:10B8A000832807D0BDF8160020833AE00AEB09018F
:10B8B0008A19E1E7022011B0BDE8F08FBDF82C0035
:10B8C000811901F0FF08022D0DD09AF801204245A0
:10B8D00006D1BDF82010814207D0B8F1FF0F04D087
:10B8E0009AF801801FE08AF80180C9480068017851
:10B8F000052902D1BDF81610818009EB08001FFA56
:10B9000080F905EB080085B2DDE90C1005AB0F9A54
:10B9100001F03FFB28B91D980088411B4145BFF647
:10B9200071AF022D13D0BBF1100F0CD1A9EB0800A1
:10B93000801C81B20220CDE9000105AB52461E9960
:10B940000D98FFF707FF1D98058000203870002034
:10B95000B1E72DE9F8439C46089E13460027B26BD9
:10B960009AB3491F8CB2F18FA1F57F45FF3D05D0F9
:10B970005518AD882944891D8DB200E0002529198C
:10B98000B6F83C800831414520D82A44BCF8011063
:10B9900022F8021BBCF8031022F8021B984622F87A
:10B9A000024B914604F0BDFC4FF00C0C41464A4658
:10B9B0002346CDF800C004F0B8F8F587B16B00203D
:10B9C0002944A41D2144088003E001E0092700E088
:10B9D00083273846BDE8F88310B50B88848F9C42D6
:10B9E0000CD9846BE018048844B1848824F40044A2
:10B9F000A41D23440B801060002010BD0A2010BD40
:10BA00002DE9F0478AB00025904689468246ADF878
:10BA1000185007274BE0059806888088000446D414
:10BA2000A8F8006007A8019500970295CDE903509A
:10BA30004FF4007300223146504601F03CFB0400F5
:10BA40003CD1BDF81800ADF8200005980488818825
:10BA5000B44216D10A0414D401950295039521F439
:10BA600000410097049541F48043428821465046A6
:10BA700001F0BFF804000BD10598818841F4004122
:10BA8000818005AA08A94846FFF7A6FF0400DCD07C
:10BA90000097059802950195039504950188BDF8D6
:10BAA0001C300022504601F0A4F80A2C06D105AA49
:10BAB00006A94846FFF790FF0400ACD0ADF8185037
:10BAC00004E00598818821F40041818005AA06A937
:10BAD0004846FFF781FF0028F3D00A2C03D0204608
:10BAE0000AB0BDE8F0870020FAE710B50C46896B74
:10BAF00086B051B10C218DF80010A18FADF808105F
:10BB0000A16B01916946FAF75BF800204FF6FF71CF
:10BB1000A063E187A08706B010BD2DE9F0410D4676
:10BB20000746896B0020069E1446002911D0012B80
:10BB30000FD1324629463846FFF762FF002808D168
:10BB4000002C06D0324629463846BDE8F04100F0C8
:10BB500034BFBDE8F0812DE9FC411446DDE9087CE5
:10BB60000E46DDE90A15521DBCF800E092B296457A
:10BB700002D20720BDE8FC81ACF8002017222A7011
:10BB8000A5F80160A5F803300522CDE900423B4647
:10BB90002A46FFF7DFFD0020ECE770B50C4615469E
:10BBA00048220021204601F0EEFB04F1080044F891
:10BBB0001C0F00204FF6FF71E06161842084A58492
:10BBC0001720E08494F82A0040F00A0084F82A0044
:10BBD00070BD4FF6FF720A800146032008F09EB840
:10BBE00030B585B00C460546FFF77FFFA18E28468D
:10BBF00029B101218DF800106946F9F7E1FF002015
:10BC0000E0622063606305B030BDB0F8400070476B
:10BC10005C00002090F84620920703D440880880FA
:10BC20000020F4E70620F2E790F846209207EED5D0
:10BC3000A0F84410EBE70146002009880A0700D568
:10BC4000012011F0F00F01D040F00200CA0501D52B
:10BC500040F004008A0501D540F008004A0501D5EE
:10BC600040F010000905D2D540F02000CFE700B524
:10BC7000034690F84600C00701D0062000BDA3F897
:10BC800042101846FFF7D7FF10F03E0F05D093F88B
:10BC9000460040F0040083F8460013F8460F40F0D9
:10BCA00001001870002000BD90F84620520700D512
:10BCB00011B1B0F84200AAE71720A8E710F8462F04
:10BCC00061F3C3020270A2E72DE9FF4F9BB00E00A3
:10BCD000DDE92B34DDE92978289D24D02878C107B7
:10BCE00003D000F03F00192801D9012100E0002114
:10BCF0002046FFF7D9FFB04215D32878410600F05F
:10BD00003F010CD41E290CD0218811F47F6F0AD179
:10BD10003A8842B1A1F57F42FF3A04D001E01229EE
:10BD200001D1000602D504201FB0C5E5FA491D98CF
:10BD30004FF0000A08718DF818A08DF83CA00FAAEA
:10BD40000A60ADF81CA0ADF850A02978994601F022
:10BD50003F02701F5B1C04F1180C4FF0060E4FF0F1
:10BD6000040BCDF858C01F2A7ED2DFE802F07D7D9B
:10BD7000107D267DAC7DF47DF37DF27DF17DF47D3B
:10BD8000F07D7D7DEF7DEE7D7D7D7D7DED0094F808
:10BD90004610B5F80100890701D5032E02D08DF8B1
:10BDA00018B01EE34FF40061ADF85010608003211D
:10BDB0008DF83C10ADF84000D4E2052EEFD1B5F877
:10BDC00001002083ADF81C00B5F80310618308B1B1
:10BDD000884201D9012079E10020A07220814FF62C
:10BDE000FF702084169801F0D1F8052089F8000032
:10BDF0000220029083460AAB1D9A16991B9801F007
:10BE0000C8F890BB9DF82E00012804D0022089F8C4
:10BE10000100102003E0012089F8010002200590B4
:10BE2000002203A90BA805F000FFE8BB9DF80C0059
:10BE3000059981423DD13988801CA1EB0B018142DB
:10BE400037DB02990220CDE900010DF12A034A46B1
:10BE500041461B98FFF77EFC02980BF1020B801CF9
:10BE600081B217AA029101E09CE228E003A90BA885
:10BE700005F0DBFE02999DF80C00CDE9000117AB3F
:10BE80004A4641461B98FFF765FC9DF80C000AAB3B
:10BE90000BEB00011FFA81FB02991D9A084480B246
:10BEA000029016991B9800E003E001F072F8002858
:10BEB000B6D0BBF1020F02D0A7F800B04FE20A20C3
:10BEC0008DF818004BE200210391072EFFF467AFB5
:10BED000B5F801002083ADF81C00B5F8032062839B
:10BEE00000283FF477AF90423FF674AF0120A07274
:10BEF000B5F8050020810020A073E06900F04EFD38
:10BF000078B9E16901208871E2694FF4205191808C
:10BF1000E1698872E16942F601000881E069002167
:10BF20008173F01F20841E98606207206084169839
:10BF300001F02CF8072089F80000012004900290FD
:10BF40000020ADF82A0028E019E29FE135E1E5E0A4
:10BF500012E2A8E080E043E00298012814D0E069F2
:10BF60008079012803D1BDF82800ADF80E000498AF
:10BF700003ABCDE900B04A4641461B98FFF7EAFB08
:10BF80000498001D80B20490BDF82A00ADF80C00A2
:10BF9000ADF80E00059880B202900AAB1D9A169972
:10BFA0001B9800F0F6FF28B902983988001D05900B
:10BFB0008142D1D20298012881D0E069807901289C
:10BFC00003D1BDF82800ADF80E00049803ABCDE90D
:10BFD00000B04A4641461B98FFF7BCFB0298BDE102
:10BFE000072E02D0152E7FF4DAAEB5F801102183AA
:10BFF000ADF81C10B5F80320628300293FF4EAAEC7
:10C0000091423FF6E7AE0121A1724FF0000BA4F878
:10C0100008B084F80EB0052E07D0C0B2691DE269E1
:10C0200005F0E4FD00287FF44AAF4FF6FF7020844E
:10C0300001A906AA14A8CDF800B081E885032878E4
:10C04000214600F03F031D9A1B98FFF79BFB824699
:10C05000208BADF81C0082E10120032EC3D14021CA
:10C06000ADF85010B5F801102183ADF81C100AAAE4
:10C07000B8F1000F00D00023CDE9020304921D980F
:10C08000CDF80480009038880022401E83B21B98AF
:10C0900001F011F88DF8180090BB0B2089F8000012
:10C0A000BDF8280035E04FF0010C052E9BD1802013
:10C0B000ADF85000B5F801102183B5F803002084D5
:10C0C000ADF81C10B0F5007F03D907208DF81800DB
:10C0D00087E140F47C4222840CA8B8F1000F00D024
:10C0E0000023CDE90330CDE9018C1D9800903888FC
:10C0F000401E83B21B9800F0DEFF8DF8180018B1C7
:10C100008328A8D10220BFE00D2189F80010BDF8D6
:10C110003000401C22E100005C000020032E04D20D
:10C1200048067FF53CAE002018E1B5F80110ADF8E7
:10C130001C102878400602D58DF83CE002E007206C
:10C140008DF83C004FF000080320CDE902081E9B4B
:10C15000CDF810801D980193A6F1030B00901FFAF3
:10C160008BF342461B9800F044FD8DF818008DF8C3
:10C170003C80297849060DD52088C00506D5208B3E
:10C18000BDF81C10884201D1C4F8248040468DF8C7
:10C190001880E3E0832801D14FF0020A4FF4807049
:10C1A000ADF85000BDF81C002083A4F820B01E9804
:10C1B0006062032060841321CDE0052EFFF4EFAD13
:10C1C000B5F80110ADF81C10A28F6AB3A2F57F4339
:10C1D000FE3B29D008228DF83C2000BF4FF0000B19
:10C1E0000523CDE9023BDDF878C0CDF810B01D9AEB
:10C1F00080B2CDF804C040F400430092B5F80320AB
:10C200001B9800F0F6FC8DF83CB04FF400718DF8EF
:10C210001800ADF85010832810D0F8B1A18FA1F507
:10C220007F40FE3807D0DCE00B228DF83C204FF633
:10C23000FE72A287D2E7A4F83CB0D2E000942B466D
:10C2400031461E9A1B98FFF784FB8DF8180008B141
:10C2500083284BD1BDF81C00208353E700942B4664
:10C2600031461E9A1B98FFF774FB8DF81800E8BB47
:10C27000E18FA06B0844831D8DE888034388828882
:10C2800001881B98FFF767FC824668E095F80180FB
:10C29000022E70D15FEA080002D0B8F1010F6AD116
:10C2A00009208DF83C0007A800908DF84080434697
:10C2B000002221461B98FFF730FC8DF842004FF01A
:10C2C000000B8DF843B050B9B8F1010F12D0B8F19E
:10C2D000000F04D1A18FA1F57F40FF380AD0A08FB5
:10C2E00040B18DF83CB04FF4806000E037E0ADF82D
:10C2F00050000DE00FA91B98F9F762FC82468DF8FB
:10C300003CB04FF48060ADF85000BAF1020F06D097
:10C31000FC480068C07928B18DF8180027E0A4F81F
:10C32000188044E0BAF1000F03D081208DF8180086
:10C330003DE007A800904346012221461B98FFF7E5
:10C34000ECFB8DF8180021461B98FFF7CEFB9DF8FB
:10C35000180020B9192189F80010012038809DF8B3
:10C360003C0020B10FA91B98F9F72AFC8246BAF1CC
:10C37000000F33D01BE018E08DF818E031E0207892
:10C38000000712D5012E10D10A208DF83C00E0885C
:10C39000ADF8400003201B9907F0C0FC0820ADF861
:10C3A0005000C0E648067FF5FAAC4FF0040A20883A
:10C3B000BDF8501008432080BDF8500080050BD513
:10C3C000A18FA1F57F40FE3806D11E98E062289823
:10C3D0002063A6864FF0030A5046A5E49DF8180096
:10C3E00078B1012089F80000297889F80110BDF89A
:10C3F0001C10A9F802109DF8181089F804100520E7
:10C4000038802088BDF8501088432080E4E72DE96B
:10C41000FF4F8846087895B0012181404FF209000E
:10C42000249C0140ADF820102088DDF88890A0F50C
:10C430007F424FF0000AFF3A06D039B1000705D518
:10C44000012019B0BDE8F08F0820FAE7239E4FF0D5
:10C45000000B0EA886F800B018995D460988ADF863
:10C460003410A8498DF81CB0179A0A718DF838B0AD
:10C47000086098F8000001283BD0022809D0032862
:10C480006FD1307820F03F001D303070B8F80400D4
:10C49000E08098F800100320022904D1317821F0BF
:10C4A0003F011B31317094F84610090759D505AB8F
:10C4B000B9F1000F13D0002102AA82E80B00072077
:10C4C000CDE90009BDF83400B8F80410C01E83B2ED
:10C4D0000022159800F0EFFD0028D1D101E0F11CF9
:10C4E000EAE7B8F80400A6F80100BDF81400C01C83
:10C4F00004E198F805108DF81C1098F80400012844
:10C5000006D04FF4007A02282CD00328B8D16CE171
:10C510002188B8F8080011F40061ADF8201020D08F
:10C5200017281CD3B4F84010814218D3B4F8441033
:10C53000172901D3814212D1317821F03F01C91C62
:10C540003170A6F801000321ADF83410A4F84400BE
:10C5500094F8460020F0020084F8460065E10525C5
:10C560007EE177E1208808F1080700F4FE60ADF86D
:10C57000200010F0F00F1BD010F0C00F03D038884F
:10C58000228B9042EBD199B9B878C00710D0B96826
:10C590000720CDE902B1CDF804B00090CDF810B07D
:10C5A000FB88BA883988159800F023FB0028D6D17B
:10C5B0002398BDF82010401C80294ED006DC10299D
:10C5C0000DD020290BD0402987D124E0B1F5807F00
:10C5D0006ED051457ED0B1F5806F97D1DEE0C806B0
:10C5E00001D5082000E0102082460DA907AA0520E9
:10C5F000CDE902218DF83800ADF83CB0CDE90496C4
:10C6000008A93888CDE9000153460722214615982C
:10C61000FFF7B8F8A8E09DF81C2001214FF00A0AA6
:10C62000002A9BD105ABB9F1000F00D00020CDE965
:10C6300002100720CDE90009BDF834000493401E24
:10C6400083B2218B0022159800F035FD8DF81C0077
:10C650000B203070BDF8140020E09DF81C20012153
:10C660004FF00C0A002A22D113ABB9F1000F00D011
:10C670000020CDE902100720CDE900090493BDF8A0
:10C680003400228C401E83B2218B159800F013FDDC
:10C690008DF81C000D203070BDF84C00401CADF82A
:10C6A000340005208DF83800208BADF83C00BCE04C
:10C6B0003888218B88427FF452AF9DF81C004FF0E0
:10C6C000120A00281CD1606AA8B1B878C0073FF4EC
:10C6D00046AF00E018E0BA680720CDE902B2CDF815
:10C6E00004B00090CDF810B0FB88BA88159800F01F
:10C6F00080FA8DF81C00132030700120ADF8340052
:10C7000093E000005C0000203988208B8142D2D168
:10C710009DF81C004FF0160A0028A06B08D0E0B36B
:10C720004FF6FF7000215F46ADF808B0019027E09A
:10C7300068B1B978C907BED1E18F0DAB0844821D3D
:10C7400003968DE80C0243888288018809E0B87856
:10C75000C007BCD0BA680DAB03968DE80C02BB884D
:10C76000FA881598FFF7F7F905005ED0072D72D00B
:10C7700076E0019005AA02A92046FFF72DF90146AF
:10C78000E28FBDF80800824201D00029F1D0E08F8D
:10C79000A16B084407800198E08746E09DF81C00E3
:10C7A0004FF0180A40B1208BC8B138882083214649
:10C7B0001598FFF79AF938E004F118000090237EED
:10C7C000012221461598FFF7A8F98DF81C000028D2
:10C7D000EDD1192030700120ADF83400E7E70525D0
:10C7E00021461598FFF781F93AE0208800F400709F
:10C7F000ADF8200050452DD1A08FA0F57F41FE3926
:10C8000001D006252CE0D8F808004FF0160A48B1F0
:10C81000A063B8F80C10A1874FF6FF71E187A0F86C
:10C8200000B002E04FF6FF70A087BDF8200030F4A2
:10C830007F611AD0782300220320159907F0C4F9EC
:10C8400098F8000020712088BDF82010084320804F
:10C850000EE000E007252088BDF8201088432080E6
:10C86000208810F47F6F1CD03AE02188814321801A
:10C870009DF8380020B10EA91598F9F7A1F90546E1
:10C880009DF81C000028EBD086F801A00120307034
:10C89000208B70809DF81C0030710520ADF83400AD
:10C8A000DEE7A18EE1B118980DAB0088ADF8340039
:10C8B0002398CDE90304CDE90139206B0090E36AA8
:10C8C000179A1598FFF700FA054601208DF83800F1
:10C8D0000EA91598F9F774F900B10546A4F834B01B
:10C8E00094F8460040070AD52046FFF7A4F910F057
:10C8F0003E0F04D114F8460F20F004002070189861
:10C90000BDF83410018028469BE500B585B00328AA
:10C9100006D102208DF8000088B26946F9F750F977
:10C9200005B000BD10B5384C0B782268012B02D041
:10C93000022B2AD111E013780BB1052B01D104236E
:10C94000137023688A889A802268CB88D3802268F3
:10C950000B891381498951810DE08B88938022686E
:10C96000CB88D38022680B8913814B8953818B89B3
:10C970009381096911612168F9F722F92268002180
:10C980000228117003D0002800D0812010BD832020
:10C9900010BD806B002800D00120704781780129EC
:10C9A00009D10088B0F5205F03D042F6010188422A
:10C9B00001D10020704707207047F0B587B00024F0
:10C9C00015460E460746ADF8184011E00598008858
:10C9D000288005980194811DCDE902410721049426
:10C9E0000091838842880188384600F002F930B906
:10C9F00005AA06A93046FEF7EFFF0028E6D00A2870
:10CA000000D1002007B0F0BD5C00002010B58B788D
:10CA100083B102789A4205D10B885BB102E08B7931
:10CA2000091D4BB18B789A42F9D1B0F801300C88CE
:10CA3000A342F4D1002010BD812010BD072826D0CC
:10CA400012B1012A27D103E0497801F0070102E081
:10CA50004978C1F3C20105291DD2DFE801F00318AE
:10CA6000080C12000AB10320704702207047042806
:10CA70000DD250B10DE0052809D2801E022808D33E
:10CA800003E0062803D0032803D0052070470020C8
:10CA900070470F20704781207047C0B282060BD4C8
:10CAA000000607D5FA48807A4143C01D01EBD0004B
:10CAB00080B27047084670470020704770B51388F1
:10CAC0000B800B781C0625D5F14CA47A844204D83F
:10CAD00043F010000870002070BD956800F0070654
:10CAE00005EBD0052D78F54065F304130B70137832
:10CAF000D17803F0030341EA032140F20123B1FBA3
:10CB0000F3F503FB15119268E41D00FB012000EB17
:10CB1000D40070BD906870BD37B51446BDF80410E0
:10CB20001180117841F0040111709DF804100A067B
:10CB30001ED5D74AA368C1F30011927A824208D861
:10CB4000FE2811D1D21DD2084942184600F01BFC24
:10CB50000AE003EBD00200F00703012510789D40A6
:10CB6000A843994008431070207820F010002070EE
:10CB70003EBD2DE9F0410746C81C0E4620F00300DB
:10CB8000B04202D08620BDE8F081C14D002034467D
:10CB90002E60AF802881AA72E8801AE0E988491CDB
:10CBA000E980810614D4E17800F0030041EA002016
:10CBB00040F20121B0FBF1F201FB12012068FFF706
:10CBC0006CFF2989084480B22881381A3044A0605B
:10CBD0000C3420784107E1D40020D4E7AC4801228E
:10CBE0000189C08800EB400002EB8000084480B25D
:10CBF00070472DE9FF4F89B01646DDE9168A0F46CA
:10CC0000994623F44045084600F054FB040002D046
:10CC10002078400703D401200DB0BDE8F08F0998BB
:10CC200003F016FA02902078000606D59848817A1B
:10CC30000298814201D88720EEE7224601A9029896
:10CC4000FFF73CFF834600208DF80C004046B8F10A
:10CC5000070F1AD001222146FFF7F0FE0028DBD192
:10CC60002078400611D502208DF80C00ADF8107028
:10CC7000BDF80400ADF81200ADF814601898ADF8D6
:10CC80001650CDF81CA0ADF818005FEA094004D595
:10CC900000252E46A84601270CE02178E07801F017
:10CCA000030140EA012040F20121B0FBF1F280468D
:10CCB00001FB12875FEA494009D5B84507D1A17841
:10CCC000207901F0030140EA0120B04201D3BE42C5
:10CCD00001D90720A0E7A8191FFA80F9B94501D9A1
:10CCE0000D2099E79DF80C0028B103A90998F8F7E1
:10CCF00065FF002890D1B84507D1A0784FEA1921E7
:10CD000061F30100A07084F804901A9800B10580C6
:10CD1000199850EA0A0027D0199830B10BEB060099
:10CD20002A46199900F005FB0EE00BEB0608574662
:10CD3000189E099803F0F5FA2B46F61DB5B2394650
:10CD40004246009502F0F1FE224601A90298FFF743
:10CD5000B5FE9DF80400224620F010008DF8040076
:10CD6000DDE90110FFF7D8FE002055E72DE9FF4F60
:10CD7000DFF81C91824685B0B9F80610D9F800009A
:10CD800001EB410100EB810440F20120B2FBF0F124
:10CD9000174600FB1175DDE9138B4E4629460698B0
:10CDA000FFF77BFE0346FFF719FF1844B1880C30EC
:10CDB000884202D9842009B02FE70698C6B230060F
:10CDC00003D5B00601D50620F5E7B9F80620521CB8
:10CDD00092B2A9F80620BBF1000F01D0ABF80020F9
:10CDE000B00602D5C4F808800AE0B9F808201A4451
:10CDF00092B2A9F80820D9F80000891A0844A06066
:10CE00002246FE200699FFF787FEE77025712078FD
:10CE1000390A61F301002A0AA17840F0040062F3A4
:10CE20000101A17020709AF802006071BAF8000048
:10CE3000E08000252573300602D599F80A7000E0DD
:10CE40000127B00601D54FF000084E4600244FF0F0
:10CE500007090FE0CDE902580195CDF8009004953F
:10CE6000F1882046129B089AFFF7C3FE0028A2D142
:10CE7000641CE4B2BC42EDD300209CE700B5FFF790
:10CE8000ADFE03490C308A88904203D9842000BD4E
:10CE900098050020CA88086802EB420300EB830073
:10CEA000521C037823F004030370CA80002101732D
:10CEB0000846ECE72DE9F047804600F0FBF9070053
:10CEC00005D000264446F74D40F2012916E0012026
:10CED000BDE8F087204600F0EDF90278C17802F055
:10CEE000030241EA0222B2FBF9F309FB13210068B5
:10CEF000FFF7D3FD3044641C86B2A4B2E988601EFB
:10CF00008142E7DCA8F10100E8802889801B2881A4
:10CF100000203870DCE710B5144631B1491E21807D
:10CF200003F096F8A070002010BD012010BD70B570
:10CF30000446DC48C188036801E0401C208020884A
:10CF4000884207D200EB400213EB820202D0157830
:10CF50006D07F2D580B2884216D2AAB15079A0727C
:10CF6000D08820819178107901F0030140EA0120F6
:10CF7000A081A078E11CFFF7A1FD20612088401C62
:10CF80002080E080002070BD0A2070BD0121018258
:10CF900070472DE9FF4F85B04FF6FF798246A3F821
:10CFA000009048681E460D4680788DF80600486857
:10CFB0000088ADF8040000208DF80A00088A0C886B
:10CFC000A04200D304462C8251E03878400708D4B0
:10CFD000641C288AA4B2401C288208F10100C0B257
:10CFE00046E0288A401C2882781D6968FFF70EFDFC
:10CFF000D8BB3188494501D1601E30803188A1EB12
:10D00000080030806888A04238D3B878397900F0B9
:10D01000030041EA002801A9781DFFF7F7FC20BBB7
:10D02000298949452ED0002239460798FFF706FD89
:10D03000D8B92989414518D1E9680391B5F80AC0E2
:10D04000D7F808B05046CDF800C003F06AF9DDF813
:10D0500000C05A460CF1070C1FFA8CFC434603999A
:10D06000CDF800C002F02BFD60B1641CA4B200201A
:10D070008046204600F01EF90700A6D1641E2C82CF
:10D080000A2098E674807879B071F888B080397891
:10D09000F87801F0030140EA01207081A6F80C80C5
:10D0A000504602F0D5FF3A4606F10801FFF706FDAB
:10D0B000306100207FE62DE9FF4F87B081461C4696
:10D0C0009246DDF860B0DDF85480089800F0F2F880
:10D0D000050002D02878400702D401200BB09CE55F
:10D0E000484602F0B5FF2978090605D56D49897AC9
:10D0F000814201D88720F1E7CAF309062A4601A92F
:10D10000FFF7DCFC0746149807281CD000222946AC
:10D11000FFF794FC0028E1D12878400613D50120C0
:10D120008DF808000898ADF80C00BDF80400ADF8C3
:10D130000E00ADF81060ADF8124002A94846F8F7AD
:10D140003DFD0028CAD12978E87801F0030140EAC2
:10D150000121AA78287902F0030240EA022056450C
:10D1600007D0B1F5007F04D9611E814201DD0B209B
:10D17000B4E7864201D90720B0E7801B85B2A542FB
:10D1800000D92546BBF1000F01D0ABF8005017982D
:10D1900018B1B9192A4600F0CCF8B8F1000F0DD03B
:10D1A0003E4448464446169F03F0CDF82146FF1DF5
:10D1B000BCB232462B46009402F0EBFC00208DE717
:10D1C0002DE9F04107461D461646084600F072F864
:10D1D000040002D02078400701D40120D3E438466F
:10D1E00002F036FF2178090605D52E49897A814259
:10D1F00001D88720C7E422463146FFF75FFC65B1BE
:10D200002178E07801F0030140EA0120B0F5007FC9
:10D2100001D8012000E0002028700020B3E42DE9AF
:10D22000F04107461D461646084600F043F8040044
:10D2300002D02078400701D40120A4E4384602F04F
:10D2400007FF2178090605D51649897A814201D858
:10D25000872098E422463146FFF75EFCFF2D14D06C
:10D260002178E07801F0030240EA022040F2012236
:10D27000B0FBF2F302FB130015B900F2012080B2FB
:10D28000E070000A60F30101217000207BE410B51A
:10D290000C4600F00FF810B10178490704D40120C2
:10D2A00010BD000098050020C18821804079A07041
:10D2B0000020F5E70749CA88824209D340B10968CE
:10D2C00000EB40006FF00B0202EB80000844704757
:10D2D000002070479805002070B504460D46214691
:10D2E0002B460AB9002070BD01E0491C5B1C501E92
:10D2F000021E03D008781E78B042F6D008781E7857
:10D30000801BF0E730B50C4601462346051B9542CD
:10D3100006D202E0521E9D5C8D54002AFAD107E02D
:10D3200004E01D780D70491C5B1C521E002AF8D1C8
:10D3300030BDF0B50E460146334680EA030404F0E2
:10D340000304B4B906E002B9F0BD13F8017B01F89B
:10D35000017B521E01F00307002FF4D10C461D463D
:10D3600002E080CD80C4121F042AFAD221462B4647
:10D3700000BF04E013F8014B01F8014B521E002AD4
:10D38000F8D100BFE0E7F0B50C460146E6B204E094
:10D3900002B9F0BD01F8016B521E01F00307002F26
:10D3A000F6D10B46E5B245EA052545EA054501E01B
:10D3B00020C3121F042AFBD2194602E001F8016BB8
:10D3C000521E002AFAD100BFE3E710B506F0F7FEBF
:10D3D000FAF792F906F09CFDBDE8104006F02EBE6B
:10D3E000202801D2012070470020704701224FF011
:10D3F000A043824011B1C3F80C257047C3F808253B
:10D4000070474FF0A04101228240C1F818257047B3
:10D4100070B50346002002466FF02F050EE09C5CBD
:10D42000A4F130060A2E02D34FF0FF3070BD00EB9E
:10D43000800005EB4000521C2044D2B28A42EED359
:10D4400070BD30B50A230BE0B0FBF3F403FB14040A
:10D45000B0FBF3F08D183034521E05F8014CD2B2F7
:10D46000002AF1D130BD30B500234FF6FF7510E032
:10D47000040A44EA002084B2C85C6040C0F303148C
:10D48000604005EA00344440E0B25B1C84EA40108E
:10D490009BB29342ECD330BDF94A137882F88B30BB
:10D4A000A2F88C0082F88A10012082F8880092F895
:10D4B000640008B192F8600082F88E00704710B5E1
:10D4C0000B46114658B11846FFF7E6FFED48806855
:10D4D000008802F026FFBDE8104002F0CDBBBDE899
:10D4E00010404FF6FF70D7E770B50026044646702F
:10D4F000E44D1120207029682022A01C6831FFF71C
:10D5000018FF0121A171286800F8666F8078002853
:10D5100011D1DB48B0F86A20A0F89220AA68537BAA
:10D5200080F8943080F89010108802F0FAFEBDE880
:10D53000704002F0B0BB70BD70B5D24D296891F853
:10D5400096200024012A11D091F89020012A1CD0A5
:10D5500091F86620012A22D091F88820012A21D052
:10D5600091F8A020012A2ED0002070BD447017220F
:10D57000027051F8972FC0F802204A68C0F80620C0
:10D580000A7A827201F8014C1BE044700522027095
:10D59000D1F89220C0F8022081F8904011E0FFF706
:10D5A000A3FF0EE091F86620012AF8D044701422FF
:10D5B000027051F88A2FC0F802208A88C28001F8D0
:10D5C000024C012070BD44701A2200F8022B222266
:10D5D000A131FFF7AEFE286880F8A040F1E7A94826
:10D5E000006890F8661011B1B0F86A0070474FF605
:10D5F000FF70704770B5A34C206800B9FFDF20684A
:10D60000417811B10C25284670BD0025C422294659
:10D61000FFF7B9FE2168FF2008707F2081F83700EE
:10D6200013204884282081F86500012081F85C00DF
:10D63000002081F85F0007F0AFF906F091FCE2E707
:10D6400070B5904C0546206800B9FFDF21680020C6
:10D6500048706560FFF7CEFF002800D0FFDF70BD87
:10D66000884909680978814201D10120704700206A
:10D670007047844800B5016891F82400498CC0F3D4
:10D680008002C0F340031A4400F001001044132943
:10D6900015D004DC102909D0122904D10FE0152976
:10D6A00008D01D2904D0FFDF002000BD764903E02B
:10D6B000764800BD7449083131F8100000BD724948
:10D6C0000839F9E76F4840F271210068806A4843E1
:10D6D00070476C48006890F83600002800D00120A0
:10D6E000704710B5664C207B00F074FD40B1207D82
:10D6F00004F115010BF034FB082801D0012010BD06
:10D70000207B30B1022804D00120BDE8104007F092
:10D71000A6BC0020F9E75A490873704759490968BF
:10D7200081F83000704770B50646554890F82D00D6
:10D730000BF0A4FA050018D010210BF076FD00289C
:10D7400013D1504C012032462168C87628461C313E
:10D7500007F092FCD4E900101C310BF0BFFF6068A9
:10D76000BDE8704001210BF0C8BF70BD2DE9F0414C
:10D77000434C074694F82D000BF0FDFA064694F84A
:10D780002F0004F10E0528B126B194F82D000BF0FE
:10D7900018FAA0B194F83000002824D094F82E0094
:10D7A000002820D0607B294600F025FDA8B10BF0B1
:10D7B0008AFB3A462946BDE8F04107F05DBC0120EE
:10D7C00060733A462946304607F056FC94F82D100F
:10D7D0002846BDE8F0410BF065BB39462846BDE858
:10D7E000F04107F07EBCBDE8F08170B5254C2168A2
:10D7F000087BB0B1022814D0012048730E3107F025
:10D8000018FC2068007B00F0E5FC216881F82F00FF
:10D81000082081F82D00487B0E3100F0E3FC40B970
:10D8200001E00020E9E72168487B0E3100F0E3FCCD
:10D8300000B10120216881F82E0091F82F0018B95D
:10D8400091F82200400706D5087D15310BF088FAC3
:10D85000216881F82D0020680025456004F0ADFDA9
:10D86000216888600020FFF781FF2068C57690F866
:10D87000220040070CD5BDE87040002053E70000AF
:10D88000A405002064000020A0B101008F891300CE
:10D8900070BDFB4A1268137B0370D2F80E0008605B
:10D8A000508A8880704778B5F6490446F44D407B2D
:10D8B00008732A68207810706088ADF8000080B284
:10D8C00000F00101C0F3400341EA4301C0F38003CB
:10D8D00041EA8301C0F3C00341EAC301C0F300136E
:10D8E00041EA0311C0F3401341EA4311C0F3801031
:10D8F00041EA80105084E07D012825D0022825D0FF
:10D90000FFDF286880F85E60217B80F82410418C5E
:10D910001D291DD061688162617D80F83610A17B70
:10D92000C1B1022916D00121017554F80F1FC0F8AA
:10D930001510A188A0F81910217B012900D0002121
:10D9400080F83410002078BD0126DAE70226D8E7F7
:10D950000021E0E70021E7E7C948006890F82200CD
:10D96000C0F38000704700B5FFF7F6FF08B1002054
:10D9700000BD1F2000BD00B5FFF7F5FF002800D057
:10D98000012000BDBE49002209680A664B8C1D2B90
:10D9900002D081F86400704781F864207047B84A6B
:10D9A0000023126882F85D3042F84C1F90800120FD
:10D9B00050747047B24A0023126882F85C30A2F8B3
:10D9C000580042F8541F012010727047AC49096892
:10D9D00081F835007047AA49096881F85F007047EF
:10D9E000A748006890F95F007047A548006890F864
:10D9F000220000F001007047A148006890F8220062
:10DA0000C0F340007047002070479D48006890F8C0
:10DA10002200C0F3C000704701207047012070470A
:10DA20000120704770B500F0FAFB954C2068016E3C
:10DA3000491C016690F83300002530B106F0ACFFB8
:10DA400006F08EFA206880F833502068457090F810
:10DA5000381009B102201AE090F86410B1B1006EDC
:10DA6000814213D8022007F095FF206890F8220029
:10DA7000C00704D0A06843220188012003E04322AC
:10DA80004FF6FF710020BDE8704018E50020BDE8AA
:10DA9000704007F07FBF10B501280DD002280DD0CF
:10DAA00004280FD0FFDF7648006890F85E10BDE8CC
:10DAB0001040252006F0FEBB252000E0262006F0C1
:10DAC000D3FCF0E72720FAE702460020D30701D075
:10DAD000CB0705D0930705D58B0703D402207047E9
:10DAE000012070475207FCD54907FAD4042070473B
:10DAF0002DE9F041624C86B0206800B9FFDF206854
:10DB00004178E9BB0178FF2942D0002580F83150E7
:10DB1000A0F85A50857080F83850284606F09EFECE
:10DB2000182259496846FFF704FC684606F08AFE49
:10DB300006F0CCFB206890F95F0006F085FC5248A7
:10DB40001D3806F087FC5048203806F06CFE6068EF
:10DB500006F087FE2068002190F82400FFF7B4FF4C
:10DB6000FFF799FF206880F82C5006F071FE2068BE
:10DB700090F85E10002006F030FD0F21052000E037
:10DB800006E006F038FC206890F82E1051B902E04B
:10DB90000C2006B027E690F82F1019B990F8220053
:10DBA00040072BD504F009FC804620684146806878
:10DBB00005F004F9354F064690FBF7F007FB1060BF
:10DBC0004142404604F0CDF82168886096FBF7F0AA
:10DBD0004A68104448600BF0BFF821684A689042D8
:10DBE0000CD8C1E901580120FFF7C0FD206890F86A
:10DBF0002200400702D50120FFF795FD2068417BF8
:10DC00000E3006F0EAFB206890F85C1039B1B0F8ED
:10DC10005810A0F84810416D416480F85C5090F8AD
:10DC20005D1041B1B0F85010A0F84010C16C40F840
:10DC30003C1F80F821500BF0FCF8032160680BF0CA
:10DC40002FF9216881F833000020A2E70C49886091
:10DC500070472DE9F0410A4C0746002620683146FE
:10DC6000C57E6068068000F0D1FA2068408C1328D9
:10DC700040D00DDC102861D012280DD15CE00000EE
:10DC800064000020A4050020B0B1010040420F0054
:10DC9000152838D01D2836D0FFDF00BF00F0CAFAA3
:10DCA0002068418C1D2907D0152905D0B0F84820DF
:10DCB000416C60680BF028FD206890F82C1090F8FB
:10DCC0002400FFF701FF05463FB1FFF7E4FE012204
:10DCD0004FF49671002006F01EFD206890F82C107D
:10DCE000294380F82C1090F824208A434FF001013A
:10DCF00029D02DE0002160680BF0C4FC0121606890
:10DD000000F084FACAE7012160680BF0BBFC012136
:10DD1000606800F07BFAD4E9001025B11C310BF0EB
:10DD2000DDFC012104E015310BF0D8FC2068017DF9
:10DD300060680BF0E2FCB1E7062100E002216068B8
:10DD40000BF0A0FCAAE7428C1D2A0BD080F8311002
:10DD50004170418C13290ED007DC10290AD01229FA
:10DD600007D108E080F82C60F2E7152903D01D29BF
:10DD700001D0FFDF37E590F85E20BDE8F0410121DA
:10DD8000084606F05ABEF84810B50068417841B917
:10DD90000078FF2805D00021084600F059FA00203D
:10DDA00010BD00F03CFA0C2010BD2DE9F041EE4D05
:10DDB0000446174628680E4690F8660000B1FFDF5B
:10DDC0002968002F81F868704ED12088A1F86A0078
:10DDD0006088A1F88000A088A1F88200E088A1F8FE
:10DDE000840094F88C0181F8860091F82F0020B10E
:10DDF000487B0E3100F0FFF940B9296891F83000F6
:10DE000060B1487B0E3100F0EDF938B12868D0F8E8
:10DE10000E104167418AA0F8781003E02868476730
:10DE2000A0F878706968FF2E0878C0F380106076DB
:10DE3000D1F80300C4F81A00B1F80710E18314D038
:10DE4000296801F16E02C1F87A00E08BA1F87E002A
:10DE500030466D310AF099FF00B9FFDF286810F8ED
:10DE60006D1F41F002010170BDE42868C0F87A70AE
:10DE7000A0F87E70617E80F86D10D4F81A1040F81A
:10DE80006E1FE18B8180AEE470B5FFF7BEFDB64C2E
:10DE9000012538B13C22FF21A068FFF786FF2068EA
:10DEA00080F86650206890F82200C00704D0A0686F
:10DEB0003C220188012003E03C224FF6FF71002044
:10DEC000FFF7FDFA206880F8385070BDA649096850
:10DED00081F83200704770B5002507F0BAFC50B1E8
:10DEE000A14C20684178012908D0022901D00329DA
:10DEF00036D0FFDF70BDBDE8704093E58178002922
:10DF0000F8D1418C102913D090F8330020B106F0DD
:10DF100019F8402006F02DFD206890F822104907DE
:10DF200010D490F83610012904D0032902D002E061
:10DF3000002119E0102590F85E2045F00E01002028
:10DF400006F07BFD206890F8340008B106F054FD1F
:10DF50000021962006F0B1FC21680220487070BDB7
:10DF600081780029FBD18178BDE87040012000F064
:10DF70006FB957E510B57C4C206890F8340008B1B3
:10DF800000F07AF9206890F8330018B106F004FD2B
:10DF900005F0E6FF07F05DFC88B1206840780228B4
:10DFA00000D0FFDF0021012000F052F92068417805
:10DFB000002903D04078012800D0FFDF10BDBDE864
:10DFC00010402FE510B50AF0CBFE04460AF07DFFA5
:10DFD00038B120460AF052FE18B110210BF025F995
:10DFE00008B1002010BD012010BD2DE9F047DFF879
:10DFF00078910E460746032809D0FFF7F6FC044641
:10E00000D9F8000090F8320020B1012003E0FFF7BA
:10E01000F3FC04460020804606F018FA0546032F5C
:10E020002BD0012734EA080453D0D9F800004C461D
:10E0300090F8330068B10AF0E2FE30700146FF2824
:10E0400007D06068C01C0AF0B7FE30780AF0E1FE25
:10E05000054360680178C1F3801221680B7D9A4204
:10E0600005D10622C01C1531FFF736F938B1002062
:10E070003178FF290BD0D8B903E00227D2E701207D
:10E08000F6E7206890F82D00884211D008E038B1FA
:10E09000616811F8030BC0F38010FFF793FF38B1EC
:10E0A0000020216891F82210490703D5A0B910E09B
:10E0B0000120F6E785B92D4890F8360008B1B8423E
:10E0C00007D1616811F8030BC0F38010FFF77AFFE6
:10E0D00010B10020BDE8F0870120FBE7F8B5224C25
:10E0E0000746002520684078022800D0FFDF20681E
:10E0F00090F8340008B100F0BFF860680BF0E4FA63
:10E1000006460FB306F073F9F0B1052E1DD1606815
:10E1100090F8240000F01F00102816D9206890F80D
:10E12000350090B1FF208DF80000012569460520DB
:10E13000FFF75BFF40B1206880F8A05061682222A1
:10E14000A130C91CFFF7F5F815E060680BF0FCFA88
:10E1500088B1062E0FD2DFE806F00E0E0E030E0B6E
:10E1600000F0CDF806E0000064000020A4050020C7
:10E1700000F091F800B90125206890F8330018B13B
:10E1800006F00AFC05F0ECFE1DB10021012000F0B4
:10E190005FF820684178002906D04178012903D032
:10E1A0004078032800D0FFDFF8BD70B59F4E0546CC
:10E1B0000C463068807800280BD106F02FF8034613
:10E1C0003068214690F85E202846BDE8704007F090
:10E1D000C1BD70BD022803D0032801D000207047C4
:10E1E00001207047012802D14879800901D0002020
:10E1F000704701207047012806D148790121B1EB11
:10E20000901F01D101207047002070470278202321
:10E2100022F0200203EA41110A430270704710B550
:10E2200006F09AFB06F079FB06F0C8FABDE810404C
:10E2300006F0FFBA10B57D4C7D4960680BF048FAD6
:10E240007B480E38417B6068BDE810400BF04CBA4B
:10E25000764A10B5126892F831303BB1508C1D28C7
:10E2600000D1FFDFBDE81040FFF7DCBB002902D181
:10E27000BDE81040EDE410BD10B56C4C206837309F
:10E2800006F0C5FB18B921687F2081F83700BDE88A
:10E29000104006F0A7BB38B5FF208DF8000001251F
:10E2A00069460520FFF7A1FE30B3604C20688078F6
:10E2B00008BB6268A0681278417BC2F3401211402B
:10E2C0004173012100F04AF800229DF80010A06877
:10E2D000FFF76BFD2068012100F8661F82788188B6
:10E2E0000120FFF7ECF8216800204870FFF797FF46
:10E2F000012007F04FFB00E00025284638BD38B567
:10E30000FF208DF80000012569460320FFF76DFE10
:10E31000464C002820681CD090F8341031B190F899
:10E32000960018B99DF8000000F04CF860680021D4
:10E33000018004210BF0A6F9FFF77CFF2068B0F8FC
:10E340004020C16B60680BF0EFF921680320487032
:10E3500002E0807800B90025284638BD70B5334DFD
:10E360000446686850F80F2FC4F80E208288628235
:10E3700082792275C27962750289E282428962805D
:10E380008289A280C289E2800269A260027D227332
:10E39000427D02F01F022276407D400984F88C0104
:10E3A00084F8641084F86510002104F130000BF04B
:10E3B0002AFB286890F8651004F8661F90F85F0043
:10E3C000607070BD70B5194C0122216881F89620EB
:10E3D0000A7881F89720FF280DD001F19902983131
:10E3E0000AF0D3FC00B9FFDF206810F8981F41F055
:10E3F000020101700CE060680278C2F3801281F8BB
:10E400009820D0F8032041F8992FB0F807008880B1
:10E41000256895F837009F357F2800D1FFDF2068F9
:10E4200010F8371F29707F21017070BD6400002033
:10E43000B20500202DE9FC470C460646694600F06F
:10E4400010FF002860D1FFF7CAF8B0425CD0214627
:10E45000304608F0DEFF28BB019D95F82C01703591
:10E4600018B9287F08B1012000E00020814695F806
:10E4700039004FF000084FF0010AA0B195F83A00BA
:10E48000800710D584F8018084F800A084F8028009
:10E49000A68095F83B10A171A98F2181E98F618138
:10E4A00085F839802DE0304601F04DFF070000D19E
:10E4B000FFDF384601F06DF940B184F801800D218D
:10E4C0002170A680E08084F802A01AE0304601F0B6
:10E4D00028FF070000D1FFDFB9F1000F14D0384644
:10E4E00001F0AFF980B1304606F01EFD84F80180DE
:10E4F0000A21217084F80280A680697FA17185F8C5
:10E500001C800120BDE8FC870020FBE71CB56946A4
:10E5100000F0A7FE00B1FFDF684600F0AFFEF9494A
:10E5200000208968A1F8F2001CBD2DE9FC410446D9
:10E530000E46062001F06EFD00250746A84606445B
:10E5400017E02088401C80B22080B04202D34046B1
:10E55000A4F8008080B2B84204D3B04202D20020B6
:10E56000BDE8FC81694600F07CFE0028F8D06D1CF7
:10E57000EDB2AE42E5D84FF6FF7020801220EFE7F3
:10E5800010B506F043FD0AF026FBDF484FF6FF7199
:10E5900000234182818203701B2141804FF4A472C9
:10E5A0008280C180028103228275C2758272042436
:10E5B000C4728181C1810282837610BD70B5D14C55
:10E5C0000D466060217006F0ADFC00F063FEFFF7C1
:10E5D000D7FF207809F09EFD284607F04DFACA487B
:10E5E0002838FFF72DF82178606808F0F6FFBDE8BD
:10E5F00070400AF0F0BA10B501240AB1002010BD35
:10E6000021B1012903D00024204610BD02210BF0C6
:10E61000CBF8F9E7887800B90320C97801B903215C
:10E62000107019700020704730B587B0044600881C
:10E63000694600F016FE002806D1A08830B10128F6
:10E6400004D0022802D0122007B030BD05AB04AAC6
:10E6500021466846FFF7DEFF0400F5D1019901204D
:10E6600081F8C501019991F81012002539B9019975
:10E6700091F8C41119B9019991F8971009B13A2488
:10E6800015E00199039581F8C40101989DF81020C7
:10E6900080F8C621019B9DF8140083F8C7018DF80E
:10E6A0000C208DF80D0003AA01200AF0F4FE019859
:10E6B00080F8C5512046C7E710B504460020A17870
:10E6C00001B90120E2780AB940F0020000F0F6FD3D
:10E6D000002803D12046BDE81040A5E710BD70B565
:10E6E0000D4604460189002380880AF0C9FE696A44
:10E6F00081421DD2401A401CA1884008091A8AB2E2
:10E70000A2802189081A2081668895F86410104635
:10E710000AF08DFE864200D230466080E68895F889
:10E72000651020890AF083FE864200D23046E080E0
:10E7300070BDF0B585B00D46064603A900F091FD09
:10E7400000282AD104990022FB20B1F84E30FB2B7F
:10E7500000D30346B1F85040FB20FB2C00D3044605
:10E76000DFF8A8C19CE8811000900197CDF808C09F
:10E77000ADF80230ADF806406846FFF7B0FF6E8096
:10E78000BDF80400E880BDF808006881BDF802000B
:10E79000A880BDF806002881002005B0F0BD2DE955
:10E7A000F04186B004460088694600F05AFD002812
:10E7B00059D12189E08800F09BFD002853D1A18820
:10E7C000608800F095FD00284DD12189E08800F097
:10E7D00085FD002847D1A188608800F07FFD0600F4
:10E7E00041D1208802A9FFF7A4FF00B1FFDFBDF8E7
:10E7F000101062880920914235D3BDF80C10E288D0
:10E80000914230D3BDF81210BDF80E202389114477
:10E81000A2881A44914226D3019D01274FF0000897
:10E8200085F8BB71019890F8FC0105F5DD7508B11C
:10E830003A2615E0E08868806088E880218940F603
:10E840004800814200D30146A980A188814200D2BC
:10E8500008462881002228460199FFF740FF2F70C3
:10E8600085F80180304606B0BDE8F08197E710B525
:10E870000446FEF761FE002813D0207814280FD13B
:10E88000A07868B1A088062101F018FC40B100888A
:10E8900006F04AFBA088062101F022FC00B1FFDF50
:10E8A000012010BD2DE9F041060000D1FFDF164820
:10E8B000022114308046FFF738FE00B1FFDF124C12
:10E8C0000620A78A01F0A6FB0546A08AA84203D12C
:10E8D0003046FFF7CCFF20B9A08A3146FFF7AAFDEA
:10E8E00030B1304600F012FD0028EED10120BBE728
:10E8F00002214046FFF719FE10B9A08AB842E4D1C0
:10E900000020B1E77000002090060020C8B101008F
:10E9100010B500F083FC08B10C2010BD0AF096F988
:10E92000002010BD10B50446007818B1012801D0B0
:10E93000122010BD00F07DFC20B10AF0FDF908B1F5
:10E940000C2010BD207800F053FCE21D04F11703E9
:10E95000611CBDE810400AF09BB910B5044600F0F8
:10E960005DFC08B10C2010BD207818B1012801D041
:10E97000122010BD00F03CFC611C0AF041F908B106
:10E98000002010BD072010BD10B50AF0D9F908B15C
:10E99000002010BD302010BD10B5044600F049FC29
:10E9A00008B10C2010BD20460AF0C2F9002010BDAD
:10E9B00010B500F03EFC20B10AF0BEF908B10C2001
:10E9C00010BD0AF0A7F9002010BDFF2181704FF69D
:10E9D000FF718180F84949680A7882718A880281CA
:10E9E0004988418101214170002070471CB50024F5
:10E9F00012F1080F15D00CDC12F1280F11D012F112
:10EA0000140F0ED012F1100F0BD012F10C0F0CD10D
:10EA100007E012F1040F04D01AB1032A01D0042A2E
:10EA200003D1012804D0032806D0122420461CBD9F
:10EA30001046FEF7D0FFF9E708461446694600F095
:10EA400010FC08B10224F1E7019880F86740002427
:10EA5000ECE710B5134601220AF003FC002010BDBC
:10EA600010B5044600F0E5FB08B10C2010BD2146AE
:10EA7000002006F0CCFA002010BD10B5044607F0C7
:10EA800095F920B1207807F003F8002010BD0C2084
:10EA900010BD10B5044600F0CCFB08B10C2010BD31
:10EAA0002146012006F0B3FA002010BD38B5044617
:10EAB0004FF6FF70ADF80000A079E179884216D0DA
:10EAC0002079FEF78DFC90B16079FEF789FC70B17A
:10EAD0000022A07911460BF0DBFB40B90022E0795F
:10EAE00011460BF0D5FB10B9207A072801D9122066
:10EAF00038BD07F067F948B900216846FFF715FDF2
:10EB000020B1204605F0ADFB002038BD0C2038BDFB
:10EB10002DE9FC41817804461A2925D00EDC1629FE
:10EB20002DD2DFE801F02C2C2C2C2C212C2C2C2C81
:10EB30002C2C2C2C2C2C2C2C2C2121212A291ED0A5
:10EB40000BDCA1F11E010C2919D2DFE801F0181825
:10EB50001818181818181818180D3A3904290ED250
:10EB6000DFE801F00D020D022088B0F5706F06D2CB
:10EB70000127694600F075FB18B10220F0E412206D
:10EB8000EEE4019D68462E4605F5C87506F291161D
:10EB900000F05AFB08B1287808B10C20E0E42F708F
:10EBA000A0783070684600F069FB0020D8E41CB5FE
:10EBB0000C46694600F055FB002118B12160217117
:10EBC00002201CBD0198024610F1700080F842102E
:10EBD00093682360137B237190F84230002BF5D1AA
:10EBE00000201CBD10B5044600F023FB20B10AF044
:10EBF000A3F808B10C2010BD207800F0F9FAE279F2
:10EC0000611C0AF06EF908B1002010BD022010BD91
:10EC100010B5886E60B1002241F8682F0120CA71DA
:10EC2000897988400BF028FB002800D01F2010BDF8
:10EC30000C2010BD1CB50C46694600F012FB0028E4
:10EC400005D10198B0F87000401C208000201CBD48
:10EC50001CB504460088694600F003FB08B1022099
:10EC60001CBD606828B1DDE90001224600F09CFB74
:10EC70001CBDDDE90001FFF7CBFF1CBD10B500781E
:10EC8000012800D00020FEF7A1FE002010BDF0B545
:10EC900044888188C288038945898089A71F40F6F6
:10ECA0007B46B74215D28F1FB74212D28C4210D882
:10ECB000B2F5FA7F0DD2A3F10A04361FB44208D28E
:10ECC000521C4A43B2EB830F03DA854201D800207D
:10ECD000F0BD3020F0BDF8B515460E46044607F0ED
:10ECE00071F808B10C20F8BD204600F09CFB00280C
:10ECF000F9D1A078C1064FF01100F4D5E17D0329C8
:10ED0000F1D0FEF76DFE3070A07555B9FF208DF87B
:10ED1000000069460020FEF74DFE69460020FEF720
:10ED20003EFE2046BDE8F840FEF7BDBD0022D2E71A
:10ED30000078C10801D01220704720498876002051
:10ED4000704710B504460078C00704D1608810B140
:10ED5000FEF711FE80B12078618800F00102607832
:10ED600000F0ACFB002806D1FEF7FDFD01466088EF
:10ED7000884203D9072010BD122010BD6168FEF73C
:10ED800019FE002010BD10B504460078C00704D15C
:10ED9000608810B1FEF730FE90B12078618800F0F5
:10EDA0000102607800F08AFB002804D16088616865
:10EDB000FEF7F5FD002010BD700000209006002039
:10EDC0001220F8E77CB5044640784225012808D88F
:10EDD000A078FEF745FC20B120781225012802D04A
:10EDE00090B128467CBDFEF710FE20B1A088002817
:10EDF000F7D08028F5D8FEF70FFE60B160780028C4
:10EE0000EFD02078012808D006F07EF9044606F0FD
:10EE100009FE00287FD00C207CBDFEF762FC10B9F3
:10EE2000FEF7F1FD90B306F0CDFF0028F3D1FEF719
:10EE3000D6FBA0F57F41FF39EDD1FEF7D6FCA688C1
:10EE400042F210704643A079FEF79CFDFEF7CDFD1F
:10EE5000F8B10022062101A801F002F9040058D0FF
:10EE6000F7480021846020460AF01EF92046FEF78C
:10EE7000EDFEF44D04F13000AA89E989C2830184D2
:10EE8000FEF7CCFD60B1288A01210DE0FFE71220DA
:10EE90007CBD3146002006F0FEFD88B3FFDF44E074
:10EEA000FEF7BEFD0146288A06F090FE0146A062EC
:10EEB0000022204606F02BF9FEF7B0FD38B9FEF728
:10EEC000AFFD0246214601200AF0E3FAD0B1DD4A47
:10EED0002146163201200AF0DEFAE87A0090AB7A79
:10EEE000EA89A989208801F0A5F900B1FFDF20880F
:10EEF00006F019F83146204606F0CDFD00B1FFDFDF
:10EF000013E008E00621BDF8040001F0E9F800B1C3
:10EF1000FFDF09207CBD44B1208806F005F8208879
:10EF2000062101F0DDF800B1FFDF00207CBD0021EB
:10EF300048E770B50D46062101F0C0F8040003D083
:10EF400094F8930110B10AE0022070BD94F87D009E
:10EF5000142801D0152802D194F8E00108B10C2042
:10EF600070BD1022294604F5CA70FEF7E2F90120AF
:10EF700084F89301002070BD10B5062101F09EF8C1
:10EF800018B190F8931111B107E0022013E790F83F
:10EF90007D10142903D0152901D00C200BE7022184
:10EFA00080F89311002006E72DE9FC410D464BF651
:10EFB00080321221954213D895B1694600F051F97B
:10EFC00000280CD1019EB41C703627882A46394689
:10EFD00030460AF02AF82088B842F6D10020CDE564
:10EFE0000846CBE51CB504460088694600F039F9AF
:10EFF000002808D10199A378084691F82C20703197
:10F000009A4201D10C201CBD7F220A728A72002212
:10F01000CA72E17880F82D10217980F82E10A1783D
:10F0200080F82C1010461CBD1CB50C46694600F03B
:10F0300018F9002806D1019890F88C0000B1012041
:10F04000207000201CBD7CB50D461446694600F0BA
:10F0500008F9002805D1019890F82C00012801D06A
:10F060000C207CBD019890F87810297090F87900F8
:10F07000207000207CBD70B50D461646062101F0BB
:10F080001DF818B381880124C388428804EB410429
:10F09000AC4217D842F210746343A4106243B3FB2E
:10F0A000F2F2521E94B24FF4FA72944200D914460E
:10F0B000A54200D22C46491C641CB4FBF1F24A4321
:10F0C000521E91B290F8CC211AB901E0022070BD15
:10F0D00001843180002070BD10B50C46062100F07F
:10F0E000EDFF48B180F8FF4024B190F8FD1009B160
:10F0F00006F083FD00205EE602205CE6017899B10F
:10F10000417889B141881B290ED381881B290BD3F3
:10F11000C188022908D34B490268283941F8322FA7
:10F1200040684860002070471220704710B506F014
:10F130001EFD00203FE610B506F01CFD00203AE65B
:10F1400070B514460A46064600250121104606F011
:10F150003DFD002800D8284605460121304600F034
:10F160004EF806460121002000F049F8311801222E
:10F1700096318D4206D901F19600691AB1FBF0F083
:10F18000401C82B22280002070BD10B5044600F001
:10F1900050F808B10C200EE6601C09F08FFE2078B4
:10F1A00000F00100FEF7BAFA002004E610B50446AC
:10F1B000062000F021FF08B10C20FCE52078C007F4
:10F1C00010D00022607811460BF062F808B11220CE
:10F1D000F1E5A06808F073FD6078616808F078FDDB
:10F1E0000020E8E5002008F06AFD00210846F5E768
:10F1F00018B1022801D0012070470020704710B5D7
:10F20000012904D0022905D0FFDF2046D3E5C00044
:10F21000503001E080002C3084B2F6E710B506F0E3
:10F22000D1FD20B1FEF755FA08B10120C3E5002059
:10F23000C1E510B506F0C6FD002800D00120BAE5F2
:10F240007000002090060020416891F82C0191F890
:10F250008C1021B918B1042801D00120704700207A
:10F26000704710B50C46062100F028FF606018B109
:10F270000120207000209EE502209CE5416891F865
:10F28000FD20002A05D0002281F8FD20406806F00C
:10F29000B4BC704708B54FF6FF70ADF8000006E04B
:10F2A0000621BDF8000000F01BFF00B1FFDF0021C8
:10F2B0006846FFF73AF90028F2D008BD70B5144649
:10F2C0000546012200F00EF9002806D12146284605
:10F2D000BDE87040002200F005B970BDFB2803D8DE
:10F2E00040F64800814201D9112070470020704744
:10F2F0001B38E12806D2B1F5A47F03D344F2902055
:10F30000814201D912207047002070471FB58E49F5
:10F31000897ECA0702D10278192A0AD08A0702D444
:10F320000278182A24D0490739D40178122933D019
:10F3300035E04088ADF8000002A9FFF792FF00B168
:10F34000FFDF039810F8601F8DF8021040788DF8E9
:10F3500003000020ADF8040001B9FFDF9DF80300B1
:10F3600000B9FFDF6846FFF7A7F9D8B1FFDF19E062
:10F370004088ADF8000040F64800FB21ADF80400DD
:10F38000ADF80800ADF80210ADF806106846FFF7BA
:10F390006DFA38B1FFDF05E0007BC00702D0002026
:10F3A00004B008E50120FBE7F8B50646508914468D
:10F3B0000F4640B1B0F5004F05D20022A0781146AB
:10F3C0000AF066FF08B11220F8BDB86E394607F1A1
:10F3D000700530B1A07891F86E20904201D00C20D9
:10F3E000F8BD012081F86F00A07881F86E00606898
:10F3F00041F8680F608988802089A884002087F8F8
:10F400006F0020886946FFF715FCA88CBDF8001036
:10F41000081A00B2002804DD39463046FFF7F8FB31
:10F42000DDE70020F8BD38B504460078EF2841D864
:10F430006088ADF80000009800F061F888B361883A
:10F44000080708D4D4E90120824233D8202A31D3D6
:10F45000B0F5804F2ED8207B18B307282AD8607BC0
:10F4600028B1012803D0022801D0032822D14A075D
:10F4700003D4022801D0032805D1A07B08B10128BC
:10F4800018D1480707D4607D28B1012803D002288D
:10F4900001D003280ED1C806E07D03D5012809D18B
:10F4A00004E007E0012801D0032803D1E07E18B171
:10F4B000012801D0122038BD002038BD70B50C469F
:10F4C0000546FF2904D8FEF7A9FA18B11F2C01D967
:10F4D000122070BD2846FEF7C3F808B1002070BDA9
:10F4E000422070BD0AB1012200E00222024202D194
:10F4F000880802D109B1002070471120704780B2FE
:10F50000C1060BD401071CD481064FEAC07101D596
:10F51000B9B900E099B1800713D410E0410610D4C6
:10F5200081060ED4C1074FEA807104D0002902DBA6
:10F53000400704D405E0010703D4400701D40120AB
:10F5400070470020704700009006002030B5058805
:10F5500025F4004421448CB24FF4004194420AD275
:10F56000121B92B21B339A4201D2A94307E005F461
:10F570000041214303E0A21A92B2A9431143018042
:10F5800030BD0844083050434A31084480B27047C7
:10F5900070B51D4616460B46044629463046049A69
:10F5A000FFF7EFFF0646B34200D2FFDF282200211B
:10F5B0002046FDF7E8FE4FF6FF70A082283EB0B26D
:10F5C00065776080B0F5004F00D9FFDF618805F1F5
:10F5D0003C00814200D2FFDF60880835401B343890
:10F5E00080B220801B2800D21B2020800020A07722
:10F5F00070BD8161886170472DE9F05F0D46C1885B
:10F60000044600F12809008921F4004620F400484E
:10F6100000F063FB10B10020BDE8F09F4FF0000A3E
:10F620004FF0010BB0450CD9617FA8EB0600401AE2
:10F630000838854219DC09EB06000021058041806D
:10F640001AE06088617F801B471A083F0DD41B2F8A
:10F6500000DAFFDFBD4201DC294600E0B9B2681ADA
:10F660000204120C04D0424502DD84F817A0D2E750
:10F6700009EB06000180428084F817B0CCE770B532
:10F68000044600F12802C088E37D20F400402BB13D
:10F6900010440288438813448B4201D2002070BD7D
:10F6A00000258A4202D30180458008E0891A0904B6
:10F6B000090C418003D0A01D00F01FFB08E0637F10
:10F6C00000880833184481B26288A01DFFF73EFF0E
:10F6D000E575012070BD70B5034600F12804C588AA
:10F6E000808820F400462644A84202D100201882D7
:10F6F00070BD98893588A84206D3401B75882D1A9D
:10F700002044ADB2C01E05E02C1AA5B25C7F204497
:10F710003044401D0C88AC4200D90D809C8924B136
:10F72000002414700988198270BD0124F9E770B5AE
:10F73000044600F12801808820F400404518208A02
:10F74000002825D0A189084480B2A08129886A8830
:10F750001144814200D2FFDF2888698800260844CE
:10F76000A189884212D1A069807F2871698819B166
:10F77000201D00F0C2FA08E0637F2888083318448F
:10F7800081B26288201DFFF7E1FEA681268201205A
:10F7900070BD2DE9F041418987880026044600F1BB
:10F7A0002805B94219D004F10A0800BF21F400402D
:10F7B0002844418819B1404600F09FFA08E0637F71
:10F7C00000880833184481B262884046FFF7BEFEC5
:10F7D000761C6189B6B2B942E8D13046BDE8F08105
:10F7E0002DE9F04104460B4627892830A68827F4E6
:10F7F0000041B4F80A8001440D46B74201D100200F
:10F80000ECE70AB1481D106023B1627F691D1846FC
:10F81000FDF78FFD2E88698804F1080021B18A194F
:10F8200096B200F06AFA06E0637F6288083399199D
:10F8300089B2FFF78BFE474501D1208960813046B0
:10F84000CCE78188C088814201D101207047002027
:10F85000704701898088814201D1012070470020D2
:10F86000704770B58588C38800F1280425F40042EC
:10F8700023F4004114449D421AD08389058A5E19FD
:10F8800025886388EC18A64214D313B18B4211D398
:10F890000EE0437F08325C192244408892B2801AFD
:10F8A00080B22333984201D211B103E08A4201D1E0
:10F8B000002070BD012070BD2DE9F0478846C18849
:10F8C0000446008921F4004604F1280720F400458D
:10F8D00007EB060900F001FA002178BBB54204D914
:10F8E000627FA81B801A002503E06088627F801B6E
:10F8F000801A083823D4E28962B1B9F80020B9F837
:10F9000002303BB1E81A2177404518DBE0893844E2
:10F91000801A09E0801A217740450ADB607FE1897F
:10F920000830304439440844C01EA4F81280BDE8B1
:10F93000F087454503DB01202077E7E7FFE7618299
:10F940000020F4E72DE9F74F044600F12805C088B0
:10F95000884620F4004A608A05EB0A0608B1404553
:10F9600002D20020BDE8FE8FE08978B13788B6F872
:10F97000029007EB0901884200D0FFDF207F4FF0A3
:10F98000000B50EA090106D088B33BE00027A07FB6
:10F99000B9463071F2E7E18959B1607F29440830F6
:10F9A00050440844B4F81F1020F8031D94F82110A7
:10F9B0008170E28907EB080002EB0801E1813080E9
:10F9C000A6F802B002985F4650B1637F30880833D2
:10F9D000184481B26288A01DFFF7B8FDE78121E0DD
:10F9E000607FE18908305044294408442DE0FFE756
:10F9F000E089B4F81F102844C01B20F8031D94F8B8
:10FA00002110817009EB0800E28981B202EB080045
:10FA1000E081378071800298A0B1A01D00F06DF9DF
:10FA2000A4F80EB0A07F401CA077A07D08B1E088AC
:10FA3000A08284F816B000BFA4F812B084F817B002
:10FA400001208FE7E0892844C01B30F8031DA4F88B
:10FA50001F10807884F82100EEE710B5818800F14E
:10FA6000280321F400442344848AC288A14212D08E
:10FA7000914210D0818971B9826972B11046FFF745
:10FA8000E8FE50B91089283220F40040104419795A
:10FA90000079884201D1002010BD184610BD00F148
:10FAA0002803407F08300844C01E1060088808B949
:10FAB000DB1E136008884988084480B270472DE92E
:10FAC000F04100F12806407F1C460830904643185C
:10FAD00008884D88069ADB1EA0B1C01C80B29042F7
:10FAE00014D9801AA04200DB204687B298183A4603
:10FAF0004146FDF7F1FB002816D1E01B84B2B84463
:10FB0000002005E0ED1CADB2F61EE8E7101A80B249
:10FB10000119A94206D8304422464146BDE8F041C9
:10FB2000FDF7DABB4FF0FF3058E62DE9F04100F168
:10FB30002804407F1E460830904643180025088858
:10FB40004F88069ADB1E90B1C01C80B2904212D939
:10FB5000801AB04200DB304685B299182A464046EA
:10FB6000FDF7E7FB701B86B2A844002005E0FF1CF0
:10FB7000BFB2E41EEAE7101A80B28119B94206D872
:10FB8000211832464046FDF7D4FBA81985B2284615
:10FB900024E62DE9F04100F12804407F1E4608309C
:10FBA00090464318002508884F88069ADB1E90B1BE
:10FBB000C01C80B2904212D9801AB04200DB30469D
:10FBC00085B298182A464146FDF7B3FB701B86B2F2
:10FBD000A844002005E0FF1CBFB2E41EEAE7101AAB
:10FBE00080B28119B94206D8204432464146FDF719
:10FBF000A0FBA81985B22846F0E5401D704710B556
:10FC0000044600F12801C288808820F4004319448A
:10FC1000904206D0A28922B9228A12B9A28A9042C1
:10FC200001D1002010BD0888498831B1201D00F0A5
:10FC300064F800202082012010BD637F62880833B1
:10FC4000184481B2201DFFF781FCF2E70021C18139
:10FC500001774182C1758175704703881380C2891D
:10FC600042B1C28822F4004300F128021A440A601B
:10FC7000C08970470020704710B50446808AA0F5FF
:10FC80007F41FF3900D0FFDFE088A082E08900B12A
:10FC90000120A07510BD4FF6FF7181820021817592
:10FCA000704710B50446808AA0F57F41FF3900D126
:10FCB000FFDFA07D28B9A088A18A884201D1002059
:10FCC00010BD012010BD8188828A914201D1807DC2
:10FCD00008B1002070470120704720F4004221F451
:10FCE00000439A4207D100F4004001F400418842E9
:10FCF00001D0012070470020704730B504460088CD
:10FD00000D4620F40040A84200D2FFDF21884FF4C6
:10FD1000004088432843208030BD70B50C00054664
:10FD200009D0082C00D2FFDF1DB1A1B2286800F075
:10FD300044F8201D70BD0DB100202860002070BD6A
:10FD40000021026803E093881268194489B2002AEE
:10FD5000F9D100F032B870B500260D4604460829E6
:10FD600000D2FFDF206808B91EE0044620688188C1
:10FD7000A94202D001680029F7D181880646A9422C
:10FD800001D100680DE005F1080293B2002299420A
:10FD900009D32844491B02608180216809682160D9
:10FDA0000160206000E00026304670BD00230B603B
:10FDB0008A8002680A600160704700234360021D68
:10FDC000018102607047F0B50F46018840881546F2
:10FDD0000C181E46AC4200D3641B3044A84200D924
:10FDE000FFDFA019A84200D9FFDF3819F0BD2DE9C7
:10FDF000F041884606460188408815460C181F4683
:10FE0000AC4200D3641B3844A84200D9FFDFE0199C
:10FE1000A84200D9FFDF70883844708008EB0400E6
:10FE2000BDE8F0812DE9F041054600881E461746E1
:10FE3000841B8846BC4200D33C442C8068883044F4
:10FE4000B84200D9FFDFA019B84200D9FFDF6888A7
:10FE50003044688008EB0400E2E72DE9F0410688B1
:10FE60001D460446701980B2174688462080B84265
:10FE700001D3C01B20806088A84200D2FFDF701928
:10FE8000B84200D9FFDF6088401B608008EB0600A5
:10FE9000C6E730B50D460188CC18944200D3A41AA9
:10FEA0004088984200D8FFDF281930BD2DE9F04185
:10FEB000BF4D04469046A8780E46A04200D8FFDF0A
:10FEC00005EB8607786A50F8240000B1FFDFB868B8
:10FED000002816D0304600F032F90146B868FFF726
:10FEE0003AFF05000CD0786A072E40F8245000D362
:10FEF000FFDFB0484246294650F826302046984752
:10FF00002846BDE8F0812DE9F84305000C46009530
:10FF100024D00026E81C20F00300A84200D0FFDF18
:10FF2000DFF88C820027314688F8007088F801409D
:10FF300088F8024088F8034088F8044088F80540B3
:10FF400088F80640684600F003F900204246009910
:10FF5000C91C21F00301009116B10FE00126D9E779
:10FF600002EB80035962002106E000BFD3F824C0F1
:10FF70004CF82170491CC9B2A142F7D30099401C2A
:10FF800001EB8401C0B200910728E0D3481BBDE813
:10FF9000F88310B50446F1F774F908B1102010BDCC
:10FFA0002078834A618802EB800092780EE0436AF1
:10FFB00053F8213043B14A1C6280A180406A50F856
:10FFC0002100A060002010BD491C89B28A42EED8F1
:10FFD0006180052010BD70B505460C460846F1F756
:10FFE00050F908B1102070BD072D01D3072070BD56
:10FFF00025700020608070BD0EB56946FFF7EBFFED
:020000040001F9
:1000000000B1FFDF6846FFF7C4FF08B100200EBD56
:1000100001200EBD10B50446072800D3FFDF644859
:10002000005D10BD3EB5054600246946FFF7D3FFCD
:1000300018B1FFDF01E0641CE4B26846FFF7A9FFD6
:100040000028F8D02846FFF7E5FF001BC0B23EBDF0
:1000500057498978814201D9C0B27047FF20704763
:100060002DE9F04106291BD1514C00273B464FF6A4
:10007000FF7604EB810514F801C00AE0DC19D5F81D
:1000800024E0A4B25EF824E0BEF1000F04D05B1CB3
:100090009BB29C45F2D8344604802046B44201D13C
:1000A00000202EE7BDE8F04100E7A0F57F43FF3BCD
:1000B00001D0072901D300207047F7E6A0F57F4261
:1000C000FF3A0BD0072909D2394A9378834205D9E0
:1000D00002EB8101496A51F8200070470020704707
:1000E0002DE9F04104460D46A4F57F4143F202009C
:1000F000FF3902D0072D01D3072002E72C494FF02A
:1001000000088A78A242F8D901EB8506726A52F893
:100110002470002FF1D0274839461C3050F8252094
:1001200020469047716A284641F8248000F007F87D
:1001300002463946B068FFF739FE0020E1E61D4966
:10014000383131F810004FF6FC71C01C0840704780
:100150002DE9F843164E8846054600242868C01C41
:1001600020F0030028602046FFF7E9FF315D484397
:10017000B8F1000F01D0002200E02A680146009289
:1001800032B100274FEA0D00FFF7C7FD1FB106E0AF
:1001900001270020F8E706EB8401009A8A602968AD
:1001A000641C0844E4B22860072CD7D3EFE60000B3
:1001B000AC060020D4B1010070B50E461D461146B4
:1001C00000F0D5F804462946304600F0D9F820441E
:1001D000001D70BD2DE9F04190460D4604004FF022
:1001E000000610D00027E01C20F00300A04200D041
:1001F000FFDFE5B141460020FFF78FFD0C3000EB3B
:10020000850617B113E00127EDE7624F04F10C00FA
:10021000AA003C602572606000EB85002060002130
:100220006068FDF7B0F841463868FFF776FD304664
:10023000BDE8F0812DE9FF4F564C804681B0206823
:100240009A46934600B9FFDF2068027A424503D9F7
:10025000416851F8280020B143F2020005B0BDE822
:10026000F08F5146029800F082F886B258460E99F7
:1002700000F086F885B27019001D87B22068A1468B
:1002800039460068FFF767FD04001FD067802580AE
:100290002946201D0E9D07465A4601230095FFF76B
:1002A00077F92088314638440123029ACDF800A01E
:1002B000FFF76EF92088C1193846FFF79AF9D9F887
:1002C00000004168002041F82840C7E70420C5E746
:1002D00070B5304C0546206800B9FFDF2068017A10
:1002E000A9420ED9426852F8251051B1002342F8B4
:1002F00025304A880068FFF759FD216800200A7AF6
:1003000008E043F2020070BD4B6853F8203033B967
:10031000401CC0B28242F7D80868FFF711FD0020E8
:1003200070BD70B51B4E05460024306800B9FFDF74
:100330003068017AA94204D9406850F8250000B11C
:10034000041D204670BD70B5124E0546002430686D
:1003500000B9FFDF3068017AA94206D9406850F839
:10036000251011B131F8040B4418204670BD10B5AA
:100370000A460121FFF705F9C01C20F0030010BD5B
:1003800010B50A460121FFF7FCF8C01C20F003005D
:1003900010BD00007C00002070B50446C2F11005BD
:1003A0002819FCF7C6FF15F0FF0109D0491ECAB293
:1003B0008020A0542046BDE870400021FCF7E3BF38
:1003C00070BD30B505E05B1EDBB2CC5CD55C6C402B
:1003D000C454002BF7D130BD10B5002409E00B78D0
:1003E000521E44EA430300F8013B11F8013BD2B22C
:1003F000DC09002AF3D110BD2DE9F04389B01E4677
:10040000DDE9107990460D00044622D002460846E8
:10041000F949FEF71EFB102221463846FFF7DCFFA4
:10042000E07B000606D5F44A394610231032084610
:10043000FFF7C7FF102239464846FFF7CDFFF87B8C
:10044000000606D5EC4A4946102310320846FFF74D
:10045000B8FF102200212046FCF795FF0DE0103E6A
:10046000B6B208EB0601102322466846FFF7A9FF43
:10047000224628466946FEF7ECFA102EEFD818D02F
:10048000F2B241466846FFF787FF10234A466946A5
:1004900004A8FFF796FF1023224604A96846FFF739
:1004A00090FF224628466946FEF7D3FA09B0BDE818
:1004B000F08310233A464146EAE770B59CB01E46E9
:1004C0000546134620980C468DF808002022194650
:1004D0000DF10900FCF72DFF202221460DF1290026
:1004E000FCF727FF17A913A8CDE90001412302AAB1
:1004F00031462846FFF780FF1CB070BD2DE9FF4F45
:100500009FB014AEDDE92D5410AFBB49CDE90076A4
:10051000202320311AA8FFF76FFF4FF000088DF855
:1005200008804FF001098DF8099054F8010FCDF8BB
:100530000A00A088ADF80E0014F8010C1022C0F3D8
:1005400040008DF8100055F8010FCDF81100A88873
:10055000ADF8150015F8010C2C99C0F340008DF88A
:10056000170006A88246FCF7E4FE0AA8834610227C
:100570002299FCF7DEFEA0483523083802AA40681D
:100580008DF83C80CDE900760E901AA91F98FFF7F0
:1005900033FF8DF808808DF809902068CDF80A00A7
:1005A000A088ADF80E0014F8010C1022C0F3400032
:1005B0008DF810002868CDF81100A888ADF8150056
:1005C00015F8010C2C99C0F340008DF81700504627
:1005D000FCF7AFFE584610222299FCF7AAFE864887
:1005E0003523083802AA40688DF83C90CDE90076A2
:1005F0000E901AA92098FFF7FFFE23B0BDE8F08FF8
:10060000F0B59BB00C460546DDE922101E461746A4
:10061000DDE92032D0F801C0CDF808C0B0F805C03F
:10062000ADF80CC00078C0F340008DF80E00D1F892
:100630000100CDF80F00B1F80500ADF813000878FF
:100640001946C0F340008DF815001088ADF816006B
:1006500090788DF818000DF119001022FCF769FE52
:100660000DF1290010223146FCF763FE0DF139002F
:1006700010223946FCF75DFE17A913A8CDE9000149
:10068000412302AA21462846FFF7B6FE1BB0F0BD63
:10069000F0B5A3B017460D4604461E46102202A828
:1006A0002899FCF746FE06A820223946FCF741FEB1
:1006B0000EA820222946FCF73CFE1EA91AA8CDE967
:1006C0000001502302AA314616A8FFF795FE16989E
:1006D000206023B0F0BDF0B589B00446DDE90E0717
:1006E0000D463978109EC1F340018DF80010317825
:1006F0009446C1F340018DF801101968CDF802103D
:100700009988ADF8061099798DF808100168CDF830
:1007100009108188ADF80D1080798DF80F00102335
:100720006A46614604A8FFF74CFE2246284604A903
:10073000FEF78FF9D6F801000090B6F80500ADF885
:100740000400D7F80100CDF80600B7F80500ADF8B1
:100750000A000020039010236A46214604A8FFF7F0
:1007600030FE2246284604A9FEF773F909B0F0BD11
:100770001FB51C6800945B6801931368029352686C
:100780000392024608466946FEF763F91FBD10B59D
:1007900088B00446106804905068059000200690C8
:1007A000079008466A4604A9FEF753F9BDF8000011
:1007B000208008B010BD1FB51288ADF800201A883F
:1007C000ADF80220002201920292039202460846EE
:1007D0006946FEF73EF91FBD7FB5074B1446054637
:1007E000083B9A1C6846FFF7E6FF22466946284602
:1007F000FFF7CDFF7FBD000022B2010070B50446B7
:1008000000780E46012813D0052802D0092813D1FC
:100810000EE0A06861690578042003F07FFA052DD9
:100820000AD0782300220420616903F0CDF903E0A7
:100830000420616903F072FA31462046BDE8704039
:1008400001F08AB810B500F12D03C2799C78411DE2
:10085000144064F30102C271D2070DD04A795C7969
:1008600022404A710A791B791A400A718278C97844
:100870008A4200D9817010BD00224A71F5E74178A3
:10088000012900D00C21017070472DE9F04F93B081
:100890004FF0000B0C690D468DF820B00978012649
:1008A0000C2017464FF00D084FF0110A4FF00809C1
:1008B0001B2975D2DFE811F01B00C40207031F03D8
:1008C0005E037103A303B803F9031A0462049504D9
:1008D000A204EF042D05370555056005F30536061E
:1008E000390668068406FE062207EB06F00614B1F8
:1008F00020781D282AD0D5F808805FEA08004FD05C
:1009000001208DF82000686A02220D908DF82420C5
:100910000A208DF82500A8690A90A8880028EED042
:1009200098F8001091B10F2910D27DD2DFE801F0C4
:100930007C1349DEFCFBFAF9F8F738089CF6F50061
:1009400002282DD124B120780C2801D00026F0E314
:100950008DF82020CBE10420696A03F0DFF9A88834
:100960000728EED1204600F0F2FF022809D02046E9
:1009700000F0EDFF032807D9204600F0E8FF072824
:1009800002D20120207004E0002CB8D02078012889
:10099000D7D198F80400C11F0A2902D30A2061E0C8
:1009A000C4E1A070D8F80010E162B8F80410218604
:1009B00098F8060084F83200012028700320207087
:1009C00044E00728BDD1002C99D020780D28B8D15B
:1009D00098F8031094F82F20C1F3C000C2F3C002AE
:1009E000104201D0062000E00720890707D198F8BF
:1009F00005100142D2D198F806100142CED194F8E8
:100A0000312098F8051020EA02021142C6D194F86C
:100A1000322098F8061090430142BFD198F80400A4
:100A2000C11F0A29BAD200E008E2617D81427CD868
:100A3000D8F800106160B8F80410218198F8060019
:100A4000A072012028700E20207003208DF8200055
:100A5000686A0D9004F12D000990601D0A900F3016
:100A60000B9022E12875FCE3412891D1204600F04B
:100A70006EFF042802D1E078C00704D1204600F0C0
:100A800066FF0F2884D1A88CD5F80C8080B24FF077
:100A9000400BE669FFF745FC324641465B464E4651
:100AA000CDF80090FFF741F80B208DF82000686A20
:100AB0000D90E0690990002108A8FFF79FFE2078BB
:100AC000042806D0A07D58B1012809D003280AD0F7
:100AD0004AE305202070032028708DF82060CEE1C5
:100AE00084F800A032E712202070EAE11128BCD17E
:100AF000204600F02CFF042802D1E078C00719D06E
:100B0000204600F024FF062805D1E078C00711D167
:100B1000A07D02280ED0204608E0CCE084E072E1FF
:100B200051E124E103E1E9E019E0B0E100F00FFF59
:100B300011289AD1102208F1010104F13C00FCF7C0
:100B4000F8FB607801286ED012202070E078C00792
:100B500060D0A07D0028C8D00128C6D05AE0112856
:100B600090D1204600F0F3FE082804D0204600F083
:100B7000EEFE132886D104F16C00102208F1010169
:100B80000646FCF7D6FB207808280DD014202070EC
:100B9000E178C8070DD0A07D02280AD06278022A29
:100BA00004D00328A1D035E00920F0E708B10128DE
:100BB00037D1C80713D0A07D02281DD00020009097
:100BC000D4E9062133460EA8FFF777FC10220EA9C0
:100BD00004F13C00FCF780FBC8B1042042E7D4E9F3
:100BE0000912201D8DE8070004F12C0332460EA8DF
:100BF000616BFFF770FDE9E7606BC1F34401491ECB
:100C00000068C84000F0010040F08000D7E720787D
:100C1000092806D185F800908DF8209036E32870D9
:100C2000EFE30920FBE79EE1112899D1204600F06F
:100C30008EFE0A2802D1E078C00704D1204600F0D9
:100C400086FE15288CD104F13C00102208F1010128
:100C50000646FCF76EFB20780A2816D01620207076
:100C6000D4E90932606B611D8DE80F0004F15C036B
:100C700004F16C0247310EA8FFF7C2FC10220EA946
:100C80003046FCF729FB18B1F9E20B20207073E223
:100C90002046FFF7D7FDA078216AC0F110020B189B
:100CA00000211846FCF76FFB26E3394608A8FFF73A
:100CB000A5FD06463CE20228B7D1204600F047FEDB
:100CC000042804D3204600F042FE082809D3204619
:100CD00000F03DFE0E2829D3204600F038FE1228F1
:100CE00024D2A07D0228A0D10E208DF82000686AB1
:100CF0000D9098F801008DF82400F5E3022894D1B6
:100D0000204600F024FE002810D0204600F01FFEF0
:100D10000128F9D0204600F01AFE0C28F4D0042057
:100D20008DF8240098F801008DF8250060E2112864
:100D3000FCD1002CFAD020781728F7D16178606AAE
:100D4000022912D05FF0000101EB4101182606EBE9
:100D5000C1011022405808F10101FCF7EAFA042011
:100D6000696A00F0E7FD2670F0E50121ECE70B2849
:100D7000DCD1002CDAD020781828D7D16078616ACD
:100D800002281CD05FF0000000EB4002102000EBB6
:100D9000C2000958B8F8010008806078616A02282A
:100DA0000FD0002000EB4002142000EBC2000958D5
:100DB000404650F8032F0A604068486039E001203F
:100DC000E2E70120EEE71128B0D1002CAED0207868
:100DD0001928ABD16178606A022912D05FF0000156
:100DE00001EB41011C2202EBC1011022405808F125
:100DF0000101FCF79EFA0420696A00F09BFD1A20AD
:100E0000B6E00121ECE7082890D1002C8ED02078A4
:100E10001A288BD1606A98F80120017862F34701A3
:100E20000170616AD8F8022041F8012FB8F8060075
:100E300088800420696A00F07DFD90E2072011E6B9
:100E40003878012894D1182204F114007968FCF74D
:100E500070FAE079C10894F82F0001EAD001E07837
:100E600061F30000E070217D002974D1217803290D
:100E700009D0C00725D0032028708DF82090686A1B
:100E80000D90412008E3607DA178884201D90620B9
:100E9000E8E502262671E179204621F0E001E171C2
:100EA000617A21F0F0016172A17A21F0F001A17262
:100EB000FFF7C8FC2E708DF82090686A0D9007200F
:100EC000EAE20420ABE6387805289DD18DF82000B1
:100ED000686A0D90B8680A900720ADF824000A9857
:100EE0008DF830B06168016021898180A17A8171BB
:100EF00004202070F8E23978052985D18DF820107A
:100F0000696A0D91391D09AE0EC986E80E004121AE
:100F1000ADF824108DF830B01070A88CD7F80C8084
:100F200080B24026A769FFF70EFA41463A4633469B
:100F3000C846CDF80090FEF72CFE002108A8FFF768
:100F40005DFCE07820F03E00801CE07020780528F1
:100F500002D00F200CE04AE1A07D20B1012802D090
:100F6000032802D002E10720BEE584F80080EDE40A
:100F70002070EBE4102104F15C0002F0E8FB606BF0
:100F8000B0BBA07D18B1012801D00520FDE00620EE
:100F90002870F8486063A063C2E23878022894D1D0
:100FA000387908B12875B7E3A07D022802D003285C
:100FB00005D022E0B8680028F5D060631CE06078B6
:100FC000012806D0A07994F82E10012805D0E94810
:100FD00006E0A17994F82E00F7E7B8680028E2D07F
:100FE0006063E078C00701D0012902D0E14803E046
:100FF00003E0F8680028D6D0A06306200FE68DF83D
:101000002090696A0D91E1784846C90709D0617856
:10101000022903D1A17D29B1012903D0A17D032992
:1010200000D00720287033E138780528BBD120781C
:1010300007281ED084F800A005208DF82000686ADB
:101040000D90B8680A90ADF824A08DF830B0032157
:101050000170E178CA070FD0A27D022A1AD00021C0
:101060000091D4E9061204F15C03401CFFF725FA55
:101070006BE384F80090DFE7D4E90923211D8DE8B4
:101080000E0004F12C0304F15C02401C616BFFF7BD
:1010900022FB5AE3626BC1F34401491E1268CA4045
:1010A00002F0010141F08001DAE738780528BDD16E
:1010B0008DF82000686A0D90B8680A90ADF824A0F9
:1010C0008DF830B0042100F8011B102204F15C01FE
:1010D000FCF72FF9002108A8FFF790FB20780928DA
:1010E00001D0132044E70A2020709AE5E078C10778
:1010F00042D0A17D012902D0022927D038E06178B1
:1011000008A8012916D004F16C010091D4E9061257
:1011100004F15C03001DFFF7BBFA0A2028700326C8
:101120008DF82080686A0D90002108A8FFF766FB03
:10113000E1E2C7E204F15C010091D4E9062104F187
:101140006C03001DFFF7A4FA0026E9E7C0F3440191
:1011500014290DD24FF0006101EBB0104FEAB060DE
:10116000E0706078012801D01020BDE40620FFE681
:10117000607801283FF4B6AC0A2050E5E178C90751
:1011800008D0A17D012903D10B202870042030E074
:1011900028702EE00E2028706078616B012818D02E
:1011A00004F15C0304F16C020EA8FFF7E1FA20469B
:1011B000FFF748FBA0780EAEC0F1100230440021CA
:1011C000FCF7E1F806208DF82000686A09960D907A
:1011D0009BE004F16C0304F15C020EA8FFF7C8FA6F
:1011E000E8E73978022903D139790029D0D0297567
:1011F00092E28DF82000686A0D9056E5387807284D
:10120000F6D1D4E909216078012808D004F16C00F6
:10121000CDE90002029105D104F16C0304E004F170
:101220005C00F5E704F15C0304F14C007A680646C3
:10123000216AFFF763F96078012822D1A078216A3A
:10124000C0F110020B1800211846FCF79CF8D4E9F5
:101250000923606B04F12D018DE80F0004F15C039C
:1012600000E05BE204F16C0231460EA8FFF7C8F91A
:1012700010220EA904F13C00FCF72EF808B10B2057
:10128000ACE485F8008000BF8DF82090686A0D906E
:101290008DF824A009E538780528A9D18DF820001B
:1012A000686A0D90B8680A90ADF824A08DF830B047
:1012B00080F80080617801291AD0D4E9092104F16D
:1012C0002D03A66B03910096CDE9013204F16C0366
:1012D00004F15C0204F14C01401CFFF791F900217C
:1012E00008A8FFF78BFA6078012805D015203FE6A3
:1012F000D4E90912631DE4E70E20287006208DF85A
:101300002000686ACDF824B00D90A0788DF82800F0
:10131000CBE438780328C0D1E079C00770D00F2023
:101320002870072065E7387804286BD11422391D0E
:1013300004F11400FBF7FDFF616A208CA1F809009D
:10134000616AA078C871E179626A01F003011172E3
:10135000616A627A0A73616AA07A81F824001620B1
:101360005DE485F800A08DF82090696A50460D91E3
:1013700092E0000022B201003878052842D1B86816
:10138000A8616178606A022901D0012100E0002192
:1013900001EB4101142606EBC1014058082102F07F
:1013A000D6F96178606A022901D0012100E00021AC
:1013B00001EB410106EBC101425802A8E169FFF7C8
:1013C0000BFA6078626A022801D0012000E0002058
:1013D00000EB4001102000EBC1000223105802A9CD
:1013E0000932FEF7EEFF626AFD4B0EA80932A169D1
:1013F000FFF7E1F96178606A022904D0012103E076
:1014000044E18DE0BFE0002101EB4101182606EB2D
:10141000C101A27840580EA9FBF78BFF6178606A82
:10142000022901D0012100E0002101EB410106EB7E
:10143000C1014158A0780B18C0F1100200211846D4
:10144000FBF7A1FF05208DF82000686A0D90A869C0
:101450000A90ADF824A08DF830B0062101706278B2
:10146000616A022A01D0012200E0002202EB42025E
:1014700006EBC202401C89581022FBF75AFF0021DC
:1014800008A8FFF7BBF91220C5F818B028708DF82E
:101490002090686A0D900B208DF8240005E43878C0
:1014A000052870D18DF82000686A0D90B8680A9000
:1014B0000B20ADF824000A98072101706178626A58
:1014C000022901D0012100E0002101EB410310219C
:1014D00001EBC30151580988A0F801106178626AD4
:1014E000022902D0012101E02FE1002101EB41039B
:1014F000142101EBC30151580A6840F8032F4968D1
:10150000416059E01920287001208DF8300074E600
:10151000162028708DF830B0002108A8FFF76EF96A
:10152000032617E114202870AEE6387805282AD162
:101530008DF82000686A0D90B8680A90ADF824A074
:101540008DF830B080F800906278616A4E46022AC9
:1015500001D0012200E0002202EB42021C2303EB37
:10156000C202401C89581022FBF7E3FE002108A8A4
:10157000FFF744F9152028708DF82060686A0D90F7
:101580008DF8246039E680E0387805287DD18DF823
:101590002000686A0D90B8680A90ADF8249009217F
:1015A00001706169097849084170616951F8012F3A
:1015B000C0F802208988C18020781C28A8D1A1E722
:1015C000E078C00702D04FF0060C01E04FF0070CA6
:1015D000607802280AD000BF4FF0000000EB040141
:1015E00001F1090105D04FF0010004E04FF00100C6
:1015F000F4E74FF000000B78204413EA0C030B7063
:1016000010F8092F02EA0C02027004D14FF01B0CF3
:1016100084F800C0D2B394F801C0BCF1010F00D02F
:101620009BB990F800C0E0465FEACC7C04D028F07B
:1016300001060670102606E05FEA887C05D528F0D2
:101640000206067013262E70032694F801C0BCF122
:10165000020F00D092B991F800C05FEACC7804D0B4
:101660002CF001060E70172106E05FEA8C7805D594
:101670002CF002060E701921217000260078D0BBD4
:10168000CAB3C3BB1C20207035E012E002E03878FA
:10169000062841D11A2015E4207801283CD00C28D6
:1016A0003AD02046FFF7EBF809208DF82000686A51
:1016B0000D9031E03878052805D0062038700326D3
:1016C0001820287046E005208DF82000696A0D91E9
:1016D000B9680A910221ADF8241001218DF830106B
:1016E0000A990870287D4870394608A8FFF786F8DF
:1016F000064618202870012E0ED02BE001208DF810
:101700002000686A0D9003208DF82400287D8DF854
:10171000250085F814B012E0287D80B11D202070CE
:10172000172028708DF82090686A0D9002208DF89F
:101730002400394608A8FFF761F806460AE00CB114
:10174000FE2020709DF8200020B1002108A8FFF79E
:1017500055F80CE413B03046BDE8F08F2DE9F043A6
:1017600087B00C464E6900218DF8041001202578C1
:10177000034602274FF007094FF0050C85B1012DF4
:1017800053D0022D39D1FE2030708DF80030606AC0
:10179000059003208DF80400207E8DF8050063E09D
:1017A0002179012925D002292DD0032928D0042907
:1017B00023D1B17D022920D131780D1F042D04D30E
:1017C0000A3D032D01D31D2917D12189022914D3E4
:1017D0008DF80470237020899DF80410884201E080
:1017E0001AB2010018D208208DF80000606A059036
:1017F00057E070780128EBD0052007B0BDE8F083F2
:101800001D203070E4E771780229F5D131780C2978
:10181000F3D18DF80490DDE7083402F804CB94E8A6
:101820000B0082E80B000320E7E71578052DE4D1D3
:101830008DF800C0656A0595956802958DF81010C1
:1018400094F80480B8F1010F13D0B8F1020F2DD035
:10185000B8F1030F1CD0B8F1040FCED1ADF804706D
:101860000E202870207E687000216846FEF7C6FFB3
:101870000CE0ADF804700B202870207E002100F0F1
:101880001F0068706846FEF7B9FF37700020B4E7A4
:10189000ADF804708DF8103085F800C0207E6870B7
:1018A000277011466846FEF7A9FFA6E7ADF8049039
:1018B0002B70207F6870607F00F00100A870A07F0F
:1018C00000F01F00E870E27F2A71C0071CD094F876
:1018D000200000F00700687194F8210000F0070074
:1018E000A87100216846FEF789FF2868F062A88881
:1018F0003086A87986F83200A0694078707528791A
:10190000B0700D203070C1E7A9716971E9E700B5C9
:1019100087B004280CD101208DF800008DF8040058
:10192000002005918DF8050001466846FEF766FF28
:1019300007B000BD70B50C46054602F0EFF9214630
:101940002846BDE870407823002202F03DB908B176
:10195000007870470C20704770B50C0005784FF088
:1019600000010CD021702146F1F757FC694821781D
:10197000405D884201D1032070BD022070BDF1F7A7
:101980004CFC002070BD0279012A05D000220A70AB
:101990004B78012B02D003E0042070470A758A615E
:1019A00002799300521C0271C15003207047F0B5B8
:1019B00087B00F4605460124287905EB800050F8D2
:1019C000046C7078411E02290AD252493A460839FD
:1019D00001EB8000314650F8043C28469847044605
:1019E0000CB1012C11D12879401E10F0FF00287194
:1019F00001D00324E0E70A208DF80000706A05900A
:101A0000002101966846FFF7A7FF032CD4D007B04A
:101A10002046F0BD70B515460A46044629461046D4
:101A2000FFF7C5FF064674B12078FE280BD1207C55
:101A300030B100202870294604F10C00FFF7B7FFF1
:101A40002046FEF71CFF304670BD704770B50E464D
:101A500004467C220021FBF796FC0225012E03D0D0
:101A6000022E04D0052070BD0120607000E065707A
:101A70002046FEF704FFA575002070BD28B1027C4A
:101A80001AB10A4600F10C01C4E70120704710B5F5
:101A9000044686B0042002F041F92078FE2806D0E2
:101AA00000208DF8000069462046FFF7E7FF06B0EA
:101AB00010BD7CB50E4600218DF804104178012937
:101AC00003D0022903D0002405E0046900E0446942
:101AD0000CB1217C89B16D4601462846FFF753FFC2
:101AE000032809D1324629462046FFF793FF9DF887
:101AF0000410002900D004207CBD04F10C05EBE7A4
:101B000030B40C460146034A204630BC024B0C3A26
:101B1000FEF751BE60B201001AB2010070B50D4669
:101B2000040012D08DB1220100212846FBF72BFCC6
:101B3000102255492846FBF7FCFB53480121083881
:101B4000018044804560002070BD012070BD70B5EB
:101B50004D4E00240546083E10E07068AA7B00EB5D
:101B60000410817B914208D1C17BEA7B914204D170
:101B70000C222946FBF7B0FB30B1641C308884424C
:101B8000EBDB4FF0FF3070BD204670BD70B50D46E9
:101B9000060006D02DB1FFF7DAFF002803DB401C5A
:101BA00014E0102070BD384C083C20886288411C2D
:101BB000914201D9042070BD6168102201EB001030
:101BC0003146FBF7B6FB2088401C2080287000209F
:101BD00070BD2D480838008870472B49083908889F
:101BE000012802D0401E08800020704770B51446BE
:101BF0000D0018D0BCB10021A170022802D010281D
:101C000011D105E0288870B10121A170108008E091
:101C10002846FFF79CFF002805DB401CA070A88920
:101C20002080002070BD012070BD70B505461446AF
:101C30000E000BD000203070A878012808D005D9FC
:101C40001149A1F108010A8890420AD9012070BD0A
:101C500024B1287820702888000A5070022008706B
:101C60000FE064B14968102201EB001120461039E1
:101C7000FBF75FFB287820732888000A6073102028
:101C80003070002070BD0000880000202DE9F04178
:101C900090460C4607460025C2EB4811FE48072F28
:101CA00000EB410607D2DFE807F007070707040447
:101CB0000400012500E0FFDF06F81470002D13D0AA
:101CC000F5487C3000EB880191F827001F2803D0ED
:101CD00006EB4000447001E081F8264006EB440228
:101CE0001F20507081F82740BDE8F081F0B51F46F5
:101CF00014460E4605461F2A00D1FFDFE648C7EB13
:101D0000471100EB410CE4490CEB44007C3101EB42
:101D100087021F2E07D00CEB460140784B784870A5
:101D200018461F210AE092F82530407882F82500F5
:101D3000F6E701460CEB410005704078A142F8D16E
:101D400092F827401F2C03D00CEB4404637001E091
:101D500082F826300CEB41041F23637082F82710B1
:101D6000F0BD30B50D46CD4B44190022181A72EB68
:101D7000020100D2FFDFCA48854200DDFFDFC8480C
:101D80004042854200DAFFDFC448401C844207DA43
:101D9000002C01DB204630BDC048401C201830BD5F
:101DA000BE48C043FAE710B504460168407ABD4A10
:101DB00052F82020114450B10220084420F07F4006
:101DC000F8F759FD94F90810BDE81040C9E7042060
:101DD000F3E72DE9F047B04E7C3696F82D50DFF84A
:101DE000B89206EB850090F8264036E0C5EB451129
:101DF00009EB41074FF0070817F81400012806D037
:101E000004282ED005282ED0062800D0FFDF01F0B0
:101E100045F9014607EB4400427806EB850080F85F
:101E2000262090F82720A24202D11F2280F82720E6
:101E3000084601F03EF92A4621460120FFF726FF19
:101E40009948414600EB041002682046904796F8F6
:101E50002D5006EB850090F826401F2CC6D1BDE81A
:101E6000F087022000E003208046D0E710B58A4CBE
:101E70001F217C3484F8251084F8261084F827105C
:101E8000002084F8280084F82D0084F82E10411ECC
:101E9000A16044F8100B2074607420736073A07309
:101EA0008249E07720750870487000217A4A103C1A
:101EB00002F81100491CC9B21F29F9D30120F8F713
:101EC000CAFB0020F8F7C7FB012084F82200F9F7CD
:101ED00037F87748F9F749F8744CA41E2070754814
:101EE000F9F743F86070BDE81040F8F741BB10B552
:101EF000F8F763FB6D4CA41E2078F9F74FF8607873
:101F0000F9F74CF8BDE8104001F000B91F20704708
:101F10000020F8F779BB70B5054601240E46AC40A9
:101F20005AB1FFF7F5FF0146634800EBC500C0F862
:101F30001015C0F81465614801E06048001D046098
:101F400070BD2DE9F34F544D00247C3505EB810A1B
:101F500089B09AF825001F2823D0611E02915249AA
:101F6000009401EB0017391D03AB07C983E8070094
:101F700005F11400A0460189ADF81C10807A8DF897
:101F80001E009DF81500C8B10226464951F82040B0
:101F90000399A219114421F07F41019184B10221DA
:101FA0000FE00120F8F757FB0020F8F754FBF8F793
:101FB00022FB01F0ABF885F82F40A9E00426E4E706
:101FC00000218DF81810022801D0012820D1039893
:101FD00001190998081A801C9DF81C1020F07F40F8
:101FE00001B10221353181420BD203208DF8150059
:101FF0000398C4F13201401A20F07F40322403904C
:102000000CE095F8240018B901F063FA002863D0B9
:10201000322C03D214B101F06DF801E001F076F832
:10202000224A107818B393465278039B121B002162
:102030009DF81840994601281AD0032818D000208E
:102040008DF81E00002A04DD981A039001208DF8F7
:1020500018009DF81C0000B102210398184A20F0D6
:102060007F40039003AB099801F05CF810B110E0D9
:102070000120E5E79DF81D0018B99BF80000032832
:1020800029D08DF81C80CDF80C908DF818408DF873
:102090001E809DF8180015E0DC080020FF7F841EDC
:1020A0000020A10770B20100EC0600209A00002079
:1020B000773A0100D31D010000F0014004F5014012
:1020C000FFFF3F0058B103980123811900221846F1
:1020D000F8F714FB06E000200BB0BDE8F08F0120FC
:1020E000F8F7B9FA97F90C20012300200199F8F7C5
:1020F00005FBF87BC00701D0F8F7E9FB012085F864
:102100002F008AF8288020226946FE48FBF711F943
:102110000120E1E72DE9F05FDFF8E883064608EBF0
:10212000860090F825501F2D21D0A8F17C01C6EB28
:1021300046102C4601EB4007A1F5F879DFF8C8B34B
:1021400005E0A24607EB4A0044781F2C0AD0F8F7B6
:1021500020FB09EB04135A4601211B1D00F0E2FF8E
:102160000028EED0AC4202D0334652461EE0E7488B
:1021700008B1AFF30080F8F70CFB98F82F206AB194
:10218000D8F80C20411C891A0902CA1701EB126108
:102190000912002902DD0020BDE8F09F3146FFF75B
:1021A000D0FE08B10120F7E733462A461F2104205C
:1021B000FFF79CFDEFE72DE9F041D24C2569F8F7D8
:1021C000E8FA401B0002C11700EB1160001200D4B6
:1021D000FFDF94F8220000B1FFDF012784F82270AE
:1021E00094F82E001F2800D1FFDF94F82E601F20E6
:1021F00084F82E00002584F82F5084F8205084F8AD
:102200002150C34825600078022835D0032833D0F8
:1022100000202077A068401C05D04FF0FF30A06060
:102220000120F8F718FA0020F8F715FAF8F711FB73
:10223000F8F709FBF8F7DFF908F0C6F8B5480560CC
:1022400005604FF0E0214FF40040B846C1F880022D
:10225000F0F7B5FE94F82D703846FFF75BFF0028C5
:10226000FAD0A849C7EB47107C3901EB400010F8C1
:102270001600022802D006E00120CAE73A4631469D
:102280000620FFF703FD84F8238004EB870090F815
:1022900026001F2804D09E48801E4078F8F784FE50
:1022A000207F002803D0F8F7C4FA257765771BE56F
:1022B000944910B591F82D20924B0024C2EB4211A5
:1022C0007C3B03EB410100BF11F814302BB1641CBF
:1022D000E4B21F2CF8D31F2010BD8F4901EB04116D
:1022E00008600020C87321460120FFF7CFFC20467C
:1022F00010BD10B5012801D0032800D181B3814A57
:1023000092F82D307F4C0022C3EB43137C3C04EB4E
:10231000430300BF13F812400CB1082010BD521C3B
:10232000D2B21F2AF6D37A4A48B1022807D0072929
:1023300017D2DFE801F01606080A0C0E1000002183
:102340000AE01B2108E03A2106E0582104E0772149
:1023500002E0962100E0B52151701070002010BD00
:10236000FFE70720FBE76A4810B54078F8F783FAE3
:1023700080B2F4E710B51F2815D2624991F82D20DC
:10238000C2EB4213A1F17C0202EB430414F81030BB
:102390004BB191F82D30C3EB431302EB430212F81B
:1023A0001020012A01D00020D9E791F82D20014604
:1023B0000020FFF76BFC0120D1E710B5F8F7E9F931
:1023C000BDE81040F8F757BA2DE9F0410E464D4FE1
:1023D00001781F257C3FC3EB43130C4607EB4303F7
:1023E00003E0254603EB45046478944202D01F2C99
:1023F000F7D108E01F2C06D0A14206D103EB410122
:102400004978017007E000206EE403EB440003EB21
:10241000450140784870414F7EB127B1002140F21C
:102420002D40AFF300803078A04206D127B10021C3
:102430004FF48660AFF30080357027B1002140F281
:102440003540AFF3008001204EE410B542680B68C0
:102450009A1A1202D41702EB1462121216D4497A95
:1024600091B1427A82B92E4A006852F8211012685E
:1024700019441044001D891C081A0002C11700EB02
:1024800011600012322801DB012068E7002066E7B6
:102490002DE9F0478146204EC1EB411006F5F87159
:1024A0009846144601EB400713E000BF06EB041505
:1024B000291D4846FFF7C9FF68B988F80040A97B85
:1024C00099F80A00814201D80020C8E407EB4400D3
:1024D00044781F2CEAD10120C1E42DE9F04782465F
:1024E00008480E4600EB8600DFF82C8090F8254067
:1024F0001F201070C1EB46109946154608F5F8717B
:1025000010E0000058090020FFFF3F00000000001D
:102510009A00002000F50040EC06002000000000BA
:1025200070B2010001EB40070BE000BF08EB0410A4
:102530005146001DFFF789FF28B107EB44002C70BE
:1025400044781F2CF2D1297889F800104B46224696
:1025500031465046BDE8F0479AE72DE9FC410E466A
:1025600007460024FE4D08E09DF8000005EB001032
:102570008168384600F0EAFD01246B4601AA314625
:102580003846FFF7AAFF0028EED02046BDE8FC81C0
:1025900070B50446C0EB44110125F248A54300EB99
:1025A0004101C5EB451200EB42003E22FAF7C1FEA5
:1025B000ED4E26B100214FF49360AFF30080E9485F
:1025C0007C3000EB850100EB8400D0F82500C1F8D9
:1025D000250026B1002140F29C40AFF30080284640
:1025E00070BD8A4203D003460520FFF77FBB1F2939
:1025F00008D0DC4AC0EB401002EB400000EB410089
:1026000040787047D7497C3101EB800090F8250075
:102610007047D34901EB0010001DFFF7C4BB7CB528
:102620001D46134604460E4600F108022146184690
:10263000F8F72EF994F908000F2804DD1F382072EE
:102640002068401C206096B10220C84951F826102D
:10265000461820686946801B20F07F40206094F96E
:1026600008002844C01C1F2803DA012009E00420C8
:10267000EBE701AAF8F70CF99DF8040010B10098F7
:10268000401C00900099206831440844C01C20F090
:102690007F4060607CBDFEB50C46064609786079D7
:1026A000907220791F461546507279B12179002227
:1026B0002846A368FFF7B3FFAA4928467C3191F862
:1026C0002E201F2A0AD00969491D0DE0D4E90223F2
:1026D000217903B02846BDE8F040A0E7A449497835
:1026E000052900D20521314421F07F4100F02EFD63
:1026F00039462846FFF731FFD4E90232217968468E
:10270000FFF78DFF2B4600213046019A00F00AFDAD
:10271000002806D103B031462846BDE8F04000F05D
:1027200015BDFEBD2DE9FE4F814600F0CBFC38B152
:102730005FF0000799F8000020B10020BDE8FE8F8F
:102740000127F7E7874D884C4FF0000A7C3524B10C
:10275000002140F2FF40AFF3008095F82D8085F80E
:1027600023A0002624B1002140F20450AFF30080E2
:102770001FB94046FFF70CFF804624B1002140F20C
:102780000C50AFF30080F8F704F843466A46494618
:10279000FFF781FF24B1002140F21250AFF3008017
:1027A00095F82E001F280CD029690098401A0002C5
:1027B000C21700EB1260001203D5684600F0C6FC99
:1027C000012624B1002140F21C50AFF3008095F89F
:1027D00023000028BBD124B1002140F22250AFF3E6
:1027E0000080F7F7D6FF6B46624A002100F09AFCA2
:1027F0000028A3D027B941466846FFF7AEFE06433E
:1028000026B16846FFF7CFFAC9F8080024B10021C5
:1028100040F23550AFF3008001208FE72DE9F04FF3
:1028200089B08B46824600F04DFC4E4C7C3428B378
:102830009BF80000002710B1012800D0FFDF4A4DAF
:1028400025B1002140F2F750AFF300804449012048
:1028500001EB0A18A94607905FEA090604D0002197
:1028600040F2FF50AFF30080079800F022FC94F88C
:102870002D50002084F8230067B119E094F82E0051
:1028800001271F2800D1FFDF9BF800000028D6D0C9
:10289000FFDFD4E72846FFF77BFE054626B100217F
:1028A00040F20960AFF3008094F823000028D3D1F0
:1028B00026B1002140F21360AFF30080F7F769FF03
:1028C0002B4602AA59460790FFF7E5FE98F80F003D
:1028D0005FEA060900F001008DF8130004D0002122
:1028E00040F21D60AFF300803B462A4602A9CDF8B6
:1028F00000A0079800F035FC064604EB850090F830
:1029000028000090B9F1000F04D0002140F22460AB
:10291000AFF3008000F0C2FB0790B9F1000F04D0C4
:10292000002140F22A60AFF3008094F823000028D1
:1029300092D1B9F1000F04D0002140F23260AFF320
:1029400000800DF1080C9CE80E00C8E90112C8F8DF
:102950000C30BEB35FEA090612D000210CE0000083
:10296000EC060020DC0800200000000070B201002E
:102970009A000020FFFF3F0040F23F60AFF300806D
:102980000098B84312D094F82E001F280ED126B11B
:10299000002140F24460AFF300802846FFF7BAFB05
:1029A00020B99BF80000D8B3012849D0B9F1000F35
:1029B00004D0002140F26160AFF30080284600F0AF
:1029C00066FB01265FEA090504D0002140F26A6037
:1029D000AFF30080079800F06CFB25B1002140F2B6
:1029E0006E60AFF300808EB194F82D0004EB800090
:1029F00090F826001F2809D025B1002140F275600B
:102A0000AFF30080F9484078F8F7CEFA25B10021FD
:102A100040F27A60AFF3008009B03046BDE8F08F35
:102A2000FFE7B9F1000F04D0002140F24C60AFF392
:102A3000008094F82D2051460420FFF727F9C0E7C5
:102A4000002E3FF409AF002140F25760AFF3008041
:102A500002E72DE9F84FE64D814695F82D004FF03D
:102A60000008E44C4FF0010B474624B100214FF41D
:102A7000D160AFF30080584600F01BFB85F823704F
:102A800024B1002140F28D60AFF3008095F82D0055
:102A9000FFF77EFD064695F8230028B1002CE4D010
:102AA000002140F293604DE024B1002140F2976094
:102AB000AFF30080CE49C6EB46107C3901EB4001F4
:102AC00011F81900032856D1334605EB830A4A460C
:102AD0009AF82500904201D1012000E000200090EA
:102AE0000AF125000021FFF76FFC01460098014222
:102AF00003D001228AF82820AF77E1B324B1002166
:102B000040F29C60AFF30080324649460120FFF757
:102B1000BDF89AF828A024B1002140F2A760AFF3D5
:102B2000008000F0BBFA834624B1002140F2AC6083
:102B3000AFF3008095F8230038B1002C95D0002128
:102B40004FF4D660AFF300808FE7BAF1000F07D0E3
:102B500095F82E001F2803D13046FFF7DBFAE0B1CD
:102B600024B1002140F2C460AFF30080304600F091
:102B70008EFA4FF0010824B1002140F2CD60AFF38E
:102B80000080584600F095FA24B1002140F2D1604F
:102B9000AFF300804046BDE8F88F002CF1D0002153
:102BA00040F2BF60AFF30080E6E70120F7F72CBDED
:102BB0008E48007870472DE9F0418D4C94F82E0036
:102BC0001F2821D194F82D6004EB860797F8255033
:102BD0001F2D00D1FFDF8649C6EB46107C3901EB83
:102BE000400000EB4500407807F8250F0120F87001
:102BF00084F82300294684F82E50324602202234DD
:102C0000FFF744F8002020701EE42DE9F0417A4ED1
:102C1000774C012538B1012821D0022879D003282A
:102C20007DD0FFDF10E400F065FAFFF7C4FF207EDF
:102C300000B1FFDF84F821500020F7F70CFDA168F8
:102C4000481C04D0012300221846F7F757FD14F85A
:102C50002E0F217806EB01110A68012154E0FFF7DD
:102C6000AAFF0120F7F7F7FC94F8210050B1A06803
:102C7000401C07D014F82E0F217806EB01110A68CA
:102C8000062141E0207EDFF86481002708F1020878
:102C9000012803D002281ED0FFDFB5E7A777F7F79A
:102CA000C8FD98F80000032801D165772577607D7D
:102CB000524951F8200094F8201051B948B1616888
:102CC0000123091A00221846F7F718FD0220207682
:102CD0009AE7277698E784F8205000F00BFAA07F57
:102CE00050B198F8010061680123091A00221846C2
:102CF000F7F704FD257600E0277614F82E0F2178EB
:102D000006EB01110A680021BDE8F041104700E020
:102D100005E036480078BDE8F041F8F745B9FFF71F
:102D20004AFF14F82E0F217806EB01110A680521DD
:102D3000EAE710B52E4C94F82E001F2800D1FFDFD3
:102D400014F82E0F21782C4A02EB01110A68BDE815
:102D50001040042110477CB5254C054694F82E0000
:102D60001F2800D1FFDFA068401C00D0FFDF94F8CF
:102D70002E00214901AA01EB0010694690F90C00D0
:102D80002844F7F785FD9DF904000F2801DD012097
:102D900000E00020009908446168084420F07F4169
:102DA000A16094F82100002807D002B00123BDE8FB
:102DB000704000221846F7F7A1BC7CBD30B5104A20
:102DC0000B1A541CB3EB940F1ED3451AB5EB940F9A
:102DD0001AD3934203D9101A43185B1C14E095428E
:102DE00010D9511A0844401C43420DE098000020BD
:102DF0005809002000000000EC06002070B201001D
:102E0000FF7F841EFFDF0023184630BD0123002210
:102E100001460220F7F772BC0220F7F71CBCF7F757
:102E2000B8BC2DE9FE4FF24C05468A4694F82E00B8
:102E30001F2800D1FFDFEE4E94F82E10A04620464A
:102E4000A6F51B7202EB01141F218DF8001090F8FB
:102E50002D10376900EB8101D8F8000091F825901A
:102E6000284402AA01A90C36F7F712FD9DF90800C3
:102E7000002802DD0198401C0190A0680199642D92
:102E8000084453D3DB4B00225B1B72EB02014DD392
:102E90006168411A21F07F41B1F5800F46D220F0E0
:102EA0007F40706086F80AA098F82D1044466B4663
:102EB0004A463046FFF7ECFAB8B3A068401C10D081
:102EC000F7F767FCA168081A0002C11700EB116050
:102ED000001202282CDD0120F7F7BDFB4FF0FF3078
:102EE000A06094F82D009DF800201F210F34FFF7FB
:102EF00078FBA17FBE4AC1EB41117C3A02EB410154
:102F0000E27F01EB4201487054F80F0C284444F86A
:102F10000F0C012020759DF800001F2803D0B64833
:102F20004078F8F741F8012008E401E0002005E4CA
:102F30007760FBE72DE9F047AD4C074694F82D008C
:102F4000A4F17C06C0EB401006EB400010F817001F
:102F500000B9FFDF94F82D50A046A84C24B1002101
:102F600040F6E800AFF30080C5EB451040F6F409E9
:102F700040F6FD0A06EB400616F81700012819D0A6
:102F8000042811D005280FD006280DD01CB100212F
:102F90004846AFF3008007F0EBFE002CECD0002198
:102FA0005046AFF30080E7E72A4639460120FEF796
:102FB0006DFEF2E74FF0010A4FF00009454624B1DB
:102FC000002140F60410AFF30080504600F071F885
:102FD00085F8239024B1002140F60910AFF300805A
:102FE00095F82D00FFF7D4FA064695F8230028B18E
:102FF000002CE4D0002140F60F101FE024B1002186
:1030000040F61310AFF3008005EB860000F12701B6
:1030100033463A462630FFF7D7F924B1002140F66F
:103020001710AFF3008000F039F8824695F82300BE
:1030300038B1002CC3D0002140F61D10AFF3008042
:10304000BDE785F82D60012085F82300504600F08B
:1030500030F8002C04D0002140F62A10AFF3008095
:10306000BDE8F08730B5044661480D4690F82D0064
:103070005F49C0EB40107C3901EB400010F81400B0
:1030800000B9FFDF5E4800EB0410C57330BD58493E
:1030900081F82D00012081F82300704710B55948B0
:1030A00008B1AFF30080EFF3108000F0010072B6BA
:1030B00010BD10B5002804D1534808B1AFF300800B
:1030C00062B610BD51480068C005C00D10D0103860
:1030D00040B2002804DB00F1E02090F8000405E095
:1030E00000F00F0000F1E02090F8140D4009704747
:1030F0000820704710B53E4C94F82400002804D1F5
:10310000F7F746FC012084F8240010BD10B5384CB8
:1031100094F82400002804D0F7F763FC002084F81A
:10312000240010BD10B51C685B68241A181A24F01E
:103130007F4420F07F40A14206D8B4F5800F03D22F
:10314000904201D8012010BD002010BDD0E900320E
:10315000D21A21F07F43114421F07F41C0E90031B0
:1031600070472DE9FC418446214815460F46C2EBC5
:1031700045117C38089C00EB410616F81400012824
:1031800004D0022802D00020BDE8FC813B46204A42
:1031900001216046FFF7C6FFF0B101AB6A46294640
:1031A0003846FFF79AF9B8B19DF804209DF8001051
:1031B0002846FFF716FA06EB440148709DF8000018
:1031C0001F280DD006EB400044702A4621460320FC
:1031D000FEF75CFD0120D7E72A4621460420F7E7E9
:1031E0000348012100EB850000F8254FC170ECE792
:1031F00058090020FF1FA1079800002000000000D0
:10320000EC060020000000000000000004ED00E0DB
:10321000FFFF3F002DE9F041044680074FF0000515
:103220004FF001060CD56B480560066000F0DEF932
:1032300020B16948016841F48061016024F0020412
:10324000E0044FF0FF3705D564484660C0F80873C6
:1032500024F48054600003D56148056024F0804464
:10326000E0050FD55F48C0F80052C0F808735E490A
:103270000D60091D0D605C4A04210C32116006616D
:1032800024F48074A00409D558484660C0F8005260
:10329000C0F808735648056024F40054C4F3803025
:1032A000C4F3C031884200D0FFDF14F4404F14D083
:1032B00050484660C0F808734F488660C0F8005216
:1032C000C0F808734D490D600A1D16608660C0F88D
:1032D00008730D60166024F4404420050AD5484860
:1032E00046608660C0F80873C0F8487345480560BA
:1032F00024F4006407F042F84348044200D0FFDFA2
:10330000BDE8F081F0B50022202501234FEA020438
:1033100020FA02F1C9072DD051B2002910DB00BFFD
:103320004FEA51174FEA870701F01F0607F1E02720
:1033300003FA06F6C7F88061BFF34F8FBFF36F8FB4
:103340000CDB00BF4FEA51174FEA870701F01F0659
:1033500007F1E02703FA06F6C7F8806204DB01F103
:10336000E02181F8004405E001F00F0101F1E021C6
:1033700081F8144D02F10102AA42C9D3F0BD10B583
:10338000224C20600846F7F71CFC2068FFF742FF3C
:103390002068FFF7B7FF06F031FC00F088F906F06F
:1033A000EDFF06F02CFFF7F7CBFDBDE8104006F06F
:1033B000D9BC10B5154C2068FFF72CFF2068FFF72B
:1033C000A1FF06F0DBFFF7F7FBFC0020206010BD3B
:1033D0000A207047FC1F00403C17004000C000401E
:1033E00004E50140008000400485004000D000401A
:1033F00004D5004000E0004000F0004000F500402F
:1034000000B0004008B50040FEFF0FFD9C0000200A
:1034100070B526490A680AB30022154601244B6894
:103420005B1C4B600C2B00D34D600E7904FA06F345
:103430000E681E420FD0EFF3108212F0010272B636
:1034400000D001220C689C430C6002B962B6496846
:103450000160002070BD521C0C2AE0D3052070BD15
:103460004FF0E0214FF48000C1F800027047EFF305
:10347000108111F0010F72B64FF0010202FA00F252
:103480000A48036842EA0302026000D162B6E7E735
:1034900006480021016041607047012181400348D6
:1034A0000068084000D0012070470000A000002004
:1034B00001208107086070470121880741600021D1
:1034C000C0F80011184801707047174901200870B2
:1034D00070474FF08040D0F80001012803D0124817
:1034E0000078002800D00120704710480068C0070D
:1034F00000D0012070470D480C300068C00700D094
:10350000012070470948143000687047074910319E
:103510000A68D20306D5096801F00301814201D18E
:103520000120704700207047A800002008040040D8
:103530004FF08050D0F830010A2801D000207047A9
:103540000120704700B5FFF7F3FF20B14FF0805026
:10355000D0F8340108B1002000BD012000BD4FF0BB
:103560008050D0F83001062803D0401C01D0002044
:103570007047012070474FF08050D0F830010D287F
:1035800001D000207047012070474FF08050D0F8E4
:103590003001082801D000207047012070474FF00B
:1035A0008050D0F83001102801D000207047012051
:1035B000704700B5FFF7F3FF30B9FFF7DCFF18B92C
:1035C000FFF7E3FF002800D0012000BD00B5FFF7A2
:1035D000C6FF38B14FF08050D0F83401062803D32D
:1035E000401C01D0002000BD012000BD00B5FFF748
:1035F000B6FF48B14FF08050D0F83401062803D30D
:10360000401C01D0012000BD002000BD0021017040
:10361000084670470146002008707047EFF310819C
:1036200001F0010172B60278012A01D0012200E006
:1036300000220123037001B962B60AB1002070476D
:103640004FF400507047E9E7EFF3108111F0010FDC
:1036500072B64FF00002027000D162B600207047CF
:10366000F2E700002DE9F04115460E46044600271A
:1036700000F0EBF8A84215D3002341200FE000BF73
:1036800094F84220A25CF25494F84210491CB1FB19
:10369000F0F200FB12115B1C84F84210DBB2AB426B
:1036A000EED3012700F0DDF83846BDE8F08172491D
:1036B00010B5802081F800047049002081F8420094
:1036C00081F84100433181F8420081F841004331E3
:1036D00081F8420081F841006948FFF797FF684888
:1036E000401CFFF793FFF7F7B3FBBDE8104000F075
:1036F000B8B840207047614800F0A7B80A460146B4
:103700005E48AFE7402070475C48433000F09DB80A
:103710000A46014659484330A4E740210170002081
:10372000704710B504465548863000F08EF820707A
:10373000002010BD0A460146504810B58630FFF7FC
:1037400091FF08B1002010BD42F2070010BD70B516
:103750000C460646412900D9FFDF4A480068103868
:1037600040B200F054F8C5B20D2000F050F8C0B2DD
:10377000854201D3012504E0002502E00DB1F7F7F1
:10378000AAFB224631463D48FFF76CFF0028F5D0E2
:1037900070BD2DE9F0413A4F0025064617F10407A8
:1037A00057F82540204600F041F810B36D1CEDB2EB
:1037B000032DF5D33148433000F038F8002825D0E8
:1037C0002E4800F033F8002820D02C48863000F036
:1037D0002DF800281AD0F7F754FB2948FFF71EFFF1
:1037E000B0F5005F00D0FFDFBDE8F0412448FFF7EF
:1037F0002BBF94F841004121265414F8410F401C7E
:10380000B0FBF1F201FB12002070D3E74DE7002876
:1038100004DB00F1E02090F8000405E000F00F0068
:1038200000F1E02090F8140D4009704710F8411F96
:103830004122491CB1FBF2F302FB13114078814293
:1038400001D1012070470020704710F8411F4078D7
:10385000814201D3081A02E0C0F141000844C0B21D
:10386000704710B50648FFF7D9FE002803D1BDE820
:103870001040F7F7F1BA10BD0DE000E08809002014
:10388000AC00002004ED00E070B5154D2878401C18
:10389000C4B26878844202D000F0DBFA2C7070BDAC
:1038A0002DE9F0410E4C4FF0E02600BF00F0C6FAC3
:1038B00007F05EFA40BF20BF677820786070D6F8C6
:1038C0000052EDF759FD854305D1D6F8040210B931
:1038D0002078B842EAD000F0ACFA0020BDE8F081D0
:1038E000BC0000202DE9F04101264FF0E022310319
:1038F0004FF000084046C2F88011BFF34F8FBFF36E
:103900006F8F204CC4F800010C2000F02EF81E4DE3
:103910002868C04340F30017286840F01000286072
:10392000C4F8046326607F1C02E000BF07F020FAA1
:10393000D4F800010028F9D01FB9286820F0100041
:103940002860124805686660C4F80863C4F80081FE
:103950000C2000F00AF82846BDE8F08110B50446B6
:10396000FFF7C0FF2060002010BD002809DB00F039
:103970001F02012191404009800000F1E020C0F8C1
:103980008012704700C0004010ED00E008C5004004
:103990002DE9F047FF4C0646FF21A06800EB061218
:1039A00011702178FF2910D04FF0080909EB01119F
:1039B00009EB06174158C05900F0F4F9002807DD5B
:1039C000A168207801EB061108702670BDE8F08729
:1039D00094F8008045460DE0A06809EB05114158B8
:1039E000C05900F0DFF9002806DCA068A84600EB0B
:1039F00008100578FF2DEFD1A06800EB061100EB51
:103A000008100D700670E1E7F0B5E24B04460020A7
:103A100001259A680C269B780CE000BF05EB001787
:103A2000D75DA74204D106EB0017D7598F4204D0C7
:103A3000401CC0B28342F1D8FF20F0BD70B5FFF743
:103A4000EEF9D44C08252278A16805EB02128958BA
:103A500000F0A8F9012808DD2178A06805EB011124
:103A60004058BDE87040FFF7D1B9FFF7A1F8BDE8B5
:103A70007040F7F799BA2DE9F041C64C2578FFF769
:103A8000CEF9FF2D6ED04FF00808A26808EB05169E
:103A9000915900F087F90228A06801DD80595DE0A6
:103AA00000EB051109782170022101EB0511425C40
:103AB0005AB1521E4254815901F5800121F07F41D3
:103AC00081512846FFF764FF34E00423012203EB11
:103AD000051302EB051250F803C0875CBCF1000F20
:103AE00010D0BCF5007F10D9CCF3080250F806C006
:103AF0000CEB423C2CF07F4C40F806C0C3589A1A9D
:103B0000520A09E0FF2181540AE0825902EB4C324B
:103B100022F07F428251002242542846FFF738FFAC
:103B20000C21A06801EB05114158E06850F82720EE
:103B3000384690472078FF2814D0FFF770F9227894
:103B4000A16808EB02124546895800F02BF90128BC
:103B500093DD2178A06805EB01114058BDE8F041E4
:103B6000FFF754B9BDE8F081F0B51D4614460E4686
:103B70000746FF2B00D3FFDFA00700D0FFDF8548FB
:103B8000FF210022C0E90247C57006710170427032
:103B900082701046012204E002EB0013401CE15445
:103BA000C0B2A842F8D3F0BD70B57A4C064665782D
:103BB0002079854200D3FFDFE06840F82560607817
:103BC000401C6070284670BD2DE9FF5F1D468B4686
:103BD0000746FF24FFF723F9DFF8B891064699F866
:103BE0000100B84200D8FFDF00214FF001084FF07C
:103BF0000C0A99F80220D9F808000EE008EB01132E
:103C0000C35CFF2B0ED0BB4205D10AEB011350F869
:103C100003C0DC450CD0491CC9B28A42EED8FF2C47
:103C200002D00DE00C46F6E799F803108A4203D162
:103C3000FF2004B0BDE8F09F1446521C89F8022012
:103C400008EB04110AEB0412475440F802B00421B7
:103C5000029B0022012B01EB04110CD040F8012043
:103C60004FF4007808234FF0020C454513D9E905BD
:103C7000C90D02D002E04550F2E7414606EB413261
:103C800003EB041322F07F42C250691A0CEB0412BA
:103C9000490A81540BE005B9012506EB453103EBD8
:103CA000041321F07F41C1500CEB0411425499F8E8
:103CB00000502046FFF76CFE99F80000A84201D0A2
:103CC000FFF7BCFE3846B4E770B50C460546FFF773
:103CD000A6F8064621462846FFF796FE0446FF282A
:103CE0001AD02C4D082101EB0411A8684158304628
:103CF00000F058F800F58050C11700EBD140401398
:103D00000221AA6801EB0411515C09B100EB4120CA
:103D1000002800DC012070BD002070BD2DE9F047B7
:103D200088468146FFF770FE0746FF281BD0194DD5
:103D30002E78A8683146344605E0BC4206D02646B7
:103D400000EB06121478FF2CF7D10CE0FF2C0AD000
:103D5000A6420CD100EB011000782870FF2804D097
:103D6000FFF76CFE03E0002030E6FFF755F8414610
:103D70004846FFF7A9FF0123A968024603EB041395
:103D8000FF20C854A878401EB84200D1A87001EBAB
:103D9000041001E0540A002001EB061100780870BD
:103DA000104613E6081A0002C11700EB116000125A
:103DB0007047000010B5202000F07FF8202000F0B0
:103DC0008DF84D49202081F80004EDF7D3FA4B49D6
:103DD00008604B48D0F8041341F00101C0F8041307
:103DE000D0F8041341F08071C0F804134249012057
:103DF0001C39C1F8000110BD10B5202000F05DF89D
:103E00003E480021C8380160001D01603D4A481E3F
:103E100010603B4AC2F80803384B1960C2F8000131
:103E2000C2F8600138490860BDE81040202000F069
:103E300055B834493548091F08607047314933483F
:103E4000086070472D48C8380160001D521E02608E
:103E500070472C4901200860BFF34F8F70472DE950
:103E6000F0412849D0F8188028480860244CD4F83C
:103E700000010025244E6F1E28B14046EDF7D4F90D
:103E800040B9002111E0D4F8600198B14046EDF747
:103E9000CBF948B1C4F80051C4F860513760BDE8AF
:103EA000F041202000F01AB831684046BDE8F041EA
:103EB00006F068BFFFDFBDE8F08100280DDB00F0F1
:103EC0001F02012191404009800000F1E020C0F86C
:103ED0008011BFF34F8FBFF36F8F7047002809DB4E
:103EE00000F01F02012191404009800000F1E02014
:103EF000C0F880127047000020E000E0C8060240D1
:103F000000000240180502400004024001000001C8
:103F1000454800210170417010218170704770B5D3
:103F2000054616460C460220F3F7F2FB3E490120F7
:103F3000F61E08703D4806603C4808380560001FC2
:103F4000046070BD10B50220F3F7E2FB3649012092
:103F5000087000F051F836494FF40000086010BDB9
:103F600010B5314C207888B131494FF40000091D5B
:103F7000086000F04AF8002120B1012060702D484F
:103F8000006801E061701020A0702170BDE8104051
:103F90000020F3F7BDBB244810B5017859B126487D
:103FA000D0F8000128B100F030F8002800D001203E
:103FB00010BD022010BD407810BD10B5C824641E8D
:103FC000E4B2FFF7E8FF022803D0012800D0002068
:103FD00010BD002CF3D1FFDFF9E7134810B50178CD
:103FE00041B100F012F818B112480068C0B210BD1B
:103FF000102010BD807810BD0F480021C0F80011BE
:10400000C0F80411C0F8081170470B48D0F800112F
:1040100029B1D0F8041111B1D0F8080108B100207D
:104020007047012070470000BE00002010F50040DE
:1040300004F5014000F4004000F000404748002132
:1040400001704170704770B5064614460D46012058
:10405000F3F75EFB42480660001D0460001D05602A
:1040600070BD70B53D4901250D7040EA02413C4AE2
:1040700041F08071121F11603A4C0026C4F80461AF
:10408000394A4FF04071116058B1012800D0FFDF6C
:10409000C4F80062256034494FF00070091F0860C1
:1040A00070BDC4F80052256070BD2C48017871B114
:1040B0002D4A4FF0407111602A49D1F804210021A6
:1040C0001AB12A4A1268427000E041700170002063
:1040D000F3F71EBB2148017841B12248D0F8040112
:1040E000002802D021480068C0B27047407870476D
:1040F0002DE9F04700282AD01848007800B9FFDFE2
:10410000184DD5F80401002821D10227C5F8047301
:10411000174C2068C04340F30016206840F01000A0
:1041200020604FF400484FF0E029761C04E000BF07
:10413000C9F8808206F01CFED5F804010028F7D0EB
:104140001EB9206820F010002060C5F80873BDE893
:10415000F08704490120886070470000C1000020FA
:1041600008F5004000F0004008F5014000F4004070
:1041700010ED00E010B541F6A474012802D0022829
:1041800002D0FFDF204610BD41F2883010BD38B5A7
:10419000FE4D0024C5F80041C5F80C41C5F810419A
:1041A000C5F80441C5F81441C5F81841FFF70EFAE7
:1041B00008B1C5F82841F6480068009038BD70B5D0
:1041C000F44D00246C702C7000F0D2FD85F8254071
:1041D000EC620922002105F11800AC63F9F7D3F86D
:1041E000ED49601E0860091D0860091D0C60091D6D
:1041F0000860091D0C60091D0860091D0860091D83
:104200000860091D0860091D0860091D0860091D76
:104210000860091D0860091D086070BDDF4800B511
:10422000016801F00F01032905D0006800F00F00BC
:10423000042802D0FFDF012000BD022000BD00B530
:10424000012802D0022800D0FFDF002000BD00B509
:10425000012802D0022802D0FFDF282000BD18204C
:1042600000BD10B5CB4902681839CA4C0A634268D0
:104270004A63007A81F83800207E50B1207FF9F738
:10428000C0F8A07E08B1012100E00021207FF9F7ED
:10429000ADF8607E00280CD0607FF9F7B2F8E07EC0
:1042A00008B1012100E00021607FBDE81040F9F76E
:1042B0009DB810BD00F063BD10B500F060FDB348BF
:1042C000D0F80001002800D0FFDF10BD70B501203C
:1042D00000F030FDB2480025056001260660FFF7BA
:1042E00085F9B04C18B1206840F480602060FFF779
:1042F00036F928B12068AC4920F0770008432060E7
:10430000FFF764F938B1A748001D016821F47F4127
:1043100041F4B0510160A349A4483C310860FFF763
:1043200055F99C4C60B19D490220503184F8210020
:104330000860A0499E48086095481030091F086031
:104340004FF01020806C411C05D094497C310A68E4
:1043500060F317420A60914940F25B6028310860BF
:10436000091F40F203100860081F06608B490320F4
:1043700008608C48EC38066094F8211011B14FF4B5
:10438000C02100E08C498B4A41F46021943A1160CD
:104390008749884A091F083211607D490839121F70
:1043A0001160016821F440710160016841F480717D
:1043B0000160012000F0CFFC74491020C1F8040313
:1043C00084F83150E56270BD76483830016821F0DC
:1043D000010141F08071016070476E4A0368183A2C
:1043E000C2F81A308088D0836A48017270476948E1
:1043F00090F825007047674A517010707047F0B50B
:104400000546840061488B882044C0F820360B782C
:10441000D1F8011043EA0121C0F8001605F10800A7
:104420000127604C07FA00F6FC3C52B1012A00D08B
:10443000FFDF2068304320602068AF4038432060B1
:10444000F0BD2068B043F6E706F0E8B8514890F8B0
:1044500032007047514AC1781432116000684F49E8
:1044600000020C3108607047252807D0262807D0A5
:10447000272807D00A2807D8042206E0022107E0EF
:104480001A2105E0502103E0062202EB4001C9B2E7
:10449000424A083A116041494431086070473D483A
:1044A000817A012917D0022914D1417E002911D027
:1044B000827F0121C37F01FA02F299400A433D49FC
:1044C00094390A6090F820003C4A002102EB8000F9
:1044D000C0F810157047017EE8E72DE9F0472D4C34
:1044E000A17A01290BD0022975D1627E002A72D0EF
:1044F000012906D0677FE17E59B101260AE0227EBC
:10450000F4E7277FA17E09B1012600E000261121F2
:1045100001E000262421DFF898804FF0010AA8F17D
:104520004408C8F84CA0DFF898904518D9F8000066
:10453000A84200D3FFDF0021C8F84C11C9F8005091
:10454000380286F0010140EA015040F0031294F86D
:1045500020101A4800EB8103C3F8102500EB8101FD
:10456000A27F184800EBC203C3F81415164DC3F818
:104570001055E37F00EBC300C0F814150449083957
:10458000C0F810150AFA02F120E024E00010004003
:10459000181100407C0A0020000E00401015004059
:1045A000FC1F00403C170040880000802C00008960
:1045B000448000409CF5014000000404006000407D
:1045C0004C85004000F001404C8100400AFA03F0A5
:1045D0000143F9480160BDE8F0872DE9F0410E463E
:1045E000F64907460320C1F80002F54C94F8210073
:1045F00010B14FF4C02000E0F248EF4D2860304683
:1046000006F036F817B1012F0FD017E0FEF7DEFFE6
:1046100010B1304600F0C9FB0120A072A06B40F43D
:104620008010A0634FF4801007E00220A072A06BFE
:1046300040F40010A0634FF400102860F6F744F92E
:104640003146BDE8F04148E72DE9F05FDB4C074615
:1046500003200E469346C4F80002D94D95F8210078
:1046600010B14FF4C02100E0D649DFF84C93C9F8EF
:104670000010104605F0FCFFDFF83C834FF0010A04
:1046800008F1A808A7B3012F3ED0FFDFCE4806608F
:10469000C949CE48A4310860A86B40F40020A86343
:1046A000D4F800721025C4F808530020C4F80002A2
:1046B000C1494FF48028091DC1F8008004F5007439
:1046C000FFF765FD2760C9F80080C4F80451E903CD
:1046D000C9F80010BE49C1F84CA0BB48001D0068D5
:1046E000B04200D3FFDF59463046BDE8F05FF4E644
:1046F000FFE7FEF76BFF10B1584600F056FBC8F815
:10470000004085F80AA0C1E7AC49091DC8F80010AF
:104710000220A872BAE72DE9F041A94C064690465E
:1047200094F831000F46002500B9FFDF16B1012EC5
:1047300012D01DE094F83100012806D094F8302002
:104740004146384605F0A2FF10E094F8301042468A
:10475000384605F0DCFF09E094F8310094F8301099
:1047600001284246384609D005F0F8FFE16A4518AD
:10477000424629463046BDE8F04165E705F0A8FF0E
:10478000F4E708B5FF208DF800008C480021C0F840
:1047900010110121016104E09DF80010491E8DF8FF
:1047A00000109DF8001019B1D0F810110029F3D0B5
:1047B0009DF80000002800D1FFDF08BD2DE9F04181
:1047C0007E4CD4F8000220F00307D4F804034FF025
:1047D0001008C0F30016C4F808830025C4F800527E
:1047E000774890F8210010B14FF4C02000E07548E0
:1047F000714940F46020091D0860FFF750FEFFF783
:10480000C0FFC4F81051FEF7E1FE08B1C4F828510A
:1048100000F0AEFAC4F80072002E01D0C4F8048390
:10482000BDE8F081ADE700686A4920F07F4008608C
:10483000704710B5012000F07DFABDE8104001205E
:1048400000F089BA01465E4818221838F8F771BDA1
:104850004FF0E0210220C1F8000170475E49087066
:1048600070475C4938390860704770B50546F6F7FF
:104870002BF8534C2844E16A884200D8FFDF01201E
:104880002074F6F721F82844606194F8211041B1B2
:10489000084460614948D0F8001241F04001C0F876
:1048A00000124B490020C1F8440147496069091FC3
:1048B0000860BDE8704000F0A2BA70B5404C0646F2
:1048C00002200D462074FFF7A9FC024694F831003F
:1048D00094F8301001281BD0304605F081FF60614C
:1048E00094F8210048B16169084460613348D0F808
:1048F000001241F04001C0F8001235490020C1F813
:1049000044016169E06A08442F49091F086070BDCD
:104910002B46304605F037FFE1E727494FF480008A
:10492000091D08602648816B21F480018163002104
:10493000017470472A4A10B502EBC002274BC2F837
:104940001035C2F81415012181401B4801601C4834
:10495000826B0A43826310BD1D4801214160C16022
:104960000021C0F844111848001F01601448C162BA
:10497000704710B50446FEF729FE10B1104880F8C4
:1049800021401448243004600C48D0F8001241F053
:104990004001C0F8001210BD084810B5D0F8001250
:1049A00021F04001C0F80012FEF710FE0949243141
:1049B00000B10220086010BD04F501400010004065
:1049C0007C0A002000000404488500404881004023
:1049D000008000403C150040C3000020041100404E
:1049E00000F00140F948D0F8001221F01001C0F8A1
:1049F0000012012181617047F4480021C0F81C11A8
:104A0000D0F8001241F01001C0F800127047EF49D1
:104A100008B5D1F81C21012A01D0002008BDEC4ABC
:104A2000126802F07F02524202700020C1F81C019D
:104A3000E84800680090012008BDF0B517460C005A
:104A4000064600D1FFDFE44DE0072F7302D0012CB2
:104A500000D0FFDF46B102206872EC72012802D05C
:104A6000022800D0FFDFF0BD0120F5E770B5DA4C79
:104A70000021E27A930703D5830701D5430713D4B6
:104A8000D30605D594F8333013B194F835305BB1C3
:104A9000130702D594F8243033B9520702D594F89D
:104AA00025200AB1C00700D00121607A012518B184
:104AB000A1B1BDE8704081E694F8210010B14FF437
:104AC000C02000E0C548C6490860C048D0F80012C0
:104AD00021F00301C0F80012E57270BD012803D077
:104AE000022808D0FFDF70BD00F042F9A5729621C0
:104AF000227B002006E000F03BF90220A072227B1E
:104B000096210120BDE8704005E62DE9F05FDFF851
:104B1000D4B29BF80000042800D3FFDFB248D0F8DD
:104B20004C0108B1FFF7BBFCAB4CAD49A06B086072
:104B30004FF00008C4F8388000F06BF9DFF8AC9251
:104B40000546D9F80010A16294F8210008B1081AAE
:104B5000A062A648001F0068E062FFF75FFB84F8D0
:104B60003000A07ADFF868A2012184F83100AAF1B0
:104B7000440A022808D1607830B1DAF800201278AF
:104B800002402078904310D084F82480924EA807E9
:104B9000A6F1180605D5F5F797FEA16A081A31693E
:104BA0008847E80704D0002709E084F82410EDE7DF
:104BB000A80701D5012702E0280707D50227F5F746
:104BC00083FEE16A7269081A394690479BF8000033
:104BD000C0071CD1DAF800005746007800F00F003B
:104BE000072812D239680622A01C0931F8F774FB95
:104BF00038B9207A39680978B0EBD11F01D101208A
:104C000000E0002084F8250001E084F82580284693
:104C1000FFF72CFFE80701D030682FE0A80726D562
:104C200068071ED4FEF7D2FCD8B9FEF7DFFCC0B986
:104C30006748F4380168001F0068C0F3425CC0F3A5
:104C4000006700F00F03C0F30312C0F3032047B165
:104C50000BB102B128B921B1BCF1030F01D245F06B
:104C6000040545F380007168401C884709E0280767
:104C700001D5B06802E0E80602D5F068804700E0A0
:104C8000FFDFA07A02281BD1207C002818D0564ACA
:104C9000C2F8448102280FD0012800D0FFDFE16A6A
:104CA0006069884200D8FFDFD4F81410C9F80010FA
:104CB000BDE8F05F00F0A3B86169E06A0144F5E780
:104CC000BDE8F09F70B5054641F2643441F66A06CE
:104CD000022806D0012D12D0022D0CD0FFDF304665
:104CE00070BDFEF72FFC0028F6D1FEF738FC002837
:104CF000F2D141F6583441F29A00204470BD42F698
:104D0000CE3070BD324808300168032904D00068F5
:104D1000022801D000207047012070472C4808303D
:104D200001680B2904D000680A2801D000207047D0
:104D30000120704700280DDB00F01F020121914087
:104D40004009800000F1E020C0F88011BFF34F8FD0
:104D5000BFF36F8F7047002809DB00F01F020121AD
:104D600091404009800000F1E020C0F880127047B7
:104D700019480021417281720121C172704730B51A
:104D800000240546012902D002290BD0FFDF184874
:104D900004430F4834380460164805430C48303843
:104DA000056030BD4FF08074F1E7094A4032116868
:104DB00053060228D3F820031ED0C0F3062000BFFC
:104DC00021F4FE4141EA00201060704700100040CD
:104DD000481500401C1100407C0A0020000004041B
:104DE00008F50140C30000200080004044850040D9
:104DF0000801100000000302C0F30660E0E7354838
:104E0000816B41F48001816333494FF48000086075
:104E1000DBE7F8B52F4C314E0020217C19B1D6F8D4
:104E20004411012907D00023A27A2D49012A04D078
:104E3000022A0AD019E00123F6E7D1F80C01012873
:104E400001D0002011E008200FE0D1F80C0101286A
:104E500006D0002223480068012803D0042002E085
:104E60000222F7E7002010431843D1F81021012A4D
:104E70002ED0002505431C48026812F0FF0F03D016
:104E8000D1F81421012A00D0002284F832200068D1
:104E900010F0FF0F03D0D1F81801012800D0002036
:104EA00084F833000F481030006884F83400FFF7AE
:104EB00072F8012800D0002084F83500FFF767F968
:104EC0000020C6F844010948006800902846F8BD53
:104ED0001025CFE77C0A002004F501400080004047
:104EE0000010004000140040401600404481004083
:104EF00010B5444822220021F8F745FA4148002421
:104F0000017821F010010170012104F04DFC3D49B0
:104F10004FF6FF70263981F8224088843A4908808C
:104F2000488010BDE4E7704700F05FB83549016084
:104F30007047354908807047324926398A8CA2F576
:104F40007F43FF3B02D00021016008E091F822205E
:104F50002C492639012A02D0016001207047002027
:104F600070472848263810F8221F012908D001214F
:104F7000017025482349263900888884012070471C
:104F8000002070472049488070471E491E4B263933
:104F90008A8C5B889A4205D191F8222012B1016077
:104FA00001207047002070471648174A2638818C28
:104FB0005288914209D14FF6FF71818410F8221F67
:104FC00019B10021017001207047002070470D4881
:104FD0000D4A2638818C5288914204D190F82200E3
:104FE00008B10020704701207047064926398A8C95
:104FF000824205D1002081F822004FF6FF7088849C
:1050000070470000DE0A0020C400002070473D4ABF
:10501000012338B1012804D1137008689060888892
:105020009081704753700868C2F802008888D08069
:105030007047344A10B1012807D00EE0507860B1B3
:10504000D2F802000860D08804E0107828B1906897
:1050500008609089888001207047002070472949A6
:1050600010B1012802D005E0487800E0087808B1C6
:10507000012070470020704730B50C4605468DB0C2
:105080004FF0030104F1030012B1FEF741FB01E010
:10509000FEF75DFB60790D2220F0C00040F040007B
:1050A0006071002104A8F8F76EF9E0788DF81F0010
:1050B00020798DF81E0060798DF81D001022294698
:1050C0006846F8F736F9684604F036FE9DF82F007A
:1050D00020709DF82E0060709DF82D00A0700DB01E
:1050E00030BD10B5002904464FF0060102D0FEF78E
:1050F0000FFB01E0FEF72BFB607920F0C000607130
:1051000010BD0000C8000020FE48406870472DE92F
:10511000F0410E46074601461446012004F011FDF9
:10512000054697F86500FFF725F84AF2B1210844D3
:105130004FF47A71B0FBF1F1788840F2712250435C
:10514000C1EB4000041BA4F2663402F0BBFD00B1C9
:105150001E3CAE4201D2284600E03046A04204D2B6
:10516000AE4201D22C4600E034467C62BDE8F081BC
:1051700030B502460020002914D0A2FB01104C0AD1
:1051800044EAC054400A641C40F100000021D4F1FC
:10519000FF3240F2A175814100D2FFDF04F5F464D3
:1051A000B4FBF5F030BD2DE9FF4F8BB0044690F80D
:1051B00065008A460990DDE90D1008430890D24841
:1051C0000026007800F004FE054694F88C0100F0FB
:1051D000FFFD284480B2009094F87D000D2804D093
:1051E000002007900D9810B131E00120F9E794F804
:1051F0002C0103282BD1079848B3B4F8AE115145C0
:1052000025D1D4F83401C4F82001608840F2E2418D
:105210004843C4F82401B4F87A01B4F806110844EC
:10522000C4F82801204602F057FDB4F8B201E0822C
:1052300094F8B0016075B4F8B4016080B4F8B601B8
:10524000A080B4F8B801E080022084F82C01D4F8E2
:1052500084010590D4F880010390B4F80681B4F875
:105260007811D4F8740106900D9820B194F840019B
:1052700000287DD108E004F580700290743004901D
:1052800004F5B075001D07E004F5AA700290001D3A
:10529000049004F5A275001D0A90B4F87020AAEBE2
:1052A00002000FFA80F9AAEB010007B2002F05DA1D
:1052B000D4F87001069001204F46089092484FF0B4
:1052C000000B007970B3F5F7A1FC58B3B4F81801DE
:1052D000022827D394F82C01022823D094F8430104
:1052E00000BB94F88C0100F073FD00F5C86080B23B
:1052F000009094F82C01012845D0608840F2E241EA
:1053000048430099FFF734FF08EB0901CA1BD4F8A2
:10531000341180B2431A02FB03BBC4F834010120EC
:1053200084F8430194F82C0100286DD001287DD029
:1053300002287CD003287BD0FFDF00BFA6EB0B0147
:105340000698FCF70EFD0499012640F271220860D0
:105350000A990020A1F800A028702E710498006816
:10536000A8606088D4F834115043C1EB400000E0DD
:10537000BFE16549A0F23630C861896981427DD9B3
:10538000029908607BE194F88000032833D0012162
:10539000002004F0CDF8E18A40F27122514300EB85
:1053A00041000190D4F82401B8340099FFF7E0FEE1
:1053B000A16E226F431AA066DDE9001002FB03BB59
:1053C000FFF7D6FEA16FA067421A34F8B60C40F280
:1053D000E241484393440099FFF7CAFE08EB0901F4
:1053E000226FC91B8A1AE16F521E431A02FB03BBCC
:1053F000E067B83C93E7E08A40F27122D4F82411C8
:10540000504301EB4000CCE7039800B9FFDF0121D6
:10541000002004F08DF80646E08A40F271214843EE
:1054200006EB40000099FFF7A3FE02E0C0E058E061
:10543000DDE0C4F83001608840F2E2414843009961
:10544000FFF796FEC4F8340182B22046A16AFFF746
:105450005EFE14F8650FFEF7F2FE4FF47A7800F264
:10546000E140B0FBF8F1039801EB00092078FEF76A
:10547000E6FE07462078FEF77DFE00E0FDE03844BA
:105480004AF2AB310144B1FBF8F134F84F0C40F271
:105490007122504306EB4000411AD4F8CB0040F291
:1054A000E2430A1A02EB0906227814F8501C11FB99
:1054B00003F1203E00F0B9FC1349801C886114F808
:1054C0006509FEF7BCFE00F2E140B0FBF8F103987D
:1054D0000844301A40F2F6218842BFF42FAFFFDFB4
:1054E0002CE7E08A40F27122D4F82411504301EBFA
:1054F00040000099FFF73CFEC4F83001608840F29C
:10550000E24103E0000B0020D8000020484300994E
:10551000FFF72EFEC4F8340182B22046A16AFFF7DD
:10552000F6FDB8F1000F21D10E98F8B194F865603E
:105530003046FEF71FFE4AF2B12101444FF47A7063
:10554000B1FBF0F0D4F8301140F271230144E08A4D
:10555000D4F82421584302EB4000471A3046FEF7A6
:1055600076FE0599081A3E18203E0AE0E08A40F2CD
:105570007122D4F82411504301EB4000D4F83011CB
:10558000461AD4F82821D4F82011D4F8300140F27A
:10559000E24301FB020094F86520617D11FB03F1F9
:1055A00000F043FCF9498861012084F82C01C5E62C
:1055B000608840F271225043D4F83411D4F8282185
:1055C000C1EB40067E4308EB0900801AD4F8207135
:1055D000D4F83031401E07FB023200FB012094F862
:1055E0006520617D40F2E24311FB03F140E06088F9
:1055F00040F27122D4F834115043C1EB400694F8C4
:105600007C007E43242803D094F87D0024280AD10E
:10561000B4F8AE11AAEB010000B2002803DB94F845
:10562000B10100B109900898D8B1B8F1000F18D1B4
:10563000059808B1039800B9FFDF94F86500FEF7FC
:1056400099FD4AF2B12101444FF47A70B1FBF0F0B8
:10565000361A94F86500FEF7FAFD0599081A064413
:10566000203ED4F8341108EB090048430021099A80
:1056700000F0DBFBC549886160E602980160029892
:10568000616A0068084400F5D370E86002F01AFB14
:1056900010B1E8681E30E8606E71B4F8F010A1EB4C
:1056A0000A0000B2002801DD032068710798002875
:1056B0000E9822D0C0B100BFB4F81811B1B3B4F83D
:1056C0001A0100BFA4F81A0194F81C21401C42439F
:1056D0008A4209D26879401E002805DD6E71B4F84F
:1056E0001A01401CA4F81A010D9830B394F8400137
:1056F000F8B102200FB0BDE8F08F0028DCD194F89B
:105700002C010028F0D0608840F27122D4F83411C6
:105710005043C1EB4001284603F04EFE0004000C4C
:10572000E2D0189901B108800120E3E7FFE70020EB
:10573000C8E794F87C01FDF78CF994F87C012946C0
:1057400000F059FB20B10D9880F0010084F8410170
:105750000020CFE77CB50446FCF72FFE0146D4F8C5
:105760007001FDF72BFB214600F076FB94F87D10CD
:105770000D290AD0B4F87020B4F83E1113189942DC
:1057800006DB491CA4F83E1106E0B4F83E010CE02B
:10579000401C1044A4F83E0194F8420140B9B4F80A
:1057A0003E01B4F8F410884202D1401CA4F83E0136
:1057B000B4F87A0101AE401CA4F87A01B4F89A005A
:1057C000B4F89810401AB4F87010401E084485B21E
:1057D00009E000231A4620460096FFF7E4FCD0B10A
:1057E00001282ED0FFDFB4F83E11681A00B200285D
:1057F000EFDA082084F88D00012084F88C00204620
:1058000001F0F5FE204600F0F8FA60484079BDE866
:105810007C40F5F7C9BBA06E002811D0B4F83E015A
:10582000B4F89420801A01B2002909DD34F86C0F15
:105830000144491E91FBF0F189B201FB0020208553
:105840007CBDB4F83E01BDF804100844A4F83E0144
:10585000C9E770B54E4C607A08B1002070BD94F86D
:10586000300030B1616B606A884202D9F8F70CFBF6
:10587000F3E7A06AC8B1F7F725FF0546F7F7F9FE89
:10588000284442F210714618FCF797FD0546294658
:10589000E06AFDF793FAE562A16A8219914202D2A9
:1058A0000120A062E2E7081AA062012070BD70B575
:1058B000374C012500202575207494F8300004F140
:1058C000100650B14FF47A71A069FCF74AFAA06152
:1058D0000021304603F070FD10E0002000F00DFBC9
:1058E0000546F7F7EFFE05442946A069FCF739FAAB
:1058F000A0612946304603F05FFD451C208C411C09
:105900000A2901D228442084606828B1208C401CD8
:105910000A2801D3022000E003206075FFF799FFF9
:1059200038B1207B314600F066FA002800D1FFDF55
:1059300070BD00F0DAFA15484079BDE87040F5F71F
:1059400033BB38B50025044680F82C51A0F87851B7
:105950002B462A4629460095FFF725FC00B1FFDFBC
:10596000C4F828510120C4F8205184F82C01A4F86F
:105970003E51A4F83C5184F8425134F8700F401E57
:1059800024F8B80B0020A4F8525038BDD8000020ED
:10599000000B002010B530B1F749012807D00228CC
:1059A0000BD0FFDF10BDBDE8104000F0EABA486A36
:1059B000BDE81040002100F0B5BA002081F83000A9
:1059C000FCF7F9FBED484079BDE81040F5F7ECBA7B
:1059D0002DE9F0410646E8480F460178E74D0329D6
:1059E00009D1017BB14206D1406868613846BDE803
:1059F000F04100F0EEBA304600F0F3F90621FAF774
:105A00005DFB040000D1FFDF304600F0EAF9218899
:105A1000884200D0FFDF214638466C61BDE8F04186
:105A200000F027BA10B5D44C207848B1012060723C
:105A3000F8F74CFA2078032804D0207A002800D008
:105A40000C2010BD207BFDF704F8207BFDF772FAD7
:105A5000207BFCF78FFC00B9FFDF0020207010BD19
:105A600010B5FFF7DFFF00F0F1FAC348002180F81E
:105A70003010C172084610BDC049487100208870BE
:105A800001220A7048700A71C870BB490870E7E7C4
:105A9000BA49087070472DE9F047B74C07460E46E3
:105AA000207800284BD1B648FCF702FC20731F2851
:105AB00045D04FF00309676084F8009000256572B7
:105AC000257287B1012107F58E70FDF740FE062093
:105AD000FAF7A0FA97F81C11B1FBF0F200FB1210D4
:105AE000401C87F81C01FCF73EFC40F2F65188424E
:105AF00000D2084600F23F101FFA80F8F7F7B9FD10
:105B0000E061F7F7DFFD0127E0B1A772FCF755FC74
:105B10008246002000F0F1F900EB08015046FCF746
:105B200020F9A061C4E90A6A277584F815909249A2
:105B30002574207B103100F05EF990B910E00C2044
:105B4000BDE8F087FCF739FC4146FCF70AF9A06193
:105B5000A57284F83070A6F28B566663A562E3E7FF
:105B6000FFDF25840020F8F7B1F90020E8E783493A
:105B7000487070478149087170472DE9F0417F4CAA
:105B80000746E088401CE080D4E902516078D7F8ED
:105B9000806120B13246284603F036FC0546A068F5
:105BA000854205D02169281A08442061FDF7D3F801
:105BB000A560AE4205D897F82C01012801D0E07805
:105BC00010B10020BDE8F0810120FBE710B50446CC
:105BD0000846FEF7CFFA4AF2B12108444FF47A7131
:105BE000B0FBF1F040F2E2414C4300F23630844227
:105BF00001D9201A10BD002010BD7CB5044600203C
:105C000084F8400194F8FE0000283FD194F82C015C
:105C100003283BD1FCF7D1FB0146D4F87001FDF716
:105C2000CDF8002832DD214600F016F9411CB4F809
:105C300070000144A4F83C11B4F83C11B4F8F4200D
:105C4000511A09B2002921DD012184F84211B4F86A
:105C50009A10B4F8982001AE891A491E084485B2FA
:105C60000EE00096B4F83C11002301222046FFF715
:105C70009AFA00280AD0012809D0022806D0FFDFAE
:105C8000B4F83C01281A00B20028EADA7CBDB4F866
:105C90003C01BDF804100844A4F83C01F0E738B515
:105CA00000250446012902D13448C07868B1042097
:105CB00084F82C01FCF77FFAA4F87A51B4F870004C
:105CC000A4F83E0184F842515FE60095B4F8F41060
:105CD000012300222046FFF766FA0028EAD0FFDF02
:105CE000E8E710B5062916D2DFE801F00509030C34
:105CF0000C0D002100E00121BDE81040CFE7032199
:105D000080F82C1110BDB0F834118AB2816ABDE858
:105D10001040FFF7FCB9FFDF10BD70B5174CA1783C
:105D2000022916D1E188002913D16569C5F88401DB
:105D300095F86500FEF78BFAD5F88411081AA1686A
:105D40000144A160E1680844E060BDE8704000F0F3
:105D5000A9B970BD70B5054608488478022C11D0E9
:105D6000054C243401B34FF47A7601290ED0022970
:105D700010D0FFDF70BD0000000B0020D800002015
:105D8000D1590100446904F5C074EBE71846FEF7E9
:105D900056FA02E01046FEF795FF00F2E140B0FB34
:105DA000F6F0281A2060E5E72560E3E7FE4810B525
:105DB000007808B1002010BD0620FAF71DF980F028
:105DC000010010BDF8480078002800D0012070477D
:105DD00010B504460C2800D3FFDFF44830F8140057
:105DE00010BD10B504461F2800D3FFDFEE48383041
:105DF00030F8140010BDFCF711BD70B5044600204A
:105E000084F82C0194F87C514FF6FF761F2D00D3B7
:105E1000FFDFE548383020F8156094F87C01FCF786
:105E2000A9FA1F2084F87C01A4E770B505460C464A
:105E300016461046FEF79EF94AF2B12108444FF487
:105E40007A71B0FBF1F000EB450004443046FEF7F8
:105E5000FEF9204460308DE7002809D0D1F83421C4
:105E6000498840F271235943C2EB4101B0FBF1F084
:105E700070472DE9F04101250226CD4F0C46082838
:105E800031D2DFE800F0040E161611301A23204636
:105E900000F0ADF9204600F064F984F84051BE707E
:105EA00090E601F00AFF01E0FEF72FFE84F8405172
:105EB00088E62046BDE8F0414CE4FEF7B3FCFEF76F
:105EC00024FE4FF0E020C0F880627BE694F82C01BD
:105ED000042800D0FFDF2046FFF78FFF7879BDE868
:105EE000F041F5F761B8FFDF6CE610B5AE4C207BF2
:105EF000FCF740FA0020207010BD08B500284FF0D4
:105F00000101684602D0FDF703FC01E0FDF7F6FB56
:105F10009DF8000042F210710002B0FBF1F201FBAB
:105F2000120008BD2DE9F0419F4C0746002084F87F
:105F30003000A669E07220700120207201216068A3
:105F400003F0B2F86068C0F87061257B80F87C517E
:105F5000C0F88071C0F8746106881F2D00D3FFDF80
:105F60009148383020F815606068FFF7EAFC00B10E
:105F7000FFDFFCF720F98E484079BDE8F041F5F7E6
:105F800013B870B5884C0025A07A18B10120FFF72E
:105F9000B4FF0546F7F796FB4119A069FBF7E1FE50
:105FA000A061002525740320607501202075607AAA
:105FB00030B97D49207B1031FFF71DFF00B9FFDFAD
:105FC0002584FCF7F8F87A484079BDE87040F4F78A
:105FD000EBBF70B5744D04462878032800D0FFDF6E
:105FE000082C31D2DFE804F0040E2A2A2630302DA6
:105FF00000206862F7F77CFD00B1FFDF6C490320E9
:106000008870B7E6F7F735FBE9690446A14206D286
:10601000601A0421FCF705FFEC6108B906E0E861AD
:10602000F7F7B1FE0028ECD0FFDFA3E6BDE8704033
:106030000020AFE4BDE87040FEF767BDBDE87040EA
:1060400035E4BDE8704050E7FFDF93E6FEB5584CFD
:106050000120E0704FF6FF750CE00621FAF72EF8EC
:10606000060000D1FFDF96F87C01FCF763FF3046A5
:10607000FFF7C3FE69460620F9F7ADFF50B1FFDF19
:1060800008E0029830B190F82C1119B10088A842AC
:10609000E3D104E06846F9F77CFF0028F1D0002046
:1060A000E070FEBD2DE9F0474148446994F8431182
:1060B000002955D094F82C11032951D194F86590FA
:1060C0000078FFF785FE054694F88C01FFF780FE07
:1060D000284486B294F88C01FFF77AFE00F5C86078
:1060E0001FFA80F84846FEF7B2F8D4F884110D1A6A
:1060F0004846FEF73FF84FF47A7A00F2E730B0FBFB
:10610000FAF02D1A4846FEF7A2F8D4F800110F1A3B
:106110004846FEF72FF84AF2B1210144B1FBFAF0EC
:106120003A1AA2F160007043B0FBF8F1292000EBAD
:1061300052006031A0EB510200EB5100AA4201D89D
:10614000854201D3F4F714FE608840F2E2414843EF
:106150003146FFF70DF8C4F83401002084F84301FC
:10616000EEE470B50446FCF7FEF8054694F86500C9
:10617000FEF700F84AF2B12108444FF47A71B0FBFF
:10618000F1F0D4F8341140F2712201446088504398
:10619000C1EB4006303EB72D00D8B725214601207F
:1061A00003F0CFFC284405E0000B002088B201007A
:1061B000D8000020351A21460120A5F21B3503F036
:1061C000C0FC616A9C30814201D9081A00E00020BD
:1061D0002C49A842CD6000D328468860D4F86C01D1
:1061E000A0F5D3700861BDE87040FCF7B4BD10B5F0
:1061F000044624490020C4F88001C880C4F8840102
:1062000094F8410138B9FCF7D8F8D4F84C11FCF7F0
:10621000D5FD002813DCB4F83E11B4F870008142BB
:1062200001D1B4F8F410081AA4F8F600A4F870101C
:10623000D4F86801C4F84C01C4F870011CE0B4F84B
:106240003C01B4F87010401AA4F8F600B4F83C0110
:10625000A4F87000D4F84C01C4F86801C4F87001C7
:10626000D4F85401C4F80001D4F85801C4F87401FA
:10627000B4F85C01A4F878012046BDE8104001F0B4
:1062800006BC0000D80000202DE9F0410E4604466F
:1062900003F06FFB0546204603F06DFB044603F058
:1062A000FDF8FB4F010015D0386990F864208A4250
:1062B00010D090F8C4311BB190F8C63123421FD0E2
:1062C0002EB990F85D30234201D18A4218D890F857
:1062D000C401A8B1284603F0E1F870B1396991F81A
:1062E0006520824209D091F8C40118B191F8C70124
:1062F000284205D091F8C40110B10120BDE8F08119
:106300000020FBE730B5E24C85B0E06900285ED0A4
:10631000142200216846F7F736F8206990F86500E6
:10632000FDF728FF4FF47A7100F5FA70B0FBF1F534
:10633000206990F86500FDF78AFF2844ADF8060053
:1063400020690188ADF80010B0F87010ADF80410A5
:106350004188ADF8021090F8A60130B1A069C11CC7
:10636000039103F01FFA8DF81000206990F8A50141
:106370008DF80800E169684688472069002180F8A7
:10638000A61180F8A5110399002920D090F8A41136
:1063900000291CD190F87C10272918D09DF81010E6
:1063A000039A002913D013780124FF2B11D0072B57
:1063B0000DD102290BD15178FF2908D180F8A441D1
:1063C0000399C0F8A8119DF8101080F8A71105B026
:1063D00030BD1B29F2D9FAE770B5AD4C206990F8B1
:1063E0007D001B2800D0FFDF2069002580F8A75022
:1063F00090F8D80100B1FFDF206990F8A81041B1F2
:1064000080F8A8500188A0F8DC1180F8DA510C213E
:1064100008E00188A0F8DC1180F8DA51012180F849
:10642000DE110B2180F8D8110088F9F77AFFF9F70F
:1064300023FC2079F4F7B8FD206980F87D5070BD09
:1064400070B5934CA07980072CD5A078002829D16D
:1064500062692046D37801690D2B01F170005FD08D
:106460000DDCA3F102034FF001050B2B19D2DFE87D
:1064700003F01A1844506127182C183A6400152BA1
:106480006FD008DC112B4BD0122B5AD0132B62D0BB
:10649000142B06D166E0162B71D0172B70D0FF2B72
:1064A0006FD0FFDF70BD91F87F200123194602F005
:1064B00038FF0028F6D12169082081F87F0070BDDF
:1064C0001079BDE8704001F0A2BC91F87E00C007D1
:1064D00000D1FFDF01F05AFC206910F87E1F21F087
:1064E0000101017070BD91F87D00102800D0FFDF20
:1064F0002069112180F8A75008E091F87D00142848
:1065000000D0FFDF2069152180F8A75080F87D10AA
:1065100070BD91F87D00152800D0FFDF172005E041
:1065200091F87D00152800D0FFDF1920216981F83E
:106530007D0070BDBDE870404EE7BDE8704001F0E1
:106540003ABC91F87C200123002102F0EAFE00B958
:10655000FFDF0E200FE011F87E0F20F0040008701E
:106560001DE00FE091F87C200123002102F0D9FE0C
:1065700000B9FFDF1C20216981F87C0070BD12E0AA
:106580001BE022E091F87E00C0F30110012800D04A
:10659000FFDF206910F87E1F21F010010170BDE8B7
:1065A000704001F0F3BB91F87C200123002102F040
:1065B000B8FE00B9FFDF1F20DDE791F87D0021283C
:1065C00001D000B1FFDF2220B0E7BDE8704001F04C
:1065D000E9BB2F48016991F87E20130702D50121FC
:1065E0008170704742F0080281F87E208069C0788F
:1065F00081F8E10001F0C1BB10B5254C21690A8882
:10660000A1F81A2281F8180291F8640001F0A9FBA0
:10661000216981F81C0291F8650001F0A2FB216953
:1066200081F81D02012081F81602002081F8C401C2
:106630002079BDE81040F4F7B7BC10B5144C052123
:106640002069FFF74EFB206990F85A10012908D005
:1066500000F5F77103F048FA2079BDE81040F4F72F
:10666000A3BC022180F85A1010BD10B5084C0123BC
:106670000921206990F87C20703002F052FE48B168
:106680002169002001F8960F087301F81A0C10BD5B
:10669000F80000200120A070F9E770B5FE4D01233D
:1066A00029462869896990F87C2009790E2A01D148
:1066B000122903D000241C2A03D004E0BDE8704056
:1066C000D3E7142902D0202A07D008E080F87C40C4
:1066D00080F8A240BDE87040AFE7162906D0262A10
:1066E00001D1162902D0172909D00CE000F87C4FFF
:1066F00080F82640407821280CD01A2017E090F826
:106700007D20222A07D0EA69002A03D0FF2901D17F
:1067100080F8A63132E780F87D4001F037FB286928
:1067200080F8974090F8C4010028F3D00020BDE81D
:10673000704061E72DE9F843D74C206990F87C1050
:10674000202909D05FF0000790F87D10222905D09C
:106750007FB300F17C0503E00127F5E700F17D053B
:1067600010F8B01F41F004010170A06903F007F9AF
:106770004FF00108002608B33946A069FFF784FDF1
:10678000E0B16A46A169206902F096FE90B3A06963
:1067900003F0F3F82169A1F8AE01B1F8701001F02F
:1067A000C6FA40B32069282180F88D1080F88C80CB
:1067B00048E0FFE70220A070BDE8F883206990F868
:1067C000C40110B11E20FFF717FFAFB1A069216906
:1067D000C07881F8E20008FA00F1C1F3006000B966
:1067E000FFDF20690A2180F87C1090F8A20040B9F0
:1067F000FFDF06E009E01AE02E7001F0C7FAFFF7AC
:10680000E8FE206980F89760D6E7206990F8C40117
:1068100018B10020FFF7F0FE2E70206900F17D0115
:1068200080F897608D420DD180F87D600AE0206984
:106830009DF8001080F8B0119DF8011080F8B1119A
:1068400024202870206900F17D018D4203D1BDE82C
:10685000F84301F09BBA80F8A260ADE770B58E4CAA
:1068600001230B21206990F87D20703002F059FD42
:10687000202650BB20690123002190F87D20703034
:1068800002F04FFD0125F0B1206990F87C0024282A
:106890001BD0A06903F063F8C8B1206990F8B0106C
:1068A00041F0040180F8B010A1694A7902F00702B2
:1068B00080F85D20097901F0070180F85C1090F8FC
:1068C000C5311BBB06E0A57058E6A67056E6BDE8CC
:1068D00070407EE690F8C431C3B900F164035E787D
:1068E0008E4205D11978914202D180F897500DE07F
:1068F00000F504710D7002884A8090F85C200A71DE
:1069000090F85D0048712079F4F74EFB2169212051
:1069100081F87D00BDE8704001F02FBAF8B55E4CFB
:10692000206990F87E0010F0300F04D0A07840F07D
:106930000100A070F8BDA06902F0FAFF50B3A06991
:1069400002F0F0FF0746A06902F0F0FF0646A069DA
:1069500002F0E6FF0546A06902F0E6FF0146009757
:10696000206933462A46303003F046F8A079800784
:1069700003D56069C07814280FD0216991F87C0094
:106980001C280AD091F85A0001280ED091F8BB01BA
:1069900058B907E0BDE8F8401BE62169012081F8FD
:1069A0005A0002E091F8BA0130B1206910F87E1F58
:1069B00041F0100101700EE091F87E0001F5FE72C9
:1069C00040F0200081F87E0031F8300B03F080F8B1
:1069D0002079F4F7E9FABDE8F84001F0CEB970B5D6
:1069E0002D4C206990F87E10890707D590F87C20FF
:1069F00001230821703002F094FCE8B1206990F87E
:106A0000AA00800712D4A06902F073FF216981F8FF
:106A1000AB00A06930F8052FA1F8AC204088A1F8A0
:106A2000AE0011F8AA0F40F002000870206990F83B
:106A3000AA10C90703D00FE00120A0709EE590F8CE
:106A40007E00800700D5FFDF206910F87E1F41F02F
:106A50000201017001F091F92069002590F87C1085
:106A6000062906D180F87C5080F8A2502079F4F7EE
:106A70009BFA206990F8AC110429DFD180F8AC5161
:106A80002079F4F791FA206990F87C100029D5D18B
:106A900080F8A25072E50000F800002070B5FE4CAE
:106AA00001230021206990F87D20703002F039FC2C
:106AB000012578B9206990F87D20122A0AD0012397
:106AC0000521703002F02DFC10B10820A07055E5B2
:106AD000A57053E5206990F8A80008B901F04DF9B8
:106AE0002169A06901F5847102F0F1FE2169A069B4
:106AF000D83102F0F2FE206990F8E00100B1FFDF2A
:106B000021690888A1F8E20101F5F271A06902F09B
:106B1000D6FE2169A06901F5F67102F0D5FE206963
:106B200080F8E051142180F87D102079BDE8704094
:106B3000F4F73ABA70B5D84C01230021206990F8D7
:106B40007D20703002F0EDFB0125A8B1A06902F0B4
:106B50008CFE98B1A0692169B0F80D00A1F8AE01D2
:106B6000B1F8701001F0E3F858B12069282180F8DD
:106B70008D1080F88C5001E5A570FFE4BDE87040F1
:106B800027E5A0692169027981F8B021B0F80520D4
:106B9000A1F8B22102F060FE2169A1F8B401A06958
:106BA00002F05DFE2169A1F8B601A06902F05AFE6B
:106BB0002169A1F8B8010D2081F87D00DEE47CB5E3
:106BC000B54CA079C00738D0A06901230521C5784C
:106BD000206990F87D20703002F0A3FB68B1AD1EF3
:106BE0000A2D06D2DFE805F00909050509090505A2
:106BF0000909A07840F00800A070A07800281CD1F6
:106C0000A06902F0FFFD00287AD0A0690226C578AD
:106C10001DB1012D01D0162D18D1206990F87C00EE
:106C200002F067FB90B1206990F87C101F290DD00D
:106C3000202903D0162D16D0A6707CBD262180F801
:106C40007C10162D02D02A20FFF7D6FC0C2D58D030
:106C50000CDC0C2D54D2DFE805F033301D44A7A71F
:106C6000479E57A736392020A0707CBD0120152DE6
:106C700075D008DC112D73D0122D69D0132D64D07E
:106C8000142D3DD178E0162D7CD0182D7DD0FF2D10
:106C900036D183E020690123194690F87F207030B7
:106CA00002F03FFBF8B9A06902F007FE216981F804
:106CB0009201072081F87F0078E001F044F975E047
:106CC000FFF738FF72E001F01EF96FE0206990F8DD
:106CD0007D10112901D0A67068E0122180F87D1086
:106CE00064E0FFF7DBFE61E0206990F87D00172883
:106CF000F1D101F04BF821691B2081F87D0055E0AE
:106D000052E0FFF76CFE51E0206990F87E00C0076A
:106D100003D0A07840F001001FE06946A06902F0AE
:106D2000EAFD9DF8000000F02501206900F8B01F81
:106D30009DF8011001F04101417001F01EF8206939
:106D400010F87E1F41F0010114E0FFF78EFC2DE0EA
:106D5000216991F87E10490705D5A07026E00EE064
:106D600016E00FE011E001F008F8206910F87E1F2E
:106D700041F00401017019E0FFF7D0FD16E001F0C9
:106D80008AF813E0FFF76AFD10E0FFF7D3FC0DE08F
:106D900001F060F80AE0FFF780FC07E0E16919B153
:106DA000216981F8A60101E0FFF713FC2069F0E9F1
:106DB0003012491C42F10002C0E900127CBD70B5DE
:106DC000354CA07900074AD5A078002847D1206922
:106DD00090F8E400FE2800D1FFDF2069FE210025A5
:106DE00080F8E41090F87D10192906D180F8A7509A
:106DF00000F0CCFF206980F87D50206990F87C106D
:106E00001F2902D0272921D119E090F87D0002F036
:106E100070FA78B120692621012380F87C1090F85F
:106E20007D200B21703002F07CFA78B92A20FFF720
:106E3000E3FB0BE02169202081F87C0006E00121C2
:106E400080F8A51180F87C5080F8A250206990F855
:106E50007F10082903D10221217080F8E41059E441
:106E600010B50D4C216991F8B0210AB991F8642050
:106E700081F8642091F8B1210AB991F8652081F870
:106E8000652010B10020FFF7B7FB206902F0D4FDA8
:106E9000002809D0206901E0F8000020BDE810407A
:106EA00000F5F77102F020BE10BD70B5FC4C06462F
:106EB0000D46206990F8E400FE2800D0FFDF22692B
:106EC000002082F8E46015B1A2F8A40022E422F8C0
:106ED0009E0F012010711DE470B5F14C01230021BB
:106EE000206990F87C20703002F01BFA002869D0ED
:106EF000206990F8BA1111B190F8BB1139B190F82E
:106F0000C41100295DD090F8C51111B359E090F873
:106F10007D1024291BD090F87C10242917D0002341
:106F200000F5D87200F5DD7102F058FD21690020EE
:106F300081F8BA0101461420FFF7B7FF216901F17A
:106F40003000C28A21F8E62F408B48803FE00123C1
:106F5000E6E790F87D2001230B21703002F0E1F983
:106F600078BB206990F8640000F0FBFE05462069BC
:106F700090F8650000F0F5FE0646206990F8C6110D
:106F8000284600F0E0FE50B1206990F8C711304665
:106F900000F0D9FE18B10020FFF72EFB11E02069A8
:106FA0000123032190F87D20703002F0BAF940B936
:106FB00020690123022190F87D20703002F0B1F9A0
:106FC00008B1002080E400211620FFF76EFF0120A9
:106FD0007AE410B5F0BBB24C206990F87E10CA0775
:106FE00002D00121092051E08A070AD501210C2095
:106FF000FFF75BFF206910F8AA1F41F00101017043
:1070000046E04A0702D5012113203FE00A0705D5D3
:1070100010F8E11F41710121072037E011F0300F16
:107020003AD090F8BB11A9B990F8BA11D9B190F83B
:107030007D1024292ED090F87C1024292AD00023FA
:1070400000F5D87200F5DD7102F0C8FC216911F875
:107050007E0F00E020E020F0200040F010000870DB
:10706000002081F83C01206990F87E10C90613D5F4
:1070700002F0E2FCFFF7E1FA216901F13000C28A77
:1070800021F8E62F408B488001211520FFF70DFFE6
:10709000012010BD0123D3E7002010BD70B5804C46
:1070A000206990F8E410FE2978D1A178002975D1E3
:1070B00090F87F2001231946703002F032F9002841
:1070C0006CD1206990F8901149B10021A0F89C1072
:1070D00090F8911180F8E610002102205BE090F812
:1070E0007D2001230421703002F01BF90546FFF7D3
:1070F00070FF002852D1284600F089FF00284DD1AA
:1071000020690123002190F87C20703002F009F9F9
:1071100078B120690123042190F87D20703002F0BD
:1071200000F930B9206990F8960010B100211220C2
:1071300031E0206990F87C200A2A0DD0002D2DD155
:1071400001230021703002F0ECF878B1206990F84A
:10715000AC1104290AD105E010F8E21F01710021E9
:10716000072018E090F8AA00800718D0FFF7B4FEB7
:10717000002813D120690123002190F87C20703071
:1071800002F0CFF8002809D0206990F8A401002867
:1071900004D00021FF20BDE8704086E609E0002110
:1071A0000C20FFF782FE206910F8AA1F41F00101B0
:1071B000017043E43EB505466846FDF7BDFE00B9E3
:1071C000FFDF222200210098F6F7DDF80321009866
:1071D00002F0FFFA0098017821F0100101702946B1
:1071E00002F01DFB2E4C0D2D40D00BDCA5F102054D
:1071F0000B2D19D2DFE805F01F184719191F185673
:1072000018192400152D5ED008DC112D25D0122D63
:107210000BD0132D09D0142D06D154E0162D29D0F2
:10722000172D69D0FF2D73D0FFDFFDF79AFE0028E0
:1072300000D1FFDF3EBD2169009891F8E61017E00C
:10724000E26800981178017191884171090A817191
:107250005188C171090A0172E7E70321009802F021
:10726000A6FB0621009802F0A6FBDEE700980621A7
:107270000171DAE70098216991F8C621027191F84D
:10728000C7114171D1E72169009801F5887102F0B9
:1072900028FB21690098DC3102F028FBC5E70000DB
:1072A000F8000020F849D1E90001CDE90101206989
:1072B00001A990F8B00000F025008DF804000098B6
:1072C00002F048FBB1E72069B0F84810009802F0DE
:1072D00017FB2069B0F8E810009802F015FB206950
:1072E000B0F84410009802F013FB2069B0F8E610E3
:1072F000009802F011FB98E7216991F8C401002879
:107300000098B9D111F8642F02714978B9E7FFE705
:10731000206990F8A721D0F8A811009802F08DFA02
:1073200083E7DA4810B5006990F8821041B990F807
:107330007D2001230621703001F0F3FF002800D0EA
:10734000012010BD70B5D14D286990F8801039B179
:10735000012905D0022906D0032904D0FFDF0AE461
:10736000B0F8F41037E090F87F10082936D0B0F864
:107370009810B0F89A2000248B1C9A4206D3511A18
:10738000891E0C04240C01D0641EA4B290F896103F
:1073900039B190F87C2001230921703001F0C1FF40
:1073A00040B3FFF7BEFF78B129690020B1F8902003
:1073B000B1F88E108B1C9A4203D3501A801E00D055
:1073C000401EA04200D284B20CB1641EA4B228694F
:1073D000B0F8F4102144A0F8F01040E5B0F898108F
:1073E0000329BDD330F8701F428D1144491CA0F809
:1073F000801034E50024EAE770B50C4605464FF4EA
:10740000087200212046F5F7BEFF258027E5F8F732
:107410005FBF2DE9F0410D4607460621F8F74EFE05
:10742000041E3ED094F8CC010026B8B16E7007203F
:1074300028700DE0268484F8CC61D4F8CE01C5F81C
:107440000200D4F8D201C5F80600B4F8D60168816C
:1074500094F8CC010028EDD1AE70B6E094F8D801D4
:1074600090B394F8D8010B2813D00C2801D0FFDF7B
:10747000ABE02088F8F755FF0746F8F712FC78B91B
:107480006E700C20287094F8DA01A8702088A8800B
:1074900014E02088F8F745FF0746F8F702FC10B122
:1074A0000020BDE8F0816E700B20287094F8DA019E
:1074B000A8702088A88094F8DE01A87184F8D861AB
:1074C0003846F8F7E8FB80E0FFE794F80E0230B1A9
:1074D0006E700E20287084F80E626F8075E094F84C
:1074E000E00180B16E700820287020886880D4F890
:1074F000E4116960D4F8E811A960B4F8EC01A8813E
:1075000084F8E06161E094F8080270B16E701620B2
:10751000287005E084F80862D4F80A02C5F8020071
:1075200094F808020028F5D14FE094F8EE01B0B1CC
:107530006E70122028700DE084F8EE61D4F8F0012E
:10754000C5F80200D4F8F401C5F80600D4F8F80133
:10755000C5F80A0094F8EE010028EDD135E094F862
:10756000FC0180B16E701820287084F8FC61D4F89A
:10757000FE01C5F80200D4F80202C5F80600B4F80E
:107580000602688121E094F8100240B119202870A9
:1075900084F81062D4F81202C5F8020015E094F8DD
:1075A000160200283FF47DAF6E701320287008E0AB
:1075B00084F81662D4F81802C5F80200B4F81C0268
:1075C000E88094F816020028F2D1012069E72F48DC
:1075D0000021C16101620846704730B52B4D0C4651
:1075E000E860FFF7F4FF00B1FFDF2C7130BD002130
:1075F00080F87C1080F87D1080F8801090F8FE10E4
:1076000009B1022100E00321FEF76BBB2DE9F04137
:107610001E4C0546206909B1002104E0B0F80611AE
:10762000B0F8F6201144A0F8061190F8901139B97D
:1076300090F87F2001231946703001F072FE30B1BE
:10764000206930F89C1FB0F85A201144018020694D
:1076500090F8A23033B1B0F89E10B0F8F620114483
:10766000A0F89E1090F9A670002F06DDB0F8A410C7
:10767000B0F8F6201144A0F8A41001213D263DB138
:1076800080F88D6018E00000A0B20100F800002032
:107690002278022A0AD0012A11D0A2782AB380F8CF
:1076A0008C1012F0140F0DD01E2113E090F8E6207C
:1076B000062A3CD016223AE080F88C1044E090F87C
:1076C000922134E0110702D580F88D603CE09106EC
:1076D00003D5232180F88D1036E0900700D1FFDF1D
:1076E00021692A2081F88D002AE02BB1B0F89E2074
:1076F000B0F8A0309A4210D2002F05DDB0F8A420D7
:10770000B0F8A0309A4208D2B0F89C30B0F89A2075
:10771000934204D390F890310BB1222207E090F805
:1077200080303BB1B0F89830934209D3082280F8FA
:107730008D20C1E7B0F89820062A01D33E22F6E753
:10774000206990F88C1019B12069BDE8F0414EE72E
:10775000BDE8F0410021FEF7C4BA2DE9F047FF4C27
:1077600081460D4620690088F8F7EDFD060000D13E
:10777000FFDFA0782843A070A0794FF000058006B5
:10778000206904D5A0F8985080F8045103E030F83F
:10779000981F491C0180FFF7C4FD012740B3E08812
:1077A000000506D5206990F8821011B1A0F88E501E
:1077B0001EE02069B0F88E10491C89B2A0F88E1026
:1077C000B0F890208A4201D3531A00E00023B4F8A5
:1077D00008C00CF1050C634501D880F89670914201
:1077E00006D3A0F88E5080F80E722079F3F7DCFBF8
:1077F000A0794FF0020810F0600F0ED0206990F8C9
:10780000801011B1032908D102E080F8807001E0F6
:1078100080F880800121FEF764FA206990F88010DA
:10782000012904D1E188C90501D580F88080B9F12A
:10783000000F71D1E188890502D5A0F8185104E044
:10784000B0F81811491CA0F8181100F0A7FBFEF7BA
:1078500059FDFFF723FC00F0B2FD0028206902D09B
:10786000A0F8F85003E030F8F81F491C018000F040
:10787000A9FD38B1206990F80411022907D8491CE4
:1078800080F80411206990F80401022804D92069C5
:1078900020F8F85F4580057320690123002190F8E6
:1078A0007D20703001F03DFD20B9206990F87D0009
:1078B0000C286AD120690123002190F87C207030C7
:1078C00001F02FFD48B320690123002190F87F20AB
:1078D000703001F026FD00B3206990F88010022975
:1078E00053D190F80401C0B93046F7F7AAFFA0B110
:1078F000216991F8E400FE2847D1B1F8F20001288F
:1079000043D981F8FD70B1F89A20B1F89800931E20
:10791000984203DB012004E043E036E0101A401EE9
:1079200080B2B1F8F82023899A4201D3012202E003
:107930009A1A521C92B2904200D91046012801D1E5
:1079400081F8FD5091F86F206AB98A6E5AB1B1F88A
:107950009420B1F87030D21A12B2002A03DD90429E
:1079600000DB104680B291F8892192B1B1F8FA207B
:10797000B1F88A118A4201D3012102E0891A491C17
:1079800089B2884205D9084603E02169012081F8BF
:10799000FD502169B1F870201044A1F8F400FFF700
:1079A000D1FCE088C0F340214846FFF72FFE206954
:1079B00080F8FE50BDE8F047FDF7F6BA6749024689
:1079C0008878CB78184312D10846006942B189798A
:1079D000090703D590F87F00082808D001207047D8
:1079E000B0F84C10028E914201D8FEF7C6B80020C4
:1079F000704770B5594C05460E46E0882843E08034
:107A0000A80703D5E80700D0FFDF6661EA074FF05B
:107A100000014FF001001AD0A661F278062A02D0C8
:107A20000B2A14D10AE0226992F87D30172B0ED16F
:107A30000023E2E92E3302F8370C08E0226992F8BD
:107A40007D30112B03D182F8811082F8A800AA079B
:107A500018D56269D278052A02D00B2A12D10AE021
:107A6000216991F87D20152A0CD10022E1E930220C
:107A700001F83E0C06E0206990F87D20102A01D123
:107A800080F88210280601D50820E07067E42DE90F
:107A9000F84F324C00254FF00108E580A570E570E5
:107AA0004146257061F3070220619246814680F8C5
:107AB000FE800088F8F747FC070000D1FFDF20694F
:107AC0000088FDF736FA20690088FDF75BFA206927
:107AD000B0F8F21071B190F8E410FE290FD190F8CF
:107AE000901189B190F87F2001231946703001F080
:107AF00018FC78B1206990F8E400FE2804D02069D1
:107B000090F8E400FFF756FB206990F8FF1089B168
:107B1000258118E02069A0F89C5090F8911180F818
:107B2000E61000210220FFF7C0F9206980F8FD501F
:107B30000220E7E790F8CC1119B9018C82889142B4
:107B400000D881882181B0F8F610491E8EB2B0F8B5
:107B5000F8103144A0F8F81002E00000F80000200E
:107B600090F8FC1021B1A0F8FA5080F8FC5004E025
:107B7000B0F8FA103144A0F8FA1030F8981F3144E8
:107B80000180FFF7CEFB20B1206930F88E1F314411
:107B900001802069B0F8F210012902D8491CA0F830
:107BA000F2100EB180F8045190F8FD10A1B1B0F8B8
:107BB000F800218988420FD23846F7F742FE58B1C3
:107BC000206990F8891139B1B0F8FA10B0F88A013B
:107BD000814201D300F0F9FB206980F8FD5090F854
:107BE0007D100B2901D00C2916D1B0F87020B0F807
:107BF000AE31D21A12B2002A0EDBD0F8B011816079
:107C000090F8B4110173032101F04EFA206980F855
:107C10007D5080F8B28026E0242910D1B0F8701091
:107C2000B0F8AE21891A09B2002908DB90F8C40126
:107C3000FFF716F9206900F87D5F857613E090F86C
:107C40007C10242901D025290DD1B0F87010B0F88E
:107C5000AE01081A00B2002805DB0120FFF700F989
:107C6000206980F87C5020690146B0F8F620703019
:107C700001F0C8FA206990F8891109B1A0F8FA500A
:107C8000F6480090F64BF74A4946504600F0DEFAB7
:107C9000216A11B16078FCF74DFE206901230521AE
:107CA00090F87D20703001F03CFB002803D0BDE847
:107CB000F84F00F038BABDE8F88F00F045BBEA494C
:107CC000C8617047E848C069002800D001207047AB
:107CD000E54A50701162704710B50446B0F8B421FF
:107CE0004388B0F8B611B0F8B8019A4205D1A3881C
:107CF000994202D1E38898420FD02388A4F8D0316A
:107D0000A4F8D221A4F8D411A4F8D601012084F853
:107D1000CC01D5480079F3F747F90221204601F05C
:107D2000C3F9002004F87D0F0320E07010BD401A55
:107D300000B247F6FE71884201DC002801DC012018
:107D4000704700207047012802D0022805D102E0C8
:107D5000012904D001E0022901D000207047012050
:107D6000704710B5012804D0022804D0FFDF204658
:107D700010BD0124FBE70224F9E7BB48002100699C
:107D800020F8A41F8178491C81707047B64800B55F
:107D9000016911F8A60F401E40B20870002800DAF1
:107DA000FFDF00BDB0482721006980F87C1000216A
:107DB00080F8A411704710B5AB4C206990F8AC1155
:107DC000042916D190F87C2001230021703001F0A5
:107DD000A8FA00B9FFDF206990F8AA10890703D438
:107DE000062180F87C1004E0002180F8A21080F8C1
:107DF000AC11206990F87E00800707D5FFF7C6FF19
:107E0000206910F87E1F21F00201017010BD964913
:107E100010B5096991F87C200A2A09D191F8E2206D
:107E2000824205D1002081F87C0081F8A20010BDBB
:107E300091F87E20130706D522F0080081F87E0015
:107E4000BDE81040A2E7FF2801D0FFDF10BDBDE86C
:107E50001040A7E710B5844C206910F8B01F41F01E
:107E600004010170A06901F0A4FD162806D1206963
:107E700090F87C00202802D0262805D010BDA069EB
:107E800001F09BFDFEF7B8FB2169002081F87C0022
:107E900081F8A20010BDF8B5734C01230A212069B6
:107EA00090F87C20703001F03CFA38B3A06901F002
:107EB0003FFDC8B1A06901F035FD0746A06901F09A
:107EC00035FD0646A06901F02BFD0546A06901F0CD
:107ED0002BFD01460097206933462A46303001F0D9
:107EE0008BFD206901F0A8FD2169002081F8A20026
:107EF00081F87C00BDE8F840FEF79FBBA07840F019
:107F00000100A070F8BD10B5574C01230021206975
:107F100090F87D20703001F004FA30B1FFF72DFFAA
:107F20002169102081F87D0010BD20690123052101
:107F300090F87D20703001F0F4F908B1082000E0DD
:107F40000120A07010BD70B5474C012300212069AD
:107F500090F87D20703001F0E4F9012588B1A06926
:107F600001F0A8FC2169A1F8AE01B1F87010FFF78B
:107F7000DEFE40B12069282180F88D1080F88C50F9
:107F800084E5A57082E52169A06901F5D87101F049
:107F90008CFC21690B2081F87D0077E510B5FEF798
:107FA0000EFFFEF70CFE304CA079400708D5A078F4
:107FB00030B9206990F87F00072801D10120207096
:107FC000FEF73EFAA079C00609D5A07838B9206935
:107FD00090F87D100B2902D10C2180F87D10E078FB
:107FE00000070ED520690123052190F87D2070300F
:107FF00001F097F930B10820A0702169002081F8C4
:10800000D80110BDBDE81040002000F016BB10B52F
:10801000154C216991F87D2040B3102A06D0142A0E
:1080200007D0152A23D01B2A35D123E001210B20AC
:1080300022E0FBF769FB0C2820D32069082100F51A
:108040008870FBF765FB28B120690421DC30FBF761
:108050005FFB00B9FFDF012104200DE05B77010029
:10806000BD790100F3790100F800002008E000F07C
:1080700017F803E001210620FEF717FF012010BDCD
:10808000212A08D191F8970038B991F8C40110B1AC
:1080900091F8C50108B1002010BD01211720EBE7C0
:1080A00070B5184C0025206990F8931101290AD069
:1080B000022925D190F8A810A9B1062180F8E61070
:1080C0000121022017E090F8D811002918D100F101
:1080D000C80300F58471002200F5CA7001F0C1F8F0
:1080E0000121052007E090F8B000400701D51120DC
:1080F00000E00D200121FEF7D8FE206980F89351A1
:10810000C4E40000F8000020F9480078002800D0FE
:108110000C20704710B50446FFF7F6FF00B1FFDFF3
:10812000F348047210BDF2490120C871704770B560
:108130000C460546082B01D0194600E004211046E4
:1081400001F075F9844200D220460DB1001D80B2C5
:10815000C0B270BD70B5E64934314C6804F17005A9
:1081600060B1628F218F94F86530A87CFFF7DFFF44
:1081700094F86510BDE87040FCF79EB8FF2094F8B5
:108180006410F7E72DE9F0478146D9483430446858
:10819000002004F17005628F218F94F86530FFF79D
:1081A000C6FFD34F0646D34878620120FFF7D2FFBF
:1081B000A87C4FF0000840B305F15801CE4891E883
:1081C0000E1000F1080A8AE80E10A96EC0F82110FE
:1081D000E96EC0F82510FE38FCF743FBC6480121C4
:1081E00008300176D5E91412C0E90412A0F58372B3
:1081F000796AFBF728FF94F8650000F0A7FB0246B8
:1082000031460120FBF72DFF04E0786AFCF729FBDB
:10821000FBF74BFFB9F1000F03D141469620FCF765
:108220004CFB94F8642001210020FCF706FC94F834
:108230002C00012801D1FCF7DFFB02203870FCF78D
:1082400061FD002800D0FFDFBDE8F0872DE9F04395
:10825000A74D87B0804628780E9F1C461646894653
:1082600010B90EB104B107B9FFDFEF61C5E90564CC
:108270000020C5E90D89E871A871E870A87028711F
:108280009B4F6871A8813437E8817E68344636F8A0
:10829000700BF8F758F8E8622088F8F742F828637E
:1082A000FCF714F894F96700FCF7CEF804F112001B
:1082B000FCF7B9FA04F10E00FCF7CCF80120FCF74A
:1082C000CDFA18228D496846F5F733F88C480490AA
:1082D0006846FCF7B7FAF07EFCF7C6F8FCF7B8FA88
:1082E00094F86F0078B9A06E68B1B08C318888427C
:1082F00009D1B4F86C1001220844B08494F86E00DF
:10830000A16EF9F708FE628F218F94F86530B07C7A
:10831000FFF70DFF94F865402146FBF7CDFF786825
:1083200090F8880108B1FCF74FF821460120FCF7CE
:1083300054F97868D0F80001FCF797FA0120FFF7AC
:1083400021FF07B0BDE8F083694800B50078022836
:1083500000D0FFDF00BD664810B534304468FCF73C
:10836000FBFAFCF7DAFAFCF729FAFCF762FAFBF7FA
:108370009CFE94F82C00012801D1FCF733FB94F803
:108380006F0038B9A06E28B1002294F86E00114633
:10839000F9F7C1FD564CE08900F0E2FAE269A179F3
:1083A000A07890470020207010BD514810B500788B
:1083B000022800D0FFDFBDE81040CCE7CBE74C48F7
:1083C000007970474A48C078704749490120487190
:1083D00070472DE9FC474648454E3430A0F114075C
:1083E00044684FF0000A254694F875004FF00108E4
:1083F000703458B3012868D002286AD0032876D098
:10840000FFDF316AB1460826087820F008000870BE
:10841000A37906EAC303184320F004000870E37947
:10842000042606EA8303184320F0100008706779D9
:10843000D9F82C00F7F715FA0646FCF7C8FD022F0D
:1084400067D0012F65D0032F66D068E000F094FA62
:10845000AA8E0146104600F0EAFF298E814200D222
:1084600008464C21ADF8040048533846FCF78DFD12
:1084700048B14FF48060316A00F077FA03206071F0
:1084800084F80380BDE76A4601A9F06A00F05CFA4F
:10849000306210B194F8371029B13846FCF746FD28
:1084A00084F80580ADE79DF8001031B9A0F800A070
:1084B00080F802A0012101F08CF9BDF80410306AA7
:1084C00001F07DFA022060719BE73846FCF72EFD33
:1084D00097E7B5F84C00ADF804006A4601A9F06AC8
:1084E00000F032FA306200288BD1FFDF89E709E023
:1084F0001C010020780B0020780D0020A8B201009C
:108500001B5D01003846FCF740FD0028BAD1FFDFB3
:1085100077E7B04301D002E00EB1012100E0002175
:10852000D9F820004E46027842EA01110170617CC0
:1085300051B36179012927D004F15801F7488EC958
:1085400000F1080989E88E00A16EC0F82110E16EE3
:10855000C0F82510FE38FCF784F9F048083080F8A0
:1085600018A0D4E91212C0E90412A0F58371326A8E
:10857000FBF769FD95F8640000F0E8F90246FB217D
:108580000020FBF76EFD03E0FCF76BF9FBF78DFDB8
:10859000012195F865200846FCF74FFA86F804801B
:1085A000316A0A8832828978B17486F80080FCF7D3
:1085B000B5FB002800D0FFDFBDE8FC8770B5D84CC4
:1085C000054639B9012D05D1E078401CC0B2E070F4
:1085D000012820D8A16928468847E0B16179D148AF
:1085E00031B1012D04D1417811B90178C90612D5F4
:1085F000A17981B98DB9CA4910310978CA0602D466
:108600000078C00607D5A08928B9A06A28B9608972
:1086100018B1C80601D4012070BD002070BD10B58E
:10862000BF4CA06A00B9FFDF6289D4E90910D21CEF
:10863000F4F77FFEA06A606210BD2DE9F0470600E6
:10864000B748B74D00F134004468686A04F170041B
:10865000477801D0012E03D1296B02F0EDF8687044
:1086600068784FF000084FF0010938B1012816D0A2
:1086700002282FD0032844D0FFDFE5E5012E30D0BB
:10868000FFF7CDFF39460122286BF7F75BF926E0AB
:1086900084F8078030E000BF84F807902CE0012EBA
:1086A00008D0FFF7BCFF39460022286BF7F74AF9DC
:1086B000022EE2D0D4E91401401C41F10001C4E9CA
:1086C0001401E079012802D084F80790BCE584F811
:1086D0000780B9E5012E04D0286BF7F7B7FA022E10
:1086E000CBD0D4E91401401C41F10001C4E91401CC
:1086F000E0790128D0D1CBE7287ABDE8F047F2F73E
:1087000053BC012EB9D0286BF7F7A0FAF4E770B587
:108710008349834A343100264C68516A01257034FC
:108720000B7803F00303012B14D0022B12D0032B80
:1087300003D0907940F0040023E0A570D08940F484
:108740000060D081012000F010F91CE0E67170BDDE
:10875000E57170BD4978B1B1D38943F40063D38129
:10876000936A002BF5D0FB2908D8D17921B1BDE857
:108770007040802000F0F4B8057070BD907940F032
:108780001000907170BDE0790128E1D1DEE770B58D
:108790006348634D3430446828787034012800D031
:1087A000FFDFA07838B10020A0700146042000F05F
:1087B000DCF801202071296A0878C043800705D1C0
:1087C000A889400502D5022000F0CFF80121002041
:1087D000FFF7F4FE10B1BDE87040BCE5BDE87040A5
:1087E0000020CFE42DE9F84F4D4F4D4C3437002693
:1087F0007D6882468DF8006020787035022800D0B0
:10880000FFDFE08940F40070E0810020FFF7A2FC68
:10881000A87CBAF1000F5BD0FBF76AFCFBF75AFCAF
:108820004FF0010968B9A87C58B1606A417841B13C
:108830000078E979C0F3C000884202D184F8029040
:1088400059E0606A4178618121B1206BF7F734F813
:10885000A06200E0A662E089B84640F02000E08116
:10886000E670786800F17007064690F82C00012841
:1088700016D1FCF7B7F83946304600F010FD78B154
:10888000D8F804003188A0F80A12397A80F80C125E
:10889000797A80F80D1280F80892207AF2F784FB3A
:1088A000606AA9790078C0F38000884205D000F0A2
:1088B00094F8E08940F48070E081606AE97900789A
:1088C000C0F3C00088420AD16846FFF720FF06E0E7
:1088D00008B1FBF73EFCE08940F04000E0815146E2
:1088E0000120FFF76BFE00289DF8000007D010B1B3
:1088F0000020FFF7A2FEFFF72EFDBDE8F88F10B1B4
:108900000120FFF79AFEFFF764FD9DF800000028A4
:10891000F3D00220FFF791FEEFE70000780D002072
:108920001C010020780B002070B5064654480D4607
:108930004468FBF773FC034694F8642029463046EC
:10894000BDE87040FDF706BAF6F7C5BE00B50128D0
:1089500002D0022802D0FFDF002000BD012000BDB0
:10896000474A0021343A52691047454A343A9389BC
:108970000343938152691047414810B5446804F19C
:108980007001087B24280ED0497B24290BD01F2896
:108990000CD020280AD0222912D094F86400042890
:1089A00000D1082010BD94F8B01106E0222907D0AC
:1089B00094F8C60100F04FF8014694F8640008E00E
:1089C00094F8C60114F85D1F084000F044F8014611
:1089D000E079BDE8104000F048B870B52848446818
:1089E00094F875007034002832D0022810D1244D3C
:1089F000343DE86AF6F79BFE00B9FFDFD4E91201C7
:108A0000401C41F10001C4E91201287AF2F7CCFAC6
:108A100000256571207920B1257100211020FFF714
:108A2000A4FFE07878B1E570FCF7BEFA00B9FFDF8B
:108A300000210820FFF799FFD4E91201401C41F101
:108A40000001C4E91201A079012802D00120A0711F
:108A500070BDA57170BDC10701D0012070478007AE
:108A600001D50220704700207047002904D001285A
:108A700003D0012901D00220704701207047000077
:108A8000500100202DE9F0410F4606460024FE4D1E
:108A90000FE000BF05EBC40090F85311B14206D1BE
:108AA0000622394600F5AA70F4F716FC38B1641CAA
:108AB000E4B22878A042EDD81020BDE8F08120462D
:108AC000FBE7F0B50746F04816460478621C0270D2
:108AD00000EBC4050868C5F854018888A5F858015A
:108AE000102C00D3FFDF85F8537185F85A612046BA
:108AF000F0BD70B5054600F017FA10281CD1E24C05
:108B00002078401EC0B22070A84215D004EBC002ED
:108B100004EBC50102F58070D2F85321C1F853214E
:108B2000D0F85700C1F85701207800F0FDF910285F
:108B300002D0204480F8035170BD2DE9F047D24C9B
:108B40000646A719A078401EC5B2A57097F8038104
:108B5000AE422AD004EB051A04EB06190AF1030110
:108B600009F103001022F4F7E4FB0AF1830109F193
:108B700083001022F4F7DDFB601905EB450290F845
:108B8000031187F8031106EB460104EB420204EBE4
:108B90004101D2F80B31C1F80B31B2F80F21A1F825
:108BA0000F2190F83B0187F83B0104EBC80090F8D7
:108BB0005A01C00703D14046BDE8F04799E7BDE838
:108BC000F087B1498A78824203D9084490F843017A
:108BD00070470020704710B540F2D3120021AA4818
:108BE000F4F7D1FB0822FF21A848F4F7CCFBA748F3
:108BF00000210C38417081704FF46171818010BD8B
:108C000070B50D460646FFF73DFF9F4C102807D074
:108C100004EBC00191F85A11C90701D0012070BDC1
:108C20006178082910D2102808D004EBC000012177
:108C300080F85A116078401C6070EFE701222946E5
:108C40003046FFF73EFFF5E7002070BD70B58E4D52
:108C50002878401E44B20AE005EBC40090F85A019F
:108C6000C00702D0E0B200F070F9641E64B2002CBC
:108C7000F2DA864900200C39887070BD82498A7802
:108C8000824203D901EB0010C01C704700207047DE
:108C90002DE9F047984691460C460546FFF7F2FE4F
:108CA0000646102805D000F03FF9102801D0122008
:108CB00085E7754FB87808282AD2102E05D10022F2
:108CC00021462846FFF7FDFE0646BC781022601CB0
:108CD000B87007EB0415E81C494600F0B5FA05F139
:108CE00083001022414600F0AFFA1021404600F008
:108CF0009CFA3C44102184F84301484604F59674DC
:108D000000F093FAE07704F8296C0020E07356E74E
:108D1000072054E75C4810B58078401E44B204E058
:108D2000E0B2FFF70AFF641E64B2002CF8DA10BD4F
:108D300056490C394870704754480C384078704791
:108D400040B14AF2B811884204D850490C398880A1
:108D500001207047002070474C480C3880887047CD
:108D600010B5FFF78FFE102803D000F0DDF81028B3
:108D700000D1082010BD44498A78824203D901EB12
:108D8000001083307047002070473F4B10B59C782F
:108D900084420FD9184490F8030103EBC00090F807
:108DA00053310B70D0F854111160B0F85801908015
:108DB000012010BD002010BD334A114491F8032159
:108DC00032490C390A700268C1F80620808848814F
:108DD000704770B52D4B0C3B5B7873B12A4B9C7878
:108DE0005CB1451821460AB1D81C01E02648833001
:108DF0002A46FBF794F8012070BD002070BD10B525
:108E0000FBF7DBF818B1BDE81040FBF7E6B8FF2030
:108E100010BD1D498A78824209D9084490F803019F
:108E200001EBC00090F85A0100F0010070470020EB
:108E300070472DE9F04100242546134E2CE02846CA
:108E400000F072F88046FFF719FF06EBC50797F8A8
:108E50005A11C9071ED060B1B8F1100F05D006EB4A
:108E6000080191F83B11012903D0102100F0DDF930
:108E700080B10649204601F80480641C97F853210C
:108E800007F5AA71E4B203E0A80D002064010020F8
:108E9000FBF7B5FA6D1CEDB23078A842CFD80CE6DE
:108EA000012296E72E4A01EB410102EB41010268E3
:108EB000C1F80B218088A1F80F01704701461022EC
:108EC000284800F0C1B92748704725498A7882426E
:108ED00003D9084490F83B0108B1002070470120F5
:108EE00070472DE9F0410E460746154606213046EB
:108EF00000F09BF91A4C58B1002004E02118401CE6
:108F000081F83B51C0B2A1788142F7D80120D4E565
:108F100031463846FFF724FF082803D0204480F864
:108F20003B51F3E70020C8E50D4910B5034600208A
:108F30008A7806E00C1894F803419C4204D0401C47
:108F4000C0B28242F6D8102010BD05494A78521EA0
:108F50004A7001EBC001002281F85A21C9E50000E6
:108F6000A80D00207B0F002000F00101400800F058
:108F700001021144400800F001021144400800F0D1
:108F800001021144400800F001021144400800F0C1
:108F900001021144400800F00102114401EB5000AD
:108FA000704710B500240485848DDB004C43B3FB6F
:108FB000F2F394FBF2F45B1C84859BB203FB02F496
:108FC0004385B4F5C84F01DD5B1E43854FF4FA437A
:108FD000B3FBF2F35B1C0386438C02EBC3035B1E03
:108FE000B3FBF2F30384C38B4B43B3FBF2F1C183B6
:108FF00010BD70B50546087B0E4600F01F000873D3
:109000000020687604463019007AFFF7ADFF291971
:10901000641C0875697EE4B208446876052CF2D3B6
:10902000C0B2252800D9FFDF70BD0023C38342846E
:1090300001EBC202521EB2FBF1F101847047F0B5A0
:109040006FF01F02010C02EA90261F25A1F5AA402D
:1090500054380DD0A1F5AA40553809D0A1F52850B3
:10906000AA3805D0A1F52A40AA3801D0012000E095
:10907000002000221346144682EA0107FF431F43E3
:109080007F1C0FD006F00107520842EAC73205F0F4
:1090900001075B0876086D08641C43EAC733162C89
:1090A000EAD3F0BD0020F0BD2DE9F04101260446D1
:1090B000002500F1700751B1012974D0022971D047
:1090C00003296CD101463846BDE8F04191E7802282
:1090D00000213846F4F757F9BD71FD713D737D737A
:1090E000FD733D747D71BD76FD76212087F84000CB
:1090F000412087F84100FE2087F8740027887022FD
:1091000000212046F4F73FF9278084F8646084F852
:109110006560282084F8660004F1300000210746CD
:1091200000F071FC1B21F9833984A4F85210A4F8D3
:1091300054104FF4A470A4F85600A4F858006673B5
:109140004FF448606080A4F8F050A4F8F250A4F8FE
:10915000F450A4F8F650A4F8F850A4F8FA5084F8A3
:10916000FD5084F8FF50A4F8065184F80451A4F887
:109170001851A4F81A5184F8BA5184F8BB5184F8F4
:10918000C45184F8C55184F8895184F8905184F809
:10919000935184F8AC51C4F8A451C4F8A851BDE867
:1091A000F08100E025E0A4F8065184F8FE506188C3
:1091B000FE480A460844B0FBF1F0A4F890004BF6D4
:1091C0008030A4F89200E3883846FFF7EAFE214693
:1091D0003846FFF70EFFFAF7F9F920B1D4F80E0080
:1091E000FFF72DFF10B184F88851D8E784F8886123
:1091F000D5E74188B4F8B831B4F8B4213846BDE8B1
:10920000F041CEE6437E0BB1252B01D912207047E9
:109210002AB14B7B2BB1012B05D01F2070470020BA
:10922000704700F0EEB900F092B910B500231A466D
:1092300003E0845C2343521CD2B28A42F9D30BB1BF
:10924000002010BD012010BD30B5134606E0CC183B
:10925000D51A14F8014C5B1E4455DBB2002BF6D135
:1092600030BD70B50E468CB0144601461D46102226
:109270006846FFF7E9FF1022314604A8FFF7E4FF34
:10928000684600F059FD08A94FF0100228461CB1AD
:10929000FFF7DAFF0CB070BDF4F74BF8FAE738B51A
:1092A00005460C466846FBF7B2FB002820D09DF926
:1092B00000002072E17E617294F90A100022411AC6
:1092C00000D5494295F82D308B4210DCFF2B0ED093
:1092D000E17A491CC9B2E17295F82E30994202D860
:1092E000A17A7F2903D1A0720020E07201221046EA
:1092F00038BD0C2813D00B2811D00D280FD01F28F3
:109300000DD020280BD0212809D0222807D02328CF
:1093100005D0242803D0262801D000207047012042
:10932000704710B5A2F10F030C2941D2DFE801F01C
:1093300006080D1215181C40243E272EAAB337E04C
:10934000072A37D0082A35D032E00C2A32D00B2A2F
:1093500030D02DE00D2A2DD02AE00C2B2AD927E081
:10936000103A0B2A26D923E0032B23D990F8380092
:10937000F0B11B2A1ED91BE0062A1BD018E01C2ABC
:1093800018D01D2A16D01E2A14D011E01F2A11D081
:10939000202A0FD0212A0DD0222A0BD0232A09D02F
:1093A000242A07D0262A05D002E003E00E2A01D0A5
:1093B000002010BD012010BD2DE9F0410C460546EE
:1093C00040F23577866805E0F8F7F7FF3946F8F799
:1093D000C8FCA8602846F9F7A5F90028F4D08CB19C
:1093E0003046A968F9F7EAFC00280BDD2044401E4E
:1093F000B0FBF4F707FB04F13046F8F7B2FCA860C5
:109400003846CCE60020CAE670B5044690420BD23E
:10941000101B642800D2642025188D4205D8042131
:10942000F9F7FFFC08B1284670BD204670BD11F069
:109430000C0F19D04A074FF41671002A03DA00BF47
:109440004FF0100201E04FF0400201DA4FF09601B8
:1094500001F5BC71A0EB0103884202D993FBF2F045
:1094600000E0002080B27047022904D06FF00D01A7
:1094700001EBD000F6E76FF00E0101EB9000F1E791
:109480000844184498300AB1042100E0002108443F
:10949000704701207047106808667047C10701D007
:1094A00001207047810701D502207047400701D590
:1094B00008207047002070472DE9F0410546164608
:1094C00088460124084600F054FA0746404600F05A
:1094D00052FA0346FFF7E2FF02463846FFF7DEFF87
:1094E00052EA000100D10024990700D10022B907F7
:1094F00000D1002095F86410914200D10022327012
:1095000095F86510814200D10020707072B968B979
:10951000404600F032FAB5F87010401A00B247F633
:10952000FE71884201DC002800DC0024204636E67B
:1095300010B540F6C4125410012903D0022902D0FC
:10954000FFDF02E008B1104610BD204610BDF0B5A7
:109550000C7C8B7BCD7B5C404B7C02886B4044EA6F
:109560000324467E62400023D5B2120A95FAA5F57F
:1095700092FAA2F22D0E120E45EA022202EB02121C
:109580005B1C2244DBB292B2032BEDD36240252355
:10959000B2FBF3F403FB142301EBD304837603F053
:1095A00007070125247A05FA07F701E0FFDB05002C
:1095B0003C4201D0C3761AE05643320C521CD2B260
:1095C000002403191B7D934213D300230E19367A0E
:1095D00005FA03F73E4201D0521ED2B222B15B1C03
:1095E000DBB2082BF4D306E003EBC401C176002004
:1095F000F0BDD21AD2B2641CE4B2052CE1D31F2014
:10960000F0BDF0B5837E0C7E012504FB02322523DC
:10961000B2FBF3F403FB142201EBD204827602F0D6
:109620000703247A05FA03F31C4201D0C2761EE038
:10963000437EB2FBF3F403FB1422521CD2B200238C
:10964000C418247D944214D30024CE1896F80860E0
:1096500005FA04F73E4201D0521ED2B222B1641C78
:10966000E4B2082CF4D306E004EBC301C176002079
:10967000F0BD121BD2B25B1CDBB2052BE0D31F2066
:10968000F0BD000030B50546007801F00F0220F073
:109690000F0010432870092912D2DFE801F00507F6
:1096A00005070509050B0F0006240BE00C2409E053
:1096B000222407E001240020E87003E00E2401E0EA
:1096C0000024FFDF6C7030BD007800F00F007047A1
:1096D0000A6840F8032F8988818070470A6840F83B
:1096E000092F8988818070470278402322F0400248
:1096F00003EA81110A4302707047027822F0800267
:1097000042EAC1120270704770B514460E46054613
:109710001F2A00D9FFDF2246314605F10900F3F781
:1097200008FEA41D6C7070BD70B514460E4605464B
:109730001F2A00D9FFDF2246314605F10900F3F761
:10974000F8FDA41D6C7070BD30B5017801F00F01FB
:10975000032920D0052921D14578B0F81910B0F897
:109760001B40B0F81730827D222D17D1062915D362
:109770004FF44865A94211D8B4F5FA7F0ED26AB108
:10978000082A0BD88A4209D28B4207D8B0F81D00AC
:10979000A84205D902E040780C2801D0002030BD55
:1097A000012030BD4078704700B5027801F0030316
:1097B00022F003021A430270012905D0022903D0C6
:1097C000032903D0FFDF00BD002100E0012141702B
:1097D00000BD00B5027801F0030322F003021A4332
:1097E0000270012905D0022903D0032903D0FFDF2D
:1097F00000BD002100E00121417000BD007800F0B3
:1098000003007047417841B1C078192803D2704AEB
:10981000105C884201D1012070470020704730B5AC
:1098200001240546C170192902D26948445C02E04E
:10983000FF2900D0FFDF6C7030BD70B514460E46B6
:1098400005461B2A00D9FFDF6C7022463146E81C12
:10985000BDE87040F3F76DBDB0F807007047B0F891
:1098600009007047B0F80B00704770B5B0F80720DA
:10987000B0F80940B0F805300179951F40F67A46F6
:10988000B54210D8B4F5FA7F0DD261B108290AD8D3
:10989000914208D2934206D8B0F80B00B0F5486F59
:1098A00001D8012070BD002070BD42680A60007AB6
:1098B00008717047B0F80900704700797047426836
:1098C0000A6080684860704780890880704750F857
:1098D0000E2F0A60406848607047D0F81600086094
:1098E00070470A6842604968816070470968C160D2
:1098F00070470079704742680A6080684860704726
:109900000171090A417170478171090AC17170477B
:109910000172090A417270478172090AC172704767
:1099200080887047C08870470089704740897047B9
:1099300001891B290CD341894FF4A472914207D3AA
:1099400081881B2904D3C088904201D3012070472D
:10995000002070470A684260496881607047017959
:10996000490704D04079400701D00120704700200A
:1099700070470079704740797047C08870470CB5D0
:1099800014A2D2E90012CDE900120179407901F068
:10999000070269461DF80220012A04D800F00700DA
:1099A000085C012801D900200CBD01200CBD01710B
:1099B000704700797047417170474079704730B502
:1099C0000C460546FB2900D9FFDF6C7030BD000056
:1099D000C0B20100000101020102020310B58C882F
:1099E0000A894B88C988A0F84430A0F84810A0F82C
:1099F0004640A0F84A2010BD10B5029C8181C2816A
:109A00000382448210BD1B2202838282C281828132
:109A100042800281028042848284828300290AD1AA
:109A20004FF4A4714183C18241820182C18041818E
:109A30008180C18401857047F0B5B0F84830818FCE
:109A4000458EC48E8B4200D30B46B0F84A10B0F856
:109A50004020914200D20A464386C286068F478F35
:109A600000F130019E4200D21E46974200D21746B6
:109A70000E814F81AB4201D1A24201D0012400E00E
:109A80000024B0F84420C38F068E858E9A4200D3FE
:109A90001A46B0F84670B0F842309F4200D23B46BA
:109AA00090F85A70022F08D1964200D232469D4259
:109AB00000D22B46002780F85A700A808B80B24271
:109AC00001D1AB4201D0012000E000202043F0BDD5
:109AD000508088899080C889D080088A1081488AFF
:109AE000508101201070704770B502884A80048E42
:109AF0008C80838ECB80428E0A81C58E4D81B0F8DA
:109B00005660AE420BD1B0F85250954207D1B0F832
:109B100058509D4203D1B0F85430A34201D00123E4
:109B200000E000230B73A0F852204A89A0F85620C9
:109B30008A88A0F85420CA88A0F85820012008700C
:109B400070BD70B50C46088E91F8641000F016F8E0
:109B5000A18E0546A94200D20D46208F94F86510CB
:109B600000F00CF8618F814200D208460146284679
:109B7000BDE8704000221346FFF782BC11F00C0FC5
:109B800004D04FF4747101EB801006E0022902D07A
:109B9000C000703001E080003C3080B270470000AF
:109BA0002DE9F0410C4612490D68114A114908325D
:109BB0001160A0F12001312901D301200CE04128DE
:109BC00010D040CC0C4F94E80E0007EB8000241F0F
:109BD00050F8807C3046B84720600548001D05607D
:109BE000BDE8F081204601F0B9F8F5E7062070479E
:109BF0001005024001000001DCB2010010B555481B
:109C0000F9F704FD00B1FFDF5248401CF9F7FEFCF4
:109C1000002800D0FFDF10BD2DE9F14F4E4E82B07D
:109C2000D6F800B001274B48F9F7F8FCDFF824819B
:109C300020B9002708F10100F9F706FD474C00257F
:109C40004FF0030901206060C4F80051C4F80451CA
:109C5000029931602060DFF808A11BE0DAF800000B
:109C6000C00617D50E2000F068F8EFF3108010F052
:109C7000010072B600D001200090C4F80493D4F81B
:109C8000000120B9D4F8040108B901F071F8009876
:109C900000B962B6D4F8000118B9D4F8040100285C
:109CA000DCD0D4F804010028CCD137B1C6F800B01C
:109CB00008F10100F9F7B2FC11E008F10100F9F731
:109CC000ADFC0028B6D1C4F80893C4F80451C4F818
:109CD00000510E2000F031F81E48F9F7B5FC0020C5
:109CE000BDE8FE8F2DE9F0438DB00D4606460024F9
:109CF0000DF110090DF1200818E000BF04EB440736
:109D0000102255F827106846F3F713FB05EB870779
:109D1000102248467968F3F70CFB6846FFF77CFF92
:109D200010224146B868F3F704FB641CB442E5DB3B
:109D30000DB00020BDE8F0836EE7002809DB00F0DD
:109D40001F02012191404009800000F1E020C0F88D
:109D5000801270476C01002004E5004000E00040E4
:109D600010ED00E0B64900200870704770B5B54DA1
:109D700001232B60B44B1C68002CFCD0002407E0AE
:109D80000E6806601E68002EFCD0001D091D641CB4
:109D90009442F5D30020286018680028FCD070BDDC
:109DA00070B5A74E0446A94D3078022800D0FFDFD9
:109DB000AC4200D3FFDF7169A548012903D847F2FF
:109DC0003052944201DD03224271491C7161291B0A
:109DD000C1609F49707800F030F9002800D1FFDFA2
:109DE00070BD70B5964C0D466178884200D0FFDF9B
:109DF000964E082D4BD2DFE805F04A041E2D4A4A44
:109E00004A382078022800D0FFDF03202070A07895
:109E1000012801D020B108E0A06800F041FD04E075
:109E200004F1080007C8FFF7A1FF05202070BDE876
:109E30007040F8F7C0B9F8F7C0FA01466068F8F763
:109E4000BDFFB04202D2616902290BD30320F9F7AA
:109E50000EFB12E0F8F7B1FA01466068F8F7AEFFC2
:109E6000B042F3D2BDE870409AE7207802280AD0C9
:109E7000052806D0FFDF04202070BDE8704000F008
:109E8000D2B8022000E00320F9F7F1FAF3E7FFDF90
:109E900070BD70B50546F8F790FA694C606020789F
:109EA000012800D0FFDF6A490120087000200871F6
:109EB00004208D6048716548C86002202070607879
:109EC00000F0BBF8002800D1FFDF70BD10B55C4C7E
:109ED000207838B90220F9F7E0FA18B90320F9F729
:109EE000DCFA08B1112010BD5A48F8F7E1F96070AA
:109EF0001F2804D0012020700020606110BD0320C5
:109F000010BD2DE9F0471446054600EB84000E46CF
:109F1000A0F1040800F0D7FC07464FF0805001691B
:109F20004F4306EB8401091FB14201D2012100E039
:109F3000002189461CB10069B4EB900F02D90920B9
:109F4000BDE8F0872846E7F76FF990B9A84510D328
:109F5000BD4205D2B84503D245EA0600800701D0CC
:109F60001020EDE73046E7F75FF910B9B9F1000FBF
:109F700001D00F20E4E7384838490068884205D00E
:109F8000224631462846FFF7F1FE1AE0FFF79EFF12
:109F90000028D5D12A4800218560C0E9036481707A
:109FA000F9F7DDFA08B12E4801E04AF2F870604393
:109FB0004FF47A7100F2E730B0FBF1F01830FFF7A0
:109FC00068FF0020BCE770B505464FF0805004697B
:109FD0006C432046E7F728F908B10F2070BD00F068
:109FE00072FCA84201D8102070BD1B481B490068B4
:109FF000884203D0204600F053FC10E0FFF766FFD4
:10A000000028F1D10E48012184608170F9F7A7FA88
:10A0100008B1144800E014481830FFF73AFF002058
:10A0200070BD00F053BE10B5054C6078F8F7A2F98A
:10A0300000B9FFDF0020207010BDF8F7EFBB000073
:10A040007001002004E5014000E40140105C0C00B8
:10A050008C0F0020E39D010058000020BEBAFECA0C
:10A0600050280500645E0100A85B01007149096881
:10A070000160002070476F4908600020704701218F
:10A080008A0720B1012804D042F20400704791678A
:10A0900000E0D1670020704767490120086042F264
:10A0A0000600704708B50423634A1907103230B11F
:10A0B000C1F80433106840F0010010600BE0106834
:10A0C00020F001001060C1F808330020C1F8080139
:10A0D0005A4800680090002008BD011F0B2909D8CC
:10A0E000554910310A6822F01E0242EA4000086019
:10A0F0000020704742F205007047000100F18040E7
:10A10000C0F8041900207047000100F18040C0F839
:10A11000081900207047000100F18040D0F80009C4
:10A12000086000207047012801D907207047444A81
:10A1300052F8200002680A4302600020704701289C
:10A1400001D9072070473E4A52F8200002688A432E
:10A15000026000207047012801D907207047384A63
:10A1600052F820000068086000207047020035495E
:10A170004FF0000003D0012A01D0072070470A6089
:10A18000704708B54FF40072510510B1C1F80423AF
:10A1900008E0C1F808230020C1F8240127481C303A
:10A1A00000680090002008BD08B58022D10510B1DC
:10A1B000C1F8042308E0C1F808230020C1F81C01FD
:10A1C0001E48143000680090002008BD08B54FF408
:10A1D0008072910510B1C1F8042308E0C1F808238A
:10A1E0000020C1F8200115481830006800900020B8
:10A1F00008BD10493831096801600020704770B50A
:10A200004FF080450024C5F80841F9F7B4F910B9BA
:10A21000F9F7BBF928B1C5F82441C5F81C41C5F8C8
:10A2200020414FF0E020802180F800140121C0F887
:10A23000001170BD0004004000050040080100400E
:10A24000A0B30100780500406249634B0A68634986
:10A250009A42096801D1C1F31001016000207047E2
:10A260005C495D4B0A685D49091D9A4201D1C0F302
:10A2700010000860002070475649574B0A6857493C
:10A2800008319A4201D1C0F31000086000207047E5
:10A2900030B5504B504D1C6842F20803AC4202D01E
:10A2A000142802D203E0112801D3184630BDC300A0
:10A2B0004B481844C0F81015C0F81425002030BDD4
:10A2C0004449454B0A6842F209019A4202D00628E5
:10A2D00002D203E0042801D308467047404A012116
:10A2E00042F83010002070473A493B4B0A6842F26E
:10A2F00009019A4202D0062802D203E0042801D3C1
:10A3000008467047364A012102EBC0004160002038
:10A31000704770B52F4A304E314C156842F2090330
:10A3200004EB8002B54204D0062804D2C2F800181B
:10A3300007E0042801D3184670BDC1F31000C2F82D
:10A340000008002070BD70B5224A234E244C1568C9
:10A3500042F2090304EB8002B54204D0062804D27D
:10A36000D2F8000807E0042801D3184670BDD2F8DF
:10A370000008C0F310000860002070BD174910B538
:10A380000831184808601120154A002102EBC0036B
:10A39000C3F81015C3F81415401C1428F6D3002078
:10A3A00006E0042804D302EB8003C3F8001807E09A
:10A3B00002EB8003D3F80048C4F31004C3F800484C
:10A3C000401C0628EDD310BD04490648083108603A
:10A3D0007047000058000020BEBAFECA00F50140D8
:10A3E00000F001400000FEFF814B1B6803B198475D
:10A3F000BFF34F8F7F4801687F4A01F4E06111434A
:10A400000160BFF34F8F00BFFDE710B5EFF3108081
:10A4100010F0010F72B601D0012400E0002400F01A
:10A42000DDF850B1E6F7A4FFF7F761FDF8F7C1FFDB
:10A43000F9F7E2FC71490020086004B962B6002017
:10A4400010BD2DE9F0410C460546EFF3108010F0E9
:10A45000010F72B601D0012600E0002600F0BEF820
:10A4600020B106B962B60820BDE8F08100F006FD13
:10A47000E6F782FF0246002001234709BF0007F1EB
:10A48000E02700F01F01D7F80071CF40F9071BD07B
:10A49000202803D222FA00F1C90727D141B20029AE
:10A4A00004DB01F1E02191F8001405E001F00F0157
:10A4B00001F1E02191F8141D4909082916D203FA87
:10A4C00001F717F0EC0F11D0401C6428D5D3F9F731
:10A4D00071FC4B4A4B490020F9F7B4FC47494A4804
:10A4E00008602046E6F7A7FE60B904E006B962B648
:10A4F00041F20100B8E73E4804602DB12846E6F776
:10A50000E7FE18B1102428E0404D19E02878022811
:10A5100002D94FF4805420E007240028687801D045
:10A52000D8B908E0C8B1202817D8A878212814D8AD
:10A53000012812D001E0A87878B9E8780B280CD867
:10A54000E6F71AFF2946F8F71AFFF7F78FFC00F035
:10A55000EDF92846E6F7DAFE044606B962B61CB104
:10A56000FFF753FF20467FE700207DE710B5044644
:10A5700000F034F800B101202070002010BD244903
:10A5800008600020704770B50C4622490D682149CB
:10A59000214E08310E60102807D011280CD0122847
:10A5A0000FD0132811D0012013E0D4E90001FFF7E8
:10A5B00048FF354620600DE0FFF727FF00252060AB
:10A5C00008E02068FFF7D2FF03E011492068086027
:10A5D000002020600F48001D056070BD07480A4933
:10A5E0000068884201D101207047002070470000B8
:10A5F000880100200CED00E00400FA05580000205E
:10A600004810002000000020BEBAFECAA8B3010016
:10A6100004000020100502400100000100B585493A
:10A6200010F1080F19D00CDC10F1280F1DD010F11B
:10A63000140F18D010F1100F13D010F10C0F08D117
:10A640000DE010F1040F06D080B103280ED00428CD
:10A650000CD0FFDF00BDFC2008E0F82006E0F4206D
:10A6600004E0F02002E0EC2000E0D820086000BD0B
:10A67000704900B5091D012803D0022803D0FFDF6F
:10A6800000BD032000E00420086000BD2DE9F0417A
:10A6900005460C4617461046F9F76CFD4FF47A76DE
:10A6A000022C10D0012C10D040F63401441838464A
:10A6B000F9F7C5FD204449F679710844B0FBF6F07E
:10A6C000281ABDE8F0813146F0E74FF4C861EDE7A4
:10A6D00070B505460C460846FAF7F4FA022C10D07D
:10A6E000012C11D04FF4AF5149F6CA62511A0844F7
:10A6F0004FF47A7100F2E140B0FBF1F0281A801EAD
:10A7000070BD40F24C41EFE740F63401ECE770B524
:10A71000064615460C460846FAF7D4FA4FF47A7105
:10A7200040F63402022D11D0012D11D01346022C17
:10A7300011D0012C01D04FF4AF529A1A104449F6AF
:10A74000FC621044B0FBF1F0301A70BD0B46EEE72E
:10A750004FF4C863EBE740F24C42EEE770B50446B5
:10A760000E460846F9F706FD05463046F9F767FD3F
:10A7700028444AF2AB3108444FF47A71B0FBF1F04F
:10A78000201A801E70BD2DE9F04106461D460C467C
:10A790001746104600F045F806EB4601C1EBC6111E
:10A7A00000EBC100022C15D0012C16D04FF4AF5194
:10A7B00046182046FAF786FA301A4FF47A7100F6F6
:10A7C000B730B0FBF1F43846F9F741FD2044284496
:10A7D000401D76E740F24C41EAE740F63401E7E7F6
:10A7E00070B5044615460E460846F9F7C3FC04EB5F
:10A7F0004401C1EBC411C0EBC1043046F9F71FFDA1
:10A80000241A284600F00DF820444FF47A7100F61F
:10A81000B730B0FBF1F42846F9F719FD2044401D8C
:10A8200070BD082803D0042801D0F9F7A3BC4EF668
:10A83000283070470C150040F0B585B00C46054631
:10A84000FEF7DCFF07466E78204603A96A46F5F757
:10A8500004FA81198EB258B1012F02D0032005B03D
:10A86000F0BD204604AA0399F5F719F9049D01E00B
:10A87000022F0FD1ED1C042E0FD32888BDF8001035
:10A88000001D80B2884201D8864202D14FF00000FC
:10A89000E5E702D34FF00200E1E74FF00100DEE709
:10A8A0000B4A022111600B490B68002BFCD0084BAE
:10A8B0001B1D186008680028FCD000201060086884
:10A8C0000028FCD070474FF080504069704700006E
:10A8D00004E5014000E4014002000B464FF0000097
:10A8E000014620D0012A04D0022A04D0032A0DD127
:10A8F00003E0012002E0022015E00320072B05D22F
:10A90000DFE803F00406080A0C0E10000720704769
:10A91000012108E0022106E0032104E0042102E015
:10A92000052100E00621F7F7E4BC0000E24805211C
:10A9300081700021017041707047E0490A78012A56
:10A9400005D0CA681044C8604038F8F704BA8A686D
:10A9500010448860F8E7002819D00378D849D94A0C
:10A9600013B1012B0ED011E00379012B00D06BB98C
:10A9700043790BB1012B09D18368643B8B4205D22B
:10A98000C0680EE00379012B02D00BB100207047A4
:10A9900043790BB1012BF9D1C368643B8B42F5D2EB
:10A9A00080689042F2D801207047C44901220A70A1
:10A9B000027972B100220A71427962B104224A71AD
:10A9C000826852328A60C068C860BB4902208870C1
:10A9D00070470322EFE70322F1E770B5B74D044655
:10A9E00000202870207988B100202871607978B122
:10A9F0000420B14E6871A168F068F7F7B2F9A86059
:10AA0000E0685230E8600320B07070BD0120ECE7D0
:10AA10000320EEE72DE9F04105460226F8F7C5F8D8
:10AA2000006800B1FFDFA44C01273DB12878B8B120
:10AA3000012805D0022811D0032814D027710DE079
:10AA40006868C82808D30421F8F7EBF920B16868D2
:10AA5000FFF773FF012603E0002601E000F014F980
:10AA60003046BDE8F08120780028F7D16868FFF70C
:10AA700072FF0028E2D06868017879B1A0780428D4
:10AA800000D0FFDF01216868FFF7A7FF8B49E0785E
:10AA900000F003F90028E1D1FFDFDFE7FFF785FFD2
:10AAA0006770DBE72DE9F041834C0F46E17888427F
:10AAB00000D0FFDF00250126082F7DD2DFE807F058
:10AAC000040B28283D434F57A0780328C9D00228FB
:10AAD000C7D0FFDFC5E7A078032802D0022800D046
:10AAE000FFDF0420A07025712078B8BB0020FFF79D
:10AAF00024FF72480178012906D08068E06000F0E8
:10AB0000F9F82061002023E0E078F7F782FDF5E70F
:10AB1000A078032802D0022800D0FFDF207880BB75
:10AB2000022F08D05FF00500F8F7A1FCA0780328F9
:10AB300040D0A57095E70420F6E7A078042800D05F
:10AB4000FFDF022004E0A078042800D0FFDF01200E
:10AB5000A1688847FFF75EFF054633E003E0A07871
:10AB6000042800D0FFDFBDE8F04100F08DB8A078E8
:10AB7000042804D0617809B1022800D0FFDF2078D2
:10AB800018B1BDE8F04100F08AB8207920B1062064
:10AB9000F8F76DFC25710DE0607840B14749E07829
:10ABA00000F07BF800B9FFDF65705AE704E007208A
:10ABB000F8F75DFCA67054E7FFDF52E73DB1012DC9
:10ABC00003D0FFDF022DF9D14BE70420C0E70320BB
:10ABD000BEE770B5050004D0374CA078052806D133
:10ABE00001E0102070BD0820F8F757FC08B11120D3
:10ABF00070BD3548F7F75CFBE0701F2806D00121D7
:10AC0000F8F730FA0020A560A07070BD032070BD79
:10AC1000294810B5017809B1112010BD81780529A6
:10AC200006D0012906D029B101210170002010BDF4
:10AC30000F2010BD00F033F8F8E770B51E4C054644
:10AC4000A07808B1012809D155B12846FFF783FE45
:10AC500040B1287840B1A078012809D00F2070BDFC
:10AC6000102070BD072070BD2846FFF79EFE03E050
:10AC700000212846FFF7B1FE1049E07800F00DF8FA
:10AC800000B9FFDF002070BD0B4810B5006900F06F
:10AC900029F8BDE81040F7F78EBAF7F7BFBD0648B0
:10ACA00010B5C078F7F766FB00B9FFDF0820F8F7AA
:10ACB000DEFBBDE8104039E68C0100209C0F00202F
:10ACC0003D860100FF1FA107A5AA010010B5134C86
:10ACD0002060201D0160114810300260001D0360DB
:10ACE000002010BD0E490A6848F202139A4302433D
:10ACF0000A6070470A4A116848F2021301EA030029
:10AD0000994311607047054B02465B421020134483
:10AD1000FC2B01D8116000207047000000060040A5
:10AD2000C806024070477047704700001EF0040FCD
:10AD30000CBFEFF30880EFF30980014A10470000D1
:10AD40005F3E010001B41EB400B5F8F7A9FD01B4DF
:10AD50000198864601BC01B01EBD0000826903490E
:10AD600081614FF0010010447047000045AD0100C3
:10AD70000FF20C0000F10000694641F8080C20BFFA
:10AD800070470000FEDF18490978F9B904207146C0
:10AD900008421BD10699154A914217DC06990229EF
:10ADA00014DB02394878DF2810D10878FE2807D054
:10ADB000FF280BD14FF001004FF000020C4B184759
:10ADC00041F201000099019A094B1847094B002BE9
:10ADD00002D01B68DB6818474FF0FF3071464FF018
:10ADE0000002034B1847000028ED00E000C00100FE
:10ADF000E9A3010004000020174818497047FFF735
:10AE0000FBFFE6F7CBF900BD1548164909688842F3
:10AE100003D1154A13605B68184700BD20BFFDE7EA
:10AE20000F4810490968884210D1104B18684FF03C
:10AE3000FF318842F2D080F308884FF02021884209
:10AE400004DD0B48026803210A4302600948804779
:10AE500009488047FFDF0000B00F0020B00F00203E
:10AE600000100000000000200400002000C00100CD
:10AE700014090040DD2F000009AE0100F0B4404687
:10AE8000494652465B460FB402A0013001B5064860
:10AE9000004700BF01BC86460FBC804689469246EB
:10AEA0009B46F0BC70470000091100000420714669
:10AEB000084202D0EFF3098101E0EFF308818869CD
:10AEC00002380078102813DB20280FDB2C280BDB3E
:10AED0000A4A12680A4B9A4203D1602804DB094AE5
:10AEE0001047022008607047074A1047074A10477A
:10AEF000074A12682C3212681047000058000020E0
:10AF0000BEBAFECA7D130000A19B010087A5010007
:10AF1000040000200D4B0E4908470E4B0C49084712
:10AF20000D4B0B4908470D4B094908470C4B084985
:10AF300008470C4B064908470B4B054908470B4B84
:10AF4000034908470A4B02490847000019AC0000B2
:10AF500059B00000A52F00000BA8000099A7000021
:10AF6000A1AE0000991300004D7700001DB0000055
:10AF70002DAD01005F8200000784000065850000A0
:10AF8000C98500000386000037860000698600003E
:10AF90009986000021870000478300008985000012
:10AFA00013120000C12100000B2200006F220000DC
:10AFB000F522000011240000D32400000525000024
:10AFC000E3250000CB2600001F270000A12700007A
:10AFD000C1270000B92D0000DD2D0000FD2C000070
:10AFE000592D00000F2E0000A32E00002F3D000061
:10AFF000093E00003D4100003D420000B342000018
:10B000001D4300008143000017120000754400003A
:10B01000E1440000E3270000E927000017120000C8
:10B02000171200001712000017120000F32700008B
:10B030002B280000A12800001712000017120000A2
:10B040002D22000087290000A9290000F529000011
:10B05000131200001312000013120000131200005C
:10B06000EF5200007553000091530000AD530000F3
:10B070003B550000D7530000E1530000235400006B
:10B0800045540000215500006355000013120000D4
:10B0900013120000676E0000876E0000916E0000C2
:10B0A000CB6E0000F96E0000E96F000077700000C1
:10B0B0008B700000D9700000EF71000095730000E4
:10B0C000BD740000E95D0000D5740000131200009B
:10B0D00013120000A1A0000003A200005DA2000066
:10B0E000D7A2000083A30000100110013A02000063
:10B0F0001A0200040506000007000000FFFFFFFF22
:10B100000000FFFFE39C0000BF1C0000934E000006
:10B11000335E0000E97A000000000000A17D00001D
:10B120007D7D00008F7D0000000002000000000017
:10B13000000200000000000000010000000000000C
:10B14000136C0000F36B0000616C00007152000092
:10B150003352000053520000219400003994000043
:10B160004396000041370000816C000000000000A1
:10B17000B16C0000BF5200000000000000000000A1
:10B18000000000002395000000000000C13700000F
:10B19000555555D6BE898E0000006406640C6412B5
:10B1A00000000803AC055008000054044408340CA7
:10B1B00075DF0000DDE00000D7DE000073DF000077
:10B1C0001B5D0100ABE1000000000000480800002A
:10B1D0004808000051350000513500009B21000057
:10B1E000439B0000B7600000A34D0000F97301000D
:10B1F0008135000081350000BF210000D59B000093
:10B200003F610000174E00000F74010070017001D3
:10B21000400038005C002400200200000300656C40
:10B220007462000000000000000000000000000048
:10B230000000870000000000000000000000000087
:10B240000000BE83605ADB0B376038A5F5AA9183F6
:10B25000886C0000010000008B0801005D170100F0
:10B2600000000001020603040500000007000000C2
:10B2700000000000060000000A000000320000008C
:10B2800073000000B4000000F401FA0096006400AE
:10B290004B0032001E0014000A00050002000100ED
:10B2A0000041000000000000AB830100E5870100C1
:10B2B0008F870100BD830100000000002989010083
:10B2C0000C0802170D010102090901010602091803
:10B2D00018030101090903030500000049A2010048
:10B2E00061A2010079A2010091A20100C1A20100A6
:10B2F000E9A2010013A3010047A30100C79F0100B9
:10B30000039F010023A0010007AD01000D360100DD
:10B310001D360100493601001B37010023370100AB
:10B32000353701007FA0010099A001006DA0010048
:10B3300077A00100A5A00100DBA00100ED9B0100AA
:10B34000FBA0010009A1010017A1010027A1010034
:10B350003FA1010057A101006DA10100ED9B01007B
:10B3600000000000B7A900000DAA000023AA0000F9
:10B37000D9A80100199C0100E59C0100D3AB010094
:10B3800011AC01003BAC0100113401005D3901003A
:10B3900083A10100A9A10100CDA10100F3A1010039
:10B3A0001C0500402005004000100200CCB3010045
:10B3B00008000020980100004411000000B40100C2
:10B3C000A0010020100E00008011000001150545AD
:10B3D000481000200519A40500203601000100884E
:10B3E0003720FB349B5F80041F8000100D9DCB092C
:10B3F0000020880900200E0A0020024810000000EA
:10C0000000000220BD750300E5750300E77503001D
:10C01000E9750300EB750300ED75030000000000F7
:10C02000000000000000000000000000EF750300A9
:10C03000F175030000000000F3750300F5750300BF
:10C04000F77503007D6F02005D7403002174030027
:10C0500035740300F7750300395D03004D4C030090
:10C06000497003005170030059700300F775030015
:10C07000F7750300F7750300F7750300F775030004
:10C08000F77503009D7D0300F7750300F775030046
:10C09000F7750300F7750300C1B40300F7750300DB
:10C0A000F7750300F7750300617003006970030002
:10C0B000F7750300F77503000000000000000000A2
:10C0C000F7750300F7750300F77503004974030063
:10C0D000F7750300F7750300F7750300F7750300A4
:10C0E0008574030000000000000000000000000054
:10C0F00000000000F77503000000000071740300E9
:10C10000000000000000000000000000000000002F
:10C11000000000000000000000000000000000001F
:10C12000000000000000000000000000000000000F
:10C1300000000000000000000000000000000000FF
:10C1400000000000000000000000000000000000EF
:10C1500000000000000000000000000000000000DF
:10C1600000000000000000000000000000000000CF
:10C1700000000000000000000000000000000000BF
:10C1800000000000000000000000000000000000AF
:10C19000000000000000000000000000000000009F
:10C1A000000000000000000000000000000000008F
:10C1B000000000000000000000000000000000007F
:10C1C000000000000000000000000000000000006F
:10C1D000000000000000000000000000000000005F
:10C1E000000000000000000000000000000000004F
:10C1F000000000000000000000000000000000003F
:10C200002DE9F04F85B003910778A7F10903042BBE
:10C21000044607F07F0200F10100F5D9202AF3D08F
:10C220002B2F04BF677804462D2F75D09FED427BDE
:10C230008DED007B4FF000084FF000099FB34FF0E9
:10C24000000C25464FF0000ADFF8FCB0644619E008
:10C2500025F020FD80468946304625F0B1FC424657
:10C260004B4625F061FB5246804689465B46DDE938
:10C2700000013CB325F038FECDE90001A44615F8D5
:10C28000017F7FB1A7F13006092E52465B4640463A
:10C290004946DDD9CCB92E2F17D115F8017F0124DD
:10C2A000002FEFD12C4642464B46DDE9000125F038
:10C2B000F1FC80468946039B404649461C6005B018
:10C2C000BDE8F08F4FF0010CD9E72C46BCF1000F10
:10C2D00029D042464B46DDE9000125F0DBFC07F0A2
:10C2E000DF07452F80468946E5D10399681C0A225D
:10C2F00025F0E8FA14490246002026F02BF8024601
:10C300000B464046494625F0C5FC804689464046D6
:10C31000494605B0BDE8F08F9FED097B67788DED4C
:10C32000007B013486E7DFF824904FF00008404698
:10C33000494605B0BDE8F08F000000000000F03F66
:10C34000000000000000F0BF000024400000F87F63
:10C350002DE9F0470023144600228046894625F047
:10C360000BFF28B109F1004399462D2323700134B6
:10C37000002200234046494625F0F4FE28B1302231
:10C38000002322706370BDE8F0874046494622F0E2
:10C39000D1FF25F02FFF73A3D3E9002307464946B9
:10C3A000404625F0E9FE00284ED170A3D3E90023D2
:10C3B0004046494625F0FEFE002845D10E2F07F1E4
:10C3C000010540F3B980A7F10E063246002062490C
:10C3D00025F0C0FF02460B464046494625F084FD45
:10C3E00000225E4B25F0A0FA25F0F0FF002DA7F10A
:10C3F0000F0E4FF0010C4DDD594FDFF8788101220F
:10C4000045F6F3294FF02E0A494508BF40454FF045
:10C4100030030AD3B0EB080061EB0901494508BFBE
:10C42000404503F10103F5D2DBB2237050EA01036A
:10C4300004F101084AD1954252DD0132102A4FD051
:10C44000444677E90289DFE7002F33DB3A460020D4
:10C45000414925F07FFF02460B464046494625F0FC
:10C4600043FD3BA3D3E900238046894601250026EE
:10C470004046494625F00EFC0022384B25F054FA80
:10C4800025F0A4FF002DBC464FF0FF3E37464FF08D
:10C490000006B1DC234630224FF02E0803F8022BB1
:10C4A00084F80180FC4345D01C4403F8012BA342CF
:10C4B000FBD1A1E77A420020274925F04BFF024635
:10C4C0000B464046494625F0E5FBCAE7954202F196
:10C4D000010204BF84F801A004F10208102AAFD1C0
:10C4E0006EB14246302102F8011BC2F101037344D0
:10C4F0004344002BF7DC2EEAEE7301339844BCF181
:10C50000010F12D0BCF1000F4FF0650388F8003026
:10C51000C5BF2B2388F8013008F1010108F10201A1
:10C520006046BDE8F04711F047BA002388F80030B4
:10C53000BDE8F0871C465FE7C7F10E020020064900
:10C5400025F008FF3E4602460B46012790E700BF54
:10C550000000901EC4BCD642000024400000E03F12
:10C56000183004008DEDB5A0F7C6B03E50EFE2D60E
:10C57000E41A4B4400407A1070B54FF0FF3005F0DC
:10C5800019FC04466FF07F4005F014FC0646204677
:10C5900025F006FB00220C4B25F07CFB04463046C0
:10C5A0000D4625F0FDFA06A3D3E9002325F09CFCF7
:10C5B00002460B462046294625F0B6F970BD00BF5D
:10C5C0000000E0DFFFFF6F430000F03D00000000CF
:10C5D0002DE9F843436A044618680D4625F002FB2E
:10C5E000064668680F4625F0EBFA22F0A3FE636A60
:10C5F00095ED037AD3ED007A77EE677A8046894627
:10C6000017EE900A25F0EEFA42464B4625F042FB23
:10C6100007A3D3E9002325F067FC32463B4625F00B
:10C6200083F925F02FFEA063BDE8F883AFF3008007
:10C63000333333333333FF3F4389DA0700F151811A
:10C640002DE9F04F43F001034FF080424381D2F8CF
:10C65000003493B00546002B00F033810FF07CF8D6
:10C6600005F1B8031C460021284607930FF0FEFB96
:10C67000204611F077FDA04C04F1F00654F8043F79
:10C68000184613B11B681B689847B442F6D1284678
:10C6900009F09CFB994B079E0024CDE90E340EABAC
:10C6A00093E8030010238DE803002246029340F232
:10C6B000FD312B4630460FF011FA914BCDE9103485
:10C6C00012AB13E90300C0238DE803000293642238
:10C6D0002B4640F2FD3130460FF000FA6A89894B53
:10C6E000894942F48042E0246A81A02083F809430A
:10C6F0006022802483F80A0383F81A2383F81B231B
:10C7000083F8070383F81C0383F82143402083F850
:10C71000222305F2B472059283F8014383F80203E1
:10C7200083F806031046144615F026F877490746A5
:10C73000204615F021F82B68754A5B6806909342F5
:10C7400040F0CB80642011F045FF4FF0000A5446C2
:10C75000564605F5076B584614F0A4FC002840F037
:10C760008E80002F00F09980FF235246214605F667
:10C77000140017F0E5F82B68654A5B68934240F0B7
:10C780009C80322011F026FF0134E4B2052C06F122
:10C79000010604D10AF1010A5FFA8AFA0024192E6F
:10C7A00078D0002FD7D05849059815F035F938467C
:10C7B00025F0A8FF069825F0A5FF09F051FB0146DA
:10C7C00008A817F01BFC1AF0DBFC47A3D3E90023F1
:10C7D0008046894625F0A6FD0AA8114617F0FAFB07
:10C7E00041A3D3E900234046494625F09BFD3EA3E3
:10C7F000D3E9002325F096FD0BA8114617F0EAFBBC
:10C800003BA3D3E900234046494625F08BFD014672
:10C810000CA817F0DFFB0BAA0CA90DA817F07CFCE5
:10C820000AAA0DA909A817F077FC0DA817F0B2FB0A
:10C830000CA817F0AFFB0BA817F0ACFB0AA817F079
:10C84000A9FB05F10C08059A0092012309AA08A981
:10C8500040460193079B0EF011F909A817F09AFBC7
:10C8600008A817F097FB40465A4605F604010DF05C
:10C87000CBFE584614F016FC00283FF472AF05F6C4
:10C88000880014F00FFC00283FF46BAF182E3FF720
:10C8900068AF69E7002F8AD085E7069B002B7FF4FD
:10C8A00063AF2B681A4A5B6893420FD10A2011F0DC
:10C8B00091FE069813B0BDE8F08F322128469847C4
:10C8C00062E74FF47A7012F007FAC7E628460A21A9
:10C8D0009847069813B0BDE8F08F64212846984722
:10C8E00033E70C48704700BF00CA9A3B00000000C5
:10C8F000000064A7B3B6E00DAC39002065BA0200B1
:10C9000025BA020000E100E0FC44040038460400BF
:10C91000D5B9020016FCFFFF2DE9F04F2DED028B7B
:10C92000044683B0C06825F04BF9804620698946EB
:10C9300025F046F9824660698B4625F041F90246AA
:10C9400001F1004306460F464046494622F0A6FB49
:10C9500025F098FCE062054622F058FA019028463E
:10C9600022F008FA019B0546184625F03BF942469D
:10C970004B4625F08FF980462846894625F032F946
:10C9800032463B4625F086F902460B46404649466C
:10C9900024F0C8FF02460B465046594622F07EFB63
:10C9A00025F070FC002208EE100A002330463946BC
:10C9B00025F000FC28B3B5EEC08AF1EE10FA1CDDBC
:10C9C00011A7D7E9006718EE100A25F00BF9024607
:10C9D0000B463046394624F0A5FF32463B4624F04C
:10C9E000A3FF25F04FFCA062E38843F00203E3803D
:10C9F00003B0BDEC028BBDE8F08F05A7D7E9006757
:10CA0000E1E784ED0A8AEFE7EA2E4454FB21F93F7F
:10CA1000EA2E4454FB21F9BF08B512F0CFFBDFED3D
:10CA20000C7A07EE100A67EE277A17EE900A25F0C7
:10CA3000D9F805A3D3E9002325F056FA25F0DAFB4F
:10CA400008BD00BFAFF30080EA2E4454FB2119401B
:10CA50000000B4430000000008B512F0C3FBDFED96
:10CA60000C7A07EE100A67EE277A17EE900A25F087
:10CA7000B9F805A3D3E9002325F036FA25F0BAFB6F
:10CA800008BD00BFAFF30080EA2E4454FB211940DB
:10CA90000000B4430000000070B52DED068B044685
:10CAA00084B0406CDFED34AA12F09CFB0646606C4B
:10CAB00012F084FB02222146054601A812F0DAFC9E
:10CAC000DDED027AB8EEE78ADDED037A3046B8EEA6
:10CAD000E79A22F09BF90AEE100A304622F04AF952
:10CAE00009EE900A284622F091F908EE900A2846AD
:10CAF00022F040F968EE287A9DED017A06EE900A60
:10CB0000B8EEC77A67EE8A7A29EEC88AE7EE267A07
:10CB100069EE288AA9EE0A8AE8EEA97A18EE101AB8
:10CB200017EE900A22F04AFD07EE900A67EEAA7A05
:10CB300017EE900A25F056F80DA3D3E9002325F04F
:10CB4000D3F925F09FFBDFED0D7A07EE100A77EEA3
:10CB5000C77AF5EEC07AF1EE10FA48BF77EEAA7AFE
:10CB6000FDEEE77A17EE900A04B0BDEC068B70BDBF
:10CB7000EA2E4454FB2119400000B4430000B442A3
:10CB800000B585B00122014601A812F073FCDDED6D
:10CB9000027AF8EEE77A17EE901ADDED017AF8EEF8
:10CBA000E77A17EE900A22F009FDDFED137A07EE1F
:10CBB000100A67EE277A17EE900A25F013F80CA3F7
:10CBC000D3E9002325F090F925F05CFB07EE900AED
:10CBD000F5EEC07AF1EE10FA44BF9FED087A77EED9
:10CBE000877AFDEEE77A17EE900A05B05DF804FB50
:10CBF000EA2E4454FB210940000034430000B443B2
:10CC0000494A21F0004393422DE9704304460D4602
:10CC100049DC464A93420E460EDC3FA3D3E900238B
:10CC200024F082FE0022424B25F0C4FA00284AD0AC
:10CC300020462946BDE870833E4A934239DCB3F171
:10CC4000804F40DD21F084FF2246804689462B46F6
:10CC50002046294625F01EF80022354B24F064FEBC
:10CC600023F024F842464B4624F05EFE02460B4673
:10CC700000202F4925F038F9424604460D464B4620
:10CC80004046494624F050FE02460B4620462946BF
:10CC900024F04AFE01F0A0FE002E08DC01F1004362
:10CCA0001946BDE8708302460B4624F03DFEBDE800
:10CCB000708321F04DFF01F08FFE19A3D3E900230B
:10CCC00024F032FEE8E722462B462046294624F08F
:10CCD000E1FF804689462046294621F039FF00229F
:10CCE00004460D46124B4046494624F01DFE22F0F4
:10CCF000DDFF00220E4B24F017FE02460B46404695
:10CD0000494625F0F1F822462B4624F00DFE00F0AE
:10CD1000A7FAC1E7AFF300809C7500883CE4377E3A
:10CD2000EF39FAFE422EE63FFFFFEF7FFFFF2F3E77
:10CD30000000F03F0000B0412DE9F84FBE4B21F05C
:10CD400000469E4204460D468A460EDDBB4B9E427F
:10CD500000F3B18000F0AC80BAF1000F40F3EA803C
:10CD600099A1D1E90001BDE8F88FB54B9E4200F3CF
:10CD7000BA80A3F1DE739E4240F3A5804FF0FF3BE3
:10CD800022462B462046294624F084FF02460B46C5
:10CD90008046894624F07EFF8DA3D3E90023064612
:10CDA0000F4624F077FF8CA3D3E9002324F0BCFDC9
:10CDB00032463B4624F06EFF89A3D3E9002324F0DA
:10CDC000B3FD32463B4624F065FF87A3D3E9002339
:10CDD00024F0AAFD32463B4624F05CFF84A3D3E94D
:10CDE000002324F0A1FD32463B4624F053FF82A3EA
:10CDF000D3E9002324F098FD42464B4624F04AFF35
:10CE00007FA3D3E90023804689463046394624F083
:10CE100041FF7DA3D3E9002324F084FD32463B4645
:10CE200024F038FF7AA3D3E9002324F07BFD3246B7
:10CE30003B4624F02FFF78A3D3E9002324F072FDB2
:10CE400032463B4624F026FF75A3D3E9002324F0A5
:10CE500069FD32463B4624F01DFF02460B46404624
:10CE6000494624F061FD22462B4624F013FFBBF116
:10CE7000FF3F02460B4661D0724B734E4FEACB0B1D
:10CE80005B44D3E9002324F04DFD22462B4624F0D9
:10CE900049FDB34402460B46DBE9000124F042FDA4
:10CEA000BAF1000F0DDA01F100431946BDE8F88F21
:10CEB00000283FF451AF22462B462046294624F055
:10CEC00033FDBDE8F88F58A3D3E9002324F02CFDEF
:10CED00000225E4B25F06EF900283FF44FAF20464C
:10CEE0002946BDE8F88F21F033FE594B9E42044697
:10CEF0000D4629DCA3F550239E424EDC02460B462C
:10CF000024F012FD0022514B24F00CFD00220646B5
:10CF10000F464FF080432046294624F005FD024687
:10CF20000B463046394624F0DFFF4FF0000B044635
:10CF30000D4625E73EA1D1E90001C2E7204629467A
:10CF400024F0F0FCBDE8F88F424B9E421ADC002230
:10CF5000414B24F0E7FC002206460F463E4B20469C
:10CF6000294624F097FE0022384B24F0DDFC0246CF
:10CF70000B463046394624F0B7FF4FF0020B04460B
:10CF80000D46FDE602460B460020344924F0ACFF76
:10CF90004FF0030B04460D46F2E600222B4B24F023
:10CFA000C1FC002206460F46284B2046294624F0A5
:10CFB000BBFC02460B463046394624F095FF4FF045
:10CFC000010B04460D46DBE6182D4454FB21F93FC6
:10CFD00011DA22E33AAD903FEB0D76244B7BA93F6B
:10CFE000513DD0A0660DB13F6E204CC5CD45B73F39
:10CFF000FF8300922449C23F0D5555555555D53FE5
:10D000002F6C6A2C44B4A2BF9AFDDE522DDEAD3FD8
:10D010006D9A74AFF2B0B33F711623FEC671BC3F78
:10D02000C4EB98999999C93F9C7500883CE4377E78
:10D03000182D4454FB21F9BFFFFF0F440000F07F7F
:10D04000FFFFDB3F40300400203004000000F03FD1
:10D05000FFFFF23FFF7F03400000F83F0000F0BFFA
:10D060002DE9F041C1F30A57A7F2FF35132D02460F
:10D070000B460C468846064620DC002D4ADB364F20
:10D080002F4101EA070C5CEA000C1CD030A3D3E965
:10D09000002324F049FC0022002325F08BF848B13E
:10D0A000002C04DD4FF4801343FA05F5A84428EA68
:10D0B0000704002621463046BDE8F081332D06DD09
:10D0C000B5F5806F38D010461946BDE8F081A7F25B
:10D0D00013474FF0FF3C2CFA07F70742F3D01CA38D
:10D0E000D3E9002324F020FC0022002325F062F87D
:10D0F0000028DFD0002C09DD142D22D00123C5F13A
:10D10000340503FA05F5AE1928BF984426EA070648
:10D110004446CFE70EA3D3E9002324F005FC002208
:10D12000002325F047F80028C4D0002C0CDB264350
:10D1300005D00026094CBDE724F0F6FBC5E73446D0
:10D14000B8E704F10108E1E700264FF00044B1E739
:10D150009C7500883CE4377EFFFF0F000000F03F25
:10D160002DE9F041C1F30A57A7F2FF35132D02460E
:10D170000B460C46884606461DDC002D3CDB364F30
:10D180002F4101EA070C5CEA000C19D030A3D3E967
:10D19000002324F0C9FB0022002325F00BF8C8B3BC
:10D1A000002C04DA4FF4801343FA05F5A84428EA6A
:10D1B000070400262EE0332D06DDB5F5806F2DD057
:10D1C00010461946BDE8F081A7F213474FF0FF3C27
:10D1D0002CFA07F70742F3D01DA3D3E9002324F06C
:10D1E000A3FB0022002324F0E5FF98B1002C21DBF3
:10D1F00026EA070644460DE015A3D3E9002324F0F0
:10D2000093FB0022002324F0D5FF18B1002C08DB8B
:10D210000026344621463046BDE8F08124F084FBE8
:10D22000D0E724F000430D4A1E43002E18BF1446D9
:10D230000026EFE7142D08D00123C5F1340503FAC9
:10D2400005F5AE1928BF9844D2E704F10108CFE7ED
:10D250009C7500883CE4377EFFFF0F000000F0BFA4
:10D260002DE9F04FD84B994287B08046894643DD7F
:10D27000D64B99420E4600F3F480D54B994240F3C9
:10D280002D819FEDBB7B8DED047B4FEA215A044637
:10D29000AAF2FF3ACF4BC6F313069E4246F07F55E3
:10D2A00000F3128145F44015204629460022CA4B5E
:10D2B00024F038FB002204460D46C84B24F0EAFC5B
:10D2C00022462B4624F0E6FCA046CDE90201A94601
:10D2D000CDE90001002E3AD1002200232046294644
:10D2E00024F040FF002800F01B81BAF1000F40F04D
:10D2F000858100200021B8E0B94B21F000449C4218
:10D300000A460FDD0022B74B24F02CFF002800F066
:10D31000AF80002200230020B34924F0E5FD07B0D0
:10D32000BDE8F08FB14B9C4240F3AF80B04B1A4444
:10D330009A4240F2D3800022A84B24F0ABFC424634
:10D340004B4624F0A7FCCDE900014FF0000A002273
:10D350004FF080434046494624F0E6FA02460B4629
:10D360004046494624F0C0FD02460B4606460F469D
:10D3700024F090FC80A3D3E9002304460D4624F05A
:10D3800089FC7FA3D3E9002324F0CEFA22462B4662
:10D3900024F080FC7CA3D3E9002324F0C5FA2246C4
:10D3A0002B4624F077FC7AA3D3E9002324F0BCFABF
:10D3B00022462B4624F06EFC77A3D3E9002324F009
:10D3C000B3FA22462B4624F065FC75A3D3E900236B
:10D3D00024F0AAFA22462B4624F05CFC72A3D3E97F
:10D3E000002324F0A1FA22462B4624F053FCDDE969
:10D3F000002324F099FA32463B4624F04BFC0446C5
:10D400000D46BAF1000F00F0A880504624F0D8FB7A
:10D4100067A3D3E9002382468B4624F03BFC66A336
:10D42000D3E9002306460F465046594624F032FC05
:10D43000DDE9042324F078FA22462B4624F074FA1E
:10D4400002460B46DDE9000124F06CFA42464B46E9
:10D4500024F068FA02460B463046394624F062FA58
:10D4600003E002460B4624F05FFA07B0BDE8F08FF8
:10D4700042464B464046494624F054FA02460B4683
:10D4800024F032FD07B0BDE8F08F0022594B24F0A4
:10D490004BFA0022002324F08DFE10B1564B9C4223
:10D4A00062DD42464B464046494624F0F3FB0022EB
:10D4B0004A4B24F0EFFB02460B464046494624F017
:10D4C00031FA07B0BDE8F08F45F40015C6F58016B7
:10D4D00020462946B6100AF1010AE7E600223E4B33
:10D4E0004046494624F020FA4FEA215AAAF2FF3A70
:10D4F000BAF1000F04460D460E4640F3BD80424689
:10D500004B4624F00FFA02460B460020324924F025
:10D5100009FA22462B4624F0E7FCCDE90401B9E6DE
:10D5200027A3D3E900232046294624F0B3FB024673
:10D530000B460020284924F0F5F9DDE9022324F008
:10D54000A9FB06460F46BAF1000F75D102460B46FD
:10D550002046294624F0E6F987E702460B46DDE936
:10D56000000124F0DFF9A6E7404649467DE700BF09
:10D57000000000000000000044523EDF12F1C23FF4
:10D580009FC678D0099AC33FDE03CB966446C73F57
:10D59000AF788E1DC571CC3F599322942449D23F58
:10D5A00004FA97999999D93F935555555555E53FA3
:10D5B0000000E0FE422EE63F763C7935EF39EA3D49
:10D5C000555555555555E53F7982DA3FFFFFEF7FB9
:10D5D000FFFF3F439DA006000000F03F0000E03F3A
:10D5E000FFFFEF3F0000F0BF000050C3FFFF1F3EF2
:10D5F0003C412D4000005043FFFF8F3C504624F03B
:10D60000DFFA24A3D3E9002306460F4624F042FBA9
:10D61000DDE9042324F088F920A3D3E9002304469C
:10D620000D463046394624F035FB02460B4620466F
:10D63000294624F079F918E7504624F0C1FA17A3D7
:10D64000D3E9002382468B4624F024FB11A3D3E9BF
:10D650000023804689465046594624F01BFBDDE9ED
:10D66000042324F061F902460B463046394624F083
:10D6700059F922462B4674E70022054B24F052F953
:10D6800002460B464046494624F04CF941E700BFAC
:10D690000000F03F763C7935EF39EA3D0000E0FECE
:10D6A000422EE63F0000000008B521F0C5FD04A3AE
:10D6B000D3E9002324F018FC08BD00BFAFF30080BD
:10D6C000EF39FAFE422EE63F2DE9F043DFF8B48051
:10D6D0008BB004460D4600F057FF98F90030013337
:10D6E00006460F462CD022462B462046294624F0DB
:10D6F0006BFD814620BB2046294621F029FA1FA355
:10D70000D3E9002324F056FDD0B1194A98F900302E
:10D71000CDF820900321CDE90445CDE90245CDE9BE
:10D72000001293B113490020022BCDE9060111D15B
:10D7300024F070F822230360089B9BB9DDE906679B
:10D74000304639460BB0BDE8F0830B4B4FF06042DA
:10D75000CDE90623684623F009FD0028E8D0089BA0
:10D76000002BEBD024F056F8089B0360E6E700BFDF
:10D77000DC5A04000000F07FFFFFEF477DF8B98F0F
:10D78000CE338640182300202DE9F043DFF8E480F3
:10D790008BB004460D4600F0A7FF98F90030013326
:10D7A00006460F4633D02046294623F0D9FC70B3F5
:10D7B0002CA3D3E900232046294624F0FBFC814614
:10D7C00050BB2AA3D3E900232046294624F0D4FCE9
:10D7D000E8B198F90030204ACDF8209000200021CF
:10D7E0000426022BCDE90445CDE902450096CDE99A
:10D7F0000601019229D0684623F0B8FC28B3089BA3
:10D800001BB124F007F8089B0360DDE9066730468A
:10D8100039460BB0BDE8F0830F4A98F90030019209
:10D8200003210022CDE90445CDE90245009108928B
:10D830002BB90A4B4FF06042CDE90623DBE70849DC
:10D840000020022BCDE90601D5D123F0E3FF2223EE
:10D850000360D4E7AFF30080E45A0400FFFFEF4712
:10D860000000F07FEF39FAFE422E864051302DD570
:10D87000104987C0182300202DE9F84FC44E21F02D
:10D880000043B34204460D460DDD03F1404303F56A
:10D890008013034340F0B980002940F34081002009
:10D8A0000021BDE8F88FBB4EB34208DCBA4A934270
:10D8B00000F3B5809CA1D1E90001BDE8F88F0029F3
:10D8C000C0F2708102460B460020B44924F02AF8C9
:10D8D0000022B34B24F0DEF904460D4622F0E6F9AF
:10D8E00093A3D3E90023894680462946204624F0A5
:10D8F000D1F991A3D3E9002324F016F822462B4650
:10D9000024F0C8F98EA3D3E9002324F00BF82246B3
:10D910002B4624F0BFF98CA3D3E9002324F004F8AC
:10D9200022462B4624F0B6F989A3D3E9002323F03D
:10D93000F9FF22462B4624F0ADF987A3D3E9002353
:10D9400023F0F2FF22462B4624F0A4F984A3D3E966
:10D95000002382468B462046294624F09BF982A369
:10D96000D3E9002323F0DEFF22462B4624F092F970
:10D970007FA3D3E9002323F0D7FF22462B4624F0D0
:10D9800089F97DA3D3E9002323F0CCFF22462B465F
:10D9900024F080F90022814B23F0C6FF02460B469B
:10D9A0005046594624F0A0FA42464B4624F072F9FC
:10D9B000002682468B4632464B463046494624F086
:10D9C00069F902460B462046294623F0ABFF324652
:10D9D00004460D464B464046494623F0A5FF024605
:10D9E0000B462046294624F07FFA02460B46504655
:10D9F000594623F099FF32464B4623F095FF0246E5
:10DA00000B4623F091FFBDE8F88F02460B4623F04A
:10DA100089FF02460B4624F067FABDE8F88F0246FC
:10DA20000B4624F037F942A3D3E9002306460F46FC
:10DA300024F030F940A3D3E9002323F075FF3246E8
:10DA40003B4624F027F93EA3D3E9002323F06AFFE5
:10DA500032463B4624F01EF93BA3D3E9002323F0D2
:10DA600063FF32463B4624F015F939A3D3E900237E
:10DA700023F058FF32463B4624F00CF936A3D3E995
:10DA8000002323F051FF32463B4624F003F934A330
:10DA9000D3E90023804689463046394624F0FAF817
:10DAA00031A3D3E9002323F03DFF32463B4624F067
:10DAB000F1F82FA3D3E9002323F036FF32463B468B
:10DAC00024F0E8F82CA3D3E9002323F02BFF3246FF
:10DAD0003B4624F0DFF80022304B23F025FF0246BE
:10DAE0000B464046494624F0FFF922462B4624F0D7
:10DAF000D1F802460B4622A1D1E9000123F012FF22
:10DB000002460B462046294623F00CFF02460B46F0
:10DB100005A1D1E9000123F005FFBDE8F88F1AA1A6
:10DB2000D1E9000179E700BF182D4454FB21F93FEA
:10DB300009F7FD0DE13D023F88B20175E0EF493F75
:10DB40003B8F68B52882A43F5544880E55C1C93F14
:10DB50007D6FEB0312D6D43F555555555555C53FEE
:10DB600082922EB1C5B8B33F59018D1B6C06E63FBA
:10DB7000C88A599CE52A00404B2D8A1C273A03404D
:10DB8000075C143326A6913C182D4454FB21094010
:10DB9000FFFFEF3FFFFFDF3F0000603C0000F03F72
:10DBA0000000E03F00225C4B23F0BEFE00225B4BF6
:10DBB00024F070F840A3D3E9002304460D4624F076
:10DBC00069F83FA3D3E9002323F0AEFE22462B469B
:10DBD00024F060F83CA3D3E9002323F0A3FE2246FF
:10DBE0002B4624F057F83AA3D3E9002323F09CFEF8
:10DBF00022462B4624F04EF837A3D3E9002323F026
:10DC000091FE22462B4624F045F835A3D3E90023A4
:10DC100023F08AFE22462B4624F03CF880468946B3
:10DC20002046294622F042F82FA3D3E900230646D6
:10DC30000F462046294624F02DF82DA3D3E90023D2
:10DC400023F070FE22462B4624F024F82AA3D3E9C1
:10DC5000002323F069FE22462B4624F01BF828A35C
:10DC6000D3E9002323F05EFE22462B4624F012F86F
:10DC70000022294B23F058FE02460B4640464946F7
:10DC800024F032F932463B4624F004F81EA3D3E9CF
:10DC9000002323F047FE32463B4623F045FE024672
:10DCA0000B4623F041FE02460B4619A1D1E90001C3
:10DCB00023F038FEB1E600BF09F7FD0DE13D023F5C
:10DCC00088B20175E0EF493F3B8F68B52882A43FD9
:10DCD0005544880E55C1C93F7D6FEB0312D6D43F22
:10DCE000555555555555C53F82922EB1C5B8B33FD0
:10DCF00059018D1B6C06E63FC88A599CE52A0040F5
:10DD00004B2D8A1C273A0340075C143326A6913C0E
:10DD1000182D4454FB2109400000F03F0000E03F73
:10DD2000414A91422DE9F84304460D4637DD3F4A0A
:10DD300091420B4608DD02F1795291423DDD0246E7
:10DD400023F0F2FDBDE8F88301F1404202F58012B4
:10DD500002432ED0B1F1804F37DC0022344B23F048
:10DD6000E1FD02460B4604460D4623F0DDFD22464A
:10DD700006460F462B462046294623F08BFF0246D7
:10DD80000B463046394623F0CFFD21F08FFF224667
:10DD90002B4623F0C9FDBDE8F843FFF761BA024600
:10DDA0000B4623F0BFFD02460B4624F09DF8BDE86C
:10DDB000F88300200021BDE8F88300F00DFE18A3D1
:10DDC000D3E9002323F0B0FDF1E7024623F062FF20
:10DDD0000022174B23F0A6FD21F068FF2246804663
:10DDE00089462B462046294623F09EFD22460646BC
:10DDF0000F462B464046494623F096FD02460B4609
:10DE000000200B4924F070F80B4602463946304694
:10DE100023F088FDBDE8F84300F0DEBDAFF30080DD
:10DE2000EF39FAFE422EE63FFFFFEF3FFFFFAF4123
:10DE30000000F03F000000002DE9F04FAE4B21F054
:10DE400000479F4287B004460D4611DD07F1404769
:10DE500007F5801703463B4321D002460B4623F0CB
:10DE600061FD02460B4624F03FF807B0BDE8F08F95
:10DE7000A24B9F420E4629DCB7F1795F80F24681C2
:10DE800081A3D3E9002323F04FFD00229C4B24F013
:10DE900091F9D8B12046294607B0BDE8F08F7CA3A0
:10DEA000D3E9002323F0F6FE7BA3D3E90023064643
:10DEB0000F462046294623F0EDFE02460B4630462B
:10DEC000394623F031FD07B0BDE8F08F20462946E2
:10DED00020F03EFE02460B460020894923F022FD39
:10DEE0000022884B23F0D6FE6DA3D3E9002304461D
:10DEF0000D4623F0CFFE6CA3D3E9002323F014FDDD
:10DF000022462B4623F0C6FE69A3D3E9002323F063
:10DF100009FD22462B4623F0BDFE67A3D3E900236B
:10DF200023F002FD22462B4623F0B4FE64A3D3E97E
:10DF3000002323F0F7FC22462B4623F0ABFE62A31E
:10DF4000D3E9002323F0F0FC22462B4623F0A2FE67
:10DF50005FA3D3E90023CDE900012046294623F041
:10DF600099FE5DA3D3E9002323F0DCFC22462B4677
:10DF700023F090FE5AA3D3E9002323F0D5FC2246D8
:10DF80002B4623F087FE58A3D3E9002323F0CAFCD5
:10DF900022462B4623F07EFE594B002223F0C4FC80
:10DFA00082468B4620462946CDE902AB21F07EFE13
:10DFB000554B9F428046894600F3198102460B4625
:10DFC00023F0B2FCDDE90223CDE90401DDE9000123
:10DFD00023F08AFF02460B46DDE9040123F05AFED6
:10DFE0004FF0000ACDE9000152464B4650464946E3
:10DFF00023F050FE02460B462046294623F092FCB1
:10E00000524604460D464B464046494623F08CFC9A
:10E0100002460B462046294623F066FF02460B4681
:10E0200023F082FC02460B461BA1D1E9000123F03C
:10E0300079FC02460B46DDE9000123F073FC5246F1
:10E0400004460D464B465046494623F06DFC0246B9
:10E050000B4627A1D1E9000123F064FC02460B46E0
:10E060002046294623F05EFC02460B4620A1D1E95A
:10E07000000123F057FC002E3FF7F7AE01F10043FB
:10E080001946F2E6AFF300809C7500883CE4377EC9
:10E09000182D4454FB21F93F075C143326A6913C0C
:10E0A00009F7FD0DE13D023F88B20175E0EF493F00
:10E0B0003B8F68B52882A43F5544880E55C1C93F9F
:10E0C0007D6FEB0312D6D43F555555555555C53F79
:10E0D00082922EB1C5B8B33F59018D1B6C06E63F45
:10E0E000C88A599CE52A00404B2D8A1C273A0340D8
:10E0F000182D4454FB21E93FFFFFEF3FFFFFDF3FB7
:10E100000000F03F0000E03F3233EF3F02460B4695
:10E1100023F0C0FD4BA3D3E9002306460F4623F0AE
:10E12000B9FD4AA3D3E9002323F0FEFB32463B4668
:10E1300023F0B0FD47A3D3E9002323F0F3FB3246DD
:10E140003B4623F0A7FD45A3D3E9002323F0ECFBD6
:10E1500032463B4623F09EFD42A3D3E9002323F041
:10E16000E1FB32463B4623F095FD40A3D3E9002373
:10E1700023F0DAFB32463B4623F08CFD3DA3D3E986
:10E180000023804689463046394623F083FD3BA371
:10E19000D3E9002323F0C6FB32463B4623F07AFD49
:10E1A00038A3D3E9002323F0BFFB32463B4623F0DC
:10E1B00071FD36A3D3E9002323F0B4FB32463B467E
:10E1C00023F068FD00221E4B23F0AEFB02460B46F7
:10E1D0004046494623F088FE22462B4623F05AFD4E
:10E1E00022462B4623F0A0FB07B0BDE8F08F524635
:10E1F0005B46DDE9000123F077FE42464B4623F003
:10E2000049FD42464B4623F08FFB02460B4623F066
:10E210008BFB07A3D3E9002323F084FB02460B46C4
:10E2200005A1D1E9000123F07DFB24E7AFF30080D5
:10E23000075C143326A6913C182D4454FB21F93F6A
:10E240000000F03F09F7FD0DE13D023F88B2017586
:10E25000E0EF493F3B8F68B52882A43F5544880EC4
:10E2600055C1C93F7D6FEB0312D6D43F5555555567
:10E270005555C53F82922EB1C5B8B33F59018D1B8C
:10E280006C06E63FC88A599CE52A00404B2D8A1C43
:10E29000273A0340000000002DE9F84F1D46534285
:10E2A000134325F00049DFF8C8C149EAD373634539
:10E2B000144606460F4626D8C0F1000848EA000872
:10E2C00021F0004A4AEAD878E04503468B461AD83E
:10E2D00005F1404808F5801858EA0208AE4643D0D8
:10E2E0004FEAA57808F002085AEA030348EAD17811
:10E2F00011D1B8F1020F55D0B8F1030F09D14AA1DD
:10E30000D1E9000105E032463B462046294623F08C
:10E310000BFBBDE8F88F59EA020329D0E1452ED066
:10E32000E24525D0AAEB09094FEA2959B9F13C0F7A
:10E330003CDC002D3EDA19F13C0F3BDA00200021D5
:10E34000B8F1010F4ED0B8F1020F3ED0B8F1000F76
:10E35000DFD037A3D3E9002323F0E4FA36A3D3E9CF
:10E36000002323F0DFFAD4E7BDE8F84FFEF7E4BC62
:10E37000BBF1000F12DB32A1D1E90001C9E7CA45A8
:10E3800034D0B8F1020F0DD0B8F1030FB7D0B8F107
:10E39000010F4FF0000036D00021BAE72AA1D1E9E1
:10E3A0000001B6E724A1D1E90001B2E724A1D1E937
:10E3B0000001C5E722462B463046394623F094FD3E
:10E3C00020F0C6FBFEF7B8FCBAE719A3D3E9002397
:10E3D00023F0A8FA02460B4617A1D1E9000123F069
:10E3E000A1FA96E701F10043194692E7B8F1020F4E
:10E3F00014D0B8F1030F0DD0B8F1010F06D014A15D
:10E40000D1E9000185E74FF0004182E712A1D1E98F
:10E4100000017EE712A1D1E900017AE712A1D1E95A
:10E42000000176E7AFF30080182D4454FB2109C0AA
:10E43000075C143326A6A13C182D4454FB21094047
:10E44000182D4454FB21F93F182D4454FB21F9BFEA
:10E45000182D4454FB21E93F182D4454FB21E9BFFA
:10E46000D221337F7CD902C0D221337F7CD90240B4
:10E470000000F07F0000000043422DE9F047034315
:10E4800021F000463C4A46EAD373934204460D46C7
:10E490002AD8964240D0394B9E428A462EDD384BD0
:10E4A0009E4235463FDD33460246314623F03CFA74
:10E4B000224606460F462B4600202F4923F032FA0B
:10E4C00002460B463046394623F00EFDFEF7C8FEE5
:10E4D00000222C4B23F0DEFBBAF1000F0CDA01F125
:10E4E00000431946BDE8F08702460B4623F01AFAAE
:10E4F00002460B4623F0F8FCBDE8F0871CA3D3E9E5
:10E50000002323F011FA0022002323F053FE48B128
:10E5100020462946BDE8F0870022002323F0E4FCD2
:10E52000BDE8F087354622462B462046294623F093
:10E53000FBF922462B4606460F4623F0ABFB22464C
:10E54000804689462B4600200B4923F0EBF9024612
:10E550000B464046494623F0C7FC32463B4623F073
:10E56000E3F9FEF77DFE0022064B23F093FBB3E7B1
:10E570009C7500883CE4377E0000F03FFFFF2F3E93
:10E58000FFFFDF3F0000E03F2DE9F8434E4B21F055
:10E5900000449C4206460F461BDC4C4B9C4222DD4D
:10E5A0004B4B9C4254DD4B4B9C4246DD4A4B9C42BC
:10E5B0006FDD01339C4269D041A3D3E900231046AB
:10E5C000194623F067FB06460F4630463946BDE83C
:10E5D000F88302460B4623F05DFB06460F463046A5
:10E5E0003946BDE8F88320F0B3FA01F0F9FE0022C5
:10E5F0003A4B8046894623F097F9B4F1725F06469C
:10E600000F46ECDB42464B464046494623F042FB70
:10E6100032463B4604460D463046394623F084F9DF
:10E6200002460B462046294623F05EFC00222B4B77
:10E6300023F07AF906460F46D1E720F089FA00F078
:10E6400053F80022264B23F025FB06460F46C6E76B
:10E6500020F07EFA00F048F80022214B06460F46D3
:10E6600023F018FB324604460D463B4600201C4969
:10E6700023F03AFC02460B462046294623F054F983
:10E6800006460F4630463946BDE8F883154B98429A
:10E6900092D83046394620F05BFA0022104B23F026
:10E6A000F9FA00F021F8002204460D460C4B23F045
:10E6B000F1FA22462B4623F0EDFA06460F468EE786
:10E6C0009C7500883CE4377EFFFFEF7F422ED63FEB
:10E6D000FFFF3540412E8640CD3386400000F03F9D
:10E6E0000000E03F7DF8B98F2DE9F047B04F21F0F1
:10E6F0000042BA4284B004460D464FEAD17610D9A2
:10E70000AC4FBA4240F28A80C1F31303034302467E
:10E7100040F0F180002E7ED00020002104B0BDE842
:10E72000F087A54B9A4200F2B680A44B9A4240F281
:10E73000D1804FF0000A22462B462046294623F07E
:10E74000A9FA85A3D3E9002306460F4623F0A2FACF
:10E7500083A3D3E9002323F0E5F832463B4623F0B8
:10E7600099FA81A3D3E9002323F0DEF832463B4631
:10E7700023F090FA7EA3D3E9002323F0D3F83246A6
:10E780003B4623F087FA7CA3D3E9002323F0CCF89F
:10E7900032463B4623F07EFA02460B462046294687
:10E7A00023F0C0F802460B4606460F46204629468F
:10E7B00023F070FA80468946BAF1000F00F0AB8072
:10E7C00032463B4600204FF0804123F0ABF8024632
:10E7D0000B464046494623F087FB02460B46DDE9DF
:10E7E000020123F09FF8DDE9002323F09BF80B469C
:10E7F00002467349002023F095F86FF47F739A4521
:10E8000080F2A3800AF57A7A01EB0A5100224FF0D8
:10E81000B87323F03FFA04B0BDE8F08758A3D3E9FA
:10E82000002323F0C7FC00286BD157A3D3E90023B2
:10E830002046294623F0A0FC00287FF46DAF6149F3
:10E8400053A3D3E9002301EBC6062046294623F053
:10E8500021FAD6E9002323F067F823F0CBFC8246A7
:10E8600023F0AEF94CA3D3E9002306460F4623F06C
:10E8700011FA02460B462046294623F053F848A3D6
:10E88000D3E90023CDE900013046394623F002FAEE
:10E89000CDE9020115E04C4B9A42D0D84B4BF40025
:10E8A0002344D3E9002323F03DF8494B234493ED5F
:10E8B000007BCDE900018DED027BC6F1010AAAEBD8
:10E8C000060ADDE90223DDE9000123F02BF8044606
:10E8D0000D4630E734A3D3E9002323F025F80022C6
:10E8E000374B23F067FCA8B3204629460022344B5F
:10E8F00023F01AF88FE70B4623F016F804B0BDE8B2
:10E90000F08729A3D3E900231046194623F0C2F962
:10E9100004B0BDE8F0873046394600224FF080430E
:10E9200023F000F802460B464046494623F0DCFA45
:10E9300022462B4622F0F6FF02460B4600202049D5
:10E9400022F0F0FF04B0BDE8F08701EB0A5104B0FB
:10E95000BDE8F0878246EEE6D0A4BE726937663E17
:10E96000F16BD2C541BDBB3E2CDE25AF6A56113FCF
:10E9700093BDBE166CC1663F3E5555555555C53FB6
:10E98000EF39FAFE422E864051302DD5104987C00E
:10E99000FE822B654715F73F0000E0FE422EE63F62
:10E9A000763C7935EF39EA3D9C7500883CE4377E4A
:10E9B000412E8640FFFFEF7F422ED63FFFFF2F3EC6
:10E9C0000000F03F60300400B1A2F03F703004005E
:10E9D00080300400000000002DE9F04FB1F5801FE9
:10E9E00085B006460F460B4680F2D08021F00042EB
:10E9F000024300F0DA800029C0F2E9800022D64B01
:10EA000023F048F9D54A0B46934206460F466FF06D
:10EA1000350E00F3C180C3F3130505F5152C0CF674
:10EA2000647C0CF4801C8CF07F5282F440121C1524
:10EA300042EA0507A4F2FF3474440022C84B304672
:10EA4000394604EB1C5422F06DFFAB1CC3F31303D7
:10EA5000022B82468B464FF0000240F3AF804FF00E
:10EA6000804322F061FF02460B465046594623F090
:10EA70003BFA064620460F4623F0A2F83246CDE97F
:10EA800002013B4630463946CDE9006723F002F9E2
:10EA900002460B468046894623F0FCF89AA3D3E948
:10EAA000002306460F4623F0F5F899A3D3E9002387
:10EAB00022F03AFF32463B4623F0ECF896A3D3E926
:10EAC000002322F031FF32463B4623F0E3F894A3C3
:10EAD000D3E9002322F028FF42464B4623F0DAF820
:10EAE00091A3D3E90023804689463046394623F076
:10EAF000D1F88FA3D3E9002322F016FF32463B461C
:10EB000023F0C8F88CA3D3E9002322F00DFF32468E
:10EB10003B4623F0BFF80B4602464946404622F0EA
:10EB200003FFA5F5C223C5F5D725A3F27A435135D6
:10EB30001D43002D06460F4640F387800022894B77
:10EB40005046594623F0A6F852465B4623F0A2F8F9
:10EB500002460B46804689463046394622F0E4FE9E
:10EB6000DDE9002323F096F806460F46002C40F01E
:10EB7000818002460B464046494622F0D3FE0246BB
:10EB80000B465046594622F0CDFE0BE0734A9342A5
:10EB90004FF0000E7FF73FAF32463B4630463946D6
:10EBA00022F0C2FE05B0BDE8F08F00220023002055
:10EBB0006D4923F099F905B0BDE8F08F002323F0EB
:10EBC000D1FA60B1002C7CD100200021EAE7024696
:10EBD00022F0A8FE0022002323F086F9E2E758A3E2
:10EBE000D3E900235046594623F054F802460B4619
:10EBF00000205C4922F096FE524606460F465B46D0
:10EC00005046594623F046F802460B4630463946F0
:10EC100023F040F806460F462CB3204622F0D0FFE2
:10EC200049A3D3E900238046894623F033F848A35B
:10EC3000D3E9002304460D464046494623F02AF80E
:10EC400002460B46304639462CE002460B465046FB
:10EC5000594622F067FEDDE9002323F01BF8064643
:10EC60000F46002C47D132463B465046594622F0CB
:10EC700059FE97E734A3D3E90023DDE9020123F02D
:10EC800009F833A3D3E9002304460D46DDE9020168
:10EC900023F000F832463B4622F046FE02460B4681
:10ECA0004046494622F03EFE52465B4622F03AFE7E
:10ECB00002460B462046294622F034FE05B0BDE848
:10ECC000F08F204622F07CFF1FA3D3E900230646E5
:10ECD0000F4622F0DFFF1EA3D3E9002304460D46B2
:10ECE0003046394622F0D6FF02460B4620462946DA
:10ECF00022F01AFE56E7DDE9028913A3D3E90023C7
:10ED00004046494691E700BF44523EDF12F1C23F00
:10ED1000DE03CB966446C73F599322942449D23FE1
:10ED2000935555555555E53F9FC678D0099AC33F31
:10ED3000AF788E1DC571CC3F04FA97999999D93F48
:10ED4000555555555555D53F0000E0FE422EE63F3E
:10ED5000763C7935EF39EA3D00005043FFFFEF7F05
:10ED60000000F03F0000E03F000050C30000000042
:10ED7000B1F5801F2DE9F84304460D460B4619DA1C
:10ED800021F00042024359D000295FDB00223A4BB8
:10ED900022F080FF394A0D462B46934204466FF01D
:10EDA00035010CDD22462B462046294622F0BCFDCB
:10EDB000BDE8F883314A93424FF00001F2DC1815A8
:10EDC000A0F2FF3008444FEAD0794844C3F3130857
:10EDD00022F0F6FEC9F57F73033348EA0355064671
:10EDE0000F4620462946FFF7F7FD1DA3D3E9002370
:10EDF000804689463046394622F04CFF1AA3D3E9B3
:10EE0000002304460D464046494622F043FF024691
:10EE10000B462046294622F087FD15A3D3E900239F
:10EE200004460D463046394622F034FF02460B4672
:10EE30002046294622F078FDBDE8F8830022002311
:10EE400000200F4923F050F8BDE8F883024622F075
:10EE500069FD0022002323F047F8A9E7AFF3008003
:10EE6000362BF111F3FE593D0EE526157BCBDB3F2A
:10EE700000609F501344D33F00005043FFFFEF7FDB
:10EE8000000050C3000000002DE9F047CA4B21F0FC
:10EE900000479F4290B08046894640F38F80C74B21
:10EEA0009F420C46924626DC0029B9A3D3E90023F1
:10EEB00040F38F8022F036FDC14B9F4204460D4641
:10EEC00000F04781B4A3D3E9002322F02BFD0246D2
:10EED0000B46CAE900232046294622F023FDAEA3B3
:10EEE000D3E9002322F01EFD0125CAE902012846CC
:10EEF00010B0BDE8F087B34B9F4240F38980B24B1E
:10EF00009F4200F31C813D15A5F21645A7EB055362
:10EF100019461F46064623F06DF922F051FE804641
:10EF2000894642464B4630463946CDE90A8922F0A9
:10EF3000F9FC0022A54B22F0ADFE8946804623F065
:10EF400059F922F03DFE06460F4632463B46404602
:10EF50004946CDE90C6722F0E5FC00229B4B22F0EC
:10EF600099FE00220023CDE90E0123F0FBF80028D2
:10EF700000F06081002330463946002223F0F2F889
:10EF8000002814BF01230223914A019202212A463C
:10EF900000910AA8514600F087FB002C054614DAC0
:10EFA000DAF80420DAF80C3002F1004203F10043F1
:10EFB0004542CAF80420CAF80C3006E000200021BF
:10EFC000C2E90089C2E902010025284610B0BDE867
:10EFD000F08722F0A9FC7A4B9F4204460D4600F0D0
:10EFE0000B816DA3D3E9002322F09EFC02460B4661
:10EFF000CAE900232946204622F094FC66A3D3E9FF
:10F00000002322F091FC4FF0FF35CAE90201DCE752
:10F010001FF09EFD62A3D3E900238046894622F0BB
:10F0200039FE00226B4B22F07FFC23F0E3F805460B
:10F0300022F0C6FD56A3D3E90023CDE9060122F054
:10F0400029FE02460B464046494622F06BFC52A37D
:10F05000D3E9002380468946DDE90601CDE902892E
:10F0600022F018FE1F2D02460B46CDE9042340F383
:10F07000B380DDE90423DDE9020122F053FC804680
:10F0800089463F15C9F30A53FB1A102B40F3B18090
:10F0900045A3D3E90023DDE9060122F0FBFD80460C
:10F0A000894602460B46DDE9020122F03BFC02469E
:10F0B0000B46DDE90201CDE9082322F033FC42468C
:10F0C0004B4622F02FFC3AA3D3E900238046894621
:10F0D000DDE9060122F0DEFD42464B4622F022FC2D
:10F0E0000B46CDE904010246DDE9080122F01AFCD5
:10F0F000C1F30A53FF1A312F8046894600F39C80E2
:10F100009DED087BCAE900898DED027B42464B46A6
:10F11000DDE9020122F006FCDDE9042322F002FC15
:10F12000002CCAE90201BFF650AF09F1004401F119
:10F1300000436D42CAE90084CAE9020345E702467A
:10F140000B4622F0EFFB0025CAE90201CAE90001E3
:10F150003BE715A3D3E9002322F0E4FB14A3D3E992
:10F1600000230D46044622F0DDFB02460B46CAE9A9
:10F1700000232946204622F0D5FB0DA3D3E9002326
:10F1800022F0D0FB0125CAE902011EE7AFF300809F
:10F1900000004054FB21F93F3163621A61B4D03D55
:10F1A00083C8C96D305FE43F0000601A61B4D03D90
:10F1B0007370032E8A19A33BFB21E93F7BD90240E0
:10F1C000FB21F93FFB213941FFFFEF7F0000704138
:10F1D000A45B04000000E03F4046494622F0A2FB49
:10F1E000394B6A1E804653F82230BB4289463FF4B1
:10F1F00048AFCAE9008989E72BA3D3E9002322F0AD
:10F2000093FB2BA3D3E900230D46044622F08CFB8D
:10F2100002460B46CAE900232946204622F082FB1B
:10F2200023A3D3E9002322F07FFB4FF0FF35CAE987
:10F230000201CAE60323A7E61FA3D3E90023DDE901
:10F24000060122F027FD06460F4602460B46DDE981
:10F25000080122F067FB8046894602460B46DDE93D
:10F260000801CDE9028922F05DFB32463B4622F0DF
:10F2700059FB13A3D3E9002306460F46DDE9060137
:10F2800022F008FD32463B4622F04CFB02460B467C
:10F2900040464946CDE9042322F044FB8046894696
:10F2A000A7E700BFAFF300800000601A61B4D03D53
:10F2B0007370032E8A19A33B0000002E8A19A33B0A
:10F2C000C14920259A837B39245B0400000000009B
:10F2D000574A2DE9F84F21F00048904506460F4661
:10F2E0002CDC544B0029B4BF534D544D98454FF07E
:10F2F000000411DC524B984526DC4BA3D3E90023D4
:10F3000022F012FB00224F4B22F054FF002840D085
:10F3100030463946BDE8F88F4B4B984530DD4B4BB6
:10F32000984568DD0133984562D0304639463EA3A2
:10F33000D3E9002322F0AEFCBDE8F88F02460B466D
:10F3400022F0F2FABDE8F88F1FF002FC01F048F855
:10F350003F4B984506460F4623DD0022394B22F0ED
:10F36000E3FA02460B463046394622F0BDFD3246EE
:10F370003B4622F0D9FA22462B4622F08BFCE1E7ED
:10F380001FF0E6FBFFF7B0F922462B4622F082FC85
:10F39000D8E7304639461FF0DBFB01F021F806467E
:10F3A0000F4632463B463046394622F0BDFA3246D9
:10F3B00082468B463B463046394622F06BFC0022A3
:10F3C000804689461F4B3046394622F0ADFA024648
:10F3D0000B464046494622F087FD02460B46504602
:10F3E000594622F09FFA22462B4622F053FCA9E709
:10F3F000184B984299D8304639461FF0A9FB002295
:10F400000E4B22F047FCFFF76FF906460F46024607
:10F410000B462046294622F03DFC32463B4622F070
:10F4200039FC8FE7AFF300803374AC3C1F7BAC7FBB
:10F43000FFFFEF7FFFFF35400000E0BF0000E03F2F
:10F44000FFFF2F3E0000F03F412E8640CD33864027
:10F45000FFFFEF3F7DF8B98F2DE9F04F21F0004815
:10F46000B8F1795F85B006460F4692469B466BDA47
:10F4700022F0C0FE002800F0E18032463B463046D4
:10F48000394622F007FC74A3D3E9002304460D4655
:10F4900022F000FC72A3D3E9002322F045FA2246B1
:10F4A0002B4622F0F7FB70A3D3E9002322F03AFAAF
:10F4B00022462B4622F0EEFB6DA3D3E9002322F077
:10F4C00033FA22462B4622F0E5FB6BA3D3E9002357
:10F4D00022F028FA22462B4622F0DCFB68A3D3E96F
:10F4E000002322F021FA22462B4622F0D3FBCDE95D
:10F4F00000010022664B2046294622F0CBFBDDE9C5
:10F500000023804689462046294622F0C3FB524606
:10F5100004460D465B463046394622F0BBFB0246A8
:10F520000B462046294622F0FDF902460B4640468E
:10F53000494622F0F7F902460B460020554922F0D1
:10F54000F1F905B0BDE8F08F02460B4622F0A2FBB0
:10F5500041A3D3E9002304460D4622F09BFB40A3C0
:10F56000D3E9002322F0E0F922462B4622F092FB59
:10F570003DA3D3E9002322F0D5F922462B4622F001
:10F5800089FB3BA3D3E9002322F0CEF922462B4688
:10F5900022F080FB38A3D3E9002322F0C3F92246EE
:10F5A0002B4622F077FB36A3D3E9002322F0BCF9E7
:10F5B0002B46224622F06EFB374B9845CDE90001E1
:10F5C00097DD364B98453EDCA8F50013002200205D
:10F5D00030499046994622F0A5F9CDE90201002272
:10F5E0002B4B2046294622F055FB42464B4622F043
:10F5F00099F9DDE90023804689462046294622F014
:10F6000049FB524604460D465B463046394622F0D9
:10F6100041FB02460B462046294622F083F902466A
:10F620000B464046494622F07DF902460B46DDE98D
:10F63000020122F077F905B0BDE8F08F15490020EE
:10F6400005B0BDE8F08F9FED107B4FF000088DED09
:10F65000027BDFF84C90C2E7D43888BEE9FAA8BD37
:10F66000C4B1B4BD9EEE213EAD529C804F7E923E11
:10F670009015CB19A001FA3E7751C1166CC1563FC7
:10F680004C5555555555A53F000000000000E73F7B
:10F690000000E03F0000F03F3233D33F0000E93F7D
:10F6A0000000D23F000000002DE9F04FADF5197DBC
:10F6B000BE4CA29EBE4D54F826600793D41E85FB17
:10F6C0000475E417C4EBA50424EAE4741D46631C26
:10F6D000A3EB8303013D02EBC30305937319049667
:10F6E0000994019503900B91A4EB05071AD43B44B0
:10F6F000002400255E1C0DF18008DDF88C9208E0E6
:10F7000059F8270022F05CFA0137B742E8E8020115
:10F7100008D0002FF4DA013720462946B742E8E83E
:10F720000201F6D1049B002B079B4FEAC30302930F
:10F730002ADB039A20A902EB030801EB0309049BCF
:10F7400072AA02EBC30B0DF5E07A019B002B4FF080
:10F7500000064FF0000711DB039C4D4675E90223BC
:10F76000F4E8020122F096FA02460B46304639468A
:10F7700022F0DAF8444506460F46EFD1EAE8026780
:10F78000DA4509F10809E0D1DDE9020404992044D1
:10F790008B0082460BA8A3F10802C31808930CAB98
:10F7A00013440A938B4698AB03EBCB03BBF1000FDA
:10F7B00053E9284529DD70AB03EBCB080DF1300987
:10F7C00000227C4B2046294622F064FA22F012FDEA
:10F7D00022F0F6F90022784B06460F4622F05AFA3C
:10F7E00002460B462046294622F09CF822F002FDF4
:10F7F00078E9022349F8040B3946304622F094F8A0
:10F8000070AB984504460D46DAD1DDF814902046D9
:10F8100029464A4601F030F800224FF07F53044653
:10F820000D4622F037FAFDF79BFC0022634B22F0D5
:10F8300031FA02460B462046294622F073F80D465F
:10F84000044622F0D7FC804622F0BAF90B46024665
:10F850002946204622F066F84B46002B06460F4606
:10F8600040F3E1800BF1FF320CA9C9F1180351F804
:10F87000225045FA03F101FA03F30CA8EB1A40F801
:10F880002230C9F11705884443FA05F5002D2CDD17
:10F89000BBF1000F08F1010840F381820C9C002CA1
:10F8A00040F0A780BBF1010F0AD00CA9012251F84A
:10F8B000044F531C002C40F09E809B451A46F6D105
:10F8C000059B002B0EDD012B00F0D980022B09D106
:10F8D0000BF1FF320CAB0CA953F82230C3F3150324
:10F8E00041F82230022D00F0AF8000220023304684
:10F8F000394622F037FC002800F05382049B0BF1BC
:10F90000FF394B4510DC0BF180430CAA013B0898F2
:10F9100002EB8303002253F80419834242EA0102F6
:10F92000F9D1002A40F0B680049B0CAA013B52F8A2
:10F930002330002B40F0A1800A9A012352F80419C9
:10F9400001330029FAD05B440BF101099945069374
:10F950004CDC099A079909EB020801EB0B0508F149
:10F96000804802EB030BA39B08F1FF3803EB8808E8
:10F9700070AB03EBC909A39B20A903EB8B0301EB3D
:10F98000C505029358F8040F22F01AF90B460199A5
:10F990000246002905F1080BC5E900234FF00006D7
:10F9A0004FF000071CDB039C0CE000BF4460040028
:10F9B000ABAAAA2A0000703E00007041000020405F
:10F9C00075E90223F4E8020122F064F902460B46CD
:10F9D0003046394621F0A8FF544506460F46EFD180
:10F9E000029B9845E9E802675D46CBD1DDF818B087
:10F9F000D9E6012300220CA9C4F180749B4541F88B
:10FA000022400EDD51F8232001EB8B0001EB830334
:10FA10006FF07F4100E01A688A1A43F8042B834292
:10FA2000F9D101244CE706D10BF1FF330CAA52F8AF
:10FA30002350ED152AE700227B4B22F0B1FB002872
:10FA400040F0A381054650E732463B460020774907
:10FA500021F068FF06460F46002C3FF446AF059A9A
:10FA60007249002000F008FF02460B463046394636
:10FA700021F058FF06460F4637E7012363E70BF1F5
:10FA8000FF320CAB0CA953F82230C3F3160341F834
:10FA9000223027E70CAB059A53F82930183ACDE904
:10FAA000068505926BB909F18043013B0CA901EB76
:10FAB000830353F8041909F1FF39183A0029F8D0E3
:10FAC0000592059A5949002000F0D6FEB9F1000FC1
:10FAD00004460D46C0F2C0814FEAC90370AA02EB8A
:10FAE000030808930CAB03EB8906DFF844B14FF031
:10FAF000000A08F10807043656F8040D22F060F8F1
:10FB000022462B4622F0C6F85B4667E902015246C0
:10FB10002046294622F0BEF80CAB9E4204460D4614
:10FB2000EAD148AB03930193CDF8149009F1010396
:10FB3000DDF810900293C3464FF0000AB9F1000FB0
:10FB4000C0F22A81DFF8EC805D4635A3D3E90023BB
:10FB500000260027002403E0544510DCF8E80223C7
:10FB6000F5E8020122F096F802460B463046394687
:10FB700021F0DAFE0134A14506460F46ECDA019B7E
:10FB8000E3E802670193029B0AF1010A9A45ABF18F
:10FB9000080BD3D1A29BDDF81490032B39D8DFE8F2
:10FBA00013F0D900060006004D0048AB0393B9F1ED
:10FBB000000F4FF000004FF0000109DB039D05EB43
:10FBC000C904083474E9022321F0AEFEA542F9D13C
:10FBD000079B002B40F01E810B9BC3E900010B46E5
:10FBE00003990246D1E9000121F09CFEB9F1000F12
:10FBF0000CDD4AAD01240134F5E8022321F094FE26
:10FC0000A145F8DA079B002B40F014810B9BC3E958
:10FC10000201069B03F007000DF5197DBDE8F08F8A
:10FC200000000040FB21F93F0000E03F0000F03FF2
:10FC30000000703EA830040048AB0393B9F1000FF8
:10FC400040F32781039ACDF810904FEAC90301933E
:10FC5000D318D3E900AB09F10053013B02EBC9080B
:10FC60000293914678E9026752465B463046394630
:10FC700021F05AFE04460D4602460B4630463946F0
:10FC800021F050FE52465B4621F04EFEC145A24691
:10FC9000AB46C8E90201C8E90045E3D1DDF81090A0
:10FCA000B9F1010F40F3F580019B039A02991344C7
:10FCB000C900D3E9006701F1080A019192440DF5EA
:10FCC000947B7AE9028932463B464046494621F018
:10FCD0002BFE04460D4602460B464046494621F09F
:10FCE00021FE32463B4621F01FFED34526462F46D5
:10FCF000CAE90201CAE90045E3D1019C039B103423
:10FD0000002000211C4403F1100574E9022321F0B6
:10FD10000BFEA542F9D1039C079ED4E90023D4E948
:10FD20000245002E00F08A8003F1004701F10043F4
:10FD30000B99C1E90403069B2646944605F100444D
:10FD400003F00700C1E900C7C1E902640DF5197DA0
:10FD5000BDE8F08F089C039D0834002000212C444E
:10FD600074E9022321F0E0FDA542F9D1079B13B10C
:10FD700001F1004319460B9BC3E90001069B03F008
:10FD800007000DF5197DBDE8F08FBBF1000F08F1FC
:10FD9000010874DD022581E500260027EFE6002436
:10FDA0008EE5CDE90685059D304639466A4200F06C
:10FDB00063FD0022384B06460F4622F0F1F900B3EE
:10FDC0000022364B3046394621F064FF22F012FA09
:10FDD000044621F0F5FE00222F4B21F05BFF0B467D
:10FDE00002463946304621F09DFD22F003FA0BF120
:10FDF00001090CAB183543F82B00059543F8294051
:10FE00005FE63046394622F0F5F90CABD94643F8A7
:10FE10002B0056E60B9C01F10043C4E900030B469E
:10FE200003990246D1E9000121F07CFDB9F1000FF0
:10FE30003FF7DFAE01F100431946E7E60B9EC6E946
:10FE40000023069BC6E9040103F00700C6E902454A
:10FE50000DF5197DBDE8F08FA29B032B3FF6D9AEBF
:10FE600001A252F823F000BF79FE0100ABFB0100B4
:10FE7000ABFB010039FC01000020002176E732468F
:10FE80003B460020064921F04DFD022506460F465F
:10FE90002BE5002000213EE7000070410000703E8D
:10FEA0000000F03F000000002DE9F04F21F0004677
:10FEB000B6F1795F85B004460D469046994604DA5E
:10FEC00022F098F9002800F0858022462B46204633
:10FED000294621F0DFFE06460F4602460B46204625
:10FEE000294621F0D7FE41A3D3E9002382468B4661
:10FEF0003046394621F0CEFE3EA3D3E9002321F05F
:10FF000011FD32463B4621F0C5FE3CA3D3E9002358
:10FF100021F00AFD32463B4621F0BCFE39A3D3E96D
:10FF2000002321F0FFFC32463B4621F0B3FE37A30D
:10FF3000D3E9002321F0F8FC0E9BCDE900019BB32F
:10FF40000022294B4046494621F0A4FEDDE900236A
:10FF5000CDE902015046594621F09CFE02460B466F
:10FF6000DDE9020121F0DEFC32463B4621F092FE43
:10FF700042464B4621F0D6FC19A3D3E9002306469E
:10FF80000F465046594621F085FE02460B46304644
:10FF9000394621F0C9FC02460B462046294621F08D
:10FFA000C1FC05B0BDE8F08F02460B46304639462D
:10FFB00021F070FE0AA3D3E9002321F0B3FC5246DE
:10FFC0005B4621F067FE22462B4621F0ADFC05B0D2
:10FFD000BDE8F08F2046294605B0BDE8F08F00BF90
:10FFE000495555555555C53F0000E03F7CD5CF5A82
:10FFF0003AD9E53DEB9C2B8AE6E55A3E7DFEB157AA
:020000040002F8
:10000000E31DC73ED561C119A0012A3FA6F8101112
:100010001111813F000000002DE9F04FC04C21F08C
:10002000004687B0A64282468B460F46CDE90023A4
:100030001ADC22F0DFF800283FD1109B5246013332
:100040001343334300F0B781109B012B00F0C081B4
:100050005B460020B34921F047FF04460D46204689
:10006000294607B0BDE8F08FAF4B9E4225DD002941
:1000700009DADDE90045224605F10043CDE9002318
:100080000BF100418B4652465B4685A1D1E9000148
:1000900021F048FCDDE9002304460D4682A1D1E9A8
:1000A000000121F03FFC9FED827B22462B468DED27
:1000B000007B21F039FC82468B4652465B46504617
:1000C000594621F0E7FD02460B468046894621F05D
:1000D000E1FD424604460D464B465046594621F046
:1000E000D9FD75A3D3E90023CDE9020120462946B5
:1000F00021F0D0FD72A3D3E9002321F015FC2246A4
:100100002B4621F0C7FD70A3D3E9002321F00CFC9E
:1001100022462B4621F0BEFD6DA3D3E9002321F03A
:1001200003FC22462B4621F0B5FD6BA3D3E9002347
:1001300021F0FAFB22462B4621F0ACFD68A3D3E95F
:10014000002321F0F1FB42464B4621F0A3FD66A3BC
:10015000D3E90023CDE904012046294621F09AFD88
:1001600063A3D3E9002321F0DFFB22462B4621F0D5
:1001700091FD61A3D3E9002321F0D6FB22462B4653
:1001800021F088FD5EA3D3E9002321F0CDFB2246B8
:100190002B4621F07FFD5CA3D3E9002321F0C4FBB3
:1001A00022462B4621F076FD59A3D3E9002321F006
:1001B000BBFB02460B46DDE9040121F0B5FBDDE99E
:1001C000022321F067FDDDE9004522462B4621F0A0
:1001D000ABFB42464B4621F05DFD22462B4621F00B
:1001E000A3FB4DA3D3E9002304460D46DDE902013C
:1001F00021F050FD22462B4621F096FB0B4602468D
:10020000804689465046594621F08EFB464B9E4219
:1002100004460D4600F38C80109B012B3BD0024618
:100220000B4600203F4921F05FFE002406460F46A2
:100230002046294652465B46CDE90067CDE90201DA
:10024000009421F06FFBDDE900AB02460B4640460F
:10025000494621F067FB52465B4621F01BFD5246A2
:1002600004460D465B46DDE9020121F013FD002244
:100270002E4B21F059FB02460B462046294621F021
:1002800053FB32463B4621F005FD52465B4621F0CA
:100290004BFB04460D462046294607B0BDE8F08FCB
:1002A000182D4454FB21E93F075C143326A6813CFA
:1002B0000000000000000000D47ABF74702AFB3EEA
:1002C000E9A7F0320FB8123F68108D1AF726303FB9
:1002D0001583E0FEC8DB573F93846EE9E326823F37
:1002E000FE41B31BBAA1AB3F735360DBCB75F3BECA
:1002F000A69237A0887E143F0165F2F2D844433FAE
:10030000280356C9226D6D3F37D60684F464963FA4
:100310007AFE10111111C13F635555555555D53F02
:10032000FFFF2F3E0000F0BF2794E53F0000F03FA5
:10033000109821F045FC2246CDE900012B462046CD
:10034000294621F0A7FCDDE90023CDE90201204682
:10035000294621F0E9FA02460B46DDE9020121F0C7
:10036000C3FD42464B4621F0DDFA02460B4650469D
:10037000594621F0D7FA02460B4621F0D5FA02463B
:100380000B46DDE9000121F0CDFA0446B81700F074
:100390000200C0F101000D4621F012FC02460B469E
:1003A0002046294621F076FC04460D462046294683
:1003B00007B0BDE8F08F504659461EF0C9FB024613
:1003C0000B460020044921F08FFD04460D4662E7EC
:1003D00054465D465FE700BF0000F03F00000000AC
:1003E0002DE9F04FCC4A21F00043934285B082467C
:1003F0008B460C4620D9C94A934200F2D780002C84
:1004000080F2A481ACA3D3E900235046594621F0E1
:100410008BFA0022002321F0AFFE002840F0D180AB
:10042000A7A3D3E900235046594621F033FC0246E6
:100430000B460020BA4994E1BA4A934200F2E580A3
:10044000B94A934240F22E81002301930022B74B18
:100450005046594621F01EFC06460F4602460B4602
:100460005046594621F016FC97A3D3E900230446D1
:100470000D4621F00FFC96A3D3E9002321F054FA96
:1004800022462B4621F006FC93A3D3E9002321F05A
:1004900049FA22462B4621F0FDFB91A3D3E9002324
:1004A00021F042FA22462B4621F0F4FB8EA3D3E939
:1004B000002321F037FA22462B4621F0EBFB0022E5
:1004C0009B4B21F031FA8046894602460B46304666
:1004D000394621F0DFFB02460B460020954921F00A
:1004E00021FA064602460B460F464046494621F091
:1004F00019FA3246804689463B465046594621F015
:10050000C9FB02460B4600208B4921F00BFA02463C
:100510000B464046494621F0E7FC22462B4621F097
:10052000B9FB019E02460B46002E4DD0DDE9026765
:1005300032463B4621F0F6F952465B4621F0AAFBD3
:1005400032463B4621F0EEF92B46224621F0EAF9ED
:10055000019B013306460F4600F02381019B012BCE
:100560007BD0019A531C392B4FEA025500F22881A7
:10057000019A132A40F35581019BC3F57F7403341C
:100580000022230521F0D0F902460B465046594679
:1005900021F0C8F90022664B21F0C6F9824605EB2E
:1005A000010B5046594605B0BDE8F08F634A9342AF
:1005B0001BD9C1F313030343024640F01281002903
:1005C000EFDA00205E490DE05046594621F062FB0B
:1005D00022462B4621F0A6F902460B4650465946C4
:1005E00021F0A0F905B0BDE8F08F41A3D3E90023C5
:1005F00021F0E0FD00283FF402AF3FA3D3E9002340
:100600001046194621F046FBECE74E4A934200F2B1
:10061000EC8000293AA3D3E9002339DA21F084F9E8
:1006200039A7D7E900674FF0FF3380468946019329
:1006300032463B464046494621F074F902460B4695
:1006400082468B464046494621F06CF932463B468D
:1006500021F068F9CDE90201F8E600223A4B504654
:10066000594621F089FD002800F0CC8050465946BB
:1006700000222E4B21F058F902460B4630463946EF
:1006800021F050F900224FF0404321F003FBA9E78D
:1006900021F048F901238046894601931CA7D7E938
:1006A0000067C5E714A3D3E9002321F03DF9024612
:1006B0000B468FE7AFF3008059F3F8C21F6EA50118
:1006C000FE822B654715F73F2DC3096EB7FD8ABE25
:1006D0003952E686CACFD03EB7DBAA9E19CE143F68
:1006E0008555FE19A0015A3FF41011111111A13FB7
:1006F000EF39FAFE422E86409C7500883CE4377E36
:100700000000E0FE422EE63F763C7935EF39EABD47
:10071000763C7935EF39EA3D79684340412E864091
:100720000000E0BF422ED63FFFFF8F3C0000E03FBD
:100730000000F03F0000084000001840FFFFEF7F7E
:100740000000F0BFB1A2F03F0000D0BF44A3D3E946
:1007500000235046594621F09DFA02460B460020E0
:10076000414921F0E1F821F045FD019021F028FAFE
:1007700037A3D3E9002306460F4621F08BFA024641
:100780000B465046594621F0CDF833A3D3E9002358
:10079000804689463046394621F07CFA06460F46A7
:1007A00046E702460B465046594621F0BBF8002268
:1007B0002D4B21F06FFA00222B4B21F0B3F811E7FB
:1007C00052465B4621F0AEF802460B460020274910
:1007D00021F0A8F86B1819460022244B21F0A2F84A
:1007E00000E70B4621F0A0F8FCE61DA3D3E90023A7
:1007F00021F050FA002C02460B464FF00000AFDA11
:100800001B49AEE732463B465046594621F08AF82E
:1008100002460B4621F088F80022144B21F084F8A0
:10082000E0E64FF4001343FA02F452465B4621F02F
:1008300079F8C4F17F57002607F5401702460B46AA
:100840003046394621F06EF8A8E600BFAFF30080CD
:100850000000E0FE422EE63F763C7935EF39EA3D76
:10086000FE822B654715F73F0000E03F0000F03F98
:100870000000E0BF00000000F8B5C1F30A530446D1
:100880000D460E4617460BBB21F000460346334388
:100890001BD0354B002221F0FDF9344B9F4204461A
:1008A0000D4635DBC1F30A530E46363B3B4440F25E
:1008B000FE72934232DC002B11DD26F0FF4626F457
:1008C000E00646EA035520462946F8BD40F2FF728D
:1008D0009342EBD102460B4621F026F8F8BD13F106
:1008E000350F28DA4CF250339F4222462B460ADD60
:1008F00019A1D1E9000120F071FF17A3D3E900236A
:1009000021F0C8F9F8BD16A1D1E9000120F066FF79
:1009100013A3D3E9002321F0BDF9F8BD22462B46ED
:100920000DA1D1E9000120F059FF0BA3D3E9002369
:1009300021F0B0F9F8BD26F0FF4626F4E006363384
:1009400046EA0355204629460022094B21F0A2F928
:10095000F8BD00BFAFF300809C7500883CE4377E93
:1009600059F3F8C21F6EA50100005043B03CFFFFD1
:100970000000903C10B5054C237833B9044B13B1FB
:100980000448AFF300800123237010BD28380020F5
:1009900000000000C461040008B5034B1BB103490B
:1009A0000348AFF3008008BD000000002C38002091
:1009B000C4610400154B002B08BF134B9D46A3F5E3
:1009C000803A00218B460F461348144A121A21F030
:1009D000FBFE0F4B002B00D098470E4B002B00D096
:1009E00098470020002104000D000D48002802D087
:1009F0000C4805F0D1FB20F027FF2000290004F06F
:100A00007BFE20F00DFF00BF000008000000022068
:100A10000000000000000000002400203C470020EF
:100A2000996102000000000008B501F05BFDFCF7D1
:100A30003BFEBDE8084001F0B7BA00BF08B501F0C1
:100A400051FDFCF7A1FEBDE8084001F0ADBA00BFC2
:100A500008B501F047FD1EF0F1F8BDE8084001F0CF
:100A6000A3BA00BF08B501F03DFD1EF0E3FCBDE8F0
:100A7000084001F099BA00BF08B501F033FDFCF75A
:100A800023FEBDE8084001F08FBA00BF08B501F0B1
:100A900029FD1EF005FBBDE8084001F085BA00BF46
:100AA00008B501F01FFDFCF7ABF8BDE8084001F008
:100AB0007BBA00BF08B501F015FD1EF047FABDE88E
:100AC000084001F071BA00BF10B584B00C46014671
:100AD00003A812F003FF002303A900931A46019410
:100AE000034810F0F1F903A812F0E2FE04B010BDC3
:100AF0003C2D002010B50129B8BF012182B00C4661
:100B000090B1828882B1012A17D0811D12B201A84A
:100B100013F0B8FA224601A90C4810F02BFA01A8EC
:100B200013F038FA02B010BD094807F029FF04EBB2
:100B300084000DF04FFD02B010BD01EB8102817900
:100B4000024810F099F902B010BD00BF3C2D002002
:100B5000042D0020014812F0E9BE00BF142D002032
:100B600010B584B00C46014603A812F0B7FE00236E
:100B7000224603A9CDE900330448052310F060FAAA
:100B800003A812F095FE04B010BD00BF3C2D00205C
:100B900000B585B0014602A812F0A0FE02A903A884
:100BA00012F094FE002303A9CDE900331A4606484B
:100BB00010F08AF903A812F07BFE02A812F078FE6A
:100BC00005B05DF804FB00BF3C2D002000F054BBD5
:100BD0000DF000BD70B5049E96420C4624DB154610
:100BE0006BB9042A19D0022A02D110F0010310D0E7
:100BF00001462A46204621F0C3FD002070BD104466
:100C00000D4410F8013D01F8013B8D42F9D100205F
:100C100070BD02880A80184670BD10F00303E7D14A
:100C200002680A60184670BD0846002121F0CCFD1C
:100C30004FF0FF3070BD00BF0830704740B1002951
:100C400005DB43688B4202DD0844007A70470020D0
:100C5000704700BF30B1002904DB43688B42C4BF3A
:100C600040180272704700BF40B1002905DB43689D
:100C7000994202DA0844007A70470020704700BFAA
:100C8000830704D1030F0CBF01200020704701200F
:100C9000704700BF30B1002904DB43689942BCBFF4
:100CA00040180272704700BFF8B5002B20DB002906
:100CB0001EDB46688E421BDB5468761AE51AB54285
:100CC000A8BF3546002D13DB824202F108070C460F
:100CD00000F108062A4605D0F918301921F050FD18
:100CE0000020F8BDF118381921F055FD0020F8BD9D
:100CF0004FF0FF30F8BD00BF4068704710B4141EBD
:100D000010DB426894420DDC33EA230328BF13460C
:100D1000121B08309A422044A8BF1A465DF8044BC3
:100D200021F052BD5DF8044B704700BF10B443681A
:100D30008B4200F108041846A8BF084632EA220197
:100D400028BF19461B1A99422044A8BF19465DF8CE
:100D5000044B00F0FBBF00BF70B5002BBCBF436865
:100D60009B1A002A0E4620DB44689918A1421CDC1D
:100D700091421ADBCBB136F0004116D05942B14254
:100D800014DAB34212DD0830002E00EB020516DB48
:100D90009C1B2246A919284621F0FDFC3246281941
:100DA0000021BDE8704021F00FBD70BD002CFCDBC0
:100DB000224608300021BDE8704021F005BD744294
:100DC0009A192946281921F0E6FC224628460021D6
:100DD000BDE8704021F0F8BC03460830596800F0C7
:100DE000B3BF00BF70B5054600206968490000F038
:100DF00087FF6B68002B14DD0A4EEB1D02465C7802
:100E00002411991F345D94715C7804F00F04491B20
:100E1000345DD4716C688C4202F1020203F101036B
:100E2000EDDC70BDE0300400002BBCBF43689B1AB2
:100E3000002A30DB70B445689C18AC4229DC94422F
:100E400027DB33B331F0004423D00029B8BF01EBD6
:100E5000032191FBF3F403FB1411002900F10800B6
:100E6000B8BFC918024411448A42134411D00C4639
:100E700004E08A4204460FD094420AD020461578F6
:100E800010F8016B02F8016B83422570F1D10C461A
:100E9000F2E770BC704770470146EDE700B583B0DC
:100EA0004FF0FF3300930023FFF7FEFE03B05DF821
:100EB00004FB00BF10B50C1E0EDD4168083002F0C7
:100EC00055F91F2C07DC0123A34020FA04F4013B51
:100ED000444004EA030010BD002010BD014600207C
:100EE00000F034BF03460630998800F02FBF00BFE2
:100EF00030B5013A83B004460D460F2A13D8DFE817
:100F000002F0141408086114141B1B734A2554675B
:100F10005A38184601F078FB012D04DD80B2E20753
:100F200054BF2080208003B030BD184601F06CFB18
:100F3000002DF8DD2070F6E7184601F065FB012D65
:100F4000F1DDC0F3072360702370ECE7184601F071
:100F5000F1FA032D0090E6DD9DF800009DF80110E8
:100F60009DF802209DF803302370E070A17062703C
:100F7000D9E7184601F0B6FA072DCDE90001D2DD18
:100F80000DF1FF3204F1080312F8011F03F8011DEF
:100F90009C42F9D1C7E7184601F0CCFA032DC2DD17
:100FA000A3070CBF20602060BDE7184601F0C4FB1A
:100FB000032DF5DCB7E7184601F0BEFB032D0090CA
:100FC000CADCB0E7184601F01FFB032DE8DCAAE7F6
:100FD000184601F087FA072DCDE90001A3DD6B4625
:100FE00003CB206061609EE7184601F00DFB032DE6
:100FF0000090B1DC97E700BF30B4141E07DB4568F2
:1010000008300A462044291B30BCFFF771BF30BCB2
:10101000704700BF00B5013A85B00F2A00F2888002
:10102000DFE802F01623303D4A56595C5F62657175
:10103000748083080091012308220DEB0201FFF761
:10104000C9FDDDE9020100F0AFFF05B05DF804FB6A
:1010500000910023012202A9FFF7BCFD9DF90800C1
:1010600001F098F805B05DF804FB0091002301221F
:1010700002A9FFF7AFFD9DF8080001F08BF805B05D
:101080005DF804FB00910023022202A9FFF7A2FDF4
:10109000BDF9080001F07EF805B05DF804FB009191
:1010A0000023022202A9FFF795FDBDF8080001F018
:1010B00071F805B05DF804FB00910023042202A939
:1010C000FFF788FD029801F065F805B05DF804FBB4
:1010D00001230091BEE701230091C8E7009101239D
:1010E000D2E700910123DCE700910123E6E70091BC
:1010F0000023042202A9FFF76DFD029801F054F8C5
:1011000005B05DF804FB00910123F2E70091002394
:10111000042202A9FFF75EFD029801F033F805B042
:101120005DF804FB0091002386E700910123EFE7BF
:1011300000208AE7131E09DB10B4446808300A4611
:101140001844E11A5DF8044BFFF764BF002001F07A
:1011500021B800BF054B1A6810B4146B0023A446D5
:101160001A4619465DF8044B604700BFA0380020BE
:1011700030B585B06C4684E80F0094E80F000A4C47
:10118000089D84E80F00BDF8020001F003F8074B4A
:101190001A68146B002301461A462846A44605B077
:1011A000BDE83040604700BFE8370020A03800208D
:1011B00008B502F035FFBDE808400DF0A1BA00BF48
:1011C00008B5064E054632680023146B19461A46C8
:1011D0002846A04714200DF0FDF9F4E7A0380020C0
:1011E0000A460223014601480EF030BDAC2B002018
:1011F00010B504460CF062FF034638B100200CB174
:1012000044F820301B6A0130002BF8D110BD00BF1C
:1012100004F07EBE10B504F06DFE6FF0004004F0E7
:1012200011FE0446014604480CF060FE2046BDE86D
:10123000104000F0ADBD00BFF430040008B50A480E
:10124000FBF7FAF901200DF093FB40F204439842BA
:1012500000D808BD01200DF08BFBBDE80840A0F5CB
:10126000806002F023BC00BF00250020704700BF53
:101270000DF046BA0DF032BD50B110B5044602F083
:10128000C1FE2146034A0448BDE810400DF094B861
:10129000704700BF35E70200C111020050B110B520
:1012A000044602F0AFFE2146034A0448BDE8104060
:1012B0000DF082B8704700BFB11102005511020055
:1012C00089B280B20DF0ACB908B5042004F01AFE62
:1012D000BDE80840FFF79EBF074B10B51C6800F043
:1012E000B5FF4FF0805213691269013B2344184443
:1012F0005242104010BD00BFA0380020024B1B78A6
:1013000003B17047FFF76CBFFC460020024B186822
:1013100000B1406A704700BFA43E0020014B1B682B
:1013200058627047A43E00202DE9F04FDFF810818D
:10133000D8F8003087B0002B6AD081460CF0BEFE92
:10134000034600286ED000241B6A0134002BFBD119
:10135000A50028460DF06CFB0390FFF749FFA04263
:1013600051D1002C3BDD039B043B01932B4409F03E
:10137000020902934FF0000A019B53F8047F019386
:101380007E6A46B30436D8F8003034689F422CD0C9
:101390003868D7F808B015F03DFFD8F80030756808
:1013A000ABEB00009F42044407D03868D7F808B080
:1013B00015F030FFABEB00000544B9F1000F18D178
:1013C000A54205D954F8040B02F01AFBAC42F9D33C
:1013D000B668002ED7D1DDE901239342CCD1039822
:1013E00007B0BDE8F04F0DF049BB7568B9F1000FCB
:1013F000E6D02B1B51469B10224610480CF076FD80
:101400000AF1010ADCE74FF44B70FFF701FFA8E790
:1014100001200DF00DFB0590059807B0BDE8F04FD9
:101420000DF02CBB0DF004FB0390FFF7E1FE00284C
:10143000D5D04FF44B70FFF7EBFED0E7043104003A
:10144000A43E002010B5074C20460AF09BFB204626
:10145000054A064921F058F90548BDE8104012F048
:10146000EDB900BF002500203020002075140200D7
:10147000E8370020604B03F138022DE9F0470446BD
:10148000C0E9003200F593505C4F04F0BBFF00252B
:1014900004F62C1004F01CFC04F51060C4F800796C
:1014A000A4F806590CF0EAFB04F6D800C4F8D87882
:1014B000A4F8DE580CF0E2FB04F50B6011F094FA8E
:1014C0004F4BC4F8A03804F50A600DF00FFC04F689
:1014D00088000FF0EBFD04F507600FF0E7FD04F660
:1014E000040004F071FE04F2A47006F0D1FF04F5CC
:1014F000EF6006F03BF804F5E76004F095FF04F2B6
:10150000AC6015F075F93F4BC4F8643304F55976B7
:1015100004F5D56012F0C0FC3046C4F86473A4F83A
:101520006A530CF0ABFB384BC4F8243304F5497014
:1015300011F00CFC354BC4F8E03004F1E00904F57F
:10154000457804F5477600E02E46351F284612F010
:10155000A3FCA845F8D1DFF8BCA0303E04F1F408A4
:1015600046F818AC443D304611F04CFD05F108003A
:1015700012F092FCA845A6F14406F1D10025484698
:10158000C4F8E070A4F8E6500CF078FB04F1B80061
:1015900010F076FE04F180000FF01CF904F16400F5
:1015A000A4F86A5067660CF069FB04F14C00A4F8DB
:1015B0005250E7640CF062FB264604F13400658764
:1015C00067630CF05BFB124B46F80C3F04F1200004
:1015D00012F0E0FC04F11C0012F0DCFC30466582E5
:1015E000E7600CF04BFB201D658167600CF046FB4B
:1015F0002046BDE8F08700BF80470400A0490400F2
:10160000CC4F0400DC470400D858040054570400B1
:1016100020450400385704002DE9F84F604B614F16
:1016200003F13802A0F10408044640E9013208F54C
:10163000935004F0E7FE002504F6281004F048FB60
:1016400004F6FC00C4F8FC78A4F802590CF016FB70
:1016500004F6D400C4F8D478A4F8DA580CF00EFBE1
:1016600004F6AC0011F0C0F94F4BC4F89C3804F6F6
:101670009C000DF03BFB04F684000FF017FD04F610
:101680006C000FF013FD04F5006004F09DFD04F5FF
:10169000F46006F0FDFE04F2747005F067FF04F2DA
:1016A000347004F0C1FE04F5D56015F0A1F83F4B8D
:1016B000C4F8603304F5587604F2A46012F0ECFB31
:1016C0003046C4F86073A4F866530CF0D7FA384B70
:1016D000C4F8203304F5487011F038FB354BC4F8DA
:1016E000DC3004F1DC0904F5447A04F5467600E0C8
:1016F0002E46351F284612F0CFFBAA45F8D1DFF859
:10170000BCA0303E04F1F00B46F818AC443D304626
:1017100011F078FC05F1080012F0BEFBAB45A6F114
:101720004406F1D100254846C4F8DC70A4F8E25024
:101730000CF0A4FA04F1B40010F0A2FD04F17C0056
:101740000FF048F804F16000A4F8665027660CF02A
:1017500095FA04F14800A4F84E50A7640CF08EFAF4
:10176000264604F13000E58627630CF087FA124B19
:1017700046F8083F04F11C0012F00CFC04F11800BC
:1017800012F008FC3046E581A7600CF077FA20469D
:10179000E58027600CF072FA4046BDE8F88F00BF84
:1017A00080470400A0490400CC4F0400DC4704003B
:1017B000D85804005457040020450400385704004A
:1017C0002DE9F84F614B624F03F13802A0F1040894
:1017D000044640E9013208F5935004F013FE002559
:1017E00004F6281004F074FA04F6FC00C4F8FC783F
:1017F000A4F802590CF042FA04F6D400C4F8D478E4
:10180000A4F8DA580CF03AFA04F6AC0011F0ECF84F
:10181000504BC4F89C3804F69C000DF067FA04F6AF
:1018200084000FF043FC04F66C000FF03FFC04F55D
:10183000006004F0C9FC04F5F46006F029FE04F22F
:10184000747005F093FE04F2347004F0EDFD04F5BD
:10185000D56014F0CDFF404BC4F8603304F55876E2
:1018600004F2A46012F018FB3046C4F86073A4F8C8
:1018700066530CF003FA394BC4F8203304F5487072
:1018800011F064FA364BC4F8DC3004F1DC0904F5DD
:10189000447A04F5467600E02E46351F284612F0BD
:1018A000FBFAAA45F8D1DFF8C0A0303E04F1F00BF6
:1018B00046F818AC443D304611F0A4FB05F1080091
:1018C00012F0EAFAAB45A6F14406F1D100254846EC
:1018D000C4F8DC70A4F8E2500CF0D0F904F1B400C4
:1018E00010F0CEFC04F17C000EF074FF04F16000F7
:1018F000A4F8665027660CF0C1F904F14800A4F87A
:101900004E50A7640CF0BAF9264604F13000E58683
:1019100027630CF0B3F9134B46F8083F04F11C00A1
:1019200012F038FB04F1180012F034FB3046E58168
:10193000A7600CF0A3F92046E58027600CF09EF923
:10194000404620F0DFFE4046BDE8F88F80470400A7
:10195000A0490400CC4F0400DC470400D858040020
:10196000545704002045040038570400614B03F12C
:1019700038022DE9F0470446C0E9003200F59350E3
:101980005D4F04F03FFD002504F62C1004F0A0F993
:1019900004F51060C4F80079A4F806590CF06EF94B
:1019A00004F6D800C4F8D878A4F8DE580CF066F92C
:1019B00004F50B6011F018F8504BC4F8A03804F58A
:1019C0000A600DF093F904F688000FF06FFB04F540
:1019D00007600FF06BFB04F6040004F0F5FB04F263
:1019E000A47006F055FD04F5EF6005F0BFFD04F5A9
:1019F000E76004F019FD04F2AC6014F0F9FE404B0E
:101A0000C4F8643304F5597604F5D56012F044FA4D
:101A10003046C4F86473A4F86A530CF02FF9394BBC
:101A2000C4F8243304F5497011F090F9364BC4F82A
:101A3000E03004F1E00904F5457804F5477600E06C
:101A40002E46351F284612F027FAA845F8D1DFF8B0
:101A5000C0A0303E04F1F40846F818AC443D3046CE
:101A600011F0D0FA05F1080012F016FAA845A6F117
:101A70004406F1D100254846C4F8E070A4F8E650C9
:101A80000CF0FCF804F1B80010F0FAFB04F180004F
:101A90000EF0A0FE04F16400A4F86A5067660CF032
:101AA000EDF804F14C00A4F85250E7640CF0E6F8AD
:101AB000264604F13400658767630CF0DFF8134BAA
:101AC00046F80C3F04F1200012F064FA04F11C0007
:101AD00012F060FA30466582E7600CF0CFF8201D06
:101AE000658167600CF0CAF8204620F00BFE2046A6
:101AF000BDE8F08780470400A0490400CC4F0400F3
:101B0000DC470400D8580400545704002045040062
:101B1000385704002DE9F04100238CB08FB286B213
:101B20004FF0100804463146CDE900381546164BF3
:101B30003A4602A80CF0EAFF02A9144810F088FA0D
:101B400002A80CF0FFFF0F2C05D1284602F05AFA2C
:101B50000CB0BDE8F081282020F0DBFD31460446C2
:101B6000CDE900583A46084B0CF0D0FF2146074813
:101B700010F0BAFA0028E8D020460CF0E3FF204627
:101B800020F0C0FDE1E700BF71110200B825002080
:101B900008B50EF021FE08BD08B50EF02DFE20F0B0
:101BA000404008BDFFF77ABBFFF78ABB04F09EB93F
:101BB000C117FFF75FBB00BF00B585B0D3B28AB2D3
:101BC00081B2684611F01AFE05B05DF804FB00BF53
:101BD000002B08BF1023FFF79DBF00BF014B5888A3
:101BE000704700BFE8370020014B9868704700BF7E
:101BF000E837002008B504F033F94FF0FF31BDE8B5
:101C0000084000F0A1B800BF00B583B068460B499A
:101C100004F094FDBDF80430094AA3F51943033BD1
:101C2000012B94BF002301234FF0FF3152F8230012
:101C300003B05DF804EB00F087B800BF382C00203B
:101C40003420002004F008B90821014800F07EB8D3
:101C500060000010704700BF084619B1898806303F
:101C6000FFF74CBB704700BF08B510F0ABFC08BDD8
:101C7000811D01480CF03AB9103104000A46811D5B
:101C800001480CF033B900BF18310400014820F0BE
:101C90006040704700000220012001F051BF00BFEA
:101CA00008B5022001F04CFF40F29330BDE8084037
:101CB000FFF7AEBA014B1860704700BF44380020F0
:101CC000704700BF00207047704700BF80880A300F
:101CD00080087047063070478088704783888B4241
:101CE00026BF063040180020704700BF0320704711
:101CF00040680B308008704780887047704700BF8D
:101D000070B50C1E064603DB3CB90D4D284670BD70
:101D100020F096FD0446002CF7D0E01D02F06EF88E
:101D2000054608B1074B0360AC8026B13146224618
:101D3000A81D20F025FD2C440023A371284670BD6A
:101D400098320400A0310400FFF7DABF70B50D1E11
:101D500012DD064605F1080002F050F8044608B10D
:101D6000094B0360656004F108002A46314636B12C
:101D700020F006FD204670BD044C204670BD20F0CA
:101D800023FD204670BD00BF0C3204008C320400DD
:101D9000014B1860704700BF3C200020034A044BF1
:101DA000116803FB00F04840106070473C200020A1
:101DB000CB5725CA30B40E4D2A6804462146002070
:101DC000930983EAD273534083EA121383EA92039E
:101DD0005208534042EAC37202F00103490843EA41
:101DE0004000EDD18442E9D32A6030BC704700BF87
:101DF0003C200020004870479832040000B583B0B2
:101E000002AB0022ADF8042003F8040D01211846AE
:101E1000FFF776FF03B05DF804FB00BF2DE9F0414A
:101E20000D4688B11C4B39B198422BD09D420446D7
:101E30000FD12046BDE8F081984221D08688174D09
:101E40000446311D042707E0144CF9B1124B9D42A2
:101E5000EFD0A688AF88F1190020FFF751FF04F1F9
:101E60000608831D044641461846324620F088FC89
:101E70003A463044A91D20F083FC2046BDE8F0819D
:101E8000064CD6E70C462046BDE8F08104272546DF
:101E90003E460821E0E700BF98320400EC3204001F
:101EA000884212D030B48B88828806309A4228BF8C
:101EB0001A460531034613F8015B11F8014FA5429C
:101EC00005D009D3012030BC7047002070471C1A90
:101ED0009442F0D90020F6E74FF0FF30F3E700BF5F
:101EE00080887047002A1ADD10B483880029BCBF9F
:101EF000C91821EAE1715C1A944206DC002C03DC6B
:101F000008485DF8044B7047224699423ABF0630B4
:101F10004018002011465DF8044BFFF7F1BE014860
:101F2000704700BF9832040078B371B32DE9F047D1
:101F3000858822EAE272AA4223D200F1060818EB51
:101F40000204A5EB02058F881BD0BD4219D391F87E
:101F500006A001F1060902E0AF42344611D8237809
:101F6000534505F1FF3504F10106F5D13A464946DE
:101F7000204620F0F6FB0028EED1A4EB0800BDE8D7
:101F8000F0874FF0FF30BDE8F0874FF0FF3070472B
:101F900008B5FFF7C9FF013018BF012008BD00BF19
:101FA00080F00100704700BF0A1E38B511D138B368
:101FB00002460B4604460D4620F006F9002841D1A2
:101FC0000C2001F01BFF08B11F4B0360C0E9014565
:101FD00038BDC2F30A54A4F2FF331D2B12D8142BC0
:101FE000054618DC0028E3D1A4F2F33412FA04F415
:101FF000DED1D002C3F11F0340F00040D8401AE008
:10200000012038BD1E2BD3D10028D1D10F4B9A42CD
:10201000CED10F4838BDA4F2134410FA04F4C7D14E
:10202000D002C3F11F0140F00040C3F13403C840A7
:1020300025FA03F31843002AB8BF4042400040F09D
:10204000010038BD0E2038BD3C3204000000D0C174
:10205000010000802DE9F04182B0063001A9FAF7B5
:10206000CFF80022002306460F4620F07BF860BB25
:1020700027F00045304629464FF0FF321F4B3446CB
:102080004FF0010820F0A0F838B94FF0FF321B4B99
:102090003046294620F08EF8F0B118F0FF0F1FD11E
:1020A00000224FF48013204629464FF0010820F00B
:1020B0008BF838B92046294600224FF4801320F0CF
:1020C0005BF8B0B118F0FF0F0AD130463946FFF780
:1020D0006BFF02B0BDE8F081804618F0FF0FDFD043
:1020E000074F002630463946FFF75EFF02B0BDE8D5
:1020F000F081804618F0FF0FE7D0F1E7FFFFEF7F98
:102100000000F87F08B51FF05BFDBDE80840FFF751
:102110004BBF00BF01448879400040F00100704788
:1021200020B1002902DB8288914201DB0F48704711
:1021300010B582B0FFF7EEFF0E2804460DD0C3079E
:102140000ED502A800236410ADF80430012100F878
:10215000044DFFF7D5FD02B010BD044802B010BD1C
:1021600040F27130FFF754F8EBE700BF98320400FB
:1021700020B1002902DB8288914201DB0E207047EA
:10218000FFF7C8BF08B51FF02DFDBDE80840FFF7F9
:102190000BBF00BF4300B0EB630F01D0FFF7B2BF2E
:1021A00043F00100704700BFB0F1804F08B503D283
:1021B000400040F0010008BD1FF0F2FCBDE80840FF
:1021C000FFF7F2BE002814BF42200A20704700BF6C
:1021D00008B5FAF7D1F9BDE80840FFF7E5BE00BF42
:1021E00001FB00F0704700BF90FBF1F0704700BFAB
:1021F00010B50C2001F002FE044608B102F0AEFF5B
:10220000204610BD00897047043002F019BF00BF9E
:1022100003460A460430198902F0F2BE043002F087
:102220001FBF00BF03894268994234BF52F82100A2
:1022300000207047043002F0E3BE00BF043002F01B
:102240001DBF00BF043002F03DBF00BF024B1B6842
:10225000588CC000704700BFA0380020704700BFF6
:102260000020704738B5184B1B688BB15C6A7CB195
:102270002368984225D05BB1002300E042B10233CD
:1022800054F823208242F9D101339B00E05838BD35
:102290000D460446FFF7E4FF78B103689C420ED078
:1022A0005BB1002300E042B1023350F82320A24288
:1022B000F9D101339B00C05838BD284638BD0423EE
:1022C000F9E70423E2E700BFA03800204068704728
:1022D0004160704710B5082001F090FD044608B138
:1022E00002F044FF204610BD70B50C1E0546164690
:1022F0000EDB83889C420BDA05EB8404E36823B190
:102300000B2140F2863002F075FFE660284670BD72
:102310000A2140F2863002F06DFFEDE7FEF778BF4C
:1023200018B1024B984208BF002070479832040051
:10233000003018BF0120704710B5142001F05EFD79
:10234000044608B102F01AFF204610BD10B504463D
:1023500002F01EFF002806DB238AE268984202D2C0
:1023600052F8200010BD002010BD00BF2E4B1B688E
:102370002DE9F047DF6ABA683B68824203F1FF311A
:1023800007F1040703D857F82120824230D20029F0
:1023900045DD5B1057F82320904226D0B0F804901A
:1023A0004FF0010C00F105080DE034BF03F1010C02
:1023B00003F1FF318C4532DC0CEB01035B1057F865
:1023C0002320824211D094884C4528BF4C460632C7
:1023D00026464546144614F801AB15F801EFF245C0
:1023E000E3D1A4EB020E7645F5D21846BDE8F0879E
:1023F000002914DD5B1057F823209042F5D001240A
:1024000003E057F823208242EFD090428CBF5C1C3F
:1024100003F1FF310B19A1424FEA6303F1DA002304
:102420001846BDE8F08700BFA0380020034B1B68AA
:102430000131DB6A53F82110FFF788BFA038002074
:10244000F8B504460F46164602F0A2FE011E04F13E
:102450000C0505DB32462846BDE8F84002F0D0BD49
:102460003A462189201D02F0CBFD3246218A2846BA
:10247000BDE8F84002F0C4BD034B1B680131DB6AC4
:1024800053F82110FFF7DCBFA0380020014B18687B
:10249000704700BF9C380020704700BF820708B516
:1024A00008D130B1036823F00103DA78F92A13D197
:1024B000987808BD0028FCD0C3070FD40E280DD093
:1024C00042280DD00A280BD0062805D040F2213032
:1024D000FEF79EFE042008BD042008BD022008BDB2
:1024E000012008BD0E281FD010B5044670B915E0B4
:1024F000FFF7D4FF0346022B204612D0032B0DD149
:10250000FFF7A8FD0E28044608D03CB1A3072046DB
:10251000EED000F00FF81FF053FB10BD002004496F
:1025200010BDD4E9010110BD00200149704700BF72
:102530000000F87FC107034651D4820704D59B09E8
:1025400014BF01200020704700284AD02DE9F04137
:10255000FFF7C8FF21F000450F464FF0FF32294634
:10256000274B064604464FF001081FF02DFE40B9E8
:102570004FF0FF32224B304629461FF01BFE00B9B8
:10258000804618F0FF0F2ED100224FF48013204612
:1025900029464FF001081FF017FE40B92046294692
:1025A00000224FF480131FF0E7FD00B9804618F0B9
:1025B000FF0F18D1304639461CF0B0FB0022114BFA
:1025C0001CF0DAFD0022002304460D461FF0D4FD66
:1025D00060B9204629461FF035FEBDE8F081401065
:1025E0007047002070470020BDE8F0812046294652
:1025F0000022044B1FF098F904460D46E9E700BF9E
:10260000FFFFEF7F0000F041FFF794BF38B50D46A4
:10261000FFF790FF04462846FFF78CFF00F01F00ED
:1026200004FA00F04300B0EB630F03D0BDE838407C
:10263000FFF768BD43F0010038BD00BF38B50D4657
:10264000FFF778FF04462846FFF774FF00F01F00ED
:1026500044FA00F04300B0EB630F03D0BDE838400C
:10266000FFF750BD43F0010038BD00BF38B50D463F
:10267000FFF760FF04462846FFF75CFF6040430019
:10268000B0EB630F03D0BDE83840FFF73BBD43F02C
:10269000010038BD38B50D46FFF74CFF044628460B
:1026A000FFF748FF20434300B0EB630F03D0BDE8C2
:1026B0003840FFF727BD43F0010038BD08B5FFF7EC
:1026C00039FFC0434300B0EB630F03D0BDE80840BF
:1026D000FFF718BD43F0010008BD00BF38B50D4637
:1026E000FFF728FF04462846FFF724FF2040430059
:1026F000B0EB630F03D0BDE83840FFF703BD43F0F4
:10270000010038BD38B50D46FFF714FF04462846D2
:10271000FFF710FF00F01F0024FA00F0B0F1804F27
:1027200003D2400040F0010038BD1FF039FABDE887
:102730003840FFF739BC00BF0E2816D008B5034655
:10274000C0B19B0708D0FFF7F5FE07EE900AF8EE40
:10275000E77A17EE900A08BDFFF7C4FE1FF092FD5E
:1027600007EE900A17EE900A08BDDFED057A17EE26
:10277000900A7047DFED027A17EE900A08BD00BF9D
:102780000000C07F70B50E46FFF7ACFE0446304631
:102790000D46FFF7A7FE02460B46204629461FF0CE
:1027A000C3F8BDE87040FFF7FFBB00BF70B50E4631
:1027B000FFF798FE044630460D46FFF793FE0246AB
:1027C0000B46204629461FF0ADF8BDE87040FFF7E4
:1027D000EBBB00BF01F00103184203D0C313013368
:1027E000012B12D9D0B50C46FFF77CFE06462046D9
:1027F0000F46FFF777FE02460B46304639461FF07C
:1028000049FABDE8D040FFF7CFBBCB130133012B12
:10281000E8D84310481000FB03F04300B0EB630F0F
:1028200002D143F001007047FFF76CBC032912D0BE
:10283000D0B50C46FFF756FE064620460F46FFF77A
:1028400051FE02460B46304639461FF04DFBBDE8AF
:10285000D040FFF7A9BB7047F8B50C46C107034647
:1028600003D5E20701D5620811D11846FFF73AFEF9
:10287000064620460F46FFF735FE0B460246394610
:1028800030461CF079FCBDE8F840FFF78DBBFFF740
:1028900051FE05462046FFF74DFE95FBF0F303FB86
:1028A00010504300B0EB630F03D0BDE8F840FFF7D2
:1028B00029BC43F00100F8BD70B50E46FFF712FECB
:1028C000044630460D46FFF735FE294602462046AF
:1028D0001FF040FDBDE87040FFF766BBC2072DE961
:1028E000F8430C460BD5CB0709D540104C10844259
:1028F00041DB3DD1640044F00100BDE8F883FFF7FF
:10290000F1FD064620460F46FFF7ECFD04460D4656
:1029100002460B46304639461FF04CFC90B9224621
:102920002B46304639461FF01DFC28B1304639464B
:10293000BDE8F843FFF738BB22462B4634463D46F8
:1029400016461F46F9F718FE2246804689462B4652
:10295000304639461EF0E6FF42464B461FF09AF9D4
:1029600022462B461EF0E0FFBDE8F843FFF71CBBF4
:10297000234604461846001BFFF71CFA2044440077
:10298000B0EB640F02D144F00100B6E7BDE8F843B4
:10299000FFF7B8BB08B5FFF7A5FD1CF04DFCBDE87F
:1029A0000840FFF701BB00BF08B5FFF79BFD1CF017
:1029B000C1FCBDE80840FFF7F7BA00BF08B5FFF754
:1029C00091FDFAF7CDFBBDE80840FFF7EDBA00BF77
:1029D00008B5FFF787FDFAF743FBBDE80840FFF7AE
:1029E000E3BA00BF08B5FFF77DFD1CF097F9BDE81D
:1029F0000840FFF7D9BA00BF08B5FFF773FD054BD4
:102A000000221EF091FFFAF7ABFBBDE80840FFF78C
:102A1000CBBA00BF0000E03F0E280BD00E2909D032
:102A20008842F8B5044618D001F00102104216D0D1
:102A30000020F8BD00207047A288A888A31D9042FE
:102A400028BF1046691D1A4612F8014B11F8015FA4
:102A5000A542EDD1D41A8442F6D90120F8BD0D4625
:102A6000FFF71CFD06462846FFF718FD8642DFD11A
:102A700044EA05039B07DBD1032EDDD0022ED7D11C
:102A80002046FFF72FFD064628460F46FFF72AFD92
:102A90000B460246394630461FF064FB4FF00103F7
:102AA00000B90346D8B2F8BD08B5FFF7B5FF002856
:102AB00014BF42200A2008BD08B5FFF7ADFF00286B
:102AC0000CBF42200A2008BD0E281AD00E29F8B5E6
:102AD0000C4614D00628054615D042283FD00A28B7
:102AE0001CD00629034600F09080422C11D00A2CFD
:102AF00037D09C4210D004F001031D4211D00020B9
:102B0000F8BD00207047062906D0422C4FF0000384
:102B1000EDD10322934204D10120F8BD0123062CFC
:102B2000E3D12846FFF7BAFC06462046FFF7B6FC7D
:102B3000032E22D003282FD0012E14D0012821D01B
:102B40008642DCD145EA04039B07D8D1032847D04D
:102B5000022828D0601BB0FA80F04009F8BD03239A
:102B6000DDE70122D6E7062D33D0422D4FF00206D5
:102B700034D00A2DE2D10125E0E7022813D0032842
:102B8000DCD1DFE7062C4FF0020020D0422C23D00E
:102B90000A2CD5D10124D3E7022E04D0012EAED1C8
:102BA000062DE2D1ABE72846FFF79CFC06462046FF
:102BB0000F46FFF797FC02460B46304639461FF09A
:102BC000D1FA4FF0010400B90446E0B2F8BD002488
:102BD000B6E702260025B1E70324B1E70325ADE7F8
:102BE000AC4299D0AB88A288A81D9A4228BF1A4649
:102BF0000534034613F8011B14F8015F8D427FF47E
:102C00007EAF191A9142F5D986E7002282E700BF0C
:102C1000FFF75ABF08B5FFF757FF002814BF42203F
:102C20000A2008BD08B5FFF74FFF00280CBF42205F
:102C30000A2008BDF8B5078945687FB10E46043DF6
:102C4000002402E00134A74208D0314655F8040FB1
:102C5000FFF73AFF0028F5D02046F8BD4FF0FF30CF
:102C6000F8BD00BF10B500220446FFF7E3FF011EC8
:102C700004DB201D02F002FA012010BD002010BD6F
:102C800038B58307044608D148B1FFF707FC03288D
:102C900012D0022814D0012038BD0A2801D100200A
:102CA00038BD0028FBD00E28F9D00628F7D010F147
:102CB000FF3018BF012038BD0C4B9C42EBD1EEE732
:102CC0002046FFF70FFC02460B4604460D461FF058
:102CD0007BFA0028E3D120462946002200231FF07A
:102CE00041FAB0FA80F0400938BD00BF98320400C4
:102CF000422805D00A2801D0FFF7C2BF0020704744
:102D0000012070470E2857D00E2955D0F8B50C4633
:102D10000546FFF7C3FB06462046FFF7BFFB032E21
:102D20002FD0A5422BD02846FFF7DCFB06462046D5
:102D30000F46FFF7D7FB324604460D463B4630466A
:102D400039461FF041FAA0BB22462B4620462946B1
:102D50001FF03AFA68BB22462B46304639461FF030
:102D60000BFA18BB22462B46304639461FF022FA92
:102D7000003018BF0120F8BDD01A81420DD20020CA
:102D8000F8BD0328CDD1A542F9D0AA88A188AB1DF2
:102D9000914228BF114605341A4612F8015B14F817
:102DA000010F8542E8D028BF0120E4D24FF0FF3068
:102DB000F8BD6FF00100F8BD6FF00100704700BF73
:102DC00038B501F0010313EA000404D08842ACBF17
:102DD0000020012038BDFFF795FF831C14BFC00FF2
:102DE000204638BD10B501F00104204203D08842CE
:102DF00007DC422010BDFFF785FF831C01D00028AF
:102E0000F7DD0A2010BD00BF10B501F0010420421B
:102E100003D0884207DA422010BDFFF773FF831CFE
:102E200001D00028F7DB0A2010BD00BF10B501F06B
:102E30000104204203D0884205DB422010BDFFF789
:102E400061FF0028F9DA0A2010BD00BF10B501F0BB
:102E50000104204203D0884205DD422010BDFFF767
:102E600051FF0028F9DC0A2010BD00BFF0B591B079
:102E70000446FFF713FB03283DD002280FD0052896
:102E800048D0002C4CD00A2C42D00E2C45D0422CDD
:102E900055D02C4B2C48062C08BF18462CE0E307D5
:102EA0002CD40E2C39D02046FFF71CFB21F0004516
:102EB0000F464FF0FF322946244B06461FF084F997
:102EC00038B9304629464FF0FF32204B1FF05EF9EB
:102ED00040B332463B46304639461FF075F9E0B9FB
:102EE000304639466A46F9F733FA68464FF0FF3103
:102EF000FEF706FF00E0204611B0F0BD6946601005
:102F00000AF05AFD68464FF0FF31FEF7F9FEF3E78D
:102F10000F48F1E70F4811B0F0BD0F4811B0F0BDF8
:102F20000E48E9E700233046394600221FF024F915
:102F30000B4C0C4B002814BF20461846DCE70A480F
:102F4000DAE700BFEC32040010330400FFFFEF7F2C
:102F50000433040020330400D03204007C32040027
:102F6000DC320400C0320400F832040008B5FFF778
:102F700095FA052810D8DFE800F0030507090B0DC6
:102F8000084808BD084808BD084808BD084808BDED
:102F9000084808BD084808BD40F22230FEF738F95D
:102FA000002008BDB03204006C3204003433040049
:102FB0005433040044330400A032040070B50446C6
:102FC000FFF76CFA042813D164B1A3070AD1216872
:102FD000124821F001025369834218D02046BDE80F
:102FE0007040184721460E48BDE870400AF07EBF89
:102FF0002046FFF73BFF05462046FFF7B7FFAB1D16
:10300000811D22460748BDE870400AF06FBF138853
:1030100005481289BDE870400AF068BFBD2F020064
:10302000F0310400FC310400D031040010B5044636
:103030000A46124821460AF059FF7CB1A30705D180
:10304000216821F00101CB78F92B10D0062C05D195
:1030500040F2DD30BDE81040FEF7DAB82046FFF759
:103060001DFABDE8104000F57570FEF7D1B80B8968
:103070008A7803480AF03AFFE8E700BF2C310400E1
:103080004C31040008B5014604480AF02FFF4FF404
:103090006470BDE80840FEF7BBB800BF883104008B
:1030A00010B5FEF733F90446102000F053FF2269F3
:1030B0000260206110BD00BF38B5FEF727F9046932
:1030C000054634B123682B612046BDE8384000F046
:1030D00081BE40F25330FEF79BF8F3E7F0B585B0C0
:1030E0000746FEF713F9046906468CB194E80F0011
:1030F0006D46306185E80F00204600F06BFE0A4BFC
:1031000077611B68284631469B6B984705B0F0BD38
:1031100006480AF0EBFE3846FFF750FF40F2E73072
:10312000FEF776F8E2E700BFA03800206C3104001B
:1031300010B5FEF7EBF8446912239C42436101D0BD
:10314000204610BD40F25330FEF762F8204610BD15
:1031500008B5FEF7DBF84369122B05D0FFF7E8FF4F
:10316000BDE80840FFF7BABF08BD00BF79B110B491
:10317000084B094C014410F8012B04FB03F388426F
:1031800083EA0203F7D118465DF8044B7047014B00
:1031900018467047C59D1C81930100012028064BED
:1031A00000F01F004FF00102B8BF4FF0A04302FA39
:1031B00000F0C3F80805704700030050014B186089
:1031C000704700BF48380020014B1868704700BFA7
:1031D0004C380020014B1868704700BF5038002061
:1031E0002DE9F04707461F4DDFF87C808946FFF741
:1031F000D5FF202FB8BF4FF0A04507F01F0605EB05
:1032000086049F20D4F8003743F00303C4F8003746
:10321000C047012000FA06F6C5F80C65B9F1000FA9
:103220000FD0C047D4F8003723F003033846C4F862
:103230000037FFF7B3FF434640F2BD30BDE8F0472B
:10324000184740F2BD30C047D4F8003723F00303DD
:103250003846C4F80037FFF7A1FF43460A20BDE80F
:10326000F047184700030050612000202DE9F0418D
:103270002028164C164FB8BF4FF0A04400F01F0294
:1032800004EB82060125D6F80037954043F003038E
:10329000C6F800378046C4F80C551520B84740469C
:1032A000FFF77CFFD6F8003723F00303C6F800379A
:1032B0007F20B847D4F8104540F21320B8472C427D
:1032C00014BF01200020BDE8F08100BF00030050C2
:1032D000612000202DE9F04784B0064689460DF1B3
:1032E00003070DF10C0800240025AA463046FFF71D
:1032F000BDFF04F0010398424FEA540400FA05F2BE
:1033000018BF84F08C0405F1010542EA0A0218BFD7
:10331000E4B2082D5FFA82FAE8D107F801AF474519
:10332000E2D19DF905209DF8043043EA022307EE1F
:10333000903AFAEECE7AC9ED007A3CB99DF80630A3
:10334000FF2B07D0204604B0BDE8F087002004B072
:10335000BDE8F0879DF80700A0F18000B0FA80F08A
:10336000400904B0BDE8F0872DE9F04120281F4D49
:10337000DFF87C80B8BF4FF0A04500F01F0405EBDC
:1033800084070126D7F8003743F00303C7F8003756
:10339000FFF704FFA64042F68E10C04741F2F2301C
:1033A000C5F80C65C047D7F8003723F00303C7F80A
:1033B00000376A20C04740F213540027D5F8103573
:1033C0001E4208BF0137013CF8D140F27E20C047C1
:1033D000812FD5F8103505DD1E4214BF01200020D5
:1033E000BDE8F0812046BDE8F08100BF0003005039
:1033F00061200020F8B50446FFF7B6FF0746002815
:103400004AD0CC260025EA1F18BF012206F0010190
:1034100001352046FFF7E4FE082D4FEA5606F2D1AB
:103420004E260025EA1F18BF012206F001010135D2
:103430002046FFF7D5FE082D4FEA5606F2D1FF26AB
:103440000025EA1F18BF012206F0010101352046C0
:10345000FFF7C6FE082D4FEA5606F2D1802600255A
:10346000EA1F18BF012206F0010101352046FFF7CF
:10347000B7FE082D4FEA5606F2D17F260025EA1F37
:1034800018BF012206F0010101352046FFF7A8FE12
:10349000082D4FEA5606F2D13846F8BD70B50646FB
:1034A000FFF762FF18B3CC250024E21F18BF0122EA
:1034B00005F0010101343046FFF792FE082C4FEA77
:1034C0005505F2D144250024E21F18BF012205F062
:1034D000010101343046FFF783FE082C4FEA550501
:1034E000F2D13046FFF7C2FE80F00100C0B270BDDD
:1034F0002DE9F04182B0064602F0E6FC20B9654BAA
:103500001A68002A00F0AF80304601F089F9047C87
:1035100000252046FFF76EFF074650BB0A200BF040
:1035200059F8022D30D00135032DF2D15A4B5B49A9
:1035300018685B4B643E02220E601A6030B1594B32
:103540001A680023156B19461A46A847564B574868
:10355000202CB8BF4FF0A04304F01F0403EB8404F9
:10356000D4F8003723F00303C4F8003702B0BDE8F5
:10357000F08105200BF02EF82046FFF78FFFA8B949
:103580000A200BF027F8CEE7434B444A1868444B17
:10359000643E166001221A600028D7D0414B1B6898
:1035A0003A461D6B39463B46A847CFE74FF43E707D
:1035B0000BF010F820464FF00308FFF7D5FE60B976
:1035C000B8F1010F43D00A200BF004F8204608F1AF
:1035D000FF38FFF7C9FE0028F2D0CC270025EA1FEC
:1035E00018BF012207F0010101352046FFF7F8FD61
:1035F000082D4FEA5707F2D1BE270025EA1F18BF52
:10360000012207F0010101352046FFF7E9FD082DF1
:103610004FEA5707F2D101A92046FFF75BFE0028C9
:10362000CED0214B1D4A1E491660202CB8BF4FF04A
:10363000A04304F01F0403EB84030024D3F8002705
:1036400001980C6022F00302C3F800278EE7124BAA
:1036500012491868124B643E03220E601A6000285B
:103660007FF46DAF72E712484FF40074C0F88040E9
:10367000BFF34F8FBFF36F8F4FF080450D4A01218D
:10368000296003251A605160C2F808551160046072
:103690003AE700BF54380020483800205038002056
:1036A0004C380020A0380020000300500000C84122
:1036B00000E100E00090004038B5046834F00304F5
:1036C000054612D0A30F15D12846E3699847054651
:1036D0002DB140F6CA039D4205D9002C03DB40F210
:1036E0004930FDF795FD284638BD40F25130FDF7D1
:1036F0008FFDE9E7C4F39905EAE700BF38B5144B3D
:103700009A881B6892B1551E53F8251088421AD02A
:10371000023A03EB82032A4602E0216881420BD081
:10372000013A511C1C46A3F10403F6D14FF4527028
:10373000BDE83840FDF76CBD954204D0044801F067
:1037400009FC206038BD0248BDE8384001F002BCE9
:103750006C380020F8B54FF480400BF069F943F65F
:10376000F873044602461946002520486360A561A7
:103770000AF0BCFB626893072ED11D491D4F4D68AE
:1037800088681D4ED31C23F00043104423F003032C
:10379000013543F00043C1E901503968A360E1609D
:1037A00004F10803154831683B6003EB92030360A2
:1037B00079B18C420DD30A68A2B1944203D211E0D0
:1037C0009C4203D31A461368002BF9D1236014607E
:1037D000F8BD21603460F8BD4FF45270FDF718FD5C
:1037E0006268CAE713460A46F0E700BFA033040048
:1037F000743800209038002060380020683800209D
:1038000018210148FEF7A2BA74380020036823F09B
:10381000010318888008704730B338B5C56804467E
:10382000A5B155E901326868A96862605A0F032A98
:10383000C4E9020105D040F24930FDF7E9FC55F832
:10384000043C43F0004345F8043C38BD50F8043CC8
:103850005A0F032A09D143F0004344F8043C0020E6
:10386000BDE83840FDF75ABD704740F24930FDF7DA
:10387000CFFC54F8043CEEE738B550F8043CDB07C5
:103880000546A0F104041CD4104B1B6873B103F16E
:1038900008029442F9D359680A449442F5D255F883
:1038A000043C43F0010345F8043C38BD40F24A3083
:1038B000FDF7AEFC55F8043C43F0010345F8043C29
:1038C00038BD40F24F30FDF7A3FCDDE76038002043
:1038D000830709D140B1030F06D00168114B19428B
:1038E00002D1CB78F92B00D070470F4B10B50446AE
:1038F0001B688BB103F108029442F9D35868024463
:103900009442F5D2094841F00101216022468188A4
:10391000BDE8104001F006BB40F24A30FDF778FCEC
:103920002168EFE70300004060380020583800208D
:1039300000294DD02DE9F84F0F468046DFF89CB0A6
:10394000DFF89CA0DFF88C90061F002502E001350F
:10395000AF423BD056F8044FA307F8D1002CF6D065
:10396000230FF4D0206810EA0B0FF0D1C378F92BA5
:10397000EDD1DAF8003053B103F108018C4203D3E2
:103980005A680A44944207D31B68002BF4D140F2D2
:103990004A30FDF73DFC2068B9F8041040F0010002
:1039A000206022460B4801F0BDFAB9F80430642BC0
:1039B000CDD90C200BF03CF80135074A08EB850304
:1039C0007D1BC0E90135116801601060BDE8F88F0A
:1039D000704700BF583800206438002003000040C2
:1039E0006038002038B505684DB104462846FFF719
:1039F00043FFA1882846BDE83840FFF799BF38BD8E
:103A0000830709D140B1030F06D00168234B194247
:103A100002D1CB78F92B00D07047214B2DE9F04132
:103A200004461B68002B33D003F108029442F8D3FC
:103A3000586802449442F4D221F0030341F001019A
:103A40009B6921600BB120469847164D164C2F46B6
:103A5000AB8883B923681846C3B1D3E90026D3F8ED
:103A6000088022600BF00AF841463046FFF760FFFD
:103A7000AB88002BEED0384601F06CFA036823F0D7
:103A800003039B69002BE3D09847E1E7BDE8F08191
:103A900040F24A30FDF7BCFB2168CDE7030000404F
:103AA000603800205838002064380020F8B50546FA
:103AB0000AF0BEFF0446A5F10800830760602ED11E
:103AC0001B4A1C4F556891681B4EC31C23F00043D2
:103AD000014423F00303013543F00043C2E90151DF
:103AE0003A68A360E26004F10803144A31683B605D
:103AF00003EB9000106079B18C420DD30A68A2B13B
:103B0000944203D211E09C4203D31A461368002B5F
:103B1000F9D123601460F8BD21603460F8BD4FF422
:103B20005270FDF775FB6068CAE713460A46F0E776
:103B30007438002090380020603800206838002059
:103B40002DE9F04F954B1B7885B09C07039005D568
:103B50004FF45270FDF75CFB904B1B788F49904AF5
:103B600043F002030B70039B1468958813F0020660
:103B700040F0F7806DB104EB850554F8040B20F09C
:103B8000010310F0010F18BF1868FFF739FFA542B5
:103B9000F3D1844C0398FDF7C7FB2368B3B1824B84
:103BA0001B68B3F82A8001F03FFB2568A0EB0807EB
:103BB00005EB8805002E40F0E4803FB1002401347D
:103BC00055F8040BFFF71CFFA742F8D1774A784B52
:103BD00016781D683EB10024013455F8040BFFF738
:103BE0000FFFA642F8D17349734A0B681768013377
:103BF0000B60724B00221A60002F00F0CB80CDE9E1
:103C00000122904691467B68029A07F108059B08BD
:103C100005EB83061A44B54202924AD22B6813F090
:103C2000010140F086801A0F062A00F08280AE4221
:103C300040F28F80AA4601E0DAF80030002B4FEA0C
:103C400013720FDBD80714D4062A12D0590009D4F6
:103C5000DB78F92B40F2493001D0FDF7D9FA504614
:103C600001F04AF95046FFF727FD0AEB800A564556
:103C7000E2D8AAEB05044FEAA40CE0454FEA8C0217
:103C80004FF0FF01284642F0004BB8BFE046E14448
:103C90001EF09AFD042CC5F800B053DD00236B60C4
:103CA000019B002B50D0019B01955D605546AE42B3
:103CB000B4D83F68002FA6D1414D029B2A684FEA35
:103CC000890101EB09179C007F004FEA88039AB134
:103CD0003A4A12684FEA590972B11068C0F399065E
:103CE000B14506D246E01068C0F399000644B145DC
:103CF00041D35268002AF6D12E484269C0E9031325
:103D0000A2B18A4212D8039AD20703D522462D487F
:103D10000AF0ECF8BC4201D3FFF71CFD1F4A1378F0
:103D200023F00203137005B0BDE8F08F214A516102
:103D3000E9E723F001032B602846FFF7BDFC05EB04
:103D40008005B4E75546B2E71C4B01951D6055460A
:103D5000ADE74FF00043B8F1000F2B60A7DA8846BB
:103D6000A5E719480AF0C2F82A46214617480AF082
:103D7000BDF8FFE630464844801B02EB80022A6013
:103D8000BAE73A46294612480AF0B0F8002F7FF405
:103D900015AF1BE73B463C463946ADE7FD460020E4
:103DA0006C3800209C380020A0380020FE460020FF
:103DB0008C380020743800206038002090380020B3
:103DC0006838002084330400643304006C3304003A
:103DD0007833040050F8043C5A0F032A10B5044607
:103DE00005D040F24930FDF713FA54F8043C43F093
:103DF000004344F8043C204610BD00BF2DE9F84FB5
:103E000042F22833C71C98424FEA97077CDC444BA8
:103E1000DFF810A15B68C3F30803002B5ED19AF8AA
:103E2000003018075AD143F001038AF80030FDF73B
:103E30006DFA10B14368002B6DD0DFF8ECB0DFF8FD
:103E4000EC900026DBF80040002C4ED04FF000082C
:103E500003E0A0461C46002B47D040F251301EB96B
:103E6000D9F80030A34248D3A10701D1230F01D1D3
:103E7000FDF7CEF92568002D40F24B3001DBFDF750
:103E8000C7F9C5F39905ED1B002D6368E1DB0AD086
:103E9000AA0042F0004244F8272004EB8707012DD6
:103EA0001CBF7B603B46B8F1000F31D0C8F804302E
:103EB000002222604BB15B683BB19A0701D11B0F16
:103EC00003D14FF45470FDF7A3F99AF8003023F0B2
:103ED00001038AF800302046BDE8F88F40F29230A6
:103EE000FDF796F99AF800309DE736B1012E08D01B
:103EF0001520FDF78DF90136A4E70020FFF720FE1D
:103F0000F9E7FFF727FCF6E71620FDF781F97EE7D2
:103F1000CBF80030CCE740F24E30FDF779F98CE772
:103F200000ED00E0FD4600209038002068380020B9
:103F3000033010B520F00304201DFFF75FFFE31DE1
:103F400023F0804323F0030343F0804340F8043B15
:103F500010BD00BF08B538B1FFF7EAFF50F8043CC8
:103F600043F0005340F8043C08BD00BFF8B5214BB6
:103F70005B68C3F3080306460F46002B34D1FDF7F8
:103F8000C5F91D4D1D4AF31B9B102B70044617608D
:103F9000A8B10C20FFF7CCFF50F8043C6268026027
:103FA00043F00053A26840F8043CE368C0E90123F1
:103FB000E0600023A6602B7063602046F8BD1820E7
:103FC000FFF7B6FF0E4A50F8043C1268026043F057
:103FD0000053122240F8043C00234261C0E903333D
:103FE0000446FDF79BF9E4E740F29230FDF710F943
:103FF000C5E700BF00ED00E0FE4600208C38002041
:104000009C380020830702D108B1030F00D170470C
:10401000024B02469988184600F084BF6C38002095
:104020008207034602D108B11B0F00D17047FFF78A
:1040300065BB00BF0430FFF7D5BC00BF03460C30A2
:104040009988FFF775BC00BF4068FFF741BC00BF0F
:1040500010B504460430FFF7C5FC04F10C00BDE8C0
:104060001040FFF7BFBC00BF50F8043B23F0010332
:10407000198804398908FFF75BBC00BF032070472B
:10408000808880000F308008704700BF0220704792
:10409000052070470349044A0023C1E90033C2E9FF
:1040A000003370476C38002058380020704700BF3C
:1040B00002207047406810F09BB800BF426801467C
:1040C00093880248528809F011BF00BFE43304000E
:1040D00010B50446034B41600846236010F06AF8AF
:1040E000204610BDB433040010B5044682B04068C9
:1040F00010F04CF888B1616868460FF0EFFB694634
:1041000001A80FF067FE01A80FF0F8FB606001A89E
:104110000FF0CEFB68460FF0CBFB02B010BD00BF26
:1041200038B505460820FFF769FE044628B1044B60
:1041300045602846236010F03DF8204638BD00BF9A
:10414000B4330400FFF7ECBFA0F120035E2B10D8BE
:1041500010B582B0044668460FF0A8FA04EB84005C
:10416000009BA0381844052102B0BDE81040FDF7BF
:10417000EDBD0020704700BF10B584B00C4641680B
:1041800003A80FF0ABFB0023624203A9CDE9003383
:1041900003480CF099FE03A80FF08AFB04B010BD91
:1041A0003C2D002030B585B00C46416803A815466B
:1041B0000FF094FB0023624203A900930195044889
:1041C0000CF082FE03A80FF073FB05B030BD00BFFA
:1041D0003C2D002043689B8801FB03F1FFF7CCBF17
:1041E00070B584B00E46416802A815460FF076FB04
:1041F00002A903A80FF06AFB00246FF0FE0033460B
:104200002A4603A9CDE9000405480CF019FF03A8CC
:104210000FF04EFB02A80FF04BFB04B070BD00BFC7
:104220003C2D002010B5044682B0FFF75DFF6168A9
:1042300001A80FF053FB01A80FF078FB01A80FF0C5
:1042400037FB02B010BD00BFF0B5074683B00C4687
:1042500015461E46FFF748FF796801A80FF03EFBA0
:10426000F3B22AB221B201A80FF06AFB01A80FF045
:104270001FFB03B0F0BD00BF30B583B00C46154640
:10428000416801A80FF02AFB21B22AB201A80FF061
:104290006DFB044601A80FF00BFB24EAE47003B0A9
:1042A00030BD00BF43685888704700BF4368988896
:1042B000704700BF002B14BFFF230023FFF7C4BFCC
:1042C00008B5FFF7D9FF0028D4BF0020012008BDA2
:1042D00043689B8801FB03F1FFF764BF0A46102384
:1042E0000321FDF717BC00BF082870B504460D4632
:1042F0001AD0A0F10903012B07D92A462146102321
:104300000D20BDE87040FDF705BC0F4ED6F814092E
:1043100003689B6A98470528EFDCD6F81409036800
:1043200008215B6A9847E8E7074ED6F81409036846
:104330009B6A98470228E0DCD6F814090368042138
:104340005B6A9847D9E700BF0025002038B5074CC5
:104350000546D4F814090AF007FFD4F814090AF046
:1043600055FF401BB0FA80F0400938BD0025002001
:1043700070B50D46044600F053FA50B103689B6ACD
:1043800098472A46204610230321BDE87040FDF7D8
:10439000C1BB70BD70B50D46044600F041FA50B186
:1043A00003689B6A98472A46204610230221BDE8ED
:1043B0007040FDF7AFBB70BD08B500F031FA28B111
:1043C00003689B6A9847003018BF012008BD00BFF2
:1043D0002DE9F843204CD4F814090AF0C5FE1DF06D
:1043E000EFFB8046D4F8140989460AF0CBFE1DF095
:1043F000E7FB0646D4F814090F460AF0D1FE1DF07B
:10440000DFFB424604460D464B46404649461DF0FA
:1044100041FC3246804689463B46304639461DF0CF
:1044200039FC02460B46404649461DF07DFA2246BD
:1044300006460F462B46204629461DF02BFC024619
:104440000B46304639461DF06FFA1BF059F81DF047
:10445000D1FEBDE8F88300BF00250020032814D852
:10446000DFE800F00E090402FFF7B2BF084BD3F8F3
:1044700014090AF095BE064BD3F814090AF082BE5F
:10448000034BD3F814090AF06FBE0020704700BF39
:1044900000250020014804F077BA00BF042D002059
:1044A000024BD3F818090BF02DB800BF00250020EF
:1044B000014803F045B800BF002E002040B101289C
:1044C00004D1064BD3F81409F8F7C6BA0020704798
:1044D000024BD3F81409F8F79FBA00BF002500205B
:1044E00038B5274C0546D4F818090AF0BDFF002856
:1044F0003DD0032D40D8DFE805F02C1E1002D4F883
:1045000018090AF02BFF1DF05BFB00221D4B1DF06C
:10451000EBFCBDE83840FDF747BDD4F818090AF0B8
:10452000E3FF1DF04DFB174B00221DF0DDFCBDE845
:104530003840FDF739BDD4F818090AF0C7FF1DF05F
:104540003FFB104B00221DF0CFFCBDE83840FDF7CB
:104550002BBDD4F818090AF0ABFF1DF031FB094B55
:1045600000221DF0C1FCBDE83840FDF71DBDD4F8A8
:1045700018090AF037FFBCE700200021C9E700BF97
:104580000025002000408F40024BD3F818090AF0A4
:1045900029BF00BF00250020034BD3F814391A6847
:1045A0000146526A1846104700250020012808B528
:1045B00005D0022811D0032808D0002008BD0A48E1
:1045C0000CF070FD003018BF012008BD07480EF048
:1045D00001F8003018BF012008BD05480CF062FD4D
:1045E000003018BF012008BD702D0020A02D002034
:1045F000882D00200AB2FF2301B201480FF0A0B9B4
:10460000142D002070B5FF2A82B005460E4604DC4A
:10461000002A14460ADC002300E0FF230C4832B2D3
:1046200029B202B0BDE870400FF08AB9FF2A0CD061
:10463000084804F0A3F80128E3B2EFD001210548AF
:10464000019303F0A9FF019BE8E71346E6E700BFEB
:10465000142D0020042D00200AB2002301B20148CD
:104660000FF06EB9142D00200AB201B201480FF00C
:104670007DB900BF142D002001480CF087BB00BF9E
:104680003C2D0020C1B2014803F086BF042D00205C
:1046900008B5024804F072F808BD00BF042D0020E0
:1046A00001480AF055BF00BF042D00200146014813
:1046B00004F08CB9042D002010B9034803F00ABFA0
:1046C000014804F01FB800BF042D002030B583B0AE
:1046D0000C4901A80AF040FF01A80FF00FF90446A9
:1046E00001A80FF0E5F80820FFF788FB054610B198
:1046F0002146FFF7EDFC20460FF07AFD284603B077
:1047000030BD00BF042D00202DE9F0410668B3F54F
:10471000807F28BF4FF480730446D6F800800D4692
:10472000002116461F46C0474FF496700AF0D6FA8D
:10473000227C094B09481F2A98BF184672B6217C73
:10474000074C01F01F0141EA075133462A46A047B2
:1047500062B6BDE8F08100BF0005005000080050BF
:10476000AD22002008B1436803B9704710B5044674
:10477000084600F055F8626804F108014FF48073B0
:10478000BDE81040FFF7C0BF08B1436803B97047E8
:1047900070B504461546084600F042F82B4662689C
:1047A00004F10801BDE87040FFF7AEBF704700BFDD
:1047B00010B4054C0A4610230146B4F8B4085DF85D
:1047C000044BFDF7A7B900BF0025002008B503483A
:1047D0000CF068FC003018BF012008BDB02D00208F
:1047E00080F30801014801F093B900BF2C2E00208E
:1047F000014801F099B900BF2C2E00200146014864
:1048000001F09CB92C2E002007EE900AF8EEE77A12
:10481000024817EE901A03F051BD00BF342E00205D
:104820006E2856D00BDC682855D014DD6B283AD0A2
:104830002DDC692849D06A2837D129487047732868
:104840004BD011DD78282CD017DC74283FD0772886
:104850002BD124487047652833D01EDD66282ED022
:10486000672822D12048704770282CD025DB71287A
:1048700021D0722819D11D48704740F2E93398427F
:1048800017D040F2EA3398420FD1194870476C288C
:104890000DD06D2809D117487047642805D11648F6
:1048A00070471648704716487047002070471548F3
:1048B00070471548704715487047154870471548A8
:1048C0007047154870471548704715487047154898
:1048D000704715487047154870471548704700BF26
:1048E00000290020082A0020B8280020C029002024
:1048F000582B00204829002070280020202A002062
:104900001829002030290020402B0020A829002051
:1049100078290020A0280020882800209029002045
:10492000E8280020F029002060290020D02800205D
:10493000D8290020FFF774BF10B5FFF771FF20B131
:104940000368BDE810405B68184710BD10B5FFF75D
:1049500067FF20B10368BDE810401B68184710BD11
:1049600010B5FFF75DFF20B10368BDE810405B693B
:10497000184710BD10B5FFF753FF20B10368BDE81D
:104980001040DB68184710BD10B5FFF749FF20B194
:104990000368BDE810405B6B184710BD70B5044656
:1049A000FFF73EFF68B103680D46164603211B6DF5
:1049B00098473246294620461023BDE87040FDF74F
:1049C000A9B870BD014B9868704700BFE837002058
:1049D00008B5FFF725FF78B1C38804290CBF43F45D
:1049E000807323F48073C38003681146DB6C98479F
:1049F000024B984200D008BD002008BD11FCFFFF0B
:104A000010B5FFF70DFF48B103681C694FF4FA6257
:104A1000A44640F2DC53BDE81040604710BD00BF23
:104A2000704700BF10B5FFF7FBFE20B10368BDE87B
:104A30001040DB6A184710BD08B5FFF7F1FE014BC7
:104A4000186008BD98380020026870B50D1E044635
:104A5000D66802DD0A4A12782AB920463346002178
:104A6000BDE870401847521101219140B0472368BA
:104A700004495B6B91FBF5F12046BDE87040184797
:104A80000C23002040420F000F4B104A1B78FF28D8
:104A900008DC002812DB10707BB198B140110121B5
:104AA000814003E0FF21117033B18021084B186869
:104AB00018B10368DB681847704770470021117010
:104AC000002BFAD00021F1E7FF4600200C23002044
:104AD00098380020014B1878704700BF0C23002045
:104AE00070B50E4D2B680C46ABB10D4E01462246FB
:104AF000184601233370FFF7A7FF002C0ADD20467C
:104B000009F068FD286818B103680021DB68984740
:104B10000023337070BD034B2B60E6E7983800200C
:104B2000FF460020D036002010B559B101290CBF36
:104B300002210021FFF774FE48B10368BDE8104070
:104B40001B6C18470121FFF76BFE0028F5D110BD43
:104B500010B5FFF765FE0368BDE810401B6D1847F0
:104B600001460020FDF7F2B8704700BF70B50C4D4C
:104B70002C6882B014B1204602B070BD28201DF010
:104B8000C8FD084B002603F1180203F1300100961E
:104B9000044611F0E7FB20462C6002B070BD00BF58
:104BA00094380020A829002010B50446FFF7DEFF46
:104BB000036821469B68BDE81040184770B50C4655
:104BC00082B0F0B1054639B16A6863689A4203D091
:104BD00040F28D30FCF71CFBFFF7C8FF03686A68E2
:104BE000DE6805F1080134B1154604F108030095AB
:104BF000B04702B070BD254623460095B04702B0CD
:104C000070BD39B1FFF7B2FF03686568DE68002147
:104C10000A46EAE740F28D30FCF7FAFAF2E700BF05
:104C200010B50446FFF7A2FF036821461B68BDE8E4
:104C30001040184770B505460C46FFF797FF03680C
:104C40002A4621465B68BDE8704018472DE9F043CD
:104C5000134C236883B007460E4615462BB11A68DD
:104C6000184693699847002323603846FFF7D8FD1C
:104C700007463046FFF7D4FD80462846FFF7D0FDB3
:104C8000814628201DF045FD00264B464246394608
:104C90000096054611F066FB256003B0BDE8F08381
:104CA0009438002030B583B00446FFF7B9FD90F981
:104CB000105030201DF02DFD032300932946A2B291
:104CC000012306F05FFE03B030BD00BF10B5FFF753
:104CD000A7FD054C0146204600F0E2FF20460121D9
:104CE000BDE8104000F03CBF2C2E0020F0B504467B
:104CF00083B0002017460E46FDF728F861000546F0
:104D000000F1080289B200973346034810F044F9D5
:104D1000284603B0F0BD00BF202C002010B582B0A3
:104D20000C4640004B68009281B204F10802024830
:104D300010F0CEF802B010BD202C0020704700BF4C
:104D40000023C0E9013370470023C0E90133C0E903
:104D500003337047054B10B41A6884688388014692
:104D6000A21A03485DF8044B09F0C0B8A03800202F
:104D7000E834040001464268014809F0B7B800BFB2
:104D80000034040001460289014809F0AFB800BFB1
:104D9000983404002DE9F047C4888C4205460E463D
:104DA0002FD24FEA8408D0F80090002C39D03F2C45
:104DB00035DDB4F5007F3DDB04F580774FF6FE72FC
:104DC0004FF6FF73974288BF1F46B742B8BF3746BA
:104DD000B80009F02DFE82461CB1424649461DF03E
:104DE000CFFC3A1B920000210AEB08001DF0ECFCFE
:104DF000484609F043FEC5F800A0EF80AE80BDE84C
:104E0000F08782889142F9D20068521A00EB810043
:104E1000920000211DF0D8FCAE80BDE8F08767004D
:104E2000D3E704290F46B8BF0427B80009F000FEF5
:104E30008246D6E7034B08EB0407A3FB07377F083E
:104E4000C3E700BFABAAAAAA704700BF704700BF64
:104E50000B6823F0010370B51B89042B0C46054633
:104E600002D16DB9204670BD1048012240F2853153
:104E700009F03CF840F28530FCF7CAF9002DF1D07A
:104E8000E81C8000FEF7BAFF064608B1084B036035
:104E9000A368B360AAB2B5809200002106F10C00AD
:104EA00034461DF091FC204670BD00BFD83404008C
:104EB0004C34040038B502690D4B9A42054609D0BE
:104EC0000C4803224FF4627109F010F84FF462703D
:104ED000FCF79EF92888FEF791FF044600B10560B3
:104EE0002A880021043A201D1DF06EFC204638BDA2
:104EF0003D4D0200D8340400036823F001031B6910
:104F0000184700BF036823F001031B69184700BF5F
:104F1000036823F0010301461A88014808F0E6BF40
:104F2000303404004FF6FE7399420AD883888B42CE
:104F300070B5054616460C4604D92B6843F8246024
:104F400070BD70470131FFF725FF2B6843F82460DF
:104F500070BD00BF83884BB1013B9BB20268838068
:104F6000002152F8230042F823107047184670477A
:104F7000C38870B54BB33F2B0FDDB3F5007F2CDB3F
:104F800003F580744FF6FE72944223D8A4B28C428B
:104F900038BF0C46A34207D370BD5C00A4B28C425C
:104FA00038BF0C46A342F7D20546A000FEF7C0FF6B
:104FB000EB880646E3B9E21A920006EB8300002173
:104FC0001DF002FC2E60EC8070BD042938BF042166
:104FD0000C46E7E74FF6FF74E4E7084A03EB830467
:104FE000A2FB0424C4F34F048C4238BF0C46D9E71B
:104FF0009A0029681DF0C4FBEB88DCE7ABAAAAAADB
:1050000030B5C3888B4283B005460C4609D9036886
:1050100043F82120AB889C4224BF0134AC8003B00C
:1050200030BD4FF6FE739942F9D8013189B2019231
:10503000FFF79EFF2B68019A43F82420EAE700BFA0
:1050400038B5C3888B4204468DB201D2AB4201D938
:10505000A58038BD2946FFF78BFFA58038BD00BF6E
:1050600083884BB1013B9BB202688380002152F8D8
:10507000230042F82310704718467047F8B583881C
:105080008B421DD905684A1C8F009342044655F88F
:10509000216005EB070007D8013B9BB20022A380EB
:1050A00045F823203046F8BD5A1A02F18042013AF1
:1050B000391D294492001DF06EFBA3882568EBE79B
:1050C0000026EFE783888B421CD970B50E46154643
:1050D000591CC28889B28A4204460FD9701C2168C3
:1050E00080009B1B061F9A00084431441DF053FBAF
:1050F000A388226801339551A38070BDFFF738FF64
:10510000A388EBE7FFF77CBF70B505460A48EB883C
:10511000AA88296808F0EAFEEB885BB1074E0024F4
:105120002B68304653F8241008F0E0FEEB88013479
:10513000A342F5D870BD00BFAC340400D0340400E5
:1051400010B5014604460289034808F0CFFE201D31
:10515000BDE81040FFF7D8BF14340400024A0260D3
:105160000022C0E90122704764350400024A02604F
:1051700000224260704700BF34350400034A0260D9
:105180000022C0E90122C0E903227047043504006F
:105190002DE9F041068945681EB32B68994224D059
:1051A0002A46002003E052F8044F8C4217D0013009
:1051B000B042F8D1B1F804808F1D002404E001341E
:1051C000A6420ED055F8043F9A889045F7D1991D14
:1051D000424638461DF0C5FA0028F0D12046BDE809
:1051E000F0814FF0FF30BDE8F0810020F7E700BF0D
:1051F000704700BF10B504460A460448214608F02F
:1052000075FE2046BDE81040FCF702B8D834040013
:10521000014B1B6818697047A0380020014B1B68C0
:1052200098697047A0380020014B1B68188C7047A4
:10523000A0380020014B1B68D86B7047A0380020B5
:105240000268F8B544F210239A4200D0FEE74168A4
:105250001B4B0A681B4F9A420446396013D0088CD6
:10526000194E8000FEF776FE3B6830601A8C0021F4
:1052700092001DF0A9FA3D68144B2A6831689A42E1
:105280000E600AD0FEE71248103108F02FFE40F2FF
:105290009F30BDE8F840FBF7BBBFA3682A699A427C
:1052A000F0D1FCF711F83A680023146B05F14000C7
:1052B0001A461946A047BDE8F840FBF7D9BF00BF22
:1052C000718E3B92A03800209C380020708E3B925B
:1052D0007C3404000148FFF7B3BF00BFA02A0400DC
:1052E00048B110F0030207D1036823F00103D97815
:1052F000F92903D010467047002070471889A0F1A3
:105300000600B0FA80F04009704700BF70B505464E
:105310000C20FEF773FD044620B1154B03600023FB
:10532000C0E901333DB1AB0705D12B6823F0010380
:10533000DA78F92A01D0204670BD0E4A9342FAD19C
:105340002E89002EF7D02046FEF75CFE63899E4230
:1053500003D93146201DFFF70BFEB2006968268194
:1053600060681DF00DFA2046FEF75AFE204670BD1B
:10537000643504000435040038B50D46044608B110
:10538000830714D040F29B30FBF742FF29462046AA
:10539000FFF7FEFE051E08DB2946201DFFF76EFE07
:1053A000294604F10C00FFF769FE422038BD03686E
:1053B00023F00103DA78F92AE4D1024A9342E5D0D6
:1053C000E0E700BF0435040010B5104882B00AF0D1
:1053D0006BFF90B10246002301A80C490AF006FFBA
:1053E0000198B0F902100430FCF7AEFC044601A8A5
:1053F0000EF0D0FD204602B010BD01460448FCF777
:10540000A3FC0446204602B010BD00BFAC2B002018
:10541000B044040030B5034683B00E4CB0F904200C
:105420000D4601A8991D0EF02DFE01A9002220466F
:105430000AF0C6FC01A80EF0ADFD2A46102301219A
:105440000C20FCF767FB204600210AF03FFE03B06A
:1054500030BD00BFAC2B002098B100B5014683B031
:10546000B1F9042001A806310EF00CFE01A90222B8
:1054700004480AF015FC01A80EF08CFD03B05DF89D
:1054800004FB7047AC2B0020014628B1426803485A
:10549000022308310AF0DABB704700BFAC2B0020B2
:1054A000F8B5051E21DD022729460020FCF74EFC39
:1054B000044600F10806FEF7A5FD3B46314662684A
:1054C0000D480AF01FFE854209D001463046FCF720
:1054D0003DFC05462046FEF7A3FD2846F8BD2046C4
:1054E0002546FEF79DFD2846F8BD03480AF0DCFE80
:1054F00000270546D8E700BFAC2B002070B50D464D
:1055000014460646FFF78CF978B12846FFF788F96C
:1055100058B13046FFF784F906462846FFF780F970
:105520003146024604480AF0D3FB21460248BDE852
:1055300070400AF0BFBB00BFAC2B00200146014801
:105540000AF0B8BBAC2B002010B5074A02F1540496
:105550002046A2F118010AF0BBFB20464FF4E131CE
:10556000BDE810400AF0A6BB582B002001460148B8
:105570000AF066BEAC2B0020014601480AF07ABE54
:10558000AC2B002010B582B0B0F90420811D684614
:105590000EF078FD6A46022301A809490AF026FCAC
:1055A0000198B0F902100430FCF7CEFB044601A8C4
:1055B0000EF0F0FC68460EF0EDFC204602B010BD87
:1055C000AC2B002000B5831D83B0B0F9042069B96D
:1055D000194601A80EF056FD01A90B4803F086FFFD
:1055E00001A80EF0D7FC03B05DF804FB194601A832
:1055F0000EF048FD01A9044803F0E0FF01A80EF0F9
:10560000C9FC03B05DF804FBCC360020014803F070
:105610000DBD00BFCC360020792810B50C4609D14D
:105620000748A4F10101B1FA81F14909BDE8104030
:1056300010F08ABAFFF7F4F80028F2D110BD00BFCD
:10564000382A002070B50E46FCF74CFF0446304661
:105650000D46FCF747FF02460B462046294619F047
:105660001DFDBDE87040FCF79FBC00BF08B5FCF70E
:1056700039FF19F0B5FABDE80840FCF795BC00BF4A
:1056800008B5FCF72FFF19F067FABDE80840FCF7F2
:105690008BBC00BF08B5FCF725FF19F011FABDE877
:1056A0000840FCF781BC00BF08B5FCF71BFFF7F70B
:1056B00043FBBDE80840FCF777BC00BF08B5FCF72A
:1056C00011FF19F099FCBDE80840FCF76DBC00BF64
:1056D00008B5FCF707FF19F0E7FBBDE80840FCF749
:1056E00063BC00BF08B5FCF7FDFE19F009FFBDE87B
:1056F0000840FCF759BC00BF08B5FBF79FFDFFF75A
:10570000E9FD002008BD00BF70B505460C4600F05D
:10571000C5F8022D22460CBF02210121102340F6BC
:10572000B930BDE87040FCF7F5B900BF08B500F02E
:10573000B5F860B10DF0CEFD07EE900AFDEEE77A08
:1057400017EE900A772803DC332803DC002008BD1D
:10575000FF2008BD9FED0D7ADFED0D6AF8EEE77AC8
:1057600077EEC77AFDEEE77A17EE903AC3EB0323A4
:1057700007EE903AB8EEE77AC7EE267AFDEEE77AC2
:1057800017EE900AFF28A8BFFF2008BD0000504276
:105790000000884238B505460C4600F07FF8E8B1B5
:1057A00084F3080307EE903A9FED0F7A9FED0F6A9E
:1057B000DFED0F6AF8EEE77A022D67EE877A87EE63
:1057C000867A77EE267AFDEEE77AF8EEE77A17EE3C
:1057D000901A04D0BDE838400DF07EBD38BDBDE85C
:1057E00038400DF0A1BD00BF0000884200007F439B
:1057F000000050422DE9F041214D2C6884B01CB1CD
:10580000204604B0BDE8F08130201CF082FF1D4925
:105810000446A1F594600FF0A3F8264620605420BA
:105820001CF077FF56F8041B00270A23CDE900730C
:105830004FF07E521831012380460DF0EDFD124AE3
:10584000019240F6B93C114A114BCDF808C008F15D
:105850002401009230460F4A0DF00AFD01210E4846
:105860000FF0AAFE01210C4810F056FB3A462068C2
:1058700007210EF0D3FD20462C6004B0BDE8F08176
:10588000A4380020802A002000005042000010416F
:105890000000704200009642682A002008B5FFF719
:1058A000A9FF00B1043008BD704700BF704700BFBA
:1058B000024B1B6803EB4000704700BFA03800207C
:1058C000704700BF704700BF704700BF38B50E4833
:1058D00001F08CFB044690B90C4D2B780BB120469F
:1058E00038BDFFF79BFCC1B2074801F07DFC0621E3
:1058F000054801F0EDFA01232B70204638BD2B201E
:10590000FBF786FC204638BDD82D0020004700203C
:1059100070B586B005460E46FFF7D8FF80B902ACD9
:105920000346B2B2A9B220460DF068FF06AB13E9F8
:10593000030094E80C008DE80300024801F054FDD8
:1059400006B070BDF82D0020F0B58BB0FFF7BEFF9C
:1059500068BB19490446684601F0D6FC68461749F9
:1059600003F078F8054628B1684603F041F8204670
:105970000BB0F0BD684603F08BF80446684603F0B0
:1059800083F80746684603F07BF82946064624223A
:1059900001A81CF019FF3A46314601A81CF0F0FEA0
:1059A00001A824210994FCF7D1F90446DCE700247E
:1059B00020460BB0F0BD00BFF02D0020C8380020FD
:1059C00010B50446FFF782FF58B954B16268043A33
:1059D000002A06DD04F108010248BDE8104001F08C
:1059E000B7BC10BDF02D002010B582B00446FFF703
:1059F0006DFF60B92246102301210920FCF78AF8C7
:105A000001A8044901F080FC01A802F0F1FF02B0F6
:105A100010BD00BFF02D002010B50446FFF756FF63
:105A200000B110BDE1B20248BDE8104001F0DCBB9E
:105A3000D82D002010B50446FFF748FF00B110BD77
:105A400021460248BDE8104001F042BAD82D00209E
:105A500010B50446FFF73AFF00B110BD21460248D9
:105A6000BDE8104001F044BAD82D0020004870472E
:105A700016FCFFFF704700BF704700BF2DE9F843D9
:105A80001F4B036000270546476004468946904641
:105A900008F084F81B4B45F8083B40F2FF32032323
:105AA0001949284602F06AF904F50466012384F8CE
:105AB000343884F835384AF6444240F6C231C4F8E6
:105AC0003898C4F83C88304603F032F83146C4F8C0
:105AD0009878C4F89C7804F50A6003F073FA2722DA
:105AE000294604F6A40003F0AFFF084B1A6802B978
:105AF0001C603046012103F05BFA2046BDE8F883C4
:105B0000A04904009C35040000442C47A83800201C
:105B1000FF2906D808B58900083002F089FB00206B
:105B200008BD6FF47A70704708B5083002F096FB34
:105B30000028B8BF0330801008BD00BFD0F89C38E3
:105B400080F834185BB1D0F83C2819B911461846D2
:105B50000FF01ABD1146184601220FF0EBBC70473A
:105B6000D0F89C3880F835185BB1D0F8382819B9CE
:105B7000114618460FF008BD1146184600220FF0D6
:105B8000D9BC704770B5044682B030201CF0C1FD0E
:105B900004F1080513232A46064600931A491B4BB5
:105BA0000FF0ECFA0021C4F89C6830460FF0C8FBF7
:105BB0001649284602F06CFBD4F89C080FF096FAC0
:105BC00081B2284602F05AFB4FF40041284602F009
:105BD00071FB94F834182046FFF7B0FF94F835189D
:105BE0002046FFF7BDFFD4F898380BB102B070BD66
:105BF000284640F2FF33002204F5046102F0D8FA8F
:105C0000C4F8980802B070BD0010024000442C4750
:105C1000044B186810B1D0F89C3803B17047FFF7F7
:105C2000B1BF00BFA838002010B5044649B3D0F872
:105C30009C3823B3C388194A43F001030221C3806F
:105C4000C2F88410BFF34F8FBFF36F8FD0F89C085A
:105C50000FF06AFCD4F83C18D4F89C080FF094FCC0
:105C6000D4F83818D4F89C080FF08EFCD4F89C08AF
:105C700010B103689B6998470023C4F89C38002042
:105C800010BDC388DA07FAD5D0F89C2823F00103A9
:105C9000C380002AF3D1FFF775FFF0E700E100E0D1
:105CA00070B50446D0F89C0894F83558002384F861
:105CB00035380E4618B1D4F838180FF065FCC4F822
:105CC000386829462046BDE87040FFF749BF00BF4D
:105CD00070B50446D0F89C081B4B236048B1D4F83B
:105CE0003C180FF051FCD4F83818D4F89C080FF089
:105CF0004BFC164BC4F8A4387033C4F8B83804F51C
:105D000012600EF0C9F8124E002504F6C80002F029
:105D1000DDFE04F6B800C4F8B868A4F8BE5807F071
:105D2000ADFF04F50A6003F04FF904F5046002F0DA
:105D3000CDFE04F1080002F05BF820462660E58005
:105D400007F09CFF204670BD9C35040054420400BF
:105D5000A049040010B50446FFF7BAFF20461CF026
:105D6000D1FC204610BD00BF00487047D435040068
:105D7000BFF34F8F0549064BCA6802F4E062134334
:105D8000CB60BFF34F8F00BFFDE700BF00ED00E029
:105D90000400FA0512DF7047704700BF08B50846D7
:105DA00008F09EFF002008BD11F0EAB9084608F08F
:105DB00093BF00BF11F0F2B9024A034901601060BD
:105DC000704700BFB8380020FC35040030B583B000
:105DD00002AB002103F8011D05461846FFF7DAFF64
:105DE0009DF80730012B1BD0134A14480123136080
:105DF0000424C2F80011D2F80031002BFBD0D2F8F5
:105E00000835013C43EA0020F3D1012353602B689D
:105E10000B4A9B69934209D108F062FF03B030BD81
:105E20002B68074A9B6905489342F5D001462846EE
:105E3000984703B030BD00BF00D00040ED5EBC0B02
:105E40009D5D0200034B1B680BB108F04BBF184669
:105E5000704700BFB83800204FF08053586E70472D
:105E600070B4174E174C0FCE89B001AD0FC596E830
:105E7000070003C5002104F8051F4FF080532A7066
:105E80005E6E0520012501EB810208AB1A44B6FBCA
:105E9000F0F300FB1363B3FBF5F31A44013112F87E
:105EA0001C2C04F8012D0529A6EB030600EB80004D
:105EB00005EB8505E7D1034809B070BC704700BF0A
:105EC000B8350400AC38002000B583B002A8002328
:105ED00000F8013DFFF75EFF9DF80700A0F101000B
:105EE000B0FA80F0400903B05DF804FB08B5FFF795
:105EF0003FFF00BF024B186808B1FFF767BF70474C
:105F0000B8380020014B1860704700BFB43800203B
:105F10002DE9F04F89B0DFF87092079011F026F963
:105F2000914A9249924D0023C1F8103509F10404B9
:105F3000C2F810354846C2F814351C21C2F818358D
:105F4000C2F81C35C2F82035C2F82435C2F828350D
:105F50004FF0A043032201F5E071844243F8212071
:105F600009D010F8011F1F2986BF01F01F012B4621
:105F70004FF0A043EFE77F4B7D4D1C1D1A464FF0BD
:105F8000A0411523032003F5E073944241F8230058
:105F900009D012F8013F1F2B86BF03F01F032946CB
:105FA0004FF0A041EFE77348714D15234FF0A0412A
:105FB000012404FA03F38242C1F80C3509D010F829
:105FC000013F1F2B86BF03F01F0329464FF0A0415E
:105FD000EFE7694B694A1B6812680693DFF890A1E6
:105FE0000592002303934FF0010B059B002B00F05B
:105FF000AF80039A934240F3A98000230493604B3F
:1060000001931B244FF0A04800230293019B03F14E
:10601000040E029B272B6FDC039B49F63F42052BA6
:1060200049F6404C40F69F73ACBF4FF47A6C134670
:10603000019E504F49F64042654604200441E40762
:10604000CC464FF01C010FD51F2943D84FF0A04478
:106050000BFA01F1C4F80C1580B134781CF8011F5B
:1060600001380441E407EFD41F2937D84FF0A0448A
:106070000BFA01F1C4F808150028EED15DB13978AA
:106080001F2986BF01F01F0150464FF0A0400BFAB8
:1060900001F1C0F80815002102E00131914212D04F
:1060A0009942D8F80405F8D138781F2886BF00F047
:1060B0001F0054464FF0A04401310BFA00F091420A
:1060C000C4F80C05ECD1764507F101070AD016F8A3
:1060D000014FB2E701F01F015446B9E701F01F017B
:1060E0005446C5E7029B0133302B029309D0019B34
:1060F0001C78029B272B8FDD4FF0FF334FF0000CF5
:1061000096E7049B591C04292AD0012926D0049B18
:10611000012B14BF01230A231A48079A92FBF3F3B9
:1061200080FB0320DA17C2EBA00202EB8202A3EB92
:106130004203303305225BB26FF09F0012FB030372
:10614000069A0491D1180191D45C5DE7FFF710FE27
:106150000B4B0193059B04931B2453E76423DBE75C
:10616000039B0133039340E704600040006000405C
:1061700000030050E4350400B0200020B4380020B3
:10618000DC35040067666666EC35040008B5084631
:10619000FBF73EF808BD00BF4FF0FF30704700BF6F
:1061A000054B186828B10368044ADB69934202D1A1
:1061B000704710F0E3BF1847B8380020995D02001F
:1061C0000048704716FCFFFF10B5074B03F10802AB
:1061D00048330446026040F8383F0AF01BFC204672
:1061E00002F058F9204610BD1C360400A0F138001A
:1061F000FFF7EABF094B10B503F108024833044624
:10620000026040F8383F0AF005FC204602F042F9EF
:1062100020461CF077FA204610BD00BF1C36040053
:10622000A0F13800FFF7E6BF2DE9F041044682B047
:106230001820154688461CF06CFA012607461B22DA
:106240000C4910F015FF2B46424639462046009671
:1062500002F05EFA2A46214604F138000AF00AFCF0
:10626000054B204603F1080248332260A36302B0C5
:10627000BDE8F08100B001401C3604002DE9F0417A
:106280000446006803681B6B98474FF40065B5FB34
:10629000F0F303FB00F0A84249D12A462646A26249
:1062A00056F8580B03680025DF6931460A23B847C2
:1062B000294684F87F5084F8745084F8695010227D
:1062C00004F175001BF014FB2946A063102204F1B1
:1062D0006A001BF00DFB236820641A68A76A126B22
:1062E000184690472368D4F83880A56A384420635C
:1062F0001A681846136B984705EB4000804503D396
:10630000256CA36BAB4202D30020BDE8F08120686E
:106310000368DB6A98478542F6D2304611220B4962
:106320001CF01FFAB0FA80F04009BDE8F081206847
:1063300003681B6B98470646206803681B6B9847E9
:10634000B5FBF6F505FB0002A8E700BF80360400A8
:1063500038B50446C0E900121D46083104234FF445
:106360008072083006F0CCF804F1200008F072FAD0
:1063700004F184000DF0A8FE0023C4E91133E562A6
:10638000E3616363A3622363A363E364236484F828
:10639000503084F851306365C4F88030204638BDF1
:1063A00030B5C369DB078BB0044602D4FFF766FF44
:1063B00090B12822002168461CF006FA2068A16AE4
:1063C00003686A461D6A0A23A8472068216C03688F
:1063D0006A461D6A0123A847E36923F00103E361CC
:1063E0000BB030BD38B500F120040546204608F05A
:1063F00035FA2846FFF7D4FF2046BDE8384008F0BC
:1064000063BA00BF10B5044684300DF0C3FD2046CA
:1064100010BD00BFC1600020704700BF014B188055
:10642000704700BFF046002010B5044B0360002306
:106430000446C38007F022FC204610BDA04904009A
:1064400010B5064B036000230446C38007F016FC1A
:1064500020461CF057F9204610BD00BFA04904009B
:1064600082B070B50C4684B005464968206802AC1D
:1064700003C4039908AC481084E80C00CB0745BF5F
:106480002A58029B029CD4580AAB2E1893E80300AA
:106490008DE8030008AB0CCB3046A04704B0BDE844
:1064A000704002B0704700BF10B5806984B00268C8
:1064B000002300939469E0210DF10F02A04704B07E
:1064C00010BD00BF2DE9F843124D056000250446BC
:1064D000456089461F469046BDF8206007F05EFB88
:1064E0000D482060C4E90698276204F1240008F0F2
:1064F000B1F9E388E56243F480430020002143F0D2
:106500000403C4E90C012587A680E3802046BDE88A
:10651000F88300BFA049040064370400C3885B0708
:1065200000D47047FFF7C0BF30B5C3885B0783B0A6
:1065300004460D4601D5FFF7B7FFA0692A68016838
:106540005388002400948C690432E021A04703B0F2
:1065500030BD00BF70B50646C869D0F80C33B0F83E
:1065600012435B6884B000F543700D469847B0FA5B
:1065700080F0C4F300244009A04215D003A80122F2
:1065800008210DF06FFCEB885B071DD4A869039A06
:106590000368002100911C6A04320823E021A0470F
:1065A00040B103A80DF078FC30460DF055FC3046A4
:1065B00004B070BD03A930460DF066FC03A80DF0D1
:1065C0006BFC304604B070BD2846FFF76DFFDDE779
:1065D00070B50C4682B0054668460DF03DFCE38878
:1065E00043F00103E3800526012008F075FB2146F6
:1065F00001A8FFF7AFFF01A968460DF055FC01A8FF
:106600000DF04AFC009B5A88BAB11A79202A31D180
:106610005B79312B11D0022168460DF0AFFCE38885
:1066200023F00103E380694628460DF02DFC6846FF
:106630000DF032FC284602B070BD013ED4D10122DB
:10664000022101A80DF00EFC019B382220215A7175
:106650001971E38823F00103E38001A928460DF0B6
:1066600013FC01A80DF018FC68460DF015FC284637
:1066700002B070BD132ACED05979024808F0B8FA9A
:10668000C11CC9E794360400F0B5164683B00D4628
:106690001F4604460DF0E0FB314601A80DF0F4FB67
:1066A00001A92846FFF740FF00B92FB901A80DF056
:1066B000F3FB204603B0F0BD01A80DF0EDFB294629
:1066C00001A8FFF785FF01A920460DF0EDFB01A809
:1066D0000DF0E2FB204603B0F0BD00BF70B582B004
:1066E0001646044601220D46684602210DF0BAFB0B
:1066F00020460DF0B1FB009B10225E711A716946B5
:1067000001A80DF0C1FB01A92846FFF70DFF0646C1
:1067100001A80DF0C1FB56B9294601A8FFF758FFA3
:1067200001A920460DF0C0FB01A80DF0B5FB68469D
:106730000DF0B2FB204602B070BD00BF30B5CB8873
:106740009B0783B00C46054645D468460DF084FB94
:10675000012201A82146FFF7C1FF01A968460DF0FB
:10676000A3FB01A80DF098FB009BB3F80730A381B1
:10677000022201A82146FFF7B1FF01A968460DF0EA
:1067800093FB01A80DF088FB009BB3F80730238131
:10679000032201A82146FFF7A1FF01A968460DF0D9
:1067A00083FB01A80DF078FB009AA189B2F80720BD
:1067B000E388628149F60412914243F0020016BF59
:1067C00023F0040343F0060343F00203E080E38078
:1067D00068460DF061FBA068A38928602846AB805D
:1067E00003B030BD70B584B006460C4601A8012246
:1067F00004210DF037FB019A0823012584F00104E0
:106800001221D47111715371957101A90DEB03001F
:106810000DF03AFB2B46314602AA03A8FFF734FFDE
:1068200003A80DF039FB02A80DF036FB01A80DF00E
:1068300033FB04B070BD00BF70B5012184B00546C4
:10684000FFF7D0FF0021012007F02CFA01A8012258
:1068500004210DF007FB019B0822012412260720CA
:1068600001A91E715871DA719C710DEB02000DF0D7
:106870000BFB234602AA294603A8FFF705FF03A83E
:106880000DF00AFB02A80DF007FB0A2008F024FA1D
:10689000E869032100F543700FF05CFB4FF0804383
:1068A00001A8C3F800450DF0F7FA04B070BD00BFB1
:1068B00070B5C38813F0010482B004D02D4B0022C0
:1068C0001A6002B070BD0546C069D0F80C33B0F84C
:1068D00012635B6800F543709847B0FA80F0C6F326
:1068E00000264009B042E9D0224A13681D2B03DC80
:1068F0000133136002B070BD684614600DF0ACFA4D
:1069000001A82946FFF726FE01A968460DF0CCFA3A
:1069100001A80DF0C1FA009B5A8842B11A79112AD8
:1069200002D15A79092A06D0134807F0DFFA6846DF
:106930000DF0B2FAC5E79A79012AF5D1DB79022B7D
:1069400008D0032B0ED0012B08D001210B4807F0F3
:10695000CDFAECE70A4807F0C9FAE8E7094807F07A
:10696000C5FAE4E7084807F0C1FA2846FFF764FFD4
:10697000DDE700BFBC380020DC3604003C370400F3
:1069800014370400FC36040024370400C38819B906
:1069900023F00103C380704743F00103C3807047B5
:1069A00008B507F041FF003018BF012008BD00BF47
:1069B0002DE91848044609F00FFFD4E90C23821A88
:1069C00061EB0303002B08BFB2F5FA7F06D3E06A40
:1069D0000028CCBF00200120BDE818880020BDE8B9
:1069E000188800BF2DE9F043046A83B09DF8285051
:1069F0007CB30C469046994609F0FEFE44B9D5B9E1
:106A00000B9B1648002B18BF002003B0BDE8F08395
:106A1000894508BF80451ED3B8EB000669EB010726
:106A20000F4C0E480025BD4208BFB44238BF0020BD
:106A300003B0BDE8F08302A9052041F8044D07F03A
:106A400031F9019B0548002B18BF002003B0BDE8B9
:106A5000F0830448D9E70148D7E700BF09FCFFFFEE
:106A60009F86010016FCFFFF2DE9F04F8DB01F46F9
:106A70000546894616469DF858A009F0BDFE179BAD
:106A8000CDE90201CDE900A332463B4649462846FE
:106A9000FFF7A8FF069018B106980DB0BDE8F08F7B
:106AA00028460121FFF79EFEBAF1000F0CBF01201E
:106AB0000220069907F0F6F80AA809F06FFFCDE961
:106AC0000401286A42690368D2F848150791D2F890
:106AD00004130891D2F80413DB69C2F80813C268E2
:106AE0000992684A934240F0C480674BC360DFF864
:106AF000A4810023A8F80030BAF1000F0FD1179B32
:106B00006BB11B6817985B689847179B1798DB88D1
:106B100013F4807F0CBF032102210FF01BFAE869F8
:106B2000032100F543700FF015FA584B40221A600C
:106B3000286A0A9A03680221DB6B9847286A03686F
:106B40009B6A9847B6F10D00DDE9023447F1FF3149
:106B5000DDE90467F61A67EB0407C31A61EB040466
:106B60001846B21947EB07032146801A61EB03016F
:106B70004B46A9461D460A9CCDE902010026002786
:106B8000D3466DB3DDE902239F4208BF964229D266
:106B9000921B63EB07033E480021994208BF9042D5
:106BA00000D20246D9F82000036802212244DB6BA0
:106BB000984730BFD9F8200003689B6C9847041BA6
:106BC0003619824647F1000709F016FEB8F8003082
:106BD0009BB2002133B1A8F800105446002DD1D14A
:106BE0002B4ADFE7D9F81C00002100F543704D4621
:106BF000DA460FF0AFF9BBF1000F32D0286A036814
:106C00001B6B9847286A43690268D3F80413D2695A
:106C1000C3F808131B498A422ED1099AC260079A09
:106C2000C3F84825002200231946104609F0C6FE85
:106C30002B6A089A5B69BAF1000F0CBF032004208D
:106C4000C3F80423002107F02DF828460021FFF7A0
:106C5000C9FD09F0C1FDC5E90C0106980DB0BDE8FC
:106C6000F08F179B002BC9D0184659460FF072F9C8
:106C7000C4E7054998473AE7099990472B6A5B6949
:106C8000CDE700BF156402001D64020000E100E0D2
:106C9000BFBDF0FFF046002070B584B004AB002407
:106CA000002563E902450646184609F09FFE0025C7
:106CB00001240146DDE902233046CDE90045FFF716
:106CC000D3FE04B070BD00BF2DE9F041044682B090
:106CD0000E46154610309846BDF828700CF0AEFDF3
:106CE0002680658018201BF014FD08AB054693E84C
:106CF00003006A4682E803002E4603CA46F80C8B5E
:106D00000023084AEB6047F0020773606860204682
:106D1000A780A560E360C4E90833A9606A6102B096
:106D2000BDE8F0816164020010B5104B1C6890B0A2
:106D3000CCB10F4A04920022059204AA034692E8BD
:106D4000030010228DE80300029240F2FF31052279
:106D500006A8FFF7B9FF236806A99B682046984755
:106D600006A807F0EFFE10B010BD00BFE03E002007
:106D7000B56D020038B50446002007F05DFD2046E1
:106D8000FFF7D2FF2046FFF787FF054604F12400F6
:106D900007F0B0FD284638BD10B50446243007F092
:106DA000A9FD002007F048FD2046BDE81040FFF790
:106DB000BBBF00BF82B08DE80C00BDF8002040F2E0
:106DC000FF339A4201D002B07047BDF80230052B64
:106DD000F9D102B0FFF7E0BF10B5044B0360002308
:106DE0000446C38006F04AFF204610BDA0490400B7
:106DF00010B5064B036000230446C38006F03EFF37
:106E000020461BF07FFC204610BD00BFA0490400B7
:106E1000F0B51B4F85B0054600F118062C6974B11A
:106E2000E278012A0DD0022A05F1200021D100F0DC
:106E300001FB2B69A3420AD01C46002CF0D105B0FF
:106E4000F0BD304600F0A2FA2B69A342F4D1022231
:106E5000C7F88020BFF34F8FBFF36F8F29696B7A1C
:106E6000496A2961013B6B7220463A601BF04AFC7B
:106E7000D4E701230A2168460CF0C0FCD9E700BF23
:106E800000E100E070B50F4B03600025044645604B
:106E90000E4606F083FE20460B4B40F8183B214679
:106EA00000F02EFA214604F1200000F0BFFA074B53
:106EB000E5802581A680C4E9035565611C602046F4
:106EC00070BD00BFA049040094370400C038002002
:106ED000092906D8044A054B525CC3F80C2500204A
:106EE00070476FF47A7070478037040000100040DC
:106EF00010B50C46FEF7E8FF28B9642C05D8044B02
:106F0000C3F8084510BD034810BD6FF47A7010BD7A
:106F10000010004016FCFFFF38B543694BB3427ABE
:106F2000032A23D8C288D2074CBFC268124A9A6289
:106F300004462C201BF0EDFB2C22002105461BF003
:106F400043FC636900225A6222690AB90BE01A46BF
:106F5000536A002BFBD163695362637A6561013325
:106F60006372002038BD63692361F6E76FF47B70BC
:106F700038BD6FF47A7038BD16FCFFFF38B5194B79
:106F8000D3F8002122B100210122C3F800119A6038
:106F9000144BD3F80C217AB1134C0021C3F80C1117
:106FA0002068D3F80054C288012D02F0010204D0F9
:106FB0009AB90C4B01229A6038BDD3F848350AB112
:106FC0005B42C360FFF7A8FF2268064B5269C3F813
:106FD0000425044B01229A60EEE7024BC1600122B6
:106FE0009A60E9E700100040C0380020F8B5C38877
:106FF000DB0701D50020F8BD0446FEF765FF002839
:1070000071D16569002D65D04FF0804300220121C8
:10701000C3F800211A461960D2F80031002BFBD0CA
:10702000324D0023C5F80C35FEF74EFF00284DD039
:107030002E4D2F4B0022C5F81025C5F81C35267A99
:10704000FEF742FF00283DD0284BDFF8B4C0294F9F
:10705000294D002001210826C3F82C050222C3F87F
:107060003015C3F81465C3F818C54FF6FF7CC3F894
:107070003425C3F83CC5C3F838751827C3F85475D0
:107080006769C3F80475C3F80463C5F880212A60F2
:10709000D3F8002242F01002C3F80022C3F8000126
:1070A0001A465960D2F80031002BFBD0E38843F434
:1070B000804343F0010300200121C2F80C019160DC
:1070C000E380F8BD2672C5F82465BDE70723C5F83F
:1070D0000835ADE72C201BF01CFB29462C221BF0A9
:1070E00073FB606190E70548F8BD00BF00100040E9
:1070F000746962752110010000E100E016FCFFFFD9
:107100002000040210B50446FEF7DEFEF8B9E3885D
:1071100013F0010301D1184610BD0E4B0222C3F833
:107120008020BFF34F8FBFF36F8F0B4B0121C3F84C
:1071300010011A461961D2F81031002BFBD0E388F8
:1071400023F4804323F00103E380002010BD0348B3
:1071500010BD00BF00E100E00010004016FCFFFF82
:1071600070B505460C46FEF7AFFE002836D1EB8819
:1071700044B113F001041FD1194A1068C0F3400054
:1071800070B970BD13F0040120D113F00200F8D0E3
:10719000134A23F002030224EB801460084670BDFA
:1071A00043F002030221EB80C2F88010BFF34F8F3F
:1071B000BFF36F8F204670BD06462846FFF7A2FF3B
:1071C000EB8843F004033046EB8070BD23F00403EA
:1071D000EB802846FFF70AFF204670BD014870BDCE
:1071E00000E100E016FCFFFF38B505460C46FEF74F
:1071F0006BFE20B9034B2C72C3F8244538BD0248FE
:1072000038BD00BF0010004016FCFFFF03460069B8
:1072100088B1094930B40224C1F88040BFF34F8FD0
:10722000BFF36F8F1D695A7A6D6A1D61013A5A72F8
:107230000C6030BC7047704700E100E038B505468F
:107240000C46FEF741FE002851D1002C4CD023788B
:10725000232B49D8274B0222C3F88020BFF34F8F3E
:10726000BFF36F8F244B0121C3F810011A46196137
:10727000D2F81031002BFBD0002101231E48C2F8A8
:107280000445C2F800111360D0F80031002BFBD088
:1072900001210023184A8160C0F80C31D2F80C316A
:1072A000002BFBD06B69C2F8043500200123124982
:1072B000C2F810011361D1F81031002BFBD000206F
:1072C00001230D4AC1F800014B60D2F80031002BB8
:1072D000FBD0084B022100200124C2F80C0194606D
:1072E000C3F88011196038BD6FF47A7038BD034857
:1072F00038BD00BF00E100E00010004016FCFFFFB9
:107300000022C0E90012704730B54C6883B00546D2
:10731000B4B1636A4B602146A36A11F8042B01A83B
:10732000033A01F091FB20461BF0ECF901A9284635
:1073300001F066FB01A801F05BFB284603B030BDFD
:10734000024901F05DFB284603B030BDC83800207B
:10735000C9B1232A134616D830B58DB00446012092
:1073600003338DF805008DF80700002502A88DF87D
:1073700004308DF806501BF003FA01A92068FFF7CE
:107380005DFF0DB030BD6FF47A70704710B50446E4
:1073900084B00068FFF73AFF002343626268B2B12D
:1073A000516A09B915E011464A6A0133002AFAD137
:1073B000032B08DC486201231A46092168460CF0B9
:1073C0001DFA04B010BD1BF09DF904B010BD606043
:1073D000F1E71146EEE700BF0048704716FCFFFFDB
:1073E0000048704716FCFFFF82B070B58CB010A942
:1073F00081E80C00037823B10CB0BDE8704002B006
:10740000704704460FC90CAE074D46F82C5D02AD1F
:1074100085E80F0060683146FFF710FF0CB0BDE84B
:10742000704002B0704700BF1301000200224160AB
:107430000270704738B504464068FFF7E7FE012345
:107440000546237004300CF003FA0023284623700D
:10745000BDE838401BF056B94CDF704710B5044BFF
:10746000036000230446C38006F008FC204610BDDC
:10747000A049040010B5064B036000230446C380F6
:1074800006F0FCFB20461BF03DF9204610BD00BF76
:10749000A049040070B5094B03600025044645600F
:1074A0000E4606F07BFB064AA6804FF47A73A56071
:1074B00065822260E360204670BD00BFA0490400E1
:1074C000B837040010B5C38843F48043C38086B046
:1074D000044609F081F9A2680023994208BF90424E
:1074E00002D2002006B010BDFEF7EEFC08BB134B25
:1074F00001221A60D3F80021002AFBD00022C3F831
:107500000021D3F80825019201215960002AB8BF53
:1075100003329210228209F05FF9E368A1881844CF
:107520000123A0601A4602A80CF068F9002006B0FA
:1075300010BD01A8FFF790FF019AE7E700C00040E7
:1075400010B50446FFF7BEFFB4F91000B4F91230CD
:10755000C01A10BDFFF7B6BF002070470368DB6A92
:10756000184700BFA0F10800FFF7F8BF094B10B59E
:1075700003F10802483304460260836018300CF0BF
:1075800009FD054B236000232046E38006F076FBCF
:10759000204610BD88380400A04904000B4B03F1BD
:1075A0000802483310B504460260836018300CF0BE
:1075B000F1FC074B23600023E380204606F05EFBCE
:1075C00020461BF09FF8204610BD00BF88380400FD
:1075D000A0490400002070472DE9F0410F4D0560DF
:1075E0000025456004461E4688461746BDF81850DB
:1075F00006F0D4FA0A48C4F80C8000F108014830BB
:10760000A060C4E90476216004F118000CF05CFD70
:107610004023A580A3622046BDE8F081A049040074
:10762000883804002DE9F04F032B87B082460D46C1
:107630001646194605A8B8BF032101224FF00009DC
:1076400003934F460CF00EFC4FF0140808E03C4842
:1076500006F04CFC012006F0BDFFB8F101084BD04C
:1076600001216869FFF792F9E86832680168538878
:10767000CDF800908C690432E421A047044600282C
:10768000E5D1C82007F02AFB2869D0F80C33B0F800
:1076900012B35B6800F543709847B0FA80F0CBF303
:1076A000002B400958454FF0E4011CD0E868059ACA
:1076B000046853880097246A0432A047044630BB0C
:1076C000059932680B79127993424FF0010023D06B
:1076D00033B1202BC1D14B799A4201D0002BBCD1C0
:1076E00006F078FFD0E70134012006F073FF142C78
:1076F000CAD1B8F10108B3D1124806F0F7FB6869A6
:107700004146FFF743F950460CF0A6FB10E0014656
:107710000D4806F0EBFBA0E721466869FFF736F954
:10772000039905A80CF02AFC05A950460CF0ACFB07
:1077300005A80CF0B1FB504607B0BDE8F08F00BFC4
:107740002C38040068380400483804002DE9F04162
:107750000D4684B0064648691F469046FEF7DEFE99
:10776000EB88DB0611D403AC414620460CF08CFBC1
:107770003B46224629463046FFF754FF20460CF090
:107780008BFB304604B0BDE8F0810122114601A810
:107790000CF068FB019B03241C7101A902A80CF0EA
:1077A00073FB2146094807F023FA03AC034602AAFB
:1077B00029462046FFF736FF20460CF06DFB02A855
:1077C0000CF06AFB01A80CF067FBCDE7D43704008E
:1077D000F0B585B0044616460F460122082101A8DF
:1077E0001D460CF03FFB20460CF036FB46F02060B7
:1077F000019E05F0F3FBAD007060284605F0EEFB3E
:1078000001A9B06002A80CF03FFB05F1080302AA31
:10781000394603A8FFF79AFF03A920460CF044FB62
:1078200003A80CF039FB02A80CF036FB23685B8838
:10783000082B0FD803A80CF00FFB03A920460CF06F
:1078400033FB03A80CF028FB01A80CF025FB204615
:1078500005B0F0BD002220464FF0FF3308210CF0A8
:107860004DFB23685988204608390CF087FB01A896
:107870000CF012FB204605B0F0BD00BF30B583B060
:107880000C46014601A81D46FFF7A2FF01994B884F
:107890005BB12046AA0004311AF072FF002401A84F
:1078A0000CF0FAFA204603B030BD014CF7E700BFF8
:1078B0000CFCFFFFA0F10800FFF7E0BF2DE9F04F3F
:1078C000804685B068464FEA83090D4693460CF022
:1078D000C3FAD8F828104945A8BF49460831012203
:1078E00001A80CF0BFFA09EB050A01A84FF0FF331D
:1078F0000022FF210CF0E8FA55453DD2002601E0B8
:10790000AA4539D9D8F82830019FA9EB06049C4232
:1079100045F03060A8BF1C4605F060FB786020464B
:1079200005F05CFB26F003012246B860594407F1DC
:107930000C001AF025FF04F1080101A80CF01EFB51
:1079400001A902A80CF0A0FA092302AA414603A843
:10795000FFF7FCFE03A968460CF0A6FA03A80CF09A
:107960009BFA02A80CF098FA009B5B8825442644F9
:10797000002BC5D1064C00E0002401A80CF08CFAC5
:1079800068460CF089FA204605B0BDE8F08F00BFCC
:107990000EFCFFFFA0F10800FFF790BF70B5154681
:1079A00082B0012204460E46684611460CF05AFA8F
:1079B000009B69461D7101A80CF066FA294609482A
:1079C00007F016F901AA034631462046FFF7BEFE2E
:1079D00001A80CF061FA68460CF05EFA204602B08D
:1079E00070BD00BFD437040030B5C3889B0785B095
:1079F000044609D5636A00209AB262F30F001B0C9B
:107A000063F31F4005B030BD01A80CF025FA072232
:107A100002A82146FFF7C2FF02A901A80CF044FA10
:107A200002A80CF039FA019A55886DBB062221464E
:107A300002A8FFF7B3FF02A901A80CF035FA02A8CB
:107A40000CF02AFA019A5388D3B91D4602A861693D
:107A5000FEF774FEBDF80A30FF2BE38807BF402213
:107A600043F018034FF4806223F01803E380A2620E
:107A700015B143F00203E38001A80CF00DFAB9E759
:107A8000537984F82630E1E7B2F8050005F0B8FA3A
:107A90000125A084CAE700BF2DE9F04788B006465B
:107AA0000D4617460821012201A80CF0DBF902A8B7
:107AB0000CF0D2F903A80CF0CFF904A80CF0CCF923
:107AC0003046FFF791FFB48C96F826300590B90048
:107AD00001EB050904FB03F3994500F2DA80B9FBD9
:107AE000F4F7B5FBF4F304FB07F7B9EB070204FB6B
:107AF00003FA08BF3F1B554500F0C580A21A04FBDE
:107B00001353B2FBF4F104FB1124002B40F09380DB
:107B1000002C40F08180F3881B0741D5BA4561D81D
:107B2000544607AD03E0B38C1C44BC425AD844F021
:107B30004060DDF8048005F051FAC8F804002046E2
:107B400005F04CFA01A9C8F8080006A80CF09CF949
:107B5000012306AA31462846FFF7F8FD294602A868
:107B60000CF0A2F928460CF097F906A80CF094F94D
:107B7000029B5B88002BD6D14748484C06F0B6F9EB
:107B800004A80CF089F903A80CF086F902A80CF0FF
:107B900083F901A80CF080F9204608B0BDE8F08711
:107BA0004AF04060019C05F019FA6060384605F023
:107BB00015FA01A9A06006A80CF066F9012306AA2F
:107BC00007A83146FFF7C2FD07A902A80CF06CF91F
:107BD00007A80CF061F906A80CF05EF9029B5B881F
:107BE000002BC9D0039B5B88002B36D1049B5C889B
:107BF000002CC5D004A907A80CF046F9079A3168F3
:107C000053880C6A9B08494604323046A04707A8AF
:107C10000CF042F90024B3E707ADA30828464A4612
:107C20003146FFF7D5FD294604A80CF03DF928465A
:107C30000CF032F96FE707AD9B08284652463146F3
:107C4000FFF7C6FD294603A80CF02EF928460CF0D4
:107C500023F9002C3FF45FAFDEE703A907A80CF07F
:107C600013F9079A316853880C6A9B08514604320D
:107C70003046A04707A80CF00FF9049B5C88002C45
:107C80003FF47EAFB6E7601B384488427FF436AFDE
:107C900041E76FF47A7473E71C3804000EFCFFFFB1
:107CA00030B5044683B00D46FFF79EFEA28C2946F0
:107CB0009208204603B0BDE83040FFF7EDBE00BF9C
:107CC000A0F10800FFF7ECBF10B5044682B0FFF743
:107CD0008BFEA38C94F8260000FB03F002B010BDCD
:107CE000A0F10800FFF7F0BF10B5044682B0FFF71F
:107CF0007BFEA08C02B010BDA0F10800FFF7F4BF1E
:107D000002460020D3680133D36070470B6881605E
:107D10001B680846184700BFD0F81408704700BF1A
:107D2000CB1E012B05D94B1E012B02D96FF47A70A3
:107D300070474B1C03EBD3735B10C0F81418C0F8EA
:107D400018380020704700BF10B5044B044640F8B7
:107D5000083B0CF0A1F8204610BD00BFF438040029
:107D600010B5054B044640F8083B0CF095F820464A
:107D70001AF0C8FC204610BDF4380400F0B41B4CC7
:107D800004600226032400F61C05C0F81448C0F85D
:107D9000186800244FF07E56C0E901442E6001258A
:107DA000C0F8204800F62406DC1E0027AC423760ED
:107DB00080F8285810D95C1EAC420DD992B207EE5B
:107DC000902A00F50162F8EE677A00F60C03116064
:107DD000F0BCC3ED007A70475C1C04EBD4746410F3
:107DE000C0F81438C0F81848E8E700BF08390400A4
:107DF000F8B5104B104E114F036005466C68A4B1E6
:107E00006068E26B03686A609B68984723689B68B8
:107E1000B34220460BD140F8087B0CF03DF82046D9
:107E20001AF070FC6C68002CEAD12846F8BD98471F
:107E3000E4E700BF08390400617D0200F438040063
:107E400038B54B684FF07E520A631A6805460C46F7
:107E50001846D26805F50165904795ED006A9FEDDB
:107E6000117AD4ED067AD4ED075A6063C7EE276A1B
:107E7000431C03EBD37320F002005B100128A363C3
:107E800085EE867AC4ED096A84ED0A7A02D0002371
:107E9000236238BDBEEE007A67EE877AC4ED087AB9
:107EA00038BD00BF00C07F442DE9F04F2DED048B9D
:107EB0004C688BB002910590002C00F05981029B18
:107EC0004FF40072D3F8183892FBF3F2029B002AA9
:107ED00003F10C03049306DD002103EB820243F857
:107EE000041B9A42FBD1DFF8C4829FEDAC8A0127C4
:107EF000656BE36B03933DB921460298FFF7A0FF42
:107F0000656B002D00F08480029A049ED2F8183828
:107F10004FF4007A9AFBF3FA0AF1030A02EB8A0A99
:107F2000B24575D9A368A26B5B8893FBF2F307EEA9
:107F3000903A94ED0B7AD4ED0A6AF8EEE77AAAEB60
:107F4000060977EEC77A4FEAA909C7EEA68AFDEEC1
:107F5000E88A18EE903A4B45A8BF4B46BBB3013BAD
:107F6000206901931F46B34658F82530984707EE1D
:107F7000900A94ED087AD4ED096ADBED005A94ED8D
:107F80000C5A2369B8EEE76AD4ED0E7A36EE077A1A
:107F9000F8EEE77A27EE267A013FE5EE075A7A1CDB
:107FA000EBEC015AD4ED0B6A94ED0A7A36EE877A3F
:107FB00067EE877A84ED0B7AFDEEE77A17EE900A8A
:107FC0001844D1D1019B06EB83060436002718EE36
:107FD000903A99451ADBE368D3B161680A68013BBE
:107FE000E36006A81368984706A904F108000BF09F
:107FF0005BFF06A80BF050FFA26884ED0B8A131DEF
:10800000236151880B44636153880BB1B24589D811
:10801000039C002C7FF46CAF029B184693F8281841
:10802000002F7CD149B1029B022283F828780123DA
:1080300040F6D63106A80BF0E1FB01224FF40071A7
:1080400006A80BF00FFF0299069C9FED557A01F6EA
:108050000C0201F61C0392ED008AD3ED007AD1F8F0
:1080600014386288D1F8181892FBF1F268EE277A7A
:10807000032B04F10404C7EE879A70D0012BF6EEAF
:10808000008A28EE289A00F0838068EE688AB0EEB5
:10809000498A9FED449A551E7AB3B8EEC99A424E6A
:1080A000049FDDF8088001E0D8F81438F7EC017A75
:1080B000D8F8202856F82330B0EE497AA7EEA97AEE
:1080C0002046013DB4EE687AF1EE10FAF0EE477A00
:1080D00048BFF0EE687AF4EE487AF1EE10FAC8BFC5
:1080E000F0EE487AFDEEE77A17EE901A11439847C2
:1080F000D8F818381C446B1CD6D1029B98680368CA
:108100001B68984706A905980BF0BEFE06A80BF061
:10811000C3FE05980BB0BDEC048BBDE8F08F03F6F1
:108120002403D3ED007AF5EE407AF1EE10FA0ED08A
:108130004FF40072D0F8183892FBF3F2002A06DDF3
:10814000049B03EB8202E3EC017A9A42FBD1002903
:108150007FF473AF029B012283F8282867E7B6EE0D
:10816000009A28EE099ADFED0D8ABDEEC99A92E7D2
:10817000886803681B68984701224FF400710598CE
:108180000BF070FE05980BB0BDEC048BBDE8F08FD2
:10819000BDEEC99ADFED018A7DE700BF0000000057
:1081A00000C07F44000000008C20002068200020D8
:1081B00070B505462DED028B402008EE902A0E4644
:1081C00008EE103A1AF0A5FA4022044600211AF0EF
:1081D000FBFA2046154B40F8083B0BF03DFEF5EE50
:1081E000408AF1EE10FA04BF05F50163D3ED008A71
:1081F0006660B8EEC88A002300222146284684ED36
:10820000068AC4ED078AE262C4E903336361FFF7BB
:1082100017FE33686A685B68E26330466C6021462B
:108220009847BDEC028B204670BD00BFF4380400B7
:10823000B1F5806F0DD207EE901ADFED076AF8EE08
:10824000E77A00F61C0387EEA67A002083ED007A19
:1082500070476FF47A70704700C07F4400F61C00CE
:10826000D0ED007A9FED047A67EE877AFDEEE77A2B
:1082700017EE900A704700BF00C07F4407EE901AC7
:10828000F8EE677A00F60C00C0ED007A0020704727
:10829000436800F5016006EE901A016043B193ED6A
:1082A000077AC7EE267AC3ED0A7ADB6B002BF6D18C
:1082B00000207047C0F820180020704707EE901A81
:1082C000F5EEC07AF1EE10FA10D49FED0A7AF4EED2
:1082D000C77AF1EE10FA09DC9FED077A77EEC77ADC
:1082E00000F62400C0ED007A002070476FF47A7029
:1082F000704700BF000080440000004429DF704741
:1083000028DF704712DF7047022802D1014B01229B
:108310001A7070470147002000207047C0687047FE
:10832000D0E9023000FB03F0704700BF10B544688D
:10833000084611199A001AF023FA002010BD00BF58
:108340002DE9F04182B002AD4FF0000805F8018D33
:10835000446828461E460C441546FFF7D3FF9DF897
:108360000730A3B11C4F87F8008002E00A2008F014
:108370000FFB324629462046FFF7C0FF0028F5D103
:108380003B78002BFCD0002002B0BDE8F081134AFE
:108390000123C2F80435D2F80034002BFBD076B1AB
:1083A00029460E4A05EB8605641A631851F8040B3A
:1083B0001860D2F80034002BFBD0A942F5D1074A4F
:1083C0000023C2F80435D2F80034002BFBD0002083
:1083D00002B0BDE8F08100BF0147002000E001408D
:1083E00002680549D2688A4204D1D0E9022000FB24
:1083F00002F07047104700BF2183020070B582B0C1
:1084000002AB002203F8012D4468054618460C44CF
:10841000FFF778FF9DF8073093B1164E327002E0F7
:108420000A2008F0B5FAE868B4FBF0F0FFF768FF3F
:108430000028F5D13378002BFCD0002002B070BDAD
:108440000D4A0223C2F80435D2F80034002BFBD0C9
:108450000949C2F80845D1F80034002BFBD00023AD
:10846000054AC1F80435D2F80034002BFBD00020B7
:1084700002B070BD0147002000E0014030B4034D60
:108480000560C0E90112C36030BC704724390400A4
:10849000704700BF10B5C388044A026023F400533C
:1084A0000446C38007F068F8204610BD4839040030
:1084B00010B5C388064A026023F400530446C38003
:1084C00007F05AF820461AF01DF9204610BD00BFEB
:1084D00048390400F8B5C37D03B9F8BD0446C06946
:1084E0000368DB6A9847E06903681B6B9847A369D8
:1084F000DA68002A1FDD6FF02B051A4F2D1B04F1DF
:108500002C02002612F9013B03F5A273A81847F8C4
:108510002360A369D9688142F4DC00290BDD0025C2
:108520005B6953F8250003685B689847A369DA68BC
:108530000135AA42F4DC9A68002A0BDD00251B698C
:1085400053F8250003685B689847A3699A6801356A
:10855000AA42F4DCE388002223F00203E380E27500
:10856000F8BD00BF0060004008B5034649B9094A9C
:1085700012780AB9002008BD1B68DB6A9847002002
:1085800008BD02680349C37D0B70136B9847002038
:1085900008BD00BF024700202DE9F84FC37DD0F889
:1085A00018B004460F4613B1C388DB0748D5DBF883
:1085B0000C30002B40DD0123DFF8D890DFF8D880A5
:1085C000314EDFF8D8E09C4604F12C0504F131016E
:1085D00000209A1C2B700A70DBF814201258127CB1
:1085E00003F5A27A49EA022248F82A20E26911F941
:1085F00001AB526900F5A27B0AF1A20A5A4446F87F
:108600003A2011F9012C15F901ABA23206EBC20296
:108610000EEB8A0AC2F804A011F9012C0CFA02F23E
:10862000C6F80425D4F818B0DBF80C209A4200F103
:10863000040003F10103CCDCE38823F00103E380B1
:108640009BF80830217B114DE069BA1E012A9CBFBE
:108650000133DBB26375C3EB03139B000C4A92FB3F
:10866000F3F202FB01F1A5FB0131C90BC4E90821BA
:1086700003680021DB6B9847E3695B690122DA60DC
:10868000A775BDE8F88F00BF00F0014081808080B1
:108690000024F4000300010000600040306000404E
:1086A00038B50546817DFFF777FFAB699A68002AE8
:1086B0000CDD00241B6953F82400036800219B682B
:1086C0009847AB699A680134A242F3DCDA68002A61
:1086D0000CDD00245B6953F82400036800219B68CB
:1086E0009847AB69DA680134A242F3DCE8690368B1
:1086F0005B6A9847E86903689B6A98470123EB75B2
:1087000038BD00BFC37D03B17047FFF7C9BF00BFCD
:10871000F8B5154604460E46526829689DF818704B
:1087200006F056FF0021124BA561E661A775236094
:10873000E1752175A162EB680E4A052B146001DD1D
:108740002046F8BD336830469B6B9847E069036864
:108750004FF47A51DB6C9847E369074ADA60E37DAE
:10876000002BEDD12046FFF79BFF2046F8BD00BF50
:1087700048390400C438002071890200807D7047A8
:108780002DE9F0478269037D916805698B420446B3
:1087900077DA126952F82300036800211B689847B2
:1087A000E3695B6901225A60237D607DA269013320
:1087B00093FBF0F100FB1133D8B2207591688B4226
:1087C00074DAD6689169002E01EB430149DD00237C
:1087D0001AE0FF20626A02FB00F246F82C2052B336
:1087E0009EF92B20920002F1804202F5C042D2F89D
:1087F000100520F48010C2F81005A269D2E90260C9
:10880000984201EB46012BDDB4F808C04A7808789D
:10881000A77DE6690CFB02520244013317F0FD0FFD
:108820007669907904EB030E03F5A87CD2D1002879
:10883000CFD146F82C00E21892F92B20920002F1D9
:10884000804202F5C042D2F8100540F48010C2F810
:108850001005A269D2E90260984201EB4601D3DC1F
:10886000207D136953F82000036801211B68984795
:10887000E3695A690123D360E26952691360BDE874
:10888000F087D0E907315B69C288D3F844358900A5
:1088900042F00302C3EB0323B3FBF1F3C3F1FF0385
:1088A0008362C280817DFFF777FE79E7D4E9070212
:1088B00003689200DB6B00219847A369DA68002AFD
:1088C00026DD4FF000086FF02B05274F46462D1B85
:1088D00004F12C0919F9013B03F5A27305EB090A10
:1088E00047F82360D4E907230AF5A87152699B0071
:1088F00042F82130A3695B6953F80800036801213D
:108900001B689847A369DA68524508F10408E1DC5E
:108910001B691868036800211B689847A36994F9CC
:108920002C101B6910481B68104A1B7C01F5A271B2
:108930001B0243F0011340F8213094F92C3094F9D4
:1089400031109B00A23103F1804303F5C24342F88A
:10895000313094F93110E369A2315B6902EBC10255
:108960004433536084E700BF0060004000F00140E2
:10897000024B186808B1FFF703BF7047C4380020E6
:1089800010300AF0D3BF00BF10B5837D04469BB101
:10899000012B04D0E3889B0709D5A06A10BD0321F1
:1089A0002046FFF7F9FDE38823F00203E380192056
:1089B00005F010FEA06A10BD0221FFF7EDFDE28870
:1089C000A37D22F00202E280E2E700BF10B5044678
:1089D00006F0B6FD40B9217B236A044A03FB01F38C
:1089E000A2FB0323DB0B636210BD00BF818080808C
:1089F00010B5044600680BF0FBFB204610BD00BF1D
:108A000010B50446086820600BF0D4FB204610BD6A
:108A1000F8B522EAE275044605F10C001F460E4641
:108A200006F006F820600BF00BFC23681D7222682C
:108A300057603EB120682A4631460930BDE8F8400B
:108A400019F09EBEF8BD00BF10B50446FFF7E0FF69
:108A5000204610BD0068096888420ED008B5037A28
:108A60000A7A9A4201D0002008BD0931093019F074
:108A700078FEB0FA80F0400908BD0120704700BFC1
:108A800000680930704700BF0368187A704700BF5C
:108A900003685868704700BF10B5074C0023204694
:108AA00019460122FFF7B4FF2046044A0449BDE8F5
:108AB000104019F029BE00BFC83800203020002027
:108AC000F1890200C1607047032070470D4B03F12C
:108AD00008022C3310B50446C0E9002320300BF007
:108AE000DBF904F11C000BF0D7F904F118000BF0CE
:108AF000D3F9054B63600023201D638105F0BEF8A8
:108B0000204610BD80390400A0490400A0F10400F3
:108B1000FFF7DCBF10B50446FFF7D8FF204619F079
:108B2000F1FD204610BD00BFA0F10400FFF7F2BF29
:108B300070B51B4B04461B4821810025C4E9000386
:108B40006581201D164605F029F8174B03F1080230
:108B50002C33C4E9002304F1100005F07BFE012250
:108B60004FF4007104F118000BF07CF904F11C00C3
:108B70000BF072F9294604F1200001220BF072F982
:108B800000220A4BE5604FF400716562C4E910559C
:108B9000A66225866163A264E362204670BD00BFC1
:108BA000A0490400505004008039040000C07F44F4
:108BB000436A1BB1438943F004034381704700BFFC
:108BC00043895B0770B50446456A5FD4E1692B466B
:108BD000081D002B66D0503363624A8802449342DA
:108BE0001ED3D1ED037A6062F5EEC07AF1EE10FA91
:108BF0000FDB0026666204F1200104F11C000BF07B
:108C000053F90023A81B666418BF01202664A364DF
:108C100070BD04F1100005F083FE0028E9DC636AF2
:108C200093ED027ADFED217A19685A68E263B5EEB6
:108C3000C07AF1EE10FA48BFB1EE477AC7EE276A64
:108C40000020A163606403F13C0504F14C01D4ED04
:108C50000A7AF8EEE77A67EEA67AFDEEE77AF8EEA2
:108C6000E76AC4ED107ADA699861012AB8BF012277
:108C700007EE902AB8EEE77ADA61C6EE877A143307
:108C80009D42E1EC017AEED1002070BD00234362E9
:108C900000F120011C300BF007F9E169636A081D3F
:108CA000002B98D16062034697E700BF00007A442A
:108CB00038B50D460446FCF7ABFF2B685B884F2B9D
:108CC0001AD904F1100005F0C9FD294604F11C0071
:108CD0000BF0EAF82046FFF773FF638913F00105F4
:108CE00001D0002038BDE068026843F001036381D1
:108CF00013689847284638BD6FF47A7038BD00BFB6
:108D00002DE9F04F2DED068B0C46D1E9101C8BB0F0
:108D100004F118039FEDA38ADFEDA3AA9FEDA3AA98
:108D2000009002930027C84662468A4232D0638987
:108D300013F004032ED105938A423EDB63899B071F
:108D40003BD5059B002BF0D0C146002F00F01F81C2
:108D5000D4ED0B7A228EB6EE007A67EE877A47451D
:108D6000FCEEE77A17EE903A43EA02039BB203D295
:108D700027F8023BB945FBD8E06803681B689847B1
:108D8000029900980BF080F800980BB0BDEC068BB0
:108D9000BDE8F08F2046FFF713FF216C638900299F
:108DA00040F08780002840F087805A0700F18480D7
:108DB000626C01238A420593C0DA002F00F0D18053
:108DC0008A42BEDA04F14C03019304F1580BD4ED4E
:108DD0000E6A94ED0A7AD4ED0B8AD4ED0F7A636AA9
:108DE000019D66EE886AB8EEC77A68EEA78A86EEBD
:108DF000879A0DF1180C68EEAA8AF0EE4A9AE8EE0E
:108E0000CA9A9E69D869F5EC017A07EE106AB8EE45
:108E1000C77A013867EE277A8642FDEEE77A03F1DA
:108E20001403ECEC017A08BF4CF8041CAB45E8D104
:108E3000DDE90665089BB542A8BF35469D42A8BF3F
:108E40001D4613469D4249DD474595D0D4ED127A23
:108E5000636AFDEEE77AD3E9032017EE901A904794
:108E600007EE900AB8EE677AF0EE696AE8EE876A74
:108E7000626C218ED4ED127ABCEEE67A79EE277A16
:108E800017EE100AF4EEC87A531C0843F1EE10FAFC
:108E900027F8020B1A46C4ED127A6364D2DD77EE2E
:108EA000C87AF4EEC87AF1EE10FAF8DCC4ED127A62
:108EB000C8E713F0040251D023F0040201232189F2
:108EC000628106A81A460AF099FC04F1100005F028
:108ED000FBFC01230593D4E910122DE7B3424FF0B8
:108EE0000005039708D06E1C032E354630D006A926
:108EF00051F82660B342F6D1A90001EB050AD4F877
:108F000024C004914FEA8A0A0CEB0A09D9E906E762
:108F10006E1C06EB8601BE450CEB81012046E3DAB0
:108F2000D9F81490B9F1000F2FD0C847D4F824C055
:108F3000626CE2441346DAF818E004990D440CEB35
:108F4000850C0EF10101032ECCF818103546CED158
:108F5000216C039F99423FF73AAFF2E60592626CAB
:108F6000EAE60122616B06A80AF07CFF06A90298D6
:108F70000AF09AFF06A80AF08FFFA769626C7B8847
:108F8000216C043707EB03081AE76E1CD5E706A827
:108F90000AF062FF06A902980AF086FF06A80AF006
:108FA0007BFFE9E6000080440000803A00000044B6
:108FB000438919B923F002034381704743F0020348
:108FC0004381704701607047704700BF002928DD6A
:108FD0000378303B092B26D870B404466426002061
:108FE0004FF47A754A1E032A05D8DFE802F01315FC
:108FF000100205FB03000129114606D014F8013FB9
:10900000303B092BEED94FF0FF3070BC704706FBA8
:109010000300F0E71844EEE703EB830300EB4300A3
:10902000E9E7002070474FF0FF3070470068FFF716
:10903000BFBD00BF38B5041E0CDB00290ADB4800A9
:1090400001300D4604F0F0FC641B20440028B8BF3A
:10905000404238BD4FF0FF3038BD00BF2DE9F04F22
:1090600087B00C46084601210592FFF7AFFF0421A7
:109070000390601CFFF7AAFF04210746601DFFF75D
:10908000A5FF0421064604F10900FFF79FFF022116
:10909000824604F10D00FFF799FF0421029004F1CC
:1090A0001200FFF793FF0421814604F11A00FFF735
:1090B0008DFF0421804604F11E00FFF787FF022187
:1090C000049004F12200FFF781FF0421019004F1D4
:1090D0002400FFF77BFF0421834604F12800FFF7FB
:1090E00075FF0421054604F12C00FFF76FFF0146D0
:1090F0003046FFF79FFF0421064604F13000FFF7DA
:1091000065FF01464846FFF795FF0421814604F1BB
:109110003400FFF75BFF01463846FFF78BFF042161
:10912000074604F13800FFF751FF01464046FFF7BC
:1091300081FF0421804604F13C00FFF747FF014610
:109140005046FFF777FF0421824604F14000FFF705
:109150003DFF01465846FFF76DFF0421834604F1A9
:109160004400FFF733FF01462846FFF763FF711CF9
:1091700018D0B9F1FF3F15D07A1C13D0B8F1FF3FDA
:1091800010D0BAF1FF3F0DD0BBF1FF3F0AD0431C16
:1091900008D0039B059A042B0AD8DFE803F07A77FE
:1091A00074710700002007B0BDE8F08F6B4BD360EF
:1091B00007EE906A07EE10AA049BD361F8EEE77AF7
:1091C000F8EEC76A029BC2ED007AC2ED026A122B6A
:1091D00013D8DFE803F074770A12128980127164E1
:1091E0007164716471647164610007EE909AF8EEC5
:1091F000E77A5B4BC2ED087A536140F2FF339F423E
:10920000A8BF1F469845A8BF984627EAE77728EAEF
:10921000E87807EE907A07EE108AF8EEE77A9FED8D
:10922000516ADFED514A514B9362B8EEC77A87EE2F
:10923000865A24231363019B022BC7EE065A86EE3F
:10924000A47A07EE900AF8EEE77A82ED015AC2EDB1
:109250000D5A67EE277A72D0032B03D0012B60D012
:109260000120A0E707EE10BAFDEEE77AB8EEC77A64
:109270003F4BC2ED117A82ED127AD363012092E75F
:109280003C4BD36094E73C4BD36091E73B4BD360BE
:109290008EE73B4BD3608BE73A4B5361ADE73A4BDC
:1092A0005361029B083B092BA7D8DFE803F0363651
:1092B00032322E2E2A2A2626344B5361F1E7344BC4
:1092C00053619AE707EE909AF8EEE77A314BC2EDD8
:1092D000087A536191E707EE909AF8EEE77A2E4B01
:1092E000C2ED087A536188E707EE909AF8EEE77AC4
:1092F0002A4BC2ED087A53617FE7294B1B68136242
:109300007BE7284B1B68136277E7274B1B681362C8
:1093100073E7264B1B6813626FE7254B1B681362CC
:109320006BE707EE10BAFDEEE77AB8EEC77A214B8D
:10933000C2ED117A019882ED127AD36333E707EE1A
:1093400010BAFDEEE77AB8EEC77A1B4BC2ED117A80
:1093500082ED127AD363012025E700BF7136030046
:10936000419D020000C07F4400401C46659F0200F2
:109370008D9D02008D360300413603006D360300DB
:1093800055360300D1C50100BD9E0200619E02005A
:10939000119D0200159D0200259E0200E99D02001C
:1093A000502000204C200020402000204820002099
:1093B000442000201D9F0200419F020038B50C464A
:1093C0000546364920460AF095FE002837D1344933
:1093D00020460AF08FFE60BB324920460AF08AFE22
:1093E00098BB314920460AF085FEA0BB2F49204694
:1093F0000AF080FEA0BB2E4920460AF07BFEA0BBEF
:109400002C4920460AF076FEA0BB2B4920460AF0E4
:1094100071FEA0BB294920460AF06CFEA0BB28497A
:1094200020460AF067FEA0BB214628460AF044FE0B
:1094300003E0244928460AF03FFE284638BD224969
:1094400028460AF039FE284638BD204928460AF049
:1094500033FE284638BD1E4928460AF02DFEECE7AB
:109460001C4928460AF028FEE7E71B4928460AF06F
:1094700023FEE2E7194928460AF01EFEDDE71849F7
:1094800028460AF019FED8E7164928460AF014FEC5
:10949000D3E7154928460AF00FFECEE7F83800203A
:1094A000EC380020F0380020D0380020E4380020CC
:1094B000F438002004390020FC380020083900204E
:1094C000E838002010390020CC3800201439002062
:1094D000E03800200039002018390020D83800205A
:1094E000D4380020DC3800200C3900202DE9F04170
:1094F00082B0064668460C460AF0DEFD694601A8C1
:10950000FFF75CFF01A920460AF0E4FD01A80AF07C
:1095100041FD68460AF03EFD2568274BB5F902205B
:10952000541CA3FB0413E41A03EB5404A40904EB36
:10953000C40304EBC303013B9A4202D002B0BDE86E
:10954000F08104EB84073F013946012268460AF0A6
:1095500089FC009B0433F4B12C1D1F44C4F149085D
:1095600001E049342B461A462146304603F15005A6
:10957000FFF774FD08EB040338B1BD420BD0002B9C
:10958000EFDD94F848302C2BEBD068460AF084FCD1
:1095900002B0BDE8F0813468694601A80AF074FCA5
:1095A00001A92046FFF784FB01A80AF075FC684674
:1095B0000AF072FCC2E700BF3970E0C030B5036842
:1095C00083B004460D461889012104F075FE294632
:1095D00001A80AF071FD01A92046FFF787FF01A845
:1095E0000AF0D8FC04F0ECFF03B030BDF8B5664FCC
:1095F000664D674C674E684938460AF0FFFC2A46BC
:109600002146384619F080F8644F654930460AF023
:10961000F5FC2A462146304619F076F8614E62493B
:1096200038460AF0EBFC2A462146384619F06CF819
:109630005E4F5F4930460AF0E1FC2A46214630463B
:1096400019F062F85B4E5C4938460AF0D7FC2A46AE
:109650002146384619F058F8584F594930460AF013
:10966000CDFC2A462146304619F04EF8554E564953
:1096700038460AF0C3FC2A462146384619F044F819
:10968000524F534930460AF0B9FC2A46214630462B
:1096900019F03AF84F4E504938460AF0AFFC2A46C6
:1096A0002146384619F030F84C4F4D4930460AF003
:1096B000A5FC2A462146304619F026F8494E4A496B
:1096C00038460AF09BFC2A462146384619F01CF819
:1096D000464F474930460AF091FC2A46214630461B
:1096E00019F012F8434E444938460AF087FC2A46DE
:1096F0002146384619F008F8404F414930460AF0F3
:109700007DFC2A462146304618F0FEFF3D4E3E497C
:1097100038460AF073FC2A462146384618F0F4FF12
:109720003A4F3B4930460AF069FC2A46214630460A
:1097300018F0EAFF374E384938460AF05FFC2A46EF
:109740002146384618F0E0FF344F354930460AF0DC
:1097500055FC2A462146304618F0D6FF314E324994
:1097600038460AF04BFC2A462146384618F0CCFF12
:1097700030462E490AF042FC2A4621463046BDE8D2
:10978000F84018F0C1BF00BFF8380020302000209A
:10979000953F0300CC380020C8390400EC38002085
:1097A000D039040010390020403B0400F03800207C
:1097B000483B040014390020243C0400D038002029
:1097C0002C3C0400E0380020083D0400E438002070
:1097D000143D040000390020A83D0400F4380020A6
:1097E000AC3D040018390020403E0400043900203C
:1097F000483E0400D8380020DC3E0400FC3800203D
:10980000E43E0400D4380020783F040008390020EA
:10981000803F0400DC38002014400400E8380020B9
:109820001C4004000C390020684004007040040013
:109830006FF47D70704700BF6FF47D70704700BF9C
:1098400010B5036804461B6C9847236820465B6884
:10985000BDE81040184700BF6FF47D70704700BF2F
:109860006FF47D70704700BF6FF47D70704700BF6C
:10987000C08800F00500003018BF0120704700BF0D
:10988000C08800F00A00003018BF0120704700BFF8
:10989000C08810F0030018BF01207047C08800F096
:1098A0000C00003018BF0120704700BF6FF47D70BE
:1098B000704700BF6FF47D70704700BF03684FF4BE
:1098C0007A725B6B02FB01F1184700BF6FF47D7089
:1098D000704700BF6FF47D70704700BF08B5036824
:1098E0009B6B9847024BA3FB0030800908BD00BF6B
:1098F000D34D62106FF47D70704700BF6FF47D70C0
:10990000704700BFC1600020704700BF6FF47D70DA
:10991000704700BF6FF47D70704700BF38B50368B3
:109920009B6904460D46984778B1236820465B68DA
:109930009847B5FA85F35B09984206D12368294612
:109940001B6820469847002038BD014838BD00BF3D
:1099500012FCFFFF704700BF704700BFD0F88800BF
:10996000704700BFD0F88400704700BF10B50446B0
:1099700018F0C8FE204610BD2DE91048438BD0F8E2
:109980008020D90783B004461CD5D2ED017AF5EECC
:10999000407AF1EE10FA02D003B0BDE8108806F06C
:1099A0001BFFD4F88C30B0EB030B61F1000CBCF161
:1099B000000F08BFBBF1650F20D2638BDA07EBD431
:1099C000D4F88020002AE7D0D2ED017AF5EEC07AF3
:1099D000F1EE10FAE0DD43F00103638304F17C0152
:1099E00001A80AF051FA01A904F12400FFF760F977
:1099F00001A80AF051FA03B0BDE81088638B23F088
:109A00000103638304F12400FFF7D2F8D5E700BF18
:109A1000A0F11400FFF7B0BF02680949926B8A42B7
:109A200008B506D1D0F88400064BA3FB00308009AE
:109A300008BD9047034BA3FB0030800908BD00BF61
:109A400065990200D34D621070B50446028100256D
:109A50001C4B1D4E266002224FF48070E080227164
:109A6000636104F114002574E560A5610E4604F0FD
:109A700095F8164BE66103F1080204F124067833E9
:109A80006361226030464AF6444240F6C331FFF734
:109A90004FF804F17C00012250210AF0E3F9638BB6
:109AA000C4F884504FF4007243F480433046C4F845
:109AB00080502562C4E9222563830121FFF778FAEB
:109AC000204670BDA0490400E84104004C42040057
:109AD000D0ED217A38B5F8EEE77A2DED028BF5EE70
:109AE000407AF1EE10FA044624D090ED227ADFEDB0
:109AF000287AB8EEC78AB1EE007A28EE078A28EEF7
:109B0000278A06F069FED4F88030C4F88C00DBB1F7
:109B1000D4F8842092B307EE902ADFED1E6A83ED1D
:109B2000018AF8EEE77ABDEC028B86EEA77A83ED28
:109B3000007A38BD06F050FED4F880309FED168ACA
:109B4000C4F88C00002BE3D1FCF762F8E36F1348F4
:109B5000134900221D1DC4F88050D86019619A6015
:109B600004F1240140F2FF33E069FEF721FBD4F851
:109B70008420D4F880302062002ACCD183ED018A81
:109B8000BDEC028B9FED077A83ED007A38BD00BFF4
:109B90000000003B0024744900000000000048C29F
:109BA0008D36030000A0BD45B1F5806F0ED8B1F52C
:109BB000007F08B5C8BFC1F580618029A8BF80219A
:109BC000C0F88810FFF784FF002008BD6FF47A709A
:109BD000704700BF08B5C0F88410FFF779FF002078
:109BE00008BD00BF70B50468084D646B4FF47A720D
:109BF000AC4202FB01F105D1C0F88410FFF768FF09
:109C0000002070BD2346BDE870401847D59B020078
:109C10000C4B03F10802783310B50446026043612F
:109C20007C300AF039F904F12400FEF74FFF064BAF
:109C30006361002304F11400638304F01FF82046DD
:109C400010BD00BF4C420400A049040038B50D4BC4
:109C5000054603F108027833044640F8142C45F811
:109C6000143968300AF018F904F11000FEF72EFFDD
:109C7000054B236000232046E38003F0FFFF2846C6
:109C800038BD00BF4C420400A049040038B50E4B5B
:109C900003F108027833044640F8142C40F8683B7E
:109CA0000AF0FAF804F11000FEF710FF074B2360EA
:109CB0000023E380A4F11405204603F0DFFF2846CB
:109CC00018F020FD284638BD4C420400A04904008D
:109CD0000D4B03F10802783310B50446026043616E
:109CE0007C300AF0D9F804F12400FEF7EFFE074BB0
:109CF00063610023638304F1140003F0BFFF204677
:109D000018F000FD204610BD4C420400A04904009C
:109D1000704700BF436A91ED036AD3ED007AD1ED3D
:109D2000026A91ED017A36EE676AF8EEE66AB8EEFD
:109D3000C77AC6EE265AE7EE257AC0ED0E7A70474E
:109D4000D1ED017ADFED0F6A9FED0F7AF8EEE77A39
:109D500038B567EEA67A0446C7EE877A0D4617EE49
:109D6000900A15F053F8636A95ED037AD3ED007A03
:109D700006EE900A37EE677AE7EE267AC4ED0E7AA1
:109D800038BD00BF21C8474000003443F8B5044641
:109D90002DED028B48680D4617F012FF14F0DCFE23
:109DA000636AD5ED037A93ED008A77EEC87A0646AA
:109DB0000F4617EE900A17F015FF32463B4617F094
:109DC00069FF064618EE100A0F4617F00BFF024611
:109DD0000B463046394617F0A7FD18F053FABDEC94
:109DE000028BA063F8BD00BFD1ED017A9FED0C7A24
:109DF000F8EEE77A38B567EE877A044617EE900AF0
:109E00000D4615F003F8636A95ED037AD3ED007AF9
:109E100006EE900AE7EE267AC4ED0E7A38BD00BF52
:109E200034FA8E3CD1ED017A9FED0C7AF8EEE77AA8
:109E300038B567EE877A044617EE900A0D4614F09F
:109E400099FF636A95ED037AD3ED007A06EE900AE6
:109E5000E7EE267AC4ED0E7A38BD00BF34FA8E3CA8
:109E60002DE9F041D1F80C804F68D8F8046097FBD9
:109E7000F6F407EE904AF8EEE77A436A2DED028B8E
:109E8000054617EE901A4FF0804093ED008A15F0CA
:109E900011FCD8F8003007EE900A06FB147428EE87
:109EA000277A03EB8404BDEC028BD4ED007A67EED5
:109EB000877AC5ED0E7ABDE8F08100BF2DE9F0414B
:109EC000D1E90134D1F80C80426AD8F80470013C21
:109ED000E41A94FBF7F507EE905AF8EEE77A2DEDC9
:109EE000028B064617EE901A4FF0804092ED008AE2
:109EF00015F0E0FBD8F8003007EE900A07FB154498
:109F000028EE277A03EB8404BDEC028BD4ED007AB3
:109F100067EE877AC6ED0E7ABDE8F0814B684BB1EB
:109F2000DB0790ED0E7AD1ED037A04D567EE877AE0
:109F3000C0ED0E7A7047C7EE276AC0ED0E6A704713
:109F40004B684BB1DB0790ED0F7AD1ED037A04D566
:109F500067EE877AC0ED0F7A7047C7EE276AC0EDCB
:109F60000F6A7047436A91ED036AD3ED017AD1ED30
:109F7000026A91ED017A36EE676AF8EEE66AB8EEAB
:109F8000C77AC6EE265AE7EE257AC0ED0F7A7047FB
:109F900072DF704773DF704774DF704776DF70479A
:109FA00077DF704778DF70477ADF70478FDF704761
:109FB00069DF70471321FFF7F1BF00BF0B68034A49
:109FC0000146D2560320FFF7EBBF00BF2444040034
:109FD000094B10B5044640F8143B09F0DBFF04F1CF
:109FE000100009F0D7FF054B236000232046E380D3
:109FF00003F044FE204610BD20450400A0490400A3
:10A000002DE91848C3885A0708D41B0701D4BDE8B6
:10A0100018880420BDE818480DF0C8BF044606F0B3
:10A02000DBFBA369B0EB030B61F1000CBCF1000F8B
:10A0300008BFBBF5FA6F01D2E388E6E700210448C8
:10A040000EF0CCFDE38823F004039BB2E380DCE751
:10A05000B59F020030B5214D4FF47A7404FB02F233
:10A060000028A5FB02028BB04FEA52224FF00004F9
:10A070000CBF042501251F2ACDE9044408468DF8AC
:10A080001050CDE90744099421DC202206920028D3
:10A090000AAA0CBF002403241F2122F8241D8DF8D6
:10A0A00024400F490091184601240023CDF80A30BE
:10A0B000CDF80630ADF80E308DF825400EF096F84C
:10A0C00004AA69460748FFF763FF0BB030BDB2F53D
:10A0D000804FC8BF4FF480420692D8E75917B7D1D6
:10A0E000283900200D23002008B559BB304B1B78C0
:10A0F0000BB9002008BD2F4B0122C3F88020BFF30D
:10A100004F8FBFF36F8F4FF40061C3F88010BFF320
:10A110004F8FBFF36F8F4FF00071C3F88010BFF304
:10A120004F8FBFF36F8FC3F88420BFF34F8FBFF300
:10A130006F8F4FF400321A600DF0FCFC11F086F9BD
:10A14000002008BD11F09AF9194B80F00100C0B24F
:10A1500018700028CDD011F059F90DF0E5FC154B21
:10A160004FF40032C3F88020BFF34F8FBFF36F8FDF
:10A170000122C3F88020BFF34F8FBFF36F8F4FF4DE
:10A180000061C3F88010BFF34F8FBFF36F8F4FF0A4
:10A190000071C3F88010BFF34F8FBFF36F8FC3F808
:10A1A0008420BFF34F8FBFF36F8F002008BD00BF27
:10A1B0000347002000E100E00B4B10B5044640F8D7
:10A1C000143B09F0E7FE04F1100009F0E3FE074B31
:10A1D00023600023E380204603F050FD204618F062
:10A1E00091FA204610BD00BF20450400A04904009C
:10A1F00038B500250E4B03600446456003F0CEFCE5
:10A200000C4B2360A56004F1100009F05DFF04F120
:10A21000140009F059FF0123074AE56084F8203053
:10A2200084F82130146011F06DFB204638BD00BF6A
:10A23000A04904002045040060390020072914D8F3
:10A2400010B50B4C0B48216021460EF0C7FC0A4BA1
:10A250001978FF2907D02368084A0120D256FFF752
:10A260009FFE002010BD002010BD6FF47A70704773
:10A270005C200020BD9F02000D2300202444040028
:10A2800090F8202022B9C3689B0701D400F002B8DF
:10A29000012070472DE918480446042921D8DFE839
:10A2A00001F0322505030D008369D3B106F094FA5D
:10A2B000E368A061C3F34000BDE81888836983B1F7
:10A2C00006F08AFAA369B0EB030B61F1000CBCF154
:10A2D000000F08BFBBF5FA6F03D301212046FFF73B
:10A2E000CFFFE068C0F34000BDE81888C3880A22A9
:10A2F00043F00403C380C26002F06AFEE068C0F36A
:10A300004000BDE818880223C3600120BDE818881A
:10A3100010B5044682B00FF0A7FF20460FF0B2FF41
:10A320002378023B062B18D8DFE803F00B19271718
:10A3300017170400237A012B03D1144A1368013B39
:10A340001360134B186840B190F820302BB9C368E4
:10A350009B0702D40321FFF79DFF02B010BD0C4BF9
:10A360001B68002BF9D093F82020002AF5D1DA6879
:10A370009207F2D40222DA60EFE702A9012301F882
:10A38000043D60880FF082FD02B010BD5C390020F2
:10A390006039002010B5044684B0012302224FF436
:10A3A0007A71684609F02AFA94F821300BB904B0A2
:10A3B00010BD0EF08DFB0028F9D1034B0121187858
:10A3C000FFF7E8FD04B010BD0D23002010B5038891
:10A3D000103B86B0462B33D8DFE803F043583232C7
:10A3E000325F32323224323232323232323A323226
:10A3F000323232323232323232323232323232323D
:10A40000323232323232323432323232323232322A
:10A41000323232323232323232323232323232321C
:10A4200032323400037A5BB92D4B186840B190F892
:10A4300020302BB9C3689B0702D40221FFF72AFF03
:10A4400006B010BD13218088FFF7A8FD06B010BD2F
:10A4500006A9002321F8103D8088FFF7A7FD06B06C
:10A4600010BD81884FF6FF73994206D01D4B1E4ADE
:10A470001B680320D256FFF793FD01231A464FF4C1
:10A480007A7102A809F0BAF906B010BD144B186829
:10A490000028D5D0FFF77EFFD2E700F108010622A1
:10A4A000684609F0EFFD694601A809F005FE0C4B6E
:10A4B0001C686CB101A902A809F0FEFD02A904F113
:10A4C000100009F007FE012302A8E36009F062FD15
:10A4D00001A809F05FFD684609F05CFD06B010BDFB
:10A4E000603900205C20002024440400F0B5A9B0AD
:10A4F0006A220D460DA82849284E18F041F90DA9E9
:10A5000003A809F0EBF903A906A809F0DFF905F1A2
:10A51000380701226FF0FE0306A9CDE90032384664
:10A520000523642206F08CFD06A809F0C1F90FCEC0
:10A5300006AC0FC496E8070003C42270052211463A
:10A5400006AB04A809F0EEFA002404A905A809F056
:10A55000BDF9384605A9CDE900442346224606F058
:10A56000B3FC05A809F0A4F92B6821465B6A2846CC
:10A5700098470534052004F02DF8FF2CF4D14FF452
:10A580007A7004F027F804A809F092F903A809F0FA
:10A590008FF929B0F0BD00BF9C43040008440400BB
:10A5A0002DE9F84F4FF0805308460F46D3F864A0CA
:10A5B000FEF7E6F910374FF0040B4FF005084FF0A7
:10A5C0000109BAFBF8F308FB13A3B3FBF9F35D1C15
:10A5D000002DAAEB030A08EB880809EB89090DDDB9
:10A5E0000FFA8BF60024C4F1040212B20134FF23E7
:10A5F0003146384609F0A4F9A542F4D11BF1FF3BDE
:10A60000DFD2BDE8F88F00BFAB4B2DE9F04F1E68DD
:10A61000DFF8B48233690446002543F0080395B09F
:10A62000336198F8000084F82050A5610E469346E7
:10A63000FFF7B2FC294628460FF034FC294628468D
:10A640000FF03AFC29463C2205A818F0BDF806F1A7
:10A6500038074FF0020E4FF0060C05ABC822294612
:10A6600001208DF814E08DF817C00397FFF7F2FC76
:10A67000012198F80000FFF78DFC384606F086FBB4
:10A6800031462046FFF732FF31462046FFF788FF6C
:10A6900006F11008029504F110074FF0FF0994F835
:10A6A0002020E36812B9980740F1D58013F0010A21
:10A6B00031D1590766D49A0740F1C38013F0080AD4
:10A6C00000F0A9807D4904A809F0CCF904A905A8E7
:10A6D00009F0FCF80023CDE900331A4605A90398D8
:10A6E00006F0F2FB05A809F0E3F843F6982003F022
:10A6F00071FF04A809F0DCF8642003F06BFF40F65A
:10A700008D25FBF7F3FB94F82020E368002ACAD0DC
:10A7100013F0010ACDD06A4904A809F0A3F904A9ED
:10A7200005A809F0D3F80023CDE900331A4605A99E
:10A73000039806F0C9FB05A809F0BAF8029B002BA4
:10A7400040F08F80A9F10409B9F1280F40F38F8000
:10A75000B9F1FF0F029BA8BF00230293DBF8003082
:10A760005846DB69984728B1E36823F0010343F0BA
:10A770000403E36004A809F09BF8E36859074FF06D
:10A78000000598D53368FF215B6A304698472369F6
:10A79000B3F90230002B76DD002521E0E3689A074B
:10A7A0006FD4FFF777FD00286DD14FF4487003F0A8
:10A7B00011FF3046FEF7E4F894F8203004212046DB
:10A7C000FBB9E3689A075CD4FFF764FD00285AD10F
:10A7D000C82003F0FFFE2369B3F90230AB4252DD1B
:10A7E00029B2384609F0B0FC002301461A4640461B
:10A7F00009F034FA94F82030042120460135002B6A
:10A80000CCD0E36803F00202002A3AD1642003F0BE
:10A81000E1FE012543E72B4904A809F023F904A927
:10A8200005A809F053F85346524605A9CDE900AAF8
:10A83000039806F049FB05A809F03AF804A809F0C6
:10A8400037F8642003F0C6FE013540F68B239D42A5
:10A850007FF725AF55E704212046FFF71BFDE3688E
:10A8600024E709F10409B9F1280F3FF771AF304629
:10A87000FEF786F8029BB9F1000FD8BF534602934A
:10A880006CE700251AE7E36894F8205003F0020211
:10A89000002DB9D1002A7FF411AF04212046FFF723
:10A8A000F9FC0028ADD14FF47A7003F093FEE36811
:10A8B00003F00202A8E700BFA43E00207444040095
:10A8C0002C440400B44404000D23002030B5044699
:10A8D000806883B020B10C4906F04EFF054618B1E0
:10A8E000FBF704FB03B030BD02AA042302F8015DAC
:10A8F0000549A06806F086FF284617F003FFFBF71E
:10A90000F5FA03B030BD00BFFC44040090F820000D
:10A91000704700BF38B5124B054600241878FFF782
:10A920003BFB85F821400EF0BBF898B9EB696BB1A1
:10A9300005F052FFEB69C41A61F10005002D08BF54
:10A94000B4F5FA7F2CBF0120002038BD05F044FF8C
:10A95000E861EDE7214603480EF040F9204638BD96
:10A960000D230020B59F020020B9034B186808B1E1
:10A97000FFF7D0BF704700BF6039002002380128C0
:10A9800001D90120704710B5074C206850B1C38829
:10A9900043F00803C38002F01BFB2068BDE81040B1
:10A9A000FFF7B8BF012010BD60390020012808D191
:10A9B00038B50D4B1D6835B12846BDE83840FFF766
:10A9C000A9BF01207047094B04461878FFF7E4FA45
:10A9D0000EF066F808B9204638BD294604480EF046
:10A9E000FDF8284638BD00BF603900200D23002047
:10A9F000B59F02002DE9704384B00FF085FA1E4E1A
:10AA000030603368002B02DC04B0BDE870830DF1C8
:10AA100007034FF6FF7003930EF0EEFC4FF6FF7541
:10AA2000A842044609D1EFE7039B1B7820465BB19F
:10AA30000EF0E2FCA8420446E6D002AA012120461C
:10AA40000EF0AAFE0028EFD005F0C6FE40F2E73473
:10AA50008046894600250FF01DFA09E005F0BCFE8E
:10AA6000B0EB080261EB09039D4208BF9442CBD3CF
:10AA70003368002BF2D1C7E75C3900202DE9F04F95
:10AA8000C588B3B015F480559DF8F48002D033B07A
:10AA9000BDE8F08F0DF1C8091E463C9B8360C0E9FC
:10AAA0000655CDE9012104460CF0DAFF10F0B8FD9F
:10AAB00049F8B45D0DF064FA10F008FC4946012035
:10AAC00010F032FDC74B04F1140B196822A809F0ED
:10AAD00095FA22A9584609F0FDFA22A809F05AFA77
:10AAE0000DF1300AB8F1000F40F043810EAF10AB0A
:10AAF00013AD4FF0000BCDF840B0C3E901BB626964
:10AB00009DF84110022060F30101101D11908DF895
:10AB100041105188ADF84810412019465388059AD4
:10AB2000ADF84A30FFF744FA484610F047FD584662
:10AB3000FFF738FA03224FF0010362F306134FF0D8
:10AB4000070C10208DF828308DF829C08DF82B20A7
:10AB50008DF82C208DF82A000FF03AF90AA80FF092
:10AB60007DF9A1480FF05EF9A04AADF834B04FF47A
:10AB7000C87350460C92ADF83630FFF715FA5946B7
:10AB80009B480EF097F9B8F1000F40F0E0800DF10E
:10AB9000240832A904234FF6FF7241F8B03D38462D
:10ABA00000230FF0B9F90699002914BF3846002098
:10ABB0000FF078F90699002914BF384600200FF0ED
:10ABC0007BF9069F8B4B2293003722A818BF0127E1
:10ABD00010F0F2FD7C2017F09CFD3246A368214660
:10ABE00000F0C6FB844907A809F008FA7D4B08A8C5
:10ABF000196809F003FA8149404609F0FFF9424615
:10AC000008A9284609F088FA07AA294622A809F0C7
:10AC100083FA22A908A809F05DFA22A809F0BAF976
:10AC2000284609F0B7F9404609F0B4F9402200215E
:10AC300022A817F0C9FD724B1868239001238DF8E4
:10AC4000C43010B117F0FCFD80B2089BADF888004D
:10AC5000181D2590002800F0C28017F0F1FD83B286
:10AC6000019AADF8903010680430279010B117F0B9
:10AC7000E7FD80B2634BADF898001868299010B1D9
:10AC800017F0DEFD80B2604BADF8A00018682B9085
:10AC900010B117F0D5FD80B25C4BADF8A800186874
:10ACA0002D90002800F0998017F0CAFD83B222A8E9
:10ACB000ADF8B03010F028FF502017F02AFD3246D2
:10ACC000214600F0D9F92046FFF794FE3C220021EE
:10ACD000284617F079FD02212B46322204268DF8F2
:10ACE0004C10384639468DF84F60FFF7B3F906210E
:10ACF0002046FFF7A3FA4FF4A03600234FF4F021CB
:10AD0000032228460125CDE91633CDE91833CDE9D4
:10AD100014618DF85820CDF84CA00DF057FD84F843
:10AD200021500FF0F1F8002804DD394B294618783E
:10AD3000FFF730F9E38843F48053E38008A809F073
:10AD400029F907A809F026F933B0BDE8F08F0FF014
:10AD5000DBF803280DF124087FF71BAF404622AB38
:10AD60003A4629460FF0C4F9BDF838000FF0B6F99D
:10AD70000FE70EAF2749504609F040F910AB2649BE
:10AD80000393384609F03AF9039B52461846594650
:10AD900009F0C2F9DDE9022313AD194628460293F2
:10ADA00009F0BAF93A46294622A809F0B5F922A9CC
:10ADB000584609F08FF922A809F0ECF8284609F066
:10ADC000E9F8029B184609F0E5F8384609F0E2F880
:10ADD000504609F0DFF8029B8BE6034667E703461F
:10ADE0003EE700BF5820002011A302000800100019
:10ADF0004839002069A902000C45040014450400EC
:10AE0000203900201C390020542000202439002043
:10AE10000D23002008450400EC31040041F2010339
:10AE2000984210B536D0044617D944F2010398422F
:10AE30000BD044F20203984219D11C4803F056F893
:10AE40004820BDE81040F6F7E3B9194803F04EF882
:10AE50004920BDE81040F6F7DBB9012807D11548B5
:10AE600003F044F84620BDE81040F6F7D1B9124887
:10AE700003F03CF844F201039C4213D044F2020375
:10AE80009C4211D0012C0CBF46204A20BDE8104046
:10AE9000F6F7BEB9094803F029F84720BDE810408D
:10AEA000F6F7B6B94920CCE74820CAE78045040048
:10AEB000984504003C450400A44504005C4504009A
:10AEC0000420704701EB810100EB41002630704700
:10AED00082B070B50C4684B005464968206802AC63
:10AEE00003C4039908AC481084E80C00CB0745BFA5
:10AEF0002A58029B029CD4580AAB2E1893E80300F0
:10AF00008DE8030008AB0CCB3046A04704B0BDE889
:10AF1000704002B0704700BF10B5074B074A03608E
:10AF200000238260C3810446083002F0A7FE204659
:10AF300002F008FB204610BDD0450400A0490400E3
:10AF400010B5084A084940F8082C00220160C28068
:10AF5000A0F1080402F092FE204602F0F3FA204627
:10AF600010BD00BFD0450400A049040010B5094B36
:10AF7000094A036000238260C3810446083002F05E
:10AF80007DFE204602F0DEFA204617F0BBFB20468D
:10AF900010BD00BFD0450400A049040010B5094A07
:10AFA000094940F8082C00220160C280A0F1080481
:10AFB00002F064FE204602F0C5FA204617F0A2FB1C
:10AFC000204610BDD0450400A04904000368124A81
:10AFD0001B69934270B504460D460E8816D1303079
:10AFE0000388B34200D070BD2069A18C03684A1C5D
:10AFF000DB68A284984704F11C0350B102884188A1
:10B00000A2830422E183AB60AA8170BD012198472D
:10B01000E6E7AB60A88170BDC5AE020082B070B536
:10B0200004A981E80C00044602F04EFB18B9BDE803
:10B03000704002B0704723680E4A1B69BDF81000CB
:10B04000BDF812102083934261830ED104F12605CE
:10B05000204602F027FB04F1180201462846BDE80D
:10B060007040042302B002F0C1B900212046984785
:10B070000546EDE7C5AE02002DE9F043044685B074
:10B08000154600F1080902F04DFA314BA360002388
:10B09000E360484602F082FD2E4B256103F1480231
:10B0A0002360A26004F1260504F14E0628460A3505
:10B0B00002F096F9AE42F9D10026A04666612662FA
:10B0C00058F8200FE0612746234957F81C0FA0616C
:10B0D000A684204602F044FA204649F2AF3102F03D
:10B0E00053FA0425092204F118033146CDE901522F
:10B0F0002046009549F2757202F056FA0623029333
:10B10000204604F11403CDE9005545F20442022122
:10B1100002F04AFA43462046CDE90155009542F235
:10B12000C432032102F040FA40F209123B46029277
:10B1300001214BF64C022046CDE9005502F034FACD
:10B14000484601F045FF204605B0BDE8F08300BF4A
:10B15000A0490400D0450400184904002DE9F0413D
:10B16000044682B00E46154610309846BDF8287049
:10B1700008F064FB26806580182017F0CAFA08AB37
:10B18000054693E803006A4682E803002E4603CA98
:10B1900046F80C8B0023084AEB6047F00207736007
:10B1A00068602046A780A560E360C4E90833A96011
:10B1B0006A6102B0BDE8F081D1AE02002DE9F04F26
:10B1C00003683D4D1B694F89B1F80090AB428BB0CD
:10B1D00006460C4601F10C0866D13A3003884B450F
:10B1E0000DD03368B4F800901B69AB425FD106F113
:10B1F000440003884B4519D00BB0BDE8F08F032FF6
:10B20000FADD3D1F25F0030508F108084544103418
:10B2100034F8022C34F8041C012306A8043408F086
:10B22000EDFAA542F4D10BB0BDE8F08F032FE3DDBA
:10B23000043F27F0030708F10805DFF880B03D441C
:10B2400010344FF0000A01E0AC42D5D034F8047C51
:10B2500034F8022CD6F8108005920F2F4FF02800FA
:10B26000CDE906BA04F10404EED017F052FA06ABA9
:10B27000814693E8030010238DE8030002933946CA
:10B280003346059A4846FFF769FFD8F8003049462B
:10B290005B68404698470028D6D0484603F052FCE9
:10B2A000484617F02FFACFE70221984796E7032187
:10B2B000304698479DE700BFC5AE02001DB00200B2
:10B2C00030B591B0044602F0FFF908B9A38C0BB970
:10B2D00011B030BD0D4B2569CDE9043004AB0246F9
:10B2E00093E803001023A2848DE803000293114623
:10B2F000234606A8FFF732FF2B6806A99B6828465D
:10B30000984706A803F01EFC11B030BD1DB0020026
:10B31000A0F10800FFF7D4BF0120704701EB8101C5
:10B3200000EB41007030704782B070B50C4684B0BD
:10B3300005464968206802AC03C4039908AC48106C
:10B3400084E80C00CB0745BF2A58029B029CD458C6
:10B350000AAB2E1893E803008DE8030008AB0CCB72
:10B360003046A04704B0BDE8704002B0704700BF4F
:10B370002DE9F041044686B0002590461F4602F0B4
:10B38000D1F82E492160C4E90287258284F85450FF
:10B39000A56504F1700002F023F820462849E56510
:10B3A00025666566A566E56602F0DAF820464DF684
:10B3B0001D1102F0E9F804F15C0614220A27334655
:10B3C0002946CDE901272046009243F6103202F0CB
:10B3D000EBF82820D4F8088017F09BF906461030C7
:10B3E00008F02CFA24233360182017F092F9154A3C
:10B3F000CDE90425074604AA034603CA47F80C4BC7
:10B40000DD607D6058609960D8F800200E49F560D5
:10B4100012205961B360B080C6E9085553684046B0
:10B420003146984718B9204606B0BDE8F08130464D
:10B4300003F088FB304617F065F9F4E77446040022
:10B440005C46040081B7020029B30200F0B5037C1A
:10B45000CA78934285B0054629D022D99B1A072B7A
:10B46000CCBF00240124D4B9314A2B68128804AE21
:10B47000214626F8102D28461B699847074628467E
:10B4800002F010F9022301463246384601F0AEFFC1
:10B490006B7C85F854400433DBB26B742B7405B0BD
:10B4A000F0BDD31AF82BD4BF00240124DBE70A46F1
:10B4B00090F8540001332B7452F804CF030105F1C6
:10B4C0001404E01857689668D26844F803C04760CF
:10B4D0008660C26095F85430012B0FD01ED3032B29
:10B4E00018D101231A462421684608F087F96B7C9D
:10B4F000002204336B7485F85420D0E78B784978A8
:10B50000AA6D1B0443EA016313430222AB6585F86D
:10B510005420C4E7013385F85430C0E7B1F8013056
:10B520005BBA9BB20122AB6585F85420B7E700BF38
:10B5300034460400F0B503684F4A1B690E889342F5
:10B5400097B004460D4615D170300388B34201D040
:10B5500017B0F0BD6B89002BFAD02A7B022A17D0D6
:10B560000BD8DAB1012AF3D105F10C012046FFF71F
:10B570006DFFEDE700219847E7E7EE2A5FD0FF2A4D
:10B58000E6D16B7B23B1012BE2D1FAF7AFFCDFE709
:10B590000123242106A808F031F9D9E706A801F013
:10B5A00005FF364B1A684AB9129A3AB19DF8441011
:10B5B000032903D132481399026019606B7B8DF81F
:10B5C0000530142106A803EB830201FB030316A92F
:10B5D00001EB820252E90E62103303CB330E8DF879
:10B5E00009608DF80630330C360A25688DF80D2079
:10B5F0008DF807308DF80860130C0026170E120A1C
:10B600008DF80C20CDF80E00CDF812108DF80A70D0
:10B610008DF80B308DF804602B6931462046984731
:10B620000546204602F03EF801AA014612232846AC
:10B6300001F0DCFE268284F85460A66588E7114B91
:10B64000002518688DF81A504FF4F773ADF81830CC
:10B65000FFF75CF923688DF81A0029461B6920461C
:10B6600098470546204602F01DF80323014606AA26
:10B67000284601F0BBFE6BE71DB3020064390020D1
:10B68000683900206039002010B5ADF5627D01A851
:10B6900001F0CEFC4FF46072002102A817F094F87C
:10B6A0000220012300225821039003A80A930CF0E2
:10B6B0007FFB00220290C3219AA80CF079FB40F690
:10B6C000FC7399901A68013232D04FF080521C6896
:10B6D00013691C4420464FF4607202A917F041F828
:10B6E000B0B940F6FC731C684FF4607202A92046A2
:10B6F00017F037F848B1214601A801F09BFC02AAD7
:10B70000214601A8E02301F0CBFC0DF5627D10BDC0
:10B71000214601A801F08EFCE023214602AA01A8DF
:10B7200001F0BEFC40F6FC731B680133D9D10EE07A
:10B730004FF010224FF0805394691B691C4420463F
:10B740004FF4607202A917F00CF80028E0D14FF016
:10B7500010239C69C8E700BF40F6FC731A680132E9
:10B760000ABF4FF010231A689A694FF080531B6983
:10B77000134493F8A13203B97047FFF785BF00BFA8
:10B7800082B02DE9F04782B00AA90546684681E8F3
:10B790000C0001F04DFCBDF82A40022C56D0FF2CC5
:10B7A0004BD0012C04D002B0BDE8F04702B0704786
:10B7B0004F49E86805F0E0FF0746002865D001AE74
:10B7C000384616F09FFF4FF08052AC6D1169B4FB04
:10B7D000F1F301FB13438BB9116989080ED021687D
:10B7E000013108BF201D04D04AE050F8041B01318C
:10B7F00046D111690133B3EB910FF6D32146684668
:10B8000005F11402102301F04BFC4FF601722B6876
:10B81000ADF804201B6900212846984704462846B5
:10B8200001F040FF324601460223204601F0DEFDD2
:10B8300002B0BDE8F04702B070472E4B1868FFF722
:10B8400045F802B0BDE8F04702B0704710236846E3
:10B8500005F11402A96D01F023FCFFF715FFE8685C
:10B86000234906F0D9F8244B186810B1012100F0E3
:10B87000FDFAFAF73BFB02B0BDE8F04702B07047B3
:10B880002146684601F0D6FBB8E702AE234606F82B
:10B89000044D1A4C1649E868324605F0B3FF236898
:10B8A000002B8DD0164AD2F800A09A4588D2DFF836
:10B8B00054904FF08058AAF104030AF6FC7101E09D
:10B8C0008B420BD053F8042F0132F9D05146484631
:10B8D00002F00CFB5146684601F0ACFBD8F8103082
:10B8E000226823F003039A449245E4D368E700BF3B
:10B8F0003846040060390020B83800206439002040
:10B90000683900204846040010B5054B03606C33CD
:10B91000044640F8183F05F0C9FB204610BD00BFA3
:10B92000B046040010B5054B40F8183C04466C3393
:10B9300044F8183905F0BAFB204610BDB0460400A3
:10B9400010B5064B03606C33044640F8183F05F011
:10B95000ADFB204616F0D6FE204610BDB0460400D2
:10B9600010B5074A40F8182C02F16C01A0F1180438
:10B97000016005F09BFB204616F0C4FE204610BD7A
:10B98000B0460400F0B583B016469DF82050CAB208
:10B990001F463146012304460AF0AAF8012D04F19E
:10B9A000180003D0032D14BF0025022500213B46BB
:10B9B000009101953246214605F046FC034B236079
:10B9C00020466C33A36103B0F0BD00BFB046040055
:10B9D000704700BF084602F0FDBD00BF82B070B5E1
:10B9E0000C4684B005464968206802AC03C403993C
:10B9F00008AC481084E80C00CB0745BF2A58029BCE
:10BA0000029CD4580AAB2E1893E803008DE803007B
:10BA100008AB0CCB3046A04704B0BDE8704002B084
:10BA2000704700BF82B08DE80C0000F62C1000219A
:10BA300002B0FAF795B800BF10B500F5E7642046EC
:10BA4000FAF7AEFF18B12046FAF7B2FF18B9BDE811
:10BA500010400BF093BB2046FBF78CF90028F6D181
:10BA600010BD00BF82B010B502A981E80C00BDF87E
:10BA70000A30033B0A2B2AD8DFE803F016290E060A
:10BA80002929292929290E00BDE81040D0F81809D4
:10BA9000036802B09B6A1847BDE81040D0F814094B
:10BAA000036802B01B6B18470446002100F50760CD
:10BAB00005F0FEFB04F68800002105F0F9FB04F513
:10BAC0000A60BDE81040012102B006F0E1BEBDE809
:10BAD000104002B0704700BF704700BF2DE9F04F23
:10BAE00083B0DDE90C9ABDF83880002B3BD0B9F16A
:10BAF000000F35D00F2902D1B8F1C00F33D107465E
:10BB000028201D460E46934616F003FE04461030CC
:10BB100007F094FE18202680A4F802B016F0F9FD74
:10BB2000CDE9009A06466B46024603CB46F80C5B0D
:10BB300000233D68D36048F002087360E360506002
:10BB400091600E495161C4E90833A4F80480A260F1
:10BB50006B6838462146984740B903B0BDE8F08F7E
:10BB60001AF0010FC6D16FF47A70F6E7204602F0A2
:10BB7000E9FF204616F0C6FD0148EEE7DDB90200F8
:10BB800016FCFFFF2DE9F04F87B00446FAF714F9D1
:10BB9000AE4B0027C4E90137201D01F0FFFFAC4B7D
:10BBA000236004F10C083833636004F13406404626
:10BBB000FEF71EFB04F14C05C4F830803046092224
:10BBC000A4490BF055FA04F1640828460A22A24958
:10BBD0000BF04EFA40461A22A0490BF049FA3A46B9
:10BBE0003146012304F1800004F056FE04F1E00721
:10BBF00004F1B80006F098FB04F5497B294622239E
:10BC000038465B2208F0B2FC04F5597541465846A7
:10BC100012220BF009F804F2AC6339465A46284662
:10BC200004F20C78039300F081F98D4B039804F52E
:10BC3000CB6204F5C8610AF033FE04F5B66204F580
:10BC4000B361404601F096FE04F5A16204F5A461DB
:10BC500004F5E46001F08EFE04F5E7674FF0250C73
:10BC6000CDF800C033462A4641463846FAF72AFC4A
:10BC7000262604F5EF6341462A46184604930096AB
:10BC80003B46FBF7A9FC40F6F87304F2A4751A686A
:10BC900001320ABF4FF01023196859694FF08053E1
:10BCA00004F2B47618691B6900EB4000091A0122FE
:10BCB0002846FCF7E3FB294630460022059605F0AE
:10BCC00017FDD4F88816C4F8D417D4F88C16C4F825
:10BCD000D817D4F89016C4F8DC1704F5B962D4F874
:10BCE0009416C4F8C02704F5BC6304F5BF6704F5D7
:10BCF000C26604F6040A04F5C560C4F8C437C4F883
:10BD0000C8770523C4F8CC67564AC4F8E01704F591
:10BD1000F865D4F89816C4F8D00704F2D47704F57F
:10BD2000FD66C4F8E417C4F8E837C4F8EC37C4F883
:10BD3000F037C4F8F437C4F80028504631460722DB
:10BD4000C4F8F857C4F8FC77FAF76EFA4FF0000918
:10BD500001231A4604F57A71CDE9009904F50760CC
:10BD600005F072FA0123022204F58F61CDE90099F2
:10BD700004F6880005F068FA03230222012104F585
:10BD80000A6006F0E3FD5A4640F6AC5304F5A7619D
:10BD900004F50B6006F042FE092104F6D800FBF71B
:10BDA00071F8082104F51060FBF774FB404600F0C1
:10BDB000B9FBC4F81409404600F078FC059BD4F8A0
:10BDC0001429009301465346C4F8180904F5AA6BD8
:10BDD00004F61C1001F0B4F85A4604F55C7104F640
:10BDE0002C10F9F74BFE04F5CE6ADDE9032104239C
:10BDF00004F59350FAF7ACFAA4F80A90504609F00B
:10BE0000D5FD0221504609F0BFFCB4F8763616493C
:10BE100023F480734046A4F8763608F01FFF55F8E7
:10BE2000040B01210AF078F8AF42F8D155F8040B61
:10BE300001210AF071F8AE42F8D1584601210AF00A
:10BE40006BF8204607B0BDE8F08F00BFA0490400A2
:10BE5000804704000090004000A0004000A0014086
:10BE60000020004044470400801A060070B50024FA
:10BE700086B04FF48053802205460E4602A8214624
:10BE80000094FCF7FBFA012302A80E4A01A9FCF773
:10BE90004DFA019B73B101236A460A4902A8FCF7D7
:10BEA0004FFA05F59350FAF79DFA02A8FCF7F0FA5D
:10BEB00006B070BD002EF4D102A8FCF7E9FA06B076
:10BEC00070BD00BF40470400A0F10400F0F7B4BB10
:10BED00010B5084B0360044600F5517007F0DCFF15
:10BEE000054B236000232046E38001F0C7FE204677
:10BEF00010BD00BFDC470400A0490400094B10B589
:10BF00000446036000F5517007F0C6FF064B23603E
:10BF10000023E380204601F0B1FE204616F0F2FB3C
:10BF2000204610BDDC470400A04904002DE9F04F75
:10BF3000B44B03600026044687B04660CDE9021288
:10BF400001F02CFE2046B04B40F80C3B02220323AC
:10BF5000642109F0CDFD03231A46652104F1240074
:10BF600009F0C6FD04F1540B03230422662104F1F9
:10BF70003C0009F0BDFD04F16C0A03231F22672178
:10BF8000584609F0B5FD04F1840503231C226821FD
:10BF9000504609F0ADFD04F19C07284603230E220C
:10BFA0006921009504F1B40909F0A2FD3846032384
:10BFB00025226A21019709F09BFD03230B226B21A7
:10BFC000484609F095FD03230A226C2104F1CC00B8
:10BFD00009F08EFD04F1FC08032309226D2104F110
:10BFE000E40009F085FD04F58A7703231E226E2103
:10BFF000404609F07DFD3846032317226F2109F0E2
:10C0000077FD03230C22702104F5967009F070FD72
:10C0100003231122712104F5A27009F069FD0323A5
:10C020000122722104F5AE7009F062FD03230D2296
:10C03000732104F5BA7009F05BFD032322227421F9
:10C0400004F5C67009F054FD03231A22772104F584
:10C05000D27009F04DFD04F5EA7503232022782102
:10C0600004F5DE7009F044FD0323242279212846DB
:10C0700009F03EFD324603237A2104F5F67009F0FB
:10C0800037FD032314227B2104F5017009F030FDF4
:10C0900003230522862104F5077009F029FD0323F7
:10C0A00010227C2104F50D7009F022FD03230822E3
:10C0B0007D2104F5137009F01BFD032315227E2159
:10C0C00004F5197009F014FD032316227F2104F5ED
:10C0D0001F7009F00DFD03230F22802104F5257048
:10C0E00009F006FD03231822812104F52B7009F0C5
:10C0F000FFFC03231322822104F5317009F0F8FCC0
:10C1000001230622832104F5377009F0F1FC012395
:10C110002822842104F53D7009F0EAFC19228521CA
:10C12000032304F5437009F0E3FC019BC4F83033AA
:10C1300004F55176009BC4F83833C4F83C73C4F856
:10C140002CB3C4F824A3C4F82893C4F83483C4F8E7
:10C150004053304607F080FE2C4A02992C4B116068
:10C160002122A260039A1A6013272B6828461B6CB1
:10C1700000219847A3680137BB4205F11805F4DC9C
:10C18000D4F82403036800211B6C9847D4F82803D3
:10C19000036800211B6C9847D4F82C030368002126
:10C1A0001B6C9847D4F83003036800211B6C984738
:10C1B000D4F83403036800211B6C9847D4F8380383
:10C1C000036800211B6C9847D4F83C0303680021E6
:10C1D0001B6C9847A1680122013105A807F042FEB7
:10C1E00005A9304607F060FE05A807F055FEA268D5
:10C1F000D4F844331344204600221A7107B0BDE836
:10C20000F08F00BFA0490400DC470400D03F0020AD
:10C21000CC3F00202DE9F8438268D0F84433134422
:10C220001A7942F001021A718368002B44DD00255F
:10C230000646DFF88890A84600F10C0413E0D3F816
:10C24000003703F44033B3F5003F06D1D6F844334A
:10C250002B441A7942F008021A71B3680135AB42D7
:10C2600004F1180428DDD6F84433277C2B442046FB
:10C2700083F804802368DB69984707F01F020028D1
:10C28000EBD1202F34BF4FF0A0434B4603EB82038A
:10C29000D3F8002702F44032B2F5403FCFD1D6F8B0
:10C2A00044332B4401351A7942F004021A71B36801
:10C2B000AB4204F11804D6DCBDE8F883000300505B
:10C2C000F8B58168D0F844331E4A0B44197921F03F
:10C2D000010119718368D2F80473D2F80413C2F80B
:10C2E0000813002B2ADD064600F10C0400250FE0A0
:10C2F00011F0080320464FF0020104BF2046194602
:10C3000009F028FEB3680135AB4204F1180415DDCD
:10C3100023682046DB6998470028F3D1D6F84433D8
:10C320002B4419794B07E3D52046032109F012FE6F
:10C33000B3680135AB4204F11804E9DC014BC3F8E2
:10C340000473F8BD006000402DE9F04F324C856861
:10C35000D4F804B3D4F80463C4F80863002D83B0A0
:10C3600044DD994600928846064604464FF0000A8E
:10C3700006E0B3680AF1010A534504F1180435DDFB
:10C38000E368277FDB6904F10C05284698470028FD
:10C39000EFD1E36828461B6A98470028E9D0638AF2
:10C3A00013F400712BD0B8F1000FE2D0009A6AB3F9
:10C3B0001F2F07F01F07194A07F5E07198BF4FF0CC
:10C3C000A042019252F8211011F4403FD1D113F450
:10C3D000807F28460CBF0321022109F0BBFD012309
:10C3E000019A03FA07F7C2F82075C2E70A4B002248
:10C3F000C3F87C21C3F804B303B0BDE8F08FB9F1F2
:10C40000000FB6D0284609F0A5FDB2E728460099EE
:10C4100009F0A0FDADE700BF006000400003005040
:10C4200010B50446062918D8DFE801F02B35465729
:10C4300057041900002A54D08368002B0DDD03EB4C
:10C44000430300EBC303418A8C0500F1180002D5B9
:10C450001168013111609842F5D1002010BD826849
:10C46000002AFADD02EB420200EBC202438A990580
:10C4700044BF23F40073438218308242F6D1002077
:10C48000ECE7FFF7C7FE0122204611460023FFF725
:10C490005BFF002010BD8268D0F8443313441B7941
:10C4A000DA0701D4FFF7B6FE012320461946002221
:10C4B000FFF74AFF002010BDD0F8443382681344D0
:10C4C0001B79DB0701D4FFF7A5FE012320461A469E
:10C4D0001946FFF739FF002010BDFFF7F1FE0020DD
:10C4E00010BD6FF47A7010BD0020704700207047B7
:10C4F0006FF47D70704700BF6FF47D70704700BFB0
:10C5000010B5044603EB43002160C4E90223012176
:10C51000800002F0D3FA002360602382204610BD21
:10C52000704700BF2DE9F043524C236813F001031C
:10C5300085B0064657D0504C2368DA074AD54F4C91
:10C540002368DB0738D54E4C4E4D0A2002F0C4FB61
:10C55000204609F02BFA2046022109F015F9E3885C
:10C560002A7823F48073E3802AB1474B1C68204665
:10C5700005B0BDE8F083444FDFF820813A603E21EA
:10C580003046C8F8002005F03DF8002851D132218E
:10C59000304605F021FC70BB3C68002C60D0D8F818
:10C5A000000018B1214602F063FF3C6801232046D9
:10C5B0002B7005B0BDE8F083032319228521304894
:10C5C00009F096FA0123314A31492D48236016F0CB
:10C5D0009BF8B8E70122022311462E4807F08AF89B
:10C5E00001232360ABE7012211462B4807F082F8B4
:10C5F000012323609FE7502016F08BF83223052299
:10C60000CDE900323146244B1D4A044605F0CAFBF1
:10C6100054203C6016F07DF806223C23CDE9003220
:10C62000044631461C4B164A05F0C0FCC8F80040D1
:10C63000B2E7982016F06DF84FF0060C05213E2366
:10C640008146CDE9011C00932246124B314604F08D
:10C65000AFFF09F14403C7F80090C8F8003096E72F
:10C66000442016F056F8052204460B4902F0DCFB84
:10C670003C6094E76C390020703900207439002048
:10C680008C39002004470020783900203020002019
:10C6900021C50200843900207C390020A439002003
:10C6A00010B5044616F02EF8204610BD30B50446ED
:10C6B00083B00A200E4D02F00FFB2046FFF732FF39
:10C6C0002C6814B1204603B030BD234622462146D3
:10C6D000684607F00FF8482016F01BF86946062256
:10C6E000044602F00FFE20462C6003B030BD00BFB0
:10C6F000A439002082B070B50C4684B00546496864
:10C70000206802AC03C4039908AC481084E80C000C
:10C71000CB0745BF2A58029B029CD4580AAB2E185F
:10C7200093E803008DE8030008AB0CCB3046A0472C
:10C7300004B0BDE8704002B0704700BFF0B44B6871
:10C74000456804680F688668EB1A06EE903AE71BA6
:10C75000F8EEE66A07EE907A8B68F8EEE77A66EE16
:10C76000A66AF31AE7EEA76A012A07EE903AF8EEF6
:10C77000E77AE7EEA76A35DD02EB420201EB8207BA
:10C78000B0EE666A0C3FD1E90303EB1A07EE903A6C
:10C79000201AF8EEE77A07EE100A4A69B8EEC77A6F
:10C7A00067EEA77AB21AE7EE077A0C3107EE102A85
:10C7B000B8EEC77AE7EE077AF4EE667AF1EE10FA91
:10C7C000F4EE467A48BFF0EE676AF1EE10FAC8BFA1
:10C7D000B0EE676A8F42D6D176EE667AF0BC17EE7D
:10C7E000900A7047B0EE666A76EE667AF0BC17EE95
:10C7F000900A70472DE9F0472DED088B84B004AC0A
:10C8000004E90E00159A039E00234FF480619A42BA
:10C810008146DDE90187C0E9003383608361C0E9B7
:10C820000311416140F3D980149DDFED7C8A02EB56
:10C83000420205EB820A2C46D4E90013FB1A07EEEC
:10C84000903AA8EB0101F8EEE77A07EE101AA26819
:10C85000B8EEC77A67EEA77AB21AE7EE077A0C3419
:10C8600007EE102AB8EEC77AE7EE077AF5EE407ABF
:10C87000F1EE10FAB1EEE78A00F1BA80FDEEC87A67
:10C88000F8EEE77AF4EE687AF1EE10FAC8BFF0EE4F
:10C89000678AA245D0D1DFED619AB7EE00BAB0EE5B
:10C8A00069AAF0EE69AAB0EE698AD5E90012B81A51
:10C8B00007EE900AA8EB010006EE900AF8EEE77A80
:10C8C000AB6867EEA77AF8EEE66AF01A07EE100A90
:10C8D000E6EEA67AB8EEC77AE7EE077AF5EE407A8A
:10C8E000F1EE10FAB1EEE79A00F18780A1EB0801B2
:10C8F000D21B9B1B0C3588EE896A07EE901AF8EE66
:10C90000E76A07EE902AB8EEE77A07EE903AF8EE7B
:10C91000E77AC6EE895AC7EE096A87EE897A76EE1B
:10C920004B7ABDEEC88ABDEEE76A18EE102A16EE05
:10C93000103A9A42B8BF1A4608EE102AB0EEE56ADD
:10C94000F0EEE66AB0EEC77AAC42E6EE27AAA6EEB3
:10C95000A7AAE7EE279AB8EEC88AA6D16AEE0A7AA5
:10C96000BDEEE87AEAEEAA7A17EE103AE9EEA97A75
:10C97000F5EE407AF1EE10FAF1EEE78A45D448463A
:10C98000C9E90087C9F80860C9F81830CAEEA86A72
:10C990008AEE287A89EEA86AF7EE007AF0EE675AF6
:10C9A000E8EE265AF0EE656AF0EE675AE8EE075AAE
:10C9B000E8EE067AB0EE657AFEEECB6ABEEECB7A92
:10C9C000FEEECB7AC9ED036A89ED047AC9ED057AEA
:10C9D00004B0BDEC088BBDE8F087DFED109AB0EE37
:10C9E00069AAF0EE69AAB0EE698AF0EE698AC6E734
:10C9F00017EE900A12F0F4FF40E717EE900A12F0DB
:10CA0000EFFFD5E90012AB6870E717EE900A8DEDE5
:10CA1000007A12F0E5FF009BB1E700BF00000000C4
:10CA20002DE9F04F8BB0131E8346019100937ADD00
:10CA300003EB430000230A4601EB80001C46194625
:10CA4000D2E9007695680C3282423C4431442B4452
:10CA5000F6D1009A94FBF2F0059091FBF2F193FB72
:10CA6000F2F3059ACBF80830CBE900215846DDE90E
:10CA70000021FFF763FE0023CDE9033305EE900AA2
:10CA800002930DF11C086FF0C7096FF0C70A6FF031
:10CA9000C7079BE8070088E80700DDE90745099E0E
:10CAA0004C443E445544DDE900214046CDE907456C
:10CAB0000996FFF743FE07EE900AF4EEE57AF1EEF1
:10CAC00010FA07F1C80704D5CDE9035605EE900A20
:10CAD0000294B7F5C87FDCD10AF1C80ABAF5C87F5D
:10CAE000D5D109F1C809B9F5C87FCED1059B029A05
:10CAF00093420AD0039A029BCBF80420049ACBF805
:10CB00000030CBF808200593BDE7DBF80430039A2A
:10CB10009342EFD1DBF80830049A9342EAD15846A9
:10CB20000BB0BDE8F08F00231946059399E700BFCD
:10CB3000F0B587B003AC05460E4617462046FFF712
:10CB40006FFFCDE90067284694E80E00FFF752FE1C
:10CB5000284607B0F0BD00BF82B02DE9F04FEDB020
:10CB600076A98346642081E80C0002F0B5F805221E
:10CB7000114610A806F06EFFBD4911A806F072FF1D
:10CB800021AB6CA900229A60C3E900220C338B42CE
:10CB9000F9D1DBF808008DF864200368B54E9B6A74
:10CBA000CDE91322CDE91522CDE9172298470B9044
:10CBB000DBF808000368FF215B6A9847DBF8080090
:10CBC000383004F0E3F843F68C42002307920493D4
:10CBD0009A460693CDF814B09B46079B43F68C42C9
:10CBE00093420DF1640900F0AE80A34A9342C0F273
:10CBF000AA80079BA3F1640214B2002B00F0DA8034
:10CC0000049B0F2B00F0D680079BCDE907430699C4
:10CC10009A4B059D2831A3FB0132C820920900FBE5
:10CC20001212D3B26868069302F09EFA044668684E
:10CC300002F0A8FA14F52A7FC0F2A18014F1C80FFF
:10CC4000C0F2B080B4F52A7F00F30D81C82C40F308
:10CC50001F81032310F52A7F09931F4680F29680D7
:10CC600000230A93984610A806F060FE814D13AC8D
:10CC700005E04C4505F102050ED014F801BFBBF1EB
:10CC8000010FF6D16A782978FF2310A806F058FE24
:10CC90004C4505F10205F0D1069BDDE9091210A80B
:10CCA00006F04EFE089B002B02DB049B0F2B08D9DD
:10CCB000059B98680023009310301A4610A906F0CF
:10CCC00037FF00231C460DF1300B04E00134192C12
:10CCD0002BD016F814309F42F8D106EB44035B7852
:10CCE0004345F3D10AEB4A0321A901EB830513ABBA
:10CCF0005846195D01294FF00002E7D0059B1968DD
:10CD000002F0B8FB9BE8070013AB85E80700049D21
:10CD10004FF001021A55013501340AF1010AEBB254
:10CD2000192C5FFA8AFA0493D3D1642001F0D4FF5E
:10CD3000BAF1180F47D8079B9DF84CB043F68C42C8
:10CD400093427FF452AF059CA068FBF719FEA068E0
:10CD50004B4900F138041AA807F050F978221AA9B3
:10CD6000204604F0E9F81AA807F014F943F68C43BA
:10CD700043F62842CDE907230023049347E7002325
:10CD800009931F4610F52A7FFFF66AAF10F1C80F0E
:10CD90000CDBB0F52A7F62DCC82875DD03230A931B
:10CDA000984660E7012309931F46EBE701230A93A6
:10CDB000984658E7059B9868079B0893383003F01E
:10CDC000E5FF079423E7524621A91AA8DDF814B01D
:10CDD000FFF7AEFE1DAB0FCBDBF800408DE80F0078
:10CDE0001AAB20460ECB02F029FBDBF80C0020B179
:10CDF0001AAA1C23234904F005FDDBF80800FBF701
:10CE0000BFFDDBF8083011A912A803F1380406F0C1
:10CE10005DFD002340F2DC52CDE9003212A91A4632
:10CE2000204604F003F812A806F042FD4FF47A7091
:10CE300001F052FFDBF80800FBF7A2FDDBF8080069
:10CE40000B9903685B6A984711A806F031FD10A89A
:10CE500006F02EFD6DB0BDE8F04F02B07047042320
:10CE60000A939846FFE6042309931F468AE700BF0A
:10CE7000F847040064480400D18AFFFF1F85EB5186
:10CE8000404804005848040002230A939846EAE602
:10CE9000022309931F4675E72DE9F04F83B0DDE9C2
:10CEA0000C9ABDF83880002B3BD0B9F1000F35D07B
:10CEB0000F2902D1B8F1C00F33D1074628201D46F3
:10CEC0000E46934615F025FC0446103006F0B6FCDD
:10CED00018202680A4F802B015F01BFCCDE9009ABA
:10CEE00006466B46024603CB46F80C5B00233D68C2
:10CEF000D36048F002087360E360506091600E49AF
:10CF00005161C4E90833A4F80480A2606B68384614
:10CF10002146984740B903B0BDE8F08F1AF0010FE1
:10CF2000C6D16FF47A70F6E7204601F00BFE20467A
:10CF300015F0E8FB0148EEE7F5C6020016FCFFFF1E
:10CF4000F0B58DB004461298C4E90012C4E902306D
:10CF50001C4904F011FCE8B10646074656F8100FCC
:10CF6000D4F800E07168B268F3680DF1140C6546FE
:10CF70000FC530697169B26907C50CAB13E90F00C1
:10CF80008DE80F0070469CE80E0002F057FA384614
:10CF900015F0B8FB0C4B1B6883B10C4A05920022BC
:10CFA000069205AA92E80300C0228DE803000292CF
:10CFB0001846032223460621FFF76EFF20460DB0D8
:10CFC000F0BD00BF58480400E03E002059CB0200ED
:10CFD000C38843F48043C380704700BF82B0C0F36E
:10CFE0000761C0F30742C0F307238DF807008DF8EF
:10CFF00004108DF805208DF80630019802B07047B6
:10D0000082B0C0F307238DF807008DF80630BDF815
:10D01000060002B0704700BF29DF704728DF704765
:10D02000022802D1014B01221A70704705470020E7
:10D03000704700BF70B50C46F8F746FF98B1164D23
:10D0400000232B704FF0805602E00A2003F0A0FC72
:10D050003069B4FBF0F0FFF7E1FF0028F5D12B7841
:10D06000002BFCD070BD0D4A0223C2F80435D2F863
:10D070000034002BFBD00949C2F80845D1F8003430
:10D08000002BFBD00023054AC1F80435D2F8003448
:10D09000002BFBD070BD00BF0547002000E0014021
:10D0A000F8B50D4614461E46F8F70EFF88B11A4F24
:10D0B00000233B7002E00A2003F06AFC324621465E
:10D0C0002846FFF7A9FF0028F5D13B78002BFCD0BC
:10D0D000F8BD124A0123C2F80435D2F80034002BFF
:10D0E000FBD0002E0EDD211F0C4A01EB8606281F07
:10D0F00051F8043F40F8043FD2F80034002BFBD035
:10D10000B142F5D1054A0023C2F80435D2F8003403
:10D11000002BFBD0F8BD00BF0547002000E0014018
:10D120002DE9F0430B468BB09A68496804461868AD
:10D13000DB6806AD0FC59DF81860032E4FD84FF081
:10D140008052BDF81A3015699DF819900999254843
:10D15000DDE9077805FB03F5CDE9011800972B46BB
:10D160004A46314600F0C2FEB9F1020F20D00AABA8
:10D1700013E9030004AA82E80300731EDBB203EB89
:10D18000830C4FEA8C0C03CA0CF1100E03EB8303E3
:10D1900004EB830304EB0E0C2F4444F80E00CCF890
:10D1A000041000201E719D60DF600BB0BDE8F083AD
:10D1B000002102E00131642903D018F80130002B6E
:10D1C000F8D1002240460AF0F3FD00220346014652
:10D1D0000548CDE9043200F089FE04AACDE76FF4DA
:10D1E0007A70E2E7A8480400F84804002DE9F04FFF
:10D1F000654B664C66494FF0805203EB0408146996
:10D20000A8EB010187B0B1FBF4F304FB1313009109
:10D21000002B00F0B58014690C44E41A40F6F87352
:10D220004FF080511A680E6901320ABF4FF0102387
:10D230001D685D694FF080531B69A5EB8305A5420E
:10D240007DD90190534FDFF85891DFF858B1DFF8DE
:10D2500058A1A84608E054F8103C5B4572D026F06F
:10D2600003031C44A0456AD90597059B2168DB434D
:10D270009942F0D163684B45EDD1A368464A934289
:10D28000E9D102F14E42E368A2F5A512A2F64F22BF
:10D290009342E0D1019B1A78032A1BD0019F02EB35
:10D2A0008201531C07EB8101DBB200264FF4E0350D
:10D2B000032B8E60CD603B700E7163D003EB830156
:10D2C00007EB810102328D60D2B20120009DCD605A
:10D2D0003A70087140F6F8714FF0805308681F6982
:10D2E0001D6901300ABF4FF01023D1F800C0D3F8F8
:10D2F00014C04FF08053032A1E6912D00198009B7E
:10D30000B3FBF5F302EB820100EB810105FB037334
:10D3100007460132ACEB860002268B60C8603A708B
:10D320000E712246019852F8101F234652688262FD
:10D33000416253F8182F5B68C3638263046307B0CC
:10D34000BDE8F08F54F8043C534588D1134800F0F1
:10D35000CDFD14F8083C002B81D0A4F12005CDE9C7
:10D360000264A5EB0313019E2C461D462146304660
:10D37000103CFFF7D5FEAC42F8D1DDE902646EE760
:10D38000009C4BE71A46A5E758230020546204008E
:10D39000302000208F71C46DC49866C9984804007D
:10D3A000C615A841FE307F599DD7B1C10346002262
:10D3B00010B503F8102B044600F14C0103F80C2CB7
:10D3C0001A605A6043E9022214338B42F6D1204698
:10D3D000FFF70CFF204610BDACDF7047AEDF704793
:10D3E0000022028102604260704700BFF0B54FF634
:10D3F000FF7487B0A142ADF8063032D00389DB0755
:10D40000054616460C4600880FD4BDF8063002AA21
:10D41000ADF808300146002320460396ADF80A30E7
:10D42000FFF7DAFF184607B0F0BD02AA0123002774
:10D430000DF1060CADF808001146204605968DF852
:10D440000A30ADF80C70CDF810C0FFF7C7FF002808
:10D45000E8D00499BDF806300988994201D028889F
:10D46000D6E7002007B0F0BDA8DF7047B0DF7047F7
:10D4700062DF7047704700BF8B79012B05D0022B0C
:10D4800002D10368DB6A1847704703689B6A184734
:10D490000368034A9B68934200D1704706311847DE
:10D4A00075D4020070B50B88502B044631D01AD8C1
:10D4B000102B26D0112B14D10368194DDA69AA421A
:10D4C0002BD100252E4605E023681B699847236869
:10D4D00006810135DB6820469847A8422946204648
:10D4E000F2DC012070BD512B06D0532BF9D103681B
:10D4F0001B6B9847012070BD03685B6A9847012049
:10D5000070BD0368064A9B699342EAD098470120A0
:10D5100070BD03681B6A9847F9E790472368D0E716
:10D5200075D4020010B5064B036000230446037156
:10D53000C38000F0CFF9214600F0DAF9204610BD93
:10D540003049040010B5054B0360044600F0C2F9F1
:10D55000214600F0DDF9204610BD00BF304904002F
:10D5600010B584B010310DF1FF330DF10F0411F837
:10D57000012D03F8012FA342F9D1011D6846FFF7E1
:10D5800077FF04B010BD00BF00B583B00379ADF8DC
:10D590000410821D01A901208DF80630FFF764FFF9
:10D5A00003B05DF804FB00BF2DE9F04788B00546E5
:10D5B000BDF84060BDF84470BDF8484092468846CA
:10D5C0001E2200210DF10200994615F0FDF8BB1B4B
:10D5D00018BF01232A79ADF800A0E107ADF8047067
:10D5E0008DF80C30ADF80660CDF808908DF802206B
:10D5F00005D59DF80D3043F002038DF80D30A207DC
:10D6000005D59DF80D3043F004038DF80D30630708
:10D6100005D59DF80D3043F008038DF80D30270730
:10D6200005D59DF80D3043F010038DF80D30E6065A
:10D6300005D59DF80D3043F020038DF80D30A00680
:10D6400005D59DF80D3043F040038DF80D3061068F
:10D6500005D59DF80D3043F001038DF80D30E2053E
:10D6600044BF01238DF80F30A30544BF01238DF87B
:10D6700010302B68EC881A690120022341468DF88E
:10D6800011308DF812308DF813308DF814002846C3
:10D6900090476946024620460BF0CCFA08B0BDE838
:10D6A000F08700BF00B58DB001A80BF03BFA019BDD
:10D6B00023B1BDF808000DB05DF804FB4FF6FF7014
:10D6C0000DB05DF804FB00BF08B50BF001FA0030A7
:10D6D00018BF012008BD00BF03682DE9F041DB68D9
:10D6E00006460D4690469847071E1BDD00240BE0BA
:10D6F0004388AB421ED08388AB4221D0C388AB4263
:10D7000024D00134A7420DD0336821461B6930462E
:10D7100098470388AB42EBD1012388F800302046BC
:10D72000BDE8F08100234FF0FF3488F80030204638
:10D73000BDE8F081022388F800302046BDE8F08182
:10D74000032388F800302046BDE8F081042388F8E0
:10D7500000302046BDE8F08130B583B00C460DF1B5
:10D760000702C9880546FFF7B7FF011E08DB9DF8D1
:10D7700007202B68032A05D01B680B4A93420ED161
:10D7800003B030BD228A022AF6D11B692846984789
:10D79000E17CA27C2B6842EA01220281ECE7A11D18
:10D7A0002846984703B030BD75D40200F0B58BB061
:10D7B0000C460DF1070209890746FFF78DFF002887
:10D7C00019DB9DF80730E689012293428DF8082085
:10D7D00013D09DF80E20A088ADF81060002363F3ED
:10D7E000000202A98DF80E20ADF80C30ADF8123011
:10D7F0000593FFF73BFE0BB0F0BD3A681F49526836
:10D800002089ADF81A6000258A428DF81C308DF809
:10D810001D30ADF818000895ADF8245015D12A46F2
:10D820002F4629469DF80E50ADF80C1063F3000505
:10D83000A088ADF8106002A9ADF8127005928DF8BD
:10D840000E50FFF713FE0BB0F0BD384606A9904707
:10D850009DF81C304BB99DF81D30BDF81A60BDF81D
:10D860002470089A4FF48171DCE729469DF81D3039
:10D87000BDF81A60BDF82470089AD3E775D4020089
:10D8800000B583B009890DF10702FFF725FF03B04A
:10D890005DF804FBF8B50E4C26689EB13368002B8A
:10D8A0000FDD07463546002402E03368A34208DD59
:10D8B00055F8040F036839465B699847013400281E
:10D8C000F3D1F8BD542014F024FF20600660F8BDA9
:10D8D000A839002010B5054C206800B110BD5420B7
:10D8E00014F017FF00232060036010BDA83900204A
:10D8F00038B50368132B04460D4603DD1420F8F7F2
:10D9000007FB236804EB830201335560236038BDB5
:10D91000F0B40668002E0DDD4368994226D0041D40
:10D92000002204E054F8045F8D4205D01A46531CCF
:10D93000B342F7D1F0BC70470232B24213DA551C41
:10D940005C1C03EB060C00EB850500EB8404ACEBE0
:10D95000020C1946013155F8047B44F8047B6145FB
:10D96000F8D1B21A13440360F0BC704701220023BF
:10D97000E3E700BF10B50023044607F0F7F9024BB8
:10D980002360204610BD00BF6C49040088B110B56B
:10D99000044614F055FF01382044844207D223780E
:10D9A000027804F8012B00F801398442F7D30020F3
:10D9B00010BD6FF47A707047F8B549B380EAE0742F
:10D9C000C4EBE0744F1E0025DFF84CC000E01D469C
:10D9D0008CFB0423E217C2EBA30202EB8203C4EB2D
:10D9E00043033033564207F8013F14466B1C002EA8
:10D9F000EDD1002801EB030203DA2D220235CA54CF
:10DA00004A19002308461370FFF7C0FF3046F8BDDF
:10DA10006FF47A76FAE700BF67666666014B1860B6
:10DA200000207047AC390020002821DD30B4124DB1
:10DA3000124B2A68002A00F1FF3408BF1A4621461B
:10DA40000020930983EAD273534083EA121383EAD6
:10DA500092035208534042EAC37202F0010349089C
:10DA600043EA4000EDD1A042E9D82A6030BC7047BB
:10DA70006FF47A70704700BFAC390020A10D0C0024
:10DA80000A4B036010B40A4C0023C380224602E014
:10DA900001333C2B06D052F8041B8842F8D10022F7
:10DAA00044F823205DF8044B704700BFA0490400F0
:10DAB000B039002010B504460A4B0B482360002300
:10DAC000E380024602E001333C2B06D052F8041BEF
:10DAD0008C42F8D1002240F82320204614F012FE98
:10DAE000204610BDA0490400B0390020013908B516
:10DAF00003290AD8DFE801F00B0B02020368084A89
:10DB0000DB68934201D000219847002008BD0368DC
:10DB1000034ADB689342F8D001219847F5E700BF3C
:10DB2000C161020070B584B004AC04E90F00BDF817
:10DB30000230012B18D0022B14D1154C154E04F1D4
:10DB4000F00501E0AC420DD054F8040F0028F9D0E4
:10DB5000C3885B04F6D503689B68B342F2D098474C
:10DB6000AC42F1D104B070BD094C0B4E04F1F0058C
:10DB700001E0A542F6D054F8040F0028F9D0C3887C
:10DB80009A04F6D503685B68B342F2D09847F0E791
:10DB9000AC390020795A0200755A02002DE9F04193
:10DBA000314C82B02246002302E001333C2B05D0E9
:10DBB00052F8041B0029F8D144F823002B4C237899
:10DBC00013F001030BD12A4D2A6842B100931022B1
:10DBD00001234FF47A60002102F01EFE10B102B062
:10DBE000BDE8F0812820D5F80080224E14F091FD88
:10DBF000C02300930122204B1021074600F06EFF46
:10DC0000D8F800305B68B34222D1384600F09AFF62
:10DC1000384614F077FD28202F6814F07AFDC023D1
:10DC200000930222144B0F21054600F057FF3B687A
:10DC30005B68B34212D1284600F084FF284614F0F6
:10DC400061FD237843F00103237002B0BDE8F08149
:10DC50004046394698470028DDD0D6E73846294661
:10DC600098470028EDD0E6E7B039002006470020AD
:10DC7000E03E0020D973020025DB020010B4084CFE
:10DC80000023224602E001333C2B06D052F8041B4D
:10DC90008142F8D1002244F823205DF8044B7047FC
:10DCA000B0390020062816D8F8B50123834013F0B8
:10DCB000580F0E4605460FD0104CA4F1F00754F84B
:10DCC000043D32462946184613B11B681B69984724
:10DCD000BC42F4D1F8BD704713F0270FFAD0084CBE
:10DCE00004F1F00754F8043F32462946184613B1B0
:10DCF0001B681B699847A742F4D1F8BDA03A0020E1
:10DD0000AC390020084600F065BC00BF2DE9F047A3
:10DD1000DFF870A0DFF870905646074656F8044BBF
:10DD20000AF582780B19B3F5806F0D460FD22A469B
:10DD30003946301914F024FDDAF800301D440AEB9E
:10DD4000050300221A71CAF80050BDE8F087A4F557
:10DD50008074224641460A48CAF8004014F01BFD70
:10DD6000C4F580623019002114F02EFDDAF800406D
:10DD70002B19B3F5806F4FF01501D8D34F46D1E77B
:10DD8000A43A0020A03A0020C049040030B587B072
:10DD900062B901AC2146FFF70FFE204614F050FD9A
:10DDA00001462046FFF7B2FF07B030BD054600240C
:10DDB0001C220CE08BB902B334B10846303006ABFC
:10DDC0002344013403F8140C043A131D0AD025FA35
:10DDD00002F303F00F030029ECD0092B58B2EDDD5C
:10DDE0003730ECE706AB1C44002304F8143C022156
:10DDF000034801ACFFF78AFFCFE71046DEE700BF1C
:10DE0000BC4904002DE9F04782B0154681460E4614
:10DE100009F0ACF9DFF8D080314F043D494602E00B
:10DE20002528194614D00B460C4613F8010B002880
:10DE3000F6D1A1EB09014846FFF768FF1EB10221A8
:10DE40002848FFF763FF09F083F902B0BDE8F087C7
:10DE50006FEA090319444846FFF758FF637855F8FD
:10DE600004AFCDF804A0642B04F102091DD00CD935
:10DE7000732B28D01FD9752B17D0782B0BD1504678
:10DE800001220021FFF782FFC8E7582B15D0632B32
:10DE900006D0252B1FD003214046FFF737FFBDE7F3
:10DEA000012101A8FFF732FFB8E7002250461146D2
:10DEB000FFF76CFFB2E7702BEDD1012250461146FF
:10DEC000FFF764FFAAE7504614F0BAFC014650463B
:10DED000FFF71CFFA2E701213846FFF717FF9DE778
:10DEE000D8490400E0490400DC4904000FB400B53F
:10DEF00083B004AA012152F8040B0192FFF782FFBC
:10DF000003B05DF804EB04B0704700BF10B50446E1
:10DF100009F02CF9E3696BB1A2699A61A3690BB1AD
:10DF2000E269DA610023C4E906336361BDE81040A9
:10DF300009F00EB9D4E905321A60EFE738B50D469D
:10DF4000044609F013F92A6865610AB90AE01A461D
:10DF50009369002BFBD19461C4E90632BDE83840D7
:10DF600009F0F6B8C4E906222C60BDE8384009F093
:10DF7000EFB800BF2DE9F04184B004AC04E90F0014
:10DF8000114B1C68DDE902014FF47A72002314F092
:10DF9000C9F9B4B1DFF8348006460F46E268A569D6
:10DFA00000239F4208BF964208D3636920460BB105
:10DFB000FFF7ACFF20464146FFF7C0FF2C46002D7F
:10DFC000ECD104B0BDE8F081AC3E0020B43E0020AE
:10DFD0002DE9F04FDFF8E08093B0D8F8005004ACA2
:10DFE00084E80F00002D32D02F4BBDF810401A6886
:10DFF000BDF81260AAB12D4F4FF0000A40F2FE3575
:10E0000040F2FF39D368D2F818B0190CAC429BB279
:10E0100088B21FD0002B33D09C4231D05A46002A00
:10E02000F0D1A4F2FE33012B11D9D8F80050204BC7
:10E0300010273246214608A8009700F04FFD2B68B4
:10E040001C4A9B6893422AD108A800F07BFD13B0BC
:10E05000BDE8F08F4B45DDD109B1B042DED1BAF158
:10E06000000FDBD1536923B110460392FFF74EFF37
:10E07000039A10463946FFF761FF4FF0010ACDE7DA
:10E0800009B1B042CAD1536923B110460392FFF7D8
:10E090003DFF039A10463946FFF750FFBEE728467A
:10E0A00008A99847D0E700BFC43E0020B43E002036
:10E0B000D1DF0200E1730200A83E0020014B186886
:10E0C000704700BFB83E002038B509F04FF8164B36
:10E0D0001C68D4B1636913B12046FFF717FF09F03C
:10E0E00037F8002323616362256809F085F801464B
:10E0F000284609F08DF809F039F80C4B1A682262AD
:10E100001C6009F025F8204638BD282014F001FBDA
:10E1100028220021044614F057FB09F071F800236F
:10E12000C4E90003A360DAE7BC3E0020B83E00204B
:10E1300038B50A4B1C682369DB0707D5084D2868EA
:10E1400030B1636A4362002363620446204638BDEF
:10E15000FFF7BAFF28600028F8D0F2E7A43E0020BD
:10E16000B03E00202DE9F041464D2A7812F001041E
:10E1700082B002D002B0BDE8F081434E434F306020
:10E18000FFF7A2FF424B43491860FFF7D7FEFFF7A6
:10E190009BFF3860D0F8008009F02EF8011F404640
:10E1A00009F034F83B683C49186809F02DF83768E5
:10E1B000002F4ED0282014F0ACFAC0232246009342
:10E1C00040F2FF31354B364C804600F087FC3B680F
:10E1D0005B68A34244D1404600F0B4FC404614F0D2
:10E1E00091FA2820D6F8008014F093FAC023009307
:10E1F00000222A4B40F2FE31074600F06FFCD8F8AF
:10E2000000305B68A34237D1384600F09BFC3846AB
:10E2100014F078FA00230F22002100934FF47A6063
:10E22000012302F0F9FA2820376814F072FAC023AB
:10E23000009301221B4B0F21064600F04FFC3B6868
:10E240005B68A34212D1304600F07CFC304614F0EB
:10E2500059FA2B7843F001032B7002B0BDE8F0812E
:10E260003846414698470028BBD0B4E73846314687
:10E2700098470028EDD0E6E7404639469847002801
:10E28000C8D0C1E707470020A83E0020C03E0020BC
:10E29000A43E0020B43E002011E80200D1DF0200BD
:10E2A000D973020075DF0200024B187800F00100FC
:10E2B000704700BF07470020F0B51F4F3B6883B091
:10E2C000002B37D01D4B1B78DB0733D50E46044699
:10E2D000FFF72EFF436944EA06420546C2600BB1D0
:10E2E000FFF714FE28461649FFF728FEA4F2FE3376
:10E2F000012B16D928203F6814F00BFAC0233246B0
:10E30000009321460F4B054600F0E8FB3B680E4AA0
:10E310005B68934208D1284600F014FC284614F0AC
:10E32000F1F9002003B0F0BD38462946984700288F
:10E33000F7D0F0E70548F5E7A83E002007470020A2
:10E34000C43E0020D1DF0200D973020016FCFFFF9B
:10E350002DE9F04128B321B30546984617460E46ED
:10E36000FFF7B2FE0446E0B132463B46294600685C
:10E3700008F058FF256808F03FFF011F284608F005
:10E3800045FF0A4B0A492068B8F1000F18BF19462B
:10E3900008F03AFF20460749FFF7D0FD2046BDE8C8
:10E3A000F08100242046BDE8F08100BFE9E70200CB
:10E3B00015E70200B43E0020074B1B7813F0010361
:10E3C00008D010B4144601230A4621465DF8044BD8
:10E3D000FFF7BEBF1846704707470020024B18687A
:10E3E000B0FA80F040097047B43E002030B50F4DC0
:10E3F0002B789A0785B004D50D4B1B6873B105B017
:10E4000030BD43F00204022201230F2168462C7024
:10E4100005F0F4F9064B1B68002BF0D12B7823F0A4
:10E4200002032B70F7F7BCFE05B030BD0747002094
:10E43000B43E00202DE9F0415B4D2C682369D907DB
:10E4400047D45A4E5A4F32683968002A31D0606931
:10E45000B04200F09A802A608A422BD0944271D058
:10E460008C4271D0534B62699A426DD0206808F09B
:10E47000D1FE064608F0D0FED4E90131301ACA1A9E
:10E4800090426AD900F120012F682C6021F01F060C
:10E49000002B40F08480304600F0CAFA3118C4E9FD
:10E4A00001012F602068BB683A68BDE8F04108F0C0
:10E4B000F3BF29601B0757D52C60FFF797FF336820
:10E4C000002BFAD09C422B603CD039688B42C7D1DC
:10E4D0004DE0394E2068326843F00203236113692E
:10E4E000146843F00403136108F09AFE01462046C5
:10E4F00008F08EFE3768386808F08CFE044608F095
:10E500008BFED7E90123201A9B1A98420FD920309D
:10E51000D5F800802F6020F01F04002A3BD1204650
:10E5200000F086FA0444C7E90104C5F800803368A6
:10E530009968186808F0F1FF2B681A6900219207A2
:10E5400031600CD4BDE8F0812A680021936812681C
:10E550000846BDE8F04108F09FBF2F68A2E71868A1
:10E56000BDE8F04109F013B82B689C42EAD01E6860
:10E5700008F042FE011F304608F048FE3B680F4994
:10E58000186808F041FE39686AE7A069002818BFDA
:10E5900002462A6060E7104600F070FABFE71846AE
:10E5A00000F06CFA77E700BFA43E0020B43E0020E4
:10E5B000C03E0020BC3E0020B03E002011E802001A
:10E5C000034B1B78DB0701D5FFF734BF704700BF53
:10E5D0000747002070B5104D2A78D20714D504469D
:10E5E000FFF7A6FD064602F0F7F873692044F060D5
:10E5F00013B13046FFF78AFC30460849FFF79EFC0E
:10E600002B78DB0704D470BDBDE8704000F064BB1C
:10E61000BDE87040FFF70EBF07470020AC3E00206A
:10E6200000B583B0FFF748FE18B9074B1B78DB072E
:10E6300002D403B05DF804FB0190FFF7FBFE0198E4
:10E6400003B05DF804FB00BF0747002038B5284D34
:10E650002868436913B1FFF759FC2868254C214607
:10E66000FFF76CFC24684CB1A369002223B11C465F
:10E670000132A369002BFAD1032A22DC2B68002285
:10E680001A611C6808F0B8FD0146204608F0C0FD7C
:10E6900008F06CFD184B29681A688A4225D04AB1E7
:10E6A000136A99421DD02BB11A6A91421AD01346AF
:10E6B000002BF9D108F04CFD104B1B78DB070CD474
:10E6C00038BDE2692068936100F0D8F9606800F015
:10E6D000D5F9204600F0D2F9D0E7BDE83840FFF781
:10E6E000A9BE13460A6A1A62E4E7126A1A60E1E7F1
:10E6F000A43E0020BC3E0020B83E0020074700207A
:10E70000034B1B78DB0701D5FFF7A0BF704700BFA5
:10E710000747002010B50C468047A047044B1B78E4
:10E72000DB0700D410BDBDE81040FFF78FBF00BF6E
:10E7300007470020034B1B78DB0700D47047FFF727
:10E7400085BF00BF07470020002842D02DE9F041D7
:10E75000DFF8908098F80030DC0782B032D51E4F89
:10E760003B680A4619694907054601D15C6A44B10C
:10E77000284601231949FFF7EBFD002002B0BDE850
:10E78000F0811868019208F0EAFE3968019A0B6975
:10E7900013F0020618D143F0010310460B61A8479D
:10E7A0003B6818695E6220F0010210F004001A61F3
:10E7B000E4D098F8000010F00100DFD0FFF746FF2A
:10E7C0003046DBE70648D9E723F003030B61204618
:10E7D000D4E76FF47A707047A43E002035E702005A
:10E7E00016FCFFFF0747002038B5034614461046C5
:10E7F0000D4698472046A847044B1B78DB0700D4FA
:10E8000038BDBDE83840FFF721BF00BF07470020F3
:10E8100008B5044CFFF7EAFD2378DB07FAD5FFF7CC
:10E8200009FEF7E707470020024B1878C0F3800085
:10E83000704700BF07470020054A137818B923F036
:10E8400004031370704743F004031370704700BF54
:10E85000074700200022C0E900227047F8B5184D94
:10E860002B78DA0700D4F8BD044608F07FFC266850
:10E870000136266008F06CFC012EF4DDFFF758FC31
:10E88000436907460BB1FFF741FB211D3846FFF7EF
:10E8900055FB08F06BFC23689E4208DD7B6913B1D1
:10E8A0003846FFF733FB38460649FFF747FB08F0C9
:10E8B0004FFC2B78DB07D6D5BDE8F840FFF7BABD93
:10E8C00007470020B43E002038B54468054644B1EF
:10E8D000636913B12046FFF719FB20460449FFF78F
:10E8E0002DFB2B68002BC4BF03F1FF332B6038BD19
:10E8F000B43E002070B54468054664B1074E6369B4
:10E9000020460BB1FFF702FB20463146FFF716FB0E
:10E910006C68002CF3D100232B6070BDB43E002046
:10E9200043682BB100209B690130002BFBD170475D
:10E9300018467047F8B50C4C05460E46277808F087
:10E9400015FC0A4A731B02EBC7019B0843F0004306
:10E9500042F837504E602B6023780133237008F063
:10E96000F7FB0020F8BD00BF09470020C83E00208B
:10E97000064B1B78834207D9054B03EBC00253F8C3
:10E9800030305068C01A7047002070470947002097
:10E99000C83E0020F8B583074FEA90063BD188B106
:10E9A0000D4608F0E3FBD5E90045771CA54206D9E2
:10E9B0002368002B07DB04EB8304A542F8D808F09A
:10E9C000C7FB0020F8BD23F00043990054F8232032
:10E9D000002A04EB01000DDB0EE022F0004213449C
:10E9E00043F00042226054F823209900002A04EBEF
:10E9F000010001DA8542F0D89F4201D90C44D5E7E5
:10EA000002369E4209D3236823F00043236008F0B6
:10EA10009FFB201DF8BD0136C2E704EB8606B54218
:10EA2000F1D9DB1B43F0004346F8043C2760EEE7D6
:10EA300038B5044640B10C4D2B783BB120460B490C
:10EA4000FFF7A8FF044658B1204638BD0849094AD7
:10EA5000086809491370FFF76DFF01232B70EDE77C
:10EA60001420F2F7D5FBEFE708470020C83E00204E
:10EA7000B82000200947002000F80120A0B10E4B6B
:10EA80001A6882420DD25B6883420AD950F8043C6E
:10EA9000002B10B5044608DD43F0004344F8043C65
:10EAA00010BD1E20F2F7B4BB70471E20F2F7B0FB7A
:10EAB00054F8043CF0E700BFC83E002038B501FB25
:10EAC00000F52846FFF7B4FF044628B101232A4683
:10EAD0000360002113F078FE204638BD2DE9F04197
:10EAE00004461030884617461E46BDF8185004F0FC
:10EAF000A5FE0020E060C4E90800A4F8008067805B
:10EB0000A660A5802046BDE8F08100BF2DE9F8434E
:10EB1000BDF82450089E04461030894690461F4692
:10EB200045F0010504F08AFE0020C4E90800A4F8BD
:10EB30000090A580A4F80280C4E902762046BDE8D2
:10EB4000F88300BF83889B0710B5044602D5806810
:10EB500013F0D8FD204610BD82B070B586B00AA96A
:10EB600081E80C00036A4BB31C696CB1012200E020
:10EB70001C4623690132002BFAD1092A05DD06B0B3
:10EB8000BDE8704002B070471C460AAB0FCB02AD27
:10EB900085E80F00182013F0BCFD06AB064613E90C
:10EBA000030095E80C008DE80300304604F06CFE8D
:10EBB000266106B0BDE8704002B0704704460FC938
:10EBC00002AD85E80F00182013F0A3FD06AB064642
:10EBD00013E9030095E80C008DE80300304604F0CB
:10EBE00053FE266206B0BDE8704002B0704700BF19
:10EBF000D0E9002303F10053013B10B402EBC3043E
:10EC0000A24210D852F8333099420CD8A21A22F0FE
:10EC100007022346A21A03E053F8080D814202D8E6
:10EC200093421C46F8D160685DF8044B704700BF02
:10EC3000D0E9002303F10050013802EBC0039A42EF
:10EC400052F8300016D8814215D89A1A22F00702DD
:10EC500010B49A1A03E053F8080D814206D8934283
:10EC60001C46F8D118685DF8044B704720685DF8C1
:10EC7000044B704770477047D0E9002303F1005000
:10EC8000013802EBC0039A4252F830001FD881428B
:10EC90001DD89A1A22F007029A1A9342184615D0E4
:10ECA00010B453F8084DA14206D8934218460BD031
:10ECB00053F8084DA142F8D900685DF8044B081AD2
:10ECC000B0FA80F0400970471868F6E71868081A2B
:10ECD000B0FA80F04009704701F05ABE01F028BE3A
:10ECE000FEF79CBEFEF7A0BE0020704710B5044B97
:10ECF000036000230446C380FEF7C0FF204610BD1A
:10ED0000A049040010B5064B036000230446C380ED
:10ED1000FEF7B4FF204613F0F5FC204610BD00BFFF
:10ED2000A049040038B50446074B03600025456040
:10ED3000FEF734FFE388054A258143F480532260BF
:10ED4000E380204638BD00BFA0490400EC49040020
:10ED500000897047807A70470048704716FCFFFFB3
:10ED600010B5044B036000230446C380FEF786FF02
:10ED7000204610BDA049040010B5064B03600023D7
:10ED80000446C380FEF77AFF204613F0BBFC204602
:10ED900010BD00BFA049040038B5036881720D4D55
:10EDA000DA6AAA42044608D19B6A0B4A0B4D934289
:10EDB0000AD1A07AA072284638BD90472368064A37
:10EDC0009B6A93420546F4D020469847A072284695
:10EDD00038BD00BF59ED020055ED020016FCFFFFE3
:10EDE00038B503680D4DDA6A0181AA42044608D19C
:10EDF0001B6A0B4A0B4D93420AD120892081284679
:10EE000038BD90472368064A1B6A93420546F4D0F2
:10EE1000204698472081284638BD00BF59ED0200A2
:10EE200051ED020016FCFFFFF8B504460025154B16
:10EE3000036045600E461746FEF7B0FE94F8363084
:10EE400066624FF00112C4E90E22022103F0F903B9
:10EE500065F3C3030C4E2563142084F84050A1725F
:10EE60002081E560C4E90455C4E906552562A78000
:10EE7000E580A586A4F8425084F836302660204606
:10EE8000F8BD00BFA0490400144A0400C16811F590
:10EE9000C87FF0B480F2848090F8363013F002031B
:10EEA00040F08680046914F5C87F66DA90F8362051
:10EEB00012F0040269D1456915F5C87F31DA90F87E
:10EEC000362012F0080234D0B2FA82F390F836609D
:10EED00090F840205B0963F3C30680F83660032A8C
:10EEE00008D80132D2B2012A80F8402000F08B808D
:10EEF000042A77D0B0F8423090F8366001339BB2E4
:10EF000016F00107A0F8423062D01D2B17D900235C
:10EF10006FF3000680F83660A0F8423080F8403089
:10EF20000DE0B5F5C87F04DD90F8362012F0080238
:10EF3000CAD090F84020002BD1D1002ADAD104FBAE
:10EF400004F301FB0133334A05FB053393423CD9FB
:10EF500011F5487F51DBB1F5487F51DC14F5487F4E
:10EF600054DBB4F5487F3BDC15F5487F50DBB5F545
:10EF7000487FD4BF0020062028E0B4F5C87F9ADD82
:10EF800090F8362012F0040295D1B2FA82F390F88C
:10EF900036205B0963F3820280F8362001238AE77A
:10EFA000B1F5C87F0FDD90F8363013F002030AD1B7
:10EFB00090F83620B3FA83F35B0963F3410280F8DB
:10EFC000362001236EE700236CE70720F0BC704772
:10EFD000092BB4D9013A80F84020A0F84270AEE77E
:10EFE0000120F3E790F83630002243F0010380F867
:10EFF0003630A0F842200B20E8E70320F0BC704731
:10F000000420F0BC7047A0F8422098E70220DDE71A
:10F010000520DBE7FF700200D0E9033230B502FBC8
:10F0200002F2456903FB032305FB0535B5F5800FA7
:10F0300085B0044616D9038F002B4DD0B5F5100FBF
:10F0400025D8012384F831302046FFF71FFF0B2815
:10F0500014D0A38E834231D00023A08684F83030B0
:10F0600005B030BD90F83130042B56D90023C0E9EB
:10F070000E332046FFF70AFF0B28EAD160860246CE
:10F0800001230D21684604F0B9FB05B030BD638F44
:10F09000002B39D0B5F1107FD3D9A38F5BB3B5F175
:10F0A000806FCED9E38F002BCBD101230A220D2113
:10F0B000684604F0A3FB0123E387C2E794F83030ED
:10F0C000628E042B14D80133DBB2904284F83030C6
:10F0D000C6D0052BD2D0C3E701230C220D216846F0
:10F0E00004F08CFB0123B5F5100F2387A9D9CEE7D7
:10F0F0009042C3D1B4E7012309220D21684604F0F0
:10F100007DFB0123A387CAE7012308220D2168465E
:10F1100004F074FB01236387BCE70133DBB291E7A2
:10F1200030B5D0E908218BB002AD009200F1180390
:10F1300004460CCB284604F02FFB95E80700E38833
:10F1400004F10C0523F0020385E80700E380204664
:10F15000FFF762FF0123A1881A4606A804F04EFBC0
:10F1600000200BB030BD00BF0368054A1B6B934203
:10F1700010B5044601D1E06810BD9847E06810BDA5
:10F1800059ED02000368054A1B6B934210B5044613
:10F1900001D1206910BD9847206910BD59ED0200CA
:10F1A0000368054A1B6B934210B5044601D16069A0
:10F1B00010BD9847606910BD59ED02000368084A08
:10F1C0001B6B934210B5044607D1E3889B0702D41A
:10F1D0002046EDF7A1FBA06A10BD9847F5E700BFF8
:10F1E00059ED02000368084A1B6B934210B50446B0
:10F1F00007D1E3889B0702D42046EDF78DFBE06A38
:10F2000010BD9847F5E700BF59ED0200408E7047EA
:10F210000048704716FCFFFF0089704710B5044B8B
:10F22000036000230446C380FEF728FD204610BD7E
:10F23000A049040010B5064B036000230446C380B8
:10F24000FEF71CFD204613F05DFA204610BD00BFFE
:10F25000A0490400F0B50446416BA26BE36B27693B
:10F26000656900F13406C068D71B5D1BD4E907232C
:10F27000081AA16902FB07F201FB00F18812921241
:10F280008BB0C4E90D0203FB05F39B12216CE36311
:10F2900002AD009396E80C00284604F07DFA95E84C
:10F2A0000700012304F1280585E80700A1881A4614
:10F2B00006A804F0A3FA00200BB0F0BD38B503682F
:10F2C0000D4DDA690181AA42044608D15B6A0B4AF6
:10F2D0000B4D93420AD120892081284638BD9047A2
:10F2E0002368064A5B6A93420546F4D02046984755
:10F2F0002081284638BD00BF11F2020019F2020039
:10F3000016FCFFFF2DE9F041124B03600025044677
:10F31000456088461746104EFEF740FC4FF4806368
:10F3200014204FF480512081C4F84080C4E9035573
:10F330006561C4E90955C4E90B55C4E90D55E56398
:10F340006564A7802660E180C4E906332362204615
:10F35000BDE8F081A0490400544A04002DE9F843B7
:10F3600003681F4A9B6A9342044636D1A06A12F092
:10F3700027FC8046E06A894612F022FC0646206B94
:10F380000F4612F01DFC424604460D464B464046D1
:10F39000494612F07FFC3246804689463B4630465D
:10F3A000394612F077FC02460B464046494612F0B9
:10F3B000BBFA224606460F462B462046294612F047
:10F3C00069FC02460B463046394612F0ADFA10F0A1
:10F3D00097F812F00FFFBDE8F8839847C6E700BF23
:10F3E00011F20200C3885A0720D410B502681049F0
:10F3F000926A8A4284B0044615D123F0020343F096
:10F400000403E380A18801230322684604F0F6F98F
:10F41000E388084813F0020F18BF002023F004030C
:10F42000E38004B010BD9047E388E6E702487047E8
:10F4300011F2020014FCFFFF15FCFFFF84B070B452
:10F4400004AC84E80E0006460FCC06F10C050FC58F
:10F4500094E80700F38843F0020385E80700F3808F
:10F4600070BC04B0704700BFC08800F00200704755
:10F470004164704730B50C460C4923689B6A8B4247
:10F4800085B005460CD1D4E90F3101920093343494
:10F49000284694E80C0004F035F9284605B030BD44
:10F4A000039220469847039AEDE700BF11F202004D
:10F4B0000368054A9B6A934210B5044601D1A06ACD
:10F4C00010BD9847A06A10BD11F202000368054AFA
:10F4D0009B6A934210B5044601D1E06A10BD98477B
:10F4E000E06A10BD11F202000368054A9B6A93426C
:10F4F00010B5044601D1206B10BD9847206B10BD9C
:10F5000011F20200C288510711D4930710B50446C6
:10F510000AD5636C20461BB1BDE81040EDF7BCBABC
:10F52000BDE81040EDF72CBBFFF75CFFF1E70148A9
:10F53000704700BF15FCFFFF008970474089704786
:10F54000FF299ABF017300206FF47A70704700BFE3
:10F55000007B7047704700BF10B50A894C8982B0A4
:10F560000023CDE9002410311A46044604F0ECFBD8
:10F57000204602B010BD00BF10B5074B044640F84E
:10F58000103B04F095F9054B236000232046E380EF
:10F59000FEF774FB204610BD8C4A0400A04904000D
:10F5A000094B10B5044640F8103B04F081F9074BB5
:10F5B00023600023E3802046FEF760FB204613F023
:10F5C000A1F8204610BD00BF8C4A0400A0490400E9
:10F5D000F8B50C4D05600025044645600E461546FD
:10F5E0001F46FEF7DBFA2046074B40F8103B2AB2D5
:10F5F00031B204F02FFAFF222273A78026816581A1
:10F600002046F8BDA04904008C4A04006FF47D70C8
:10F61000704700BF6FF47D70704700BF6FF47D705E
:10F62000704700BF10B584B004AB046803F8012D27
:10F6300000220092A4691A460123A04704B010BD1D
:10F6400010B584B004688DF80C20002200928DF86B
:10F650000D30A469022303AAA04704B010BD00BF67
:10F6600010B5012384B00468CDE900330DF10F0318
:10F67000646AA04708B99DF80F0004B010BD00BF30
:10F68000F0B585B004469DF82C508DF80F201F462C
:10F6900002680E4685B10123009395690DF10F02B2
:10F6A000A84738B9236800901D6A0A9B3A4631463C
:10F6B0002046A84705B0F0BD53699DF80F20984734
:10F6C000EFE700BF2DE9F84F9DF82870002A3CD0E5
:10F6D000002B3ADD88460168DFF874901E464B68BF
:10F6E0004B458246144628D1CD68DFF868B05D45A9
:10F6F0001BD1264405E00134A6420AD0DAF80030D6
:10F70000DD685D45F7D0217850460134A847A64210
:10F71000F4D117B10020BDE8F88FDAF800309B680B
:10F720004B450ED13846BDE8F88F5FFA88F1504658
:10F73000A847DAF80030DD68DBE79847DAF8001010
:10F74000D2E7504698473846E5E76FF47A70E2E72B
:10F7500015F602001DF602002DE9F04F83B09DF86A
:10F760003090002A5AD0002B984657DD0568924603
:10F770006B682C4A934206463DD1EB682A4FBB4248
:10F7800041D1B8F1010F1BD0A8F102080AEB080B18
:10F790000AF1FF3405E00B2004F8010FA3450BD05C
:10F7A00035682D69BD42F6D000213046A847C0B269
:10F7B00004F8010FA345F3D108F101083568C244EC
:10F7C0002B69BB4212D10B208AF80000B9F1000F5F
:10F7D00003D0002003B0BDE8F08F3368114A9B6866
:10F7E000934217D1484603B0BDE8F08F012130465F
:10F7F0009847C0B2E8E70191984735680A4FEB682F
:10F800000199BB42BDD041F00101C9B230469847D1
:10F810003568B6E7304698474846DBE76FF47A70BC
:10F82000D8E700BF15F602001DF60200014B036089
:10F83000704700BFCC4A04000EB42DE9F04787B0F2
:10F840000FAB054653F8046B0093317849B1252975
:10F850000CD02B680136DB6A28469847317800299E
:10F86000F5D107B0BDE8F04703B07047009B717851
:10F87000D3F80090632903F10403009306F1020614
:10F880007ED015D9732969D0782964D0642941D0F4
:10F890002B683F21DB6A284698472B683F21DB6AAB
:10F8A000284698472B683F21DB6A28469847CCE7D3
:10F8B00025294BD05829EBD14FF000081C270824EC
:10F8C0004FF0000A10E0B8F1000F3CD003F15701EF
:10F8D0002B682846DB6A98474FF0010A013C14F078
:10F8E000FF04A7F10407B0D029FA07F303F00F03D0
:10F8F00003F13002392AD1B2E5DC302AE8D13021D7
:10F900002846BAF1000F01D1012CE7D12B68DB6A40
:10F910009847E3E7002301A94846CDE90133CDE943
:10F9200003330593FEF748F89DF8041000298CD0A6
:10F930000DF105042B682846DB6A984714F8011B73
:10F940000029F7D181E703F13701C1E72B68284689
:10F95000DB6A984779E74FF00108AFE799F80010A4
:10F9600009F1010900293FF470AF2B682846DB6AD2
:10F97000984799F8001009F101090029F5D164E7C9
:10F980002B685FFA89F1DB6A284698475DE700BF7C
:10F99000C388DB0600D4704710B5044684B0818864
:10F9A00001230422684603F029FFE38823F01003B3
:10F9B000E38004B010BD00BFC3885B073CD52DE9D0
:10F9C000F0410369B3F90270002F84B00E4605467A
:10F9D00015DD00F11008002401E0A7420FD021B28C
:10F9E000404604F0B1FBB04204F10104F5D101231B
:10F9F0001A46A988684603F001FFA742EFD1EB8BB6
:10FA0000297F288C5A1C92FBF1F301FB13239BB234
:10FA1000984212D0EA8BA96992B28E546A69EB833C
:10FA2000002A02DBEB8B9A4210D0EB8843F01003E4
:10FA3000EB8004B0BDE8F0817047A9880123032260
:10FA4000684603F0DBFE04B0BDE8F0814FF0FF3301
:10FA50006B6102220123A988684603F0CFFEE4E728
:10FA6000C3881B0700D4704730B5838D416A026894
:10FA70009BB20446C95CD26A85B09047A58D94F8C4
:10FA80002820618D6B1C93FBF2F502FB1535ADB29E
:10FA9000A94202D0A58505B030BD0123022240F263
:10FAA000FF31684603F0AAFE236801211B6A204645
:10FAB0009847EFE72DE9F047B2F1000A054629DD46
:10FAC0009946408D01F1FF38002608E06B6A18F86E
:10FAD000012F1A540136B2456C8520461BD095F88B
:10FAE0002870AA8D431C93FBF7F407FB1434A4B2CF
:10FAF0009442EBD12B680121DB6928469847B9F184
:10FB0000020F1FD0B9F1010F0DD0B9F1000F02D0D3
:10FB1000688DDBE700262B682846DB6901219847C2
:10FB20003046BDE8F087688D06E095F82830AA8D4C
:10FB300003449B1A002BC9DDAB8D9842F5D3AB8DE6
:10FB4000C31AF7E7494640F2FF30FEF769FD688DBA
:10FB5000BCE700BFC3885A0770B5044607D50368E1
:10FB600000211B6A9847A069FEF788FFE388207F81
:10FB700023F004039DB2E580FEF75AFFA06160B157
:10FB80002368002645F00405DB69E580E6832684CA
:10FB9000204631469847304670BD6FF47B7070BD8B
:10FBA00038B5C3881A07054607D5036801211B6AC3
:10FBB0009847686AFEF762FFEB8895F8280023F003
:10FBC00008039CB2EC80FEF733FF686230B100207E
:10FBD00044F00804EC806885A88538BD6FF47B701C
:10FBE00038BD00BF2DE9F047164D056000250446DD
:10FBF000456091468A461F469DF82060BDF82480E6
:10FC0000FDF7CCFF104B2360C4E902A904F11000FA
:10FC100004F05AFAE288E583013701364FF0FF33EA
:10FC200042F48042277784F82860A4F80480A56114
:10FC3000656225846585A5856361E2802046BDE80F
:10FC4000F08700BFA0490400004B04002DE9F041FB
:10FC5000C788BC071DD4002A1DDDE1B1984647F0D6
:10FC60000203C3803B07044615460E460BD54346A8
:10FC70002A4631462046FFF71DFFE38823F00203A2
:10FC8000E380BDE8F081FFF78BFF0028EFD0BDE8EF
:10FC9000F0810248F5E76FF47A70F2E70DFCFFFFA0
:10FCA00010B40C681346211DB4F902205DF8044B12
:10FCB000FFF7CCBF38B50B1E07DB1D4603685B6A38
:10FCC0000446984700B9256338BD6FF47A7038BD93
:10FCD000F8B5C3889C074AD1858D448D43F0030352
:10FCE000AC42C3803AD3838DE31A17460268002BD7
:10FCF0000E460446156A03DD0121A84723681D6AE4
:10FD000000212046A84723683A4631469B6A204690
:10FD1000984723680021DB6920469847A28D638DB0
:10FD2000934221D294F82820A18D13445B1A002B12
:10FD300004DD23680121DB6920469847256B002DEF
:10FD400006DB236829465B6A2046984700B925638D
:10FD5000E38823F00303E3800020F8BD90F8283007
:10FD6000858D1C44631BC0E7A28D9B1ADFE7014809
:10FD7000F8BD00BF0DFCFFFF012A1ED0022A38B5D6
:10FD800009D0C38B027F194491FBF2F302FB1311DC
:10FD90004161002038BD05460C4680881146FEF7BB
:10FDA0008BFAE98B2A7F214491FBF2F302FB1311BA
:10FDB0006961FEF705FC002038BD6FF47A7070476A
:10FDC000012A0FD038B514460546103004F082F9E8
:10FDD000022C01D0002038BDA8880121FEF720FCAC
:10FDE000002038BD6FF47A70704700BF2DE9F04FE6
:10FDF00087B0CE8800AFF507C7E9013060D474073B
:10FE00008946154640F1D780B9F820A0B9F81E30D0
:10FE100046F001069A45A9F8066058D02B68D9F833
:10FE20001810B3F902205646731C002A11F80680F8
:10FE3000FB602ADD4FF0000B4FF0FF340FFA8BF11F
:10FE4000284604F081F92A68B2F902200BF1010B6F
:10FE5000404508BF34465A45F0DC99F81C30F96833
:10FE6000B9F81E8091FBF3F61FFA88F803FB16160B
:10FE7000B04500F0A880601C54D1D9F81810731C4C
:10FE8000002A11F80680FB60D4DC99F81C30F86871
:10FE9000B9F81E8090FBF3F61FFA88F803FB1606EC
:10FEA000B045C1D17B68012B00F094807B68022BA8
:10FEB00013D0B9F80660B86826F00106A9F8066004
:10FEC00004F002F9B8681C37BD46BDE8F08F7B68C6
:10FED000012B00F0BA80022BEDD1294607F1140066
:10FEE00004F0EAF807F1140102224846FFF768FF20
:10FEF00007F1140004F04EF8B9F81E4014F1FF3475
:10FF000002D299F81C40013C07F1140004F0DCF81F
:10FF100007F1140109F1100004F0DCF807F11400F6
:10FF200004F038F8002CB9F80660C4DB99F81C50CE
:10FF30005445BABFA5EB0A0BA344A4EB0A0B0BF183
:10FF4000080323F00703E846ADEB030D00216846E4
:10FF50000BF10102A4B212F037FCA2456946D9F8B0
:10FF600018000FD00DF1FF320AF1010C9CFBF5F3E4
:10FF700005FB13C310F80AC002F801CF1FFA83FA79
:10FF80005445F1D1B9F82030B86801335B4426F00C
:10FF9000010693FBF5F205FB1235A9F806600FFA8E
:10FFA0008BF2A9F8205004F06DF8C546B8681C37EC
:10FFB000BD46BDE8F08F0846FFF7CCFD002837D1DD
:10FFC000B9F8066020E77B68012B29D1611CA9D113
:10FFD000D9F81810B9F81E309845FBD008F1010384
:10FFE000002A11F80860FB6027DD4FF0000B4FF08E
:10FFF000FF340FFA8BF1284604F0A6F82A68B2F90C
:020000040003F7
:1000000002200BF1010BB04208BF44465A45F0DC18
:1000100099F81C30F96891FBF3F803FB1818D5E741
:100020007B68022B7FF47EAF631C7FF47BAF54E7C9
:100030000146B86803F0CEFFB8E799F81C30F868BD
:1000400090FBF3F803FB1808C4E72B68D9F81810E5
:10005000B3F90220D046BDE7C3885B0710B504465C
:1000600005D5E38B208CC01A18BF012010BDFFF707
:1000700071FD0028F5D010BD38B50446F1B1012955
:100080000D460FD12046FFF7E7FF0028FAD0238C5A
:10009000A269217FD05C013393FBF1F201FB1233A3
:1000A000238438BD0229F2D1FFF7D6FF0028EED114
:1000B0002A4601212046FFF75FFEE8E7FFF7CCFF65
:1000C0000028E4D1004838BD0CFCFFFF38B5C388D8
:1000D000DA0712D443F001025B0704460D46C280E2
:1000E00002D4FFF737FD38B929462046FFF7C4FF91
:1000F000E38823F00103E38038BD014838BD00BF29
:100100000DFCFFFFB0F806C01CF0010F2DE9F04117
:1001100068D198461CF0040F4CF0010306461746C0
:100120000D46C3802BD0B8F1000F11D1002F57DD41
:10013000013D444604E00134A74205F8010F17D001
:1001400000213046FFF798FF10F57D7FF3D10FE0D7
:10015000B8F1010F1CD1002F42DD6C1EE519012101
:100160003046FFF789FF04F8010FAC42F7D13C4657
:10017000F38823F00103F3802046BDE8F081FFF708
:10018000E9FC04460028F7D1B8F1000FCED0DFE734
:10019000B8F1020F24D1F38B318C994285BF337FA4
:1001A000F28BF38B9B185B1A9F420CDDF38B994209
:1001B00085BFF28B337FF38B9B18591A791A022271
:1001C0003046FFF7D9FD002F0ADD6C1EE51902212C
:1001D0003046FFF751FF04F8010FAC42F7D1C6E7F4
:1001E0000024C5E7004CC7E70DFCFFFF2DE9F041F7
:1001F0001446083222F0070200AFADEB020D0E46A6
:100200009846621C00210546684612F0DDFA434616
:10021000224669463046FFF775FF002808DD02B226
:100220006946284603F02EFF2846BD46BDE8F0810A
:10023000284603F049FF2846BD46BDE8F08100BFCF
:10024000C388DA0711D4FF2918BF013110B543F074
:100250000103044618BFC9B2C3800177FFF77AFCD7
:10026000E38823F00103E38010BD0148704700BF1D
:100270000DFCFFFFC3889A0712D4FF2918BF013174
:1002800010B543F00203044618BFC9B2C38080F81A
:100290002810FFF785FCE38823F00203E38010BDFC
:1002A000004870470DFCFFFF007F7047828D438D33
:1002B000934237BF90F82820808D808D9B18181AA4
:1002C000704700BF10B5074B044640F8103B03F0E1
:1002D00061FE054B236000232046E380FDF7CEFC42
:1002E000204610BD004B0400A049040008B5C068BA
:1002F00003681B6B9847002008BD00BF08B5C068A5
:1003000003689B6A9847002008BD00BF2DE9D847C5
:1003100004469246994606F029FFE66894F8118053
:1003200034683046A36CE76B98474B465246002B27
:1003300008BF0A2A38BF0A22024441463046B8475D
:10034000BDE8D84706F004BF70B5044606F00EFFBE
:10035000E06803689B6C9847D4E90151D4E908230D
:100360006060401B1518084443F10006B0F57A7F21
:10037000C4E90856A0600CD3D4E906230132A0F5E5
:100380007A7043F10003B0F57A7FF7D2C4E906230F
:10039000A060BDE8704006F0DBBE00BF2DE9F84F5D
:1003A0001646426BBDF82880BDF82C909DF830A011
:1003B000002A10DDC46A1F46238A83B104F11803A2
:1003C000002102E033F8085C4DB1013191421C4636
:1003D00003F11803F6D16FF47B70BDE8F88F054682
:1003E000FFF7B2FFD5E9082312EB060B43EB070C2E
:1003F000BAF1000F22D1002001460D9BA4F8108015
:10040000C4E90001C4E902BCA4F81290636106F0DB
:10041000ADFE296B39B1D4E90223D1E902018B4247
:1004200008BF824205D22C6332463B462846FFF77E
:100430006DFF06F08DFE0020BDE8F88F304639468E
:10044000DBE700BF2DE9F003456BC36A00218D4255
:1004500001631EDD0A461C8A013254B139B1D3E969
:100460000267D1E902894F4508BF464501D20363BF
:100470001946AA4203F11803EDD151B1036A8A6803
:10048000D21A0A2AB8BF0A22D317BDE8F003FFF731
:100490003DBFBDE8F00370472DE9F04F83468BB0B8
:1004A00059B1C468067C236820469A6CDD6B90477E
:1004B000394A314602442046A8475846FFF744FFD0
:1004C000DBF83420DBF82C40002A49DD0025AA4661
:1004D0001CE0D4E9006756EA0701628A46D1DBF8DE
:1004E00030000021A042218247D001210291CDE9B4
:1004F0000089194606A803F091F9DBF834200AF1C7
:10050000010A0135AA4204F1180426DD238A002BD2
:10051000F7D0D4E90201DBE90889894508BF8045A5
:10052000CDE90401D5D26369DB07EAD5FEF77CF992
:1005300060B1DBE90801194ED4E9022336184FF007
:1005400000074F41BB4208BFB24219D3DBF8342049
:100550000135AA4204F11804D8DCBAF1000FB1D178
:100560005846FFF76FFF0BB0BDE8F08FDDE90401DF
:1005700080197941C4E90201B7E7CBF83010B4E73C
:100580000123CDE900010293052240F2FF3106A8C4
:1005900003F044F9DAE700BF80969800A0860100D6
:1005A000074B1B6853B1197C084110F00101184634
:1005B00001D1FFF771BF0121FFF76EBF704700BF88
:1005C000D43E0020426BC36A02EB420203EBC2023C
:1005D00093424FF0000025D2198AF9B15969C90731
:1005E0001CD5D0B1F0B4D0E90245D3E90267AF42DF
:1005F00008BFA64238BF184618339A420BD9198A49
:100600000029F9D05969CC07F6D50028EBD1184656
:1006100018339A42F3D8F0BC7047184618339A4200
:10062000DAD87047704700BF2DE9784804460D4678
:1006300006F09CFDE06803689B6C98476368606007
:100640000646D4E90801A268F31A10EB030B134421
:1006500041F1000CB3F57A7FC4E908BCA3600CD368
:10066000D4E906010130A3F57A7341F10001B3F535
:100670007A7FF7D2C4E90601A360E06803681B6BC8
:10068000984706F065FD0023C5E90063D4E9080139
:10069000BDE878882DE9F84FDDE90A89044615465A
:1006A00006F064FD58EA090330D0D4E9082312EBC0
:1006B000080043EB0901C4E908014FF47A720023F2
:1006C0004046494611F02EFED4E9066716EB000AB3
:1006D00047EB010BC4E906AB404649464FF47A723A
:1006E000002311F01FFEA3681A44B2F57A7FA260BE
:1006F0000BD31AF1010AA2F57A724BF1000BB2F595
:100700007A7FF6D2C4E906ABA26065602046FFF7A7
:100710001BFED4E90889636BE56A03EB430305EB31
:10072000C30C18F10A0A4FF0000349F1000B6545AC
:10073000236314D333E05B4508BF524501D2C5E9BA
:1007400002AB236B3BB1D3E90201D5E902238B4213
:1007500008BF824200D225631835AC451FD92B8AC9
:10076000002BF9D0D5E9006756EA0701D5E9022345
:10077000E1D012EB060843EB0709D94508BFD04585
:1007800002D3DEE78046894616EB080047EB0901F5
:10079000594508BF5045F5D3C5E90289D1E7E0685E
:1007A00003689B6C98470546E068094A0368217C0A
:1007B000DB6B2A449847236B33B1E068617C0368A4
:1007C00005F10A02DB6B9847BDE8F84F06F0C0BCA4
:1007D00080969800704700BF064B10B51C682CB17E
:1007E0002046FFF7B1FDD4E9060110BD002000212D
:1007F00010BD00BFD43E0020064B10B51C682CB1C4
:100800002046FFF7A1FDD4E9080110BD002000211A
:1008100010BD00BFD43E002070B50A4C266884B0DD
:1008200076B11D4614460B460246012108980390F6
:10083000CDE9004530460291FFF7B0FD04B070BD30
:100840000148FBE7D43E002016FCFFFF70B50E4DBB
:100850002C68B4B12046FFF777FD0C4B266A42F2B4
:10086000107098472C682046FFF76EFD236A0849F0
:10087000053B9B1B42F210720020B2FBF3F30B60AE
:1008800070BD044870BD00BFD43E00206120002030
:10089000D03E002016FCFFFFF8B50D464374164607
:1008A0000A231E4A1E49016004464363C56006745C
:1008B0000121F0201460FEF701F92B68194FDA6965
:1008C000E062002100202163BA424FF00001C4E938
:1008D0000601C4E908011AD1134AEA603146134AF5
:1008E000DB6B28469847E06803685B6A9847E068D6
:1008F000036800229B6CA2609847E36860601A68F6
:100900001846936A9847FFF7A1FF2046F8BD28468E
:1009100005499047E5682B68E0E700BFD43E00201A
:10092000444B040015640200A10503008096980062
:100930002DE9F843124D2E6806B3124B0446186891
:10094000A8B93046FFF700FDD6E9086716EB0408A2
:1009500047F100092C682046FFF7F6FCD4E908238C
:100960004B4508BF4245F5D30020BDE8F88304FBA2
:1009700000F0054B98470020BDE8F8830348F4E7F2
:10098000D43E0020D03E00206120002016FCFFFF56
:100990004FF47A7303FB00F0FFF7CABF064B1B68E6
:1009A0001BB101461846FFF73FBE00220023C0E9F5
:1009B0000023194610467047D43E002070B5094CFC
:1009C000266882B05EB114461D4602460B4630468C
:1009D000CDE90045FFF75EFE002002B070BD024881
:1009E000FBE700BFD43E002016FCFFFF084B1B684E
:1009F0005BB110B504461846FFF7E4FD20B1D0E91D
:100A00000223C4E90023012010BD1846704700BF2F
:100A1000D43E0020C3880D4A23F4005310B5044689
:100A20000260C3802C3002F043FF04F1240003F085
:100A3000B1FA04F11C0003F0ADFA054B236000236A
:100A40002046E380FDF71AF9204610BD544B040000
:100A5000A049040010B50446FFF7DCFF204611F062
:100A600051FE204610BD00BF012140F2FF30FDF7CE
:100A7000D7BD00BFF8B50025164B0360044645609E
:100A80000F461646FDF78AF8134B2360A76004F162
:100A90000C0002F003FE04F11C0003F015FB04F14E
:100AA000240003F011FB04F12C0002F009FF4FF4C5
:100AB000405384F8225084F83250A6802575E58290
:100AC000258325842585258684F83350E3802046B8
:100AD000F8BD00BFA0490400544B040000B5012339
:100AE00085B081881A46684602F088FE0123684670
:100AF0001A4640F2FE3102F081FE05B05DF804FBBB
:100B00002DE9F843044680680121103003F0ECF829
:100B100094F92230042B06DCE269B4F92010B2F912
:100B200002208A421ADCA06801335DB284F82250A8
:100B30000368DB6998470130854201D0BDE8F8833E
:100B4000E369002284F82220B3F90210B4F92030BE
:100B5000994234DD01332384BDE8F88304F11C009D
:100B600003F0F2FA014604F10C0002F0A9FD074679
:100B7000A06894F922600268C6F1040301269E4031
:100B8000D36998473D4600F1FF38A068F6B25FFA96
:100B900088F805376FEA050915F8013B334204D19F
:100BA000AF42F9D194F92230BEE709EB05021030CB
:100BB00012B2FF23414602F0C3FEA068F0E722759F
:100BC0002046BDE8F843FFF789BF00BF38B50446AB
:100BD000436AB4F92810B3F9023080688B4200F1FF
:100BE00010050FDC202100231A46284603F036F8B2
:100BF000626AB4F92830B2F902209A4208DB013364
:100C0000238538BD04F1240003F09EFA0146EAE78B
:100C1000002323752046BDE83840FFF75FBF00BFC3
:100C200010B50446806882B0103002F07FFEA068E4
:100C3000B4F930200023103004F12C01009302F0AD
:100C400077FF50B994F833303BB100232046237529
:100C500002B0BDE81040FFF741BF94F93230002BDD
:100C6000F3D0218E01220B44238684F8332002B076
:100C700010BD00BF30B504468068B4F93050036839
:100C800083B0DB699847E36A94F932105B88CB1A2A
:100C9000184485420DDC94F8333053B1237D062B84
:100CA0002ED000232046237503B0BDE83040FFF767
:100CB00015BFB4F93020A068002A00F1100010DC44
:100CC0000023009304F12C0102F032FF94F932303A
:100CD0007BB1218E01220B44238684F8332003B09C
:100CE00030BD494203F000F8A068B4F9302010305C
:100CF000E6E723752046FFF7F1FE94F93230E8E786
:100D0000A068103002F012FECBE700BF037D002286
:100D1000022B10B5044602831CD0237D032B1ED06A
:100D2000237D042B21D0237D052B06D0237D062B8C
:100D300003D0237D072B06D010BD2046FFF79AFF76
:100D4000237D072BF8D1002323752046BDE81040F2
:100D5000FFF7C4BEFFF7D4FE237D032BE0D120466E
:100D6000FFF734FF237D042BDDD12046FFF758FF2A
:100D7000D9E700BF037D33B1038BC18A04339BB233
:100D80009942038300D97047FFF7C0BF10B5037DB8
:100D900084B0044673B1012300220275A1881A466B
:100DA000684602F02BFD012368461A4640F2FF31E7
:100DB00002F024FDA068103002F0B8FD04B010BDB0
:100DC00010B5012104460720FDF72AFC064B984286
:100DD00005D010BD237D012BFBD006F0CFF9237D7C
:100DE000002BF7D110BD00BF16FCFFFF38B5151E54
:100DF00016DB037D13B1037D012B0FD10446806800
:100E0000002310301A4602F029FF2DB100200723DD
:100E1000E5822083237538BD284638BD024838BD99
:100E20006FF47A7038BD00BF12FCFFFF70B582B05E
:100E3000079D002D1BDB047D14B1047D012C14D112
:100E4000069E04468068F6B21BB212B210300096BD
:100E500002F06EFE35B100200723E5822083237562
:100E600002B070BD284602B070BD0248F8E76FF4CA
:100E70007A70F5E712FCFFFF70B5151E82B01DDB1E
:100E8000037D044633B1037D012B03D00191FFF7AD
:100E9000EBFD0199237D03F0FF066BB92A4620463E
:100EA000FFF7A4FF2DB12046FFF78AFF304602B0BE
:100EB00070BD284602B070BD0248F8E76FF47A7042
:100EC000F5E700BF11FCFFFF2DE9F04186B00D9D55
:100ED000002D2CDB1F46037D1646044633B1037DEF
:100EE000012B03D00391FFF7BFFD0399237D03F08E
:100EF000FF08D3B905A802F0E9FC0C9B009301950B
:100F00003B46324605A92046FFF790FF05A802F0B0
:100F1000CFFC35B12046FFF753FF404606B0BDE891
:100F2000F081284606B0BDE8F0810248F6E76FF48C
:100F30007A70F3E711FCFFFF70B5161E14DD037D18
:100F400013B1037D012B0DD10025044680F82250FA
:100F500005841C3003F0BEF8022325832846E68270
:100F6000237570BD024870BD6FF47A7070BD00BF0C
:100F700012FCFFFF70B5161E84B021DD037D044610
:100F8000A3B9237D03F0FF05C3B903A803F094F8C8
:100F9000324603A92046FFF7CFFF03A802F0FAFF6D
:100FA0002046FFF70DFF284604B070BD037D012BDE
:100FB000E7D00191FFF758FD0199E2E70248F3E716
:100FC0006FF47A70F0E700BF11FCFFFFF0B583B05B
:100FD000171E089E2FDD047DFCB916F1FF0F044695
:100FE000C3F100051ED036B284F83250268604F1D3
:100FF0002C0002F08BFC099B002D18BF3D46002BF6
:1010000007F1FF320CBF052306230020E58222836F
:10101000237584F8330003B0F0BD047D012CDCD0CF
:101020000648F8E7806801910368DB69984746192C
:1010300036B20199D8E76FF47A70ECE712FCFFFF43
:10104000F0B5161E87B027DD1F46037D0446CBB9D9
:10105000227D02F0FF05EAB905A802F037FC0D9BDE
:1010600001930C9B009332463B4605A92046FFF7AF
:10107000ADFF05A802F01CFC2046FFF7A1FE2846A4
:1010800007B0F0BD037D012BE2D00391FFF7ECFC2C
:101090000399DDE70248F3E76FF47A70F0E700BFE9
:1010A00011FCFFFFC08800F00100704710B5034B32
:1010B00003600446FDF71AFE204610BD784B04007D
:1010C00010B5054B03600446FDF710FE204611F0F5
:1010D00019FB204610BD00BF784B0400C388DB0419
:1010E00000D470472DE93048036888B01B6A044675
:1010F0009847227CE38878B10B2A04D80132D2B217
:10110000082A22740ED9D9071ED503F00305012D34
:101110002CD008B0BDE8308832B1013AD2B2082AEA
:101120002274F0D8012AF0D8DA07EED523F00303B1
:10113000E38002220123A188684602F05FFB657C00
:10114000012D2CD0E388E0E743F001020123E28087
:10115000A1881A4604A802F051FB23890133238198
:10116000FFF73AFB227CE388E060DBE7FFF734FB24
:10117000E368B0EB030B61F1000C002340F2DB529B
:10118000634508BF5A45C4D2E288A18842F00202F2
:10119000E2802B46052204A802F030FBB9E7FFF7F6
:1011A0001BFBE368B0EB030B61F1000CBCF1000F1B
:1011B00008BFBBF57A7F2B462CBF04220322A188EF
:1011C00004A802F01BFBBDE710B5044684B0E9B9E2
:1011D0004269D288930502D4002004B010BD036890
:1011E0001B6A98470028F7D0E288A188012342F0C3
:1011F00001020320E28020741A46684602F0FEFADB
:1012000001232381FFF7E8FAE060E5E7C2880021C7
:1012100022F00302C28001810174002004B010BDDD
:1012200010B504464069074A03685B68934207D1DA
:101230006FF47D70A37C181AB0FA80F0400910BDDD
:101240009847F7E7399802002DE9F84304460D4620
:101250009DF820609DF8247091469846FDF762FD48
:1012600000222274A4F80490EB880F49E260012E5A
:101270000CBF43F4807323F48073656184F811809C
:10128000A6742160EB802B68084A1B6C934206D140
:10129000E38843F40053E3802046BDE8F8833946F1
:1012A00028469847F4E700BF784B0400F598020001
:1012B0004174704703681B6B184700BFA0F14400DE
:1012C000FFF7F8BF38B503894FF4FA61044601FB14
:1012D00003F14D48FDF7ACFC4C4AA17A0346A2FB52
:1012E00003239B0923814A48FDF7A2FCD4F88C30E4
:1012F000A0721A682189A4F84C10D569B4F894102A
:1013000018462A220023A84700285AD1D4F88C0076
:10131000B4F8941003685B22DD691F23A8470028F6
:101320005ED1D4F88C00B4F8941003685C22DD69B7
:101330002023A847002858D1D4F88C00B4F8941082
:1013400003682C22DD690123A847002852D1D4F874
:101350008C00B4F8941003682D22DD690123A8479E
:1013600000284CD1D4F88C00B4F8941003682E22D5
:10137000DD690123A84748BBA17A2548FDF738FC61
:10138000D4F88C20B4F894101568C3B2ED691046F7
:101390000E22A847F8B923891B484FF47A7101FB44
:1013A00003F1FDF725FCD4F88C20B4F894101468F0
:1013B00040F00103DBB21046E4692A22A04700B9DD
:1013C00038BD1448FCF792FD134838BD1348FCF7AC
:1013D0008DFD114838BD1248FCF788FD0E4838BD18
:1013E0001048FCF783FD0C4838BD0F48FCF77EFD24
:1013F000094838BD0D48FCF779FD074838BD0C4851
:10140000FCF774FD044838BDA44B0400D34D6210B2
:101410009C4B0400044C04000EFCFFFFA44C040091
:10142000C44C0400244C0400444C0400644C0400EC
:10143000844C0400A0F14400FFF744BF10B5074BF3
:1014400003F1080248330446026040F8443FFDF7C8
:10145000E5FE2046FDF784FC204610BDE84C040064
:10146000A0F14400FFF7EABF094B10B503F10802F1
:1014700048330446026040F8443FFDF7CFFE204663
:10148000FDF76EFC204611F03DF9204610BD00BF6F
:10149000E84C0400A0F14400FFF7E6BFF0B50446B5
:1014A000D0F89000E38802683D495268C58843F44B
:1014B00080438A4289B0E380C5F3002512D1002021
:1014C00085420BD0D4F88C0094F894100368002265
:1014D0009B6A984700F00700072808D00025284697
:1014E00009B0F0BD9047B0FA80F04009E8E7D4F8C1
:1014F0008C00B4F8941003680C250122CDE9005249
:1015000002AE5D6A3346A8470546002846D1034629
:1015100005AAF118D018F75C49784770D154023306
:101520000C2BF6D1A07ABDF81630BDF81420BDF80A
:10153000181013FB00F35B4212FB00F2002BB8BF44
:101540001F33002AB8BF1F3211FB00F15B1152118B
:101550000029A361E261BDF91E30BDF91A20BDF872
:101560001C00B8BF1F31491102EB820203EB830359
:10157000216202EB820203EB83034FF69C7110FBA6
:1015800001F192009B00C4E91F23A1672046FDF7EB
:10159000C7FD04F14400FDF75DFEA0E7014D9EE7A5
:1015A000399802000EFCFFFFA0F14400FFF776BF60
:1015B0002DE9F843BDF82890BDF8206004461D468B
:1015C000884617461946BDF82420FDF72DFC4A46EB
:1015D000294604F14400FDF795FE094BC4F88C80C0
:1015E00003F108024833C4F89070A4F894602260B4
:1015F00063642046FFF766FE2046BDE8F88300BF1F
:10160000E84C040008B50368C9B29B6A0D229847EC
:10161000A0F1C700B0FA80F0400908BD0020704773
:101620006FF47D70704700BF10B50446806830B11C
:101630004FF480720021BDE8104011F0C5B84FF49E
:101640008070FDF7F5F94FF48072A0600021BDE8CD
:10165000104011F0B9B800BF70B504464068204A88
:1016600003681E6984B000239642CDE900336D46BD
:101670001DD11C4B0093204600230193FFF7D4FF9C
:1016800095E8030002AB83E8030003CBA368164D83
:1016900018605960D4E9001003689A69AA4211D110
:1016A0005D69124B9D4215D1019804B070BD0223B3
:1016B00022682946B0470B4B009A9A42D9D101982B
:1016C00004B070BD9047D4E9001003685D69074B12
:1016D0009D42E9D0A2684023A847019804B070BD9C
:1016E000F1C40200A10D0C0021160300F9C4020090
:1016F000F8B50446171E4FF000000E46C4E901106D
:101700000B680EDB1968194DA94218D19B6818495E
:101710008B4205461BD125602046FFF79DFF2046E2
:10172000F8BD5A6813498A421BD105469B68104A86
:101730009342F0D03046984700FB1755EBE7304610
:10174000884733680A499B688B420546E3D0304698
:10175000984700FB075525602046FFF77DFF204690
:10176000F8BD3046904733680546DFE7E9C402001C
:101770001D160300EDC402002DE9F84F8A4681468C
:10178000FFF76AFF804688B33020D9F8005010F088
:10179000C0FF30220021074611F016F8B8F1000F03
:1017A00005F108051FDDDFF858B0002408E03946D0
:1017B000504611F03BF8303598B10134A04519D0AE
:1017C000D9F8040003681E695E45F0D02A460C2350
:1017D0003946B0473946504611F028F830350028D0
:1017E000EBD1A04506D03846BDE8F88F074638460D
:1017F000BDE8F88F384610F085FF0027F3E700BFFB
:10180000F1C402002DE9F04F0646C3B008460C466D
:1018100092461F4611F014F800F10109B9F1100FBA
:1018200000F2EC80202F00F2E98021463046FFF7DD
:10183000A3FF054660B13A465146103010F091FFC3
:1018400080462846B8F1000F00F0A38010F05AFF40
:101850004A46214606A810F093FF3A4651460AA888
:1018600010F08EFF3046D6F800B0FFF7F5FE3022BC
:101870008146002112A810F0A7FF3046FFF7D4FEE2
:10188000B9F1000F0BF1080740F3B6804FF00008E4
:10189000CDF804800DF1A80A706803681C695A4BE2
:1018A0009C4240F0998006A912A810F0BFFFA7EB58
:1018B0000B0CD6F808E0002871D1544ACDE9022972
:1018C00002AB03CB06ADCEF80000CEF804100FCD6E
:1018D0001EAC0FC40FCD0FC495E80F0084E80F00B5
:1018E000B3681EAC9C4425460FCD5545CCF800008E
:1018F000CCF80410CCF80820CCF80C302C460CF1B5
:10190000100CF0D10123019308F10108C14507F142
:101910003007C1D109EB4904019BA400A71C3BBBC4
:10192000B9F1050F6DD0394A09F10103CDE904235E
:1019300004AB03CBB36806AC186059600FCC36AD6E
:101940000FC50FCC0FC594E80F0085E80F00B468F1
:101950000DF1D80C04EB870442AF65460FCDBD42B4
:1019600020606160A260E360AC4604F11004F4D131
:101970007068274C036831689A69A24237D15C6964
:10198000244B9C422DD14FF00008404643B0BDE8A7
:10199000F08F10F0B7FE404643B0BDE8F08F12ADB7
:1019A0000FCD54460FC40FCD0FC495E80F0084E847
:1019B0000F00F44455462C460FCCCCF80C3036AB17
:1019C0009C42CCF80000CCF80410CCF80820254646
:1019D0000CF1100CEFD197E70C233A4612A9A0475F
:1019E00061E7B2684023A0474FF00008D3E7904773
:1019F000D6E900100368C2E7022794E76FF47A780B
:101A0000C9E76FF47B78C6E7F1C40200A10D0C00B2
:101A100021160300F9C402002DE9F04FA1B0894658
:101A20000646FFF719FE002800F09B808046302212
:101A3000002108A8376810F0C7FE3046FFF7F4FD14
:101A4000494ACDE9022802AB03CBB368B8F1000FD5
:101A500007F108071860596076DD0025DFF818A146
:101A6000CDE900524FF0020B11E0019A08F1FF336B
:101A7000CDE9042304AB03CB01350123A845CEF8FF
:101A80000000CEF80410009307F1300731D07068E1
:101A900003681C6954453ED1494608A810F0C6FEAB
:101AA000D6F808E00028E0D00DF1200CBCE80F00CB
:101AB00014AC0FC4BCE80F000FC49CE80F0084E80E
:101AC0000F000EEB8B040DF1500EF446BCE80F0036
:101AD000E36020AB9C4520606160A260E64604F1B3
:101AE0001004F2D10135A8450BF10C0B07F13007BA
:101AF000CDD1009B43B370681C4C036831689A6970
:101B0000A2420DD15C691A4B9C4211D100231846A8
:101B100021B0BDE8F08F0C233A4608A9A047BBE7E7
:101B20009047D6E9001003685C69114B9C42EDD0E8
:101B300008EB48084FEA88030233B268A047002345
:101B4000184621B0BDE8F08F074BB268CDE90638E2
:101B500006AB03CB074B10601846516021B0BDE8BF
:101B6000F08F044BD3E700BFA10D0C00211603003A
:101B7000F9C402000CFCFFFFF1C4020003681B6BF8
:101B8000184700BF01892DE9F0414FF47A760446E9
:101B900006FB01F12848FDF74BF8284AA17A0346D5
:101BA000A2FB03239B0923812548FDF741F8656CBF
:101BB000A072E3882A68B4F84C80D76913F4807364
:101BC00020D1414628462022B84750BB606CB4F86B
:101BD0004C1003682222DD691023A847E0B9656C28
:101BE000A17A2B681648DE69B4F84C40FDF700F87E
:101BF00060F07F03DBB2214628462322B047A8B914
:101C0000BDE8F08121890C4806FB01F1FCF7F0FFEB
:101C100040F00703DBB2D4E70A48FCF767F90A484B
:101C2000EEE70A48FCF762F90748E9E70848FCF7DD
:101C30005DF90548E4E700BF684D0400D34D62102C
:101C4000604D0400084E04000EFCFFFFD84D040058
:101C5000384E040010B5034B03600446FDF780F8CE
:101C6000204610BD704E040010B5054B03600446BD
:101C7000FDF776F8204610F045FD204610BD00BF68
:101C8000704E040008B50246C38819B1D9050AD4BC
:101C9000002008BD9905FBD523F4007343F480436D
:101CA000D380002008BD016823F4824343F400730D
:101CB000C380CB6A9847002008BD00BFF0B5C38839
:101CC000DA0585B005462BD4026843F48243C3800D
:101CD000D36A98470126314FA86C0368C4885B68B3
:101CE000BB42C4F3002416D1002084424FF02702E7
:101CF0000DD0686C95F84C1003689B6A984710F0FB
:101D000008040FD1002EE7D1204605B0F0BD002E0B
:101D1000E2D13446F8E79847B0FA80F04009E4E7AA
:101D20000026D8E7686CB5F84C1003680622012439
:101D3000CDE90024A8225C6A02ABA047044608B1A2
:101D4000174CE1E7BDF90830BDF90A20BDF90C00D8
:101D5000AE7A2968002BB8BF1F33002AB8BF1F32E4
:101D600000284FEA63134FEA6212B8BF1F304011D8
:101D7000ADF80830ADF80A2016FB03F316FB02F2AB
:101D8000524216FB00F65B42ADF80C00C5E9062393
:101D90002E624B6B28469847B6E700BF3998020081
:101DA0000EFCFFFFF8B504460F4616461946BDF86F
:101DB0001C20BDF81850FDF737F8064A6764002369
:101DC000A664A4F84C502260E3802046FFF7DAFEB8
:101DD0002046F8BD704E040008B50368C9B29B6A7E
:101DE0000F229847A0F13300B0FA80F0400908BDF7
:101DF00003689B6A184700BF018938B54FF47A75AC
:101E0000044605FB01F11948FCF712FF184A034686
:101E1000A2FB03239B0999B205FB01F1238113481F
:101E2000FCF7E6FEE288B4F85010C3B2A06CD2050D
:101E3000026858BF43F00303D5696022A84780B900
:101E4000A06CE3880268B4F85010D469C3F300238F
:101E50006222A04700B938BD0648FCF747F806489B
:101E600038BD0648FCF742F8034838BDA84E0400C8
:101E7000D34D6210004F04000EFCFFFFD04E040053
:101E800010B5034B03600446FDF7C8F9204610BDAA
:101E9000384F040010B5054B03600446FDF7BEF94A
:101EA000204610F02FFC204610BD00BF384F040024
:101EB00008B50246C38819B1D9050AD4002008BD67
:101EC0009905FBD523F4007343F48043D3800020AD
:101ED00008BD016823F4824343F40073C380CB69D7
:101EE0009847002008BD00BFF0B5C388DA0585B06B
:101EF00005462BD4026843F48243C380D3699847D4
:101F00000126284FE86C0368C4885B68BB42C4F3B1
:101F1000002416D1002084424FF067020DD0A86C37
:101F200095F8501003689B6A984710F008040FD189
:101F3000002EE7D1204605B0F0BD002EE2D1344698
:101F4000F8E79847B0FA80F04009E4E70026D8E7C0
:101F5000A86CB5F85010036806220124CDE90024CE
:101F6000E8225C6A02ABA047044608B10E4CE1E7E8
:101F7000BDF90C30BDF80A00BDF808102A6803EB63
:101F80008303C3EB03135B00EB634FF66A7310FB31
:101F900003F011FB03F3C5E90D03D36A2846984704
:101FA000C8E700BF399802000EFCFFFFF8B50446F1
:101FB0000F4616461946BDF81C20BDF81850FDF70F
:101FC000A1F9054BA4F85050C4E9127623602046CD
:101FD000FFF712FF2046F8BD384F040082B08DE8AD
:101FE0000C00014802B0704716FCFFFF002070474C
:101FF0000029806905DD08B904E010B10139406AA3
:10200000FBD17047704700BF82B070B50C4684B0FA
:1020100005464968206802AC03C4039908AC48101F
:1020200084E80C00CB0745BF2A58029B029CD45879
:102030000AAB2E1893E803008DE8030008AB0CCB25
:102040003046A04704B0BDE8704002B0704700BF02
:10205000002943D02DE9F0418469002C3BD00D4686
:102060000646DFF88080002705E0A268AB689A4248
:102070000DD0646ADCB1AA88A38853409907F8D4CC
:102080009207F2D5A968A06802F0F6F8A8B12B88EB
:10209000BBB96B88DBB9B3680BB120469847A388FE
:1020A00043EA0803A380646A0137002CE3D1002FC0
:1020B000C8BF20460FDDBDE8F081AB889B07D8D4B0
:1020C000D3E722889A42D4D16B88002BE3D0628870
:1020D0009A42CED1DFE76FF47A70ECE76FF47A7052
:1020E000704700BF0080FFFF002971D0F0B5846900
:1020F00085B00D4606463CB966E0A388980708D52A
:10210000914219D0646A14B3AB8821682A689F078A
:10211000F3D49142F6D1A268AB689A42F2D1EA6850
:10212000E3689A42EED1A3881A0402D5C3F30E03E2
:10213000A380294805B0F0BDA968A06802F09CF80A
:102140000028DFD0EA68E3689A42DBD1EBE7D6F8F3
:1021500018C02A88BCF1000F2ED06046634600E00C
:102160000B461C88944211D2596A18460029F7D1AF
:1021700063451DD0596A69625D62012340F2FD31F9
:10218000684601F03BFB002005B0F0BD1ED16F8812
:102190005988B94204D319E04888B842E8D20B46BE
:1021A000596A0029E4D00888A042F5D06345E1D1FE
:1021B00019888A4202D26B62B561DEE7DAD15888AB
:1021C00069888842D6D9F6E70A88F5E70346CFE75B
:1021D0006FF47A70704700BF16FCFFFF2DE9F041E5
:1021E00083885F0782B0064603D59D062DD4DC06A2
:1021F00038D443F00403B38006F1100506F1180843
:1022000015E0F368009395E80F00A047B388DA065D
:1022100018D5346AB4B194E80F00276985E80F0037
:102220002046376210F06EFAFCF7CAF9B388B4683A
:1022300098070DD4D907E4D495E80F00A047B388D8
:10224000DA06E6D423F00403B38002B0BDE8F081DF
:1022500098E8030095E80C008DE80300204601F0A3
:10226000F3FFD3E700F1180393E803008DE80300C0
:1022700006F110030CCB3046FCF76EFCE5E700BF1F
:1022800070B51C4B8CB003F1080228330446026081
:10229000C36006A801F0D2FA0F231820029310F0B1
:1022A00038FA0025144A0092064601956A4603460C
:1022B00003CA46F80C4B114ADD60049375605A61FD
:1022C00058609960204602A91223ADF80C3005959C
:1022D000CDE90A55FFF7BCFE02A8FCF733FC084B1A
:1022E000658204F10C00E360FBF7C8FC20460CB0EB
:1022F00070BD00BF804F04007D250300092003004E
:10230000A0490400A0F10C00FFF7BABF10B50446C5
:10231000FFF7B6FF204610F0F5F9204610BD00BFCC
:10232000A0F10C00FFF7F2BFF0B5254B254A026083
:102330000025044683B0C0E9025305610C30FBF769
:102340002DFC214B236003F12002E260A561C4E96A
:102350000755E584282010F0DCF90646103001F01E
:102360006DFA1A4B3360182010F0D3F9184ACDE9F2
:10237000002507466A46034603CA47F80C4B154A30
:10238000DD604FF0C20C7D60586099602046314698
:102390005A61C6E90235C6E90855A6F804C0FFF738
:1023A000A3FE30B90C4B1A6802B91C60204603B07A
:1023B000F0BD3046FCF7C6FB304610F0A3F9F1E75C
:1023C000A0490400704F0400884F04000F00020071
:1023D0007D25030009200300E03E002038B50446B7
:1023E00004F0C4FEE5692DB12B69E36133B1E38CE0
:1023F000013BE38404F0ACFE284638BD2362F6E7D7
:102400002DE9F04184690CB3A388656A00271A049A
:1024100080463E4606D4264695B12C46A388656A7A
:102420001A04F8D55B07F6D46EB17562656A20466A
:10243000FCF788FB2046013710F064F9002DECD141
:102440003846BDE8F081C8F81850F0E7274638460E
:10245000BDE8F0812DE9F0418469002C44D0164696
:102460000D46DFF88C8001270CE0A38803F0C00341
:10247000A3F1C003B3FA83F35B09B34215D000277D
:10248000646A4CB323882988994201D0002BF7D184
:1024900063886A889A4201D0002BF1D1FBF704FFD0
:1024A0000028E2D10123B342E9D1B4F804E01EF4DC
:1024B000004FE4D195E80F0004F1100C1EF0400F1E
:1024C0008CE80F0002D1FBF7EFFE40B92046FFF782
:1024D00085FE646A002CD5D13846BDE8F0812146DE
:1024E0004046FCF731F9CBE701273846BDE8F081DB
:1024F000DD210300F0B5012287B00446066A0D46CF
:10250000FFF7A8FF10B9E38C092B01D907B0F0BD84
:1025100095E80F0002AD85E80F00182010F0F9F8DB
:1025200006AB074613E9030095E80C008DE80300AD
:10253000384601F0A9F904F019FE66B133693B6130
:1025400037613B695BB1E38C0133E38407B0BDE8DD
:10255000F04004F0FDBDE3693B61E761F2E727620B
:10256000F1E700BF82B008B502A9C1E90023FFF777
:10257000C1FFBDE80840002002B0704782B038B506
:10258000054604A981E80C00FFF73AFF2846FFF74B
:1025900025FF90B1044604E02846FFF71FFF0446DC
:1025A00058B1002221462846FFF754FF204610F07C
:1025B000A9F8FBF713FF0028EED1BDE8384002B0C0
:1025C000704700BF024B1888421C1A80704700BF3A
:1025D0000A230020C08800F00300A0F10300B0FA35
:1025E00080F04009704700BF82B070B50C4684B0DF
:1025F00005464968206802AC03C4039908AC48103A
:1026000084E80C00CB0745BF2A58029B029CD45893
:102610000AAB2E1893E803008DE8030008AB0CCB3F
:102620003046A04704B0BDE8704002B0704700BF1C
:1026300010B5034B03600446FCF758FB204610BD61
:10264000CC4F040010B5054B03600446FCF74EFB6D
:10265000204610F057F8204610BD00BFCC4F0400B4
:1026600082B070B588B00CA981E80C004289BDF831
:102670003050BDF83230954204460BD0022B27D0A3
:10268000052B00F08680012B78D008B0BDE87040A3
:1026900002B070478189022B0E461AD0052B5AD002
:1026A000012BF2D1C3888D4243F00103C38068D06F
:1026B000A9426AD003F00203002BE6D001231A4698
:1026C000A18804A801F09AF8238901332381DCE76B
:1026D0001646B24217D0A189B14265D0954267D063
:1026E000A3899D42194600F09C80A17B012900F03E
:1026F000C1809D4200F0AE809542C6D1E38823F0B0
:102700001003E380C1E7E38803F00103002BE5D069
:1027100001230222A188684601F070F863899D4276
:1027200000F09080A289A188AA4250D00123032200
:1027300004A801F063F86289B24203D1E38843F050
:102740001003E380A389B34200F08F80954266D0E6
:102750009D429AD168E0C3888D4243F00403C38050
:102760001AD0A9421CD003F00803002B8DD0A188F9
:102770000123052204A801F041F886E78689B542C5
:1027800003D1E38843F00203E380E38803F001030D
:1027900092E78689B54203D1E38843F00803E380DA
:1027A000E38803F00403E0E7E38803F00203ADE706
:1027B000E088C6061FD5A38920F0010189B29D4299
:1027C000E18028D02A4621F00401E18091E7E288E7
:1027D00002F008000028A9D0B34238D0A389B34240
:1027E000A4D102F00802002AA0D00123042204A8E8
:1027F00001F004F89FE7A37B012B3ED100F0040316
:10280000002B37D001230422294604A800F0F6FF4C
:102810006289A3899AE720F0030189B2D2E7E088B0
:10282000CAE7E38898062BD5E38823F0020189B232
:102830009542E1802AD023F00A039BB223F02003C3
:10284000E38022E7E288A18802F00400C2E702F0F8
:102850000402C8E7E18821F008039BB29542E380B7
:1028600004BF21F018039BB2E8E7E18841F02001A2
:10287000E1806BE701230322C6E7A1890B4665E7E8
:10288000A07B0128FAD103F00803B9E72B469AE7A9
:10289000817370472DE9F04F83B0DDE90C9ABDF8E4
:1028A0003870002B40D0B9F1000F3AD00F2901D178
:1028B000C02F39D1804628201D460E4693460FF082
:1028C00028FF0446103000F0B9FF18202680A4F835
:1028D00002B00FF01EFFCDE9009A06466B46024695
:1028E00003CB46F80C5B0023D8F80050D360E360BC
:1028F0007360506091606D6811491248A26047F0A2
:1029000002078D42A780C4E9083350610FD12046E9
:10291000FCF718F920460FF0F5FE0B4803B0BDE8B0
:10292000F08F1AF0010FC1D16FF47A70F6E74046CC
:102930002146A8470028EAD103B0BDE8F08F00BFC8
:10294000D9730200E925030016FCFFFF2DE9F047CB
:102950001C4F044688B0884616461D46FCF7E2F92F
:102960003A681949A5800025A4F80A80A68121604B
:10297000A57312B3DFF854A0CDE904A504AB93E826
:1029800003004FF0C0098DE803002346414610467E
:10299000CDF808902A46FFF77DFFCDE906A508ABE4
:1029A00013E903003F68CDF808908DE803002A463C
:1029B000234638463146FFF76DFF204608B0BDE894
:1029C000F08700BFE03E0020CC4F040061260300EA
:1029D000C388DB0606D4D0E907038342B4BF0020D6
:1029E000012070470020704710B504468069054BF0
:1029F0002360036821461B6A98472046FEF756FB72
:102A0000204610BDF44F040010B50446FFF7ECFF5C
:102A100020460FF077FE204610BD00BFF0B50C89B0
:102A2000164683B000251F4622460123CDE90055F6
:102A30000446FEF709FC33680A4A2562C4E90667C2
:102A40002260DB69304621469847AF4207DAE388C7
:102A5000E56143F010034FF4FA72E38022622046EE
:102A600003B0F0BDF44F0400F0B41D4DC6884A0019
:102A700085FB0234D317C3EB6414F3061FD5C36977
:102A80004BBB6222164F056A02FB01F187FB013244
:102A9000CB17C3EB62132344013DC0E9073565B989
:102AA00003EB830287FB0217D217C2EB67120233D4
:102AB00026F010061344C680C361F0BC7047622242
:102AC00002FB01F185FB0123C917C1EB631323440A
:102AD0000362F0BC70479942B8BF1946D1E700BF06
:102AE0001F85EB5130B4456B002D0DDD8368994295
:102AF0000ED000F10802002303E052F8044F8C428C
:102B000007D001339D42F8D16FF47A7030BC704722
:102B10000023AA1C023350F8222040F82320013D54
:102B20004563002030BC704782B070B50C4684B05D
:102B300005464968206802AC03C4039908AC4810F4
:102B400084E80C00CB0745BF2A58029B029CD4584E
:102B50000AAB2E1893E803008DE8030008AB0CCBFA
:102B60003046A04704B0BDE8704002B0704700BFD7
:102B700082B02DE9F04F81B00AA981E80C00426BC8
:102B8000002A064619DDDFF8D880051D002401273C
:102B900003E0A24283F824700FDD55F8043F586922
:102BA0000168496C414504F10104F2D08847726B19
:102BB0002B68A24283F82470EFDC0120FCF78CF82C
:102BC000306BDFF8A09003681B684B453DD14FF098
:102BD000000B726B214FD846002A26DD0024A24646
:102BE000351D02E00134A24218DD55F8040F90F8BB
:102BF0002430002BF6D0426913685B68BB421ED1BB
:102C0000C3695B4504DC80F824805946FFF72CFF3C
:102C1000726B0134A2420AF1010AE6DC9344BAF174
:102C2000000F02D0BBF57A7FD6DD306B03681B68DE
:102C30004B450DD101B0BDE8F04F02B070471046D2
:102C4000984701282868DED0DAE701219847BEE7D7
:102C5000002101B0BDE8F04F02B0184739980200DA
:102C6000FD9802003198020070B5446B0A2C24D004
:102C7000002C0DDD8368994218D000F10802002372
:102C800003E052F8045F8D4210D001339C42F8D12A
:102C90004A690B4D13685B68A61CAB4204F1010442
:102CA00040F82610446304D1002070BD6FF47A70A0
:102CB00070BD10469847002070BD6FF47B7070BDEA
:102CC0003998020070B5074B036000250446456043
:102CD0000E46FAF763FF044BA680C4E90C55236047
:102CE000204670BDA0490400205004002DE9F041A9
:102CF000044682B00E46154610309846BDF828703E
:102D000000F09CFD2680658018200FF002FD08ABC6
:102D1000054693E803006A4682E803002E4603CA8C
:102D200046F80C8B0023084AEB6047F002077360FB
:102D300068602046A780A560E360C4E90833A96005
:102D40006A6102B0BDE8F081292B030070B5174A13
:102D5000174B1568036090B00446C5B101222423C7
:102D6000CDE9043204AB93E80300A38810268DE874
:102D700003000296194606A82346FFF7B7FF2B6803
:102D80000C4A9B6893420CD106A8FBF7DBFE0A4B6A
:102D9000236000232046E380FAF770FF204610B03E
:102DA00070BD284606A99847EEE700BFE03E002028
:102DB00020500400E1730200A049040010B504464D
:102DC000FFF7C4FF20460FF09DFC204610BD00BF5A
:102DD000704700BF704700BF002070470048704731
:102DE00016FCFFFF0346806A59620268191D53688A
:102DF000184700BF806A0368DB68184700234362F6
:102E0000704700BF406A82B08DE80C0018B10368BB
:102E100002B01B68184702B0704700BF10B50446E7
:102E200001F01AF8204610BD82B070B50C4684B08F
:102E300005464968206802AC03C4039908AC4810F1
:102E400084E80C00CB0745BF2A58029B029CD4584B
:102E50000AAB2E1893E803008DE8030008AB0CCBF7
:102E60003046A04704B0BDE8704002B0704700BFD4
:102E7000F0B50F4601F1080485B02146064601F081
:102E800003F8FB68002B2CDD012B2CD000252046FD
:102E90000434214601F008F8F86801350138A842E9
:102EA000F5DC6D46023007EB8004284600F0D4FFC5
:102EB0002946204600F0F8FF284600F0EDFFFA68AA
:102EC00031683B69013AFA604A889B1A3B61BA8BC8
:102ED0002846012340F2FE3100F090FC304605B058
:102EE000F0BD6D46F3E70020DBE700BF8369C268F1
:102EF0001344002B59DD90F82030002B5CD010B526
:102F0000816A0B68044686B01B6801A89847E06890
:102F1000A369C218002A31DC6269002A2CDD21690C
:102F20008A422BDB53BB8A4200DB4BB10133A361E6
:102F3000FBF746FBA369E068013B0028A361E8DCDE
:102F4000023001A904EB800000F0AEFF019B226972
:102F50005988E368606A0A440133C4E9033228B13E
:102F600094F82030CBB103681B68984701A800F0A3
:102F700093FF002006B010BD002BE1D0A18B40F2E2
:102F8000FF30FBF799F9A369E0681A18002ACDDC35
:102F90006269002AC9DD2169C5E7E28B012340F29D
:102FA000FF3102A800F02AFCE0E74369002BA6DD10
:102FB00002699342A3DA9EE76FF47B70704700BF0B
:102FC000A0F10400FFF792BF0D4B70B503F10802AA
:102FD000044628330025C0E9002308300E4600F0DF
:102FE0003BFFC4E903556561E583FFF7EBFA012375
:102FF000A083A561C4E9095684F82030204670BD3D
:1030000064500400094B03F1200270B5C0E900329E
:10301000064600F1080500F10C04043C204600F0CF
:103020003BFFA542F9D1304670BD00BF6C50040093
:1030300080F8201039B92DE9F041C58B82B01DB15F
:1030400002B0BDE8F08170470446FFF7BBFA1D4BA4
:10305000E0831F688046002FF2D028200FF059FB34
:103060000646103000F0EAFB40F2FF3318203380B0
:10307000A6F802800FF04DFB134ACDE900258446E7
:103080006A46034603CA4CF80C4BDD60CCF804508A
:10309000586099603A680D49F56012205961B36033
:1030A000B080C6E90855536838463146984700282D
:1030B000C6D03046FBF746FD304602B0BDE8F041D1
:1030C0000FF020BBE03E0020052E0300292E030058
:1030D00010B5054B054A8360002304460260C38097
:1030E000FAF7CCFD204610BDC0500400A0490400F2
:1030F00010B5074B074A8360002304460260C38073
:10310000FAF7BCFD20460FF0FDFA204610BD00BFC7
:10311000C0500400A0490400F0B5C1682DED068B35
:103120000B6887B004461B6801A89847019D6E880C
:10313000761064D0A169B14261DC9FED47AADFED52
:10314000479A9FED479ADFED478A0435B3EE048A2C
:1031500005EB4100A8427CD92A46002332F9027BC4
:1031600090423B44FAD893FBF1F12B4609B233F875
:10317000022B521A984223F8022CF8D82A46002132
:1031800032F9023B002BB8BF5B42994200DA19B218
:103190009042F5D807EE901AF8EEE77A87EEA97A12
:1031A000D4ED097A67EE277AC7EE897A17EE900A8E
:1031B0000CF006FA07EE900A67EE887AA269B0EE84
:1031C000E77AB4EE687AF1EE10FA84BFA36AE3619D
:1031D000E38898BFC4ED077AB61A9A0708D494ED2D
:1031E000077AD4ED047AB4EEE77AF1EE10FA0EDC49
:1031F00003F00403BBB116B1A169B142A8DD01A877
:1032000000F04AFE002007B0BDEC068BF0BD0123A4
:103210000222A18802A800F0F1FAE38823F0040357
:1032200043F00203E38094ED077AD4ED057AB4EE1F
:10323000E77AF1EE10FADED501231A46A18802A83A
:1032400000F0DCFAE38823F0020343F00403E38098
:10325000D1E7B0EE4A7AA3E70000000000FEFF4687
:10326000ACC5A737FFFF7F7FA0F10800FFF754BF71
:103270002DE9F8430446154D0560002646600D46CD
:1032800017461E46DDF82080BDF82890FAF786FC28
:10329000E1880F48666141F00103296827618022B7
:1032A00000F1080700263030A060E38028464B6814
:1032B000E560A4F80490C4F824802760E661A26168
:1032C00004F1080198472046BDE8F883A0490400AE
:1032D00090500400C069704790ED057A07EE901A8F
:1032E000B4EE677AF1EE10FA14D090ED047AC38848
:1032F0004161F4EEC77A23F00402F1EE10FAC280C5
:1033000008DDF7EE006A77EEA67AB4EE677AF1EEA2
:1033100010FA01D10020704723F00603C380C0EDEE
:10332000047A0020704700BF90ED047A07EE901AEF
:10333000B4EE677AF1EE10FA0FD090ED057AC288FC
:1033400008B5F4EEC77A034622F00202F1EE10FA55
:103350001961C28003D4002008BD00207047B7EE79
:10336000007A77EEC77A17EE901AFFF7B5FF0020C4
:1033700008BD00BF0078704790F90000704700BF9B
:1033800000887047B0F90000704700BF0068000A6D
:10339000704700BF00680012704700BF00687047A8
:1033A0000068704701707047018070470180704766
:1033B0000A120B14017042708370704701607047ED
:1033C0000160704710B50446806800B110BD206AE6
:1033D0000368DB689847A06010BD00BFA0F104003F
:1033E000FFF7F0BF08299ABF816000206FF47A7060
:1033F000704700BFA0F10400FFF7F4BF10B55031D3
:10340000044600F041FD204610BD00BFA1F10401BB
:10341000FFF7F4BF017070472DE9F843184FDDE95D
:1034200008850E4607F118010446C0E900710662DE
:10343000011D24301F469146FFF7C6FD04F15000E0
:1034400000F00AFD0023B8F1080F4FF0000198BF0B
:10345000C4F80880C4F810902777E5606161A36123
:1034600063775FB1B5FA85F35B093268A3773046BD
:103470005368214698472046BDE8F8830123F4E7C6
:10348000CC5004002DE9F04FD0ED057A2DED028BE4
:103490000446006AFDEEE77A036889B0DB68CDED8B
:1034A000037A9847A36882460BB9A0600346216A55
:1034B00001330A6803EBD3735B101268019306A80B
:1034C0009047A368069A0AF1010808EBD8780133FF
:1034D0004FEA680803EBD373B2F8029099FBF8F94E
:1034E00004F15002B8EB630F049200F09680019B48
:1034F00009FB03F31946012207A8059300F0B2FC6B
:1035000007A9049800F0D0FC07A800F0C5FC069DB0
:10351000266DB9F1000F05F1040506F1040640F32C
:1035200085800027DFF814B102975BF82A2028462F
:103530009047019B217F02460137304645441E4497
:1035400021B1029B13440293039BD21A07EE902AE7
:10355000B8EEE77AD4ED047AA268364B67EE277AA4
:1035600053F82220A369FDEEE77A17EE901A19436B
:103570009047B945D9D1237F73B3DDED027A637FDC
:10358000B8EEE77A07EE909AF8EEE77A87EE278AA8
:10359000D3B160690EF026FB0022274B0EF07AFBB8
:1035A000064618EE100A0F460EF01CFB0022224BB6
:1035B0000EF070FB02460B46304639460EF0B4F969
:1035C0000EF060FE08EE100AE26884ED058A012321
:1035D0006377A2B90123A377DDE9040100F0CEFCF3
:1035E000A37F1BB104F12400FFF780FC06A800F0C4
:1035F00053FC002009B0BDEC028BBDE8F08FFDEE5E
:10360000C87A039917EE903A5B1A002BB8BF5B4259
:103610009A42E1DD0123A377DEE706A9104600F018
:1036200043FC019B09FB03F3059370E7002302931E
:10363000A1E700BF8C2000200000E03F68200020B0
:10364000B1F5007FA4BFC1F57F710331490088B295
:10365000704700BFC1F58063B3F5007FB8BF19465E
:10366000014B33F811007047F850040088B27047DE
:1036700028B180B211FB00F0C0F30900704741F699
:10368000EF6011FB00F0C0F309007047B1F5007F57
:1036900040F2FF30A8BF0020704700BF024A126806
:1036A00002607E2242607047B0200020034A034639
:1036B00092E8030083E8030018467047D83E0020D4
:1036C000A1F120035E2B07D8006805236FF09F024D
:1036D00013FB01210844704700207047034A044B44
:1036E00012681A607E225A60704700BFB020002026
:1036F000D83E002010B40170427043605DF8044B66
:10370000704700BF82B030B402AC84E80C000D46B4
:10371000034694E807009DF8144083E80700B4B11D
:10372000687818B149425242C3E901126A68022A14
:1037300011D0032A2AD0012A22D0012C15D0022C24
:1037400005D1D3E9011249425242C3E9011230BC0A
:10375000184602B07047D3E90012012CC1F10001F4
:10376000C2F10002C3E90012E9D130BCD3E9001074
:103770009A68186052421846C3E9011202B07047B5
:10378000D3E90021524219605A60D6E7D3E900120A
:10379000524259601A60D0E782B010B582B004ACD2
:1037A00084E80C000B78069C019304AB0CCB0094CE
:1037B0000446FFF7A7FF204602B0BDE8104002B064
:1037C000704700BF30B50B4B1C6883B024B1226832
:1037D000094B15689D4201D103B030BD00F10802CC
:1037E000034692E803008DE8030020460CCBA8476F
:1037F00003B030BDE03E0020DD1F030038B501807E
:10380000428004461D46FCF7F7FFC4E9020115B1EA
:103810002046FFF7D7FF204638BD00BFD0B5DDE911
:1038200004679DF8183001800446C0E902674280B1
:103830000BB1FFF7C7FF2046D0BD00BF10B5002376
:1038400003600446FCF7D8FFC4E90201204610BD1E
:1038500030B50B4B1C6883B024B12268094B156846
:103860009D4201D103B030BD00F10802034692E849
:1038700003008DE8030020460CCBA84703B030BD01
:10388000E03E0020DD1F030082B038B5002504A90A
:103890000560044681E80C00FCF7AEFF04AB0FCBDB
:1038A000256184E80F002046BDE8384002B070472B
:1038B00010B50446006800F09BFC204610BD00BF18
:1038C000014B0360704700BFD856040010B5044692
:1038D0000868206000F06EFC204610BD10B504465C
:1038E00029B10160084600F065FC204610BD024B7E
:1038F0000360204610BD00BFD85604000346024AAC
:1039000000681A60704700BFD856040038B50446F6
:103910000B680068984206D00D4600F069FC2868E4
:10392000206000F047FC204638BD00BF0068438897
:1039300082880021063002FB03F20EF045BF00BF73
:1039400030B400684488A1420DDA8588AA420ADAB8
:10395000002908DB002A06DB084404FB02020020E1
:10396000937130BC70476FF47A70FAE70368588837
:10397000814211DA10B49C88A2420ADA002908DBDD
:10398000002A06DB0B4400FB023398795DF8044BF8
:1039900070476FF47A70F9E76FF47A70704700BF80
:1039A0002DE9F047B1F1000A21DD1D46FBB10468A5
:1039B000A788B4F802809742A8BF1746D045A8BF91
:1039C000D046002F814604F106040DDD002629466D
:1039D000204642460EF0D4FED9F8003001365B880E
:1039E000BE4255441C44F2D10020BDE8F0876FF47C
:1039F0007A70FAE72DE9F0410F1E19DB002A17DB78
:103A00000446062007FB02001E461546FBF710F889
:103A1000206000F015FC23685F8023689D805EB104
:103A200033462A4639462046BDE8F041FFF7B8BF85
:103A3000074B0360BDE8F0812068438882883146E7
:103A400002FB03F20630BDE8F0410EF0BDBE00BF40
:103A5000D856040010B500230446FFF7CBFF2046DC
:103A600010BD00BF2DE9F041054684B000294FD0BC
:103A70000A780C46002A51D000218C460F460E468B
:103A8000234607E00A2A39D00EB10137002613F881
:103A9000012F42B1A2F130000928F3D813F8012F09
:103AA0000126002AF6D109B20FFA8CF2002328462B
:103AB000FFF7A0FF2F6823780637DBB101AE32464F
:103AC0004FF0000804E002F8013B14F8013F8BB10D
:103AD000A3F130010929F6D9B24282F80080F4D965
:103AE00030460EF03AFE07F8010B14F8013F32465B
:103AF000002BEDD1284604B0BDE8F08106B10137B6
:103B0000B942B8BF394600270CF1010C3E46BEE76A
:103B1000034B0360284604B0BDE8F0811146C5E7B9
:103B2000D856040010B50446FFF764FF204610BDC8
:103B30002DE9F84F05689DF82840B5F802C06245A8
:103B40004FDAB5F804E073454BDAD1F800B0BBF8B2
:103B5000029002EB0907002F43DDBBF804A003EB42
:103B60000A08B8F1000F3CDD002A55DBACEB020778
:103B70004F45A8BF4F46002B0BF1060660DBAEEBAE
:103B80000308D045A8BFD04622EAE27205F1060933
:103B90000BB10CFB032291443CB3B8F1000F20DDC4
:103BA0004FF0000E724607F1FF3A002F0FDD731E33
:103BB0004C4606EB0A0C13F8015F0DB1257001327B
:103BC0009C4504F10104F6D10568D1F800B0BBF8BA
:103BD00002406B880EF1010EF04526449944E4D171
:103BE00000E000221046BDE8F88FB8F1000FF8DDC4
:103BF0000D4682463A46314648460EF0C1FD2A68D7
:103C0000DAF8003052885B880134A04516449944A4
:103C1000F0D107FB08F2E5E76745A8BF6746002B30
:103C20000BF1060612DAF045A8BFF046C2F1000C0F
:103C300009FB13C31E4422EAE27205F10609AAE752
:103C4000F045A8BFF0464FF0000CF1E7AEEB0308DB
:103C5000D045A8BFD046B61A96E700BF2DE9F0437D
:103C6000804683B0684691461D460C46FFF71EFD10
:103C7000D8F800305A88914533DA9B889D4230DA73
:103C80001F2C2ED9019B9C422BDC21466846FFF756
:103C900017FD4FF0100E07462B1A053007EB030CEB
:103CA0000021D8F80040658801EB0906B5420EDD19
:103CB000A288624534444EFA01F208DD3E780CFBDE
:103CC0000544164214BF4FF0FF320022A2710131A9
:103CD0000529E6D10137B842E0D1002003B0BDE8A4
:103CE000F0836FF47A70F9E72DE9F04103680D1E57
:103CF0005F8826DDBD4203F1060480469A8817DA04
:103D00009AB17F1B002661193A4620460EF038FD15
:103D10002A46E01900210EF057FDD8F800305A88E5
:103D20009B8801369E421444EDDB0020BDE8F08103
:103D300007FB02F2204600210EF046FD0020BDE800
:103D4000F0816FF47A70F1E72DE9F84F00AFD1F808
:103D50000090BE6AB9F80240F96A02EB0608A04575
:103D60001D468246194432DAB8F1000FD8BFA0468A
:103D7000B9F80460B14202DA0029C8BF0E4608FB58
:103D800006F3073323F0070304FB0522ADEB030D15
:103D900009F10604AE421444EB460DDD6B46424683
:103DA000214618460EF0ECFC0135B9F80220034616
:103DB000AE4233441444F2D150465B4632B20FFA5D
:103DC00088F1FFF717FE5046BD46BDE8F88FA046C4
:103DD000CEE700BF10B5096804468B1DB1F9042079
:103DE000B1F90210FFF706FE204610BD10B5064BD4
:103DF000064C1846236000F0DDF92046044A0549C8
:103E0000BDE810400EF080BCD8560400E43E00200F
:103E100030200020B1380300F8B50546101D1446C7
:103E20001F460E46FAF704FE286000F009FA2B68D8
:103E30005C802EB128683146043022460EF0A0FC8A
:103E4000012F00D0F8BD2868224604300021BDE8CB
:103E5000F8400EF0B9BC00BF014B0360704700BFD3
:103E6000E0560400002910B5044606DD13460A4654
:103E70000021FFF7D1FF204610BD024B0360204612
:103E800010BD00BFE056040010B50446086820606D
:103E900000F090F9204610BD10B50446006800F00F
:103EA000A7F9204610BD00BF38B504460B6800686E
:103EB000984206D00D4600F09BF92868206000F07B
:103EC00079F9204638BD00BF38B5151E13DB0468EC
:103ED0006288A8B290420ED833EA230328BF134663
:103EE000521B9A4204F10404A8BF1A4660190EF04E
:103EF0006BFC002038BD6FF47A7038BD002B70B5B4
:103F00000D4602DA03685B889B1A002A22DB0068F0
:103F100044889918A1421DDC91421BDBD3B135F0D6
:103F2000004117D05942A94200F1040013DAAB4214
:103F300011DD002D00EB020613DB5C1B224671191C
:103F400030460EF028FC2A4630190021BDE87040AA
:103F50000EF03ABC70BD22460021BDE870400EF064
:103F600033BC6C425A19314630190EF014FC22460B
:103F700030460021BDE870400EF026BC002906DB6B
:103F800003685A888A4202DB5980002070476FF428
:103F90007A70704710B50446006800F029F9204691
:103FA00010BD00BF70B50546501D14460E46FAF709
:103FB0003FFD286000F044F92B685C8028682246A9
:103FC000314604300EF0DCFB2B681C4400232371C7
:103FD00070BD00BF10B50B4684B0044601A9184659
:103FE000F9F7EAFC01A80EF02BFC01A902462046D5
:103FF000FFF7D8FF204604B010BD00BF38B5054616
:1040000011B10B780C461BB9064B2B60284638BD06
:1040100008460EF015FC214602462846FFF7C2FF6F
:10402000284638BDE4560400F8B517460A683B68D0
:10403000B2F90250B3F902301D440446681D0E4621
:10404000FAF7F6FC206000F0FBF823685D80316829
:104050002068B1F90220043004310EF091FB32687F
:1040600023683968B2F90200B1F902200433184418
:1040700004310EF085FB23681D4400232B7120467C
:10408000F8BD00BF70B5054649B10B780C4633B199
:10409000084616460EF0D4FBB3B2834203D9054B53
:1040A0002B60284670BD284632462146FFF77AFF2E
:1040B000284670BDE456040010B504460868206028
:1040C00000F078F8204610BD014B0360704700BF38
:1040D000E456040038B504460B680068984206D0E0
:1040E0000D4600F085F82868206000F063F820464F
:1040F00038BD00BF08B50068096843884A889A42FD
:1041000001D0002008BD043104300EF08FFBB0FA5E
:1041100080F0400908BD00BF70B513680D685E8867
:1041200004465EB16D881DB1FFF77EFF204670BD6D
:104130000360184600F03EF8204670BD0560284632
:1041400000F038F8204670BD002907DB0368B3F99A
:1041500002208A4202DD0B44187970470020704724
:1041600010B5064B064C1846236000F023F8204695
:10417000044A0549BDE810400EF0C6BAE4560400F2
:10418000E83E002030200020953F030008B503885A
:104190004FF6FF729BB293420AD0012B01D0DB078E
:1041A00004D41E20EDF734F8002008BD002008BD1F
:1041B000012008BD03884FF6FF729BB2934215D0D1
:1041C000012B10B504460DD0DB070BD5BFF35B8F79
:1041D000D4E85F3F0233C4E8523F002AF8D1BFF36E
:1041E0005B8F10BD1E20EDF713F8EFE7704700BF9F
:1041F00003884FF6FF729BB2934218D0012B10B583
:10420000044610D0DB070ED5BFF35B8FD4E85F3FC9
:104210009A1EC4E8512F0029F8D1BFF35B8F9BB2DF
:10422000032B05D010BD1E20ECF7F2FFECE7704722
:104230002046BDE8104000F001B800BFFAF71EBCF0
:1042400003230380704700BF82B070B582B004467C
:1042500008A906A880E80C0003C9266865698DE8EE
:10426000030006AB0CCB3046211DA84702B0BDE8C9
:10427000704002B0704700BF08B502680B689A42F0
:1042800001D0002008BD0431102204300EF069FA7C
:10429000B0FA80F0400908BD0420704704290248A4
:1042A00008BF0020704700BF16FCFFFF837C43F06F
:1042B00020038374704700BF10B508310446FFF730
:1042C000E3FD204610BD00BF164B2DE9F041064628
:1042D000036000F50D7700F50F7500E025462C1FF3
:1042E0002046FFF7D9FDA742F8D1DFF84080303DE6
:1042F00006F1140745F8188C443C2846FEF782FE68
:1043000004F10800FFF7C8FDA742A5F14405F1D16B
:10431000054B336000233046F380F9F7AFFC30469D
:10432000BDE8F08154570400A04904003857040048
:10433000084B094A0321C3F80815D2F80034DB07FB
:10434000FBD40123936090F84032002BFBD1012075
:10435000704700BF00F0014000700040184B2DE98D
:10436000F0410646036000F50D7700F50F7500E09B
:1043700025462C1F2046FFF78FFDA742F8D1DFF816
:104380004880303D06F1140745F8188C443C284617
:10439000FEF738FE04F10800FFF77EFDA742A5F105
:1043A0004405F1D1074B33600023F3803046F9F721
:1043B00065FC30460EF0A6F93046BDE8F08100BF3E
:1043C00054570400A049040038570400104B70B53E
:1043D0000446C0E9003104F1180508301646FFF71D
:1043E0003BFD21462846FEF7EFFDA368E6745B8897
:1043F000E381022200234FF4007128462182A37436
:10440000A2821946A381FEF713FE204670BD00BFAD
:1044100038570400807C00F010007047072914D83A
:10442000032A12D810B4C37C01751B0103F1804329
:1044300042F4805403F5E043427544EA0121002030
:10444000C3F818155DF8044B70476FF47A70704725
:1044500010B5898904460022FFF704FD20464FF07D
:10446000FF3300228821FFF72FFD204610BD00BF3B
:1044700038B504460069036800219B6B98472069A2
:1044800003684FF47A51DB6C9847A268A17B07EE72
:10449000902A01290B46F8EE677AB8BF012303EB97
:1044A0008303B3EE007AB2FBF3F3FF2B67EE877A58
:1044B0002FD9802300225B1002F10102FBD10129D8
:1044C0003AD92649072AC1F8F4352BDD9FED247A25
:1044D00067EE877A4FF48072C4F83C222069FDEEC3
:1044E000E77A03680021DB6B17EE902A984723696F
:1044F0001C4A5B691C48012103F5A0740225C3F81E
:104500000012C2F80855C2F81845C2F81C05D96057
:1045100038BD5B10CED101291DD910490122C1F847
:10452000F435D9E7012303FA02F207EE102AB8EEB8
:10453000C77AC7EE877ACFE70123934007EE103A98
:10454000B8EEC77AC7EE877A04490123C1F8F4258B
:10455000C4F83C32C2E71A46F6E700BF00700040DC
:104560000000803B00F00140047000402DE9F0475E
:104570004D4D05600025044682B045600E469146CB
:104580009A46F9F70BFB494B236026612A462146E0
:1045900004F11400FFF71AFF214604F1580001222C
:1045A000FFF714FF214604F19C000222FFF70EFFE3
:1045B000214604F1E0000322FFF708FF214604F53D
:1045C00092700422FFF702FF214604F5B470052221
:1045D000FFF7FCFE214604F5D6700622FFF7F6FE33
:1045E00004F50D772146072204F5F870FFF7EEFE7B
:1045F00004F50E763846FFF72FFC3046FFF72CFC0B
:104600004FF001084FF40072A281214601A8A4F8DE
:1046100004A0C4F80890A57384F84052C4F83C8202
:10462000FFF716FF01A93846FFF73EFC01A8FFF788
:1046300033FC214601A8FFF70BFF01A93046FFF725
:1046400033FC01A8FFF728FC194E1A4BE5738027AD
:104650001C60C6F88070BFF34F8FBFF36F8F164B8F
:10466000164AC3F800550320C3F8F0051449232067
:10467000C3F80403C2F808852046C2F81015C2F832
:104680001435FFF7F5FE86F80753C6F880713760DA
:10469000206903685B6A9847206903681B6B984729
:1046A000204602B0BDE8F087A0490400545704003A
:1046B00000E100E0EC3E00200070004000F001400E
:1046C00004710040F0B5514D51492B68514C524A8C
:1046D00085B0012600930B680193236802930023A1
:1046E000136017681660009A2A60019A0A60029A9D
:1046F0002260A1F2446103222324C1F800351F4641
:10470000C1F8F0258E46C1F804431A469C468373CF
:10471000064617E0CFB2877396F8293096F827102F
:1047200096F8284043F480530EEB011143EA04232A
:10473000082AC1F8183506F14406C5F81025C5F851
:1047400014C51CD013019C1800EB840403F18045B0
:1047500094F8264014F0100407F1010105F5E04536
:1047600002F1010203F18043D4D103F5E043082AAA
:10477000C3F8104506F14406C3F81445E2D117B951
:10478000384605B0F0BD254D04460126C5F8006544
:10479000FFF76EFEE77B8D3704EB870703A8214602
:1047A000FFF756FE03A93846FFF77EFB03A8FFF785
:1047B00073FBD4F83C22A17BE07BA389B24001FBD0
:1047C00002F204EB800093FBF2F702FB17329B1A14
:1047D000D0F83422124801F1004103EBD3730139C0
:1047E000043233410327C5F82C26C5F8303602EBD6
:1047F00041022E6048F68801C0F8047584F84062D2
:1048000013889942FCD0012005B0F0BD40760040ED
:104810004476004048760040FC7F00400070004035
:1048200000F0014008B5034689B190F8403203F02A
:10483000FF011BBB184B194A197013681849DB0993
:1048400003F00100DB0708701CD4002008BD144AE7
:1048500012785AB9104A1278002AF6D093F84022FA
:10486000002AF2D11846FFF72DFFEEE70B4A802110
:104870001160094A1278002AF0D1E6E7FFF758FDE7
:104880000146D7E78023C2F88030BFF34F8FBFF3D4
:104890006F8F002008BD00BF0B47002000E100E043
:1048A0000A47002038B50D460446FFF7D5FA02F056
:1048B0005DFCEB7B8D3305EB83012046FFF7F4FABB
:1048C00002F046FC204638BD30B5837C13F010045E
:1048D00083B002D1204603B030BD044601A8616810
:1048E000FFF7E0FF0023E57C1B481A4602F1510167
:1048F0000901415801B10133954202F1010228D06A
:10490000082AF3D1154B01990A1D48F68800D55A9B
:104910008542134412D065684988AD7B0A449A42A7
:104920004FEA450502D805E09A4203D92B4419887D
:104930008142F9D15B1BB3F90030A381A48901A89E
:1049400024B2FFF7A9FA24EAE474A4B2204603B023
:1049500030BD013B5B00D6E7007000402EF8FFFF42
:1049600070B50D460446097C1948FAF785F900B37D
:10497000297C1748FAF73CF9461E3501AB1904EBC0
:10498000830393F82630DB060ED494F84032D3B973
:10499000AB1904EB830393F8262042F0100283F84E
:1049A000262094F840322BB1354404EB850404F101
:1049B000140070BD3544204604EB8504FFF782FEE9
:1049C00004F11400F5E72046FFF7B2FCE0E700BF72
:1049D000E856040038B50C460546097C1B48FAF732
:1049E0004BF980B3217C1948FAF702F9013800EB42
:1049F000001005EB800494F82630DB060BD595F803
:104A0000403203F0FF0043B994F8263003F0EF037F
:104A100084F8263038BD002038BD2846FFF788FCD2
:104A200094F8263003F0EF0384F826300028F2D003
:104A300095F8403203F0FF04002BECD12846FFF735
:104A400041FE204638BD6FF47A7038BDE856040048
:104A50002DE9F04F847CE40685B057D50C68B4F896
:104A600002804FEA6808904550DD043404EB4808A2
:104A700004EB420700E0A846A8F10205EC1B641015
:104A800094FBF3F603FB1644002CF4D1B5F9002097
:104A90008281827C920639D5012B06464ED0B0F930
:104AA0000E1080680A1DB84500EB020BB0F802A09A
:104AB0002CD95D0006F10803A146019307E0B6F981
:104AC0000E3053451CD0B84520D9B6F90E105145CB
:104AD00004F101041DD0B7F9003099440E9B9C42AB
:104AE0002F44ECD199FBF4F4ABF80040F389023386
:104AF0001BB2002453450BF1020BF381A146E2D116
:104B000006F11800FEF7F2F9B845DED805B0BDE8A9
:104B1000F08F0122B6F9101003A8FFF7A3F903A93B
:104B20000198FFF7C1F903A8FFF7B6F9B2680023AF
:104B3000F381B2F802A002F1040BCCE70830FFF7D2
:104B4000B3F9B3685B88F38106F11800FEF7CEF97C
:104B5000DCE700BF2DE9F0433B4BD3F8042185B0DF
:104B600005461AB9D3F81431002B42D095F80F80BE
:104B7000354F08F1010303F00103EB73D7F8341646
:104B800008F18D0805EB8808490040460024FFF72E
:104B9000F5F9264605F1140902E00134082C1DD070
:104BA00004F151031B01FB58002BF6D0414603A82A
:104BB000FFF76AF9D5F83C22AB7B009204EB0410B6
:104BC000324609EB800003A9FFF742FF013403A836
:104BD000FFF762F9082C06F10106E1D11A4BD3F870
:104BE000042112B10022C3F80421174BD3F8142179
:104BF0001ABB154ED6F80031E3B1EC7B013404F05A
:104C0000010404F18D07294605EB870703A88C34BE
:104C1000FFF71EFC05EB840503A93846FFF744F9AE
:104C200003A8FFF739F96B6800220433C6F82C3665
:104C3000C6F8002105B0BDE8F0830022C3F81421B6
:104C400085F84022D5E700BF00700040024B18688D
:104C500008B1FFF77FBF7047EC3E0020154A03699B
:104C6000914218D9144A914221D9013210B44FF01F
:104C7000C86000249142C3F80045C3F8240503D15D
:104C80004FF0C462C3F8242506220020C3F8002593
:104C90005DF8044B70474FF0CC720021C3F800154B
:104CA000C3F824250622C3F80025002070474FF0E2
:104CB0008062F2E78FD003007F1A0600F0B585B05E
:104CC00004AC066804F8012D9DF82C70009722466C
:104CD0001F46B669012305460C46B04738B92B6814
:104CE000009021463A461C6A0A9B2846A04705B018
:104CF000F0BD00BF70B50446C068036801211B68A1
:104D00009847A068036801211B6898470420F9F7B9
:104D1000E5FF0025A068036802219B6898470146CB
:104D200000BBE06803681B6898470420F9F7D6FFCA
:104D3000E068036801211B680D4498470420F9F7D7
:104D4000CDFF092DE6D1A068036800211B689847B4
:104D50000420F9F7C3FFA068036801211B68BDE8C0
:104D600070401847002DEED170BD00BFF8B5044665
:104D700016461F460D46FAF759FD204AA560002346
:104D8000E660C4E900237FB3384602F069FA206187
:104D900080B30621284601F0A3F80621304601F031
:104DA0009FF82046FFF7A6FF2B6802219B68284644
:104DB0009847336802219B68304698470A20F9F7E4
:104DC0008DFF2369327C287CC3F808254FF0CC7115
:104DD0000622C3F80C05C3F824150A20C3F80025E1
:104DE000F9F77CFF2046F8BD012002F05BFA206154
:104DF0000028CED15A20ECF70BFACAE77857040006
:104E00002DE9F04103698EB282B09A590546002A15
:104E100058D1D3F82441002C35D14FF001082A4F46
:104E200010E0D3F8482592B9632C4BDC0A20F9F73F
:104E300055FF2B699A59002A44D1D3F8242112BB7B
:104E4000BC4220D0D3F850210134002AE9D1632C90
:104E5000ECDDD3F8602132B1D3F80022D10502D5C0
:104E6000D3F8482152B3D3F86021002ADED0D3F81A
:104E700000229205DAD5D3F80421002AD6D1C3F84E
:104E800014801446D2E7D3F8C424C3F8C424002203
:104E9000C3F82421D3F824210192012201991A6236
:104EA0005A61D3F80421002AFBD0084C686808B185
:104EB000F9F714FF204602B0BDE8F081C3F81C806A
:104EC0001446B3E70024F1E741420F000EFCFFFF58
:104ED00070B40469C1F34701C4F888150021C4F80F
:104EE000041189B0D4F804610696069EC4F8241112
:104EF000D4F824610596059EC4F86011D4F8606169
:104F00000496049EC4F85C11D4F85C610396039E79
:104F1000C4F85011D4F850610296029EC4F84C11A6
:104F2000D4F84C619DF830500196019EC4F8442598
:104F3000C4F8483575B14FF480720123C4F80022DB
:104F4000A360D4F84821DAB94FF4A47109B070BC59
:104F5000FFF756BF4FF400720123C4F80022A3608C
:104F6000D4F84821A2B12362C4F84851D4F848319A
:104F70000793079B4FF4827109B070BCFFF740BFE5
:104F80002362C4F84811D4F848310793079BDBE744
:104F90004FF48271DAE700BF70B50469C1F34701CD
:104FA000C4F888150021C4F8041188B0D4F804614D
:104FB0000696069EC4F82411D4F824610596059E31
:104FC000C4F86011D4F860610496049EC4F85C11C2
:104FD000D4F85C610396039EC4F85011D4F8506174
:104FE0000296029EC4F84C11D4F84C619DF83050E2
:104FF0000196019EC4F83425C4F83835B5B94FF48C
:1050000080520123C4F800222360D4F8482132B131
:105010002362C4F84851D4F848310793079B4FF4F2
:10502000827108B0BDE87040FFF7EABE012323603B
:10503000D4F8482192B94FF4AE710446FFF7E0FE70
:1050400008B108B070BD2369012220464FF4A47155
:10505000DA6108B0BDE87040FFF7D2BE2362C4F841
:105060004811D4F848310793079BE4E70C4B03F150
:10507000280270B505460360826000F1240600F145
:105080002C04043C2046FEF707FFA642F9D1054B4D
:105090002B6000232846EB80F8F7F0FD284670BD12
:1050A000AC570400A04904000E4B03F1280270B570
:1050B00005460360826000F1240600F12C04043CE4
:1050C0002046FEF7E9FEA642F9D1074B2B600023EC
:1050D000EB802846F8F7D2FD28460DF013FB284652
:1050E00070BD00BFAC570400A0490400C368D3F8EA
:1050F000080570479FED1F7A07EE901AC7EE277AD2
:1051000010B4B0EE677ABEEECE7A17EE101AB1F593
:10511000004F29DB0023013341FA03F2B2F5004FBF
:10512000F9DA072B04DD144B5DF8044B1846704781
:105130001C4612FA03F348BF0F331B1107EE903AD7
:10514000DFED0C6AC168F8EEE77A002386EEA77AF5
:10515000C1F80C45C1F808255DF8044BC0ED077A8D
:1051600080ED067A18467047002417EE102A234671
:10517000DFE700BF0024744900407AC42DE9F843FA
:10518000464D056000254560044616460F46984684
:10519000BDF82090F8F702FD4148E76000F12803D0
:1051A000A360206004F12400FEF756FE04F12800FD
:1051B000FEF752FEE3683B4FE6620126A4F8049036
:1051C0006561657425842574A674E674C3F800557A
:1051D0004FF08023C7E90033C7E902334146204638
:1051E000FFF788FFE368304AC3F80455022704201C
:1051F00030219342C3F81075C3F84855C3F82855B9
:10520000C3F84C55C3F82C55A674E674C3F814655E
:10521000C3F80002C3F8041320D0244A93422FD0CD
:10522000234A93420CD0E06A016801224D6822743F
:1052300004F10801C3F80025A8472046BDE8F8831B
:105240001C4A1D4B92681D49C2F8C81004221C4913
:10525000C3F884215A60E3688C60E4E7184A154B70
:1052600014609A681749C2F8B010A3F540634FF074
:105270008052C3F880211A60E3680C4A9342CFD170
:105280000C4A0D4B92681049C2F8C41002220C4916
:10529000C3F884215A60E3684C60C1E7A049040068
:1052A000AC570400F03E002000C001400010024056
:1052B0000020024000ED00E000E100E0195503008D
:1052C000003F0020F95403000955030007EE901A2F
:1052D000FEEECE7A10B417EE901AB1F5004F23DB34
:1052E0000022013241FA02F3B3F5004FF9DA072A3E
:1052F0001FDC1446C168DFED106AC1F80C45C1F827
:105300000835934048BF0F331B1107EE903AF8EE73
:10531000E77A002386EEA77AC0ED077A80ED067A59
:1053200018465DF8044B7047002417EE903A224669
:10533000E0E76FF47A73F3E700247449C0697047BB
:10534000C3680020C3F81015704700BFC274817491
:10535000C36839B93022C3F81415C3F80012C3F872
:1053600008237047012004213022C3F81405C3F834
:105370000012C3F80423704770B590F92130044639
:1053800082B040696BB1E26801235360D2F8043106
:10539000002BFBD0002565742584D0B9002002B015
:1053A00070BD0D46F0B9A37C002BF7D0637C002BB9
:1053B000F4D0E37C002BF1D1E3681C4903EB4515E5
:1053C00008220123C5F82015C5F8242584F82130CA
:1053D000E5E7236801386061DB6920469847284685
:1053E00002B070BDE16A0B6805F109061B6801A8EF
:1053F00004EB8606984701A93046FEF755FD01A843
:10540000FEF74AFD04EB8502E368516A626903EB2B
:1054100045150B1DC5F820354988531E491001203C
:10542000C5F82415636102B070BD00BFF03E0020D6
:1054300038B54369817C01330446436119B1637C0B
:1054400063B1002038BDFFF797FFC8B1E3680122C0
:105450009A60A37C002BF2D1002038BD0125657431
:1054600094F820102046FFF787FF94F820302B4453
:105470002B4084F820303BB9E36801229A60E0E7D2
:10548000E37C002BE5D0E1E763691BB9002363747B
:10549000002038BD29462046FFF76EFF94F82030E3
:1054A000013303F0010384F82030002BEED1E3E751
:1054B000A0F10800FFF7BCBF38B5C368D3F81021CE
:1054C000044672B9D3F8143103B938BD002584F805
:1054D000205001212046FFF74FFFE368C3F8145125
:1054E00038BD012380F820300021FFF745FFE36835
:1054F0000022C3F81021E5E7024B186808B1FFF756
:10550000DBBF7047003F0020024B586808B1FFF72F
:10551000D3BF7047003F0020024B986808B1FFF7E7
:10552000CBBF7047003F0020C26800230374C2F85D
:1055300000357047032A23DC70B502F5AC76C268EB
:105540000B7C52F826209A4218D00B680C46054670
:105550009B6D08469847236800211B6820469847A2
:105560002368EA68217C42F8261020469B6D984704
:10557000E38843F00803E380002070BD002070BD85
:105580006FF47A70704700BF70B4C5680C7C00235C
:105590004FF0FF3605EB83020133D2F86005A042DD
:1055A00008BFC2F86065042BF4D1CB8823F0080350
:1055B0000020CB8070BC7047C28870B59507044648
:1055C00010D5027C012302F01F00834000293DD04A
:1055D00029491F2A8CBF0A464FF0A0420020C2F87A
:1055E000083570BDD3070D463AD5017C22481F29E6
:1055F00098BF4FF0A04001F01F0600EB860022F09C
:105600000102D0F8003792B243F00203C0F800372D
:10561000E28001202029184B00FA06F038BF4FF035
:10562000A0432DB3C3F808052029134B38BF4FF012
:10563000A04303EB860342F00202D3F8001741F0C7
:105640000101C3F800170020E28070BD0A491F2A3B
:105650008CBF0A464FF0A0420020C2F80C3570BD46
:1056600003689B6D9847217CE28801F01F06D0E714
:10567000C3F80C05D8E700BF0003005010B503685D
:1056800004461B6C9847236820465B68BDE81040C1
:10569000184700BFF0B40479A40728D5002922DBFD
:1056A000002A20DD002B1EDDB4294FF47A74A8BF38
:1056B000B42104FB01F10F4F05680F4EED6A890814
:1056C000A7FB017102EBD277A3EB670304FB03F3A3
:1056D000890802FB013286FB0231D2172B46C2EB4E
:1056E000A111F0BC18476FF47A70F0BC7047034802
:1056F000FBE700BF176CC116D34D621016FCFFFF0D
:10570000C08800F00500003018BF0120704700BFBE
:10571000037C0B4A1F2B98BF4FF0A04203F01F03DE
:10572000D2F81415012202FA03F30B4206D1C08805
:1057300000F00A00003018BF012070471046704783
:1057400000030050C08810F0030018BF012070470C
:10575000C08800F00C00003018BF0120704700BF67
:1057600003684FF47A725B6B02FB01F1184700BFCC
:1057700008B503689B6B9847024BA3FB0030800978
:1057800008BD00BFD34D6210027C0F4B202A38BFEA
:105790004FF0A04302F01F0203EB82030129D3F86C
:1057A0000027417122F00C0207D0022908BF42F005
:1057B0000C02C3F800270020704742F00402C3F82F
:1057C00000270020704700BF00030050D0F81035BC
:1057D00021EA0301C0F81815704700BFD0F8103552
:1057E0001940C0F818157047C3882DE9F0411F070C
:1057F000044614D5314DDFF8D48005F10C06FF279F
:1058000055F8040B40B12146FFF7BEFE55F8042CB5
:10581000D8F800309A4245D0AE42F1D1E388284D05
:10582000286808B15E072ED4D90605D5606928B16D
:10583000026892699047E3885A0619D413F0E00F82
:105840000FD0217C1F4A1F2998BF4FF0A04201F0C2
:105850001F0102EB8102D2F8001721F44031C2F897
:10586000001703F430630022E3806261BDE8F08139
:105870006569002DE2D0284609F012F828460CF0A0
:1058800041FFE388DAE72146FFF76AF8214606463A
:105890002868FFF79FF83046FEF7BCFD0028FAD1D4
:1058A000E388C1E7084B207C191D13F9012B8242C4
:1058B00008BF03F8017C9942F7D1ADE7003F002013
:1058C000D03F002000030050B4200020D43F00202F
:1058D00003799A0719D5C3885B0710B5044606D427
:1058E00003689B6D9847E38843F00403E380084B0B
:1058F000186840B12146FFF733F820B1FEF7E4FF06
:10590000C0F30F1010BD034810BD0248704700BF20
:10591000D03F002016FCFFFF70B52DED028BC38831
:1059200082B01B07019137D51C4D1D4C286808EE2D
:10593000101AFFF7DBFBF8EE487A08EE900A17EE34
:10594000901A2868FFF7C2FCF8EEE88A04F108060E
:105950002388286807EE103AB8EE478AFFF7C6FB9F
:1059600007EE900AB8EEE77A27EE087AC7EE287AB3
:10597000FCEEE77A17EE903A24F8023BB442E7D106
:10598000084B074918680822012309F081F8002014
:1059900002B0BDEC028B70BD0348F9E7D43F002094
:1059A000D83F0020E03F002016FCFFFFC388D90746
:1059B00070B5044611D5037C22491F2B98BF4FF0C8
:1059C000A0410122D1F8101503F01F0302FA03F3DE
:1059D0000B4214BF1046002070BD9A0701682BD5FA
:1059E00023F002039BB2227C164D0E6C61791F2AB4
:1059F00002F01F008CBF2A464FF0A04202EB80024B
:105A000043F00103D2F8000720F00300C2F80007BA
:105A1000E3802046B047237C1F2B98BF4FF0A04562
:105A20000122D5F8101503F01F0302FA03F30B420D
:105A300014BF1046002070BD8B6D9847E388216825
:105A4000D1E700BF0003005038B5027C1B4B202A71
:105A500038BF4FF0A04302F01F020125D3F81445D0
:105A600005FA02F2144224D10D460446D1B9C3F816
:105A70000C2518461146FFF7B1FE217C0F4B20295B
:105A800038BF4FF0A043D3F81435134213D0236826
:105A900020469B6D9847236829461B6820469847F7
:105AA000002038BDC3F8082518461146FFF78EFEC2
:105AB000E3E7002038BD024838BD00BF00030050B6
:105AC00012FCFFFF08B5C3881B070AD5064B1868F0
:105AD000FFF734FC07EE900AFCEEE77A17EE900A27
:105AE00008BD024808BD00BFD43F002016FCFFFFE0
:105AF00070B5044615464FF4807600200E4A237197
:105B00002F2D4FF0010321812574E680E060226093
:105B1000637102D93220EBF77BFB084A0849094B35
:105B200042F8254000204FF0004540226061C1F856
:105B300004531A60204670BDE05704000C3F00205B
:105B40000060004000E100E00379DB0741D570B55B
:105B5000C388DA0682B00D46044603D5C3F3C023DA
:105B6000994234D0236820469B6D9847012D1ED062
:105B7000236820465B68984718200CF0CAFD002374
:105B800022892146CDE9003301230646FBF75CFB61
:105B9000E388666123F400639BB243F01003E38063
:105BA0003368DB69304602B0BDE8704018472820F2
:105BB0000CF0AFFD084A40F6AC5312682146064689
:105BC000FCF72CFFE388666143F40063E5E7466970
:105BD000E6E70248704700BFCC3F002016FCFFFFFD
:105BE000C188C1F3C021FFF7AFBF00BF10B50446A5
:105BF00084B00A46002368462189FDF7FFFD6369EA
:105C00004BB1029AD969DA616846521A0023CDE98C
:105C10000223FDF71DFE04B010BD00BF10B5C38800
:105C2000590684B0044609D49A060DD41B0603D540
:105C3000E3680BB10120984704B010BD0521FFF7C0
:105C4000D5FFE3889A06F1D501230222218968460F
:105C5000FDF7D4FDE388E9E710B5C388590684B0A1
:105C6000044609D49A060DD41B0603D5E3680BB18C
:105C70000020984704B010BD0421FFF7B7FFE38868
:105C80009A06F1D50123032221896846FDF7B6FD66
:105C9000E388E9E72DE9F04BD0F8204584B00546CC
:105CA00074B3DFF890800E4601274FF01F0BB4FA53
:105CB00084FCABEB0C03991907FA03F258F8219016
:105CC00024EA0204B9F1000F18D0B9F8062012F046
:105CD000E00F05EB83030FD0D3F8002782F4803266
:105CE000C3F80027D3F8003713F4803F48461CD090
:105CF000FFF794FFB9F80620930508D4002CD4D1FF
:105D00004FF0FF33C5F8203504B0BDE8F08BF8F74D
:105D10008BFD0028F2D00123052240F2FF316846B6
:105D2000FDF76CFD002CC0D1EAE7FFF795FFB9F84D
:105D30000620E1E70C3F002008B5094BD3F87C2191
:105D400002B908BD0021C3F87C114FF0A040FFF755
:105D5000A1FF20210348BDE80840FFF79BBF00BF1B
:105D60000060004000030050C38813F0E00F70B5DE
:105D700004460D4637D05A0616D423F0E003022D10
:105D80009BB22BD0032D21D143F04003E380202090
:105D90000CF0BFFC2146054608F07EFCFAF72CFD0E
:105DA0006561E861002070BD032D43D0666936B19E
:105DB000304608F075FD30460CF0A4FCE38823F073
:105DC000E0030022022D9BB2626107D0012DE38027
:105DD00007D143F08003E380002070BD43F020032F
:105DE000E380002070BD03685B689847237C154AF8
:105DF0001F2B98BF4FF0A04203F01F0302EB83015B
:105E0000D1F8006726F44036C1F8006758B1D1F8E0
:105E1000000740F44030C1F8000701219940E388B1
:105E2000C2F82015A7E7D1F8000740F40030C1F808
:105E30000007F2E723F0E00343F04003E380002093
:105E400070BD00BF0003005000B583B0042920D806
:105E5000DFE801F0100A0A0A030003689B6A98470A
:105E6000002003B05DF804FBFFF77EFF002003B0C5
:105E70005DF804FBC38803F0F0031BB9084603B0C8
:105E80005DF804FB036801919B6D984701990846F2
:105E9000E7E76FF47A70E4E738B5036804465B68B7
:105EA0000D469847E3885B0605D529466069BDE83D
:105EB000384008F077BC2368084A1B6D93424FF0C6
:105EC0000301204607D1FFF74FFF29466069BDE86F
:105ED000384008F067BC9847E7E700BF495E030019
:105EE000072913D8027C0B4B202A38BF4FF0A04360
:105EF00002F01F0203EB82030020D3F8002722F4F4
:105F0000E06242EA0121C3F8001770476FF47A702B
:105F1000704700BF0003005010B4037C0C4A0029F6
:105F20000CBF00244FF440741F2B03F01F018CBFE3
:105F300013464FF0A04303EB81030020D3F8002762
:105F400022F4E0622243C3F800275DF8044B704757
:105F500000030050027C0B4B202A38BF4FF0A043B7
:105F600002F01F0203EB8203D3F8002722F4403231
:105F7000C3F80027D3F8002742EA0141C3F800170D
:105F8000704700BF00030050F0B5154C236883B084
:105F9000CBB1144D2E6816B1002003B0F0BD3020F7
:105FA0000CF0B7FB2268104B1049132407460094ED
:105FB000FFF7E4F83846314601222F60FFF7C6F9B3
:105FC000002003B0F0BD38200CF0A3FB054608F01C
:105FD00025FD28460321256008F0C8FCD9E700BF4D
:105FE000E03F0020D43F00200000484200C00140B4
:105FF00003799A0754D5B1F5806F53D22DE9F0415A
:106000002A4F067C3A464FF0FF34002312F9015B19
:10601000B54208BF1C460133042BF7D1631C0D4663
:1060200006462AD0DFF89C80F388D8F8000043F0B9
:106030000803F380FFF75AF807EE905ADFED1C6A69
:106040001C4D1D4AB8EEE77AF7EE007AE7EE667A65
:106050002946012307EE100AB8EEC77A106867EEEA
:10606000877A0822FDEEE77A17EE906A25F8146029
:1060700008F00EFD0020BDE8F081FFF785FF0F4B13
:10608000DFF840801C78317CD8F80000013404F03F
:1060900003042246395531461C70FFF74BFAC3E71B
:1060A000074870476FF47A70704700BFB420002033
:1060B0000000803AD83F0020E03F00200E2300205F
:1060C00016FCFFFFD43F002070B5174D2DED028B5D
:1060D000044608EE101AFFF757FF2868FFF72EF95D
:1060E000DFED127A07EE100AB4EE677AF1EE10FADD
:1060F00004D0286817EE901AFFF7E8F8DFED0C7A65
:106100009FED0A7A2368B8EE488A204628EE278A4F
:10611000DB68C8EE077ABDEC028BBDE87040FDEE8F
:10612000E77A17EE901A1847D43F002000409C46AB
:10613000000080441F4BC2699A4220D01E4B9942F6
:1061400009D94FF0004103698B4202D0002301615D
:10615000837500207047194B99421FD8184B9942FC
:106160001FD8184B99421FD8174B99421FD8174B6D
:1061700099428CBF4FF080614FF00071E3E7144B00
:10618000994202D94FF0A051DDE7A3F57403A3F5BE
:1061900010539942D2D94FF02061D4E74FF080419B
:1061A000D1E74FF00051CEE74FF08051CBE74FF0F1
:1061B0000061C8E700F00240FF117A00FF083D00CF
:1061C0007F841E003F420F001FA107008FD00300F5
:1061D000FF47E801082A4FF000034175837514BF9B
:1061E0006FF47A7018467047704700BF10B50446C8
:1061F0000CF088FA204610BDC369D3F8182182B18B
:1062000000B50022C3F8182187B0D3F81811036A2B
:106210000191019933B10262406A984707B05DF875
:1062200004FB704701230322182102A8FDF7E6FAB8
:10623000F4E700BFF8B50446C0680121A17508B1B4
:10624000FFF76AFE606800286ED00121FFF764FE48
:106250006068002868D0036800211B68984763685D
:10626000A0681D7C002864D003685B689847A36819
:10627000E0681E7C617D002861D00368012994BF1D
:10628000002101211B689847E368617D1F7CE36959
:1062900020690139C9B200220229C3F8002598BF3C
:1062A0002C4AC3F8087598BF52F82110C3F80C5552
:1062B00088BF114694F91420C3F810650025C3F86F
:1062C0002405AA42C3F854154FF042004FF00701CD
:1062D000C3F8C055C3F80403C3F8001532DB02F15C
:1062E000604202F56142E02382F8003394F91430F1
:1062F000002B13DB5909603103F01F0301221648FC
:1063000002FA03F340F8213094F91430002B05DB36
:1063100003F01F015B098A4040F8232021690F48E0
:10632000BDE8F840F7F7E2BDA0684FF0FF35002860
:106330009AD1E068617D4FF0FF3600289DD14FF083
:10634000FF37A4E7064B02F00F021344E0221A764F
:10635000CCE700BF4458040000E100E050580400BE
:10636000FCEC00E038B504460498154DE360C4E940
:1063700001122560C8B100F073FFE061D8B100F0F0
:10638000E3FF23692075B3F1805F1CBF4FF080539A
:10639000236100220023A275E0696375236222460F
:1063A000084901F005F8204638BD042000F07AFFC6
:1063B000E0610028E3D15A20EAF72AFFE069DEE72E
:1063C00070580400F96103002DE9F047847D82B024
:1063D00005468A46DDE90A87164699462CB3B6F586
:1063E000803F35D2B8F5803F32D2EC690020C4F846
:1063F00044A5C4F84865C4F83495C4F83885C4F891
:106400001801D4F818310193019BC4F85005C4F861
:1064100040056FB1012240230C992F62696222610D
:10642000C4F8043302B0BDE8F087FFF703FFD6E7F6
:1064300003211820F7F740FFEB6901214022196181
:10644000C3F80423F8F7BCF8384602B0BDE8F0877B
:106450006FF47A70E6E700BFF0B585B0B2F5803F23
:10646000144606460F469C460A9D02D2B5F5803F6B
:1064700009D363462246394630460A9505B0BDE841
:10648000F04008F069B800240095CDE90144FFF719
:106490009BFF05B0F0BD00BF2DE9F041DDE90664CA
:1064A000DDF82080C4B1B2F5803F07468C46154622
:1064B0009E4602D2B6F5803F0AD3CDE9074806963C
:1064C00073462A4638466146BDE8F04108F070B888
:1064D000BDE8F041FFF778BF6FF47A70BDE8F08156
:1064E00030B585B000250122C17500F1180300F117
:1064F0001701CDE9015500920446FFF765FFA84258
:10650000ACBF207E014805B030BD00BF0AFCFFFFD4
:1065100021B9C36D4FF40472C3F8082300207047FB
:10652000B1F5614F38D00FD9B1F5612F19D01E4B9D
:1065300099422AD0B1F5613F1AD0C36D4FF0EB728A
:106540000020C3F824257047B1F5165F17D0B1F5C8
:10655000164FF2D1C36D4FF41D020020C3F824255D
:106560007047C36D4FF070620020C3F82425704758
:10657000C36D4FF06C720020C3F824257047C36DC3
:106580000A4AC3F8242500207047C36D4FF080529B
:106590000020C3F824257047C36D4FF46B02002020
:1065A000C3F82425704700BF40420F000050270069
:1065B00070B504460E4615462046F9F777FE0028CA
:1065C000FADC94F8343003F0FF00002BF4D1E36DD3
:1065D000317C2A7CC3F80C15C3F8142570BD00BFAC
:1065E0000021F9F749BD00BF70B5044684B0B9B9C0
:1065F000C3885A073DD5E36D04F13C012022C3F85E
:106600003415C3F83825E36D4FF404720021A163FB
:10661000C3F80423E36D01221A60002004B070BDAA
:1066200001290D46F9D190F83430002BF5D1F9F756
:106630003DFE0028F1D0A08DA38D94F82860616AFA
:106640005A1C92FBF6F306FB13239BB282B220681E
:10665000A385C36A895C20469847A38D628D9A42C0
:10666000DBD12B46022240F2FF316846FDF7C6F827
:10667000D3E7F9F76FFAE3885B07BCD4002004B0D6
:1066800070BD00BF10B584B004468DF8071002E05D
:1066900094F834301BB100F055FD0028F8D000F01C
:1066A00051FD70B1E36D0022C3F82021D3F8201111
:1066B000E36D03910399C3F85821D3F8583102933D
:1066C000029BE26D01230DF1070184F83430C2F81A
:1066D0004415C2F84835E26D936000F033FDA0B177
:1066E000E36D00E099B9D3F82021D3F85811002ABE
:1066F000F8D061B90122DA60E26DD2F85831002B8E
:10670000FBD00020002384F8343004B010BD0148D1
:10671000F8E700BF09FCFFFF70B50446C06D0E46E8
:1067200000F012FE05462EB1E18811F020011FD0C5
:10673000002070BDE3889B06FAD5002841DA236863
:106740000021DB69204698472046F9F7AFFD002875
:1067500004DD23680121DB6920469847216B204630
:10676000F9F7A8FAE38823F02003E380002070BD46
:1067700023681D4A1B6A934232D1E36D4FF40472C1
:10678000C3F808232046F9F791FD0028FADC94F8B5
:106790003430002BF6D1002D0DDB6B0920330122A4
:1067A000124905F01F0502FA05F541F82350BFF321
:1067B0004F8FBFF36F8FE38843F02003E380002007
:1067C00070BD43099B0003F1604303F5614300F092
:1067D0001F05012202FA05F5C3F880511D60AEE7DE
:1067E00020469847CEE700BF1165030000E100E0B6
:1067F00010B5C36D2249234A0160C3F8082382B053
:106800000446C06D00F0A0FD00280DDB43092033D5
:1068100001221D4900F01F0002FA00F041F8230098
:10682000BFF34F8FBFF36F8FE26DD2F8003223F0CA
:106830002003C2F80032E26D01235360E26D0021B3
:10684000C2F85811D2F85811E26D01910199D36044
:10685000E26DD2F85831002BFBD00023C2F800358E
:10686000E36D4FF0FF32C3F80C25C3F81425E06D3B
:1068700000F03CFD2046F9F725FD204602B010BD92
:10688000945804001403420000E100E010B50446EF
:10689000FFF7AEFF20460BF035FF204610BD00BFCE
:1068A000F0B514248BB00C25CDE900451F462346D6
:1068B00004460E461546F9F795F9504B2360002320
:1068C00084F83430E365A363002F00F08A803846F3
:1068D00000F0C6FCE065002800F08A804FF0EB7302
:1068E000C0F82435E36D0022C3F86C252046F9F783
:1068F000DDFC0028FADC94F8343003F0FF02002BB2
:10690000F4D1E36D307C297CC3F80C05C3F8141571
:10691000E36D3B48C3F80821D3F80811E36D0991F2
:106920000999C3F81021D3F81011E36D0891089963
:10693000C3F82021D3F82011E36D07910799C3F81C
:106940002421D3F82411E36D06910699C3F844215C
:10695000D3F84411E36D05910599C3F85821D3F894
:106960005811E36D04910499C3F84C21D3F84C31CC
:10697000E26D0393039BD2F80032224943F02003D7
:10698000C2F80032E36DC3F80403E06D224600F064
:106990000FFDE06D00F0D8FC00281BDB43099B00D5
:1069A00000F1604103F1604303F5614301F561418A
:1069B00000F01F00012202FA00F0202581F80053A8
:1069C000C3F880011860E36D08222046C3F8002553
:1069D0000BB0F0BD0C4B00F00F00034420221A76E0
:1069E000F1E7102000F05EFCE06500287FF476AF50
:1069F0005A20EAF70DFCE06D70E700BF94580400E0
:106A000014034A00556A0300FCEC00E030B5C36D86
:106A1000D3F83C55826BAA4283B0044606DA0022C2
:106A2000C3F80821D3F808310193019BA36B9D4261
:106A30000BDDA36B5A1C2344A26393F83C10204641
:106A4000F8F7BAFFA36BAB42F3DB0023A36303B0F9
:106A500030BD00BF70B5C56DD5F8083188B00446AB
:106A6000D3B1836B1F2B17DC002602E0A36B1F2B17
:106A700012DCC5F80861D5F808310193019BA36BBE
:106A80005A1C2344A26393F83C102046F8F794FF65
:106A9000D5F80831002BE9D1D5F81031002B3AD1C7
:106AA000D5F84C3173B10023C5F84C31D5F84C31D1
:106AB000E26D0393202104F13C030398C2F83435BE
:106AC000C2F83815D5F8243153B10023C5F8243164
:106AD000D5F824310493049BD5F88034C5F880346C
:106AE000D5F8443133B10023C5F84431D5F84431E9
:106AF0000593059BD5F82031C3B9D5F8583143B17A
:106B00000023C5F85831D5F858210792079A84F820
:106B1000343008B070BD0023C5F81031D5F81031FD
:106B200002932046029BFFF771FFB9E70023C5F8E7
:106B30002031D5F820210692069A84F83430204678
:106B4000F9F7B4FB002802DC0123EB60D5E720460F
:106B5000F8F786FFD1E700BF10B5034B036004468A
:106B6000FCF7F4F8204610BDD858040010B5054BCA
:106B700003600446FCF7EAF820460BF0C3FD20460C
:106B800010BD00BFD858040010B50446D4E90E2348
:106B900052694FF47A50002BD2F84415C2F84405DC
:106BA00022DA1B4A616B0020C2F81005013393FB07
:106BB000F1F201FB1233E36300F0D8FAD4E90E23BB
:106BC00052690121002BD1600ADB0233104A54F8CC
:106BD00023305B691B7C1B0243F00113C2F81035A4
:106BE000BDE8104000F0B4BA023354F82300FBF7BC
:106BF0003BFFE36B064A616B0020C2F81005002BD7
:106C0000D4D10129D2D14FF0FF33E363D4E700BFE1
:106C100000600040034B186808B1436B03B970472C
:106C2000FFF7B2BFE43F002070B50E4611460446A0
:106C3000FCF748F833681C4A1C49146000259B6B1C
:106C4000A6632160E563294630469847A06B184E3D
:106C500003684FF47A51DB6C9847A06B03682946B0
:106C6000DB6B144D4FF47A529847A06B124B0168BE
:106C70004269C3F82055CD694432C3F82425B54292
:106C80004FF00402C3F8042509D10C4BC3604B6AD2
:106C90009847A06B03689B6A9847204670BD0749D8
:106CA000A847A06B0168F2E7E43F0020D858040031
:106CB000156402000061004000F00140156C030003
:106CC00038B50D460446FBF7CFFF6869094A0368EB
:106CD0001B6893420AD1636B012B01D0002038BDA1
:106CE000A06B03685B6B9847002038BD0021984774
:106CF000F1E700BF31980200007A704790F9103038
:106D00004901002BC9B207DB03F1604303F561437E
:106D1000002083F800137047034A03F00F031A445E
:106D200000201176704700BFFCEC00E090F91030B5
:106D3000002B11DB5A0910B460320A4C03F01F0318
:106D4000012101FA03F344F8223043695DF8044B52
:106D5000012200201A607047436901221A60002056
:106D6000704700BF00E100E090F91030002B07DB16
:106D700003F01F0001225B090249824041F82320F1
:106D80000020704700E100E010B5036804461B6B6B
:106D90009847636901225A60002010BD90F91030B5
:106DA000002B0DDB5A0920320121064803F01F0396
:106DB00001FA03F340F82230BFF34F8FBFF36F8F18
:106DC0000020704700E100E0012902D006D302292B
:106DD00002D14369C3F804150020704743690022BB
:106DE000C3F8042500207047437A013B99420FDC29
:106DF00010B44FF48033446901F5A87003FA01F12F
:106E000044F820200020C4F804135DF8044B7047B8
:106E10006FF47A70704700BF437A013B994211DCEE
:106E200030B4446904EB81054FF48033D5F8400554
:106E300003FA01F10244C5F840250020C4F8041308
:106E400030BC70476FF47A70704700BF437A013BE3
:106E5000994208DC42694FF4803303FA01F1C2F829
:106E60000813002070476FF47A707047032907D821
:106E7000DFE801F01710090243690322C3F808256F
:106E800001720020704743690222C3F8082501728D
:106E90000020704743690022C3F8082501720020D2
:106EA000704743690122C3F808250172002070472A
:106EB00010B5044B036000230446C380F6F7DEFEE2
:106EC000204610BDA049040010B5064B0360002306
:106ED0000446C380F6F7D2FE20460BF013FC204692
:106EE00010BD00BFA049040010B5034629B190F9B8
:106EF0001020002A0CDA002010BDC288D107FAD574
:106F0000196822F00102DA808B6A9847002010BDD0
:106F10005409084951F8241002F01F0221FA02F224
:106F2000D407E8D5C288016842F00102C2800B6B29
:106F30009847E0E700E100E038B590F91030002B09
:106F4000044611DA0025236820461B6B98476269C6
:106F50000123D360D368002BFCD11DB123682046E8
:106F60009B6A9847002038BD5909044A52F82150BD
:106F700003F01F03DD4005F00105E4E700E100E058
:106F8000B1F57A5F14D830B4002201254FF47A5459
:106F900005FA02F3B4FBF3F3994205D3436930BC1D
:106FA0000020C3F8102570470132092AF0D1F5E717
:106FB0006FF47A70704700BF70B590F91050036895
:106FC000002D04461B6B07DA984763690122DA64D7
:106FD000D3F84C65304670BD69090A4A52F8216001
:106FE0009847636905F01F05012226FA05F5DA6462
:106FF000D3F84C65EB07EDD5236820469B6A98478C
:10700000304670BD00E100E00E4BF0B453F8207044
:10701000B7B100237E6918469C46012506EB830222
:1070200005FA03F4D2F84011013319B12043C0B27C
:10703000C2F840C1042BF1D1FB680BB1F0BC18477A
:10704000F0BC7047E83F00200020FFF7DDBF00BF25
:107050000120FFF7D9BF00BF0220FFF7D5BF00BF57
:107060000320FFF7D1BF00BF0420FFF7CDBF00BF53
:10707000F8B52D4B03600026466004460D461746C2
:10708000F6F78CFD29492A48277403238D42E660D0
:107090006561206063723BD0264A95422FD002F58D
:1070A0008032954236D1244A204642F82340FFF7E9
:1070B00075FE94F9103062690121002B516020DBCC
:1070C00003F1604303F56143402283F80023012369
:1070D0001A464FF47A51092B02FA03F003F1010525
:1070E00004D0B1FBF0F0B0F57A7F1AD861690322C1
:1070F000C1F810352046C1F808252272F8BD0223D8
:10710000D1E70E4A03F00F031A4440231376DEE75B
:107110000123C8E70A4B9D4208BF0423C3D033466E
:10712000C1E72B46D7E700BFA0490400009000400C
:107130000859040000A00040E83F0020FCEC00E0FB
:1071400000B00140014B93F9000070470C4700204C
:10715000054A1378013B5BB2002B01DD13707047C9
:107160000023137062B670470C47002072B6024AC3
:1071700013780133137070470C47002020BF70470D
:107180004FF0805130B44C6E086E0022234642EA24
:1071900000042046194630BC704700BFBFF34F8F34
:1071A0000549064BCA6802F4E0621343CB60BFF3A3
:1071B0004F8F00BFFDE700BF00ED00E00400FA05BF
:1071C000704700BF08B50B4B0122C3F840250221D0
:1071D0000022930003F1A0430132202AC3F80017D4
:1071E000C3F8001AF5D1FFF7EBFFBDE80840E9F757
:1071F000E1BB00BF00E001400048704700000220F2
:107200004020F7F715BC00BF8163704741637047AA
:10721000C1637047C06B7047EFF30880704700BFD1
:10722000406B7047C0E900128360704770B5094D2C
:10723000094CAE68204631464FF480720BF0A0FA3C
:10724000AC60AB68054831462246BDE87040F6F7B1
:107250004DBE00BF00ED00E0002400206059040096
:10726000F0B40E4F0E4E3C680523012505FA03F2DB
:10727000224203EB430103F1FF3303D156F82110FF
:10728000814205D05A1CF1D100210846F0BC70475C
:1072900022433A600846F0BC704700BF004000201F
:1072A00080590400F0B40F4FDFF83CC03C686246E0
:1072B0000523012505FA03F1214202D1566C304223
:1072C00007D1013B591CA2F10C02F3D10020F0BC04
:1072D000704703EB430321435CF823003960F0BCA3
:1072E000704700BF0040002080590400144B9842B2
:1072F0001ED003F5E04398421CD0A3F534339842E6
:107300001AD003F50433984218D0B0F1402F06D0BC
:10731000A3F50033984208BF002001D07047012038
:10732000084901220B68824023EA02030B60704780
:107330000520F5E70420F3E70320F1E70220EFE75B
:10734000008002400040002008B5174B984218D03A
:10735000B0F1402F1ED003F5003398421CD0A3F5A6
:10736000043398421AD003F53433984218D0A3F569
:10737000E043984216D05A20E9F74AFF4FF0FF3019
:1073800008BD0023094A03EB430302EB830393F98F
:10739000040008BD0123F5E70223F3E70323F1E727
:1073A0000423EFE70523EDE7003000408059040097
:1073B00038B5184B98420D46144620D0B0F1402FF6
:1073C0001FD003F5003398421DD0A3F50433984233
:1073D0001BD003F53433984219D0A3F5E04398420B
:1073E00008BF052304D05A20E9F712FF4FF0FF33FE
:1073F000094A0A4842F8235040F8234038BD002388
:10740000F6E70123F4E70223F2E70323F0E704237E
:10741000EEE700BF00300040044000201C40002088
:10742000024A034B10681B68184700BF1C4000202D
:1074300004400020024A034B50685B68184700BFB5
:107440001C40002004400020024A034B90689B68C7
:10745000184700BF1C40002004400020024A034B94
:10746000D068DB68184700BF1C40002004400020A3
:10747000024A034B10691B69184700BF1C400020DB
:1074800004400020024A034B50695B69184700BF63
:107490001C40002004400020002815D000604160FE
:1074A0008260C360046145618661C76144460462CD
:1074B0004C464462544684625C46C462644604633B
:1074C0006E46466374468463002906D0C46B043C50
:1074D000043925680D60B442F9D1946BA646566B09
:1074E000B546002B06D0D46B043C043B1D682560D8
:1074F000B442F9D1146BA446D46AA346946AA24656
:10750000546AA146146AA046D769966955691469F8
:10751000D36851681068926870470060416082606B
:10752000C360046145618661C761444604624C469C
:107530004462544684625C46C462644604636E4698
:10754000466374468463C46B043C043925680D604B
:10755000B442F9D1C769866945690469704700601A
:1075600041608260C360046145618661C7614446D1
:1075700004624C464462544684625C46C46264467B
:1075800004636C4644637446846304697047846B87
:10759000A646446BA546046BA446C46AA346846A07
:1075A000A246446AA146046AA046C769866945693D
:1075B0000469C36882680068416870470649074AE1
:1075C000074B9B1A03DD043BC858D050FBDC00F08E
:1075D00025F8FFF7F7FD000054620400302000207A
:1075E00000240020FEE7FEE7FEE7FEE7FEE7FEE7F9
:1075F000FEE7FEE7FEE7FEE7BFF34F8F0549064BC8
:10760000CA6802F4E0621343CB60BFF34F8F00BF40
:10761000FDE700BF00ED00E00400FA0508B55E4B91
:107620001B680D2B57D14FF080414FF08052002046
:10763000C1F80C01594BC1F81001C1F83805D2F856
:107640000404C3F82005D2F80804C3F82405D2F8CE
:107650000C04C3F82805D2F81004C3F82C05D2F89E
:107660001404C3F83005D2F81804C3F83405D2F86E
:107670001C04C3F84005D2F82004C3F84405D2F82E
:107680002404C3F84805D2F82804C3F84C05D2F8FE
:107690002C04C3F85005D2F83004C3F85405D2F8CE
:1076A0003404C3F86005D2F83804C3F86405D2F88E
:1076B0003C04C3F86805D2F84004C3F86C05D2F85E
:1076C0004424C3F87025D1F80034D80744BF6FF0C4
:1076D0000103C1F80034324AD2F8883043F4700311
:1076E000C2F88830BFF34F8FBFF36F8F4FF0102376
:1076F000D3F80C22D20731D4D3F80022002A07DBBA
:10770000D3F80432002B03DB264B274A1A6008BD4E
:10771000264A0123C2F80435D2F80034002BFBD0EE
:107720004FF010231221214AC3F80012D2F800347E
:10773000002BFBD04FF0102312211C4AC3F8041277
:10774000D2F80034002BFBD000231849C2F80435CE
:10775000D1F80034002BFBD0FFF74EFF134B012272
:10776000C3F80425D3F80024002AFBD04FF01021E1
:107770000E4BD1F80C2222F00102C1F80C22D3F8F2
:107780000024002AFBD00021084AC3F80415D2F8CF
:107790000034002BFBD0DFE73001001000C00040B8
:1077A00000ED00E0BC2000200090D00300E001408C
:1077B000D0E90223D1E90201994208BF90422CBFCF
:1077C00001200020704700BF2DE930480C4800F030
:1077D000CFFA0C4B0C49D3E90023D1E9004512EB59
:1077E000000B43F1000CAC4508BFA3455846614669
:1077F00003D21BF180704CF10001BDE8308800BF5E
:10780000C0200020F83700200038002030B583B0B9
:1078100005460C460B4801A900F07CFB70B10570D1
:10782000446001A9074800F07FFB08B903B030BDF0
:10783000054800F0A1FA002003B030BD042003B0D9
:1078400030BD00BF90400020C02000201B4B1B78A3
:107850002DE9304823B118B1037F03F0FF041BB9B1
:1078600000242046BDE830880546FFF7ADFFD5E986
:107870000223994208BF90421BD32B69BBB1D5E9C3
:107880000530984729690029EAD02B7F03F0FF04CF
:10789000002BE5D0D5E9022312EB010B43F1000CDC
:1078A000C5E902BC2946064800F0EEFBD9E72B7774
:1078B000E5E72946024800F0E7FBD2E70D47002044
:1078C000CC5904002DE9F04F83B0834600F024FA30
:1078D00040B15B49D1E9002312F1807443F1000506
:1078E000C1E900450021584600F030FA554C30B14E
:1078F000236823B12068FFF7A9FF0023236001213B
:10790000584600F023FA20B1FFF75EFF4E4BC3E963
:10791000000101A94D4800F017FB08B34C4E4D4F34
:107920004A4D0378012B6CD073D3022B0ED1304615
:107930004FF0000800F0BCFB30B180F81C803046EE
:1079400000F0B6FB0028F8D101233B7001A92846BE
:1079500000F004FB01A9284600F0F6FA0028E0D167
:10796000DFF8EC80DFF8F090DFF8F0A003E00D28FE
:1079700038D000232360404600F0A0FB2368002895
:1079800058D05BB12368D0E90201D3E902239942C0
:1079900008BF90421FD223681B7F3BBB404600F0CC
:1079A00087FBD0E902670546FFF70EFF361A67EB43
:1079B0000107012E77F1000310DB56451BD8AA689A
:1079C0004FF496030021484600F026F90028CED156
:1079D000236843B3256003B0BDE8F08F002148461B
:1079E00000F0AAF92846FFF731FFC2E721684046B8
:1079F00000F04AFBD2E7484600F0BAF900EB0A0271
:107A0000DEE741682368994211D0304600F05AFB06
:107A10009CE741680B7F002B98D101230B77304600
:107A200000F032FB92E7584600F0CCF8D2E7002392
:107A300023608BE7002BCED1584600F0C7F8CAE789
:107A4000F8370020A040002000380020904000209F
:107A5000CC5904000D470020C0200020FFFFB400D7
:107A600010B5134B13491B68134882B05822019379
:107A7000082300F015FA044610B1204602B010BDEC
:107A80000E4A0F4801A900F05BF804460028F4D123
:107A900001210B4800F038F901231946094A08482A
:107AA00000F098F8084B012220461A7002B010BD71
:107AB000C85904003840002090400020C5780300D9
:107AC000C0200020FFFF7F000D4700204AB1A1F138
:107AD00001010368B1FA81F14909C3E904120020E8
:107AE00070470720704700BF037F0BB1002070472D
:107AF0002DE93048826104460D46FFF765FE236993
:107B000010EB050B41F1000CC4E902BC03B1256187
:107B100021460020BDE83048FFF778BE002301462B
:107B200003770120FFF772BE014800F04FB800BF95
:107B3000C0200020014800F045B800BFC020002050
:107B4000F0B444791C4D1D4FE600AB1947F82420D2
:107B50001B7973BB03680A88C3F808258A7890F9F3
:107B600004305201002BD1B2DFB21CDB5A09920063
:107B700002F1604203F1604302F5614207F01F0722
:107B80004FF0010C03F561430CFA07F783F800137B
:107B9000C2F880711760AB19012245F834001A71E0
:107BA0000020F0BC7047064B07F00F073B441976E6
:107BB000F1E70820F0BC7047A4400020AC40002052
:107BC000FCEC00E0036801221A60704703680122A0
:107BD0005A60704770B48C0004F5A0740068A4B2B9
:107BE0004FF480358D400026C0F80853C0F8485344
:107BF000065183B00459019401F5A87122F07F4227
:107C0000019C40F82120C0F844530BB1C0F8045344
:107C100003B070BC704700BF2DE9F04F04684FEA15
:107C200081084FF480358D4004EB080C08F5A076F0
:107C3000C4F84853B6B2C4F8085381460F464FF013
:107C4000000AD4F80415DCF84005CCF8401544F8D7
:107C500006A085B0401A20F07F40A159029101286A
:107C60009B4622F07F42029B0ED1264B019243F0AD
:107C700001034FF480609847D9F80040019A44F816
:107C800006A0A3590393039BD4F80465C4F8445396
:107C9000931B23F07F43012B18D107F5A877194BCD
:107CA000013244F8272043F001034FF480609847E5
:107CB000D9F80040D4F804359E421FD10020C4F802
:107CC0004453C4F8045305B0BDE8F08FA044531EDC
:107CD000C8F84025D4F80415CBF1FF1B5B1A0BF54F
:107CE0007F4B23F07F439B4508D3002BE6D1013225
:107CF000C8F84025D4F804359942DFD00D2005B0EE
:107D0000BDE8F08FA02F040003680222C3F84423CB
:107D100009B1C3F8042370470368D3F8040150B1D4
:107D2000002282B0C3F80421D3F804310193019BEF
:107D3000012002B07047704702684FF4803303FAA5
:107D400001F1C2F84813C2F808137047890001F521
:107D5000A07189B20368585840B100225A5082B0CD
:107D60005B580193019B012002B07047704700BF30
:107D70000368D3F80405704790F90430002B09DB41
:107D80005A09403203F01F030121034801FA03F3AB
:107D900040F82230704700BF00E100E0024A034B88
:107DA00010681B68184700BFA4400020AC400020AA
:107DB000BAB11268D243C1B130B401440C4C4D1E6B
:107DC000013810F8013F082153405A08DB0748BF2B
:107DD000624001391346F8D18542F2D1D04330BC1C
:107DE00070474FF0FF320029E6D1D043704700BF03
:107DF0002083B8ED10B483B050E8013F9CB2B0F8D6
:107E00000EC06444B0F80CC0644528BFA4EB0C0459
:107E1000B0F808C0644502BFBFF32F8F002208E00E
:107E2000C4EA030440E8014CBCF1000FE4D14FF078
:107E300001028DF803200193019B9DF803000B6064
:107E400003B05DF8044B704710B483B050E8023FB4
:107E50001FFAA3F4B0F806C0644502BFBFF32F8F2A
:107E6000002211E0B0F80EC06444B0F80CC06445C4
:107E700028BFA4EB0C04C3EA044440E8024CBCF164
:107E8000000FE3D14FF001028DF803200193019B15
:107E90009DF803000B6003B05DF8044B704700BF12
:107EA00099B110B4B2FBF3F403FB1424A4B244B9A7
:107EB000C0E9001484608281C38120465DF8044BD0
:107EC000704709205DF8044B70470E20704700BFD3
:107ED00082B050E8022FC188B2EB324F4FF000035E
:107EE00017BF92B241EA014142EA014104E042680F
:107EF000B2EB324F08BF012340E80212002AE8D15A
:107F00008DF807309DF80730002B0CBF11200020A2
:107F100002B0704738B50446FFF76CFF10B10B880C
:107F20002068184438BD00BF0A884B889A4201D0A7
:107F30000020704750E8012FC2EA024240E80123C6
:107F4000002BF7D10120704738B50446FFF77CFFBE
:107F500010B14B882068184438BD00BF0A884B8890
:107F60009A4201D00020704750E8022FC2EA224214
:107F700040E80223002BF7D10120704733DF704720
:107F8000064A074B10B5002414701C60BFF35F8FC6
:107F90000449054800F062F8204610BD0F47002054
:107FA000B8400020D8590400B04000202DE9F0412D
:107FB000244E05460121304604F0FCFFBFF35F8FDD
:107FC000D8B9042D2BD0204B1A789AB91F4C012216
:107FD00025701A701E4F7B688BB1B84605E040468D
:107FE00000F046F87B6853B125781B68284698470F
:107FF0000028F4D1BFF35F8F3060BDE8F0812378B3
:10800000023B012B0ED903F0FBF9C0B94FF08043BE
:108010000122C3F80025BFF34F8F20BFFDE70B4CB3
:108020002578D7E7BFF34F8F0A490B4BCA6802F494
:10803000E0621343CB60BFF34F8F00BFFDE7FFF754
:108040009DFFE3E7B84000200F4700200E470020C7
:10805000B040002000ED00E00400FA05D1E9003254
:108060009342C0E9001304BF00234360704700BF80
:10807000436843B10268D2E901210B449342436053
:1080800004BF00234360704770B54468064620680B
:108090000D4618B908E02468206828B1B36829465D
:1080A00098470028F7D120682860256070BD00BF80
:1080B0004368186808B102681A6070474368186816
:1080C000704700BF4068036873B18B4203D107E07B
:1080D000814204D0034618680028F9D17047184639
:1080E0000B68036001207047184670476DDF7047CA
:1080F00079DF70477DDF704764DF70472DE9F04F0F
:1081000083B004880C9EBDF83490B6F800A0002C13
:1081100039D09846002317468B4605461C4603E097
:108120002A880134A24224DD6A6852F824000190B2
:1081300000220DF1030101A8FFF7DEFF20BB9DF82F
:108140000320BA42ECD13288D11903B349452BDC64
:1081500042440DF1030101A80123FFF7CDFF98B9B7
:1081600031889DF803200A4432802A880134A242D3
:10817000DADC43B13388013BA3EB0A039BB2FF2B4C
:1081800012D808F80A30002003B0BDE8F08F0231A1
:108190000132894592B207DB328008F802B032889A
:1081A000013292B23280D3E70C2003B0BDE8F08FE9
:1081B0002DE9F04182B01746089CBDF82450009488
:1081C0000195022206469846FFF798FF10B102B0CB
:1081D000BDE8F0814346394630461022CDE90845D6
:1081E00002B0BDE8F041FFF789BF00BF2DE9F047BD
:1081F00090F82D3017881446002286B005460E46AA
:108200002280002B40F0FC80AB78002B40F0FE80F9
:10821000EA78A2B12388D91CB94200F2F380022186
:10822000F154238801339BB201212380F154238828
:108230000B449BB22380F25423880B4423806B6849
:10824000B3B12288D11CB94200F2DC80022093F93C
:108250000010B054238801339BB20A222380F254C9
:10826000238801339BB22380F15423880133238078
:108270002B89002B40F01B812B8A002B40F024819E
:108280002B8B002B40F02D812B6A002B44D02288B1
:10829000911DB94200F2B6801988052940F2038188
:1082A0006FF4486801EB080080B24FF27D3C6045F6
:1082B00040F2F9805888052840F2F5806FF4486E46
:1082C00086441FFA8EFEE64540F2ED804FF6FF7CB5
:1082D000614504D0604502D0814200F2E48005216E
:1082E000B1542288013292B212212280B1542288E4
:1082F000013292B222801988B1543244090A517075
:108300002288023292B222805B88B35432441B0A24
:1083100053702388023323806B6A002B2FD09988F7
:10832000B4F800C0881C0CF102020244BA4269D8B9
:10833000FE2867D8033106F80C102288013292B269
:10834000FF212280B1542288013292B22280198802
:10835000B1543244090A51702088023080B2208022
:108360009A8862B199680393002900F09C80304498
:108370000AF006FA039B9A8823881344238095F811
:108380002C30002B40F08A80287800283BD02B88A6
:10839000012B00F08880228802F1020CBC4531D804
:1083A000012804D16B78023313449F422AD3BB1EA9
:1083B0009B1A06A99BB221F8083D06EB0C00FFF7BB
:1083C00099FE00BB2978BDF81020022900F0E18059
:1083D00068789042C0F0D8809342C0F0D5800921DF
:1083E000FE2A0FD82388501CF054238801339BB2F7
:1083F0002380F154238801331A442280002002E0B4
:10840000082F23D80C2006B0BDE8F087238804335A
:10841000BB42F7D804A8FFF76BFE0028F3D12388EE
:10842000BDF810200321F154238801339BB2192198
:108430002380F154238801339BB2F1182380F25436
:10844000120A4A70238802332380E1E604A8FFF76A
:108450004DFE0028D7D123889DF810200821F15423
:10846000238801339BB21B212380F154238806A962
:1084700001339BB251F8070D2380F05033448988B3
:108480009980238806339BB212F0FE0218BF0122A6
:108490002380F254238801332380B5E6D5F8288061
:1084A000B8F1000F2AD1072006B0BDE8F087CDE96A
:1084B000004733460622022105F10800FFF778FE47
:1084C00000283FF4D9AE9EE7CDE9004733460722A6
:1084D000032105F11000FFF76BFE00283FF4D0AE3A
:1084E00091E7CDE9004733461522142105F1180024
:1084F000FFF75EFE00283FF4C7AE84E7B8F804300B
:108500000233FE2B3FF67EAF4FF000094FF0160A04
:1085100022880133B354238801339BB2238006F8A9
:1085200003A0238801339BB22380B8F80020F254C3
:108530003344120A5A702088023080B22080B8F882
:10854000043030441A465BB1D8F808301946002B85
:10855000A9D00AF015F9B8F8042023881344238021
:1085600009F1010995F82C305FFA89F94B4509EBBF
:1085700049087FF609AFAB6A03EB8808B8F8043006
:108580000233FE2BC4D93DE7012906D01A46082143
:1085900026E79342BFF423AFF8E78342F6D30246BF
:1085A00008211DE775DF704776DF70477ADF704777
:1085B0007BDF704730B51D4B1A8884B2A24283B06E
:1085C00001D003B030BD1A4D187A297B88420FD3F1
:1085D0002A7C00211972E2B96B69002BF1D00022CC
:1085E000ADF806408DF8042001A8984703B030BDCF
:1085F000104603F10A01FFF7D5FF28B11128E0D09A
:10860000AB69002BF1D1DCE71A7A01321A7203B0A0
:1086100030BD3B212046FFF7C7FF30F00803DBD019
:10862000AB69002BD8D09847D6E700BFD8400020D0
:10863000BC40002070B54B7A82B002467BB90F4C2B
:108640000E7A4868D4E90153002E0CBF294619461A
:10865000FFF74AFA08B1A3696BB902B070BD074BC6
:108660005B6900200872002BF7D00121ADF80620CD
:108670008DF8041001A8984702B070BDBC400020DE
:108680008388B3F5FA7F28BF6FF4F97230B428BF3E
:108690009D1804884A8838BF002594420DD8408828
:1086A00090420AD38888A84207D303F2F313834287
:1086B00034BF0020012030BC7047002030BC704720
:1086C0000288112A70B503462FD01BD9122A07D071
:1086D000502A04D13A4CC188E289914236D070BD0B
:1086E000384C828825889542F9D100F1080104F1BF
:1086F0000A00FFF7C5FF607221462846BDE87040BA
:10870000FFF798BF102AEAD1C27B012AE7D12D4C8E
:1087100021884FF6FF7291422FD0294B9B69002B85
:10872000DDD00420BDE870401847264C828823889D
:108730009A42D4D16068FFF7F1F918B1204B9B69D8
:1087400003B198474FF6FF73238070BD028A022A57
:10875000C5D11C4D82882E889642C0D1123000F0BF
:1087600061FA30BB6868FFF7D9F90028B7D0A36970
:10877000002BB4D0BDE870401847134A8588258087
:1087800003CA04F10A02C4F80E1003F11001002319
:10879000C4F80A0023721046FFF772FF084B60729C
:1087A000DB89002B9BD121462846BDE87040FFF7AE
:1087B00041BF29463046BDE87040FFF73BBF00BFD0
:1087C000BC400020D8400020EC40002000282FD0E2
:1087D000F8B5054606460FCD164F3C460FC48446F5
:1087E00095E80700144B3B6084E80700BCF1000FDC
:1087F00018D06046FFF7DAFE98B932681068516801
:1088000003C30E4B0E490F4A18464FF6FF7440F84B
:10881000041F1C800021FFF759F9002814BF032012
:108820000020F8BD1846FFF7C3FE0028E9D0F8BDC8
:108830000E207047BC400020EC400020D8400020B3
:1088400008380020B5850300F0B583B00190A1B1D0
:10885000019D7DB100240E4617462546214601A8FC
:1088600004F064FB394610B1A0B2B04701350134C1
:10887000142CF3D1284603B0F0BD0D46284603B0B2
:10888000F0BD00BF0146014804F050BBF840002095
:1088900070B582B006460191019D6DB10024254658
:1088A000214601A804F042FB18B106EB450301354F
:1088B0009C800134142CF3D13046356002B070BD79
:1088C0002DE9F0470388B0F80480103B8CB00746D0
:1088D0000A2B1BD8DFE803F02F281A1A1A1A1A1AC3
:1088E0001A1D0600047A38482409032C41464BD847
:1088F00004F012FB032C49D04146344804F00CFB31
:10890000022C47D04146324804F006FB0CB0BDE8CB
:10891000F087037A002BF9D1437A2B481B07414695
:108920004FD404F0F9FAF1E741462A4804F0F4FA8A
:108930000CB0BDE8F087284EB3680CA8DB4340F8C4
:10894000303D716804F058FB009901A8FFF7A0FFC3
:10895000019B83B10DF106097C3609EB430A39F816
:10896000025F1E4C20462946043404F0D5FAA64284
:10897000F8D1D145F3D1B8F1130F12D9042003F087
:10898000A5F90CB0BDE8F08704F0ACFA41460F48F9
:1089900004F0A8FA41460E4804F0A4FA0CB0BDE871
:1089A000F08741460B4804F09DFA41460B4804F01D
:1089B00099FAFB7B012BA9D04146094804F092FAB1
:1089C000A4E704F08FFAA1E70C4100200841002041
:1089D00004410020FC400020F4400020F84000202A
:1089E00000410020132801D900207047FFF74ABF3B
:1089F000132801D900207047FFF744BF132801D97D
:108A00000020704710B50446FFF73CFF08B900206E
:108A100010BD2146034804F089FA002814BF022043
:108A2000012010BDFC400020132801D90020704710
:108A300010B50446FFF726FF08B9002010BD2146F7
:108A40000248BDE8104004F071BA00BF04410020A4
:108A5000132801D90020704710B50446FFF712FF14
:108A600008B9002010BD21460248BDE8104004F0BE
:108A70005DBA00BF08410020132801D900207047CB
:108A800010B50446FFF7FEFE08B9002010BD2146D0
:108A90000248BDE8104004F049BA00BF0C41002074
:108AA00070B50A4B82B002AE9B6846F8043D0025C3
:108AB0002C462146304604F039FA013400B1013524
:108AC000142CF6D1284602B070BD00BFF44000203F
:108AD00070B50E4A82B0D36802A8DB4340F8083D67
:108AE00002AE916804F088FA009B46F8043D002528
:108AF0002C462146304604F019FA013400B1013504
:108B0000142CF6D1284602B070BD00BFF4400020FE
:108B100010B5034B04465968FFF7BAFE204610BD56
:108B2000F440002010B5094982B0CA6802ABD243B4
:108B300043F8042D04468968184604F05DFA20467F
:108B40000199FFF7A5FE204602B010BDF4400020B9
:108B500008B51821024804F0F3F9C0B208BD00BFFF
:108B6000F440002070B50C4C054620460E4604F03B
:108B7000DDF908B1132D01D9002070BD2846FFF79B
:108B800081FE0028F8D0F01D04EB80002946BDE8E6
:108B9000704004F0CBB900BFF4400020F8B50E4C93
:108BA0000546204617460E4604F0C0F908B1132DBD
:108BB00000D9F8BD2846FFF765FE0028F9D0F01D62
:108BC00004EB800029461FB9BDE8F84004F0A4B9C1
:108BD000BDE8F84004F086B9F4400020034B9B68E0
:108BE0000A4601461846FFF72FBE00BFF44000209A
:108BF000F8B50A4C05460E4620462946174604F0AD
:108C000095F900B9F8BD063504EB85043A4660686D
:108C10003146BDE8F840FFF717BE00BFF440002022
:108C2000AADF7047007800F0010070470078C0F3B9
:108C30004000704770B58C7890B01346002C40F01F
:108C4000AF8001228DF80E204A7C0C88ADF80C40D4
:108C5000013A00248DF80240ADF80040042A09D8FA
:108C6000DFE812F00500C600CA00CE00C2001122E3
:108C70008DF800208C7C013C042C09D8DFE814F02E
:108C80000500C800CC00B000C40011228DF80120FE
:108C9000CD7B9DF802400A7C0E7B65F3C3040D7DFD
:108CA00062F30414002D4A7B14BF0225012566F3EC
:108CB000000465F3420412F0300F4FF000058DF808
:108CC0000240CDE90955CDE90B55CDE90D550F957C
:108CD00069D10022CDE906224D7B08928C688A7BFF
:108CE0008DF824508DF8252003AD8A88CDF814D056
:108CF0000495ADF81C201CB1CA880894ADF8182062
:108D00008C69002C2FD000268DF80660ADF8046029
:108D10002688227BADF82C606688ADF82E6001AD08
:108D200066680A96013A0D95042A28D8DFE802F011
:108D300024948488900011228DF80520A67A9DF84D
:108D40000650E27A66F3C30562F30415A27B267A25
:108D5000002A2C4666F3000414BF0222012262F3AB
:108D600042048DF80640CA6902B10C9209A904AA0E
:108D7000FFF756FF10B070BD11228DF80420627B02
:108D8000013A042ADAD801A555F822F0378D0300FC
:108D9000298E0300318E0300218E0300498E0300CB
:108DA0008DF80E4050E7CA7CADF80850013A8DF8B6
:108DB0000A50042A07D8DFE802F0035F5B5753002C
:108DC00011228DF809209DF80A2002AC0E9401248E
:108DD00064F3420211248DF80A208DF8084078E7E8
:108DE00012228DF8012053E722228DF8002041E75E
:108DF00021228DF800203DE731228DF8002039E74F
:108E000012228DF8002035E722228DF801203FE75D
:108E100021228DF801203BE731228DF8012037E730
:108E200012228DF8052089E721228DF8052085E79B
:108E300031228DF8052081E731228DF804209EE74C
:108E400012228DF804209AE722228DF8052075E77A
:108E500022228DF8042092E721228DF804208EE74B
:108E600022228DF80920AEE712228DF80920AAE708
:108E700031228DF80920A6E721228DF80920A2E7EA
:108E800090DF7047A5DF7047B5DF704710B500234E
:108E900084B004466A46184602A9ADF80840ADF809
:108EA0000A4003930093ADF80430FFF7E9FF04B0E4
:108EB00010BD00BF08B90E20704730B403464FF014
:108EC00017151B240020172219611D6041F61B3164
:108ED0001C71DA801A819872D872998130BC7047FF
:108EE0008388C3B930B50288232A83B00C4613D0D7
:108EF00036D93A2A18D0552A3FD0242A5ED0A37AF0
:108F00003BB1E1880020FFF7BDFF10B90123A0723B
:108F1000E37203B030BD7047007A0B7B984228BFE4
:108F20001846FFF7B3FFEAE74289C98825698A42F4
:108F300028BF0A46172A38BF1722228165B1E17A75
:108F400051B140F67721ADF80010ADF80230ADF820
:108F5000042069462046A8470023E372A372D8E79D
:108F6000102A3FD0112ACAD1172241F61B31A37211
:108F7000E372E2802281A181CBE7C288C988A37213
:108F8000172A38BF17228A4228BF0A46184622816C
:108F9000FFF77AFFE37A002BB1D12269002AAED025
:108FA0002189ADF8023040F67720ADF80000ADF829
:108FB0000410204669469047A37AA1E70A69017A1E
:108FC0006173002A9BD04DF67A20ADF80430ADF8DD
:108FD00002308DF80410ADF8000069462046904735
:108FE000A37A8DE7C37B08790873012B0CBF218816
:108FF000C988238908BFE1808B4204D3637B834205
:10900000BFF47DAF8DE70020FFF73CFF18B90123C7
:10901000E372207BF2E7112809BF0123207B207B2C
:10902000A372EBE72DE9F041DFF8988000238AB0C6
:109030004FF6FF7088F80030CDE9003300F0E8FC0F
:109040004FF6FF76B0421FD0044648F2096707E0AA
:1090500000F070FC204600F0DBFCB042044613D068
:10906000A4F58045ADB228466A4602A903F088FE01
:10907000B8422046ECD0284603F0F2FD48F20762E1
:109080009042034603D043B90AB0BDE8F081012302
:1090900088F800300AB0BDE8F0810022072107936C
:1090A00005A84FF6FF73CDE90522CDE90822ADF8FA
:1090B00018408DF81410ADF8163000F065FA0AB0BB
:1090C000BDE8F0811047002010B58389047886B090
:1090D00003F5804300229BB2611ECDE90122CDE958
:1090E0000322ADF808300592042913D8DFE801F017
:1090F0003232321903004368002B55D113238DF807
:1091000004304FF6FF7301A8ADF80830ADF8063013
:1091100000F03AFA2D4C23780BB1FFF783FF06B02D
:1091200010BD43F6FE729342F4D8C289002AF1D1F1
:109130004268002A42D00B2303928DF80430234C5E
:1091400001224FF6FF7301A82270ADF8063000F03F
:109150001BFAE0E743F6FE729342C1891ED8D0E9BC
:109160000132A4F10304B4FA84F464098DF80C10FC
:109170008DF80D400492E3B99DF81430082243F0B5
:1091800001038DF814308DF804204FF6FF7301A809
:10919000ADF806300D4C00F0F7F9BCE701F580435F
:1091A0009BB29342DBD9B5E7142203938DF80420D8
:1091B000A7E7092205938DF80420E6E718460A235D
:1091C0008DF8043000F0B6FBB9E700BF104700206F
:1091D00010B5A1F5804182B0A0F58040002489B28D
:1091E0006B4680B2CDE9004403F08EFDA04214BF6F
:1091F0000520204602B010BD30B5184889B003F0F4
:1092000063FB30BB03F078FB0546F0B900F072FB5E
:10921000CDE903550DE005A803F0C2FC019B9C8835
:1092200004F58044A4B205A803F0E4FC204600F055
:1092300069FB05A903AA4CF2070003F081FD01A90F
:109240000028E8D0284609B030BD8625284609B058
:1092500030BD0325284609B030BD00BFC9900300CA
:10926000F0B5FF2887B004D8012906D00C1F052CC3
:1092700003D90725284607B0F0BD164603AA1F46A6
:109280000C46FFF7A5FFE0B901A903A803F088FC8D
:109290000546B0B9019BB4705B8833800299A7B1D1
:1092A0003A6870689C00A24228BF2246164609F020
:1092B00067FAB4420BD803A803F09CFC284607B019
:1092C000F0BD0525284607B0F0BD7160F3E70C2519
:1092D000F8E700BF024B0022C3E90022704700BF3D
:1092E00070410020012804D0031F052B01D9012063
:1092F000704770B5044686B0A0F5804016460D460E
:1093000080B203A90D4A03F01BFD10B1002006B086
:1093100070BD01A903A803F043FC0028F6D1DDE9E4
:10932000012193885288328003F58043B4707160C4
:1093300003A82B8003F05EFC0120E8E770410020C9
:10934000F0B5FF2887B005D88C78012C06D0231FF4
:10935000052B03D90724204607B0F0BD0B46A4F522
:10936000804621465C681B88ADF80260A0F5804706
:10937000154603AAADF80070CDE90143FFF728FFB9
:10938000052813D0694603A803F062FC044648F29E
:1093900006639C421AD00FD948F207639C4203D05F
:1093A00048F20D639C420FD11124D4E7694603A80B
:1093B00003F04AFC0446EAE734B9002DCBD0294635
:1093C00003A803F0FDFCC6E70324C4E78624C2E734
:1093D0004FF6FF7000F096BAFF2806D808B500F0E7
:1093E00097FAFFF71FFE002008BD0720704700BF57
:1093F00000F0B4BA00F0BCBA00F0E2BA00F008BB6A
:1094000000F00CBB70B41D4E0546002202EB420377
:10941000980036F82330AB4205D00132042AF5D14A
:10942000002070BC7047304483788B421ED0531CA0
:10943000042BF5D05800C41836F82440AC420ED0A6
:1094400002EB420206EB820202E09489AC4205D0B4
:109450000133042B02F10C02F7D1E1E75800184464
:1094600006EB80001A4683788B42E0D1837A9B0713
:10947000DDD14368002BDAD170BC7047C8420020B0
:1094800070B5037A05465BB10D4E0024697A21441C
:10949000C9B2304601F060F82B7A0134A342F5D806
:1094A000AB7A002203F0FD03FF204FF6FF716FF34C
:1094B000000368722A72AB722980A9706A6070BD5D
:1094C000B842002010B582B08278417A0446002369
:1094D0002B48CDE900338DF8022001F023F8002855
:1094E00039D0237AA178019003EB83039B004A1EB5
:1094F000ADF800308DF80210072A08D8DFE802F036
:109500001E070707071E042E1423ADF80030694616
:10951000221D2088FFF714FF07280DD012D911282B
:1095200022D0862817D1A37A164A03F0FD0343F010
:1095300001030121A372117002B010BD0123ADF827
:109540000030E4E738B9A37A60F3410360F3000325
:10955000A37202B010BD032002B010BD838809338E
:109560009B08ADF80030D2E7A37A064A43F0020325
:109570006FF3000301210020A372117002B010BD2F
:10958000B8420020114700202DE9F047444EC16841
:10959000044686B03746334600205A68914203F1AC
:1095A0000C0375D001300428F7D100202378092B53
:1095B00019D0132B69D0082B5FD04FF0000820463C
:1095C00000F0EEFA204601F08DFDDFF8D89020463D
:1095D00004F050FB204604F01DF999F800307BB9E7
:1095E00006B0BDE8F087637A002BE6D1002854D09E
:1095F000827ADFF8B090436042F0020298468272AD
:10960000002489F800404FF0010A63001A1907EBA3
:109610008202927A91072DD4D20727D589F800A02B
:10962000B8F1000F22D023449D007019FFF74AFFC4
:10963000E0B17B5BADF8083086284FF6FF73ADF8DC
:10964000063016BF03900623072301A88DF80430C7
:1096500000F0A6FA01A801F045FD01A804F00AFBFC
:1096600001A804F0D7F806B0BDE8F0870134042C57
:10967000CBD1B5E789F800A0D5E7657A002D9CD15C
:1096800058B1FFF7FDFEA84699E74FF0010896E7AD
:1096900000EB400007EB800088E780468FE700BFC3
:1096A000C842002011470020F0B5174E002183B0BA
:1096B00033460D464FF6FF74FF2701EB410206EBE0
:1096C00082021C809C705F72907A013100F0FD0074
:1096D0006FF300000429907203F10C0303F8045C9B
:1096E00043F8085CE9D15023CDE900134FF4A07290
:1096F000064B0749074800F0C7FE002814BF0320A7
:10970000002003B0F0BD00BFC8420020F842002096
:1097100078410020B8420020F8B51E4F06460025CB
:1097200005EB45039A0037F82330B34205F10104F5
:109730000AD0042C2546F3D13046FFF74DFE10B178
:10974000072818BF0320F8BD3A4491783046FFF748
:1097500059FE08B1FFF794FE042C2346ECD06200BA
:10976000111937F82110B1420ED005EB450507EB72
:10977000850202E09189B14205D00133042B02F148
:109780000C02F7D1D8E75A001A441D4607EB8202B3
:109790005C1CDAE7C84200200023FFF761BD00BF70
:1097A00083B32DE9F041CD1F012D0C4625D8551E60
:1097B000032D22D807461E461546FFF723FE804696
:1097C00088B3037AAB421BD198F80910FF291FD048
:1097D000002788F80850254800F0A4FE68B305EB80
:1097E00085031B019BB29B083380B47070600FB17E
:1097F000082C09D00020BDE8F0810720BDE8F081E9
:109800000F20FBE70E2070479B00063B8380F1E7AB
:109810002946164800F04EFEFF28014688F8090048
:109820000FD00127D5E7FF214FF6FF70FFF7EAFDC4
:10983000804620B107808470C6E70320DEE7112050
:10984000DCE798F80A3088F8020003F0FD030022F4
:109850006FF300034FF6FF7188F80A30A8F8001084
:1098600088F80820C8F804201120C7E7B842002073
:1098700008B5FFF7C7FD18B1FFF702FE002008BDCD
:10988000052008BDCB1F012B01D90720704770B5FB
:109890000646104615460C46FFF7AAFD50B1304665
:1098A0002146FFF7AFFD38B105808470BDE87040F8
:1098B000FFF708BE072070BD052070BD4FF6FF738F
:1098C000984210B509D0FF2804460FD80846214613
:1098D00003F012FB50B9204610BD08464FF48071CA
:1098E00003F02EFB80B2B0F5807FF5D14FF6FF700C
:1098F00010BD00BF40220021014808F065BF00BF35
:10990000FC4200200149FFF7D9BF00BFFC42002004
:109910004FF6FF72904209D010B505490446FFF793
:10992000CDFF201AB0FA80F0400910BD002070472A
:109930001C430020FF2800D9704710B5014604469B
:10994000044803F0E9FA21460348BDE8104003F05B
:10995000E3BA00BFFC4200201C430020FF2801D9CD
:10996000002070470146014803F0E0BAFC420020A5
:10997000FF2801D9002070470146014803F0D6BAFC
:109980001C43002038B54FF6FF7398420D4615D0A2
:10999000013084B2FF2C04D90CE09CB2B4F5807F76
:1099A00008D02146284603F0C1FA631C0028F4D0F1
:1099B000204638BD4FF6FF74204638BD0024F0E73E
:1099C000F8B51149FFF7DEFF4FF6FF75A84217D033
:1099D000FF28044612D80D4EA6F1200707E02046C6
:1099E000FFF7D0FFA84204460AD0FF2C06D8214634
:1099F000304603F09BFA39460028F0D12046F8BDE6
:109A00004FF6FF742046F8BDFC4200201C430020A6
:109A10000149FFF7B7BF00BF1C43002070B5002409
:109A2000064E25462146304603F080FA0134B4F54F
:109A3000807F0544F6D1284670BD00BFFC4200205F
:109A4000074B1A7802B9704710B5044604F0D8FCE9
:109A5000204601F0A3FB2046BDE8104003F0BCBF48
:109A60001347002010B504462046FFF7C5FC044606
:109A7000FFF7C0FC0028F7D1204610BD10B582B01A
:109A8000002401926A460094FFF7EAFB02B010BD81
:109A90002DE9F04F87B083464FF6FF708A4601925A
:109AA0009946FFF7A9FC00250421CDE9031503AB76
:109AB00004AA062102AE044602950596FFF7D0FBE4
:109AC00007283FD04FF6FF77B8464FF0FF3660B11A
:109AD000052814D12046FFF78FFC03AB04AA06210A
:109AE0000446FFF7BDFB0028F2D1029BAB4224BF26
:109AF000A0461D46B3423CBF1E462746EAE74FF646
:109B0000FF739C421AD1A04520D0A7420CBF05206C
:109B10000020BBF1000F01D0ABF80080BAF1000FBC
:109B200001D0CAF80050019B03B11F80B9F1000FAA
:109B300005D0C9F8006007B0BDE8F08F032007B07A
:109B4000BDE8F08F052007B0BDE8F08F0520E0E705
:109B50000F4B70B51C7814B90E4B1C7070BD0E4DB8
:109B60000E4E0023294630461A46FFF791FF05287E
:109B700005D0B0FA80F4074B64091C7070BD002357
:109B80002B60044B4FF6FF7232801C7070BD00BF1B
:109B900013470020154700203C430020F2460020D8
:109BA0002DE9F041054686B0808804F0EBFA2B7869
:109BB0006880083B032B3BD8DFE803F0283D170201
:109BC000654A664E11783378002940F08A804BB19F
:109BD000634F002457F824302846984733780134DF
:109BE0009C42F7DB06B0BDE8F0815B4C2378002B8C
:109BF00037D15C4B1B78DBB15B4BAA881B889A4240
:109C000016D1564EFFF7A4FF3378E0E76B7A2BBBF3
:109C100056490A681AB1E868824200F09480514BB4
:109C20001B782BB1504BAA881B889A4200F0868083
:109C30004A4E3378CBE7494E6A7A3378002AC6D148
:109C40004A4801680029C2D0EC68A142BFD1484C03
:109C500002602168EA6001392160B8E7012BE7D191
:109C6000DDE74FF6FF70FFF7C7FB4FF6FF73984233
:109C70000646BED1FFF7C2FBB042BAD1374E3278AA
:109C800000230DF104080C2101932370C8E901336E
:109C9000C8E90333ADF80800ADF806008DF80410EC
:109CA0009AB12F4F1C4657F82430284698473378EE
:109CB00001349C42F7DB43B1002457F8243040467E
:109CC0009847337801349C42F7DB264B1B78002BF6
:109CD00088D0254AAB8812889A4283D1FFF738FF93
:109CE00080E70DF1040800240D2101941470C8F8D8
:109CF0000440C8E903444FF6FF728DF80410A968C8
:109D0000ADF80820ADF806200391002B3FF46AAFB0
:109D1000134F57F8243028469847337801349C4233
:109D2000F7DB002B3FF45EAF002457F824304046A9
:109D30009847337801349C42F7DB53E72B7A062BA4
:109D40007FF476AF5DE7084A044EA8880B60EB60AD
:109D5000108033783BE700BF1247002014470020F3
:109D60004043002015470020F24600204C430020CD
:109D70003C43002078B1F8B5074E337853B1074F14
:109D80000546002457F82430284698473378013494
:109D90009C42F7DBF8BD7047144700204043002089
:109DA000F8B5074E337853B1064F0546002457F8EF
:109DB000243028469847337801349C42F7DBF8BDBD
:109DC0001447002040430020FFF7EABFFFF7E8BF39
:109DD00038B5FFF711FAD0B9FFF766FCB8B901F052
:109DE000A5F9A0B900F078FC88B903F079FD70B945
:109DF00003F04CFF58B9074A074C0849084B10605C
:109E00004FF6FF750122258008701A7038BD0320B7
:109E100038BD00BF4C430020F2460020154700200B
:109E2000134700200A4B1B787BB10A4A1378022B98
:109E300009D810B4591C084C117044F823000020B4
:109E40005DF8044B7047042070470820704700BF3E
:109E5000134700201447002040430020034B1B7889
:109E60000BB101F0B5B90820704700BF13470020BF
:109E700008B5054B1B782BB101F0CCF9082808BFB9
:109E8000112008BD082008BD1347002009B101F0CA
:109E9000BFB97047024B1B7803B9704703F060BE2F
:109EA00013470020034B1B780BB104F003BA0820C2
:109EB000704700BF13470020034B1B780BB104F021
:109EC0008FB90820704700BF13470020034B1B7851
:109ED0000BB101F05BB80820704700BF13470020AA
:109EE000084B1B7843B151B110B50C4604F0D8F8BB
:109EF00000232080184610BD0823184670470E2303
:109F00001846704713470020024B187800B9704775
:109F1000FFF776BA134700202DE9F04F614C94F813
:109F2000008089B0B8F1000F00F09F8089460029B9
:109F30004CD08246002849D014460A680192002A73
:109F400000F09A80072B00F297804FF6FF750027EC
:109F5000AC420F6000F09B80002203F00201174624
:109F60000492CDE905220792009103F0010203F06B
:109F70000401CDF80C80CDF808A003F00305884655
:109F800092467DB1002306AA072120460793FFF7DA
:109F900067F9052827D0D0B9BAF1000F41D1009B4D
:109FA000002B6DD1B8F1000F5CD1029A22F8174056
:109FB000019A7B1C9A421F4602D93A4B1B784BB937
:109FC000C9F80070002009B0BDE8F08F0E2009B07C
:109FD000BDE8F08F2046FFF745FD4FF6FF7398422E
:109FE0000446CED1ECE7BAF1000F42D1009B002B22
:109FF00049D1B8F1000FE0D0DDF80CB0002304AA7D
:10A00000092120460593FFF72BF90528D5D0002814
:10A01000DDD1059B1B68002BCFD0BBF1000FCCD14D
:10A02000C3E78346079B5A7C12F0FC0F009A13D0BB
:10A03000002ADED0DDF80CB003F1100101E09942F6
:10A04000D7D013F8012F002AF9D0B8F1000FD5D1DD
:10A05000BBF1000FB1D1A8E7002AEDD1B8F1000F94
:10A06000F6D0CBE74FF0000BC8E7082009B0BDE8F9
:10A07000F08FDDF80CB0D5E7072009B0BDE8F08F10
:10A08000079BD346D8E7079BDDF80CB0D4E7204602
:10A090000093FFF7E7FCA8420446009B7FF45CAF07
:10A0A00090E700BF1347002000B50B4B83B01B782F
:10A0B0005022019243B159B10A4601AB0721FFF783
:10A0C000DDFC03B05DF804FB082003B05DF804FB81
:10A0D0000E2003B05DF804FB13470020034B1B78F0
:10A0E0000BB104F061B80820704700BF134700208F
:10A0F00010B4054C24781CB15DF8044BFFF7C8BCC4
:10A1000008205DF8044B704713470020354B1B783F
:10A11000002B38D02DE9F041334B344D064693E8FF
:10A12000030088B02B7801AC84E8030013B3DFF898
:10A13000C880D8F8005015BB2D4B2E4F1A883B68AD
:10A14000B24224D05A1C20D00133214630462A4A3C
:10A150003B60FFF7F5F898B13B680022013B1128FE
:10A160003B60C8F800200AD0862809D0072818BF0D
:10A17000032005E0FFF7ECFC2B78002BD7D1112052
:10A1800008B0BDE8F081082070471320F8E7002BE5
:10A19000DAD008233046194C0795CDE90355CDE9AF
:10A1A00005558DF80C3003F0EDFF9DF81C3022783A
:10A1B000ADF80E0065F300030621ADF810608DF8D0
:10A1C000155006958DF81C308DF8141042B10C4EC8
:10A1D00056F8253003A89847237801359D42F7DBD0
:10A1E0000020CDE713470020E45904001547002064
:10A1F000F24600203C4300204C430020144700203E
:10A200004043002076DF704710B5044682B059B94C
:10A2100001A9FFF75BFE43F20202904200D0B0B901
:10A220009DF804309B0710D400212046FFF720FE44
:10A2300058B1112809D00D2810D00B2805D043F2B1
:10A240000202904201D001F041FD02B010BD01F0C8
:10A250003DFD9DF804309B07F7D4E5E72046132128
:10A26000FFF7D0FFF1E700BF017839B1072900D02F
:10A27000704780680028FBD001F028BD4088FFF7B8
:10A28000C3BF00BF2DE9F041037886B00446142B0C
:10A290001BD8DFE803F00B1A4C1A1A1A6A1A1D1A97
:10A2A0001D1A1A1A1A1A1A1A1A235C008088FFF744
:10A2B0002DFF862868D0112866D0132803D8584B64
:10A2C000C340DB0701D401F001FD06B0BDE8F08119
:10A2D000544B01221A7006B0BDE8F081524B534A2C
:10A2E0001C68504B524F002504F1080815701D7072
:10A2F0004FF6FF76624202F0070204F0070358BFF0
:10A300005342013437F81320B24201A80AD0029513
:10A3100027F813600195CDE903550595ADF80820A0
:10A32000FFF7B0FFA045E5D106B0BDE8F081037AA4
:10A33000012BCAD800238288059301A8CDE90133F7
:10A34000CDE90333ADF80820FFF79CFFBDE7836834
:10A35000364948F20D6200209342087002D0B3F5EE
:10A36000064FB2D100F066F8AFE7304C2378002BEF
:10A37000ABD12C4D2B78E3B102F09CFCB0B148F28C
:10A3800007629042A1D09EE72749294A0B68A0881E
:10A3900022F8130001335A4202F0070203F00703C8
:10A3A00058BF53420B6000F045F88EE7012323703D
:10A3B0008BE701A802F00EFD30BBBDF80A30002B80
:10A3C00014BF012300232B70D6D1002301AA194604
:10A3D0001846FFF78DFE064628B1431F012B7FF676
:10A3E00074AF30466FE7BDF80400FFF777FE06460E
:10A3F00008B101F06BFC0122731F93422A707FF6B3
:10A4000064AF002EB8D0ECE701F060FCBDF80A3074
:10A41000002B14BF012300232B707FF456AFD4E729
:10A42000C10008000F2300205043002016470020E1
:10A43000C820002000B587B00023062201A8CDE97E
:10A440000133CDE9033305938DF80420FFF71AFF9C
:10A4500007B05DF804FB00BF42685AB1FF2938B568
:10A460000D4606D00446BFF35F8F104602F05EFD36
:10A4700008B938BD70476068BFF35F8F2946BDE8F3
:10A48000384002F049BD00BF70B4DDE9034570B14A
:10A4900069B163B105FB04F6964208D83CB135B109
:10A4A000C0E90245C0E9001370BC002070470720D6
:10A4B00070BC7047F8B5002830D0036806466BB30F
:10A4C000406858B3B3684BB300250F46FF242946B4
:10A4D0000EE0FF2C19BF2B1B013301232C469F429A
:10A4E0001DD00135B368EDB29D42294616D2706881
:10A4F00002F002FDBFF35F8F0028EAD0FF2C0BD0E3
:10A50000AC4209D23368214630460BB1FFF7A4FFB5
:10A510000134E4B2AC42F5D1FF24E2E7FF24204647
:10A52000F8BD00BFA8B102689AB142688AB1FF299C
:10A5300038B50D460BD00446BFF35F8F104602F0CE
:10A54000F5FC20B1E368206803FB050038BD00205E
:10A5500038BD0020704700BF18B103680BB1FFF78A
:10A560007BBF70477EDF70477FDF704786DF7047B5
:10A5700010B50446408803F093FDA0802046BDE856
:10A58000104000F06FBD00BF00B587B0002304226B
:10A590000193ADF806000DEB0200CDE90233CDE9E1
:10A5A00004338DF80420FFF7E3FF07B05DF804FBE8
:10A5B00030B50E4D87B0002403948DF80C10ADF823
:10A5C0000E2029780194224603250494ADF8060054
:10A5D0008DF81030029405948DF80450FEF7DEFAE1
:10A5E00001A8FFF7C5FF07B030BD00BF1123002051
:10A5F00030B5134B0A1C87B018BF01220C461978DE
:10A600000546FEF7CBFA0F4BA4F10102B2FA82F233
:10A61000197828465209FEF7C1FA0023012201A841
:10A6200001930393ADF806508DF80C400293CDE9E9
:10A6300004338DF80420FFF79BFF07B030BD00BF47
:10A640001323002012230020F0B51D4B87B00D46C8
:10A65000197816460446FEF785FA38B9014633469E
:10A660002A462046FFF7A4FF07B0F0BD154B204651
:10A670001978FEF777FA04F5807300284FF0070188
:10A6800098B214BF01270227FFF7F2F878B1052826
:10A690000DD00023CDE901330390CDE9043301A8A7
:10A6A0000723ADF806408DF80430FFF761FF33460D
:10A6B0002A4639462046FFF77BFF07B0F0BD00BFB2
:10A6C0001323002012230020024B0A781978FEF78A
:10A6D00065BA00BF10230020F8B5184C2378182B5A
:10A6E00028D0174D2B78182B20D0164E3378182BE6
:10A6F00018D0154F3B78182B10D02378182B0BD07F
:10A700002B78182B08D03378182B05D03B78182BD2
:10A710000CBF03200020F8BD0320F8BDFEF718FA97
:10A720003870EAE7FEF714FA3070E2E7FEF710FA45
:10A730002870DAE7FEF70CFA2070D2E71123002028
:10A740001323002012230020102300202DE9F041C4
:10A750008AB00E4617460546FEF74AF920220446FF
:10A76000002102A808F030F8012C10D054B1002EBE
:10A770006AD1852102AB28460022FFF7F5FE0AB018
:10A78000BDE8F08143F202000AB0BDE8F081DFF8D5
:10A79000D080002298F800102846FEF7FFF9002E1E
:10A7A0005AD0284603F07CFC4FF6FF73984229D11B
:10A7B0003378DA0758BF002139D505F5807080B2AB
:10A7C0006B4601220721FEF7EBFF1128D7D00028A6
:10A7D0003ED101465022019807F0F6FF01991F4A29
:10A7E0000B4601F1180C03F8344B284605974F1C13
:10A7F00011310293CDE906C7099203F067FC48BB0B
:10A80000014617E098F800102846FEF7ABF900283B
:10A81000CED12846FFF7B8FE98F800102846FEF77C
:10A82000A1F90028C4D13378DB0715D485210B4B5F
:10A8300005970993012C9DD102AB32462846FFF7BC
:10A8400093FE0AB0BDE8F081284603F029FCAFE78B
:10A85000032094E7082092E78521EDE75443002088
:10A860001023002038B50C460546FEF7C1F8012834
:10A870000AD13CB121462846FFF774FE042808BFE0
:10A88000112038BD204638BD43F2020038BD00BF5C
:10A890002DE9F0470388113B88B00446092B2ED8D8
:10A8A000DFE803F0522D05682D2D2D2DA130808875
:10A8B000FEF79EF8012811D1227AA588BA4B12F032
:10A8C000010F08BF0226024618BF01262846197844
:10A8D000FEF764F931462846FFF78AFE34F8041F74
:10A8E0000434002303A805220594CDE90333CDE900
:10A8F0000633ADF80E108DF80C20FFF739FE08B0C6
:10A90000BDE8F087A94B80881978FEF72BF905463A
:10A910000028F4D1A088FEF787F8002800F0DA803C
:10A92000A14BA08819782A46FEF738F9A388ADF81C
:10A930000E3003A802238DF814508DF815508DF8B1
:10A940000C30FFF715FEDAE7037A8588964A3D2B2F
:10A95000284641F23D03117814BF4FF488541C4639
:10A96000FEF700F90028CAD0214628460022FFF74A
:10A970006BFEC4E700F11006304603F0DFFB4FF634
:10A98000FF7398420546074678D00146A08803F039
:10A9900001FCA788844B384619780122FEF7FEF89F
:10A9A00038460021FFF724FE284601AA0721FEF7BA
:10A9B000F3FE002875D0002500231A462946A088FA
:10A9C000FFF7D4FD08289AD0002840F08B80A37EA2
:10A9D000DB0794D5002D92D1A0882B4641F20602C8
:10A9E000FFF7E6FD8BE7704B057A1978868875B11D
:10A9F000427A304602F00304FEF7B4F800283FF430
:10AA00007EAF224629463046FFF71EFE77E72A46EC
:10AA10003046FEF7C3F8637A13F004034CD006F512
:10AA20008077BFB2384601AB01220721FEF7B8FE9E
:10AA3000804600285CD003AF072338460395CDF845
:10AA400014808DF80C30ADF80E600495CDE90655F4
:10AA5000FFF78EFD637AA1888DF8155013F0040F6F
:10AA60000CBF0222012202233846ADF80E108DF8E9
:10AA700014208DF80C30FFF77BFD40E7A08803F031
:10AA80000FFBB4F80480484B054619784046012274
:10AA9000FEF784F840460021FFF7AAFDBD428AD0A8
:10AAA00082E7A37ED90786D5029D95F84430DA0760
:10AAB00040F1B98034357FE7A288ADF80E2003A8B5
:10AAC00002228DF815308DF80C208DF81420FFF738
:10AAD0004FFD14E701460123A08841F20602FFF76B
:10AAE00067FD0CE70590A188002303A80722FCE678
:10AAF000304603F0D5FA4FF6FF739842054681467B
:10AB00001DD0C14638462A460721FEF7BBFE034644
:10AB100000284FD1637AA288ADF80E2013F0040FFD
:10AB20000CBF022101210222012303A88DF8141079
:10AB30008DF80C208DF81530FFF71AFDDFE6014681
:10AB4000029803F08DFA4845054682465FD0DFF84B
:10AB500060A00146304603F01DFB9AF80010304615
:10AB6000FEF700F881460028CBD13046FFF70CFDF8
:10AB70009AF800103046FDF7F5FF0028C2D1637A3D
:10AB8000A1888DF8150013F0040F0CBF02220122DA
:10AB9000022303A8ADF80E108DF814208DF80C30A8
:10ABA000FFF7E6FCABE600BF1123002013230020D3
:10ABB00010230020862803AF3ED04FF0000838460F
:10ABC00005930723CDE90388CDE906888DF80C307D
:10ABD000ADF80E60FFF7CCFC637AA1888DF8158084
:10ABE00013F0040F0CBF0222012202233846ADF8F5
:10ABF0000E108DF814208DF80C30FFF7B9FCB9F168
:10AC0000000F3FF47CAE284603F0CEFA77E6FEF75D
:10AC1000DFFB5045054632D02946304603F0BAFAEC
:10AC20004FF001096EE7314605F1460003F06CFA7A
:10AC300000287FF43FAFBEE6002338460622CDE968
:10AC40000333CDE9053307938DF80C20ADF80E6082
:10AC5000FFF78EFC637AA288ADF80E2013F0040F84
:10AC60000CBF022101210222012338468DF8141065
:10AC70008DF80C208DF81530FFF77AFC3FE603AF16
:10AC8000042307223846CDE903880593ADF80E600A
:10AC9000CDE906888DF80C20FFF76AFC637AA1885D
:10ACA0008DF81580DAE600BF28B3027802F082033F
:10ACB000802B1ED0C2F30213042B1AD802F0F20329
:10ACC000322B16D0437881788B4212D8062B10D9BC
:10ACD00010290ED8C17810B411F0040405D10379FD
:10ACE000580702D40B43190706D500205DF8044B22
:10ACF000704700207047704703F00300D30703D567
:10AD0000003018BF0120F1E7B0FA80F04009EDE70C
:10AD100031F0080323D0112921D070B58AB0002367
:10AD20000D29064615460C46CDE90533CDE9073316
:10AD3000099315D003F0B4F90723ADF81660ADF808
:10AD4000180005AD8DF814300FCD6E460FC62B6878
:10AD5000336068460294FFF70DF80AB070BD704783
:10AD600003F09EF90323ADF81660ADF8180005ACAA
:10AD70008DF814300FCC6E460FC6236833607DB15A
:10AD80002B7813F0010F0CBF0222012241F20113B4
:10AD900068468DF80820ADF80A30FEF7EBFFDCE7D7
:10ADA0000222F3E72DE9F043244B8FB00025CDE9D3
:10ADB0000A551B68099309AC0746894694E80700C1
:10ADC0000DF1040888E807003846C4E90355C4E9D2
:10ADD0000155099503F064F90523ADF82800ADF895
:10ADE00026708DF824300FCC04AE0FC62368336074
:10ADF00004A8CDF81890CDF81C80FEF7BBFF104BCF
:10AE000001991A683846FFF7A1FC0E4BA0F1110218
:10AE1000B2FA82F20446197838465209FDF7BEFEAE
:10AE2000094B2A4619783846FDF7B8FE21463846C0
:10AE3000019AFFF76DFF0FB0BDE8F083A04300203B
:10AE40009443002017230020162300200021FFF741
:10AE5000A9BF00BF2DE9F04706468EB0904699463F
:10AE60000D4600294DD1384B0A911B6809930B916F
:10AE700009AC94E807000DF1040A8AE8070030469F
:10AE8000C4E90355C4E90155099503F009F90527FB
:10AE9000ADF82800ADF826608DF824700FCC0DF1C8
:10AEA000100CACE80F002368CDF81CA004A8CCF867
:10AEB0000030FEF75FFF254BDDF804A01B785BB385
:10AEC000424651463046FFF7CDFC11280446204B40
:10AED00027D0002219783046FDF760FE0B2C19D0E0
:10AEE00012D8BCB1082C15D00327B9F1000F04D03B
:10AEF000524621463046FFF70BFF38460EB0BDE8FC
:10AF0000F0874FF0000ADBE70D2C03D043F2020379
:10AF10009C42E9D12746E8E79DF80D30002BCFD1C0
:10AF2000EBE7197801223046FDF738FE094B2A4637
:10AF300019783046FDF732FE074B42461978304605
:10AF4000FDF72CFE0027D0E7A04300201747002084
:10AF5000162300201523002014230020094B70B570
:10AF600019780446FDF7FEFD074B05461978204683
:10AF7000FDF7F8FD2A46014601232046BDE8704052
:10AF8000FFF768BF142300201523002000293AD0C2
:10AF9000F0B583B005460C46FDF730FD064670B3AC
:10AFA000284603F07DF8A6F102062378B6FA86F665
:10AFB0004FF6FF72821A4FEA561618BF012266F347
:10AFC000000362F3C303237007462846FDF72CFDF8
:10AFD000237860F3410323702846FDF739FD237879
:10AFE00060F3820323702846FDF746FD68B1012017
:10AFF000237860F304130020237003B0F0BD43F204
:10B00000020003B0F0BD0E2070472846FDF70CFD8E
:10B010000028EDD038466A460721FEF7BDFB20B96F
:10B02000019B93F84430DB07E1D40020E0E700BF48
:10B0300010B582B002ABE02203F8042D0C4619468D
:10B04000FFF7A4FF22789DF8041030B932EA01031B
:10B050000CBF0120002002B010BD0023184602B032
:10B0600010BD00BF30B50378052B83B0044614D063
:10B07000122B04D02046FEF77DFE03B030BD184BE6
:10B0800040881A687AB1FDF7CFFC014668B960883C
:10B090000A460123FFF7DEFEECE781684088FFF7F0
:10B0A00081FE03B030BD0121F3E7227A60880025DC
:10B0B000C2F340012B4661F38203C2F3000161F346
:10B0C000C303C2F3800202A962F3041301F8043D32
:10B0D000FFF7AEFF80F00102D2B229466088D8E7C0
:10B0E000A043002008B50378083BDBB20B2B06D841
:10B0F000012202FA03F340F60F02134200D108BD09
:10B10000064B074918780022FDF772FD054B0649EA
:10B1100018780022BDE80840FDF76ABD172300201B
:10B120004DAE0300162300205DAF030010B5174C91
:10B130002378182B0DD0164C2378182B10D0154CD3
:10B140002378182B13D0144C2378182B16D00020FA
:10B1500010BDFDF7FDFC20700D4C2378182BEED1AF
:10B16000FDF7F6FC20700B4C2378182BEBD1FDF784
:10B17000EFFC2070084C2378182BE8D1FDF7E8FC91
:10B180001828207008BF0320E1D110BD162300202D
:10B1900014230020152300201723002008B5FFF7F3
:10B1A00077FB074B074918780022FDF721FD064B76
:10B1B000064918780022BDE80840FDF719BD00BF18
:10B1C000172300204DAE0300162300205DAF0300BF
:10B1D00010B5044670B1FFF767FD88B1094B2068D0
:10B1E000186021790848094A19710121036011701A
:10B1F000002010BD0449054A08600121117010BDEE
:10B20000072010BD98430020A043002017470020CE
:10B21000FFF75ABA00230A461946FFF71BBE00BFC4
:10B2200010DF704711DF704710B582B004460C493B
:10B230006846FCF713FF019B2BB90DE06846FCF74D
:10B2400017FF019B43B1D3E9002120469047002816
:10B25000F4D1112002B010BD002002B010BD00BF1B
:10B26000F059040010B582B0044609496846FCF75D
:10B27000F5FE019B4BB1D3E900212046904768467B
:10B28000FCF7F6FE019B002BF5D102B010BD00BF0C
:10B29000085A04000B4991F81623EC235209134174
:10B2A000DB070BD5084B9A6822B11A6842F480027A
:10B2B0001A6070474FF480030B60704742F202003F
:10B2C00000F004BD00E100E02C470020F0B51B4D6C
:10B2D0002C7883B01CBB1A4F012620463E70FFF726
:10B2E000A3FF112818D02046FFF7BCFF02A8154B7A
:10B2F00000F8054D1B68019300F0F8FC124901A805
:10B30000FFF78EFFB0FA80F304465B099DF8030057
:10B310002B7000F011FD34B1204603B0F0BD0824BD
:10B32000204603B0F0BD094B3C701C70FFF7B2FF24
:10B330003046FFF797FF204603B0F0BD19470020C5
:10B3400018470020EC5904001DAE02001A470020E7
:10B35000F0B51F4D2B7883B083B301231D4E1846E3
:10B360003370FFF761FF112824D00220FFF77AFF26
:10B3700002A8002700F8017D00F0B8FCFFF752FF9B
:10B3800004469DF807002F7000F0D6FC9CB9124BC4
:10B3900034709A68B2B9114B4FF48002C3F8802020
:10B3A000BFF34F8FBFF36F8F0320FFF75BFF204684
:10B3B00003B0F0BD0024204603B0F0BD08242046B1
:10B3C00003B0F0BD1A6822F480021A60ECE700BFF7
:10B3D00019470020184700202C47002000E100E01A
:10B3E000054B1B7833B1054B1B780BB9FFF76EBFCC
:10B3F000FFF7AEBF0820704718470020194700200C
:10B40000014B1878704700BF194700200B4B1B7881
:10B4100073B10B4B9A6862B90A4B4FF48002C3F8C0
:10B420008020BFF34F8FBFF36F8F074B01221A703D
:10B4300070471A6822F480021A60F6E71947002064
:10B440002C47002000E100E01A47002010B5084C0E
:10B45000237813B1074B1B7803B910BD064B4FF48B
:10B460008002C3F80021FFF715FF0023237010BDF1
:10B470001A4700201947002000E100E0034B1B7829
:10B4800013B1034B1878704701207047194700200B
:10B490001A47002000B583B068460849FCF7DEFD76
:10B4A000019B43B1D3E9002090476846FCF7E0FDDB
:10B4B000019B002BF6D103B05DF804FBFC5904009E
:10B4C000FFF7E8BF60DF704769DF704761DF7047F3
:10B4D000134B1B781BB330B5124D91B034240DF1D2
:10B4E000020103A8ADF80240FFF7F0FF88B9294632
:10B4F00001A8FCF7B3FD029B002BF0D0D3E900219B
:10B5000003A8904701A8FCF7B3FD029B002BF5D1DF
:10B51000E5E7052801D000F0D9FB11B030BD704738
:10B520001B470020145A0400002942D070B584B093
:10B530000023214A0A60CDE901330C46012501A907
:10B540008DF804000626202003938DF80650ADF8F0
:10B550000860FFF7B9FF01A9226801934020CDE9F7
:10B5600002338DF80550FFF7AFFF01A9226803935E
:10B5700028460425CDE901338DF80450FFF7A4FFD8
:10B580000DEB0501226802934FF4E465A1200393BB
:10B590000195FFF799FF2268019301A90124A020DA
:10B5A000CDE902338DF80440FFF78EFF184604B052
:10B5B00070BD0E20704700BF3020002008B5FFF797
:10B5C00081FF10B9014B01221A7008BD1B470020F2
:10B5D0004BDF704710B5114C84B001A8FFF7F8FF9E
:10B5E000A8B9214602A8FCF739FD039B002BF4D033
:10B5F000D3E900210198904702A8FCF739FD039B8D
:10B60000002BF5D101A8FFF7E3FF0028E9D00528BA
:10B6100001D000F05BFB04B010BD00BF205A040055
:10B6200000207047A8DF7047ADDF7047AEDF70477E
:10B63000B0DF704762DF70473CDF70473DDF704727
:10B64000704700BFF8B10388112B17D010D9F0B59F
:10B65000512B89B0044618D0532B07D1314DC288E5
:10B66000EB889A4202D12B7E002B44D109B0F0BD69
:10B67000102B09D12B4B82889A807047294B8188E7
:10B680009A88914233D070477047264D8388A888A6
:10B690009842EBD1A379022BE8D12189EA88914223
:10B6A000E4D1A27B043A022AE0D9002601AF02AA23
:10B6B00069890293CDE90466CDE906668DF81030FC
:10B6C0000397FFF7B1FFF0B140F2FD13ADF814306E
:10B6D00004A9A888FFF7ACFF1128F9D0BDF81430F1
:10B6E000002BC3D104F1080000F046F9BEE74FF685
:10B6F000FF729A80704700F0C9F90028B6D06B69D4
:10B7000002209847B2E73846FDF790FA0028DBD0D0
:10B710009DF81630ADF8146043F001038DF8163033
:10B72000D6E700BFA443002030B5144B87B0DA88B9
:10B730008DF8050002248DF806109888ADF80820D1
:10B7400000230321CDF80A302025ADF80E300DEB93
:10B75000040201ABADF8021002A98DF804508DF877
:10B760000A40CDE90423FFF761FF20B9BDF802309C
:10B77000032B18BF0C2007B030BD00BFA44300202E
:10B7800010B54FF0FF310020FFF758FF044608B115
:10B79000204610BDB121FFF74FFF04460028F7D126
:10B7A000044B01205B6998470220FCF7FFFB204611
:10B7B00010BD00BFA443002030B51A4B05460FCB87
:10B7C00087B002AC84E80F004DB32A68164B4FF6E1
:10B7D000FF7000215A6198801976EAB1124800F092
:10B7E00083F808B107B030BD06A94FF6596321F8B8
:10B7F000143D012318460D4A8DF80630FFF712FF5D
:10B800000028EFD120460849FFF714FF0028E9D1AE
:10B81000054800F087F8E5E7054A5A61DEE70E20A3
:10B8200007B030BD2C5A0400A4430020A6430020DA
:10B8300041B60300B2DF70474FF0020C00DF7047E3
:10B8400010B50E4C2368BBB11A7EAAB10278082A43
:10B850000AD0092A10D1FFF793FF68B123680220AC
:10B860005B69BDE810401847027A012A04D11A69C1
:10B87000013A1A61002AEED010BD00BF284700200F
:10B8800017490B6853B34B6843B370B508319847F9
:10B890000828044621D0134D2B6888B100221A765F
:10B8A0005A7606210120FFF73FFF18B12B680320CD
:10B8B0005B6998472B6802205B69BDE870401847B8
:10B8C0000121587619760846FFF72EFF28B12B681C
:10B8D00003205B6998472B681C7670BD704700BFDA
:10B8E0000044002028470020034620B1034A0448B2
:10B8F0001360FEF797BA0E20704700BF284700205C
:10B9000041B8030008B501F0B1FD00B108BD04481D
:10B91000FFF792FF0028F9D1BDE8084001F0B6BD5D
:10B920000044002030B589B004461E2200210DF1EC
:10B93000020006F049FF2246608812F8063B8DF8A7
:10B940000230042528240123ADF800508DF80D4065
:10B950006946022417258DF810308DF80C308DF8CB
:10B960001130ADF804508DF813408DF81240FDF7FA
:10B9700061F909B030BD00BF2DE9F042047B012C14
:10B9800096B01FD13E4D2F68797E064659BB02A85E
:10B99000502206F019FFB88801A9FEF7A1FA48B9AC
:10B9A000BDF804004FF6FF73984265D002A9FEF778
:10B9B0007BFB18B31128347B1ED00F2814BF042141
:10B9C000072101E02E4D02212046FFF7ADFE18B100
:10B9D0002B6803205B6998472B6802205B699847B6
:10B9E00016B0BDE8F08220460621FFF79DFE002834
:10B9F000F6D01128347BE0D10621E5E70DF1580C93
:10BA0000204F5CF84F0DDCF80410DCF80820DCF85F
:10BA10000C30BCF814900FC70DF13C0EDCF8100090
:10BA20003860BEE80F009CF816C087F806C007F122
:10BA3000080CA7F80490ACE80F009EE8070016ABCE
:10BA40008CE80700082223F8522D2A6807F1240108
:10BA500090881A462346FFF7EDFE0028AAD10A492E
:10BA6000A7F1140051F8083B98470028A2D12B6891
:10BA70005C7616B0BDE8F082347B0721A4E700BFF6
:10BA800028470020C44300200044002010B5064C85
:10BA9000236800205B6998472468FDF7BFFF206199
:10BAA00002F08CF9002010BD28470020A8DF704765
:10BAB000F0B5074689B014461E460D46E9B114B9E3
:10BAC000204600F003F91E2200210DF1020006F0CD
:10BAD0007BFE0C4B0E9A1888ADF800700223694665
:10BAE000ADF80440ADF8064002958DF811608DF870
:10BAF0000D30FDF79FF809B0F0BD084600F0E6F8FC
:10BB0000DDE700BFF446002070B586B006A941F617
:10BB10000A0321F80C3D01230446624A8DF80E30D9
:10BB20001846FFF7C3FF0546002869D12288002A7E
:10BB300069D12289002A40F08D80228A002A40F0B3
:10BB40009680228B002A40F09F80228C002A69D1A7
:10BB5000228D002A72D1236B1BB3D3E90021160A70
:10BB6000100C8DF81410110E8DF811608DF8102046
:10BB70008DF812008DF8131099684B4A94F83C30F8
:10BB80008DF81510080A0E0C00928DF81600082288
:10BB900004A942F623208DF81760FFF789FF0028DB
:10BBA0003CD1616B51B141480A7994F83C30096845
:10BBB000009042F62A20FFF77BFF78BBA26BFAB118
:10BBC00013788DF8103053888DF811301B0A8DF8DA
:10BBD000123093888DF813301B0A8DF8143094F8C6
:10BBE0003C30D488324A0092250A072204A942F642
:10BBF00050208DF816508DF81540FFF759FF054677
:10BC0000284606B070BD2B4894F83C30616800901F
:10BC100042F62920FFF74CFF00288AD00546284627
:10BC200006B070BD244894F83C30616A009042F63A
:10BC30002620FFF73DFF00288AD0EFE71F4894F841
:10BC40003C30E16A009042F62820FFF731FF0028DF
:10BC500081D0E3E71A4894F83C30E168009042F65E
:10BC60002420FFF725FF00283FF467AFD6E71548EB
:10BC700094F83C306169009042F62520FFF718FFE8
:10BC800000283FF45EAFC9E70F4894F83C30E16903
:10BC9000009042F62720FFF70BFF00283FF455AF36
:10BCA0000546BCE7F44600204C4400203444002004
:10BCB0002C4400201C4400200C440020444400205C
:10BCC000244400203C4400201444002000B585B0EA
:10BCD00000230390194601AA44F20100CDE9013383
:10BCE000EFF79CF805B05DF804FB00BF70B4EFF30C
:10BCF000108472B60D4B9A68AAB90D490D4E0125F4
:10BD00009D60D1F8805035401D60C1F88060D1F849
:10BD100084505D604FF0FF33C1F88430027004B985
:10BD200062B670BC704701230370F8E72C4700200F
:10BD300000E100E0FC06FFBD094B9A687AB170B9DA
:10BD400010B4EFF3108172B6064A1C6814605C6888
:10BD50005460986001B962B65DF8044B7047704753
:10BD60002C47002000E100E070B50A4C0A486268E8
:10BD700086885388016882B0033300209BB200900C
:10BD800003259B0001EB86010448257001F078F93A
:10BD900002B070BD784400204445002044230020B8
:10BDA000014608B50548FCF7B5F80022026042607C
:10BDB0008260C26002614261826108BD304500203C
:10BDC0001D4B0A6800EB800003EB80035B6803F502
:10BDD000805072B35388033302EB8302824217D23E
:10BDE0001368013314D05388033302EB8303984262
:10BDF0000ED330B44FF6FF759488AC420AD0148845
:10BE000044B19468013405D001200A6030BC704709
:10BE100000207047984209D91A6801321A4605D0A5
:10BE20005C88033403EB84039842E5D2002030BCE5
:10BE3000704703F10802D1E790440020F0B5426852
:10BE400083B01AB11F4BDC68A2421FD200270E46F6
:10BE500005460F800197002005E0019B2A689C6839
:10BE600094420DD0308801A9FFF7AAFF0028F4D131
:10BE7000338801339BB23380002BEBD003B0F0BD8D
:10BE8000114A6B6013892B8103B0F0BD1B699A4284
:10BE9000DCD812F00303D9D10B4C05892489A542C3
:10BEA000D4D105689468A542D0D108484068824240
:10BEB00006D900F58050824202D20B800120DDE7D6
:10BEC0001846DBE7442300207844002090440020FB
:10BED0002DE9F0419C8854B9DFF8648017460E467E
:10BEE00005461C4698F8000058B10123A38048F28B
:10BEF0000960BDE8F08186B11988328891420CD082
:10BF0000A0882146FFF75CFF80B12368002DF2D0A6
:10BF100099882A889142EED0F2E708499A680989FF
:10BF20003981C7E900230020BDE8F081A3882060A3
:10BF300001339BB2A380002BD4D0D8E778440020F3
:10BF40009044002030B40E4C0E4A638803EB830308
:10BF500002EB8302D3685BB10B4B0C4819680222D9
:10BF600005259A8025700023012230BC01F0BCB861
:10BF70000425516825700548012230BC01F0B4B891
:10BF800078440020904400204445002044230020B1
:10BF900008B5074B191D5888FFF712FF18B9BDE8FF
:10BFA0000840FFF7CFBFBDE80840FFF7DDBE00BF88
:10BFB000784400202DE9F04FDFF88083DFF880A37C
:10BFC000DFF880B3DFF880938BB00546D8F80040E7
:10BFD000002C00F0898023785A1E052A60D8DFE8FB
:10BFE00002F05237371C1C03002D40F0B88099F83E
:10BFF0000B2099F80030002A00F03781013B89F8C6
:10C000000B50062B00F2A482DFE813F034038C02FD
:10C01000AF01C401A2028F027202002D40F01C8108
:10C020002779012F00F05581C0F02C8105AE022F39
:10C030000595C6E90255356140F09E802846023BD1
:10C040000690042B35D8DFE803F07E6A5E57930034
:10C05000A68AA07D002D40F0E080B700AD4DB91953
:10C0600005EB8101B1F808C04A6802EB8C02062892
:10C0700000F2D282DFE810F01702C201D301E8011A
:10C08000FC019101B701002D40F0BB802279032A09
:10C0900000F29580DFE812F0A9005A019E007300BB
:10C0A000002305AEC6E9033348F20E62B360059380
:10C0B0000692994C04F1100554F8043B304603B144
:10C0C0009847A542F8D1514600255846C8F8005077
:10C0D000FBF744FF0121914800F0B2FF00287FF4F4
:10C0E00075AF0BB0BDE8F08F51465846FBF72CFFFB
:10C0F0000446C8F800006EE7E388ADF8203004235A
:10C100008DF81430D5E70323E18822898DF81430A7
:10C11000E3680793ADF82010ADF82220C9E7A37DAE
:10C120002289A088E168ADF82020A3F10603B3FAC4
:10C1300083F35B0902228DF82430ADF822000791C9
:10C140008DF81420B5E701232189A2888DF81430D9
:10C15000E3680793ADF82010ADF82220A9E705AEFB
:10C160000023B3600593C6E903334FF406430693F7
:10C1700005238DF814309CE748F20E605FE7684EA7
:10C18000684A31686848634D002727710823009783
:10C1900000F076FFB9F802303468B18803EB83030E
:10C1A00005EB830205F82370536833600223546063
:10C1B0001181B380002894D0D8F8004023785B49DF
:10C1C00005AE00224A600592C6E90222326148F2B9
:10C1D0000D6034E7524A5448116800232371022449
:10C1E0009480012200F080FFE4E74D4B504A19682B
:10C1F0004D480123237100230093082300F040FFE2
:10C20000D8E705AE494A002353600593C6E90233D7
:10C2100033614FF4064306934BE70228E28876D950
:10C22000B7003C4DB81905EB8000D11CB0F808C030
:10C23000614401813E4405EB8605C2F57F42698970
:10C2400005AEFD320A4400216A81B1600591C6E95C
:10C2500003114FF40640F2E605AE0022B2600592EB
:10C26000C6E903224FF40640E9E6072B00F2C0813D
:10C27000DFE813F07701BE01BE014D01AD013E01C3
:10C280003E01A701022305AE23713046E368059302
:10C290000DF1120106950795FFF7D0FD002800F07B
:10C2A0001D810699234A8B88E3800B8823811E48D1
:10C2B00000950423BDF8124000F0E2FE002840F093
:10C2C000D481144B04EB840403EB84040123237412
:10C2D00007E7164B1B78002B00F0F38005AE164BDA
:10C2E00032462946A01DFFF7F3FD002800F0C58166
:10C2F00048F20963104A9842C2E900553DD1C6E9A7
:10C300000055C6E9025535612846237897E6014D68
:10C31000B7008FE790440020604400204045002093
:10C3200044450020405A040044230020704400206B
:10C33000485A04003C5A0400504500208C44002018
:10C34000844400203045002078440020B44D2B78F0
:10C35000022B40F0778100236968B24A0093B2480B
:10C360002B70082300F08CFE24E7FFF7FDFC00286B
:10C370003FF4B7AED8F8004005AE002241F61D519B
:10C3800023783261C6E90022C6E90222884208BF4A
:10C39000104654E6FFF7D6FDE9E7A44BA44A1B88F4
:10C3A00003934FF0060C0023516884F816C0A14A8D
:10C3B00000939D48042300F063FE002800F04D81A7
:10C3C000A27DE388022A48F20D600FD83E4405EBB7
:10C3D0008605C3F57F436A89D8F80040FD331344CE
:10C3E0006B8105AEC9E7E38841F61D50B91905EB2D
:10C3F0008101DA1C0C8922440A81E7E7032B0CBF78
:10C40000052306230020A375111D0090042304F1C9
:10C410000802854800F034FE0028D1D161E6236986
:10C420008148002B14BF032301234FF0000CA37598
:10C4300002F108010423CDF800C004F10C0200F061
:10C440001FFE0028BCD14CE6E38877484FF0010C72
:10C4500084F816C04FF0000C02F10C019B00226919
:10C46000CDF800C000F00CFE00283FF43AAEA7E77C
:10C470006F4BA0690392186000226C495A601846FD
:10C48000FFF7DCFC039A002800F009810223A37562
:10C4900011460423002200926348E21800F0F0FDE8
:10C4A00000288DD11DE602230020A3750423114628
:10C4B0000090E2185C4800F0E3FD00283FF411AE64
:10C4C0007EE75D4B0595C3E9005505AE237848F23C
:10C4D0000160C6E90155C6E90355B0E548F20960B7
:10C4E0000023C6E90033C6E9023333612378A6E5A9
:10C4F000524B534A19684C48002300930724C9F84B
:10C500000430082389F8004000F0BAFD2FE74B4AB9
:10C51000D9F804109388498803330B44022193808F
:10C5200089F80010FFF734FD21E7B9F802203C4DEF
:10C530009300134405EB830500236968394A00938F
:10C5400006240823384889F8004000F099FD0EE7DA
:10C5500005AE0023B3600593C6E9033348F20E63CA
:10C5600005E62F4DB9F808202B780132B3FA83F392
:10C5700000215B09A9F80820012289F80A30A9F8EE
:10C58000021089F80B1089F800204BB1244DEB689C
:10C59000002289F80A201BB92A7C002A40F08980F1
:10C5A00005AED8F800400020706089F80000A9F8B6
:10C5B0000200C9F804000590C6E902003061237842
:10C5C0003DE5012389F8003099F80A30DDE7B9F834
:10C5D0000220134D19489300991805EB8101046856
:10C5E0004F6886884C60022407600E818480A0E733
:10C5F000013B062BACD801A252F823F075C603000C
:10C6000025C503006BC3030095C3030051C5030098
:10C610002BC50300F1C40300E38848F20E60E5E691
:10C6200090440020405A040044230020F646002095
:10C63000544400203C5A040050450020444500204A
:10C64000485A04001D4A05AE0123137000235360AD
:10C650000593C6E902333361DDE5039B03EB830BEE
:10C6600005EB8B0501232B743BE5D8F8004048F21D
:10C670000D6035E799F80A3087E7114C0095069967
:10C68000104A1148A488042300F0FAFC0028ECD1D9
:10C690000E4B04EB840403EB8404277421E505AE00
:10C6A0000590C6E90100C6E90300237848F2096055
:10C6B000C5E4A9F80230FFF76BFC58E6704400208F
:10C6C000504500203C5A04004423002090440020A0
:10C6D0004068FFF76FBC00BF08B50121044800F0B7
:10C6E00097FC00B108BDBDE80840FFF763BC00BF80
:10C6F000404500202DE9F0474E4C247882B0002CB4
:10C700004FD0002969D00D884FF6FF74A54243D061
:10C710004C88002C40D04C68A40763D1002A45D037
:10C72000B2F800905788804601A81E460C46FFF7D5
:10C7300037FB054600285DD0636803614FF0000AAF
:10C740000670A0F8149080F816A001213A4800F075
:10C750006BFC22886388AB80032EE8602A81EF801F
:10C7600058D0A5F80AA001A93448FBF7DDFBB8F1C1
:10C77000000F0BD0324AEB681289C8F80030002352
:10C78000A8F80820C8F8043088F80A30FFF7A4FF9A
:10C79000002002B0BDE8F08748F2036002B0BDE8B7
:10C7A000F08748F2016002B0BDE8F0870F89FA1CFB
:10C7B00092B240F2FE34A24219D8224D2E78B6BB76
:10C7C000B5F80AC02C8964441444A4B2B4F5806F4F
:10C7D0002DD862446A81B146A5E748F2046002B0F0
:10C7E000BDE8F08748F2026002B0BDE8F08748F289
:10C7F0000860D3E7134B09EB890903EB8909C7F5F7
:10C800007F47B9F80A30FD371F44A9F80A7048F28B
:10C810000760C3E7D8F80030AB610422AA750DEBBE
:10C820000201A5F80AA00548FBF77EFBA2E748F243
:10C830000660B3E7704400208844002030450020A3
:10C8400078440020904400208368F0B501334FF015
:10C8500002040C8015D01B4F00F580554FF6FF7673
:10C8600008304FF0010CB0F802E00EF1030400EBC9
:10C870008404A54206D20AB1012313704FF48063E9
:10C880000B80F0BD8388B34216D00388A3B18368C0
:10C890005C1C11D03C689C4200D23B600B88033387
:10C8A00073440B804388033300EB83008542E8D94F
:10C8B00003680133D7D1F0BD002AEFD082F800C061
:10C8C000ECE700BF8844002038B5094B1A68042AF9
:10C8D0000AD01D68074C02460121184644F825205D
:10C8E00000F0A2FB002038BD48F20B6038BD00BF4D
:10C8F0004C450020604400202DE9F04F9B4C89B04E
:10C9000022780023CDE90333CDE90533079372B1D3
:10C91000974C04F1100554F8043B03A803B1984761
:10C92000A542F8D10025284609B0BDE8F08F201DAA
:10C9300002F0FF0600F090FB07460028F2D140F617
:10C94000F8731B685D1C00F09D804FF080521169E8
:10C950005269DFF848828749C8F810304046A3F58D
:10C9600000530022C8F80C3000F082FB0546002876
:10C97000D9D11C238C2280498048FBF791FAA94623
:10C980004FF0020BAA46D8F80C3019EB030C59F8FB
:10C9900003204CD07A4B9A4200F0828001324BD077
:10C9A00078480AEB8A0300EB830203210BF1FF3B7B
:10C9B0000AF1010A00F823101FFA8BFB1FFA8AFA0A
:10C9C000C2F804C009F58059B9F5005FDBD1BBF1AD
:10C9D000010F62D9FFB2022F5FD0062F00F09180C5
:10C9E000002F5AD002A8FFF7DBF9002800F0BA8028
:10C9F0000123013F03700A2F09D8DFE807F012086E
:10CA000012080F080F08150615000223037102A96A
:10CA10005A48FBF789FAFFF75FFE84E701230371A9
:10CA2000F5E700230371F2E703230371EFE7531CDB
:10CA300002D0534B9A42B3D10CF104030CF5805150
:10CA40001A68013203F10403AAD19942F8D14E4B7E
:10CA50001A68002A7ED04B4ADFF838E10AEB8A03D5
:10CA600002EB830110460222C1F804C00A8100F8DB
:10CA700023200AF10101AEF802A01FFA81FA47F063
:10CA800001079FE7414B4FF080521B6811695269C3
:10CA9000581C08BF02FB01F35BE748F20A6542E756
:10CAA000DCF804303A498B423AD001318B42BED196
:10CAB000002E55D0374A344BA2F802A0314A1968EB
:10CAC00001910AEB8A0E02EB8E010846022102F860
:10CAD0002E1002460AF1010A0198506011811FFAD6
:10CAE0008AFA604600222C49C3F800C00193FFF780
:10CAF000ABFE019B9B88022B14BF082304231F431A
:10CB000060E71B4D01220023227005F110066360CF
:10CB100055F8043B03A803B19847B542F8D101E7A3
:10CB20000AEB8A0217489300002100F82210014600
:10CB3000184403F1100208330A44C0F804C0194431
:10CB400060460AF1010AFFF77FFE47F002071FFA6D
:10CB50008AFA37E70222C3F800C09A8001268EE7DE
:10CB6000094BBEE748F20765DDE600BF70440020D0
:10CB7000604400205C5A0400A4440020304500209A
:10CB8000DEC0ADDE904400204445002014100010AB
:10CB9000FE011EF178440020484500204423002077
:10CBA00010B309B370B582B00C460DF1060105460D
:10CBB000FFF744F9A0B1BDF806000D4B6E6800EB1D
:10CBC000800003EB800001210C3000F02DFA6B682F
:10CBD00026600C33012200206360AA7202B070BD8F
:10CBE00048F2096002B070BD48F20460704700BFAF
:10CBF00090440020F0B110B582B00DF1060104465A
:10CC0000FFF71CF990B1BDF806300E4A03EB830321
:10CC100002EB8303DA6882B1A27A72B1DA6800218A
:10CC2000013A0846DA60A17202B010BD48F209600C
:10CC300002B010BD48F20460704748F2056002B0CF
:10CC400010BD00BF9044002002230022FFF752BD18
:10CC500018B103230022FFF74DBD48F2046070476E
:10CC6000124B1B78DBB14FF6FF73984214D010B50E
:10CC700082B0044601A8FFF793F898B1052201237A
:10CC800002700371C48001A90948FBF74DF9FFF751
:10CC900023FD002002B010BD48F20360704748F247
:10CCA0000160704748F2076002B010BD7044002078
:10CCB00030450020114B1B78A3B100B583B001A80B
:10CCC000FFF76EF8A0B10623037001A90C48FBF72B
:10CCD0002BF90C4B1A7842B9FFF7FEFC002003B089
:10CCE0005DF804FB48F2016070470122DA72F3E755
:10CCF00048F2076003B05DF804FB00BF70440020F9
:10CD0000304500207844002010B50C4C82B0ADF8BE
:10CD100006002078ADF8041060B13AB133B101A932
:10CD20000DF10600FFF7D4F802B010BD48F2046020
:10CD300002B010BD48F2016002B010BD7044002086
:10CD400000B50E4B83B01B78ADF8060083B151B12E
:10CD50004AB1134600200A460DF10601FFF7B8F864
:10CD600003B05DF804FB48F2046003B05DF804FB17
:10CD700048F2016003B05DF804FB00BF704400207E
:10CD800000B50E4B83B01B78ADF8060083B151B1EE
:10CD90004AB113460DF106000A460021FFF798F844
:10CDA00003B05DF804FB48F2046003B05DF804FBD7
:10CDB00048F2016003B05DF804FB00BF704400203E
:10CDC00020B119B103680B600020704748F204607D
:10CDD000704700BF3F4B1B78002B6ED000286FD0F0
:10CDE000F0B43D490025C0F80250C0F80650C0F824
:10CDF0000A504E890B894C68C0F80E503344022209
:10CE00009BB202801CB1354A256895425BD0012255
:10CE10000280CD6802894188478932440D44868961
:10CE20000281C3F5806189B2A26845808E423B448D
:10CE300038BF81810132438104F5805104F1080338
:10CE40002BD06289033203EB820291421BD34FF64F
:10CE5000FF759A88AA4223D01A880AB39A680132C9
:10CE60001ED08288013282805A88033203EB82030B
:10CE7000994212D91A6801320FD05A88033203EB53
:10CE800082029142E5D2C489C288CB1A04EBA30383
:10CE900001320121C381C28001740020F0BC7047BF
:10CEA000C488C2890134C4805C8803322244C281B0
:10CEB0005A88033203EB8203DAE748F201607047D5
:10CEC00048F2046070476568054A2A44012AA0D9DF
:10CED0009DE700BF7044002090440020DEC0ADDE1E
:10CEE00002FEE10E01F01F024B09012100EB83005D
:10CEF000914000F075B800BF10B5012301F01F0488
:10CF0000490900EB810003FA04F100F05DF8E0400C
:10CF100000F0010010BD00BF01F01F02012349090C
:10CF2000934000EB8100D94300F066B84B0901F053
:10CF30001F0150F82300C84000F00100704700BFF7
:10CF40002DE9F84301F1FF384FEA581300F10408C6
:10CF50000F46064608EB83080446002523686FEA5F
:10CF6000030999FAA9F9B9FA89F9B9F1200F18D08A
:10CF7000A9444F450CD814E02368DB4393FAA3F38C
:10CF8000B3FA83F3202B05EB03090AD04F4508D9E8
:10CF900049463046FFF7B0FF0028EDD14846BDE8CE
:10CFA000F8830434444505F12005D7D1B9464846F5
:10CFB000BDE8F88350E8002F0B4640E8003C9CF0A9
:10CFC000000FF7D11046704750E8002F42EA0103E6
:10CFD00040E8003C9CF0000FF6D11046704700BFBF
:10CFE00050E8003F43EA010240E8002C9CF0000FAB
:10CFF000F6D11046704700BF50E8003F03EA010237
:10D0000040E8002C9CF0000FF6D11046704700BF9E
:10D0100050E8002F02EB010340E8003C9CF0000FB9
:10D02000F6D11046704700BF50E8003F03EB010205
:10D0300040E8002C9CF0000FF6D11046704700BF6E
:10D0400050E8003FA3EB010240E8002C9CF0000FE9
:10D05000F6D11046704700BF012350E800CF4CEADC
:10D06000030240E8002191F0000FF6D160467047BE
:10D0700020B119B101600B68114618470E207047A6
:10D0800050B32DE9F0414AB3D0F800E0BEF1000FF3
:10D0900027D01D4673B14768D7F80480B3FBF8F773
:10D0A00008FB173737B942EA0104A40705D010205E
:10D0B000BDE8F0810920BDE8F081C468A142F6D343
:10D0C00001F1FF3C04696544A542F0D8DEF80C404C
:10D0D000A446BDE8F04160470E2070470E20BDE831
:10D0E000F0810820BDE8F08100B3D0F800C0F0B5B1
:10D0F000BCF1000F1CD0AAB14768D7F800E00EF1D0
:10D10000FF370F4210D1C768B9420DD34D1E0469D5
:10D110000EFB0255A54207D8DCF81040A446BDE836
:10D12000F04060470920F0BD1020F0BD0E20704790
:10D130000820F0BD29DF704728DF704703689A6830
:10D1400032B330B50479856887B00023019102932A
:10D150000093CDE9033305956CB1012C07D1C36869
:10D16000416904911B03022102938DF80010684667
:10D17000904707B030BDD0E90314436904930125FB
:10D180008DF80050CDE902416846904707B030BDA8
:10D19000704700BF0846704700207047024B187A5E
:10D1A000003018BF01207047F4450020034B187A67
:10D1B0000122B0FA80F05A7440097047F44500200B
:10D1C00008B510461A4605F0DBFA002008BD00BF7E
:10D1D00010B5064B06480024C3E90044C3E90244E5
:10D1E0001C61FAF775FE204610BD00BFF445002013
:10D1F000E445002010B5094C094B43602046FFF779
:10D200002BFF40B9FEF7FCF81C2320748C22054943
:10D210000548FAF745FE002010BD00BFF445002088
:10D22000505A040058450020E445002038B5254CEC
:10D23000237AFBB1244B1B681A790221217222B395
:10D24000012A0AD1D3E903021044FFF775FF80B326
:10D25000112802D10123237238BD18460321FFF79C
:10D260006DFF00232372636018491948BDE83840F8
:10D27000FAF774BE15491648FAF766FE124A0346D5
:10D2800010600028D8D1606038BDD3E90525521B55
:10D29000B2F5805F28BF4FF48052D3E903109208A3
:10D2A000012A38BF012229442844FFF743FF002800
:10D2B000CED1237C002BCFD10220BDE8384000F036
:10D2C00009B800BFF44500200C46002008460020A5
:10D2D000E445002010B5234C237AA3B1022B08D1DA
:10D2E000022811D0032804D1E3680133082B1CD88D
:10D2F000E360637C1BB1BDE81040FEF771B8BDE888
:10D300001040FFF793BF10BD174B18680379002238
:10D31000E260D3B1012BECD1D0E904320133934266
:10D320000361E6D10021217205E00F4A0023106855
:10D33000E36023720D21FFF701FF0C490C48FAF757
:10D340000DFE637C002BD6D1D9E7D0E90523D11A95
:10D35000B1F5805F94BF5B1803F580539A428361F7
:10D36000C7D1DFE7F44500200C4600200846002026
:10D37000E4450020831E012B00D97047FFF7AABFA8
:10D3800000F0FD03012B00D07047A0F10100044B19
:10D39000B0FA80F04009002218745A74FFF746BFB3
:10D3A000F445002010B5064C201DFFF755FE08B9C6
:10D3B000637C03B110BDBDE81040FFF737BF00BF6D
:10D3C000F44500202DE9F04383B081460D46114815
:10D3D00001A917469846FAF79DFDB0B10024012334
:10D3E0002D0B446001A9037104618461C560C0F81C
:10D3F0000090C0F8088047610648FAF795FDFFF7EE
:10D40000D1FF204603B0BDE8F083042003B0BDE89F
:10D41000F08300BFE44500202DE9F04182B0804652
:10D420000F46104801A916461D46FAF773FDA0B134
:10D430000024089B83604460C0F80080C0E9036753
:10D44000456101A9846104710648FAF76DFDFFF793
:10D45000A9FF204602B0BDE8F081042002B0BDE87B
:10D46000F08100BFE445002013DF704740F6F873F9
:10D470001868421C01D0FFF7F7BF034B1868431C24
:10D48000F9D10420704700BF141000100148FFF7C5
:10D49000EBBF00BF00C00100A0DF7047A1DF7047F5
:10D4A000ADDF7047B3DF7047B4DF704710B5044697
:10D4B000408800F0F5FDA0802046BDE81040FCF754
:10D4C0006FBC00BF70B54FF6FF728AB00024904267
:10D4D000CDE90044CDE902440494ADF8020001D145
:10D4E0000AB070BD054600F027FC0B28064629D07F
:10D4F0000FD911280BD043F20203984212D12246D1
:10D50000144B28461978FBF749FB0AB070BD01227D
:10D51000F6E738B90E2368468DF80030FFF7C6FFEE
:10D520003246EDE70024072305A8CDE90544079618
:10D53000ADF81650CDE908448DF81430FFF7B6FF6A
:10D540002246DDE70F2368468DF80030FFF7AEFF77
:10D550002246D5E71F470020FFF7B4BF2DE9F0476B
:10D560004A4E88B031780546FBF7FCFA10B108B096
:10D57000BDE8F0870446284600F044FC082839D06E
:10D5800017D8002863D006281DD1284600F088FD52
:10D5900000F054FC00273E4B3A4619782846FBF72A
:10D5A000FDFA224631782846FBF7F8FA08B0BDE8C4
:10D5B000F08743F20203984215D043F201439842A8
:10D5C00013D011280FD00023CDE903330590CDE906
:10D5D000063303A80723ADF80E508DF80C30012751
:10D5E000FFF764FFD7E70127D5E72846FFF76AFF73
:10D5F0000127D0E70DF10600FFF754FFBDF8063014
:10D60000012BC2D9274601230DF108084FF002096A
:10D6100042F6021A07E0524529D00133BDF8062030
:10D620009BB29A42B1D9414600221846CDE90398EF
:10D63000FFF73AFF42F605210028A6D1BDF80820E1
:10D64000002FE8D1571AB7FA87F77F09E5E7CDE948
:10D650000344CDE9054407941023012403A8ADF841
:10D660000E508DF80C302746FFF720FF93E7194640
:10D6700003AA01AB28460493FFF712FF002884D1C8
:10D68000BDF80430002B80D085E700BF2247002082
:10D690002147002010B582B0044600F001FD0023B0
:10D6A0006A460921FBF7DCFD052801D002B010BD58
:10D6B000034B204619780122FBF770FA02B010BD27
:10D6C0001D47002030B50E4B83B002AA1B6842F8FC
:10D6D000043D42F6A624002501236946ADF8025018
:10D6E000ADF800408DF802300446FFF7D5FE28B9AA
:10D6F00004491A4620460978FBF750FA03B030BDBA
:10D700007C5A04001C47002030B5012187B0054633
:10D710002648FFF74FFCBFF35F8F08B107B030BD5D
:10D720000446284600F0BAFA112803461BD012D945
:10D7300086282ED043F2020290421BD11C4B224677
:10D7400028461978FBF72AFABFF35F8F174B0022A0
:10D750001A6007B030BD68B91549024609782846F5
:10D76000FBF71CFADAE7124B284619780122FBF77F
:10D7700015FAE9E70024CDE904440722CDE9014484
:10D7800001A80393ADF806508DF80420FFF78EFE34
:10D79000D4E70623CDE9014401A8ADF80650CDE950
:10D7A000034405948DF80430F0E700BF10460020D4
:10D7B0002047002038B5037803B138BD04464088BF
:10D7C000FFF780FE6588284600F006FB28B10C4B69
:10D7D000284619780122FBF7E1F96088FFF75AFF24
:10D7E000084B094918780022FBF702FA0246002884
:10D7F000E3D1064B06491878BDE83840FBF7F8B985
:10D80000214700202047002009D703001D470020A2
:10D81000C5D60300F0B50378082B83B00ED0294C91
:10D82000207829490022FBF7E3F9024620B9274B6B
:10D8300027491878FBF7DCF903B0F0BD437A0446BA
:10D84000002BECD1057A072D22D0082D31D0012DE7
:10D85000E5D16A4629468088FBF79EFF06460028E8
:10D86000DDD1019B1B78002BD9D0A08800F08AFC69
:10D870004FF6FF739842D2D0164F124C39782A4691
:10D88000FBF78CF9324638781349FBF7B1F9C7E753
:10D8900080880C4C00F076FC4FF6FF7398420546EA
:10D8A000BED001222178FBF779F92846FFF7F2FE76
:10D8B000B6E70A4A11680129B1D1BFF35F8F014C65
:10D8C0001360ADE72047002009D703001D47002063
:10D8D000C5D60300214700205DD503001046002077
:10D8E0002DE9F843FBF734F91E4C1F4D2070FBF770
:10D8F0002FF92870FBF72CF91C4E1D4F3070FBF7E9
:10D9000027F93870FBF724F9DFF87080DFF87090A2
:10D9100088F80000FBF71CF989F80000FBF718F9FC
:10D920002378144A182B107019D02B78182B16D086
:10D930003378182B13D03B78182B10D098F8003080
:10D94000182B0CD099F80030182B08D0182806D0C6
:10D95000094B00201860BFF35F8FBDE8F8830320F8
:10D96000BDE8F883204700201F4700202147002002
:10D97000224700201E470020104600201D4700209F
:10D980001C47002070B5114B82B0002422460D4682
:10D9900001261978CDF802400923ADF800608DF812
:10D9A00002300646ADF80640FBF7F8F8084B094987
:10D9B0003046A54208BF1946019100F071FB22468E
:10D9C0006946FBF7BDFC02B070BD00BF1D470020DB
:10D9D000805A0400845A040070B503888588353B5A
:10D9E00086B004461F2B23D8DFE803F05210222212
:10D9F0002222222222222222222222222222222207
:10DA0000222222222222226722862230494E2846C2
:10DA10003178FBF7A7F858B1317800222846FBF798
:10DA2000BDF8E18800296CD000212846FFF7AAFF45
:10DA3000414C424B424918780022FBF7D9F8207834
:10DA400040490022FBF7D4F806B070BD0026112330
:10DA50002846CDE90166CDE903668DF80430ADF8BE
:10DA60000650059600F01CFBADF8080000F0E6F942
:10DA7000354B314C197832462846FBF78FF828464B
:10DA800032462178FBF78AF801A8FFF70FFDD0E7AF
:10DA90002E4E28463178FBF765F80028C8D00022C2
:10DAA00031782846FBF77AF8E288002A31D02846F8
:10DAB0000021FFF767FF204CBBE7037B012BB7D1A9
:10DAC000827A012AB4D1018942F602139942AFD178
:10DAD0001F4C28462178FBF761F8002220781D4969
:10DAE000FBF786F802460028A2D11B4B1B49187889
:10DAF000114CFBF77DF89CE72846FFF7E3FC0E4C42
:10DB000097E7E389012B90D1217C003118BF0121D7
:10DB10008BE7A389012BCAD1E1892846FFF7BEFC18
:10DB20000028C4D1034A044C117828461A46FBF752
:10DB300035F87EE71E470020214700201F470020C0
:10DB400059D503005DD50300224700201C47002063
:10DB50002047002009D703001D470020C5D6030039
:10DB60002DE9F0418CB000F029F901A8FAF7D0FFB7
:10DB7000019EDFF85480DEB100244FF6FF7703E00A
:10DB80000134A4B2B44213D20CAB03EB440333F818
:10DB9000285C284600F084FAB842F1D101342846C6
:10DBA000012298F80010A4B2FAF7F8FFB442EBD3C0
:10DBB00098F80000034900220CB0BDE8F041FBF7E3
:10DBC00017B800BF5DD5030021470020AFDF7047C5
:10DBD000B1DF7047B2DF7047B3DF704710B504465E
:10DBE000808800F0CFFA60802046BDE81040FCF746
:10DBF000EBB800BF70B51D4B1D4C93E803002388A4
:10DC000088B04FF6FF7501AEAB4286E8030007D13E
:10DC100022E02088FBF7F0FBA842034620801BD0BF
:10DC2000184600223146FBF78BFB03460028F0D054
:10DC30000022218807921128CDE90322CDE905228F
:10DC4000ADF8101008D0862B03A807D00722059343
:10DC50008DF80C20FFF7C2FF08B070BD06238DF8C9
:10DC60000C30FFF7BBFF08B070BD00BF885A04003E
:10DC7000F8460020044B1A884FF6FF739A4201D0F1
:10DC8000FFF7B8BF704700BFF8460020024B4FF6C1
:10DC9000FF721A8000207047F84600202DE9F041FD
:10DCA00082B0074600F0FCF94FF6FF7398423CD073
:10DCB000064601244FF003086B46224608213046F1
:10DCC000FBF76EFD03230546F0B9019A3846911D16
:10DCD00042F8048BFFF77EFF013403460821D8B1D8
:10DCE0000C28304603D1A4B2FBF7C2FDE4E70821BB
:10DCF000052B18BF1D46FBF7BBFD002818BF0325E9
:10DD0000284602B0BDE8F081072814BF05460C255F
:10DD1000284602B0BDE8F08132463046FBF7B2FD3E
:10DD20000546284602B0BDE8F08143F202052846C8
:10DD300002B0BDE8F08100BF2DE9F04182B0074696
:10DD400000F0AEF94FF6FF73984227D10026354612
:10DD500003244FF001082346324629463846FFF790
:10DD600037FF04280AD008280AD00B280AD0B8F1B7
:10DD7000000F08BF0B2002B0BDE8F0811120F6E7CC
:10DD80000020F4E714F0020406D195B1264625469A
:10DD900003244FF00008DEE70124FAE76A46082171
:10DDA000FBF7FAFC0028D1D1019DAE882C6806351E
:10DDB000CFE7002EDFD02E460324EAE708B54FF662
:10DDC000FF70FBF719FB034B1880BDE80840FFF715
:10DDD00011BF00BFF846002000B585B00DF1070364
:10DDE000039300F05DF902AA0121FBF7D5FC20B9ED
:10DDF000039B187805B05DF804FB002005B05DF8C2
:10DE000004FB00BF38B50C4B04461846FFF7E4FE90
:10DE100078B9198843F203054FF6FF722046FFF7E1
:10DE2000D5FEA84200D038BD1988013189B21980C9
:10DE3000F2E7032038BD00BFFA46002010B5074BBB
:10DE4000044693E8030082B06B4683E80300002297
:10DE500019462046FBF774FA02B010BD905A040030
:10DE60006EDF70476FDF704746DF70472DE9F04F78
:10DE70009BB050240394DDE92459002A5FD0002B85
:10DE800058D000241C6001240194002D55D0B9F114
:10DE9000000F5FD00024C9F800404FF0010B0024B0
:10DEA0000DF11808CDE9044800294AD0C1EBC101A1
:10DEB0005F46144602EB010A861E9B4625E09DF84C
:10DEC0002910032941D8019959B152F83F1D216009
:10DED00091889279A180A271DBF800200132CBF801
:10DEE000002007346FB153F84F2D2A6059689A68A3
:10DEF000DB686960AA60EB60D9F800300133C9F8CB
:10DF00000030544505F110051BD050220021404639
:10DF100004F05AFC03AB04AA072136F8020FFBF702
:10DF20009FF920F002001AAB05281A46C7D11BB092
:10DF3000BDE8F08F0193002DA9D1AB46AFE7019268
:10DF4000A3E700201BB0BDE8F08F43F202201BB016
:10DF5000BDE8F08FCB46A2E7F8B50C4D074600248C
:10DF600001E0142C0ED02B88BB42A6B205F10A05A5
:10DF700004F10104F5D13046FAF734FD0028F0D061
:10DF80003046F8BD4FF6FF763046F8BD1446002007
:10DF900090B191B108B50A780378534013F0FE0FA1
:10DFA00008D101310622013004F0DBFBB0FA80F029
:10DFB000400908BD002008BD70470846704700BFF3
:10DFC0002DE9F0414C1C0E46054621460130102239
:10DFD00005F1110706F1110804F0C3FB08BB2B463D
:10DFE00005F1100101E08B421BD013F8012F002A2C
:10DFF000F9D073784BB9214606F1100201E0914245
:10E000000FD011F8013F002BF9D041463846FFF7F9
:10E01000BFFF6B7C03F0FE03042B1ED10120BDE883
:10E02000F08141463846FFF7B3FF6B7C03F0FE03F7
:10E03000042B0FD00022062B09D0737C03F0FE03C3
:10E04000042B04D0062B08BF1046BDE8F081104613
:10E05000BDE8F0810020BDE8F0810122EBE700BFC0
:10E0600070B584B006460D46FBF734F902AA0DF1EF
:10E0700006010720FBF736F960B1BDF80640AC4257
:10E080003046F3D00399FFF79BFF0028EED02046DF
:10E0900004B070BD4FF6FF74204604B070BD00BFE1
:10E0A00013280DD810B50446FAF79CFC28B104EBF0
:10E0B0008403054A32F8130010BD4FF6FF7010BDFF
:10E0C0004FF6FF70704700BF14460020132816D883
:10E0D00038B504460D46FAF785FC68B1094A04EBE9
:10E0E000840302EB4303002053F8022F2A609A882E
:10E0F0009B79AB71AA8038BD43F2020038BD43F270
:10E10000020070471446002038B505884DB9821CBE
:10E1100000F10A0412F8013B1BB99442FAD1002025
:10E1200038BD0B88AB42FAD102310822023004F02C
:10E1300018FBB0FA80F0400938BD00BF30B585B09B
:10E140000546FBF7C7F80CE0039C284604F146019E
:10E15000FFF7DAFF04F12A0178B92846FFF7D4FF68
:10E1600058B902AA0DF106010720FBF7BBF80028F9
:10E17000EAD14FF6FF7005B030BDBDF8060005B01E
:10E1800030BD00BF4FF6FF73984201D0FFF7E4BEE9
:10E19000704700BF132804D800EB8000014B23F820
:10E1A000101070471446002070B54FF6FF75A84256
:10E1B00003D1BDE87040FBF7AFBA0446FFF7CCFED1
:10E1C00006462046FBF7A8FA30B9132E04D806EB12
:10E1D0008606024B23F8165070BD00BF144600207F
:10E1E000082961D82DE9F0410546CEB00E4600B1B0
:10E1F00039B9002211461046FFF734FE4EB0BDE893
:10E20000F08120AC5023B82200210CAF20460193AE
:10E21000039704F0D9FA0DF1AE010DF1C5020DF12D
:10E220009703069107920DF1F3010DF58572CDE983
:10E230000443CDE9091237AB08930DF221130B9378
:10E2400005EB460850220021384604F0BDFA01AB28
:10E2500002AA072135F8020BFBF702F820F00200B2
:10E260000528CBD07B7C032B20D8DDF83130DDF8BE
:10E27000352023606260DDF83930DDF83D20A36091
:10E28000E260DDF84130BDF845109DF8472023617C
:10E290004545A182A27504F11704D3D1F2B204A8B6
:10E2A0000021FFF7DFFDA9E70720704743F20220B6
:10E2B000A4E700BFF0B5254B00249BB0C3E90044A0
:10E2C000C3E9024408B10D4641B90023204A19466A
:10E2D00018461370FFF7C4FD1BB0F0BD0646DFF80B
:10E2E00070C018464A00CFB231468CF8007004F076
:10E2F00047FA382221460CA8039404F065FACDE9C8
:10E300000044294630460CAA03ABFFF7AFFD0028B6
:10E31000E2D10DF137020DF13E030DF145000CACD9
:10E320000494059206930DF15A020DF161030790D2
:10E33000394613AD0DF1530404A8CDE90854CDE9D5
:10E340000A23FFF78DFD1BB0F0BD00BFDC460020A7
:10E350002347002030B58DB010300DF1FF330DF1A3
:10E360000F0510F8014D03F8014FAB42F9D100231E
:10E370000D784C78897806936846CDE904338DF89A
:10E380001C308DF81D108DF81F508DF81E40FFF7C2
:10E390006BFD9DF82F009DF82E109DF82D3010700C
:10E3A000517093700DB030BD30B5034685B030F874
:10E3B000015F33F8042F84789B78ADF80C20084671
:10E3C00002AA03A98DF80E30ADF804508DF806406E
:10E3D000FFF7C0FFBDF80420BDF808309A4204D012
:10E3E000012080F0010005B030BD9DF806209DF8A9
:10E3F0000A309A42F4D1002080F0010005B030BD0F
:10E400000388102B00D07047F0B5041D0FCC91B0DD
:10E4100006AD0FC50FCC0FC59DF81C3094E8030066
:10E4200003F0FE03062B85E8030014D1BDF8183075
:10E430004849079803EB83035B004FF6FF74CC5207
:10E44000CA18BDF820409DF822101172C2F80200CF
:10E45000D48011B0F0BDFAF73DFF9DF81C305B0889
:10E46000012B25D9022BE1D107AE01AC0DF102053C
:10E4700005E09DF81C3003F0FE03042B5DD022461E
:10E4800029460720FAF72EFF0028F2D1BDF81830F0
:10E49000304A0798B488B17903EB83035B004FF6E9
:10E4A000FF75D5521344C3F80200DC801972D0E71F
:10E4B00001AC0DF10205224629460720FAF712FFAA
:10E4C000002844D0029911F1110FF4D04E7C9DF830
:10E4D0001C30734013F0FE0F4FF0060201F11201E1
:10E4E0000DF11D00E7D104F03CF90028E3D1BDF89F
:10E4F000021007AEBDF81820164F079802EB8203F2
:10E500005B00FD18F952AB1CC5F80200B08898807A
:10E510004FF6FF70B5799D7181429AD00023204655
:10E52000ADF80620ADF808108DF80430FBF74EFC6E
:10E530002046FFF73FF911B0F0BD02993046013196
:10E54000FFF732FF00289AD0BDF80210D2E707AEDD
:10E550009CE700BF144600202DE9F84FDDF8289015
:10E560004A45904638BFC846B8F1000F1BD09B46BD
:10E570008A4605461746002406E0A14588BF0BF8E9
:10E580000400013444450ED02B68A74288BF1AF816
:10E5900004109E6898BF00212846B0470028ECDA96
:10E5A0000248BDE8F88F0020BDE8F88F0AFCFFFFA5
:10E5B00030B583B00468069D0095E468A047044A1E
:10E5C0000446DDE90701EFF7F7FE204603B030BD52
:10E5D00035E7020082B070B50C4684B00546496844
:10E5E000206802AC03C4039908AC481084E80C000E
:10E5F000CB0745BF2A58029B029CD4580AAB2E1861
:10E6000093E803008DE8030008AB0CCB3046A0472D
:10E6100004B0BDE8704002B0704700BF82B0D0B512
:10E620000699416000F1080400260027C0E904674C
:10E6300004A9204681E80C00F0F75CF92046BDE80B
:10E64000D04002B0F0F70AB982B038B5D0E904453D
:10E6500004A981E80C0054EA050303D1BDE8384061
:10E6600002B070470446F2F7C7F8D4E904238B429E
:10E6700008BF8242F2D2002304F1080500200021E5
:10E68000C4E9040163602846F0F734F92846BDE880
:10E69000384002B0F0F7E2B838B50546044645F810
:10E6A000081B2846F0F7D6F8002328466360E3618C
:10E6B0002376F0F7D3F8204638BD00BF2DE9F041AE
:10E6C000044682B00E46154610309846BDF82870B4
:10E6D000F5F7B4F826806580182004F01AF808AB26
:10E6E000054693E803006A4682E803002E4603CA03
:10E6F00046F80C8B0023084AEB6047F00207736072
:10E7000068602046A780A560E360C4E90833A9607B
:10E710006A6102B0BDE8F081D5E503002DE9F04360
:10E7200085B0BDF838806BB30C9C44B30F2902D17F
:10E73000B8F1C00F26D1064628201C460D461746C4
:10E7400003F0E7FF0CAB814693E803003A468DE8FF
:10E7500003002346CDF8088029464846FFF7AEFF60
:10E7600033680E4A5B6893420FD14846F0F7EAF9E6
:10E77000484603F0C7FF0A4805B0BDE8F0830D9C8A
:10E78000E407D3D46FF47A70F6E7304649469847E9
:10E790000028EAD105B0BDE8F08300BFD9730200BC
:10E7A00016FCFFFF2DE9F043037E89B004460D46B9
:10E7B0009BB1002D4ED100220023C4E90423002385
:10E7C000636004F10800F0F749F860682E4B0028F8
:10E7D00008BF184609B0BDE8F08300682B4A0368FB
:10E7E0001B6D93424BD12A4B04934FF0000804AAAF
:10E7F000CDF81480274FC688B0F808C03B68DFF812
:10E800009C9092E8030016F4807F4FF0C0068DE8DC
:10E8100003000CBF052204226146184602962346D7
:10E82000FFF77CFF1C4B3A68CDE9063808AB13E9CB
:10E83000030023468DE8030002961046232142F28E
:10E840001072FFF76BFF99F800305BB1012323765C
:10E85000002DB0D0F1F7D0FF421941EBE573C4E9C8
:10E860000423ACE70093232242F2107342F21070AB
:10E870000021F1F7D1FF012389F80030E6E70321F9
:10E8800098472068AFE700BF11FCFFFF1599020011
:10E890001DE60300E03E002049E603002447002077
:10E8A000F0B5037E93B00446002B47D02949026897
:10E8B000294EB2F806C0158937680023CDE9061342
:10E8C00006A903C923761CF4807F4FF010038DE85E
:10E8D000030014BF042205222946029308A82346F8
:10E8E000FFF7ECFE3B681D4D9B68AB422DD108A89D
:10E8F000F0F728F91A4B04930023059304AB93E82F
:10E900000300366810238DE80300029342F2107270
:10E910002346232108A8FFF7D1FE33689B68AB424A
:10E920000FD108A8F0F70EF9002000210023C4E958
:10E930000401636004F10800EFF7DCFF204613B028
:10E94000F0BD304608A99847EBE7384608A9984734
:10E95000CDE700BF1DE60300E03E0020E1730200AA
:10E9600049E60300416270474068704741600020FB
:10E97000704700BFF0B58B68CD699D42A8BF1D46AA
:10E980000C4683B001222946064604F10C0701A873
:10E99000F5F768FA01A93846F5F786FA01A8F5F700
:10E9A0007BFAE06861692A46043003F0E9FE626997
:10E9B000E3692A445D1B002D6261E5612BD1236A66
:10E9C000002BC4BF03F1FF33236293B1A369226913
:10E9D000E361002B626104DD606A03681B6898478D
:10E9E000E36933B139463046F5F74EFA304603B0A5
:10E9F000F0BD236A002BF5D194F82830002BF1D01C
:10EA000004F12C00EFF760FF39463046F5F73CFA89
:10EA1000304603B0F0BDDFDCE4E700BF38B50446A4
:10EA20000B4B40F80C3B04F12C05F5F715FA284682
:10EA3000EFF710FF002101224FF480732846646332
:10EA40006162C4E90123EFF709FF204638BD00BF2A
:10EA5000A85A040070B5456A9DF810608DB1002A6F
:10EA60000FDD73B1044628682362C4E9041103680A
:10EA700084F82860C4E906222846984794F828308C
:10EA800003B970BD04F12C00BDE87040EFF7E6BE9D
:10EA900010B582B000240094FFF7DCFF02B010BD77
:10EAA000024B1868BFF35B8F704700BFEC46002035
:10EAB000024B1868BFF35B8F704700BFD82000205F
:10EAC00030B5214A21F00043934287B01BDD1F4A35
:10EAD000934205DD02460B4602F024FF07B030BD2D
:10EAE00002AAE0F7D1F900F00303012B11D0022BA9
:10EAF00023D0DBB10124DDE90423DDE90201009428
:10EB0000E1F7D2F9EAE700220023E0F7A5FC07B01D
:10EB100030BDDDE904450093DDE9020122462B46C4
:10EB2000E1F7C2F901F1004107B030BDDDE904238E
:10EB3000DDE90201E0F790FCD0E7DDE90423DDE93F
:10EB40000201E0F789FCEDE7FB21E93FFFFFEF7FE2
:10EB500021F000431946704730B51F4A21F00043A9
:10EB6000934287B01CDD1D4A934205DD02460B46E9
:10EB700002F0D8FE07B030BD02AAE0F785F900F038
:10EB800003000128DDE9042312D002281CD0A0B123
:10EB9000DDE90201E0F760FC01F1004107B030BDA2
:10EBA0000023009300220023E1F77EF907B030BD77
:10EBB000DDE90201E0F750FCDCE70124DDE90201B8
:10EBC0000094E1F771F9D5E70124DDE90201009431
:10EBD000E1F76AF9E0E700BFFB21E93FFFFFEF7FC4
:10EBE00030B5144A21F00043934287B019DD124A30
:10EBF000934205DD02460B4602F094FE07B030BD9D
:10EC000002AAE0F741F9440004F00204C4F101044F
:10EC1000DDE90423DDE902010094E1F7FDF907B025
:10EC200030BD0123009300220023E1F7F5F907B07E
:10EC300030BD00BFFB21E93FFFFFEF7F334A21F0EA
:10EC400000439342D0B506460F460C460DDD024602
:10EC50000B4600202E4903F047F9002F4FF0000229
:10EC60002B4B2EDB02F060FED0BD2A4A934207DD1B
:10EC700027490020002CF7DA01F100431946D0BDE6
:10EC8000B3F1725F20DB244A934226DDFFF760FF79
:10EC900002460B4602F048FEE1F7A2FB00224FF0CD
:10ECA000804302F041FE02460B4600204FF08041B7
:10ECB00003F01AF902460B460020154902F032FE15
:10ECC000D8E702F02FFED0BD0022114B02F02CFE3F
:10ECD00032463B4602F0DEFFD0BDFFF739FF00228F
:10ECE0004FF0404302F0D6FFE1F77AFB00224FF0ED
:10ECF0008043064601F1004702F016FE02460B462D
:10ED00003046394603F0F0F8B4E700BFFFFFEF7F6D
:10ED10000000F03FFFFF3540FFFFEF3F70B5C1F34C
:10ED20000A56A6F2FF33132B0A4608DC002B1BDB26
:10ED30000F4C44FA03F3002022EA030170BD332B89
:10ED4000044607DDB3F5806FF8D102460B4602F0AA
:10ED5000EBFD70BD4FF0FF33A6F2134623FA06F623
:10ED6000114624EA060070BD002002F0004170BD8B
:10ED7000FFFF0F0000B585B0234A0190019B23F0EF
:10ED8000004393421DDDB3F1FF4F08DBDDED017A57
:10ED900077EEE77A17EE900A05B05DF804FB02A95A
:10EDA00001F06EFC00F00302012A14D0022A22D0E6
:10EDB000D2B101220399029802F084F907EE900A79
:10EDC000E8E7002101F0B4FD07EE900A17EE900A83
:10EDD00005B05DF804FB0399029802F073F907EEA1
:10EDE000900AF1EE677AD5E70399029801F0A0FD49
:10EDF00007EE900ACEE70399029801F099FD07EE1D
:10EE0000900AF1EE677AC5E7D80F493F00B585B0A3
:10EE1000244A0190019B23F0004393421EDDB3F18D
:10EE2000FF4F08DBDDED017A77EEE77A17EE900A07
:10EE300005B05DF804FB02A901F022FC00F003001C
:10EE4000012816D0022823D0D0B10399029801F0EE
:10EE50006FFD07EE900AF1EE677AE7E700220021E6
:10EE600002F030F907EE900A17EE900A05B05DF84F
:10EE700004FB0399029801F05BFD07EE900AD5E7C9
:10EE800001220399029802F01DF907EE900ACDE7DE
:10EE900001220399029802F015F907EE900AF1EEAB
:10EEA000677AC3E7D80F493F2DE9F043DFF8988030
:10EEB0008BB004460D46DEF7DFFC98F900300133D5
:10EEC00006460F462BD022462B462046294603F005
:10EED0007BF9814618BB20462946FFF739FE002200
:10EEE000164B03F067F9D0B1154B16480193012278
:10EEF000CDF820900092CDE90445CDE9024502F01D
:10EF000037F998F90030022BCDE906010CD068469C
:10EF100002F02CF940B1089B5BB9DDE90667304689
:10EF200039460BB0BDE8F08302F074FC2123036086
:10EF3000F1E702F06FFC089B0360EEE70000F03F92
:10EF4000BC5A0400B0440400182300202DE9F0430B
:10EF50008BB004460D46DEF7E3FE244B93F90080A8
:10EF6000B8F1FF3F06460F460ED022462B462046FC
:10EF7000294603F029F9814630B900221C4B20466E
:10EF8000294603F0F9F820B9304639460BB0BDE800
:10EF9000F0830022002301210091164ECDF820902D
:10EFA00010461946CDE90445CDE90245019602F027
:10EFB0009BFFB8F1020FCDE906010CD0684602F0C4
:10EFC000D5F840B1089B5BB9DDE9066730463946A4
:10EFD0000BB0BDE8F08302F01DFC21230360F1E7D4
:10EFE00002F018FC089B0360EEE700BF1823002026
:10EFF0000000F03FC45A04002DE9F043DFF8988088
:10F000008BB004460D46DEF717FF98F90030013348
:10F0100006460F462BD022462B462046294603F0B3
:10F02000D3F8814618BB20462946FFF791FD002200
:10F03000164B03F0BFF8D0B1154B164801930122CF
:10F04000CDF820900092CDE90445CDE9024502F0CB
:10F050008FF898F90030022BCDE906010CD06846F4
:10F0600002F084F840B1089B5BB9DDE906673046E1
:10F0700039460BB0BDE8F08302F0CCFB21230360DE
:10F08000F1E702F0C7FB089B0360EEE70000F03FEA
:10F09000CC5A0400B044040018230020DFF7FCB869
:10F0A0002DE9F04FDFF8CCA08BB004460D46DFF71A
:10F0B000E3F99AF90030013306460F4637D022466D
:10F0C0002B462046294603F07FF8834678BB20462E
:10F0D0002946FFF73DFD0022244B8046894603F078
:10F0E0005FF820B3404649460022204B03F062F807
:10F0F0009AF9006060B3CDE90445CDE902450121EC
:10F10000002200231A4F0091CDF820B01046194676
:10F11000019702F0E9FE022ECDE906010CD0684607
:10F1200002F024F840B1089B6BB9DDE90667304670
:10F1300039460BB0BDE8F08F02F06CFB2123036071
:10F14000089B002BF1D002F065FB089B0360ECE705
:10F15000022308900093064FCDE90445CDE902450E
:10F160002046294600220023D2E700BF0000F03FDE
:10F17000D45A0400182300202DE9F04F8BB01D460F
:10F1800006460F46144600F07FFC294B93F900A079
:10F19000BAF1FF3F8046894635D022462B462046AD
:10F1A000294603F011F870BB32463B4630463946DB
:10F1B00003F00AF8834630BB00220023204629468C
:10F1C00002F0D0FFF8B11B4BCDF820B00122CDE901
:10F1D0000267CDE90445CDE90023BAF1000F17D04D
:10F1E000002200231046194602F07EFEBAF1020FFB
:10F1F000CDE906010ED102F00DFB21230360089B2F
:10F2000083B9DDE90689404649460BB0BDE8F08F79
:10F21000CDE90667684601F0A9FF0028EBD0089BFE
:10F22000002BEED002F0F6FA089B0360E9E700BF7E
:10F2300018230020E85A04002DE9F0438BB004465F
:10F240000D46DFF7C9FB364B93F90060731C80460F
:10F2500089460DD022462B462046294602F0B4FFAF
:10F2600030B9002200232046294602F0A3FF20B136
:10F27000404649460BB0BDE8F0832A4B0890CDE9E3
:10F280000245CDE904450193DEB9274F4FF06046B2
:10F290002046294600220023CDE9066702F062FFDE
:10F2A000002835D002230093684601F05FFFB8B113
:10F2B000089BD3B9DDE90689404649460BB0BDE855
:10F2C000F0831A4B0022CDE906232046294600226E
:10F2D000002302F047FF68B102239E420093E3D16E
:10F2E00002F098FA22230360E2E702F093FA089B07
:10F2F0000360DFE70123022E00930BD102F08AFAAC
:10F30000212303600A4801F033FFCDE90601CFE76E
:10F3100001230093684601F029FF0028F2D1EDE7B0
:10F3200018230020F05A0400FFFFEFC70000F0FF91
:10F33000B04404002DE9F0438BB004460D46DFF7DE
:10F3400017FD374B93F90060731C804689460ED039
:10F3500022462B462046294602F036FF074630B9A2
:10F36000002200232046294602F010FF20B9404623
:10F3700049460BB0BDE8F0832A4B0897CDE902451A
:10F38000CDE904450193DEB9274F4FF06046204692
:10F39000294600220023CDE9066702F0E3FE00289B
:10F3A00035D002230093684601F0E0FEB8B1089B17
:10F3B000D3B9DDE90689404649460BB0BDE8F08384
:10F3C0001A4B0022CDE906232046294600220023BD
:10F3D00002F0C8FE68B102239E420093E3D102F01E
:10F3E00019FA22230360E2E702F014FA089B036093
:10F3F000DFE70123022E00930BD102F00BFA212349
:10F4000003600B4801F0B4FECDE90601CFE701230C
:10F410000093684601F0AAFE0028F2D1EDE700BF94
:10F4200018230020F45A0400FFFFEFC70000F0FF8C
:10F43000B04404002DE9F0432B4E8BB08046894642
:10F44000DFF746FF96F90030013304460D4603D03E
:10F4500001F086FE074620B1204629460BB0BDE8E4
:10F46000F0834046494601F07BFE0028F4D01F4B54
:10F4700096F9004008970322CDE90023CDE90489DD
:10F48000CDE90289404649460022002364B902F0D2
:10F4900091FE4FF06042E8B1154BCDE90623684676
:10F4A00001F064FE68B908E002F084FE002298B121
:10F4B000104B022CCDE90623F1D102F0ABF9222347
:10F4C0000360089B53B9DDE90645204629460BB089
:10F4D000BDE8F083084BE0E7084BEAE702F09AF951
:10F4E000089B0360EFE700BF18230020FC5A0400CC
:10F4F000FFFFEF470000F07FFFFFEFC70000F0FFC6
:10F500002DE9F04F8BB004460D4600F0CFFB294BA0
:10F5100093F900A0BAF1FF3F06460F4612D02246EB
:10F520002B462046294602F04FFE834650B94FF045
:10F5300000084FF000092046294642464B4602F09B
:10F540001BFE20B9304639460BB0BDE8F08F0122D2
:10F55000194BCDF820B00092CDE90445CDE9024524
:10F560000193BAF1000F17D042464B464046494638
:10F5700002F0BAFCBAF1020FCDE906010ED102F099
:10F5800049F921230360089B73B9DDE9066730461A
:10F5900039460BB0BDE8F08FCDE90689684601F029
:10F5A000E5FD0028EFD1EAE702F034F9089B03609B
:10F5B000EBE700BF18230020045B040000F036BC1A
:10F5C00010B52DED028B8AB008EE100A00F0E8FCB1
:10F5D000334B93F90040631C09D0B4EE488AF1EE36
:10F5E00010FA04D6B5EEC08AF1EE10FA03D90AB0CB
:10F5F000BDEC028B10BD2B4B019318EE100A0023BB
:10F60000089302F0EFFACDE90401CDE90201CCB98B
:10F61000254BB5EE408A4FF06042F1EE10FACDE98D
:10F62000062334D102230093684601F09FFDB0B158
:10F63000089BCBB9DDE9060102F024FE0AB0BDEC5F
:10F64000028B10BD194BB5EE408A0022F1EE10FA84
:10F65000CDE906230DD102239C420093E4D102F0B0
:10F66000D9F822230360E3E702F0D4F8089B036093
:10F67000E0E70123022C00930BD102F0CBF8212309
:10F6800003600B4801F074FDCDE90601D0E70123CA
:10F690000093684601F06AFD0028F2D1EDE700BF53
:10F6A000182300200C5B0400FFFFEFC70000F0FFF1
:10F6B000B04404002DE9F0432DED048BB34E8BB024
:10F6C00008EE900A08EE101A00F0E0FC96F90050DF
:10F6D0006B1C044630D0B4EE488AF1EE10FA2BD6FB
:10F6E000F4EE688AF1EE10FA68D69FEDA99AF4EE6E
:10F6F000498AF1EE10FA25D1B4EE498AF1EE10FAFA
:10F7000040F090800123A34A009318EE900A002352
:10F710000192089302F066FACDE9020118EE100A90
:10F7200002F060FA00220023CDE90401CDE90623AE
:10F73000002D60D04FF07E5420460BB0BDEC048B02
:10F74000BDE8F08301F0FCFD0546002800F09A803A
:10F7500007EE904AF5EE407AF1EE10FAECD118EE91
:10F76000900A01F0EDFD0028E6D018EE100A01F035
:10F77000E7FD0028E0D00423864A009318EE900AA3
:10F7800000230893019202F02DFACDE9020118EE50
:10F79000100A02F027FA96F9003000240025022B07
:10F7A000CDE90401CDE9064503D0684601F0DEFC51
:10F7B00038BB02F02FF82223036022E0B5EE408A26
:10F7C000F1EE10FAB8D10123724A009318EE900AB4
:10F7D00000230192089302F005FACDE9020118EE28
:10F7E000100A02F0FFF96C4B0022022DCDE9040152
:10F7F000CDE906239ED0684601F0B8FC002800F051
:10F800008480089B1BB102F005F8089B0360DDE9CA
:10F81000060102F037FD044620460BB0BDEC048B18
:10F82000BDE8F08318EE100A01F08AFD002883D0AD
:10F83000B5EEC08AF1EE10FA7FF57EAF0123554A8E
:10F84000009318EE900A00230893019202F0CAF97F
:10F85000CDE9020118EE100A02F0C4F996F9003061
:10F86000CDE90401002B55D04C490020022BCDE9F5
:10F87000060153D101F0CEFF21230360089B002B2A
:10F88000C5D0C0E718EE900A01F05AFD00283FF4F9
:10F890005FAF18EE100A01F053FD00283FF458AF97
:10F8A00018EE900A02F09EF9804618EE100A89467A
:10F8B00002F098F907EE904AF4EE677AF1EE10FA4A
:10F8C00096F9007072D6F6EE007A0322314B089555
:10F8D0000092CDE90289CDE90401019328EE278A3F
:10F8E00017BB2F4BF5EEC08A4FF06042F1EE10FAD5
:10F8F000CDE9062324D4684601F038FC0028BDD1A8
:10F9000001F088FF22230360B8E701F083FF212381
:10F91000036076E700220023CDE90623684601F064
:10F9200025FC0028AAD1A5E71E4BF5EEC08A0022CF
:10F93000F1EE10FACDE9062315D4022FE0D0DAE774
:10F9400018EE100A01F062FD07EE900AF4EE487A14
:10F95000F1EE10FA16D0144B96F900704FF0604299
:10F96000CDE90623E9E718EE100A01F04FFD07EE96
:10F97000900AF4EE487AF1EE10FA03D0074B002219
:10F98000CDE9062396F90070D7E700BF18230020C1
:10F9900000000000145B04000000F03F0000F0FFD6
:10F9A000FFFFEF470000F07FFFFFEFC701220B4B87
:10F9B00008950092CDE90289CDE904010193002F59
:10F9C000A8D0C9EE097A17EE900A02F00BF9022FBF
:10F9D000CDE906013FF44EAFA0E700BF145B040081
:10F9E00010B52DED028B8AB008EE100A00F098FFDA
:10F9F000234B93F90040631C09D0B4EE488AF1EE22
:10FA000010FA04D6B5EEC08AF1EE10FA03D40AB0AB
:10FA1000BDEC028B10BD01231A4A009318EE100AA8
:10FA200000230192089302F0DDF80022CDE90401E1
:10FA3000CDE902010023ACB11046194602F054FA98
:10FA4000022CCDE906010FD101F0E4FE2123036071
:10FA5000089B7BB9DDE9060102F014FC0AB0BDEC9D
:10FA6000028B10BDCDE90623684601F07FFB00281C
:10FA7000EED1E9E701F0CEFE089B0360EAE700BFA4
:10FA8000182300201C5B04002DE9F04723F0004EF2
:10FA90005EEA020620D07E4E21F00048B04589463D
:10FAA0001ADC564216437B4F4EEAD676BE421446C7
:10FAB00012D8F0451D4694468246074601F000469E
:10FAC00012DC0FDB90420DD30ED1734BF60F03EB1C
:10FAD000C603D3E9000105E002F0DCF802460B465C
:10FAE00002F002FABDE8F087B8F5801F3BDB4FEA71
:10FAF0002852A2F2FF32BEF5801F80F28F80BEF145
:10FB0000000F40F09F80002C2346644904DD5B0019
:10FB1000002B01F1FF31FADC614B9A4270DBC9F333
:10FB2000130343F480135E4881425BDBC5F3130487
:10FB300044F48014501A07E052EA050321D0EB0F79
:10FB400003EB42036F0001381A1BA7EB0C05F8B159
:10FB5000674538BF02F1FF32002AEDDAFA0F02EBF7
:10FB600043037F00EFE7B8F1000F5CD1BAF1000F5B
:10FB700053464A4ABFDD5B00002B02F1FF32FADC3C
:10FB8000B9E7454BF60F03EBC606D6E90001A9E736
:10FB9000674538BF02F1FF32002ABCBF3D461A4616
:10FBA00052EA0503EDD03F48824208DCEB0F03EB3D
:10FBB0004202824201F1FF314FEA4505F6DD384B42
:10FBC00099424EDA5B1A142B54DC01F21E41DD40DF
:10FBD00002FA01F142FA03F31E4341EA05023146FB
:10FBE00010467FE7401A1F2826DC01F21E450EFA58
:10FBF00000FE24FA05F504FA00FC45EA0E0499E734
:10FC00009F1A1F2F27DC02F21E4308FA07F82AFA70
:10FC100003F30AFA07F743EA080384E74FEA2E5191
:10FC2000A1F2FF3178E71E4A4FEAC8235B00002BA0
:10FC300002F1FF32FADC5EE71B4D6D1AAC404FF06B
:10FC4000000C77E716494FEACE235B00002B01F149
:10FC5000FF31FADC60E7144B9B1A0AFA03F3002722
:10FC600061E7A2F58012164301F2FF3346EA035121
:10FC7000284637E71F2B07DC01F21E4102FA01F18B
:10FC800025FA03F20A43AAE7074B591A0A41A6E7E5
:10FC9000FFFFEF7F0000F07F90300400EDFBFFFFDF
:10FCA00002FCFFFFFFFF0F00E2FBFFFF5E4A8A43FB
:10FCB0002DE9F04104460D4600F0958000290B46E1
:10FCC0000646844656DD0F1500F0A580C3F31303E6
:10FCD000A7F2FF3743F480134FEADC72F80702EB18
:10FCE00043034FEA4C0504D5ED0F05EB43034FEA00
:10FCF0008C0500267F10B44616224FF400110CEB41
:10FD0000010098424FEAD5744FEA450503DC1B1AFF
:10FD100000EB010C0E44013A04EB43034FEA51019E
:10FD2000EDD11046964620244FF0004209E051D014
:10FD30005B00013C03EBD5734FEA52024FEA4505E5
:10FD400037D0634502EB0E01F1DD002901EB020E15
:10FD50000ADBE046A3EB0C03A94288BF03F1FF33A3
:10FD60006D1A1044C446E3E7BEF1000FF1DB0CF15D
:10FD70000108EFE721F00042024329D0002942D1D7
:10FD80000146CA0A153B4905002AFAD012F4801030
:10FD900001D044E060465200D40200F1010CF9D5D4
:10FDA000CCF1200401FA0CFCE1401F1A41EA0203E5
:10FDB0008CE72B4321D14408731003F17F53F207E2
:10FDC00003F5001348BF44F0004403EB07512046FD
:10FDD000BDE8F081A942ABD8002901EB020EC3DBDC
:10FDE00098460023BCE702460B4601F053FF22462B
:10FDF0002B4601F099FDBDE8F081411C16BF421C65
:10FE000001365408D8E7024601F08CFD02460B4645
:10FE100002F06AF8DCE71A4631463B46B6E78C4604
:10FE200020244FF0FF30BFE70000F07F30B583B0F3
:10FE300007EE900A0191019B23F00042B2F1FF4FBF
:10FE400017DC20F00041B1F1FF4F054611DCB3F1A2
:10FE50007E5F3FD09C1704F0020444EAD07481B95D
:10FE6000022C4CD09FED437A032C08BFF0EE477A6A
:10FE700003E09DED017A77EE277A17EE900A03B042
:10FE800030BDF2B1B2F1FF4F29D0B1F1FF4F18D020
:10FE90008A1AD2153C2A35DC002B36DA3C3234DAA9
:10FEA000DFED357A012C47D0022C3CD0002CE4D079
:10FEB000DFED326A9FED327A77EEA67A77EEC77A77
:10FEC000DBE7DFED307A9FED307A002DB8BFF0EE42
:10FED000477AD2E703B0BDE8304001F04FB9B1F145
:10FEE000FF4F30D0022C0AD0032C39D0DFED277A17
:10FEF0009FED217A012C18BFF0EE477ABDE7DFEDC8
:10FF0000207ABAE7DFED1F7ACCE7019807EE100AF6
:10FF1000C7EE877A17EE900A01F00EFA01F02EF97B
:10FF200007EE900ABEE7DFED156A9FED157A77EED2
:10FF3000A67A77EE677AA0E717EE903A03F10043CE
:10FF400007EE903A99E7022C10D0032C0BD0DFED8E
:10FF5000107A9FED107A012C18BFF0EE477A8CE7EB
:10FF6000DFED047A89E7DFED0C7A86E7DFED0B7AC7
:10FF700083E700BFDB0F49C0000000002EBDBB338C
:10FF8000DB0F4940DB0FC93FDB0FC9BF000000801A
:10FF9000DB0F49BFDB0F493FE4CB16C0E4CB164073
:10FFA00000B52DED028B83B00190019830F0004335
:10FFB00037D0002842DBB0F1FF4F4EDAB0F5000F2A
:10FFC00056DADFED2C7A9DED017A67EE277A6FF035
:10FFD000180217EE900AC3157F3B1344DA0F13443F
:10FFE00007EE903AC2F17F01C0F3160040EAC1501B
:10FFF000B8EEE78A01F0E6FADFED1F7ADFED1F6A5F
:020000040004F6
:100000009FED1F7A06EE100A66EE277AE8EE267A52
:10001000E8EE077A17EE900A03B0BDEC028B5DF8AC
:1000200004FBDFED186A9FED187AC6EE877A17EEAB
:10003000900A03B0BDEC028B5DF804FBDDED017AA4
:100040009FED117A77EEE76AC6EE877A17EE900A8F
:1000500003B0BDEC028B5DF804FBDDED017A77EEB9
:10006000A77A17EE900A03B0BDEC028B5DF804FB93
:100070000022B0E70000004CD95BDE3EDB275435A0
:1000800080209A3E000000CC000000002DE9F047DF
:1000900031F000462DED028B12D020F00047B7F171
:1000A000FF4F804606DDBDEC028B5A48BDE8F047A5
:1000B00001F0A8B9B6F1FF4F08DDB7F17E5FF2D1CC
:1000C0004FF07E50BDEC028BBDE8F08700280C4657
:1000D0002BDB4FF00009B6F1FF4F38D0B6F17E5F51
:1000E0003DD0B4F1804F19D0B4F17C5F05468A460B
:1000F00043D1B8F1000F6FDA01F01EF9B7F1FF4FED
:1001000001D0002F3FD1A7F17E5757EA090369D0EC
:10011000B9F1010FD6D180F00040D3E707EE900A85
:1001200067EEA77A17EE900ACCE7B6F1974F21DA7F
:10013000B6F17E5F08DBF315C3F1960346FA03F2CE
:1001400002FA03F3B34256D04FF00009C6E7B7F105
:100150007E5FB5D03BDD002C28DB0846B2E7002CE3
:10016000B0DA07EE100AF7EE007AC7EE877A17EEDC
:10017000900AA7E74FF00209ADE701F0DDF8B7F10B
:10018000FF4F15D0A7B1B7F17E5F11D04FEAD873FA
:10019000013B59EA030233D0B6F19A4F40DD1E4AC3
:1001A000974200F39481002CC0F29781002089E7E8
:1001B000002C07DA07EE100AF7EE007AC7EE877A0E
:1001C00017EE900AB8F1000FBFF67CAF9BE7002C4A
:1001D000ECDA81F0004075E7BDEC028BBDE8F0473A
:1001E00000F09EBB07EE900A77EEE77AC7EEA77A9B
:1001F00017EE900A66E702F00102C2F102096DE70C
:1002000007EE905A77EEE77AC7EEA77A17EE900AD4
:1002100058E700BFB0440400F7FF7F3F0000804B69
:10022000B7F5000F80F249815FED047A07EE100AFE
:1002300067EE277A6FF0170217EE907AF048F915FB
:10024000C7F316077F398742114447F07E5240F3C7
:100250003681EC48874240F3B9819FEDEB5A01317A
:10026000A2F50002F0EE453A0020F7EE006A04EE37
:10027000902A74EEA67AB7EE007A87EE278A52109B
:1002800042F0005202F58022024434EEE67ADFEDBD
:10029000DF8A9FEDDF2A9FEDDF0ADFEDDF0A9FEDAA
:1002A000DF1ADFEDDF1ADFEDDF2A9FEDDF3A27EE01
:1002B000084A07EE902A24EE046ADC4AA6EE282AB1
:1002C00014EE100A104005EE900AA2EE060AB1EEF6
:1002D000652A77EEE66AA2EE277AF0EE607AE0EE23
:1002E000067A74EEE64AF0EE476AB0EE417AA7EE7F
:1002F000867AE2EE246AE7EE061A66EE886A75EE02
:10030000847A26EE066A67EEA67AF0EE084AE6EEF2
:10031000217AB0EE646AA5EEA56A07EE101A36EEF1
:10032000276ADFEDC31A16EE101A114006EE101AF6
:1003300076EE644AB8EEC77AE2EE254A77EEE47AC2
:1003400067EE847AE6EE267AF0EE676AE5EE866A74
:1003500016EE901A114006EE901AE2EE066A05EECD
:10036000901A77EEE67A67EEA27AE5EE837A77EE78
:10037000A37AF0EE676AE5EEA16A76EE856A76EE1C
:10038000876A16EE901A114006EE901A36EEC77A7A
:1003900037EE457AA5EEE17A77EEC77A24F47F64EA
:1003A00024F00F0407EE10AA06EE104A67EE877AD3
:1003B00037EE466A07EE104AE6EE267A09F1FF3973
:1003C00059EA030326EE877ABFEE008A77EE876A42
:1003D000B7EE006A16EE900A18BFB0EE468A002803
:1003E00020F0004340F39480B3F1864F00F3878000
:1003F0007AD0B3F17C5F00F39780002116EE903A3B
:1004000023F47F6323F00F0306EE903A9FED896A91
:10041000DFED895A9FED893ADFED893A9FED892A10
:100420009FED894ADFED894A9FED895A36EEC77AFA
:10043000F0EE002A77EEC77A26EE867AA7EEA57A46
:10044000F7EE005AF0EE477AA6EE837A27EE076AB7
:10045000F0EE471AE6EEC31AF0EE636AE6EE026AC1
:1004600077EEE17AA6EE864AE7EE277AE4EE064AD0
:10047000A4EE865AF0EE456AB0EE475AA6EEC65A8A
:10048000F0EE456A36EEE26A27EE055AC5EE066AD8
:1004900076EEE77A37EEC77A35EEC77A17EE103A7E
:1004A00003EBC153B3F5000FC0F2A28007EE903A00
:1004B00067EE887A17EE900A04E60022BEE69FED0A
:1004C000525A0020F0EE453AF7EE006ACFE6614A54
:1004D000974248DD002C7FF769AEDFED5F7A67EE6B
:1004E000A77A17EE900AEDE59FED5C6A76EEC76A93
:1004F00037EE866AB4EEE66AF1EE10FA14DD9FED8F
:10050000567A68EE077A67EE877A17EE900AD9E591
:10051000534A934263DC7FF46CAF76EEC76AF4EE25
:10052000E76AF1EE10FA5ADADB154FF400027E3B6F
:1005300042FA03F30344C3F3C7524A4C7F3A1441CF
:10054000C3F3160123EA040306EE903AC2F1170240
:1005500041F4000137EE667A11410028B8BF4942E4
:1005600077EE876A4AE707EE100AF7EE007A77EE31
:10057000677A9FED296A9FED3C7ADFED3C4ADFED1B
:100580003C5AB1EE675AF5EE006AA5EE266AF6EE21
:10059000006AE6EE676A27EEA76A66EE866A27EECD
:1005A000667AA7EEA47AF0EE476AE7EEA56A16EE41
:1005B000902A22F47F6222F00F0207EE902AE5EEE5
:1005C000257A06EE902A77EE677AE7E69FED295ABC
:1005D000DFED293A4FF40010F7EE086A47E69FED89
:1005E000277A68EE077A67EE877A17EE900A69E550
:1005F00017EE100A00F072FF07EE900A58E700BFEE
:1006000071C41C00D6B35D000000000042F1533EEF
:1006100055326C3E05A38B3EABAAAA3EB76DDB3EBE
:100620009A99193F4F38763FA0C39D3600F0FFFFDF
:100630000038763F8CBEBF351872313F0072313FB3
:100640000EEADDB54CBB313355B38A38610B36BB8E
:10065000ABAA2A3E0700803FCAF249713CAA383350
:1006600000001643FFFF7F003BAAB83F70A5EC36A1
:1006700000AAB83F00C0153FDCCFD1356042A20DC3
:1006800070B5994A20F00044944286B06BDD974AD9
:10069000944206461CDC002824F00F04DFED947A17
:1006A000944A07EE100A64DD944277EE677A00F010
:1006B000D5809FED917A77EEC76A012077EEE67AD2
:1006C000C1ED006A77EEC77AC1ED017A06B070BD60
:1006D0008A4A94420D4660DDB4F1FF4F80F2B48047
:1006E000E215863AA4EBC25307EE903ABDEEE77AE4
:1006F000DFED836AB8EEC77A77EEC77A8DED037ABD
:1007000067EEA67ABDEEE77AB8EEC77A77EEC77ADB
:100710008DED047A67EEA67AF5EE407AF1EE10FAE6
:10072000CDED057A40F0CC80B5EE407AF1EE10FACE
:100730000CBF01230223734901910221009103A8F8
:10074000294600F07FF9002E11DA95ED007AD5EDFB
:10075000017AB1EE477AF1EE677A404285ED007A90
:10076000C5ED017A03E0002208604A60002006B06F
:1007700070BD944277EE277A00F08F809FED5E7A0D
:1007800077EE876A4FF0FF3077EEE67AC1ED006AC8
:1007900077EE877AC1ED017AE9E700F0CDFD9FEDB4
:1007A0005A6A9FED535ADFED546A07EE100AF6EECF
:1007B000007AE7EE067AFDEEE77AB8EEE76A17EE22
:1007C000900AF1EE465AF0EE477A1F28E5EE857A58
:1007D00026EE267A54DD77EEC76A16EE903AE415D7
:1007E000C3F3C753E31A082B54DD9FED487ADFEDBE
:1007F000486AB0EE675AA5EE875A77EEC57AE5EEFD
:10080000877AD6EE267A75EE676AB0EE677A16EECC
:10081000903AC3F3C753E41A192C53DCC5ED006AB0
:10082000F0EE457A77EEE67A002E77EEC77AC5EDE0
:10083000017A9CDAF1EE666AF1EE677AC5ED006A3C
:10084000C5ED017A404292E707EE900A77EEE77A2B
:100850000020C1ED017AC1ED007A88E7DFED2B6A57
:100860009FED2B7A77EEE67A012077EEC76A77EE76
:10087000E67AC1ED006A77EEC77AC1ED017A76E7D4
:10088000421E244B53F8223024F0FF029A4277EEA6
:10089000C76AA2D0C5ED006AC4E7DFED1C6A9FED10
:1008A0001C7A77EEA67A4FF0FF3077EE876A77EE04
:1008B000E67AC1ED006A77EE877AC1ED017A56E7F4
:1008C000032338E7DFED146ADFED144AF0EE457AD2
:1008D000E5EEA67A35EE677AA5EEA67A96EE247A4C
:1008E00077EEC76AD6E700BFD80F493FE3CB164083
:1008F000800FC93FD00FC93F43443537800F49436C
:10090000000080432C5D040084F9223F0044353709
:1009100008A3852EAC5C040000A3852E32318D2403
:1009200007EE900AF1EEE77A17EE900A704700BFE3
:1009300020F00043B3F1485F06EE100A06EE901A6D
:100940002EDAFDEEC67A17EE903A002B5FD026EE37
:10095000067ADFED343A9FED344ADFED344A9FEDFD
:10096000345ADFED347ADFED345AA7EE234AE7EE4E
:10097000044AA7EE245AE7EE057AE7EE275A65EE19
:10098000875A66EEC66AB6EE006AE7EE256AF7EEAB
:10099000007AD7EE066A77EEE67A17EE900A70478D
:1009A00026EE067ADFED1F3A9FED1F4ADFED1F4A64
:1009B0009FED1F5ADFED1F7ADFED1F5A1F4AA7EE8A
:1009C000234A9342E4EE074AA4EE875AE5EE077AFB
:1009D000E7EE875A65EE875AD3DD194A93421BDC4E
:1009E00003F17F4307EE903AB7EE005A35EE675AAF
:1009F00066EEC66AB6EE006AE7EE256AD7EE067ABC
:100A000077EEE67A75EE677A17EE900A7047F7EEA2
:100A1000007A17EE900A7047B6EE075AF5EE027AA2
:100A2000E6E700BF4ED747ADF6740F317CF293B4C2
:100A3000010DD037610BB6BAABAA2A3D9999993E00
:100A40000000483F2DE9F04F2DED048BD7B003F1A6
:100A5000FF390293D31E48BF131DBA4C649D059104
:100A6000DB1023EAE37354F82560039303F10108D4
:100A7000A2EBC80816EB09028646A3EB090316D4BD
:100A80001A449FEDB17A6598511C1AAA002BA4BF95
:100A900050F8234007EE904A03F10103ACBFF8EE93
:100AA000E77AF0EE477A8B42E2EC017AEED1029BD4
:100AB000002E4FEA83044FEA860A1DDB1AAB181991
:100AC00043AA7346191902EB0A0742ADF446B9F17D
:100AD000000FDFED9D7A09DB02466346F3EC016A05
:100AE00032ED017A8B42E6EE877AF7D1E5EC017AB6
:100AF000BD4200F10400EAD1AAF1080306ADEB18EB
:100B000004939FED939ADFED918A009605ABB3466F
:100B100074449A4442AF76464FEA8B0356AA1A446D
:100B2000BBF1000F52ED146A16DD07EB8B0229466C
:100B300066EE897AB0EE667AFDEEE77A32ED016A0A
:100B4000F8EEE77ABA42A7EEE87A77EE866ABDEE6B
:100B5000C77AA1EC017AEBD1414616EE900A0193D7
:100B600000F0BCFC08EE100AF4EE007A68EE277A7A
:100B700017EE900A00F0ECFB07EE100AF2EE007A96
:100B8000A7EE678AB8F1000F019BFDEEC89AF0EE60
:100B9000487AB8EEE98A37EEC88A40F3C6800BF18E
:100BA000FF3CC8F1080255F82C1041FA02F000FA97
:100BB00002F2891A45F82C1019EE90CA8444C8F143
:100BC000070209EE90CA41FA02F2002A48DD19EE46
:100BD000901ABBF1000F01F1010109EE901A40F3E8
:100BE0003682D5F800C0BCF1000F40F09B80BBF10D
:100BF000010F20D0AE4601205EF8041F00F1010C69
:100C0000002900F09980E6468C467146CCF5807C40
:100C10008B4545F820C00CDD55F821002B4405EB31
:100C2000810100E00868C0F1FF0041F8040B99421F
:100C3000F8D14FF0010CB8F1000F0EDDB8F1010F43
:100C400000F02E81B8F1020F07D10BF1FF3155F8FA
:100C5000213003F03F0345F82130022A00F00981DA
:100C6000B5EE408AF1EE10FA40F08680009B0BF161
:100C7000FF3C63450EDC0BF18041013905EB81013E
:100C8000002051F80439514540EA0300F9D1002809
:100C900040F00F81009B013B55F82330002B40F0C2
:100CA000FC80049B4FF0010C53F804290CF1010C5B
:100CB000002AF9D0DC440BF1010EE64530DC039B41
:100CC000029A0EEB03015A4403EB0C0B1AAB01F131
:100CD000804103EB8202659B013903EB810107EB45
:100CE0008E0E03EB8B0B51F8043F9FED177A07EE46
:100CF000903AF8EEE77A1046B9F1000FE0EC017A8D
:100D000009DB334601E072ED017AF3EC016AA3429C
:100D1000A6EEA77AF7D15945AEEC017A0246E2D1A8
:100D2000E346F9E60121002070E715D10BF1FF320F
:100D300055F82220121248E7E34560467FF45CAF85
:100D40008C4678E7806004000000000000008043CB
:100D50000000803B0000C93FF6EE007AB4EEE78A5F
:100D6000F1EE10FA80F25D81B5EE408AF1EE10FAF4
:100D70004FF000023FF47AAFC8F1000118EE100AFC
:100D80000192009E00F0AAFB5FED106A019A07EE47
:100D9000100AB4EEE67AF1EE10FAC0F25B815FED74
:100DA000147A67EE277A0BF10103FDEEE77A08F17A
:100DB0000808F8EEE77AA7EEE67AFDEEE77ABDEEF0
:100DC000C77A17EE101A45F82B1017EE901A45F84F
:100DD000231041464FF07E50CDE9002300F07EFB0A
:100DE000019B009A002B07EE100AC0F24A819F0077
:100DF00042A907F1040E5FED2A6A0F44381D05EB86
:100E00000E0171ED017AF8EEE77AA94267EE877A72
:100E100027EE267A60ED017AF3D10DF1B8081FEDC7
:100E2000336AC44603F101090025002EC0F2048193
:100E3000A24CDFEDA37A3846B0EE467A002103E0FB
:100E4000A94208DCB4EC017AF0EC016A01318E426F
:100E5000E6EE877AF4DA01354D45ECEC017AA7F13C
:100E60000407E2D16499032955D8DFE801F0CAB735
:100E7000B75DF7EE007A37EEC88ABCF1000F3FF499
:100E8000EFAE17EE900A4146019200F027FB07EE05
:100E9000900A019A38EE678AE2E64FF0010C09E702
:100EA0000BF1FF3155F8213003F07F0345F8213075
:100EB000D3E655F82C10009E6346A8F108080029D7
:100EC00087D10CF18041013905EB810151F804090A
:100ED000013BA8F108080028F8D07AE7DFED787A1E
:100EE000002A40F0BF809DED2E7A0599002BC1EDC0
:100EF000007A77EE677A0BDD2FA80121B0EC017A3A
:100F000001318B4277EE877AF8DA002A40F0B6801A
:100F1000059BC3ED017A19EE903A03F0070057B034
:100F2000BDEC048BBDE8F08F002B40F3C4809C0027
:100F300056A921440DF1B80803F1804051ED286A0B
:100F4000013808EB830171ED017A37EEA67A884506
:100F500077EEC77A81ED007A77EEA67AF0EE476AEF
:100F6000C1ED017AEFD1012B40F3A58056AB1C44B3
:100F70008000031D54ED286A43442FA973ED017AC4
:100F800037EEA67A994277EEC77A83ED007A77EE4C
:100F9000A67AF0EE476AC3ED017AEFD10830DFEDB3
:100FA000487A08EB000308F1080833ED017A984508
:100FB00077EE877AF9D1DDED2E6A9DED2F7A2AB191
:100FC000F1EE666AB1EE477AF1EE677A059BC3ED02
:100FD000006A83ED017AC3ED027A9CE7002BFFF6ED
:100FE0007DAF2EA800EB8301DFED357A043131EDC2
:100FF000017A884277EE877AF9D1002A3FF473AFFD
:1010000030E0DFED2F7AC6443EED017AF04577EE11
:10101000877AF9D10AB1F1EE677A059BC3ED007AC0
:1010200079E719EE902ABBF1000F02F1010209EEF7
:10103000902A3ADD0222D4E5DFED217A01354D45D3
:10104000ECEC017AA7F104077FF4EFAE0AE74FF06A
:10105000000CF0E5BDEEC77A5B4617EE101A45F8B6
:101060002B10B6E6DDED2E6A0599B1EE677A002BFE
:1010700076EEE77A81ED007A3FF73EAFF1EE677AE0
:1010800046E7649903293FF646AF01A050F821F0E6
:10109000A1100400DD0F0400DD0F0400290F04007F
:1010A000DFED077A002AB6D1B7E7F7EE007A37EE20
:1010B000C88A0222D4E5DFED027A7CE7586004009A
:1010C0000000000020F00043B3F1485F07EE900AF3
:1010D00006EE101A04DABDEEE77A17EE103A23B3E3
:1010E00027EEA77A9FED174ADFED174A9FED175AB3
:1010F000DFED175ADFED176AE7EE044A27EE874A5D
:10110000A4EE875AE5EE075AE5EE876A82B166EEED
:10111000C46AF6EE005AE6EE256ADFED0F5A96EE47
:10112000876AA4EE256A77EEC67A17EE900A7047B2
:101130009FED0A6AA7EE266AE6EE047A17EE900A99
:10114000704700BFD3C92E2F342FD7B21BEF3836CC
:10115000010D50B98988083CABAA2A3EABAA2ABE29
:1011600041F0004101F58010C00F7047002070472A
:1011700000200149704700BF0000F87F38B520F01B
:101180000044B4F1A14F07EE900A05460DDBB4F11F
:10119000FF4F5CDC9FED557ADFED557A0028C8BF24
:1011A000F0EE477A17EE900A38BD524B9C4261DC54
:1011B000B4F1445F50DB4FF0FF3327EEA76A9FED99
:1011C0004E1A9FED4E2ADFED4E1ADFED4E2A9FEDAF
:1011D0004E3ADFED4E3A9FED4E4ADFED4E4A9FED1F
:1011E0004E5A9FED4E7ADFED4E5A66EE066A5A1C55
:1011F000A6EE812AE6EEA12AA2EE263AE2EEA63A71
:10120000A3EE264AE3EEA64AA4EE265AA4EEA67A58
:10121000E5EE265A27EE267AA5EE867A27EE277A7D
:101220003FD04049404A9B001944D1ED006A37EE57
:10123000667A134437EE677AD3ED007A77EEC77A91
:10124000002DB8BFF1EE677A17EE900A38BD77EE41
:10125000A77A17EE900A38BD9FED347A37EE877A79
:10126000F7EE006AB4EEE67AF1EE10FAA3DD17EEBF
:10127000900A38BD00F060F82D4B9C4207EE100A32
:1012800014DCA3F5D0039C4225DCF0EE007AFFEEDF
:10129000006AE7EE276A002337EE277AC6EE877AE0
:1012A0008BE777EEC77A17EE900A38BD214B9C4248
:1012B0000BDCF7EE087AF7EE006AE7EE276A022306
:1012C00037EE677AC7EE267A77E7FFEE006AC6EE5A
:1012D000877A032371E7F7EE007A77EE676A37EED5
:1012E000277A0123C6EE877A67E700BFDB0FC93F85
:1012F000DB0FC9BFFFFFDF3ED769853C59DA4B3DA5
:1013000021A215BD6BF16EBD356B883D95879DBDE6
:101310006E2EBA3D388EE3BD2549123ECDCC4CBE73
:10132000ABAAAA3E9C6004008C600400CAF249711A
:10133000FFFF973FFFFF1B4020F00040704700BFBA
:1013400020F00040B0F1FF4FACBF002001207047FB
:1013500082B00190019A22F00041CB0D7F3B162B09
:1013600020DC002B10462EDB234919410A4224D0F1
:10137000DFED227A9DED017A77EE277AF5EEC07ADD
:10138000F1EE10FA19DD002A04DA4FF4000242FAF5
:1013900003F3184420EA010307EE903A17EE900A8F
:1013A00002B07047B1F1FF4FDDED017AF6D377EE71
:1013B000A77A17EE900A02B07047DDED017A17EEBA
:1013C000900A02B07047DFED0D7A9DED017A77EE5D
:1013D000277AF5EEC07AF1EE10FAEEDD002A02DB94
:1013E000DFED077ADAE7FFEE007A002918BFB0EEEA
:1013F000677AF0EE477AD1E7FFFF7F00CAF24971C2
:1014000000000000004870470000C07F10B485B0A5
:101410000190019A22F00041CB0D7F3B162B2ADC74
:1014200021B3002B11464FEAD27032DB294A1A4110
:1014300011421BD05208114207D04FF4001421EA88
:10144000020244FA03F342EA0301234B03EB800058
:1014500090ED007A07EE901A77EE277ACDED037AB9
:10146000DDED037A77EEC77ACDED017A019805B00C
:101470005DF8044B7047B1F1FF4FF7D3DDED017A12
:1014800077EEA77ACDED017A019805B05DF8044BAF
:101490007047C2F316035B420F495B0A120D03F457
:1014A000800312051A4301EB800191ED007A07EEEB
:1014B000902A77EE277ACDED037ADDED037A77EE89
:1014C000C77A17EE903A23F0004343EAC0730193C2
:1014D000CCE700BFFFFF7F00AC60040000B52DED3E
:1014E000028B83B00190019B33F000421DD0B2F11A
:1014F000FF4F0FD2B2F5000F20D3D20D0A44FE2ABF
:101500002CDC002A3DDD23F0FF4343EAC25307EE03
:10151000903A03E007EE900A77EEA77A17EE900A6A
:1015200003B0BDEC028B5DF804FBDDED017A17EE34
:10153000900A03B0BDEC028B5DF804FB9DED017ACF
:10154000DFED1B7A1B4B67EE277A9942CDED017ACE
:1015500010DB019BC3F3C752193ACFE79FED168A00
:10156000019918EE100A00F041F907EE900A67EEB3
:10157000887AD3E7DFED117A9DED017A67EE277A5D
:10158000CCE712F1160F06DA4CF250339942E5DC43
:101590009FED0A8AE4E7193223F0FF4343EAC2537E
:1015A0009FED077A07EE903A67EE877AB6E700BFBD
:1015B0000000004CB03CFFFFCAF249716042A20D2E
:1015C0000000003330B482B00190019B33F0004240
:1015D00041D0002B4ADBB3F1FF4F54DAB3F5000FD3
:1015E00080F29D80DFED6E7A9DED017A67EE277ABD
:1015F0006FF0180517EE903A6A4AC3F316042244B6
:1016000002F4000282F07E50DB1504F10F0120434A
:101610007F3B07EE900AC1F316012B44B7EE007A28
:101620000F2903EBD25337EEC77A35DCB5EE407A9B
:10163000F1EE10FA75D1002B00F0AE8007EE903A73
:10164000B8EEE77ADFED587ADFED586A67EE277A71
:10165000E7EE267A05E0DFED566A9FED567AC6EE94
:10166000877A17EE900A02B030BC7047DDED017A40
:101670009FED507A77EEE76AC6EE877A17EE900A0A
:1016800002B030BC7047DDED017A77EEA77A17EE35
:10169000900A02B030BC7047B0EE006A37EE066ABE
:1016A0009FED452ADFED453ADFED454ADFED452A5E
:1016B0009FED454ADFED456ADFED457A4549C7EEC6
:1016C000065AC4F55712214402F522720A43002A31
:1016D00006EE103A25EEA55AB8EEC63A25EE056A92
:1016E000E6EE023AA6EE224AE3EE864AE4EE067AF7
:1016F000E4EE866A66EE856AE7EE866A3BDDB6EE64
:10170000006A27EE066A26EE076A76EE866A66EEBD
:10171000A56A03BB76EE666A77EE667AA1E70025D6
:101720006AE7DFED2D6AF6EE007AE7EE667A67EE9D
:10173000076A67EEA67ADBB106EE903ADFED1A5A39
:101740009FED1A6AF8EEE66AE6EEE57A77EEC77A7A
:10175000D6EE867A85E7DFED147ADFED145AE3EEF4
:10176000276A76EE667A77EEC77AD3EE257A78E73F
:1017700077EE677A75E777EE667A67EEA57A002BE3
:10178000F6D09FED096ADFED096AE3EE467A77EE5F
:10179000C77AD3EE267A64E7DFED067A61E700BF09
:1017A0000000004C20FB4A00D1F717378071313F11
:1017B000000000CC000000009788173E25333A3E19
:1017C0002549923E4FD01C3E298E633EABAA2A3F4C
:1017D000CDCCCC3E305CCFFFABAAAA3E03F0004399
:1017E00021F0004242EA0301704700BF01F00041CE
:1017F00020F000400843704710B5054C13462CB14B
:101800000A4601460220AFF3008010BD2046FCE7E7
:1018100000000000014B1868704700BFDC2000206A
:1018200008B5074B044613B10021AFF30080054B08
:101830001868836A03B19847204600F061FF00BF33
:1018400000000000B460040070B50D4E0D4CA41BE8
:10185000A4100025A54209D10B4E0C4C01F010F943
:10186000A41BA4100025A54205D170BD56F8253053
:1018700098470135EEE756F8253098470135F2E7ED
:101880001C2300201C2300201C23002040230020B8
:10189000024B0146186800F09FBF00BFDC2000200B
:1018A00038B5074C0023054608461146236000F072
:1018B0001FFF431C02D1236803B12B6038BD00BF5A
:1018C00038470020084B37B51C68084D236A002BA9
:1018D00008BF2B46009313460A460146204600F0F7
:1018E000B7FF03B030BD00BFDC2000204021002046
:1018F000084B37B51C68084D236A002B08BF2B46E0
:10190000009313460A460146204601F01CF803B036
:1019100030BD00BFDC2000204021002081F00041CC
:1019200002E000BF83F0004330B54FEA41044FEAC4
:10193000430594EA050F08BF90EA020F1FBF54EA5F
:10194000000C55EA020C7FEA645C7FEA655C00F0FB
:10195000E2804FEA5454D4EB5555B8BF6D420CDDCC
:101960002C4480EA020281EA030382EA000083EA4F
:10197000010180EA020281EA0303362D88BF30BDEF
:1019800011F0004F4FEA01314FF4801C4CEA113145
:1019900002D0404261EB410113F0004F4FEA0333A4
:1019A0004CEA133302D0524263EB430394EA050F2F
:1019B00000F0A780A4F10104D5F1200E0DDB02FA9E
:1019C0000EFC22FA05F2801841F1000103FA0EF232
:1019D000801843FA05F359410EE0A5F120050EF1F8
:1019E000200E012A03FA0EFC28BF4CF0020C43FA29
:1019F00005F3C01851EBE37101F0004507D54FF036
:101A0000000EDCF1000C7EEB00006EEB0101B1F585
:101A1000801F1BD3B1F5001F0CD349085FEA3000CB
:101A20004FEA3C0C04F101044FEA445212F5800FD6
:101A300080F09A80BCF1004F08BF5FEA500C50F173
:101A4000000041EB045141EA050130BD5FEA4C0C56
:101A5000404141EB010111F4801FA4F10104E9D1DF
:101A600091F0000F04BF01460020B1FA81F308BFD6
:101A70002033A3F10B03B3F120020CDA0C3208DDA2
:101A800002F1140CC2F10C0201FA0CF021FA02F17D
:101A90000CE002F11402D8BFC2F1200C01FA02F1ED
:101AA00020FA0CFCDCBF41EA0C019040E41AA2BF12
:101AB00001EB0451294330BD6FEA04041F3C1CDADA
:101AC0000C340EDC04F11404C4F1200220FA04F0FA
:101AD00001FA02F340EA030021FA04F345EA0301A4
:101AE00030BDC4F10C04C4F1200220FA02F001FA66
:101AF00004F340EA0300294630BD21FA04F02946E8
:101B000030BD94F0000F83F4801306BF81F4801180
:101B10000134013D4EE77FEA645C18BF7FEA655CF3
:101B200029D094EA050F08BF90EA020F05D054EAC5
:101B3000000C04BF1946104630BD91EA030F1EBFCA
:101B40000021002030BD5FEA545C05D140004941CE
:101B500028BF41F0004130BD14F580043CBF01F5C1
:101B6000801130BD01F0004545F0FE4141F47001A7
:101B70004FF0000030BD7FEA645C1ABF1946104682
:101B80007FEA655C1CBF0B46024650EA013406BF83
:101B900052EA033591EA030F41F4002130BD00BF42
:101BA00090F0000F04BF0021704730B54FF48064FF
:101BB00004F132044FF000054FF0000150E700BF80
:101BC00090F0000F04BF0021704730B54FF48064DF
:101BD00004F1320410F0004548BF40424FF00001CC
:101BE0003EE700BF42004FEAE2014FEA31014FEA0F
:101BF00002701FBF12F07F4393F07F4F81F060515E
:101C0000704732F07F4208BF704793F07F4F04BFA8
:101C100041F40021704730B54FF4607401F0004585
:101C200021F000411CE700BF50EA010208BF7047E5
:101C300030B54FF000050AE050EA010208BF7047D6
:101C400030B511F0004502D5404261EB41014FF43F
:101C5000806404F132045FEA915C3FF4D8AE4FF047
:101C600003025FEADC0C18BF03325FEADC0C18BF2A
:101C7000033202EBDC02C2F1200300FA03FC20FA7B
:101C800002F001FA03FE40EA0E0021FA02F11444C8
:101C9000BDE600BF70B54FF0FF0C4CF4E06C1CEAE1
:101CA00011541DBF1CEA135594EA0C0F95EA0C0F52
:101CB00000F0DEF82C4481EA030621EA4C5123EAC5
:101CC0004C5350EA013518BF52EA033541F48011F4
:101CD00043F4801338D0A0FB02CE4FF00005E1FBA7
:101CE00002E506F00042E0FB03E54FF00006E1FBF1
:101CF00003569CF0000F18BF4EF0010EA4F1FF0434
:101D0000B6F5007F64F5407404D25FEA4E0E6D4173
:101D100046EB060642EAC62141EA55514FEAC52084
:101D200040EA5E504FEACE2EB4F1FD0C88BFBCF500
:101D3000E06F1ED8BEF1004F08BF5FEA500E50F1B1
:101D4000000041EB045170BD06F0004646EA010177
:101D500040EA020081EA0301B4EB5C04C2BFD4EBA9
:101D60000C0541EA045170BD41F480114FF0000EA2
:101D7000013C00F3AB8014F1360FDEBF002001F010
:101D8000004170BDC4F10004203C35DA0C341BDC8A
:101D900004F11404C4F1200500FA05F320FA04F05C
:101DA00001FA05F240EA020001F0004221F0004190
:101DB00010EBD37021FA04F642EB06015EEA430E03
:101DC00008BF20EAD37070BDC4F10C04C4F1200533
:101DD00000FA04F320FA05F001FA04F240EA0200E6
:101DE00001F0004110EBD37041F100015EEA430EB7
:101DF00008BF20EAD37070BDC4F1200500FA05F2D7
:101E00004EEA020E20FA04F301FA05F243EA020355
:101E100021FA04F001F0004121FA04F220EA020064
:101E200000EBD3705EEA430E08BF20EAD37070BDAA
:101E300094F0000F0FD101F00046400041EB01018A
:101E400011F4801F08BF013CF7D041EA060195F06C
:101E5000000F18BF704703F00046520043EB030326
:101E600013F4801F08BF013DF7D043EA0603704713
:101E700094EA0C0F0CEA135518BF95EA0C0F0CD01E
:101E800050EA410618BF52EA4306D1D181EA030164
:101E900001F000414FF0000070BD50EA410606BF5E
:101EA0001046194652EA430619D094EA0C0F02D1A3
:101EB00050EA013613D195EA0C0F05D152EA0336E8
:101EC0001CBF104619460AD181EA030101F0004106
:101ED00041F0FE4141F470014FF0000070BD41F04F
:101EE000FE4141F4780170BD70B54FF0FF0C4CF429
:101EF000E06C1CEA11541DBF1CEA135594EA0C0F48
:101F000095EA0C0F00F0A7F8A4EB050481EA030E94
:101F100052EA03354FEA013100F088804FEA03337B
:101F20004FF0805545EA131343EA12634FEA022249
:101F300045EA111545EA10654FEA00260EF000410A
:101F40009D4208BF964244F1FD0404F5407402D25C
:101F50005B084FEA3202B61A65EB03055B084FEAED
:101F600032024FF480104FF4002CB6EB020E75EBEA
:101F7000030E22BFB61A754640EA0C005B084FEA12
:101F80003202B6EB020E75EB030E22BFB61A75468F
:101F900040EA5C005B084FEA3202B6EB020E75EBDA
:101FA000030E22BFB61A754640EA9C005B084FEA52
:101FB0003202B6EB020E75EB030E22BFB61A75465F
:101FC00040EADC0055EA060E18D04FEA051545EA4E
:101FD00016754FEA06164FEAC30343EA52734FEAF7
:101FE000C2025FEA1C1CC0D111F4801F0BD141EA70
:101FF00000014FF000004FF0004CB6E711F4801FD5
:1020000004BF01430020B4F1FD0C88BFBCF5E06FB4
:102010003FF6AFAEB5EB030C04BFB6EB020C5FEAC4
:10202000500C50F1000041EB045170BD0EF0004E19
:102030004EEA113114EB5C04C2BFD4EB0C0541EA4B
:10204000045170BD41F480114FF0000E013C90E648
:1020500045EA060E8DE60CEA135594EA0C0F08BF0C
:1020600095EA0C0F3FF43BAF94EA0C0F0AD150EA0B
:1020700001347FF434AF95EA0C0F7FF425AF10469E
:1020800019462CE795EA0C0F06D152EA03353FF4C6
:10209000FDAE1046194622E750EA410618BF52EA43
:1020A00043067FF4C5AE50EA41047FF40DAF52EA17
:1020B00043057FF4EBAE12E74FF0FF3C06E000BFB4
:1020C0004FF0010C02E000BF4FF0010C4DF804CDC1
:1020D0004FEA410C7FEA6C5C4FEA430C18BF7FEA81
:1020E0006C5C1BD001B050EA410C0CBF52EA430CAF
:1020F00091EA030F02BF90EA020F0020704710F12F
:10210000000F91EA030F58BF994208BF90422CBFBD
:10211000D8176FEAE37040F0010070474FEA410CB6
:102120007FEA6C5C02D150EA013C07D14FEA430CD4
:102130007FEA6C5CD6D152EA033CD3D05DF8040B45
:10214000704700BF8446104662468C461946634677
:1021500000E000BF01B5FFF7B7FF002848BF10F14E
:10216000000F01BD4DF808EDFFF7F4FF0CBF012093
:1021700000205DF808FB00BF4DF808EDFFF7EAFF0F
:1021800034BF012000205DF808FB00BF4DF808EDCA
:10219000FFF7E0FF94BF012000205DF808FB00BFBF
:1021A0004DF808EDFFF7CEFF94BF012000205DF849
:1021B00008FB00BF4DF808EDFFF7C4FF34BF012056
:1021C00000205DF808FB00BF4FEA410C7FEA6C5C21
:1021D00002D150EA013C0AD14FEA430C7FEA6C5C21
:1021E00002D152EA033C02D14FF0000070474FF099
:1021F000010070474FEA410212F5001215D211D5C5
:102200006FF47873B3EB625212D94FEAC12343F0F3
:10221000004343EA505311F0004F23FA02F018BF75
:10222000404270474FF00000704750EA013005D13E
:1022300011F0004008BF6FF0004070474FF0000001
:10224000704700BF4A0011D212F5001211D20DD50D
:102250006FF47873B3EB62520ED44FEAC12343F0AC
:10226000004343EA505323FA02F070474FF0000056
:10227000704750EA013002D14FF0FF3070474FF005
:10228000000070474FEA4102B2F1E04324BFB3F5CA
:10229000001CDCF1FE5C0DD901F0004C4FEAC002DD
:1022A0004CEA5070B2F1004F40EB830008BF20F0C1
:1022B0000100704711F0804F21D113F13872BCBF7B
:1022C00001F00040704741F480114FEA5252C2F1D0
:1022D0001802C2F1200C10FA0CF320FA02F018BF19
:1022E00040F001004FEAC1234FEAD32303FA0CFC6C
:1022F00040EA0C0023FA02F34FEA4303CCE77FEAFB
:10230000625307D150EA01331EBF4FF0FE4040F444
:102310004000704701F0004040F0FE4040F40000F3
:10232000704700BF53B94AB9002908BF00281CBF35
:102330004FF0FF314FF0FF3000F0D0B9ADF1080C95
:102340006DE904CE00F064F8DDF804E0DDE9022375
:1023500004B070472DE9F84382EAE274A4EBE2741A
:102360001546E20758BFDFF8609006460F4652BF99
:102370004FF0000880468946640832463B463046A6
:10238000394613D0FFF786FCE30706460F46F3D520
:102390004046494632463B46FFF77CFC640880468F
:1023A000894632463B4630463946EBD1002D07DAA6
:1023B00042464B4600200449FFF796FD8046894679
:1023C00040464946BDE8F8830000F03FD0B5002202
:1023D0000D4B06460F46FFF75DFCFFF733FF044643
:1023E000FFF7DEFB0022094BFFF754FC02460B46C9
:1023F00030463946FFF796FAFFF724FF00222346BE
:1024000010431946D0BD00BF0000F03D0000F04170
:102410002DE9F047089E04468846002B4BD18A429E
:10242000154667D9B2FA82F24AB1C2F1200701FA21
:1024300002F320FA07F7954047EA030894404FEA71
:10244000154E230CB8FBFEF71FFA85FC0EFB178810
:1024500043EA084307FB0CF1994209D9EB1807F14D
:10246000FF3080F01B81994240F21881023F2B44DB
:102470005B1AA4B2B3FBFEF00EFB103344EA034434
:1024800000FB0CFCA44509D92C1900F1FF3380F0A6
:102490000781A44540F2048102382C4440EA0740F9
:1024A000A4EB0C0400271EB1D4400023C6E900436E
:1024B0003946BDE8F0878B4209D9002E00F0EB8049
:1024C0000027C6E9000138463946BDE8F087B3FA6F
:1024D00083F7002F47D18B4202D3824200F2FA8069
:1024E000841A61EB030301209846002EE0D0C6E970
:1024F0000048DDE702B9FFDEB2FA82F2002A40F0BE
:102500008F80491B4FEA154E1FFA85F80127B1FB52
:10251000FEFC230C0EFB1C1143EA014308FB0CF1EB
:10252000994207D9EB180CF1FF3002D2994200F220
:10253000CD808446591AA3B2B1FBFEF00EFB1014F5
:1025400043EA044408FB00F8A04507D92C1900F120
:10255000FF3302D2A04500F2B6801846A4EB08046F
:1025600040EA0C409FE7C7F1200CBB4022FA0CFE6A
:102570004EEA030E01FA07F420FA0CF521FA0CF3E7
:102580004FEA1E482543B3FBF8F92C0C08FB19331E
:102590001FFA8EFA44EA034309FB0AF49C4202FA4A
:1025A00007F200FA07F10BD91EEB030309F1FF3024
:1025B00080F087809C4240F28480A9F10209734434
:1025C0001B1BADB2B3FBF8F008FB103345EA034424
:1025D00000FB0AFAA24508D91EEB040400F1FF3300
:1025E0006BD2A24569D90238744440EA0940A0FB85
:1025F0000289A4EB0A044C45C2464B4654D351D041
:10260000002E69D0B1EB0A0564EB030404FA0CFC5C
:10261000FD40FC404CEA0505C6E90054002747E7A9
:10262000C2F1200320FA03F7954001FA02F021FAE3
:1026300003F34FEA154E3843010CB3FBFEF71FFAC4
:1026400085F80EFB173341EA034107FB08F38B4281
:1026500004FA02F407D9691807F1FF3C2FD28B4224
:102660002DD9023F2944CB1A81B2B3FBFEF00EFBF9
:10267000103341EA034100FB08F38B4207D9691884
:1026800000F1FF3C17D28B4215D902382944C91AF0
:1026900040EA07473BE73746304609E70746E7E6A3
:1026A0001846FBE64145ABD2B8EB020A69EB0E02D5
:1026B00001381346A4E76046E9E7184695E7674600
:1026C000D1E781467CE702382C4447E7ACF1020CA5
:1026D0002B442FE7384608E73746E9E6704700BF46
:1026E000024B58221A604FF0FF30704738470020E5
:1026F000024B58221A604FF0FF30704738470020D5
:10270000FEE700BFECF7BAB90B4601461846FFF7E3
:1027100073B810B5002814BF044601242046ECF716
:1027200087F930B9FCF7BCF908B900F00FF8804719
:10273000F4E710BD08B500F004F808B5804700F0D4
:1027400005F808B5FCF7B4F9FFF7F7FF08B5062060
:10275000FFF79EF80120FFF7D3FF0A220021FFF7C1
:10276000B1B830B50024A24201D1002007E0035DDA
:1027700001340D1915F8015CAB42F4D0581B30BD83
:1027800010B5431E0A44914200D110BD11F8014B0F
:1027900003F8014FF7E7884210B501EB020307D8B1
:1027A000421E99420AD011F8014B02F8014FF8E796
:1027B0008342F5D98118D21AD34200D110BD13F843
:1027C000014D01F8014DF7E702440346934200D161
:1027D000704703F8011BF9E71F2938B504460D4679
:1027E00004D9162303604FF0FF3038BD426C12B19C
:1027F00052F821304BB9204600F016F82A4601461F
:102800002046BDE83840FFF74BB8012B0AD0591CD1
:1028100003D1162303600120E7E7002442F8254096
:10282000284698470020E0E7FFF75ABF10F8012B31
:1028300011F8013B012A28BF9A42F7D0D01A7047FD
:10284000034613F8012B002AFBD1181A01387047F0
:102850002DE9F0478046894692461E460F463D4682
:10286000089815F8014B00F0E8F82044437813F07D
:10287000080332D12D2C32D17C78BD1C0122002ED0
:102880005DD0102E09D1302C07D12B7803F0DF0357
:10289000582B4FD16C7810260235002A14BF4FF008
:1028A00000416FF000410027B1FBF6FC384606FB03
:1028B0001C1EA4F13003092B17D81C46A64223DDA9
:1028C0007B1C07D084451CD301D1A64519DB00FB36
:1028D0000640012715F8014BEBE72F46BFE72B2CED
:1028E00004BFBD1C7C781A46C9E7A4F14103192B2B
:1028F00001D8373CE2E7A4F16103192B04D8573C17
:10290000DCE74FF0FF37E5E77B1C08D12223C8F84E
:1029100000300846BAF1000F07D1BDE8F08702B1D8
:102920004042BAF1000FF8D00FB105F1FF39CAF8F3
:102930000090F2E73024002EAFD10826ADE7302C0E
:10294000A3D00A26A9E72DE9F0478046894692469A
:102950001E460F463D46089815F8014B00F06DF8ED
:102960002044437813F0080330D12D2C30D17C78EB
:10297000BD1C0121002E5CD0102E09D1302C07D1B6
:102980002B7803F0DF03582B4ED16C7810260235DC
:102990004FF0FF320023B2FBF6F206FB02FC6FEAB7
:1029A0000C0C1846A4F13007092F17D83C46A64254
:1029B00023DD002B1EDB82421CD301D1A44519DB91
:1029C00000FB0640012315F8014BEBE72F46C1E75A
:1029D0002B2C04BFBD1C7C781946CBE7A4F1410722
:1029E000192F01D8373CE2E7A4F16107192F04D869
:1029F000573CDCE74FF0FF33E5E7002B09DA2223F1
:102A0000C8F800304FF0FF30BAF1000F07D1BDE831
:102A1000F08701B14042BAF1000FF8D00BB105F1D7
:102A2000FF39CAF80090F2E73024002EB0D1082612
:102A3000AEE7302CA4D00A26AAE7D0F8EC00704705
:102A400082B001B901A942B14BB113780B60127881
:102A5000101C18BF012002B070471046FBE76FF052
:102A60000100F8E749B1FF2A85BF8A2303600A7095
:102A70004FF0FF3098BF01207047084670470000B4
:102A8000F8B500BFF8BC08BC9E467047F8B500BF5B
:102A9000F8BC08BC9E467047000000000000000023
:102AA0000108010842424242010801083ED8E98D6E
:102AB000D91202006D120200514E020011520200A2
:102AC0001D520200355202004D220200295202001E
:102AD000B54E0200F1510200BD2F02006522020036
:102AE0000926020035250200E524020039270200EC
:102AF000A91F02008521020095210200A9210200E0
:102B0000C5210200C92A0200192A02002D30020044
:102B100085300200A9580200AD580200A03104001F
:102B20000C3204003C3204004C3404003D4D0200E1
:102B3000114F0200694002000D380200C95802001E
:102B4000C1580200C55802006D2E0200812C0200FF
:102B5000F12C0200392302004D2302006D230200F4
:102B60002D2402004124020079240200A11E02004B
:102B7000F1210200052202000922020011220200B6
:102B80001D22020025220200352202003D22020001
:102B900045220200352C0200652C0200054F020080
:102BA000E15202000D53020079530200911D020010
:102BB0009D1D0200F51D0200FD1D02007121020095
:102BC000212102001D1E0200E11E0200552002000C
:102BD000E51E0200291F0200911F0200A11F020032
:102BE000112C020085270200AD270200D527020024
:102BF0002D280200592802000D2602000527020098
:102C00003D2602006D26020095260200BD26020028
:102C1000DD260200C12D0200E52D0200092E020072
:102C20002D2E02004D2E0200152C0200252C020034
:102C3000A92A0200B92A0200B9280200D121020003
:102C4000DD28020095290200A9290200BD29020001
:102C5000D1290200E5290200F9290200E121020040
:102C6000E9210200B15802004D2202005D2202005B
:102C700065220200CD220200D1220200D5220200EC
:102C8000E92202001D230200212302003123020059
:102C90008D240200992402009D2402006D2F020061
:102CA000A1300200B9300200DD30020031310200F3
:102CB0005131020001380200193802006D3F020054
:102CC0002919040079210400B52104002519040004
:102CD000E91E0400951C0400D912020021410200E3
:102CE000454102004941020079410200A54102002C
:102CF000D5410200E14102002542020049420200A2
:102D000079420200A5420200AD420200B542020033
:102D1000C1420200D1420200C90A0200F50A0200C3
:102D2000550B0200610B0200910B0200CD0B02005B
:102D3000D10B0200DD420200E94202004D430200D5
:102D40007143020095430200AD450200B943020001
:102D50005D44020095440200A1440200B144020017
:102D6000BD440200E1440200894502009945020089
:102D7000911B0200991B0200A51B0200A91B020067
:102D8000AD1B0200B11B0200B91B0200D11B0200E7
:102D9000DD1B0200E91B0200F51B0200091C0200FA
:102DA000451C0200491C0200551C0200591C02006F
:102DB000691C0200711C02007D1C02008D1C0200B7
:102DC000991C0200A11C0200B51C0200C11C0200DB
:102DD000C51C0200F54502000546020059460200E6
:102DE00069460200A1460200AD4602007946020093
:102DF0008546020091460200B9460200CD46020017
:102E0000E1470200F1470200FD47020009480200C5
:102E100035490200394902004D490200614902006A
:102E200075490200894902009D490200C549020016
:102E3000D1490200014A0200214A0200254A02004B
:102E4000394A0200894A0200D54A0200E14A0200DA
:102E5000294B0200514B0200614B0200694B0200FA
:102E6000ED4C02001D4D0200A94B0200BD4B0200BB
:102E7000214C0200354C02004D4C0200A54C0200D2
:102E8000CD4C020085550200C953020015540200C2
:102E90005954020089540200A1540200FD5402005A
:102EA0003D550200495502006D550200795502005A
:102EB000390C02003D0C0200550C0200690C0200A6
:102EC000810C0200950C0200F90F0200351102007E
:102ED000F90C0200FD0C02002D0D0200590D02003C
:102EE000D90D0200E50D0200290E02009D0E020020
:102EF000B50E0200DD0E0200E50E0200290A0200F6
:102F00003D0A0200510A0200650A0200790A020025
:102F10008D0A0200A10A0200B50A0200455602000D
:102F20006D5602008156020095560200A956020015
:102F3000BD560200D1560200E55602006547020068
:102F400089470200AD470200B1470200CD470200A9
:102F500019560200C55502000D560200BD3102008F
:102F6000F1340200C9310200D531020009570200D4
:102F70002D570200955702001159020049590200CD
:102F8000C1590200E9590200195A0200355A0200DB
:102F9000515A020000000000000000000000000084
:102FA0000338FDD870470000010000000000000059
:102FB0000A000000000000006400000000000000A3
:102FC000E8030000000000001027000000000000DF
:102FD000A08601000000000040420F000000000039
:102FE000809698000000000000E1F5050000000058
:102FF00000CA9A3B0000000000E40B5402000000ED
:1030000000E87648170000000010A5D4E800000092
:1030100000A0724E1809000000407A10F35A000018
:103020004FBB610567ACDD3F182D4454FB21E93FE0
:103030009BF681D20B73EF3F182D4454FB21F93FCF
:10304000E2652F227F2B7A3C075C143326A6813C55
:10305000BDCBF07A8807703C075C143326A6913C00
:10306000000000000000E03F000000000000E0BFA2
:103070000000E0FE422EE63F0000E0FE422EE6BFEA
:10308000763C7935EF39EA3D763C7935EF39EABD62
:1030900000000000000000000000000000000080B0
:1030A00000000040FB21F93F000000002D44743E69
:1030B000000000809846F83C0000006051CC783B4E
:1030C00000000080831BF0390000004020257A3882
:1030D000000000802282E336000000001DF3693505
:1030E000303132333435363738396162636465667E
:1030F0000000000072616E646F6D20736565643A54
:1031000020256400525325643A25702F2564000061
:103110002320257300000000232025733A2025700A
:1031200000000000322E3000322E58006661696CBB
:103130006564207479706520636865636B20666FD1
:103140007220257020402570000000005654202574
:1031500070202D206F626A74797065202564206369
:103160006C6173734E6F202564000000756E68619A
:103170006E646C656420657863657074696F6E2C2D
:103180002076616C75653A006D697373696E6720AE
:1031900070726F7065727479206F6E2025700000F8
:1031A000080003F90000000001000000000000001A
:1031B000C91C0200BD2F0200FD1C0200CD1C020034
:1031C000D51C0200D91C0200F91C0200DD1C020003
:1031D0005B5265664F626A6563742076743D257044
:1031E00020636C3D256420737A3D25645D000000FA
:1031F0005B4E61746976652025705D005B257320E8
:103200002570203D2025735D00000000080004F9B2
:10321000000000000300000000000000C91C0200C4
:10322000BD2F020000000000F11C020000000000A1
:103230000000000000000000000000000C0002F987
:10324000000000000200000000000000C91C020095
:10325000BD2F020000000000ED1C02000000000075
:10326000000000000000000000000000A031040089
:103270000700626F6F6C65616E000000A031040092
:103280000900756E646566696E6564000C32040041
:103290000000000000000000A03104000000000059
:1032A000A0310400080066756E6374696F6E0000DB
:1032B000A03104000900756E646566696E6564007E
:1032C000A03104000800496E66696E6974790000D7
:1032D000A031040003004E614E000000A031040044
:1032E00009002D496E66696E69747900A031040089
:1032F00004006E756C6C0000A03104000400747250
:1033000075650000A0310400050066616C736500FE
:10331000A031040008005B4F626A6563745D0000C1
:10332000A03104000A005B46756E6374696F6E5DC0
:1033300000000000A031040006006E756D62657229
:1033400000000000A031040006006F626A6563742B
:1033500000000000A03104000600737472696E67FB
:10336000000000002D2D4D41524B000052503A25D7
:10337000702F25640000000052473A25702F256405
:103380000000000047432025642F256420667265F5
:10339000653B202564206D6178426C6F636B000093
:1033A000474320626C6F636B2025646220402025B8
:1033B00070000000080004F900000000090000008F
:1033C00000000000B5400200BD400200AD40020018
:1033D000B1400200000000000000000000000000FA
:1033E000000000005265664D496D616765202570DB
:1033F0002073697A653D25642078202564000000EB
:103400005265665265664C6F63616C20257020764C
:103410003D257000526566436F6C6C656374696F1F
:103420006E2025702073697A653D256400000000D8
:103430005265665265636F72642025702073697AE5
:10344000653D256420627974657300000C0005F900
:10345000000000000400000000000000494E0200CF
:10346000554D02003D400200814002000000000076
:10347000000000000000000000000000766172699A
:10348000616E74206E6F7420737570706F727465E6
:10349000643A2025730000005265664D6170202556
:1034A000702073697A653D25640000005365676D7F
:1034B000656E743A2025702C206C656E6774683ACE
:1034C0002025642C2073697A653A20256400000069
:1034D0002D3E2025640000004572726F723A20254F
:1034E00064205B25645D0000526566416374696F0A
:1034F0006E2025702070633D25582073697A653DE4
:1035000025640000140004F9000000000800000019
:1035100000000000494D0200854D020051400200AC
:1035200091400200000000000000000000000000C8
:1035300000000000080004F900000000070000007F
:10354000000000004D4E0200754D0200494002008F
:103550008D4002000000000000000000000000009C
:10356000000000000C0004F900000000060000004C
:1035700000000000414D02004151020035400200B0
:103580007D4002000000000000000000000000007C
:103590000000000000000000000000006D5A020062
:1035A000755A0200795A0200295C0200EDDA020025
:1035B000D15C0200555D02007A76677074756F69A0
:1035C00065617A76677074756F6965617A76677020
:1035D00074000000756E6B6E6F776E001B1B000E23
:1035E0001100000015160F18130000001C0B1F25FA
:1035F0001E0000000000000000000000B55D020099
:1036000005DD0200AD5D0200695D0200A95D0200FA
:103610008D6102009D5D0200995D020000000000C6
:10362000000000006D5A0200755A0200795A02002B
:1036300069850200EDDA0200C9610200F56102004D
:1036400039F502003DF50200CD89020051F5020076
:1036500005870200D584020059F50200C8FFFFFF6C
:10366000000000006D5A0200750D0300795A020037
:10367000C1610200EDDA0200ED6102002162020088
:10368000554249545F4C4F475F46535F565F303059
:10369000310A00009C360400080000000100000010
:1036A0000200000002000000020000000300000011
:1036B00002000000040000000100000005000000FE
:1036C00004000000060000000100000007000000E8
:1036D0000100000008000000010000005549504DA5
:1036E0003A20524543454956454420554E4B4E5786
:1036F0004F4E204652414D450000000057414B457A
:103700002046524F4D205245534554204255545463
:103710004F4E000057414B452046524F4D205553C8
:10372000420000004C4F4E47205245534554204222
:103730005554544F4E20505245535300554E4B4E06
:103740004F574E204B4C3237204556454E54204360
:103750004F4445205B25645D000000000000000030
:10376000000000006D5A0200755A0200B1680200A4
:10377000C1610200EDDA0200296402004164020026
:10378000D8D8ECF0F4F8FC000304000000000000BE
:10379000000000006D5A0200755A0200116E02000E
:1037A00061710200EDDA0200D96D0200F16D0200D4
:1037B00000000000000000006D5A0200755A02006F
:1037C00055750200C1610200EDDA02005D7402006D
:1037D00075740200DC3704000800000001000000DE
:1037E0000C000000020000000500000003000000C3
:1037F00002000000040000000100000005000000BD
:1038000001000000060000000200000007000000A8
:103810000300000008000000010000004552524F64
:10382000522045524153494E470000005452414EE8
:10383000534143543A205B4932432057524954453F
:10384000204552524F525D005452414E5341435411
:103850003A205B4932432052454144204552524F61
:10386000523A2025645D00005553425F464C415357
:10387000483A205472616E73616374696F6E2046BA
:1038800061696C65642E000000000000000000000B
:103890006D5A0200755A0200795A0200C161020095
:1038A000EDDA02006D7502009D7502007D78020060
:1038B000BD780200A17C020059750200C97C02009B
:1038C000E97C02005D750200F8FFFFFF00000000C8
:1038D000D5750200E17C0200F97C020065750200EA
:1038E000B578020095790200C17C0200000000005A
:1038F00000000000017D0200497D0200617D0200A0
:103900000000000000000000A97E02000D7D020002
:10391000D52D0300197D0200217D0200000000006A
:103920000000000019830200E18302001D830200F1
:10393000218302002D83020041830200FD830200E7
:1039400000000000000000006D5A0200755A0200DD
:10395000795A020069850200EDDA020095840200BE
:10396000B184020039F502003DF50200CD89020064
:1039700051F5020005870200D584020059F50200C6
:103980000000000000000000018D0200C58A020056
:10399000D52D0300C98A0200DD2D0300CD8A020067
:1039A000158B0200FCFFFFFF000000006D5A0200B3
:1039B000755A0200795A0200C1610200EDDA020074
:1039C0000D8B0200298B0200676967676C65000038
:1039D00030313032333039383830313930303834B2
:1039E00034303034343030383838313032333030AD
:1039F00031363031303033333030323430303030B3
:103A000030303030303030303030303030303030B6
:103A100030303030303030302C313130323332359C
:103A2000373030383734313134343030343430306A
:103A30003838383033353230303539303130303352
:103A40003330303031303030303030303030303072
:103A50003030303030303130303030303030303065
:103A6000302C333130323332373239303231313039
:103A700035343430323838393038383830303931FC
:103A80003030363330303030303030303234303720
:103A90003030303230303030303030303030303024
:103AA000333030303030303030302C33313032330E
:103AB00032373239303130323035343430323838D0
:103AC00039303838383030393130303633303030C2
:103AD00030303030303234303730303032303030D7
:103AE00030303030303030303033303030303030D3
:103AF0003030302C333130323332373239303131AB
:103B00003430353434303238383930383838303071
:103B1000393130303633303030303030303032348C
:103B2000303730303032303030303030303030308C
:103B30003030333030303030303030300000000042
:103B400068617070790000003031303233313939BA
:103B50003230363639313134343030343430303834
:103B60003838303236323030323830303030313828
:103B7000303030323035303030303030303030303E
:103B80003030303030313030303030303030303034
:103B90002C303032333232313239303239353038FC
:103BA00034343032343034303838383030303030EB
:103BB00030303430303032323430303131303030F7
:103BC00030303030303030303030303030303037EE
:103BD0003530303030303030302C303030303032E2
:103BE000313239303239353039343430323430349E
:103BF000303838383031343530303034303030329D
:103C000032343030313130303030303030303030AC
:103C10003030303030303030373530303030303098
:103C20003030000068656C6C6F000000333130325A
:103C30003330363733303139373032343430313154
:103C4000383730383838313032333031323830303C
:103C5000303030303030323430303030303030305E
:103C60003030303030303030303030303030303054
:103C7000303030302C33303030303130363430303A
:103C800031363032343430303938313038383830F9
:103C90003030303031323830303030303130303018
:103CA0003430303030303030303030303030303010
:103CB000303030303030303030303030302C333104
:103CC00030323331303634303239333032343430CC
:103CD00030393831303838383130323330313238A9
:103CE00030303030303130303034303030303030CF
:103CF00030303030303030303030303030303030C4
:103D000030303030303000006D7973746572696F17
:103D10007573000034303030303233393030333363
:103D20003130303434303234303430383838303464
:103D30003737303030343030303232343030313167
:103D4000303430303030303030303030303030306F
:103D50003030383030303030303030302C34303556
:103D60003531323834353338353030303434303022
:103D70003434303038383830303030303132383018
:103D80003330313035303031363030303030303023
:103D90003030303030303030303038353030303511
:103DA000303030313500000073616400333130321F
:103DB00033323232363037303830313434303136D5
:103DC00032343038383831303233303132383030C4
:103DD00030303031303032343030303030303030DC
:103DE00030303030303030303030303030303030D3
:103DF000303030302C3331303233313632333039A9
:103E00003336303234343030393339303838383072
:103E10003030303031323830303030303130303294
:103E2000343030303030303030303030303030308E
:103E30003030303030303030303030303000000012
:103E4000736C6964650000003130353230323332D2
:103E5000353032323330323434303234303430383A
:103E6000383831303233303132383031303230302E
:103E7000303031313034303030303030303030303C
:103E80003030303030313030303030303030303031
:103E90002C3031303233323532303039313030320B
:103EA00034343030343430303838383130323330E4
:103EB00031323830313032323430303131303430E8
:103EC00030303030303030303030303030303130F1
:103ED000303030303030303030000000736F61727D
:103EE000696E670032313032333430303935333037
:103EF0003930353434303539393930383838313073
:103F000032333030323230323030303430303032A0
:103F1000303235303030303030303030303030309A
:103F20003032303030303030303030302C3430328D
:103F30003233333732373237333031343434303050
:103F4000343430303838383030303030303331304D
:103F50003130323434303030333030303030303053
:103F60003030303030303030303030303030303051
:103F70003030303030000000737072696E670000BE
:103F800033303635393030333731313633313234FE
:103F900034303035383730383838303830373030E2
:103FA0003334303030303030303032343030303004
:103FB00030303030303030303030303030353030FC
:103FC00030303030303030302C30313032333030EF
:103FD00033373131363331333434303035383730AC
:103FE00038383831303233303033313030303030AF
:103FF00030303032343030303030303030303030BB
:1040000030303030303035303030303030303030AB
:10401000300000007477696E6B6C650030313031B0
:104020003830303037363732323039343430303758
:104030003536303838383038353530313238303040
:10404000303030303030323430303030303030306A
:104050003030303030303030303030303030303060
:1040600030303030000000007961776E00000000D1
:104070003230303030323238313133333230323422
:104080003430313530303038383831303233303107
:104090003238303130323431303032343034303004
:1040A000303330303030303030303030303130300C
:1040B00030303030303030302C30303533313235F4
:1040C00032303039313030323434303034343030D2
:1040D00038383830363336303132383031303232A9
:1040E00034303031313033303030303030303030C7
:1040F00030303030303031303030303030303030BF
:10410000302C30303832323037383430313930308A
:104110003834343030343430303838383036383160
:104120003030313630303030353530303234303078
:10413000303030303030303030303030303030307F
:10414000353030303030303030302C30303437395A
:10415000303738343031393030383434303034342A
:10416000303038383830323938303031363030301D
:104170003030303030323430303030303030303039
:10418000303030303030303030353030303030302A
:104190003030302C30303332313037383430313900
:1041A00030303834343030343430303838383031DE
:1041B00030383030313630303030333330303038E2
:1041C00030303030303030303030303030303030EF
:1041D000303035303030303030303030000000009A
:1041E0000000000000000000319802003998020031
:1041F00041980200599802006198020069980200F3
:104200007198020081980200919802009D98020026
:10421000AD980200B5980200BD980200CD9802004A
:10422000D5980200DD980200F5980200FD98020082
:10423000059902000D990200159902001D990200CE
:1042400055990200599902006D9902000000000082
:1042500000000000319802003998020041980200E5
:10426000A99B0200619802005D990200719802000A
:1042700081980200919802009D980200AD9802007A
:10428000B5980200E59B0200D59B020065990200EB
:10429000199A0200F5980200FD98020005990200A3
:1042A0000D990200159902001D990200559902000E
:1042B000119C0200D19C020079990200ECFFFFFFE3
:1042C000000000006D5A0200755A0200119A0200A7
:1042D000C1610200EDDA02004D9C02008D9C0200DB
:1042E000084304000C0000003843040006000000EE
:1042F0005043040004000000604304000700000075
:104300007C430400070000000000803F6D56853F9D
:104310000000903F9A99993F0000A03F93A9AA3FBF
:10432000A301B43F0000C03FCDCCCC3F6D56D53F7C
:104330006666E63F0000F03F0000803F0000903FCF
:104340000000A03FA301B43FCDCCCC3F6666E63F62
:104350000000803F9A99993FA301B43F6D56D53F25
:104360000000803F0000903F0000A03F93A9AA3FBB
:104370000000C03F6D56D53F0000F03F0000803F79
:104380000000903F9A99993F93A9AA3F0000C03F2F
:10439000CDCCCC3F6666E63FAAFE0100FFFF1400CD
:1043A0000500FFFFFFFFFFFFFFFFFFFFFFFF00FF15
:1043B000FFFF000000FFFFFFFFFFFFFFFF00FFFF09
:1043C000FF000000FF0000000000FFFF00FFFFFFF4
:1043D000000000FF00000000000000000000FFFFE0
:1043E000FFFFFFFFFF00FFFFFF000000FF000000D6
:1043F0000000FFFFFFFFFFFFFFFFFFFFFFFF00FFCA
:10440000FFFF000000FF00000000FFFF00FF00FFB3
:1044100000FF00FFFFFF00FF00FF00FF0000FFFFA5
:1044200000000000D8ECF0F4F8FC0004302C302C34
:104430003235352C302C300A302C3235352C302C9E
:10444000302C300A3235352C3235352C3235352C7E
:104450003235352C3235350A302C3235352C302C6E
:10446000302C300A302C302C3235352C302C300AA0
:1044700000000000302C302C302C302C300A302C36
:10448000302C302C302C3235350A302C302C302C5E
:104490003235352C300A3235352C302C3235352C2E
:1044A000302C300A302C3235352C302C302C300A60
:1044B000000000003235352C302C302C302C3235B9
:1044C000350A302C3235352C302C3235352C300A2B
:1044D000302C302C3235352C302C300A302C323503
:1044E000352C302C3235352C300A3235352C302CE9
:1044F000302C302C3235350A000000005265626FD6
:104500006F744D6F64650000205B000056322E30E2
:10451000000000002000000000000000000000007B
:104520006D5A0200755A020001A00200E9A00200C3
:10453000EDDA0200D19F0200B9A10200534F4654A8
:104540004445564943453A20415353455254494FF7
:104550004E204641494C454400000000534F46540C
:104560004445564943453A20494E56414C4944201A
:104570004D454D4F52592041434345535300000090
:1045800053444B3A20415353455254494F4E2046D1
:1045900041494C454400000053444B3A2045525297
:1045A0004F52000053444B3A20554E4B4E4F574EFE
:1045B000204641554C540000424243206D696372CD
:1045C0006F3A626974000000000000000000000003
:1045D000BDB10200CDAF020075D40200C1AE020031
:1045E000C5AE0200A5D4020075D4020075D4020045
:1045F00059D7020079D40200ADD7020081D8020059
:1046000091D40200C1B2020019AF02006DAF0200E6
:10461000F8FFFFFF000000006D5A0200755A02000B
:1046200011B30200C1610200EDDA020041AF0200E5
:104630009DAF020001AA0000666C617368496E6359
:104640006F6D706C65746500457261736520706193
:10465000676520617420257800000000E97D000076
:10466000251D470AA062FA1922DFA9A80000000050
:104670000000000035B5020075D4020075D40200B8
:1046800019B302001DB30200A5D4020075D40200C4
:1046900075D4020059D7020079D40200ADD70200C8
:1046A00081D8020091D40200000000000000000048
:1046B000B9550300AD5903007D560300F15F0300B7
:1046C00095560300D158030001570300115703000A
:1046D0004557030051570300E15B0300C960030025
:1046E0006157030019590300C55A030071570300AD
:1046F00089570300FD98020005990200995E0300A6
:10470000495E0300495A0300E957030009B9020052
:1047100041B90200E8FFFFFF000000006D5A0200EF
:10472000DD100300795A0200C9110300EDDA02001E
:1047300025B9020061B90200A5100300211203008F
:10474000FFFFFFFF00000001000200030004010062
:10475000010101020103010402000201020202033D
:104760000204030003010302030303040400040121
:104770000402040304040000000000000000000024
:10478000B55D0200D5B90200AD5D0200695D0200B1
:10479000A95D02008D6102009D5D020039BA020030
:1047A00039C60100D1B90200751402006D1902006A
:1047B000FCFFFFFF00000000C9BE0200755A0200A6
:1047C000D9BA0200C1610200EDDA02001916020036
:1047D000C117020000000000000000006D5A020036
:1047E000755A0200795A0200C161020021C4020018
:1047F000D1BE0200FDBE0200302C3235352C302CEB
:104800003235352C300A302C3235352C302C3235BF
:10481000352C300A302C302C302C302C300A3235EC
:10482000352C302C302C302C3235350A302C3235AA
:10483000352C3235352C3235352C300A000000004D
:1048400054494C5420544F2046494C4C2053435219
:1048500045454E2000000000636F6D706173734327
:10486000616C000000000100020003000400000170
:10487000010102010301040100020102020203021C
:104880000402000301030203030304030004010400
:104890000204030404040000464F554E44205550C2
:1048A000595F4D4147494300507974686F6E204C01
:1048B00061796F7574205265636F72642E20526542
:1048C000636F72643A2025642048617368205479CC
:1048D00070653A2025642053746172743A202578FB
:1048E000204C656E6774683A2025782048617368AB
:1048F0003A20257820257800486173682066726F19
:104900006D2076657273696F6E20737472696E675D
:104910003A20257800000000E95D0000251D470AC7
:10492000A062FA1922DFA9A8000000000000000020
:1049300075D4020075D4020075D402003527040036
:1049400035270400A5D4020075D4020075D40200F6
:1049500059D7020079D40200ADD7020081D80200F5
:1049600091D4020000000000000000005D4C030034
:1049700015F6020015F602001DF602001DF60200F3
:1049800025F60200D14E030041F60200994F0300C4
:10499000BD4C030061F602000000000000000000B2
:1049A0006D5A0200755A0200795A0200C161020074
:1049B000EDDA020081DA0200B5DA02003078000098
:1049C000444D455347206C696E6520746F6F206CB1
:1049D0006F6E67210A000000250000003F3F3F0086
:1049E0000D0A000000000000000000006D5A0200E7
:1049F000755A0200795A0200C1610200EDDA020024
:104A0000EDEC020005ED0200E9EC02000000000000
:104A1000000000006D5A0200755A0200795A020027
:104A2000C1610200EDDA020061ED020079ED0200E1
:104A3000E1ED020051ED020099ED020055ED02009A
:104A400059ED020059ED020021F1020000000000C2
:104A5000000000006D5A0200755A0200795A0200E7
:104A6000C1610200EDDA02001DF2020035F202001F
:104A700011F20200BDF2020019F2020011F202006E
:104A800055F2020000000000000000006D5A020014
:104A9000755A0200795A0200C1610200EDDA020083
:104AA00079F50200A1F5020039F502003DF502009A
:104AB00041F5020051F5020055F5020055F50200DE
:104AC00059F5020000000000000000000DF6020091
:104AD00015F6020015F602001DF602001DF6020092
:104AE00025F60200C5F6020041F6020059F7020061
:104AF00081F6020061F602000000000000000000E4
:104B00006D5A0200755A020091F90200C16102005B
:104B1000EDDA02000000000000000000352704006C
:104B20003527040035270400352704003527040005
:104B30003527040039F80200EDFD020000000000F6
:104B400000000000FD020300ED0203000000000071
:104B5000000000006D5A0200750D0300795A020032
:104B6000C1610200EDDA0200150A0300550A0300D4
:104B700000000000000000006D5A0200DD1003007C
:104B8000795A0200C9110300EDDA0200AD100300EA
:104B9000C1100300A510030021120300AC4B040058
:104BA00003000000C44B04000800000002000000E5
:104BB00000000000040000000100000008000000E8
:104BC00002000000C409000000000000881300007B
:104BD000080000001027000010000000204E000018
:104BE0001800000080380100200000000071020061
:104BF0002800000000E204003000000000881300DC
:104C000038000000493243204552524F523A204664
:104C1000584F53383730305F4354524C5F524547FA
:104C200031000000493243204552524F523A20464B
:104C3000584F53383730305F4D5F4354524C5F52BA
:104C400045473100493243204552524F523A20469F
:104C5000584F53383730305F4D5F4354524C5F529A
:104C600045473200493243204552524F523A20467E
:104C7000584F53383730305F4354524C5F5245479A
:104C800033000000493243204552524F523A2046E9
:104C9000584F53383730305F4354524C5F5245477A
:104CA00034000000493243204552524F523A2046C8
:104CB000584F53383730305F4354524C5F5245475A
:104CC00035000000493243204552524F523A2046A7
:104CD000584F53383730305F58595A5F4441544128
:104CE0005F43464700000000000000000000000095
:104CF0006D5A0200755A0200B5120300C16102002C
:104D0000EDDA02003D14030069140300E1ED020036
:104D100051ED020099ED020055ED0200C5120300AD
:104D20009D14030021F10200BCFFFFFF0000000002
:104D30006D5A0200755A0200BD120300C1610200E3
:104D4000EDDA02006114030095140300351403002A
:104D5000BDF2020019F20200A915030055F202008B
:104D6000704D040004000000904D04000900000094
:104D7000020000000000000004000000100000001D
:104D800008000000200000001000000030000000BB
:104D90006902000080000000E802000090000000AE
:104DA000C4090000700000008813000060000000CB
:104DB0001027000050000000204E000040000000BE
:104DC000409C000030000000A08601002000000090
:104DD00040420F00100000004C534D333033204947
:104DE0004E49543A204552524F5220575249544945
:104DF0004E47204C534D3330335F4354524C5F5237
:104E00004547315F410000004C534D33303320495A
:104E10004E49543A204552524F5220575249544914
:104E20004E47204C534D3330335F4354524C5F5206
:104E30004547335F410000004C534D333033204928
:104E40004E49543A204552524F52205752495449E4
:104E50004E47204C534D3330335F4354524C5F52D6
:104E60004547345F410000000000000000000000E2
:104E70006D5A0200755A02007D1B0300851C030059
:104E8000EDDA0200551C0300691C0300E1ED02008D
:104E900051ED020099ED020055ED0200851B030063
:104EA000BD1C030021F10200B04E0400040000000C
:104EB000102700000C000000204E00000800000039
:104EC00050C3000004000000A086010000000000A4
:104ED0004C534D33303320494E49543A20455252B9
:104EE0004F522057524954494E47204C534D33306E
:104EF000335F4346475F5245475F415F4D000000C7
:104F00004C534D33303320494E49543A2045525288
:104F10004F522057524954494E47204C534D33303D
:104F2000335F4346475F5245475F435F4D00000094
:104F300000000000000000006D5A0200755A0200D7
:104F4000F11D0300B11E0300EDDA0200811E030013
:104F5000951E0300F91D0300BDF2020019F20200C4
:104F6000E91E030055F202000000000000000000EE
:104F7000DD1F0300D9730200E1730200ED1F03007F
:104F8000000000000000000065250300E920030088
:104F900051200300F11F0300812203000D230300B1
:104FA000F4FFFFFF000000006D5A0200755A020076
:104FB000795A0200C1610200EDDA02000523030004
:104FC0002123030000000000000000006D5A0200D1
:104FD000755A0200795A0200C1610200EDDA02003E
:104FE0003126030045260300D525030000000000FC
:104FF000000000006D5A0200DD100300795A020023
:10500000C9110300EDDA0200E9290300092A0300AF
:10501000A5100300D12903000000000000000000DB
:105020006D5A0200755A0200795A0200C1610200ED
:10503000EDDA02004D2D0300BD2D0300692C0300A5
:10504000E52A0300712B03000000000000000000AF
:105050001D2E0300D12D0300D52D0300D92D0300F3
:10506000DD2D03000000000000000000712E030091
:10507000E52D0300FD2D0300F52D0300DD2D0300BC
:10508000ED2E0300FCFFFFFF00000000C12F030016
:1050900000000000000000006D5A0200755A020076
:1050A000795A0200C1610200EDDA0200D13003003A
:1050B000F130030019310300F8FFFFFF000000008A
:1050C0006932030000000000000000008534030086
:1050D000FD330300C5330300E5330300FCFFFFFF8E
:1050E000000000000D340300D12D0300D52D030076
:1050F000DD330300F5330300000000000000000072
:10510000000000000000000000000000000001009E
:105110000100010001000200020002000300030080
:105120000300040004000500050006000600070057
:10513000070008000800090009000A000B000B0026
:105140000C000D000D000E000F00100010001100EB
:1051500012001300140015001600160017001800A6
:1051600019001A001B001C001D001E002000210059
:1051700022002300240025002600280029002A0000
:105180002B002D002E002F0031003200330035009F
:105190003600380039003A003C003D003F00400036
:1051A000420044004500470048004A004C004D00C2
:1051B0004F005100520054005600570059005B0048
:1051C0005D005F00600062006400660068006A00C5
:1051D0006C006E00700072007400760078007A0037
:1051E0007C007E00800082008400860088008A00A7
:1051F0008D008F0091009300950098009A009C000C
:105200009E00A100A300A500A700AA00AC00AF006B
:10521000B100B300B600B800BB00BD00BF00C200C3
:10522000C400C700C900CC00CE00D100D300D60016
:10523000D800DB00DE00E000E300E500E800EB0062
:10524000ED00F000F300F500F800FB00FD000001A8
:105250000301060108010B010E01110113011601E2
:1052600019011C011F012101240127012A012D011F
:1052700030013301350138013B013E014101440158
:1052800047014A014D0150015301560159015C018A
:105290005F016201650168016B016E0171017401BA
:1052A00077017A017D0180018301860189018C01EA
:1052B0008F019201950198019B019E01A101A4011A
:1052C000A801AB01AE01B101B401B701BA01BD0142
:1052D000C001C401C701CA01CD01D001D301D6016B
:1052E000D901DD01E001E301E601E901EC01EF0193
:1052F000F201F601F901FC01FF01020205020802B8
:105300000C020F021202150218021B021E022102D9
:10531000250228022B022E023102340237023A0201
:105320003E024102440247024A024D025002530229
:1053300056025A025D0260026302660269026C0252
:105340006F027202750278027B027E028102840281
:1053500087028A028D0290029302960299029C02B1
:105360009F02A202A502A802AB02AE02B102B402E1
:10537000B702BA02BD02C002C302C602C902CB0212
:10538000CE02D102D402D702DA02DD02DF02E2024B
:10539000E502E802EB02ED02F002F302F602F80287
:1053A000FB02FE0201030303060309030B030E03C2
:1053B00011031303160319031B031E032003230306
:1053C000260328032B032D03300332033503370351
:1053D0003A033C033F0341034303460348034B03A3
:1053E0004D034F0352035403570359035B035D03FB
:1053F000600362036403660369036B036D036F0359
:1054000071037403760378037A037C037E038003BD
:1054100082038403860388038A038C038E0390032C
:1054200092039403960398039A039C039E039F039D
:10543000A103A303A503A703A803AA03AC03AD0319
:10544000AF03B103B203B403B603B703B903BA039E
:10545000BC03BE03BF03C103C203C403C503C60329
:10546000C803C903CB03CC03CD03CF03D003D103BF
:10547000D303D403D503D603D803D903DA03DB035C
:10548000DC03DD03DE03E003E103E203E303E40303
:10549000E503E603E703E803E803E903EA03EB03B4
:1054A000EC03ED03EE03EE03EF03F003F103F1036E
:1054B000F203F303F303F403F503F503F603F60332
:1054C000F703F703F803F803F903F903FA03FA0300
:1054D000FB03FB03FB03FC03FC03FC03FD03FD03D5
:1054E000FD03FD03FE03FE03FE03FE03FE03FE03B6
:1054F000FE03FE03FE03FE03FF03FE0300000000A5
:105500000008080800080A4A4000000A5FEA5FEA4B
:105510000ED92ED36E19324489330C924C924D0819
:105520000800000004880808040804848488000A2D
:10553000448A4000048EC480000000048800000EED
:10554000C000000000080001224488100C92525252
:105550004C048C84848E1C824C901E1EC244924C3F
:1055600006CA525FE21FF01EC13E02448ED12E1FBA
:10557000E24488100ED12ED12E0ED12EC488000800
:1055800000080000048004880244880482000EC0E1
:105590000EC008048244880ED126C0040ED135B353
:1055A0006C0C925ED2521C925C925C0ED010100E6B
:1055B0001C9252525C1ED01C901E1ED01C90100ECD
:1055C000D013712E12525ED2521C8808081C1FE2A2
:1055D00042524C1254981492101010101E113B7528
:1055E000B131113935B3710C9252524C1C925C900E
:1055F000100C92524C861C925C92510ED00C825C24
:105600001FE4848484125252524C1131312A4411C5
:105610003135BB7112524C9252112A4484841EC4FB
:1056200088101E0EC808080E10080482410EC242DF
:10563000424E048A400000000000001F0804800061
:1056400000000ED2524F10101C925C000ED0100EB3
:1056500002424ED24E0C925C900E06C81C88080E78
:10566000D24EC24C10101C9252080008080802408A
:1056700002424C10149814920808080806001B7582
:10568000B131001C925252000C92524C001C925CA0
:1056900090000ED24EC2000ED010100006C8049822
:1056A00008080EC807001252524F0011312A440058
:1056B000113135BB00124C8C9200112A4498001E07
:1056C000C4881E06C48C8486080808080818080CBC
:1056D000881800000C836000FFFF0100000000003C
:1056E000FFFF0000FFFF0000F0560400080000006C
:1056F00002000000010000000300000002000000A2
:105700000400000003000000050000000400000089
:105710001C000000050000001D0000000600000045
:105720001E000000070000001F000000080000002D
:105730000000000000000000B9420300AD42030079
:10574000D52D0300994203009D4203000000000094
:10575000000000006D5A0200755A0200795A0200DA
:1057600025480300EDDA0200C94203005D4303004F
:1057700000000000000000005D4C030015F6020070
:1057800015F602001DF602001DF6020025F60200C5
:10579000D14E030041F60200994F0300BD4C0300B7
:1057A00061F6020000000000000000006D5A0200D7
:1057B000755A0200795A0200C1610200EDDA020056
:1057C0006D500300A950030031540300F8FFFFFFA0
:1057D00000000000B15403000000000000000000C1
:1057E000B9550300AD5903007D560300F15F030076
:1057F00095560300D15803000157030011570300C9
:105800004557030051570300E15B0300C9600300E3
:105810006157030019590300C55A0300715703006B
:1058200089570300FD98020005990200995E030064
:10583000495E0300495A0300E957030021C50200ED
:10584000A1C60200020000000400000006000000E3
:1058500053504920636F6E66696720646F6E6520E0
:10586000663D257000000000000000000000000000
:1058700035610300D5610300E1640300596403004E
:1058800099640300E9610300ED610300000000007A
:10589000000000006D5A0200755A020091F90200E2
:1058A00019670300EDDA0200F16703008D68030059
:1058B000E96503001165030021650300B16503007C
:1058C00085660300E165030039F80200EDFD020082
:1058D00000000000000000006D5A0200755A02002E
:1058E000795A0200C1610200EDDA0200596B03002F
:1058F0006D6B0300C16C0300E52A0300712B0300EC
:1059000000000000000000006D5A0200755A0200FD
:10591000795A0200E96E0300EDDA0200B16E03006D
:10592000C96E030015640200FD6C03002D6D0300B9
:10593000696D0300896D03009D6D0300396F0300DD
:10594000C96D0300E96D0300196E03004D6E03007D
:10595000B96F0300816F03006D6E0300F96C0300E3
:1059600072656C6F636174652076746F7220746FFA
:10597000202578202D3E2025782025780000000065
:1059800000300040030000000F0000000040004015
:10599000040000000F00000000300240230000005F
:1059A0000C00000000200040020000001000000079
:1059B00000F002402F0000000400000000800240C0
:1059C0002800000010000000010006000000000098
:1059D00034400020B17703002062040024620400F8
:1059E00004000000010006003C43002000100201FA
:1059F0003C6204004C620400080000002C620400B9
:105A00003C62040008000000246204002C620400D0
:105A100008000000C86104000062040008000000E3
:105A200000620400206204000800000050EADA303E
:105A30008883B89F604F15F30000C98E0000FFFFF8
:105A4000DEC0ADDEFE011EF1DEC0ADDEFF011EF1E7
:105A5000001000000400000001000000F5D1030068
:105A6000D1D10300C1D1030019D40300C5D3030071
:105A700095D1030099D103009DD103000100FFFFE0
:105A8000000000000100000001000100985A04001D
:105A9000010001009C5A0400010000000000000009
:105AA000000000000000000075E9030065E9030044
:105AB000D52D030069E903006DE9030061636F738D
:105AC0000000000061636F73680000006173696E1D
:105AD000000000006174616E68000000636F73680D
:105AE0000000000065787000666D6F6400000000C3
:105AF0006C6F67006C6F67313000000073696E680F
:105B00000000000073717274000000006C6F673158
:105B100030660000706F7766000000007371727469
:105B200066000000FB21F93FFB2109407CD91240AF
:105B3000FB2119407A6A1F407CD92240BBFD2540D9
:105B4000FB2129403A462C407A6A2F405C4731407D
:105B50007CD932409C6B3440BBFD3540DB8F3740F5
:105B6000FB2139401BB43A403A463C405AD83D40AC
:105B70007A6A3F404C7E40405C4741406C10424056
:105B80007CD942408CA243409C6B4440AC3445409D
:105B9000BBFD4540CBC64640DB8F4740EB584840F5
:105BA000FB21494083F9A200444E6E00FC291500F8
:105BB000D1572700DD34F50062DBC0003C99950029
:105BC000419043006351FE00BBDEAB00B761C500EE
:105BD0003A6E2400D24D42004906E00009EA2E0048
:105BE0001C92D100EB1DFE0029B11C00E83EA7006D
:105BF000F535820044BB2E009CE98400B426700079
:105C0000417E5F00D6913900538339009CF43900FE
:105C10008B5F840028F9BD00F81F3B00DEFF970072
:105C20000F980500112FEF000A5A8B006D1F6D00B1
:105C3000CF7E360009CB2700464FB7009E663F0057
:105C40002DEA5F00BA277500E5EBC7003D7BF10048
:105C5000F739070092528A00FB6BEA001FB15F0020
:105C6000085D8D00300356007BFC4600F0AB6B00F6
:105C700020BCCF0036F49A00E3A91D005E619100BC
:105C8000081BE60085996500A0145F008D40680040
:105C900080D8FF0027734D0006063100CA56150054
:105CA000C9A873007BE260006B8CC000000FC93F85
:105CB000000F494000CB9640000FC9400053FB4005
:105CC00000CB164100ED2F41000F494100316241E8
:105CD00000537B41003A8A4100CB9641005CA341CE
:105CE00000EDAF41007EBC41000FC94100A0D5418D
:105CF0000031E24100C2EE410053FB4100F2034299
:105D0000003A0A420083104200CB164200141D42A2
:105D1000005C234200A5294200ED2F4200363642A6
:105D2000007E3C4200C74242000F4942A2000000F0
:105D3000F9000000830000006E0000004E0000002B
:105D4000440000001500000029000000FC000000D5
:105D50002700000057000000D1000000F5000000FF
:105D600034000000DD000000C0000000DB00000087
:105D70006200000095000000990000003C00000057
:105D8000430000009000000041000000FE00000001
:105D90005100000063000000AB000000DE000000C6
:105DA000BB000000C500000061000000B70000005B
:105DB000240000006E0000003A00000042000000D5
:105DC0004D000000D2000000E000000006000000CE
:105DD000490000002E000000EA0000000900000059
:105DE000D1000000920000001C000000FE00000036
:105DF0001D000000EB0000001C000000B1000000CE
:105E000029000000A70000003E000000E80000009C
:105E10008200000035000000F50000002E000000A8
:105E2000BB0000004400000084000000E900000006
:105E30009C0000007000000026000000B40000007C
:105E40005F0000007E0000004100000039000000FB
:105E500091000000D600000039000000830000001F
:105E60005300000039000000F40000009C00000016
:105E7000840000005F0000008B000000BD000000F7
:105E8000F9000000280000003B0000001F00000097
:105E9000F800000097000000FF000000DE00000096
:105EA00005000000980000000F000000EF00000057
:105EB0002F000000110000008B0000005A000000BD
:105EC0000A0000006D0000001F0000006D000000CF
:105ED000360000007E000000CF0000002700000018
:105EE000CB00000009000000B70000004F000000D8
:105EF000460000003F000000660000009E00000019
:105F00005F000000EA0000002D00000075000000A6
:105F100027000000BA000000C7000000EB000000EE
:105F2000E5000000F10000007B0000003D000000E3
:105F30000700000039000000F70000008A000000A0
:105F40005200000092000000EA0000006B00000018
:105F5000FB0000005F000000B10000001F00000017
:105F60008D0000005D0000000800000056000000E9
:105F7000030000003000000046000000FC000000AC
:105F80007B0000006B000000AB000000F000000090
:105F9000CF000000BC000000200000009A000000BC
:105FA000F4000000360000001D000000A900000001
:105FB000E300000091000000610000005E000000AE
:105FC000E60000001B000000080000006500000063
:105FD00099000000850000005F0000001400000030
:105FE000A000000068000000400000008D000000DC
:105FF000FF000000D8000000800000004D000000FD
:1060000073000000270000003100000006000000BF
:10601000060000001500000056000000CA00000045
:1060200073000000A8000000C9000000600000002C
:10603000E20000007B000000C00000008C000000B7
:106040006B000000020000000300000004000000DC
:10605000060000000000C93F0000F0390000DA37F8
:106060000000A2330000842E0000502B0000C22745
:106070000000D0220000C41F0000C61B000044170F
:106080000400000007000000090000003863ED3E36
:10609000DA0F493F5E987B3FDA0FC93F6937AC3171
:1060A00068212233B40F14336821A2330000004B5F
:1060B000000000CBE02000204300504F534958001F
:1060C0002E000020202020202020202028282828E2
:1060D00028202020202020202020202020202020B8
:1060E0002020208810101010101010101010101008
:1060F0001010100404040404040404040410101018
:1061000010101010414141414141010101010101C3
:106110000101010101010101010101010101101051
:106120001010101042424242424202020202020297
:106130000202020202020202020202020202101023
:10614000101020000000000000000000000000000F
:10615000000000000000000000000000000000003F
:10616000000000000000000000000000000000002F
:10617000000000000000000000000000000000001F
:10618000000000000000000000000000000000000F
:1061900000000000000000000000000000000000FF
:1061A00000000000000000000000000000000000EF
:1061B00000000000000000000000000000000000DF
:0861C0000000000000000000D7
:1061C800C188030000000000E18E03004839002068
:1061D800C186030000000000419A0300000000008F
:1061E80095D802000000000045B60300A443002033
:0861F800CDA30200000000002D
:10620000098302000000000021D00200000000000D
:1062100075D303000000000081B8030000000000F7
:046220007DA9020052
:0862240081D30300000000001B
:10622C00D1B4030000000000D5B50300000000004D
:10623C00ADA9020000000000ADD103000000000079
:08624C0068A7FD7F01000000BE
:10625400000000002431040028310400A10D0C00CA
:10626400F0420400F842040000430400E042040049
:10627400E8420400D4350400B845040006000000D8
:106284000138FDD1704700007533030075330300F6
:106294007933030081330300853303008D33030016
:1062A400953303009D330300A1330300A53303009A
:1062B400A533030015340300A9330300AD330300F1
:1062C400B1330300B1330300BD330300C133030012
:1062D400FC540400FFFFFFFF404700200090D00360
:1062E4000010014011000400FFFFFFFFFFFFFFFF4C
:1062F400FFFFFFFFFFFFFFFF4D270400E02000200A
:106304000000000000000000000000000000000089
:106314000000000000000000000000000000000079
:106324000000000000000000000000000000000069
:106334000000000000000000000000000000000059
:106344000000000000000000000000000000000049
:106354000000000000000000000000000000000039
:1063640043000000000000000000000000000000E6
:106374000000000000000000000000000000000019
:1063840043000000000000000000000000000000C6
:1063940000000000000000000000000000000000F9
:1063A40043000000000000000000000000000000A6
:1063B40000000000000000000000000000000000D9
:1063C4004300000000000000000000000000000086
:1063D40000000000000000000000000000000000B9
:1063E4004300000000000000000000000000000066
:1063F4000000000000000000000000000000000099
:106404004300000000000000000000000000000045
:106414000000000000000000000000000000000078
:106424004300000000000000000000000000000025
:106434000000000000000000000000000000000058
:10644400652A0400412A040000000000C260040020
:10645400C0600400C1600400C1600400C1600400A5
:10646400C1600400C1600400C1600400C160040094
:10647400C1600400C1600400FFFFFFFFFFFFFFFFD6
:10648400FFFFFFFFFFFF00000100415343494900A4
:1064940000000000000000000000000000000000F8
:1064A400000000000000000000004153434949007F
:1064B40000000000000000000000000000000000D8
:1064C400000000000000000000000000F0B50F0D07
:1064D40011F0FF01012414FA01F114461D4603468C
:1064E4001BE099600822064208BF5FF00302013AEC
:1064F400FDD1D9600422064208BF5FF00602760887
:1065040005D000BF00BF00BF013AFDD1E9E7023A60
:10651400013AFDD10134013D05DD80262078784320
:10652400000AD960DDE7D960F0BD0004FFFF030174
:1065340018181818181818180100000099090200F2
:106544004514020095400200998A0200ED9502006C
:10655400DD360300ED3D0300614103002D720300AD
:10656400750902000000000000000000D1C603000D
:0865740000000000000000001F
:04657C00000000001B
:020000040007F3
:1070000000000220F97207002173070023730700B4
:10701000257307002773070029730700000000008D
:107020000000000000000000000000001DB5070087
:107030002D730700000000002F7307003173070055
:10704000337307003373070033730700337307008C
:10705000337307003373070033730700337307007C
:10706000337307003373070033730700337307006C
:10707000337307003373070033730700337307005C
:10708000998E0700337307003373070033730700CB
:1070900033730700337307001DB70700337307000E
:1070A000337307003373070033730700337307002C
:1070B0003373070033730700000000000000000076
:1070C000337307003373070033730700337307000C
:1070D0001D8B0700337307003373070033730700FA
:1070E00033730700000000000000000000000000F3
:1070F0000000000033730700000000003373070036
:10710000000000000000000000000000000000007F
:10711000000000000000000000000000000000006F
:10712000000000000000000000000000000000005F
:10713000000000000000000000000000000000004F
:10714000000000000000000000000000000000003F
:10715000000000000000000000000000000000002F
:10716000000000000000000000000000000000001F
:10717000000000000000000000000000000000000F
:1071800000000000000000000000000000000000FF
:1071900000000000000000000000000000000000EF
:1071A00000000000000000000000000000000000DF
:1071B00000000000000000000000000000000000CF
:1071C00000000000000000000000000000000000BF
:1071D00000000000000000000000000000000000AF
:1071E000000000000000000000000000000000009F
:1071F000000000000000000000000000000000008F
:107200000348044B834202D0034B03B11847704735
:10721000A02B0020A02B00200000000005480649FC
:107220000B1AD90F01EBA301491002D0034B03B194
:1072300018477047A02B0020A02B00200000000062
:1072400010B5064C237843B9FFF7DAFF044B13B1AE
:107250000448AFF300800123237010BDB42B00203D
:1072600000000000B0D2070008B5044B1BB1044970
:107270000448AFF30080BDE80840CFE700000000FD
:10728000B82B0020B0D20700A3F5803A704700BFAA
:10729000154B002B08BF114B9D46FFF7F5FF002152
:1072A0008B460F461148124A121A05F00FFC0C4B80
:1072B000002B00D098470B4B002B00D098470020A4
:1072C000002104000D000B4805F0DEFA05F010FB6C
:1072D0002000290001F020F905F0DCFA0000080088
:1072E000000000000000000000000220B42B00207D
:1072F0004C520020BDC807000649074A074B9B1A9D
:1073000003DD043BC858D050FBDC00F023F8FFF746
:10731000BFFF000020D30700E82A0020B42B002084
:10732000FEE7FEE7FEE7FEE7FEE7FEE7FEE7FEE735
:10733000FEE7FEE7054B1B680D2B01BF044B1868E9
:10734000B0FA80F0400918BF0020704730010010EB
:107350003401001008B5FFF7EDFF40B14FF0804356
:107360000022C3F80C21C3F81021C3F83825FFF719
:10737000E1FF002846D04FF080524D4BD2F8041464
:10738000C3F82015D2F80814C3F82415D2F80C1449
:10739000C3F82815D2F81014C3F82C15D2F8141419
:1073A000C3F83015D2F81814C3F83415D2F81C14E9
:1073B000C3F84015D2F82014C3F84415D2F82414A9
:1073C000C3F84815D2F82814C3F84C15D2F82C1479
:1073D000C3F85015D2F83014C3F85415D2F8341449
:1073E000C3F86015D2F83814C3F86415D2F83C1409
:1073F000C3F86815D2F84014C3F86C15D2F84424C9
:10740000C3F87025FFF796FF48B14FF08043D3F8DB
:107410000024D20744BF6FF00102C3F80024254ABC
:10742000D2F8883043F47003C2F88830BFF34F8F2E
:10743000BFF36F8F4FF01023D3F80022002A03DB35
:10744000D3F80432002B2FDA1B4B0122C3F804259A
:10745000D3F80024002AFBD04FF010221221C2F8EA
:107460000012D3F80024002AFBD04FF01023122280
:10747000C3F80422104B1A46D3F800140029FBD09D
:107480000021C3F80415D2F80034002BFBD0BFF361
:107490004F8F0849094BCA6802F4E0621343CB607E
:1074A000BFF34F8F00BFFDE7054B064A1A6008BDCA
:1074B00000C0004000ED00E000E001400400FA05DB
:1074C000E82A00200090D0034B1C30B5DB000446B6
:1074D00012F003009BB20DD1074D2A601A44074BEE
:1074E0001A60074B1870074B1870074B1C80074B2E
:1074F000198030BD0720FCE7D82B0020D42B0020BA
:10750000D02B0020E02B0020DC2B0020DE2B0020E5
:107510002DE9F3472B4F3B888B4206460D4690469C
:107520004BD300240DF107008DF8074000F086F8DA
:10753000254B26481A78264B008893F800C08445CE
:107540005FFA8CF138BF4C1CD2B238BFE4B2A24211
:107550002DD01C781A78D1B2904286BF0131C9B2C1
:10756000002119709DF8070000F08CF84FF6FF73AA
:107570009C4224D0DFF86090D9F800204FEAC40A7A
:1075800042F8348002EBC403A6B19DB1114B388898
:107590001B682A4604FB0030314605F0FDF9D9F896
:1075A0000030534400209D8002B0BDE8F0874FF6C4
:1075B000FF74D7E700209880F6E70920F4E704205D
:1075C000F2E700BFDC2B0020E02B0020DE2B0020A8
:1075D000D02B0020D42B0020D82B0020F8B5114C44
:1075E000114D264622782B789A4200D1F8BD0F48DB
:1075F0000F4A2378126807880E4802EBC30100681F
:1076000052F83320898803FB070090470A49227803
:107610000988D3B2914286BF0133DBB200233370B5
:10762000E0E700BFE02B0020D02B0020DC2B002067
:10763000D82B0020D42B0020DE2B002070B5EFF3D8
:10764000108672B60C4A946801239CB993600B4B68
:107650000B4DD3F8801029401160C3F88050D3F847
:10766000841051604FF0FF32C3F88420047006B9D3
:1076700062B670BD0370FAE7C04E002000E100E082
:10768000FC06FFBD10B5084B9A685AB150B9EFF32C
:10769000108172B6054A1C6814605C68546098607A
:1076A00001B962B610BD00BFC04E002000E100E08D
:1076B00030B53AB11368DB430A4D0144814204D12D
:1076C000D84330BD4FF0FF33F6E710F8012B53409D
:1076D000082213F0010418BF2C46013A84EA530330
:1076E000F7D1EBE72083B8ED10B561B1B2FBF3F44D
:1076F00003FB1424A4B244B9C0E90014846082815D
:10770000C381204610BD0E20FCE70920FAE782B0B5
:1077100050E8022FC188B2EB324F4FF0000317BF81
:1077200092B241EA014142EA014104E04268B2EB0F
:10773000324F08BF012340E80212002AE8D18DF839
:1077400007309DF80730002B0CBF1120002002B03D
:10775000704737B550E8013F9DB2C48925448489FC
:10776000A54228BF2D1B0489A54202BFBFF32F8F5E
:10777000002207E0C5EA030540E80154002CE9D1E6
:107780004FF001028DF803200193019B9DF8032027
:107790000B6002F0FF0322B10B880068184403B0AD
:1077A00030BD1846FBE70A884B889A4209D150E859
:1077B000012FC2EA024240E80123002BF7D1012049
:1077C00070470020704737B550E8023F1FFAA3F515
:1077D000C488A54202BFBFF32F8F00220DE0C489E9
:1077E00025448489A54228BF2D1BC3EA054540E8EE
:1077F0000254002CE8D14FF001028DF803200193D0
:10780000019B9DF803200B6002F0FF0322B14B881F
:107810000068184403B030BD1846FBE70A884B885F
:107820009A4209D150E8022FC2EA224240E80223DC
:10783000002BF7D1012070470020704710B5034698
:1078400053E8000F40EA010243E8002494F0000FDF
:10785000F6D110BD10B5034653E8002F02EA01002F
:1078600043E8000494F0000FF6D110BD0121FFF7AA
:10787000E5BF0021FFF7EEBF10B590B1D0E90123BD
:1078800001689B1ADBB20A60013BDBB2FF2B026886
:1078900002D10020107110BD11684C1C14600B70D7
:1078A000F2E70E20F7E737B5044600250DF1070093
:1078B0008DF80750FFF7C2FE2268616813688B429B
:1078C00010D9591E116013F8015C228AE36802FB8B
:1078D00005352268A36811685B1A1179DBB29942F9
:1078E00038BF13719DF80700FFF7CCFE284603B0A0
:1078F00030BD37B5054600230DF107000C468DF865
:107900000730FFF79BFE2A681368591C1160E9686D
:10791000641A298AB4FBF1F41C709DF80700FFF784
:10792000B1FE03B030BD01600B681146184710B4BA
:107930000468E468A4465DF8044B604710B404682A
:107940002469A4465DF8044B6047000070B550B947
:107950000E4D0F4C0026641B1423B4FBF3F4B44209
:1079600008D1002010E00368002BF1D0BDE8704082
:10797000DB6918472B6813B901361435EFE7DB696B
:10798000284698470028F7D070BD00BFA02B0020E4
:10799000B42B0020014B436000207047B4CD07009A
:1079A0000846704700207047024B1868003818BF1F
:1079B00001207047E42B002008B50248FFF759FF6B
:1079C000002008BDE42B002008B510461A4604F03C
:1079D000E3FF002008BD00002DE9F043814687B099
:1079E00014480E4615469846FFF740FF0446F0B986
:1079F0000746BD4215D10F48FFF73BFFD9F80830C5
:107A00005BB102228DF800200022CDE90126CDE9EC
:107A10000325CDF8148068469847204607B0BDE896
:107A2000F08306EB073000F07DFB0137E1E711241E
:107A3000F3E700BFE42B00202DE9F041804686B03B
:107A400011480F4616461D46FFF710FF0446C8B9F9
:107A5000AA083146384600F093FB0B48FFF709FFB0
:107A6000D8F8083053B101228DF800200C9A059205
:107A7000CDE90147CDE9036568469847204606B041
:107A8000BDE8F0811124F9E7E42B002029DF7047DD
:107A900028DF704770B50668B36886B004460D46A7
:107AA00073B114220021684605F010F8A36805930D
:107AB0002379019533B1012B0ED0B36868469847FE
:107AC00006B070BD01238DF8003023690293E3688E
:107AD000039363690493F0E702238DF80030E368B1
:107AE0001B030293F5E7084670470020704700002B
:107AF000024B187A003818BF01207047D42D00209F
:107B0000034B187A0122B0FA80F05A74400970478A
:107B1000D42D002008B510461A4604F03DFF002081
:107B200008BD000008B514220021044804F0CEFF6F
:107B30000348FFF7ECFD002008BD00BFD42D002056
:107B4000C42D002010B5094C094B43602046FFF7B7
:107B50008DFE48B903F0C8FD064920741C23064871
:107B60004FF4EE72FFF7C0FD002010BDD42D0020B1
:107B7000E0CD0700E82B0020C42D002070B5234C79
:107B8000234E237A25463BB922492348FFF71BFEA3
:107B9000306008B9606070BD022334682B722379AD
:107BA00073B1012B22D020460321FFF773FF00237E
:107BB0002B726B60BDE8704016491748FFF72EBE68
:107BC000D4E90523D21A142AD4E9031028BF1422B9
:107BD0009208012A38BF012219441844FFF756FFC2
:107BE00050B11128DFD101232B72D4E7D4E903036C
:107BF0001844FFF74DFFF3E72B7C002BCBD1014658
:107C0000BDE87040022000F009B800BFD42D00206C
:107C1000EC2D0020E82D0020C42D002038B5831E57
:107C2000012B43D8224C237A002B3FD0022B09D1C1
:107C300003282ED01F4B00221B68E2601A793AB14C
:107C4000012A20D0637C6BBBBDE83840FFF796BFAC
:107C5000D3E905128D1A142D94BF521914329A616A
:107C60009142EFD102284FF0000308BF194623725A
:107C7000104B18BF0D211868FFF70CFF0E490F4875
:107C8000FFF7CCFDDEE71A6901321A615B699A429F
:107C9000E7E7E3680133082B01D8E360D2E700236C
:107CA000E360DFE7BDE8384003F00EBD38BD00BF3C
:107CB000D42D0020EC2D0020E82D0020C42D002024
:107CC00000F0FD03012B08D1044B00225A74421E20
:107CD000504250411874FFF751BF7047D42D002017
:107CE00010B5064C201DFFF7C1FD28B9637C1BB9F8
:107CF000BDE81040FFF742BF10BD00BFD42D0020EB
:107D00002DE9F34180460D460F4801A916461F464E
:107D1000FFF71FFD0446A8B11C22002104F0D6FE87
:107D20002D0B0123237101A90748C4F80080A76027
:107D3000E5606661FFF737FDFFF7D2FF002002B074
:107D4000BDE8F0810420FAE7C42D00202DE9F743B7
:107D500081468846104801A917461E46FFF7F9FCE0
:107D60000446B0B11C22002104F0B0FE00250A9B9D
:107D7000A36001A9C4E9037807482571C4F80090FD
:107D80006661FFF710FDFFF7ABFF284603B0BDE8C3
:107D9000F0830420FAE700BFC42D002001600B68C7
:107DA00043604A68934204BF0023436070474368BE
:107DB00043B1026891680B4443605268934204BF28
:107DC00000234360704700002DE9F04FC9B008AAB6
:107DD00001F1400514464B780E781B0443EA066314
:107DE000CE7833438E78043143EA06238D4244F83B
:107DF000043BF0D11024916B16464FEAF14383EA1D
:107E0000714383EA9123716A366852F8045F314402
:107E10000B444FEAB54181EAF51181EAD5010134FD
:107E20000B44402CD363E6D1D0E914E30093836D77
:107E30000193C36D0293036E0393436E0493836EA9
:107E40000593C36E0693DDE9057BDDE9031CDDE9DF
:107E500001592B4B009E079374464FF00008079B77
:107E600053F8042B07934FEAF12383EAB11383EA13
:107E7000716A08AB53F828301A440AEB020327EA68
:107E8000010A01EA0C028AEA02021A444FEA743A31
:107E900086EA05035A448AEAB40A06EA050B234037
:107EA00083EA0B038AEAB45A08F101089A44B8F14C
:107EB000400F02EB0903BB465244A94619D1724454
:107EC0000265009A22444265019A32448265029A10
:107ED0002A44C265039A1A44049B02660B44436613
:107EE000059B63448366069B3B44C36649B0BDE87B
:107EF000F08F674635468C46264619461446AEE74F
:107F00000CCE070030B5E0B10F4A1049002400251F
:107F1000C0E91245C0E914120D4C0E4A0E4DC0E9DD
:107F200016420E4AC0E918520D4A826602F1745296
:107F3000A2F523020023A2F692420364C266184609
:107F400030BD0E20FCE700BF85AE67BB67E6096A5F
:107F500072F36E3C3AF54FA57F520E518C68059B2B
:107F6000ABD9831F70B5F0B1DAB900201CE00C4624
:107F70008D180026AC42F8D0036C14F8012BC254C3
:107F80000133402B0364F5D10146FFF71DFFD0E913
:107F9000123213F5007342F10002C0E91232066496
:107FA000E8E70029E3D10E2070BD70B50D461646F6
:107FB0000446002875D0002973D0026C8021372A2E
:107FC000815402F101034FF0000240D8382B39D11F
:107FD000D4E91201226C0823E3FB020103BAE36334
:107FE0000B0A84F83A300B0C84F839300B0EC4E9D4
:107FF000120184F83B1084F8383021462046FFF700
:10800000E3FE691E76B30023E26EDA4001F8012F29
:10801000A26EDA400A71626EDA400A72226EDA40AB
:108020000A73E26DDA400A74A26DDA400A75626D75
:10803000DA400A76226DDA400833202B0A77E3D142
:10804000002070BDE2540133C0E7E25401333F2BFE
:10805000FBD921462046FFF7B7FE3822002104F065
:1080600035FDB5E71823226DDA4001F8012F626D66
:10807000DA400A71A26DDA400A72E26DDA400A73E0
:10808000226EDA400A74626EDA400A75A26EDA4035
:108090000A76E26EDA40083B13F1080F0A77E2D164
:1080A000CEE70E20CDE743689B68184708B54368C4
:1080B00008305A7900F083F9002008BD2DE9F0411D
:1080C0000C469CB008461F460392FFF7ECFFD4F81D
:1080D0000480039998F80550BD4228BF3D460646E6
:1080E0002A4604A800F060F998F8052022990CA807
:1080F00000F065F900960CAB2A4604A904F10800CB
:1081000004F044FA002848F2425018BF00201CB086
:10811000BDE8F081024AD2F80034002BFBD0704752
:1081200000E001400A4908B50223C1F80435BFF355
:108130006F8FBFF34F8FC1F80805FFF7EBFF0023E8
:10814000C1F80435BFF36F8FBFF34F8F08BD00BF79
:1081500000E0014010B5094C0123C4F80435BFF319
:108160006F8FBFF34F8F0160FFF7D4FF0023C4F878
:108170000435BFF36F8FBFF34F8F10BD00E0014098
:108180000E4B10B50124C3F80445BFF36F8FBFF346
:108190004F8F01EB8204401AA14208D1074B002205
:1081A000C3F80425BFF36F8FBFF34F8F10BD431883
:1081B00051F8042B1A60FFF7ADFFEDE700E0014036
:1081C00028B139B10023C1E900301846704748F2A0
:1081D0001050704748F21350704738B1006848F2A9
:1081E0004053884214BF18460020704748F2105090
:1081F000704730B148F21153914214BF1846002025
:10820000704748F21050704770B506460C461D4640
:10821000FFF7D6FF50B9B3794AB1AB420AD1114644
:108220002046FFF743FF08B9044B236070BD48F2B6
:108230001050FBE748F21150F8E700BF7052464D6E
:108240002DE9F0470C4606460F492046DDE908892E
:1082500015461F46FFF7C1FFA0B963685A79494622
:1082600052004046FFF7C5FF60B94DB1CDF8208000
:108270003B462A4621463046BDE8F047FFF71EBF81
:1082800048F21050BDE8F0877052464D10B50446D4
:1082900038B149B141600B68984708B9044B236075
:1082A00010BD48F20150FBE748F21050F8E700BF5C
:1082B0006E524648F0B4134648B10768094EB742BB
:1082C0000AD161B12AB14368F0BC5B68184748F233
:1082D00001531846F0BC704748F20253F9E748F2E0
:1082E0001053F6E76E524648F0B460B107680C4E82
:1082F000B7420CD171B143681568DC68A5420CD354
:10830000F0BC9B68184748F20150F0BC704748F237
:108310000250FAE748F21350F7E748F21450F4E736
:108320006E524648F7B50446DDE9086715460193E5
:10833000FFF7ACFF68B9019A29462046FFF7BAFF5C
:1083400038B93A463146204603B0BDE8F040FFF761
:10835000CBBF03B0F0BD0000F8B50A4F0A4C0B4D7F
:10836000E41B0121E40829700026A64203D1022360
:108370002B700020F8BD57F8363098470028F9D107
:108380000136F2E7B4D20700B4D20700F02D002086
:1083900001390144814200D2704703780A7800F81D
:1083A000012B01F80139F5E7013A02440139824213
:1083B00000D2704711F8013F02F80139F7E770B5B4
:1083C00016460D46FFF7F0FF3246A9193044BDE8C6
:1083D0007040FFF7E9BF38B50D460446FFF7D8FFF8
:1083E00029466019BDE83840FFF7D2BFBFF34F8F71
:1083F0000549064BCA6802F4E0621343CB60BFF341
:108400004F8F00BFFDE700BF00ED00E00400FA055C
:10841000044A136801331360034B1B780BB100F05F
:10842000FFB87047FC2D0020F82D002010B5094C36
:1084300000F018F923785BB9074A137000F0B8F818
:10844000012323700549BDE81040A32000F0D6BBEE
:1084500010BD00BFF82D0020F12D00201184070071
:1084600008B5084B00221A7000F030F90649A32025
:1084700000F0C4FB054B1A68054B1A60054B01223E
:108480001A7008BDF82D002011840700FC2D002073
:10849000F42D0020F12D0020013870B5082823D8D4
:1084A000DFE800F00A0C23220522050E0C0011481B
:1084B000BDE87040FFF7BABF0F48F9E70F48F7E78C
:1084C00002F07AF80E4B1B787BB10E4E0E4D3468DD
:1084D0002B68E41A3B2C94BF0021012100F040F9E5
:1084E0003B2C01D933682B6070BDBDE87040FFF7AD
:1084F000B7BF00BF5DCF070058CF070062CF0700AE
:10850000F12D0020FC2D0020F42D002008B5FFF7F0
:108510006DFF08B5FFF76AFF08B500F089FC024857
:1085200000F0A6F9FFF762FF99840700F0B51B4B36
:108530001B4819781B4B1C4D5F5C0422012447FA31
:1085400002F6F60710F8013B1BD51F2B86BF03F080
:108550001F032E464FF0A04604FA03F3C6F80C356D
:10856000013AECD2114B5B5C1F2B86BF0E4903F026
:108570001F034FF0A041012202FA03F3C1F80835AE
:10858000F0BD1F2B86BF03F01F032E464FF0A04601
:1085900004FA03F3C6F80835E2E700BF052E002011
:1085A00067CF0700002E0020000300506CCF0700AB
:1085B00030B41748174D0022032410F8013B1F2B3D
:1085C00086BF03F01F0329464FF0A04103F5E07377
:1085D0000132052A41F82340EFD10F480D4D00220A
:1085E000032410F8013B1F2B86BF03F01F0329460D
:1085F0004FF0A04103F5E0730132052A41F8234012
:10860000EFD1064B00221A7030BCFFF78FBF00BFBE
:1086100067CF0700000300506CCF0700052E002035
:1086200010B40D4A0D4913780120C95C03441F2979
:10863000DBB28ABF0A4C4FF0A04401F01F01042BAB
:1086400000FA01F188BF0023C4F80C1513705DF81F
:10865000044BFFF76BBF00BF052E00206CCF070057
:108660000003005001460522014804F095B900BFFF
:10867000002E00201F2886BF054A00F01F004FF083
:10868000A042012303FA00F0C2F80805704700BFBA
:10869000000300500B4B185C1F288ABF0A4B4FF099
:1086A000A04300F01F01D3F8042598BF0146CA403B
:1086B000D20704D501228A40C3F80C257047FFF782
:1086C000D9BF00BF71CF070000030050F8B5204AA2
:1086D000204D214E002313602846032410F8012B5F
:1086E0001F2A86BF02F01F0231464FF0A04102F55B
:1086F000E0720133052B41F82240EFD1174C164FA1
:1087000020460022032610F8013B1F2B86BF03F0F2
:108710001F0339464FF0A04103F5E0730132052AEB
:1087200041F82360EFD1002115F8010BFFF7A2FFFC
:1087300001310529F8D1002114F8010BFFF79AFF48
:1087400001310529F8D1BDE8F8400020FFF7A2BFAC
:10875000082E002071CF07000003005076CF0700DD
:10876000F0B5164A164F1668DFF858C03446002593
:108770004FF0010E00EB8000642390FBF3F0A04269
:108780000BDCB042B8BF304605B11060A1B104287F
:1087900012DCBDE8F040FFF77DBFE35D1F2B8ABF11
:1087A00065464FF0A04503F01F030EFA03F3C5F82A
:1087B0000C3501340125E2E7F0BD00BF082E002092
:1087C00071CF070000030050007800F001007047EF
:1087D00041DF7047014B01221A7070472C32002094
:1087E000BFF34F8F0549064BCA6802F4E06213439A
:1087F000CB60BFF34F8F00BFFDE700BF00ED00E08F
:108800000400FA05024B034800221A7001F0F2BF7F
:108810002C320020E1870700042810B5044609D84F
:10882000022811D816D00D4B1B68B3B12046BDE805
:1088300010401847831F012BF5D8094B0948002227
:108840001A7001F0D7FFEEE707494FF4701000F0FF
:10885000A7F9E8E701F014FFE5E710BD303200208A
:108860002C320020E18707000588070000207047B0
:1088700038B5504B1860002001F0D2FF04460028A4
:1088800040F0928000F07EFA012800F088800228F3
:1088900000F08C80002840F087804FF08043D3F8B0
:1088A000004414F4803435D04FF48032C3F80024EF
:1088B0000446414D2B6A012B3FD04FF4701400F059
:1088C000F7FA3E4A20211820FEF7FEFD08B1FFF717
:1088D00020FE3B4B1A6802F0F802B02A06D11A6853
:1088E000D20742BF1A6802F04E021A60FFF7BEFFBD
:1088F000002859D12046334900F052F9324800F09F
:10890000E9FF002850D100F0F9FAFEF767FEFFF703
:108910005FFFF8E7D3F8202502F0F802A82A0AD171
:10892000D3F82025D10706D5D3F8202502F056022A
:10893000C3F82025BDE70124BBE743F204031A680E
:10894000224B9A4209D002F023F8AA69014694B159
:108950001F4802F07AFB90B9AFE76A6B1CB995F833
:108960006032012BEFD01B484FF4805102F06DFBB9
:108970000028E8D1A1E795F8A132012BE8D1104BEE
:108980001B6813F0B10F98D101F0AEFF60B9124B24
:108990001870124801F02EFF00F024F804E00E4B8E
:1089A0000F481C7001F026FF032038BD4FF4A024AF
:1089B00085E700BF30320020CC4E00200C2E002076
:1089C0001C0500400588070019880700DBE5B15148
:1089D0006D5100202C5100202C320020D58707003B
:1089E000E187070008B5074B4FF0FF32C3F880203E
:1089F000C3F8802101F060FCBDE808404FF48050CE
:108A000000F002B800E100E000B5EFF305830023B9
:108A1000D0E9001283F3148883F3108883F311885C
:108A200083F3138881F308884FF0FF339E46104785
:108A30005DF804FB00F1402000F50030002382B017
:108A4000036003680193019B02B0704738B56FF073
:108A50007F42134C057BD4F804358A4228BF0A466E
:108A6000891A13444A1E942A23F07F4305F5A872FD
:108A70009BBF963B96314160416044F82230094BE0
:108A80004FF4F86043F00103984705F1500080006F
:108A9000FFF7D0FF4FF48033AB40C4F8043338BD48
:108AA0000040024080CF070008B517490A7852BB42
:108AB0004FF080434FF48070D3F81834DB035EBF6F
:108AC000124B01221A60FFF7B5FF4FF4A070FFF7B9
:108AD000B1FF4FF4A270FFF7ADFF4FF4A470FFF7A2
:108AE000A9FF0B4B0B48A02283F8242310225A60C5
:108AF000094A0023C2F808350123036002201360ED
:108B0000C2F804030B7008BD383200200800004092
:108B100000E100E008400240004002402DE9F04141
:108B2000194B1B683BB1194A13684FF4827001332B
:108B30001360FFF77FFF164C164DDFF86080164E6E
:108B40004FF480372B68A5F5804080B25BB1FFF70A
:108B500071FF237B07FA03F3C8F80833616849B152
:108B60002046FFF773FF0435B54204F11004E9D144
:108B7000BDE8F081A16811B12046FFF767FF2368C7
:108B8000002BF0D09847EEE7044102403432002039
:108B9000EC2A0020404102404C410240004002408B
:108BA00070B50B4B1D682A7B4FF480339340094A04
:108BB0000E46C2F80833044640B1FFF775FF2E6039
:108BC00021462846BDE87040FFF740BF70BD00BF9A
:108BD0001C2B00200040024070B5074B1D680E465C
:108BE000A8600446FFF760FF2E6021462846BDE8D6
:108BF0007040FFF72BBF00BF242B002070B50E4B39
:108C00001C68237B4FF480329A400C4B0E46D3F8FD
:108C100004130A42054602D0A16881420BD0C3F872
:108C20000823A560FFF740FF266029462046BDE8DF
:108C30007040FFF70BBF70BD202B002000400240AA
:108C4000014B01221A7070473932002038B50F4BA2
:108C5000DA6A5D6A9C6CAC2A10D15B6B1C44ED1A1D
:108C60000B482A46214603F067FE68B100F046F93A
:108C700029462046BDE8384001F000BB002CEFD16A
:108C800001F09CFE0446EBE738BD00BFCC4E00204F
:108C9000007007002DE9F74F06468846A8EB060549
:108CA0002D0B02F6FF77144600F002F9802D28BF45
:108CB00080252B03DFF868B001933F0B0CB92346E6
:108CC00029E0BD422CBFBA46AA464FF000025146E9
:108CD000304634BFDDF80490A14601F0B7FA0346F0
:108CE000C8B909F1030222F003024146304601F0FF
:108CF0009FFA034678B9DBF830304B44CBF830307C
:108D000001F07EFDA7EB0A07A4EB09044E44C8441A
:108D100003460028D2D0184603B0BDE8F08F00BF4C
:108D2000CC4E002010B501F059FE154A42F2040362
:108D3000916CCC5803F1A34303F5471303F2D753C7
:108D40009C4218D1D2E90C32934216D0884204D109
:108D5000BDE81040002001F053BDD21A02F6FF72A8
:108D600022F47F6222F00F0219441844FFF792FFA9
:108D70000028EDD010BD0320FCE70020FAE700BF7B
:108D8000CC4E002070B5264CE36AAA2B37D005D80C
:108D9000012B0BD0A52B2ED0002070BDAC2BFBD10E
:108DA000FFF7C0FF48BBFFF751FF26E0A66C656ADE
:108DB00001F0EEFD864229D101F0EAFD00222946AC
:108DC000FEF776FCA36A984202BF0123C4E90703B9
:108DD000A5610025134801F0CFFD134B1348002275
:108DE0001A7001F00DFD68B975B1236A012B14BF2B
:108DF00001200220D1E7FFF795FF0125EAE7FFF701
:108E000025FFE6E70320C8E70120C6E7236BEA1A3F
:108E1000F1181844FFF73EFF0028DAD1CCE700BF75
:108E2000CC4E0020F04E002039320020418C07004B
:108E300008B540F6F8700368013302D10749FFF71F
:108E400089F940F6FC700368013305D1BDE808409C
:108E50004FF4FC21FFF77EB908BD00BF007007008A
:108E60000A4AD2F800347BB109480023D2F8081529
:108E7000D940C90748BF03F5C07103F1010348BFDA
:108E800042F82100072BF1D1704700BF00000140DC
:108E90003546526EFFF7E4BF044B002282B01A60E1
:108EA0001B680193019B02B0704700BF00010140A5
:108EB00038B50E4C2278BAB90D4BD3F800248AB1DC
:108EC000D3F80455FFF7CCFF40F61650A842B8BFC0
:108ED00028460849A0F54860FFF77EFE064B4FF490
:108EE00080321A600123237038BD00BF3A3200205F
:108EF00000000140958E070000E100E0034BD3F82D
:108F000000340BB1FFF7ACBF704700BF0000014059
:108F10000023C0E90232C0E900118B881A440261C3
:108F2000B1F906301A4442610888003818BF0120A0
:108F3000704710B5426811880346002939D002F104
:108F400010014160148A2CB9C2680168FFF7E0FF84
:108F5000204610BD9078118900F03004302C1BD1D0
:108F6000947C04F03004302C1DD190881969091AC2
:108F700019610021907810F0300F02BF986801301D
:108F80009860908A0844196901441961B2F9162061
:108F9000114459610120DCE700F0F004202C02D1DB
:108FA00050894143E6E700F0C000802808BF042153
:108FB000E0E70846CDE770B5466804460D466368AD
:108FC0001A88AA4204D19B7803F00F03082B07D11B
:108FD0002046FFF7AEFF6368B342F0D1002070BDBA
:108FE0000120FCE743681A44426011B101399A42FA
:108FF00001D10120704713F8010B01F8010FF6E7CA
:109000002DE9F34183680446884623B9002630469B
:1090100002B0BDE8F081036801220DF10701984715
:1090200006460028F2D0A3689DF80750013BA360D4
:109030009DF90730002B1ADA05F07F050727A36892
:10904000002BE3D0236801220DF107012046984749
:109050000028DBD0A3689DF80720013BA36002F045
:109060007F03BB401D43130607F1070702D4C8F86E
:109070000050CCE7232FE2D1C8E770B54268927860
:1090800002F00F01082986B003461FD103691C684E
:1090900000260CB906B070BD236826739D6862680F
:1090A00029466846FFF734FF6368049304F10C0314
:1090B0000593AB7803F0C003802B08BF231D6846DF
:1090C00008BF0493FFF7D9FFA468E2E712F0C001DC
:1090D00020D102F0300010280ED15A6911705A6860
:1090E00018699378D46803F00F03072B09D1014660
:1090F000204600F017F8CDE79006F0D55B6919809F
:10910000C8E71289214614B103F046FCC2E703F018
:10911000DDFCBFE78029BDD1006900219206016016
:10912000B8D5EBE77FB50A4601466846FFF7F0FE83
:1091300030B16846FFF7A1FF6846FFF7FAFEF7E790
:1091400007B05DF804FB000030B5044685B0154655
:10915000A9B90268114B9A4211D0102D06D82A469F
:1091600069462046FFF7F0FF05B030BD1022694682
:109170002046FFF7E9FF0028F6D0103DEDE7A36891
:10918000AB4201D20020EFE723682A4620469847E9
:109190000028F7D0A268521BA260E5E7E58F070020
:1091A000F7B50E4601A907461546FFF729FFA8B1F6
:1091B000019A0123D3184FF0000404D2B17801F0D2
:1091C000C001802901D1204608E031899942FAD3B3
:1091D00029463846FFF7B8FF019BEC5403B0F0BDB9
:1091E00073B50D4601A906461446FFF709FF98B16D
:1091F000019AB2F5803F11D2AB7803F0C003802B07
:1092000002F102010AD02B898B4207D32146304656
:1092100021F8022BFFF798FF02B070BD0020FBE79A
:1092200010B5034C82600022C0E90041C26010BD4D
:10923000E58F07002DE9F341002604460F46B046AE
:109240003546A3682BB3236801220DF107012046A0
:109250009847F0B1A3689DF807C0013B0CF07F026E
:10926000C5F12001A360A5F1200302FA03F322FA5D
:1092700001F10B43AA401CF0800F46EA020643EAC4
:10928000080805F1070502D1C7E9006802E0462D8C
:10929000D7D1002002B0BDE8F08173B50C46694615
:1092A0001646FFF7C7FF68B12389082B0CD1DDE90B
:1092B0000045C6E90045DDE90023AB4206BFA242F6
:1092C0000120002002B070BD042B04D1009B33604C
:1092D0001C460025EFE7022B4FF0000004D1009B55
:1092E00033809CB20546E6E7012BEBD1009B33703F
:1092F00003F0FF04F6E737B50D4669461446FFF75D
:1093000099FF30B12A89082ADDE9003103D1C4E987
:10931000003103B030BD042A18464FEAE37108D18A
:1093200023601A460B468B4206BF82420120002072
:10933000EFE7022A04D11BB223801AB2D317F2E757
:10934000012A03D15BB223705AB2F7E70020E0E7AD
:10935000F7B51F4600233B700D460B70136001A943
:1093600004461646FFF74CFE30B9A36813B9012333
:109370003B70002003B0F0BD019C002CF7D0E30847
:1093800004F0070433602C70F4E713B50446052994
:109390001FD8DFE801F0030F151E1E1C012201A9D2
:1093A0002046FFF7D1FE18B19DF90430002BF5DB04
:1093B00002B010BD082200212046FFF7C5FEF7E7E6
:1093C00001A9FFF71DFE0028F2D0019AF3E704225D
:1093D000F1E70020ECE773B50D4601A90446FFF75D
:1093E0000FFE064618B90026304602B070BD94E85C
:1093F0000F0085E80F0001998A42F4D3A960A368A1
:109400005B1AA360F0E700002DE9F0435768BB78D2
:1094100013F0C00489B006468C46154603D0402C94
:109420006AD000240CE003F00F025F4903F0300320
:10943000202B51F8228026D006D8CBB1102B1CD07F
:10944000204609B0BDE8F083302BF9D16B6939882B
:109450001980072A0AD16B6828691A89214603F006
:1094600035FB6B682969D868FFF75CFE2A6940E024
:109470002A693946C0470446E2E76B6901221A703F
:109480002A696968F6E7BCF1020FD5F8149024D177
:10949000042A22D804A9FFF79EFF04460028C0D062
:1094A000069B2BB16968B9F800304A899A4205D801
:1094B000059B7360069B002BC2D0B2E708892A691E
:1094C00003FB002204A8C04728B1B9F800300133DB
:1094D000A9F80030E4E70446EAE7B9F800307A89F1
:1094E0009A429ED92A693989581CA9F8000003FBC1
:1094F000012269683046BDE7D2F81080474657F828
:10950000043B13B9FFF741FFB5E7022914D104A9C1
:10951000FFF761FF002884D0D8F8003069683A4628
:1095200004A89847044600283FF47BAF069B002B15
:10953000F2D1059B736083E7012925D005292BD043
:1095400000297FF46EAF0C460DF1040901340B2C99
:109550003FF467AF012249463046FFF7F5FD00288A
:109560003FF45FAF19F9013B002BEFDB0F4B049386
:1095700001ABCDE9053400230793D8F800306968C2
:109580003A4604A8984776E7082201A9FFF7DCFDD0
:1095900008240028EAD144E704220DEB0201FFF77A
:1095A000D3FD0424F5E700BF88CF0700E58F07004F
:1095B0002DE9F04F91B00446002604A8CDE90266DB
:1095C000FFF7A6FCA3683BBBDDE9053404A89D7842
:1095D000FFF7AFFC0028F7D115F0300F03D1059B42
:1095E0001B8803B10134002C00F0A980630900221C
:1095F00002A9934240F09C8010AA02EB830304F07E
:109600001F0453F8383CC4F120044FF0FF30E04011
:10961000C31A584258410DE00DF1030301AA0DF1A0
:1096200002012046FFF794FE38B99DF80330002B65
:10963000CAD1002011B0BDE8F08F019904A8FFF74E
:10964000BAFC002850D1019BB3427DD3059D059AF9
:10965000937803F00F03082B7FD004A8FFF769FC71
:10966000059B9D42F3D14FF0FF36019FB7426BD36C
:10967000089B9DF802A0D4F808801D684FF00109EE
:10968000A368002D5DD098459CD12B68D3F800B01D
:10969000BBF1000F08D053463A4629462046D8472A
:1096A0000028C6D0AD68EBE7D3F808B0BBF80030AF
:1096B0009F42F7D16A6859460AA8FFF729FC6B68F0
:1096C0000E9305F10C030F939BF8023003F0C003D7
:1096D000802B04BF2B1D0E930AAA85F80C905146CF
:1096E0002046FFF791FEDBE7059B9B7813F0300FD8
:1096F0000FD1069A3F2A0CD8510910AB03EB810118
:1097000002F01F020123934051F8382C134341F813
:10971000383CE5682DB19DF80220019904AB204644
:10972000A8479DF8021004AA2046FFF76DFE10E03E
:1097300051F8225001357FF47DAF013259E7012005
:1097400078E798457FF43EAF9DF802102046FFF77A
:109750001CFE00287FF436AF6BE7168885E737B527
:109760000C460546114620460192FFF7DBFC019AA4
:109770002146284603B0BDE83040FFF719BF70B559
:1097800086B0CE6801920C4602A90546FFF723FE7B
:1097900068B1E06858B1A378019A03F03003202B38
:1097A000314602A805D1FFF7DAFF039B6B6006B0D4
:1097B00070BDFFF7FDFEF8E7D3B50C466946FFF72D
:1097C00039FD80B1DDE9001300274A0801F00106E8
:1097D00042EAC37256EA07014FEA53031CBFD24361
:1097E000DB43C4E9002302B0D0BD37B50D4669465E
:1097F0001446FFF7E1FF68B12B89082B0CD1DDE996
:109800000001C4E90001DDE900238B4206BF82426A
:109810000120002003B030BD042B03D1009820604C
:10982000C117F0E7022B04D1BDF90000208000B27F
:10983000F6E7012B04D19DF90000207040B2EFE75C
:109840000020E7E713B504220C460DEB0201FFF7F9
:109850007BFC08B1019B236002B010BD1146FFF7ED
:10986000F1BF13B508220C466946FFF76DFC18B12D
:10987000DDE90023C4E9002302B010BD1146FFF763
:10988000F0BF10B513681F2B144607D9002208300B
:10989000FEF78BFB08B92023236010BD48F214505B
:1098A000FBE70830FEF75EBB0830FEF72BBB00007D
:1098B000831F012B10B5044602D8002001F044F8A4
:1098C000034B1B681BB12046BDE81040184710BD74
:1098D0003C32002008B5074B18600020FFF7E8FF76
:1098E000054801F019F820B9BDE80840024800F029
:1098F0007BBE08BD3C320020B19807006EDF704788
:109900006FDF704772DF704773DF704774DF704737
:1099100075DF704776DF70477ADF70477CDF70470E
:109920007DDF70477FDF704786DF70478FDF7047CE
:1099300090DF7047A8DF7047AADF7047ADDF704740
:10994000AEDF7047AFDF7047B0DF7047B1DF704701
:10995000B5DF704762DF704766DF704713DF70471F
:109960007FB50023CDF80B308DF80F300A4BADF8E2
:1099700006109B89ADF8083001238DF80A300DF1EF
:109980000603CDE90430054B02A91888FFF7D8FF7C
:1099900007B05DF804FB00BF8E4200202A2B002098
:1099A00001460148FDF7A5BFBCD2070070B51822DB
:1099B0008CB00DEB0200002103F088F801238DF834
:1099C00018308DF82D30324B1B7828220892002B4E
:1099D0005CD0304B02AA03F110061546186859688E
:1099E000144603C40833B3422246F7D12A4C10224E
:1099F0002946204602F0A0FF002847D002238DF818
:109A00002C30012104F110036846CDE90034FFF742
:109A100075FF0122002101A8FFF772FF04231F4CEC
:109A200002941622A37003230926ADF80420E370E4
:109A300000225923CDE903220592012502226371F8
:109A400001A9FE23A019ADF80C6022706570227187
:109A5000A371FFF765FFB8B9BDF8043026725A1933
:109A6000E271BDF80C200E4C134402A906AA204650
:109A7000ADF80C30FFF746FF30B92078FFF746FF0E
:109A800020782946FFF740FF0CB070BD0623C6E7DB
:109A90000C43002080D10700D0420020A2420020C9
:109AA000282B00202DE9F0410388232B8AB004469F
:109AB00036D80F2B05D8012B00F0EB800AB0BDE89B
:109AC000F081103B132BF9D801A252F823F000BF0C
:109AD000519B07006D9B0700BD9A07003D9C070046
:109AE0008F9D0700BD9A0700BD9A0700BD9A070029
:109AF000BD9A0700BD9A0700E99D0700BD9A0700BF
:109B0000BD9A0700BD9A0700BD9A0700BD9A0700DD
:109B1000BD9A07006F9C0700BD9A07002D9C0700A7
:109B2000503B9AB2062AC9D8062BC7D801A252F8D0
:109B300023F000BF959B07009F9C0700E99D07004D
:109B4000BD9A0700BD9A0700ED9B07007F9C0700A8
:109B5000984B82881A80984A12681C460AB10120E4
:109B6000904796492088FFF7D3FEA7E7914B4FF621
:109B7000FF721A80924B1B685A0704D4FFF716FF36
:109B800008B1FEF7C6FC8C4B1B68002B96D0022058
:109B9000984793E78B4EE288B3889A428ED18A48E1
:109BA000FDF781FE0546002888D0228A04F11201C3
:109BB00002F0F2FE1822002104A802F087FF082319
:109BC0008DF81030814B0693814B0596CDE9073512
:109BD00004A8238AADF8243000F0FCFC00283FF4F0
:109BE0006DAF79482946FDF784FE67E7E188F629DD
:109BF0001AD8CB1E9B070DD0CB1F9BB2013B5A42FC
:109C000002F0030203F0030301F1FF3158BF534296
:109C1000C91A89B2674B1888FFF79AFE00283FF4EB
:109C20004DAFFEF776FC49E7F721F3E7002204A9E0
:109C30008088CDE90422FFF77BFEEFE700235D4C2F
:109C4000ADF812300223ADF81030208802AB04AA20
:109C500042F605210593FFF771FE08B1FEF759FCA6
:109C6000002320881A468521FFF75CFED6E70023F3
:109C700004A98088ADF81030FFF758FECEE7A3792D
:109C8000002B7FF41BAF4B4B13211888FFF742FECC
:109C9000C4E7484B00211888FFF75EFEBEE7A379B2
:109CA000002B3FF40BAF022B7FF408AF454920890E
:109CB0008A8990420E467FF401AFA27B012A7FF48D
:109CC000FDAE00220120CDE904228DF81600208A85
:109CD000384DADF81800608AADF81A0004F1140090
:109CE0000790ADF80A20098A28888DF8103001AF56
:109CF00002AAADF808300397FFF720FEA84660B926
:109D00003846FEF761FD40B940F2FD132888ADF8F2
:109D1000143004A9FFF718FED0E6002304A9B8F810
:109D20000000ADF81430FFF70FFE014600287FF465
:109D3000C5AE182204A802F0C9FE237D234A8DF87F
:109D40001030022B0596069218D0062B10D0012B4E
:109D500010D1204B1A88204B1A80637DD4F816202E
:109D60000893012B099205D11C4800F0EDFD01E09C
:109D7000637D089304A800F02DFC9FE6A27D637D1F
:109D800043EA0223134A1380134A1380F2E7144B69
:109D90001A7862B11349028ACB8D9A4201F104020A
:109DA00005D11C31A0880023FFF7BEFD36E7002156
:109DB000F8E700BF2A2B0020C8420020A6D10700E8
:109DC000C44200208E420020BCD20700BD9E070086
:109DD000A19907000E43002010430020B4D20700D1
:109DE0000C430020CC420020174B1B7833B3174B99
:109DF00017491C88082201232046FFF7A7FD0028E9
:109E00007FF40FAF0246014602232046FFF79EFD76
:109E100000287FF406AF0F4B4FF6FF7219882046DB
:109E2000FFF790FD43F2020398423FF447AE082843
:109E30003FF444AE11287FF4F1AE3FE6A0881A4605
:109E40001946FFF783FDE9E60C4300202A2B00208A
:109E5000044300208E42002038B5134A1368D90706
:109E600001D4002038BD11498842FAD01049088831
:109E70004FF6FF71884211D043F0040313211360A1
:109E8000FFF748FD0028EDD10A4DC82445F0010533
:109E90004FF47A40A847013CFAD1E2E7064B187824
:109EA000BDE83840FFF732BDC4420020B4D20700FD
:109EB0002A2B0020A0D10700282B002010B5044633
:109EC00086B000210D2202A8019102F0FFFD237847
:109ED000082B0BD1364A374913880988013B9BB2BE
:109EE0001380D9B1D3B9032311802370627823780A
:109EF0008DF805306021012A8DF804108DF80620B8
:109F00000ED00B2A12D100F0AFF98DF80700002017
:109F100000F0A4F9042101A8FFF722FD06B010BD4E
:109F2000062B05D0082B29D0032B27D00321F2E7DD
:109F3000E1688DF80710D4E90123080A8DF80800BC
:109F4000080C090E8DF80A10110A8DF80B208DF8F7
:109F50000C10110C120E8DF80E201A0A8DF80F300D
:109F60008DF810201A0C1B0E8DF80D108DF80900BD
:109F70008DF811208DF812300F21CCE7D4E90123A0
:109F8000110A8DF807208DF80810110C120E8DF8AB
:109F90000A201A0A8DF80B308DF80C201A0C1B0EB3
:109FA0008DF809108DF80D208DF80E300B21B2E7D9
:109FB000104300200E4300202DE9F0414D4B94B09A
:109FC00005464FF6FF721A8001204FF659632A4664
:109FD00002A98DF80A00ADF80830FFF7ABFC044683
:109FE000002840F08380444B04AA03F11007164672
:109FF00018685968144603C40833BB422246F7D197
:10A00000A91C3046FFF7A6FC044600286ED11C228E
:10A0100001460DA802F05AFD04F0F8029DF8343014
:10A02000ADF8044042F003028DF80620F42243F01C
:10A030000403CDE90A44ADF82C20304A8DF83430C1
:10A040000223ADF80C3092F80080AB788DF80E301A
:10A0500001AE212303AFCDE908768DF805300C94CD
:10A06000B8F1000F04D1012262F307138DF8053017
:10A070002B4608AA33F8040B0DA9FFF75DFC044634
:10A08000A0BB01461C220DA802F020FD9DF8343033
:10A09000ADF8044023F0180343F0180304F0E8027D
:10A0A00042F013028DF83430AB788DF80E30012178
:10A0B00021238DF806201722CDE90A44CDE9087640
:10A0C000ADF80C108DF805300C94ADF82C20B8F1DB
:10A0D000000F03D161F307138DF805302B4608AA52
:10A0E00033F80C0B0DA9FFF727FC0446204614B0EB
:10A0F000BDE8F0812A2B002090D107000C430020FE
:10A1000073B5354D2B6813F0010403D000242046AD
:10A1100002B070BD314E30603148FDF7ADFB0194A7
:10A1200000F0BDF804460028F1D12E48FFF716FCD8
:10A1300004460028EBD101F059FA04460028E6D184
:10A1400001A801F021FB04460028E0D101A901206B
:10A1500001F024FB04460028D9D101A801F082FBBC
:10A1600004460028D3D100F093FB1F4B002830D0C9
:10A170001E4A126A012A2CD11D481A7000F07CFB7D
:10A1800011231C488DF8043002F0FAFC194982B200
:10A1900001A8FFF7C3FB04460028B8D11648FFF713
:10A1A000BBFB04460028B2D11448FFF705FF044664
:10A1B0000028ACD1FFF7FAFB04460028A7D12B6892
:10A1C00043F001032B603368002B9FD00920984790
:10A1D0009DE700221A70D3E7C4420020C842002045
:10A1E000BCD20700007007000C430020CC4E0020BA
:10A1F000CC42002078D10700A6D107008E42002073
:10A2000043690BB1C06818477047000010B4054996
:10A21000054C0022904218BF214604485DF8044BCB
:10A22000FDF781BBC0CD0700ECCD0700A02B0020BF
:10A2300007B5009313460A4601460348FDF777FB2E
:10A2400003B05DF804FB00BFA02B002013460A46B4
:10A2500001460148FDF772BBA02B0020014B18708E
:10A260000B20704712430020024B002218781A700E
:10A27000704700BF1243002018DF704730B585B02B
:10A28000054610220C466846002102F01FFCA40877
:10A29000684601950294FFF7EFFF05B030BD1FB58A
:10A2A0000023CDE901330393684602230093FFF7AF
:10A2B000E3FF05B05DF804FB4FF000534FF480520C
:10A2C0001A60002070470000014B06201B681847E9
:10A2D0001C4300200A2803D90B38C0B2FFF7BEBFC9
:10A2E0007047000010B5044686B00020FDF72EFB35
:10A2F000014630B1164A18212046FDF709F906B08B
:10A3000010BD1822684602F0E1FB0423114A8DF8C3
:10A310000030114B116D1B68994211D10F4B186819
:10A3200000F0F4FF8DF80100FFF7D4FFD4E901132A
:10A330008DF8010068469847094800F061FADEE7A9
:10A3400001238DF801306846D4E901139847D6E718
:10A35000E5A20700CC4E0020144300201843002043
:10A36000C9A20700F0B5044687B01822002168464C
:10A3700002F0ACFB22788DF8002001238DF801302B
:10A38000531E0B2B00F20C81DFE813F01100330099
:10A39000110011000A0111000A0111000A010A014D
:10A3A0000A010C007F4B1B680720984721E0062A12
:10A3B0007D4901D0012A01D122690A700A78012A57
:10A3C00004D0022A51D000230B7094E0072B10D840
:10A3D000DFE803F0040F452F0F420F1C714B0320E1
:10A3E0001B689847606900F06BFDFFF773FF8DF8FD
:10A3F0000100D4E90113684698479DF80130012B0C
:10A4000000F0C380674B05201B68BDE0A18A20696E
:10A4100000F06EFDFFF75EFF644B8DF80100DA6B14
:10A420001B6C0293E3680192002BE2D020699847ED
:10A43000DFE75F495F4800F0A7FDFFF74BFF01280A
:10A440008DF80100D5D1002000F0DAF90028D0D035
:10A450000A238DF80130CCE74FF400730393534B7C
:10A46000DA6B1B6C01920293C3E7072BC1D801A2E0
:10A4700052F823F095A40700F3A3070059A507009D
:10A4800065A50700F3A307008FA50700F3A3070046
:10A49000FBA4070000F04CFD08B90823D9E7626966
:10A4A0000AB90323D5E7C2F30B0333B13F4B40494D
:10A4B0005B6D096813448B42F3D1B2F5805F01D91B
:10A4C0000423C6E7394B3A49586D096815188D427F
:10A4D000E3D85A64DA6C9A6418651863354B61697D
:10A4E0001B6801F6FF710022090B1844FFF7AEFE4E
:10A4F00000283FF47EAF0523ABE700F019FD0028EC
:10A50000CBD02A4DA18AD5E914329B1A6A6C0B4430
:10A510009342C6D8274B2F6B1B68206905F1480270
:10A520001F44FDF7C5F8E368A28A2169064638464C
:10A53000FFF77EFE08B1E36878E7A28A2B6B13442D
:10A540002B63A38A2A6DAE641344CDE901362B65D3
:10A55000144B08201B6828E7144B9A6C1B6D029261
:10A56000019346E7114BD3E91402596C821A8A42CF
:10A5700093D19A6C5865002120465964DA64FFF73C
:10A58000B1FE084B1B680420984707B0F0BD074B8D
:10A590009A6C1B6D01934FF480530292039328E74A
:10A5A000022356E71C4300202C2B0020CC4E002019
:10A5B0001443002018430020044B054A186D6423FF
:10A5C00043431068B3FBF0F0704700BFCC4E00204F
:10A5D0001443002083681BB1024A1821FCF798BF7E
:10A5E0000720704765A3070038B50546C0B10120B4
:10A5F000FFF70CFE044648B900F054FC00F098FC4C
:10A6000030B9084B00201D60FFF728FE204638BDFA
:10A610000549064800F0B8FC0128F2D00324F5E70C
:10A620000724F3E71C4300201443002018430020B4
:10A630002DE9F04115464FF46072064688461F46E4
:10A6400002F07AF928B915B90020BDE8F081A847D1
:10A65000FAE7002201213046FFF7F8FD70B94FF408
:10A6600060724146384602F097F92B464FF460720B
:10A6700039463046FFF7DCFD0028E5D00320E4E74B
:10A680002DE9F0413D4C236801335CD00022582174
:10A69000201DFDF70DF8D4F80080A8EB0002D2F1E0
:10A6A000000848EB0208364D364E2F683B680133F0
:10A6B0005ED000225821381DFCF7FAFF3B68834228
:10A6C00044D17C68012C0AD00022C32107F5187000
:10A6D000FCF7EEFFD7F85C42231A5C425C41B8F10C
:10A6E000000F35D0254927484FF4607202F054F925
:10A6F00064B1296824485422043102F04DF92968D4
:10A7000022484FF432725C3102F046F97468012C31
:10A710002CD11F49402201F5E47002F03DF91D499A
:10A720001C2201F5E47002F037F91B4986F8A142BA
:10A730000023042201F2862086F8603286F8E23295
:10A7400002F02AF910E04FF00008ACE70024C6E759
:10A7500024B129680B484FF46072D5E709484FF4DB
:10A760006072002102F0B2F902237360BDE8F0814B
:10A77000B8F1000FF2D00024B4E700BF00F00700EA
:10A78000302B0020CC4E0020D04E0020284F00203F
:10A790002850002068500020E84E002070B50D4C75
:10A7A0000546002258212046FCF782FF002244F88B
:10A7B000040CC32104F51770FCF77AFF261FC4F8B8
:10A7C00058022A463146044B0448BDE87040FFF762
:10A7D0002FBF00BFD04E00202043002000F0070014
:10A7E00002460248024B0068FFF722BF302B0020D0
:10A7F000A04600200149FFF7F3BF00BF00F00700AB
:10A8000038B505460020FFF7C9FF044618B90349CB
:10A810002846FFF7E5FF204638BD00BFCC4E00209C
:10A8200010B5FFF7F3FC044628B9FFF729FF2046CF
:10A83000FFF7E6FF00B1032010BD29DF70470000DD
:10A8400038B50C4D0446D5F8243378B101330FD117
:10A8500000223C210430FCF72BFF2060214605F547
:10A8600049701022BDE83840FFF7E7BF0E2038BD21
:10A870000820FCE700F0070008B528B10349402292
:10A8800002F08AF8002008BD0E20FCE724F3070040
:10A8900010B5064C00223C212046FCF709FF54F875
:10A8A000043C1B1A5842584110BD00BF28F3070052
:10A8B00038B50C4D0446D5F8643378B101330FD167
:10A8C000002218210430FCF7F3FE2060214605F534
:10A8D00059700722BDE83840FFF7AFBF0E2038BDE2
:10A8E0000820FCE700F0070010B50A4CD4F8243328
:10A8F000D4F864231340013309D04FF4FE20FDF750
:10A9000011FCC92221464FF4FE20FDF739FC00203E
:10A9100010BD00BFCC4E0020F8B5094E094CA41B59
:10A920000746E4080025A54201D10020F8BD56F8ED
:10A930003530384698470028F8D10135F3E700BF95
:10A94000B4D20700BCD20700F8B5094E094CA41BCD
:10A950000746E40800250436A54201D10020F8BDD1
:10A9600056F83530384698470028F8D10135F3E7D6
:10A97000B4D20700BCD2070008B50C22002102F0B7
:10A98000A5F8024B00221A6308BD00BFCC4E002080
:10A9900043F204031A68084B9A4201BF43F20803CA
:10A9A000186800F6FF7020F47F600CBF20F00F00E5
:10A9B0004FF48050704700BFDBE5B15108B5FFF799
:10A9C000E7FF054B9B69184400F6FF7020F47F6099
:10A9D00020F00F0008BD00BFCC4E00204FF4805087
:10A9E000704700002DE9F74F0193244BDFF894B036
:10A9F0001B6ADFF894900093054616464FF0000856
:10AA000043F2040AB8F1010F5FFA88F714D0022F5D
:10AA10001FD0FFF7D3FF6EB1009B013B5C425C414E
:10AA2000A9EB0000A84200D3F9B1B4B1A8421CD2EE
:10AA300004201FE03446F3E7FFF7AAFF019B33B978
:10AA4000DAF80040B4EB0B0418BF0124E8E74446F1
:10AA5000E6E701244FF48050E2E708F10108B8F17D
:10AA6000030FCFD1A842E3D300E017B10448FFF7AA
:10AA700083FF002003B0BDE8F08F00BFCC4E002064
:10AA8000E44E0020DBE5B1510040070090F855206E
:10AA900012F0FB0F07D190F8643023B1836ECBB175
:10AAA0000B600120704712F0010303D090F856307C
:10AAB00003B1836D9207F2D590F85C20002AEED0A6
:10AAC000054A006EC2F5FC22904201D80344E6E735
:10AAD000042070470F2070470070070010B5084C25
:10AAE0004FF40072FF21204601F0F0FF20220021E8
:10AAF000A4F1240001F0EAFF002344F82C3C10BD2F
:10AB0000284F00202DE9F0475A495B48DFF888813B
:10AB1000DFF88891DFF888A1584C92B00C2201F040
:10AB20000BFF064600284CD15349382204A801F0F7
:10AB300033FF4FF447723146204688F80060C9F869
:10AB40000060CAF8006001F0C1FF079D012D58D1D7
:10AB50004FF48073A3803423636143F20C0384F8C1
:10AB60006C612570A5712572E560257425831B88AD
:10AB7000E361089B2367032384F87630099BA4F8DC
:10AB80005C5084F85E50266684F86450A66684F8AB
:10AB90006C5084F87450A4F8783020220AA904F18B
:10ABA0007A0001F0F9FEA4F89A50A4F89C5084F8B9
:10ABB0009E60A4F8A06088F800500834304B1C60F8
:10ABC00020E03049304E8A6B6F465C313846FEF7E4
:10ABD00027FB97E80F0086E80F0000212B4B88F831
:10ABE00000104FF447722046C9F80010CAF8001050
:10ABF000F36001F06BFF264922463046FEF7AFFDB9
:10AC000020B90025284612B0BDE8F08798F800501A
:10AC1000002DF6D094F86C3194F800801BB3B8F195
:10AC2000000FEED194F87231002BEAD0DAF8002050
:10AC3000D9F800103846FEF7F3FA97E80F0086E8D7
:10AC40000F004FF4B272414604F5BA7001F03EFFB6
:10AC5000104904F5BA723046FEF781FD0028D0D0C5
:10AC600004F5BA74AAE7B8F1000FCAD0A379002B93
:10AC7000A3D1C6E7AED10700284F0020504A0020DC
:10AC8000284E0020CC4E00206C4D0020A5AC0700C3
:10AC900008D1070054D007004C4A0020484A002041
:10ACA000444A002030B55B68DA680D4B9A4208D1FF
:10ACB0000C490A6812B90C4A14681CB10B4B0022EB
:10ACC0001A7030BDD0E90134181913F9015B002D59
:10ACD000A0EB0304F9DB0B601460044B0122EFE7E7
:10ACE00054D00700484A0020444A00204C4A002023
:10ACF00010B543F2040319491C688C4202462BD05C
:10AD000042F20403C358581A434243418C42184646
:10AD100021D142F20403D358A3421CD14FF4405333
:10AD200002F500511B780978142B81BF43F21403FC
:10AD30000B481B68B3FBF0F398BF0023142989BFAD
:10AD400042F2140100205058054A88BFB0FBF2F0CF
:10AD5000181A18BF012010BD0023D7E7DBE5B15159
:10AD600040420F0000B591B0FDF7F6FA6846084979
:10AD70002022FDF724FB6A46064907484023FDF7D9
:10AD800043FA064B01221A7011B05DF804FB00BFB4
:10AD900018CF07007C4D00200CCF0700204A002070
:10ADA000F0B5A3B007460D4614461E467822202370
:10ADB000002104A8029301F089FE00230393194B9C
:10ADC0001B780BB9FFF7CEFF2DB337BB02AB164F85
:10ADD00001931649289B0097324604A8FDF7A2FA72
:10ADE000E8B9402C1BD1124E22462946304601F0CC
:10ADF000D3FD20213046FDF7EEFACDE90064029B39
:10AE00000C493A4603A8FDF71BFA00280CBF0120A5
:10AE1000052023B0F0BD1320FBE71620F9E70A2038
:10AE2000F7E700BF204A0020C44D0020ACCF070048
:10AE3000E44D00207C4D0020F0B5ABB004460D463B
:10AE400016461F467822202300210CA8039301F008
:10AE50003DFE114B1B780BB9FFF784FF2FB1214644
:10AE6000202204A8FDF7A0FA04AC03AB0B4F01931A
:10AE70000B49009733462A460CA8FDF753FA48B908
:10AE800020222146384601F057FDB0FA80F04009F3
:10AE90002BB0F0BD0020FBE7204A0020214A002013
:10AEA000ACCF070008B5044B986B08B1FFF72AFE3A
:10AEB000024B187008BD00BFCC4E0020244E00206D
:10AEC00010B5044658B1B0F5007F0AD8064B0022F1
:10AED0001A70FFF703FE054B01209C6310BD032091
:10AEE000FCE70420FAE700BF244E0020CC4E0020EF
:10AEF00070B50E4C0646E06BA36B42189A420D46A5
:10AF000011D85C300A462044314601F045FDE36B20
:10AF100004F140022B4429463046E363FCF7C8FBAA
:10AF20002064012070BD0320FCE700BFCC4E002050
:10AF3000014B1878704700BF244E002013B50F4C0A
:10AF400094F86C31B3B10E4B1B6800930D4BB4F801
:10AF5000DA221B6894F8D80204F53771FFF720FF56
:10AF6000012809D104F5B874201D02B0BDE81040D5
:10AF700000F0D0B90434F7E702B010BD504A002009
:10AF8000444A0020484A00202DE9F843DFF8888031
:10AF9000D8E90E329A4206460D4637D1DFF87C904A
:10AFA00099F800704FB1FFF709FD1A4B3060294640
:10AFB0001868BDE8F843FFF769BDFFF7A3FD38B394
:10AFC000FFF7BCFF0128376004462F601BD1114BEF
:10AFD00029461868FFF75AFD0128044613D198F84E
:10AFE000A112B1FA81F103463A4628684909FFF7F0
:10AFF000F9FC38B9FFF7E2FC89F8004030602046E0
:10B00000BDE8F8830424FFF769FDF8E70824F6E7B4
:10B010000524F4E7284E0020CC4E0020244E0020CA
:10B0200010B490F86C305BB190F86E404CB1B0F851
:10B03000704034B15DF8044B01237230FFF7FCBE61
:10B04000012318465DF8044B704713B504460846C3
:10B0500023781146032B03D8DFE803F021050F18EE
:10B06000002002B010BD0022D4F80140FCF720FB04
:10B07000844214BF00200120F3E70A460023014662
:10B08000601C02B0BDE81040FFF7D6BE0091034639
:10B090004022611C0020FFF783FE0128E9E7012020
:10B0A000DFE700002DE9F041A2B004460D46164648
:10B0B000002178221F4604A8202303939DF8A08036
:10B0C00001F004FD41220021204601F0FFFCB5F80B
:10B0D00094300BB195F8968084F80080B8F1030F96
:10B0E0001ED8DFE808F00902111F00223946304659
:10B0F000FCF7DEFAC4F801003A4631462046FFF775
:10B10000A4FF22B0BDE8F08103AB0193631C009360
:10B1100008493B46324604A8FDF704F90028EBD065
:10B120000020EEE7B5F8982005F19A01601C01F0C7
:10B1300033FCE1E7ACCF07002DE9F0476D4B1D680C
:10B14000A4B004460F4690460A4601462846FFF73B
:10B1500067FF002800F0CC8095F855601EBB4FF0CB
:10B160000109CDF800903B462246294613A8FFF777
:10B1700099FF00287FD0B8F1000F6DD041225E48C2
:10B1800013A901F009FC5D4BC3F82C901E626A689C
:10B190009A60002239462046FCF78AFA574B01256F
:10B1A000C3E909709FE04122002102A801F08EFC52
:10B1B00006F001094122002113A806F0020601F061
:10B1C00085FCB9F1000F4BD042F20403E15803F1C2
:10B1D000A34303F5471303F2D75399424BD1D5F854
:10B1E00058A00AF5FF520AF6FF73C3F30B031F3290
:10B1F000D21A42F20803E35893423CD343F20403C9
:10B200001B688B4213D14FF440531B78102B8ABF1D
:10B2100043F2100300221A6804F500531B78102B28
:10B220008ABF42F210030023E3589A4223D12046FA
:10B23000FFF75EFD00B1F6B10123009322465346AD
:10B24000294602A8FFF72EFFA8B1AB6DE218FB1A42
:10B250004EB9B8F1000F18D1284B01255D6110E0FF
:10B260003B462246F4E70021009113A82946FFF748
:10B2700019FF0028EDD10525B8F1000F30D1FFF7F7
:10B280002DFC284624B0BDE8F087DFF87080B9F1C6
:10B29000000F21D02046FFF72BFD18B108F1180050
:10B2A000FFF76AFB1648412202A901F075FB002E48
:10B2B00014BFAC23A523C8F82C30AB6DC8F83430CC
:10B2C000002E3FF466AF0F48412213A901F064FB42
:10B2D0006B68C8F80C305CE7AA23C8F82C30EFE79D
:10B2E0000948FFF749FBFFF7F9FB044B9C64C8E7EB
:10B2F0001725C1E7284E00206D510020CC4E0020BC
:10B300002C510020AE510020F04E00200122FFF70A
:10B3100013BF0000F0B590F854200346002A51D026
:10B3200090F8550003284DD893F86E20032A47D192
:10B330001A7A002A46D0DA68342A45D143F2040149
:10B340001A8A0C6821498C422AD152B15969E9B153
:10B35000D2B2002103F1140543F20C06CCB2A24292
:10B3600001D8122011E055F821703488A74201F16C
:10B370000101F3D11A78FAB101285B68144A15D893
:10B380009068834234BF10200120F0BD10B9012A1B
:10B39000E7D8EFE7421E18BF0122002AEAD1E0E712
:10B3A00012B15A69002ADCD11A78F6E7D0688342D4
:10B3B0008CBF01201020E8E7012818BF0F20E4E728
:10B3C0001420E2E70F20E0E71120DEE7DBE5B151D2
:10B3D000CC4E002038B1054B0360054B4360012380
:10B3E0000372002070470E20704700BF61B4070051
:10B3F00015B4070038B1054B0360054B43600123CA
:10B400000372002070470E20704700BF91B4070000
:10B410003BB4070069B10B78022B0CD1022804D091
:10B42000032814BF08201120704703230B7000204D
:10B4300070470E2070470820704769B10B78022BC7
:10B440000CD1022804D0032814BF08201120704713
:10B4500003230B70002070470E20704708207047B0
:10B4600010B50C4681B10B78012B06D00ED9033BE9
:10B47000012B94BF0820112010BDFFF7E1F900282F
:10B48000FAD102232370F7E70E20F5E70820F3E74F
:10B4900010B50C4681B10B78012B06D00ED9033BB9
:10B4A000012B94BF0820112010BDFFF701FA0028DE
:10B4B000FAD102232370F7E70E20F5E70820F3E71F
:10B4C00070B5144B144A0C21D21AB2FBF1F2816907
:10B4D00011F8025C044635B900690021914205D19A
:10B4E000012323600EE04FF0FF30F6E71E68AE4206
:10B4F0000CD1461C07D19D68D4E90001D4E9022390
:10B50000A847206070BD5E688642F4D001310C33DC
:10B51000E4E700BFD0D20700E8D207001EF0040F16
:10B520000CBFEFF30880EFF30980FFF7C9BF00BF3E
:10B5300010DF704711DF704713B5044609496846AC
:10B54000FCF72CFC019808B902B010BDD0E900212D
:10B550002046904718B16846FCF729FCF2E7112015
:10B56000F2E700BFC0D1070013B50446074968469B
:10B57000FCF714FC019B0BB902B010BD2046D3E9C7
:10B58000002190476846FCF712FCF3E7D8D107008A
:10B59000064B9A6822B11A6822F480021A6070473A
:10B5A000034B4FF48002C3F880207047C04E002048
:10B5B00000E100E00B4991F816335A09EC231341DE
:10B5C000DB0706D5084B9A683AB94FF480030B6045
:10B5D000704742F20200FCF79CBF1A6842F48002F6
:10B5E0001A60704700E100E0C04E0020F7B5194F27
:10B5F0003C7864BB184E012520463570FFF79CFF50
:10B60000112821D02046FFF7AFFF144B8DF80340DF
:10B61000186801900DF10300FCF710F8104901A81B
:10B62000FFF786FF0446B0FA80F0400938709DF8B5
:10B630000300FCF727F83CB90A4B34701C70FFF785
:10B64000B9FF2846FFF790FF204603B0F0BD08245D
:10B65000FAE700BF2D4E00202C4E0020BBD1070082
:10B660000D8507002E4E0020F7B5154F3B781BB314
:10B67000144E01203070FFF75FFF11284FF00005D6
:10B680001CD00220FFF770FF0DF107008DF8075066
:10B69000FBF7D4FFFFF74EFF04469DF807003D700F
:10B6A000FBF7F0FF2CB93470FFF772FF0320FFF7B0
:10B6B0005BFF204603B0F0BD0824FAE72C46F8E70C
:10B6C0002D4E00202C4E0020054B1B7833B1054B2E
:10B6D0001B780BB1FFF7C8BFFFF788BF0820704782
:10B6E0002C4E00202D4E0020014B1878704700BFD3
:10B6F0002D4E002007B508496846FCF74FFB019B1B
:10B7000013B903B05DF804FBD3E900209047684605
:10B71000FCF74DFBF3E700BFCCD10700FFF7EABF12
:10B7200060DF704769DF704761DF704730B5114DEA
:10B73000ADF5017D4FF4FA740DF1020103A8ADF8E7
:10B740000240FFF7F1FF70B9294601A8FCF726FB7C
:10B75000029B002BF0D003A8D3E90021904701A859
:10B76000FCF725FBF4E7052801D0FCF7D2FE0DF528
:10B77000017D30BDE4D10700024B1B780BB1FFF710
:10B78000D5BF70472F4E002018B1034B0360002037
:10B7900070470E20704700BFE82A00207FB506469C
:10B7A0000C46002959D02E4B0B600C22002101A819
:10B7B00001F08CF9012506232268ADF8083001A9B3
:10B7C00020208DF804608DF80650FFF7ABFF0C22A7
:10B7D000002101A801F07AF922688DF8055001A92D
:10B7E0004020FFF79FFF0C22002101A801F06EF915
:10B7F000F7232268ADF8063001A923208DF80460F4
:10B80000FFF790FF0C22002101A801F05FF92268E8
:10B810008DF8045001A92846FFF784FF0C2200216F
:10B8200001A801F053F94FF4B0632268019301A914
:10B83000A120FFF777FF0C22002101A801F046F9B3
:10B840009DF8043022682B4301A9A0208DF8043014
:10B85000FFF768FF002004B070BD0E20FBE700BFBB
:10B86000E82A002008B5FFF75BFF10B9014B012261
:10B870001A7008BD2F4E00204BDF70471FB50D4CCE
:10B8800001A8FFF7F9FF70B9214602A8FCF786FA74
:10B89000039B002BF4D00198D3E90021904702A824
:10B8A000FCF785FAF4E7052801D0FCF732FE04B076
:10B8B00010BD00BFF0D107008B1802448B4200D1AD
:10B8C000704713F8010D02F8010DF7E700000000C2
:10B8D000C3F10803DB0070B501330446002003A563
:10B8E0005B1920C940CAAD1920C4184720C940CAF5
:10B8F000754120C420C940CA754120C420C940CA2E
:10B90000754120C420C940CA754120C420C940CA1D
:10B91000754120C420C940CA754120C420C940CA0D
:10B92000754120C4404170BD0000000000000000CF
:10B93000C3F10803DB0070B50133002403A500BF89
:10B940005B1920C940CAAD1B20C0184720C940CA96
:10B95000B54120C020C940CAB54120C020C940CA55
:10B96000B54120C020C940CAB54120C020C940CA45
:10B97000B54120C020C940CAB54120C020C940CA35
:10B98000B54120C06441B4FA84F0400970BD00BFE5
:10B990002DE9F04F08B4F8CA04B451F8042BA3FB06
:10B9A000028940F8048B4FF0000AE4FB629A4FF0E2
:10B9B000000BE5FB62AB4FF0000CE6FB62BC4FF006
:10B9C000000EE7FB62CE51F8042B4FF00008E3FBBA
:10B9D000628940F8048BE4FB629AE5FB62ABE6FB0C
:10B9E00062BCE7FB62CE51F8042B4FF00008E3FB8A
:10B9F000628940F8048BE4FB629AE5FB62ABE6FBEC
:10BA000062BCE7FB62CE51F8042B4FF00008E3FB69
:10BA1000628940F8048BE4FB629AE5FB62ABE6FBCB
:10BA200062BCE7FB62CE51F8042B4FF00008E3FB49
:10BA3000628940F8048BE4FB629AE5FB62ABE6FBAB
:10BA400062BCE7FB62CE40F8049B40F804AB40F8D0
:10BA500004BB40F804CB40F804EB0CBC052B00F011
:10BA60001E810C68A0F11400A1F11401A2F11402CE
:10BA700052F804EB4FF0000550F8046BE4FB6E56EF
:10BA800052F804EB50F8047BE4FB6E6752F804EBC9
:10BA900050F8048BE4FB6E7852F804EB50F8049BEA
:10BAA000E4FB6E8952F804EB50F804ABE4FB6E9AA9
:10BAB000A0F1140052F8044B51F804EB4FF0000CC5
:10BAC000E4FB6EC540F804CB51F804EBE4FB6E5682
:10BAD00040F8045B51F804EBE4FB6E6740F8046B3C
:10BAE00051F804EBE4FB6E7840F8047B51F804EB6A
:10BAF000E4FB6E8940F8048B51F804EBE4FB6E9A8A
:10BB0000A0E80006062B00F0CA800C68A0F118001F
:10BB1000A1F11801A2F1180252F804EB4FF0000550
:10BB200050F8046BE4FB6E5652F804EB50F8047BBB
:10BB3000E4FB6E6752F804EB50F8048BE4FB6E787C
:10BB400052F804EB50F8049BE4FB6E8952F804EBC6
:10BB500050F804ABE4FB6E9A52F804EB50F804BBC7
:10BB6000E4FB6EABA0F1180052F8044B51F804EB63
:10BB70004FF0000CE4FB6EC540F804CB51F804EB29
:10BB8000E4FB6E5640F8045B51F804EBE4FB6E678F
:10BB900040F8046B51F804EBE4FB6E7840F8047B4A
:10BBA00051F804EBE4FB6E8940F8048B51F804EB88
:10BBB000E4FB6E9A40F8049B51F804EBE4FB6EAB97
:10BBC000A0E8000C072B6AD008B40C68A0F11C0098
:10BBD000A1F11C01A2F11C0252F804EB4FF0000588
:10BBE00050F8046BE4FB6E5652F804EB50F8047BFB
:10BBF000E4FB6E6752F804EB50F8048BE4FB6E78BC
:10BC000052F804EB50F8049BE4FB6E8952F804EB05
:10BC100050F804ABE4FB6E9A52F804EB50F804BB06
:10BC2000E4FB6EAB52F804EB50F804CBE4FB6EBCC3
:10BC3000A0F11C0052F8044B51F804EB4FF0000344
:10BC4000E4FB6E3540F8043B51F804EBE4FB6E5620
:10BC500040F8045B51F804EBE4FB6E6740F8046BBA
:10BC600051F804EBE4FB6E7840F8047B51F804EBE8
:10BC7000E4FB6E8940F8048B51F804EBE4FB6E9A08
:10BC800040F8049B51F804EBE4FB6EAB40F804ABC6
:10BC900051F804EBE4FB6EBCA0E8001808BCBDE85A
:10BCA000F08F002310B51C465AB2914200DC10BD43
:10BCB00040F823400133F7E710B500231A465CB281
:10BCC000A14203DCB2FA82F0400910BD50F82340D3
:10BCD00001332243F3E74A11012350F8220001F017
:10BCE0001F0103FA01F108407047013910B549B24C
:10BCF000041D0A06CBB204D4013954F82120002ACD
:10BD0000F7D001335BB273B103F18042013A50F8CE
:10BD10002220002022B9013B00EB431318B210BDD2
:10BD200052080130F6E71846F9E710B500235CB277
:10BD3000A24200DC10BD51F8234040F823400133FB
:10BD4000F5E710B5013A52B2130601D5002010BD37
:10BD500050F8224051F822309C4205D802F1FF32BF
:10BD6000F2D24FF0FF30F2E70120F0E700EB810163
:10BD70000023884200D3704751F8042D43EA520350
:10BD80000B60D307F5E737B51D469DF918300193D1
:10BD90000446FFF79DFD019B38B91A462146284607
:10BDA000FFF7CFFF0128019B07D02A4621462046F6
:10BDB00003B0BDE83040FFF7BBBD03B030BD37B5C1
:10BDC0001D469DF9183001930446FFF7B1FD019B14
:10BDD00038B12A462146204603B0BDE83040FFF77F
:10BDE00077BD03B030BD2DE9F04FB5B004AC9DF97F
:10BDF000F8501E4680462B462046FFF7C9FD24AB6F
:10BE000029463046CDE90234FFF76FFFC0EB8510BD
:10BE100004B2002C2146B8BF04F11F01634241F374
:10BE2000471103F01F0314A804F01F0758BF5F4217
:10BE3000FFF737FF002F08B22BDD14AB002203EB16
:10BE40008001C7F1200E1346AB4217D36B0001935C
:10BE500014AB03EB85096F1E34AB012603EB870798
:10BE6000002C54DA34AB03EB86062A4656F8C81C7D
:10BE70004046FFF75AFF35B0BDE8F08F56F823C0B3
:10BE80000CFA07F0024341F8042B01332CFA0EF2AE
:10BE9000DAE714AB2A46314603EB8000FFF745FF93
:10BEA000D4E70FFA82FE5AF8C83C53F82EB034ABF0
:10BEB00003EB8202013052F8803C0B44BBEB0303DE
:10BEC00034BF012200229B4518BF11465CF8C82CE4
:10BED00042F82E30019B42B29A42E2DB731A5E4274
:10BEE000294614A85E41FFF741FF34AB03EB8503FD
:10BEF000294653F8802C57F8803C484643EAC273E1
:10BF0000013C47F8803C24B2FFF730FFA8E734AB90
:10BF10000020C6F1010C014603EB860A03EB8C0CF2
:10BF2000D8E730B51C4691B0054693F90030684615
:10BF3000FFF72EFDD4F8AC3069462846984711B07B
:10BF400030BD13460A46FFF7ECBF2DE9F04793F9E1
:10BF5000006092B0044689461046314615461F4699
:10BF6000FFF7AAFE002840F091803A46494602A811
:10BF7000FFF7E7FF3B4602AA21460AA8FFF7D1FFD9
:10BF800002A908463A46FFF7DCFF3B462A464946E7
:10BF90004846FFF7C6FF07F104083A4629462846F7
:10BFA000FFF7CFFF43462A46214620460096FFF77B
:10BFB000EAFE43462A46294628460096FFF7E3FE56
:10BFC00043462A46214628460096FFF7F8FE3B46A0
:10BFD0002A4621462046FFF7A4FF43462246214633
:10BFE00028460096FFF7CFFE434600962A46214694
:10BFF0002046FFF7C8FE2368DB074AD53346424692
:10C0000021462046FFF764FC314682462046FFF772
:10C01000ADFE06F18043013B54F8232042EACA7288
:10C0200044F823203A4621462846FFF78AFF434634
:10C030000AAA294628460096FFF7C1FE43460AAAE7
:10C04000294628460096FFF7BAFE0AA90846434645
:10C050002A460096FFF7B3FE3B460AAA2146204631
:10C06000FFF75FFF02AA4346104621460096FFF7FE
:10C07000A6FE324629462046FFF757FE4946284687
:10C08000FFF753FE02A94846FFF74FFE12B0BDE886
:10C09000F08731462046FFF769FEC3E72DE9F041FE
:10C0A00015468AB004460E461C22002103A800F063
:10C0B0000DFD2F1D95F9008003232A4631462046A9
:10C0C0000293FFF73EFF3B4602AA21462046CDF8E9
:10C0D0000080FFF774FE2B46324621462046FFF7CC
:10C0E00020FFCDF800803B4605F184022146204622
:10C0F000FFF749FE0AB0BDE8F08100002DE9F042EB
:10C10000082288B00C468146FFF70FFECB6A0393E6
:10C110000B6B04934B6B05938B6B0693CB6B079365
:10C12000002708236A4669466846CDE901770097EB
:10C13000FFF7CEFB082305466A4649464846FFF707
:10C14000C7FB236B0393636B0493A36B0593E36BB0
:10C150000544CDE906376A46082369466846FFF775
:10C16000B7FB082305446A4649464846FFF7B0FB3B
:10C17000236A0093636A0193A36A0293A36B0693F5
:10C18000E36B0793054408236A4649464846CDE9D0
:10C1900004770397FFF79CFB636A0093A36AA26B83
:10C1A0000193E36A02930492636BE26B0393CDE91C
:10C1B0000523236A07932E1808236A4649464846F2
:10C1C000FFF786FBE36A0093236B0193636B029393
:10C1D000236A0693A36A0793351808236A464946DB
:10C1E0004846CDE904770397FFF7A2FB236B009342
:10C1F000636B0193A36B0293E36B0393636A0693F0
:10C20000E36A07932E1A08236A4649464846CDE951
:10C210000477FFF78DFB636B0093A36B0193E36BD4
:10C220000293236A0393636A0493A36ACDE90537F3
:10C23000236B0793361A08236A4649464846FFF798
:10C2400077FBA36B0093E36BCDE90137636A03933C
:10C25000A36A0493E36ACDE90537636B0793361A43
:10C2600008236A4649464846FFF762FB361A0E4CD9
:10C270000FD436B9082249462046FFF762FD01284F
:10C280000FD00823224649464846FFF751FB361A8D
:10C29000EFE70823224649464846FFF719FB3618C0
:10C2A000F7D408B0BDE8F08200D2070070B514469C
:10C2B0008AB006460D461A46214602A80193FFF7AA
:10C2C00040FE019B02AA31463046FFF72AFE02A932
:10C2D000019B22460846FFF724FE019B02AA29463D
:10C2E0002846FFF71EFE0AB070BD2DE9F0478AB060
:10C2F0001446DDF848A055461F4615F9046B009614
:10C30000804689462B460246214602A8FFF757FD84
:10C3100002A952460846FFF714FE534602AA4146B8
:10C320004046FFF7FEFD534602AA21462046FFF78E
:10C33000F8FD2B464A46394638460096FFF73FFD42
:10C340005246394602A8FFF7FCFD02A92B46424699
:10C3500008460096FFF733FD02A92B462246084601
:10C360000096FFF72CFD2B464246214620460096BC
:10C37000FFF725FD5346224649464846FFF7D1FDC3
:10C380002B4602AA414620460096FFF718FD534669
:10C39000224639463846FFF7C4FD2B464A46394601
:10C3A00038460096FFF70BFD324602A92046FFF7FC
:10C3B000BCFC0AB0BDE8F0872DE9F0479846B3F918
:10C3C0000230894613F11F0148BF03F13E01DD1D14
:10C3D00048BF03F10E05EC104E11944275B228BF10
:10C3E000144629460746FFF75CFC22464946FFF7FC
:10C3F00063FAB8F90230B3EBC40F4FEAC40220D29B
:10C40000D21A07EB86010020C2F120068F420FD31B
:10C4100008F124082A4639464046FFF792FC0128D5
:10C420000FD02B4642463846BDE8F047FFF780BAAA
:10C4300051F8044D24FA02F303430B6004FA06F0AA
:10C44000E4E7BDE8F08770B5036813F00106054620
:10C45000144605D013460A460146FFF739FA064648
:10C4600021462846FFF782FC46B104F18042013A9A
:10C4700055F8223043F0004345F8223070BDF0B546
:10C480000F46A1B006461946384615461C46FFF72A
:10C4900013FC20B13046FFF704FC21B0F0BD22466A
:10C4A00039466846FFF741FC294608A8FFF73DFCDE
:10C4B00010A82146FFF7F5FB012318A81093FFF7FA
:10C4C000F0FB224608A96846FFF73BFC28B9224644
:10C4D00010A93046FFF729FCDFE7009BDA0709D4F3
:10C4E00021466846FFF742FC2246294610A8FFF77E
:10C4F000AAFFE6E7089BDB0707D4214608A8FFF759
:10C5000035FC2246294618A8F1E7002823461CDD01
:10C5100008AA69466846FFF70BFA21466846FFF706
:10C5200025FC224618A910A8FFF70BFC002805DA05
:10C5300010A923462A460846FFF7CAF910A9234640
:10C5400018AA0846FFF7F4F9CEE708A96A46084694
:10C55000FFF7EEF9214608A8FFF708FC224610A9CC
:10C5600018A8FFF7EEFB002805DA18A923462A468B
:10C570000846FFF7ADF918A9234610AA0846FFF7A9
:10C58000D7F9BEE700487047FCD107002DE9F04F0E
:10C590002DED028BEDB08946789E05901946B6F9CF
:10C5A000023096F9004013F11F0748BF03F13E0720
:10C5B00047F3471707F1FF3B24AB002543F82B5007
:10C5C0006CAB03EB8B0307EE902A4CA896F9012085
:10C5D00043F8805C43F8605CFFF76EF996F9012040
:10C5E00054A81144FFF768F921464CA8FFF764FBF3
:10C5F0008046002840F0428154A8FFF75DFB03907D
:10C60000002840F03D8106F1240A3A464CA95046E4
:10C61000FFF797FB012840F035813A4654A9504670
:10C62000FFF78FFB0128069040F02C811CAD3B46A4
:10C63000524654A92846FFF722FF0DF13008039B0C
:10C6400048F82B3017EE902A494640463346FFF70C
:10C65000B3FE4146404653462A460097FFF7C3FBC8
:10C660000DF5B87B53462A464CA914A80097FFF74E
:10C67000BAFB224658460599FFF757FBA3000793DC
:10C68000059B0BEB840903EB84014846FFF74DFB48
:10C6900006F14403194634A80493FFF746FB049BB4
:10C6A000A10059183CA8FFF740FB331D08EE903A53
:10C6B000594634AA28460094FFF781FB4B465A4658
:10C6C0003CA934A80096FFF710FE18EE902A2346E6
:10C6D00029462846FFF7D3FE2A46494658463346A0
:10C6E000FFF7E4FD039B0893049B0993059B3946E0
:10C6F0004046CDE90A3BFFF7F8FA3946834614A8CD
:10C70000FFF7F3FA5845B8BF58461FFA80FB0BF104
:10C71000FF3109B240460491FFF7DDFA0499B0F108
:10C72000000814A818BF4FF00108FFF7D4FA00283A
:10C7300014BF0220002048EA00080DF1200922461B
:10C7400059F8281024A8FFF7F0FA0DF1B009A3005A
:10C7500019444846FFF7E9FA21462846FFF7A1FAAF
:10C76000069B2B60ABF1020824AB08EE105A0FFABF
:10C7700088F80493B8F1000F2ADA18EE902A18EE20
:10C78000101A18EE100A2346FFF779FE18EE102A49
:10C79000049833464946FFF789FD04993A465046C6
:10C7A000FFF7CFFA012805D004993B4652460846C8
:10C7B000FFF7BEF8013C64B24CAA230653D5039B95
:10C7C000B3FA83F040096DB0BDEC028BBDE8F08F89
:10C7D000334618EE102A0498D6F8A4504946A847C4
:10C7E00041460CA8FFF777FA4146B0F1000B14A8B8
:10C7F00018BF4FF0010BFFF76EFA002814BF02209C
:10C8000000204BEA000B08AB53F82B1031B3224643
:10C8100034A8FFF78AFA079B3CA81944FFF785FA6A
:10C8200018EE102A33463CA934A8FFF73FFD18EE56
:10C83000903A0499009434AA44A8FFF7C0FA049AE5
:10C8400000964B463CA934A8FFF74FFD18EE101A8E
:10C8500018EE100A334644AAFFF763FB08F1FF38CD
:10C860000FFA88F886E7049B52F8241053F8243016
:10C870004B40039919430391013C9EE72846A2E7E8
:10C880004046A0E703989EE7002301461A46184653
:10C8900000F0E4B908B5074B044613B1002100F0DD
:10C8A0002DFA054B1868836A03B19847204600F0BB
:10C8B00073FA00BFFDCC0700ACD2070038B50A4CB4
:10C8C0000A4D641BA4100AD004F18043013B05EB20
:10C8D0008305013C55F804399847002CF9D1BDE88F
:10C8E000384000F061BA00BFA02B00209C2B002034
:10C8F00070B50D4E0D4D761BB61006D000240134D8
:10C9000055F8043B9847A642F9D1094E094D761BCC
:10C9100000F044FAB61006D00024013455F8043B68
:10C920009847A642F9D170BD982B0020982B002083
:10C930009C2B0020982B0020032A70B412D940EAC7
:10C940000105AD0704460B4620D11946204653F891
:10C95000045B54F8046BAE4218D1043A032A204613
:10C960001946F2D8541E72B103780A789A4208BF69
:10C97000241806D00CE010F8013F11F8012F934263
:10C9800006D1A042F7D1002070BC7047541EEBE7DF
:10C99000981A70BC704700BF844641EA000313F048
:10C9A00003036DD1403A41D351F8043B40F8043BB6
:10C9B00051F8043B40F8043B51F8043B40F8043B79
:10C9C00051F8043B40F8043B51F8043B40F8043B69
:10C9D00051F8043B40F8043B51F8043B40F8043B59
:10C9E00051F8043B40F8043B51F8043B40F8043B49
:10C9F00051F8043B40F8043B51F8043B40F8043B39
:10CA000051F8043B40F8043B51F8043B40F8043B28
:10CA100051F8043B40F8043B51F8043B40F8043B18
:10CA200051F8043B40F8043B403ABDD2303211D3B8
:10CA300051F8043B40F8043B51F8043B40F8043BF8
:10CA400051F8043B40F8043B51F8043B40F8043BE8
:10CA5000103AEDD20C3205D351F8043B40F8043BB8
:10CA6000043AF9D2043208D0D2071CBF11F8013BB6
:10CA700000F8013B01D30B8803806046704700BF7C
:10CA8000082A13D38B078DD010F003038AD0C3F18B
:10CA90000403D21ADB071CBF11F8013B00F8013B6D
:10CAA00080D331F8023B20F8023B7BE7043AD9D32C
:10CAB000013A11F8013B00F8013BF9D20B78037001
:10CAC0004B7843708B78837060467047F0B486076C
:10CAD00046D0541E002A3CD0CAB2034602E014F1EC
:10CAE000FF3436D303F8012B9D07F8D1032C29D945
:10CAF000CDB245EA05250F2C45EA054533D9A4F109
:10CB00001006360903F1200707EB061703F11002A0
:10CB100042E9045542E902551032BA42F8D1721C7A
:10CB200014F00C0F03EB021204F00F0613D0331FA6
:10CB300023F003030433134442F8045B9342FBD114
:10CB400006F003042CB1C9B21C4403F8011B9C423B
:10CB5000FBD1F0BC704734461346002CF3D1F8E704
:10CB600014460346C2E71A462646E0E700000000E6
:10CB700000000000000000000000000000000000B5
:10CB800090F800F06DE9024520F007016FF0000C0D
:10CB900010F0070491F820F040F049804FF00004B5
:10CBA0006FF00700D1E9002391F840F000F1080090
:10CBB00082FA4CF2A4FA8CF283FA4CF3A2FA8CF3C8
:10CBC0004BBBD1E9022382FA4CF200F10800A4FA2F
:10CBD0008CF283FA4CF3A2FA8CF3E3B9D1E9042383
:10CBE00082FA4CF200F10800A4FA8CF283FA4CF3BA
:10CBF000A2FA8CF37BB9D1E9062301F1200182FA74
:10CC00004CF200F10800A4FA8CF283FA4CF3A2FA79
:10CC10008CF3002BC6D0002A04BF04301A4612BA87
:10CC2000B2FA82F2FDE8024500EBD2007047D1E98A
:10CC3000002304F00305C4F100004FEAC50514F019
:10CC4000040F91F840F00CFA05F562EA05021CBFEA
:10CC500063EA050362464FF00004A9E72DE9F843B3
:10CC6000224C25680DB36C681F2C3BDC984691461E
:10CC70000F46064688B1D5F8880028B3D0F80031B1
:10CC800040F824900122A24000EB84011343022EBD
:10CC9000C0F80031C1F8808010D0A31C01346C6052
:10CCA00045F823700020BDE8F883114E114D256032
:10CCB000002ED8D03468C5F88840D4E7D0F80431C5
:10CCC0001A43C0F80421E8E70B4B5BB14FF48470C2
:10CCD000AFF3008030B100236C68C0E94033C5F881
:10CCE0008800CDE74FF0FF30DDE700BFBC4E0020ED
:10CCF00000000000304E0020000000002DE9F04F41
:10CD0000DFF8908083B0D8F8005001900F464FF0C4
:10CD1000010A8DB16C68D5F88860013C0CD405F12E
:10CD2000080B67B12EB106F1800353F82430BB42E3
:10CD300005D014F1FF34F4D203B0BDE8F08F6B6876
:10CD40005BF82420013BA34216BF00236C604BF824
:10CD50002430002AEDD0D5F80490B6B1D6F80011F1
:10CD60000AFA04F30B4210D0D6F8040156F8241046
:10CD700003420CD1019890476B68D8F800204B45CE
:10CD800001D1AA42D5D01546C3E79047F4E708463B
:10CD90009047F1E7BC4E0020FEE700BFF8B500BFAA
:10CDA000F8BC08BC9E467047F8B500BFF8BC08BC8C
:10CDB0009E467047001000000400000001000000C3
:10CDC00095790700B9790700C9790700397A070012
:10CDD000D9790700A1790700A5790700A97907008B
:10CDE000001000000400000001000000457B070067
:10CDF000257B0700157B07004D7D0700017D07009F
:10CE0000E77A0700EB7A0700F17A0700982F8A4249
:10CE100091443771CFFBC0B5A5DBB5E95BC256398C
:10CE2000F111F159A4823F92D55E1CAB98AA07D8A4
:10CE3000015B8312BE853124C37D0C55745DBE72C7
:10CE4000FEB1DE80A706DC9B74F19BC1C1699BE447
:10CE50008647BEEFC69DC10FCCA10C246F2CE92DD7
:10CE6000AA84744ADCA9B05CDA88F97652513E98FB
:10CE70006DC631A8C82703B0C77F59BFF30BE0C602
:10CE80004791A7D55163CA0667292914850AB72790
:10CE900038211B2EFC6D2C4D130D385354730A652D
:10CEA000BB0A6A762EC9C281852C7292A1E8BFA204
:10CEB0004B661AA8708B4BC2A3516CC719E892D16C
:10CEC000240699D685350EF470A06A1016C1A419EF
:10CED000086C371E4C774827B5BCB034B30C1C39EE
:10CEE0004AAAD84E4FCA9C5BF36F2E68EE828F74AD
:10CEF0006F63A5781478C8840802C78CFAFFBE90C7
:10CF0000EB6C50A4F7A3F9BEF27871C64800280074
:10CF10000020400085C50700DDAC843D1EBD6AFCD5
:10CF2000F19B4BD0C49DB1BE608F0D7ACA0083AA1D
:10CF3000B84899DE96F7E90C05200B441BE1104A2E
:10CF4000A3418950BAD2FDB74999C850A1D379AF4E
:10CF50008939544350D9C92D06150E1506110A04F6
:10CF60000A1104041F04041C0B1F251E15160F189C
:10CF7000131C0B1F251E15160F18130000000000B0
:10CF80000338FDD870470000F79207009B92070016
:10CF9000EB9707005D9807007D980700E191070077
:10CFA000A19107007F97070000000000A9980700E3
:10CFB000A398070083980700200000007800000075
:10CFC000000000000100010000000000010000005E
:10CFD0000000000002000500010000004200000007
:10CFE0000000000000000000000000000000000041
:10CFF00000000000010011000100FFFF010000001F
:10D0000000000000020017000200FEFF64010000A3
:10D0100054D00700000000000000000000000000E5
:10D0200000000000010001000000000001000000FD
:10D0300000000000020005000100000022000000C6
:10D0400000000000000000000000000000000000E0
:10D0500000000000010011000400FCFF04000000BB
:10D0600000000000020011000400FCFF04000000AA
:10D0700000000000030021000400FCFF0400100079
:10D0800000000000040011000100FFFF010000008B
:10D0900000000000050011000200FEFF0400000077
:10D0A00000000000060011000400FCFF0400000066
:10D0B00000000000070011000400FCFF0400000055
:10D0C00000000000080017000200FEFF240000001E
:10D0D00024D00700090010000100FFFF010000003C
:10D0E00004D107000A0027000200FEFF44000300ED
:10D0F000C4CF070000000000000000000000000096
:10D100000000000000000000010017000400FCFF08
:10D1100068010000F4CF0700020017000400FCFFC4
:10D12000AC01000038D10700000000000000000042
:10D1300000000000000000000100070000000000E7
:10D1400068010000F4CF07000200010000000000A9
:10D1500001000000000000000300050001000000C5
:10D16000420000000000000000000000000000007D
:10D170000000000000000000446675546172670002
:10D18000000000000000000000000000000000009F
:10D1900050EADA308883B89F604F15F30000C98EDB
:10D1A0000338FDD870470C000C00000058026D6970
:10D1B00063726F6269745F61707000001002010039
:10D1C00008D3070010D3070008000000F8D20700BA
:10D1D00008D3070008000000F0D20700F8D20700CB
:10D1E00008000000E8D20700F0D2070008000000A5
:10D1F00010D3070018D30700080000000820000122
:10D20000FFFFFFFFFFFFFFFFFFFFFFFF000000002A
:10D21000000000000000000001000000FFFFFFFF11
:10D22000512563FCC2CAB9F3849E17A7ADFAE6BCC8
:10D23000FFFFFFFFFFFFFFFF00000000FFFFFFFFFA
:10D2400096C298D84539A1F4A033EB2D817D0377A0
:10D25000F240A463E5E6BCF847422CE1F2D1176B3B
:10D26000F551BF376840B6CBCE5E316B5733CE2B0E
:10D27000169E0F7C4AEBE78E9B7F1AFEE242E34F3D
:10D280004B60D2273E3CCE3BF6B053CCB0061D657A
:10D29000BC86987655BDEBB3E7933AAAD835C65A03
:10D2A0004BBF07009DC00700FDC00700382B0020C2
:10D2B0000000000001A10700599E07004032002035
:10D2C0007C4200208D42002048320020F400000003
:10D2D0000000000003000000F5B30700000000009C
:10D2E00002000000D5B30700A59A07000000000067
:10D2F000C17C07000000000079B7070000000000B3
:10D300007DB8070000000000017B0700000000005E
:10D310001D7C070000000000709FFF7F01000000DF
:10D320000090D0030000000000000000000000009A
:10D3300000000000000000000000000000000000ED
:10D3400001000000000000000000000000000000DC
:10D3500002000000EC2A00200C2B0020FC2A0020F8
:10D36000FF00FFFF0100000000E00700382B002055
:10D3700000000000000000000000000000000000AD
:10D38000000000000000000000000000000000009D
:10D39000000000000000000000000000000000008D
:10D3A000000000000000000000000000000000007D
:10D3B000000000000000000000000000000000006D
:10D3C000000000000000000000000000000000005D
:10D3D00069720700417207000000000000000000B1
:0CD3E00001A2070000100000000008007F
:10E00000BE361649020000000000000000000000BB
:10E0100000000000000000001CD20000105EBCF8F0
:10E0200001000000000000000000000000000000EF
:10E0300000000000000000000000000000000000E0
:10E0400000000000000000000000000000000000D0
:10E0500000000000000000000000000000000000C0
:10E0600000000000000000000000000000000000B0
:10E0700000000000000000000000000000000000A0
:10E080000000000000000000000000000000000090
:10E090000000000000000000000000000000000080
:10E0A0000000000000000000000000000000000070
:10E0B0000000000000000000000000000000000060
:10E0C0000000000000000000000000000000000050
:10E0D0000000000000000000000000000000000040
:10E0E0000000000000000000000000000000000030
:10E0F0000000000000000000000000000000000020
:10E10000000000000000000000000000000000000F
:10E1100000000000000000000000000000000000FF
:10E1200000000000000000000000000000000000EF
:10E1300000000000000000000000000000000000DF
:10E1400000000000000000000000000000000000CF
:10E1500000000000000000000000000000000000BF
:10E1600000000000000000000000000000000000AF
:10E17000000000000000000000000000000000009F
:10E18000000000000000000000000000000000008F
:10E19000000000000000000000000000000000007F
:10E1A000000000000000000000000000000000006F
:10E1B000000000000000000000000000000000005F
:10E1C000000000000000000000000000000000004F
:10E1D000000000000000000000000000000000003F
:10E1E000000000000000000000000000000000002F
:10E1F000000000000000000000000000000000001F
:10E20000000000000000000000000000000000000E
:10E2100000000000000000000000000000000000FE
:10E2200000000000000000000000000000000000EE
:10E2300000000000000000000000000000000000DE
:10E2400000000000000000000000000000000000CE
:10E25000000000000000000000000000A21BDAAC7B
:10E2600000000000000000000000000000000000AE
:10E27000000000000000000000000000000000009E
:10E28000000000000000000000000000000000008E
:10E29000000000000000000000000000000000007E
:10E2A000000000000000000000000000000000006E
:10E2B000000000000000000000000000000000005E
:10E2C000000000000000000000000000000000004E
:10E2D000000000000000000000000000000000003E
:10E2E000000000000000000000000000000000002E
:10E2F000000000000000000000000000000000001E
:10E30000000000000000000000000000000000000D
:10E3100000000000000000000000000000000000FD
:10E3200000000000000000000000000000000000ED
:10E3300000000000000000000000000000000000DD
:10E3400000000000000000000000000000000000CD
:10E3500000000000000000000000000000000000BD
:10E3600000000000000000000000000000000000AD
:10E37000000000000000000000000000000000009D
:10E38000000000000000000000000000000000008D
:10E39000000000000000000000000000000000007D
:10E3A000000000000000000000000000000000006D
:10E3B000000000000000000000000000000000005D
:10E3C000000000000000000000000000000000004D
:10E3D000000000000000000000000000000000003D
:10E3E000000000000000000000000000000000002D
:10E3F000000000000000000000000000000000001D
:10E40000000000000000000000000000000000000C
:10E4100000000000000000000000000000000000FC
:10E4200000000000000000000000000000000000EC
:10E4300000000000000000000000000000000000DC
:10E4400000000000000000000000000000000000CC
:10E4500000000000000000000000000000000000BC
:10E4600000000000000000000000000000000000AC
:10E47000000000000000000000000000000000009C
:10E48000000000000000000000000000000000008C
:10E49000000000000000000000000000000000007C
:10E4A000000000000000000000000000000000006C
:10E4B000000000000000000000000000000000005C
:10E4C000000000000000000000000000000000004C
:10E4D000000000000000000000000000000000003C
:10E4E000000000000000000000000000000000002C
:10E4F000000000000000000000000000000000001C
:10E50000000000000000000000000000000000000B
:10E5100000000000000000000000000000000000FB
:10E5200000000000000000000000000000000000EB
:10E5300000000000000000000000000000000000DB
:10E5400000000000000000000000000000000000CB
:10E5500000000000000000000000000000000000BB
:10E5600000000000000000000000000000000000AB
:10E57000000000000000000000000000000000009B
:10E58000000000000000000000000000000000008B
:10E59000000000000000000000000000000000007B
:10E5A000000000000000000000000000000000006B
:10E5B000000000000000000000000000000000005B
:10E5C000000000000000000000000000000000004B
:10E5D000000000000000000000000000000000003B
:10E5E000000000000000000000000000000000002B
:10E5F000000000000000000000000000000000001B
:10E60000000000000000000000000000000000000A
:10E6100000000000000000000000000000000000FA
:10E6200000000000000000000000000000000000EA
:10E6300000000000000000000000000000000000DA
:10E6400000000000000000000000000000000000CA
:10E6500000000000000000000000000000000000BA
:10E6600000000000000000000000000000000000AA
:10E67000000000000000000000000000000000009A
:10E68000000000000000000000000000000000008A
:10E69000000000000000000000000000000000007A
:10E6A000000000000000000000000000000000006A
:10E6B000000000000000000000000000000000005A
:10E6C000000000000000000000000000000000004A
:10E6D000000000000000000000000000000000003A
:10E6E000000000000000000000000000000000002A
:10E6F000000000000000000000000000000000001A
:10E700000000000000000000000000000000000009
:10E7100000000000000000000000000000000000F9
:10E7200000000000000000000000000000000000E9
:10E7300000000000000000000000000000000000D9
:10E7400000000000000000000000000000000000C9
:10E7500000000000000000000000000000000000B9
:10E7600000000000000000000000000000000000A9
:10E770000000000000000000000000000000000099
:10E780000000000000000000000000000000000089
:10E790000000000000000000000000000000000079
:10E7A0000000000000000000000000000000000069
:10E7B0000000000000000000000000000000000059
:10E7C0000000000000000000000000000000000049
:10E7D0000000000000000000000000000000000039
:10E7E0000000000000000000000000000000000029
:10E7F0000000000000000000000000000000000019
:10E800000000000000000000000000000000000008
:10E8100000000000000000000000000000000000F8
:10E8200000000000000000000000000000000000E8
:10E8300000000000000000000000000000000000D8
:10E8400000000000000000000000000000000000C8
:10E8500000000000000000000000000000000000B8
:10E8600000000000000000000000000000000000A8
:10E870000000000000000000000000000000000098
:10E880000000000000000000000000000000000088
:10E890000000000000000000000000000000000078
:10E8A0000000000000000000000000000000000068
:10E8B0000000000000000000000000000000000058
:10E8C0000000000000000000000000000000000048
:10E8D0000000000000000000000000000000000038
:10E8E0000000000000000000000000000000000028
:10E8F0000000000000000000000000000000000018
:10E900000000000000000000000000000000000007
:10E9100000000000000000000000000000000000F7
:10E9200000000000000000000000000000000000E7
:10E9300000000000000000000000000000000000D7
:10E9400000000000000000000000000000000000C7
:10E9500000000000000000000000000000000000B7
:10E9600000000000000000000000000000000000A7
:10E970000000000000000000000000000000000097
:10E980000000000000000000000000000000000087
:10E990000000000000000000000000000000000077
:10E9A0000000000000000000000000000000000067
:10E9B0000000000000000000000000000000000057
:10E9C0000000000000000000000000000000000047
:10E9D0000000000000000000000000000000000037
:10E9E0000000000000000000000000000000000027
:10E9F0000000000000000000000000000000000017
:10EA00000000000000000000000000000000000006
:10EA100000000000000000000000000000000000F6
:10EA200000000000000000000000000000000000E6
:10EA300000000000000000000000000000000000D6
:10EA400000000000000000000000000000000000C6
:10EA500000000000000000000000000000000000B6
:10EA600000000000000000000000000000000000A6
:10EA70000000000000000000000000000000000096
:10EA80000000000000000000000000000000000086
:10EA90000000000000000000000000000000000076
:10EAA0000000000000000000000000000000000066
:10EAB0000000000000000000000000000000000056
:10EAC0000000000000000000000000000000000046
:10EAD0000000000000000000000000000000000036
:10EAE0000000000000000000000000000000000026
:10EAF0000000000000000000000000000000000016
:10EB00000000000000000000000000000000000005
:10EB100000000000000000000000000000000000F5
:10EB200000000000000000000000000000000000E5
:10EB300000000000000000000000000000000000D5
:10EB400000000000000000000000000000000000C5
:10EB500000000000000000000000000000000000B5
:10EB600000000000000000000000000000000000A5
:10EB70000000000000000000000000000000000095
:10EB80000000000000000000000000000000000085
:10EB90000000000000000000000000000000000075
:10EBA0000000000000000000000000000000000065
:10EBB0000000000000000000000000000000000055
:10EBC0000000000000000000000000000000000045
:10EBD0000000000000000000000000000000000035
:10EBE0000000000000000000000000000000000025
:10EBF0000000000000000000000000000000000015
:10EC00000000000000000000000000000000000004
:10EC100000000000000000000000000000000000F4
:10EC200000000000000000000000000000000000E4
:10EC300000000000000000000000000000000000D4
:10EC400000000000000000000000000000000000C4
:10EC500000000000000000000000000000000000B4
:10EC600000000000000000000000000000000000A4
:10EC70000000000000000000000000000000000094
:10EC80000000000000000000000000000000000084
:10EC90000000000000000000000000000000000074
:10ECA0000000000000000000000000000000000064
:10ECB0000000000000000000000000000000000054
:10ECC0000000000000000000000000000000000044
:10ECD0000000000000000000000000000000000034
:10ECE0000000000000000000000000000000000024
:10ECF0000000000000000000000000000000000014
:10ED00000000000000000000000000000000000003
:10ED100000000000000000000000000000000000F3
:10ED200000000000000000000000000000000000E3
:10ED300000000000000000000000000000000000D3
:10ED400000000000000000000000000000000000C3
:10ED500000000000000000000000000000000000B3
:10ED600000000000000000000000000000000000A3
:10ED70000000000000000000000000000000000093
:10ED80000000000000000000000000000000000083
:10ED90000000000000000000000000000000000073
:10EDA0000000000000000000000000000000000063
:10EDB0000000000000000000000000000000000053
:10EDC0000000000000000000000000000000000043
:10EDD0000000000000000000000000000000000033
:10EDE0000000000000000000000000000000000023
:10EDF0000000000000000000000000000000000013
:10EE00000000000000000000000000000000000002
:10EE100000000000000000000000000000000000F2
:10EE200000000000000000000000000000000000E2
:10EE300000000000000000000000000000000000D2
:10EE400000000000000000000000000000000000C2
:10EE500000000000000000000000000000000000B2
:10EE600000000000000000000000000000000000A2
:10EE70000000000000000000000000000000000092
:10EE80000000000000000000000000000000000082
:10EE90000000000000000000000000000000000072
:10EEA0000000000000000000000000000000000062
:10EEB0000000000000000000000000000000000052
:10EEC0000000000000000000000000000000000042
:10EED0000000000000000000000000000000000032
:10EEE0000000000000000000000000000000000022
:10EEF0000000000000000000000000000000000012
:10EF00000000000000000000000000000000000001
:10EF100000000000000000000000000000000000F1
:10EF200000000000000000000000000000000000E1
:10EF300000000000000000000000000000000000D1
:10EF400000000000000000000000000000000000C1
:10EF500000000000000000000000000000000000B1
:10EF600000000000000000000000000000000000A1
:10EF70000000000000000000000000000000000091
:10EF80000000000000000000000000000000000081
:10EF90000000000000000000000000000000000071
:10EFA0000000000000000000000000000000000061
:10EFB0000000000000000000000000000000000051
:10EFC0000000000000000000000000000000000041
:10EFD0000000000000000000000000000000000031
:10EFE0000000000000000000000000000000000021
:10EFF0000000000000000000000000000000000011
:10F00000BE361649020000000000000000000000AB
:10F0100000000000000000001CD20000105EBCF8E0
:10F0200001000000000000000000000000000000DF
:10F0300000000000000000000000000000000000D0
:10F0400000000000000000000000000000000000C0
:10F0500000000000000000000000000000000000B0
:10F0600000000000000000000000000000000000A0
:10F070000000000000000000000000000000000090
:10F080000000000000000000000000000000000080
:10F090000000000000000000000000000000000070
:10F0A0000000000000000000000000000000000060
:10F0B0000000000000000000000000000000000050
:10F0C0000000000000000000000000000000000040
:10F0D0000000000000000000000000000000000030
:10F0E0000000000000000000000000000000000020
:10F0F0000000000000000000000000000000000010
:10F1000000000000000000000000000000000000FF
:10F1100000000000000000000000000000000000EF
:10F1200000000000000000000000000000000000DF
:10F1300000000000000000000000000000000000CF
:10F1400000000000000000000000000000000000BF
:10F1500000000000000000000000000000000000AF
:10F16000000000000000000000000000000000009F
:10F17000000000000000000000000000000000008F
:10F18000000000000000000000000000000000007F
:10F19000000000000000000000000000000000006F
:10F1A000000000000000000000000000000000005F
:10F1B000000000000000000000000000000000004F
:10F1C000000000000000000000000000000000003F
:10F1D000000000000000000000000000000000002F
:10F1E000000000000000000000000000000000001F
:10F1F000000000000000000000000000000000000F
:10F2000000000000000000000000000000000000FE
:10F2100000000000000000000000000000000000EE
:10F2200000000000000000000000000000000000DE
:10F2300000000000000000000000000000000000CE
:10F2400000000000000000000000000000000000BE
:10F25000000000000000000000000000A21BDAAC6B
:10F26000000000000000000000000000000000009E
:10F27000000000000000000000000000000000008E
:10F28000000000000000000000000000000000007E
:10F29000000000000000000000000000000000006E
:10F2A000000000000000000000000000000000005E
:10F2B000000000000000000000000000000000004E
:10F2C000000000000000000000000000000000003E
:10F2D000000000000000000000000000000000002E
:10F2E000000000000000000000000000000000001E
:10F2F000000000000000000000000000000000000E
:10F3000000000000000000000000000000000000FD
:10F3100000000000000000000000000000000000ED
:03F32000000000EA
:020000040000FA
:020000041000EA
:081014000070070000E0070076
:04000003300075BD97
:00000001FF
