:1000000000040020810A000015070000610A0000BA
:100010001F07000029070000330700000000000050
:10002000000000000000000000000000A50A000021
:100030003D070000000000004707000051070000D6
:100040005B070000650700006F07000079070000EC
:10005000830700008D07000097070000A10700003C
:10006000AB070000B5070000BF070000C90700008C
:10007000D3070000DD070000E7070000F1070000DC
:10008000FB070000050800000F0800001908000029
:10009000230800002D080000370800004108000078
:1000A0004B080000550800005F08000069080000C8
:1000B000730800007D080000870800009108000018
:1000C0009B080000A5080000AF080000B908000068
:1000D000C3080000CD080000D7080000E1080000B8
:1000E000EB080000F5080000FF0800000909000007
:1000F000130900001D090000270900003109000054
:100100003B0900001FB500F003F88DE80F001FBD8C
:1001100000F0ACBC40F6FC7108684FF01022401CA7
:1001200008D00868401C09D00868401C04D0086842
:1001300000F037BA9069F5E79069F9E7704770B554
:100140000B46010B184400F6FF70040B4FF0805073
:100150000022090303692403406943431D1B104621
:1001600000F048FA29462046BDE8704000F042BA47
:10017000F0B54FF6FF734FF4B4751A466E1E11E0DA
:10018000A94201D3344600E00C46091B30F8027B3B
:10019000641E3B441A44F9D19CB204EB134394B25D
:1001A00004EB12420029EBD198B200EB134002EBB2
:1001B000124140EA0140F0BDF34992B00446D1E952
:1001C0000001CDE91001FF224021684600F0F4FB58
:1001D00094E80F008DE80F00684610A902E004C8FB
:1001E00041F8042D8842FAD110216846FFF7C0FF7C
:1001F0001090AA208DF8440000F099F9FFF78AFFCB
:1002000040F6FC7420684FF01025401C0FD0206889
:1002100010226946803000F078F92068401C08D030
:100220002068082210A900F070F900F061F9A869AF
:10023000EEE7A869F5E74FF080500369406940F6A2
:10024000FC71434308684FF01022401C06D0086838
:1002500000F58050834203D2092070479069F7E788
:100260000868401C04D00868401C03D00020704778
:100270009069F9E70420704770B504460068C34DE3
:10028000072876D2DFE800F033041929631E250021
:10029000D4E9026564682946304600F062F92A46CE
:1002A0002146304600F031F9AA002146304600F0E0
:1002B00057FB002800D0032070BD00F009FC4FF46C
:1002C000805007E0201D00F040F90028F4D100F034
:1002D000FFFB60682860002070BD241D94E80700C3
:1002E000920000F03DFB0028F6D00E2070BDFFF715
:1002F000A2FF0028FAD1D4E901034FF0805100EBAE
:10030000830208694D69684382420ED840F6F8704E
:1003100005684FF010226D1C09D0056805EB8305B8
:100320000B6949694B439D4203D9092070BD55694A
:10033000F4E70168491C03D00068401C02D003E0C8
:100340005069FAE70F2070BD2046FFF735FFFFF731
:1003500072FF0028F7D1201D00F0F7F80028F2D135
:1003600060680028F0D100F0E2F8FFF7D3FE00F05B
:10037000BFF8072070BD10B50C46182802D0012028
:10038000086010BD2068FFF777FF206010BD41684E
:10039000054609B1012700E0002740F6F8742068FF
:1003A0004FF01026401C2BD02068AA68920000F065
:1003B000D7FA38B3A86881002068401C27D020688D
:1003C000FFF7BDFED7B12068401C22D026684FF051
:1003D0008050AC686D68016942695143A9420DD9EA
:1003E000016940694143A14208D92146304600F0E5
:1003F000B8F822462946304600F087F800F078F831
:100400007069D2E700F093F8FFF784FEF6E77069B1
:10041000D6E77669DBE740F6FC7420684FF01026DB
:10042000401C23D02068401C0CD02068401C1FD0EA
:100430002568206805F18005401C1BD027683879A5
:10044000AA2819D040F6F8700168491C42D001680A
:10045000491C45D00168491C3ED001680968491C07
:100460003ED00168491C39D000683EE0B069DAE747
:10047000B569DEE7B769E2E710212846FFF778FEA5
:100480003968814222D12068401C05D0D4F8001080
:1004900001F18002C03107E0B169F9E730B108CA63
:1004A00051F8040D984201D1012000E000208A4259
:1004B000F4D158B1286810B1042803D0FEE72846CB
:1004C000FFF765FF3149686808600EE0FFF722FE1C
:1004D00000F00EF87169BBE77169BFE7706904E06D
:1004E0004FF480500168491C01D000F0CBFAFEE7C0
:1004F000BFF34F8F26480168264A01F4E06111439B
:100500000160BFF34F8F00BFFDE72DE9F0411746B3
:100510000D460646002406E03046296800F054F8EF
:10052000641C2D1D361DBC42F6D3BDE8F08140F69B
:10053000FC700168491C04D0D0F800004FF48051D1
:10054000FDE54FF010208069F8E74FF080510A690F
:10055000496900684A43824201D810207047002050
:10056000704770B50C4605464FF4806608E0284693
:1005700000F017F8B44205D3A4F5806405F5805562
:10058000002CF4D170BD0000F40A0000000000202F
:100590000CED00E00400FA05144801680029FCD0C5
:1005A0007047134A0221116010490B68002BFCD0E0
:1005B0000F4B1B1D186008680028FCD0002010603D
:1005C00008680028FCD07047094B10B501221A605A
:1005D000064A1468002CFCD0016010680028FCD08A
:1005E0000020186010680028FCD010BD00E4014015
:1005F00004E5014070B50C46054600F073F810B9EB
:1006000000F07EF828B121462846BDE8704000F091
:1006100007B821462846BDE8704000F037B8000012
:100620007FB5002200920192029203920A0B000B06
:100630006946012302440AE0440900F01F0651F80C
:10064000245003FA06F6354341F82450401C8242F8
:10065000F2D80D490868009A10430860081D016827
:10066000019A1143016000F03DF800280AD00649C4
:1006700010310868029A10430860091D0868039A3F
:10068000104308607FBD00000006004030B50F4CED
:10069000002200BF04EB0213D3F800582DB9D3F8A1
:1006A000045815B9D3F808581DB1521C082AF1D3C3
:1006B00030BD082AFCD204EB0212C2F80008C3F8CD
:1006C00004180220C3F8080830BD000000E0014013
:1006D0004FF08050D0F83001082801D0002070473A
:1006E000012070474FF08050D0F83011062905D016
:1006F000D0F83001401C01D0002070470120704725
:100700004FF08050D0F830010A2801D00020704707
:100710000120704708208F490968095808471020B0
:100720008C4909680958084714208A4909680958FA
:100730000847182087490968095808473020854923
:100740000968095808473820824909680958084744
:100750003C20804909680958084740207D490968BC
:100760000958084744207B49096809580847482028
:1007700078490968095808474C207649096809589A
:10078000084750207349096809580847542071499F
:1007900009680958084758206E49096809580847E8
:1007A0005C206C4909680958084760206949096854
:1007B00009580847642067490968095808476820AC
:1007C00064490968095808476C2062490968095852
:1007D000084770205F4909680958084774205D4937
:1007E00009680958084778205A490968095808478C
:1007F0007C205849096809580847802055490968EC
:10080000095808478420534909680958084788202F
:1008100050490968095808478C204E490968095809
:10082000084790204B4909680958084794204949CE
:10083000096809580847982046490968095808472F
:100840009C204449096809580847A0204149096883
:1008500009580847A4203F49096809580847A820B3
:100860003C49096809580847AC203A4909680958C1
:100870000847B0203749096809580847B420354966
:10088000096809580847B8203249096809580847D3
:10089000BC203049096809580847C0202D4909681B
:1008A00009580847C4202B49096809580847C82037
:1008B0002849096809580847CC2026490968095879
:1008C0000847D0202349096809580847D4202149FE
:1008D000096809580847D8201E4909680958084777
:1008E000DC201C49096809580847E02019490968B3
:1008F00009580847E4201749096809580847E820BB
:100900001449096809580847EC2012490968095830
:100910000847F0200F49096809580847F4200D4995
:10092000096809580847F8200A490968095808471A
:10093000FC2008490968095808475FF48070054998
:10094000096809580847000003480449024A034B54
:100950007047000000000020000B0000000B0000AA
:1009600040EA010310B59B070FD1042A0DD310C82C
:1009700008C9121F9C42F8D020BA19BA884201D97E
:10098000012010BD4FF0FF3010BD1AB1D30703D0C6
:10099000521C07E0002010BD10F8013B11F8014B7C
:1009A0001B1B07D110F8013B11F8014B1B1B01D198
:1009B000921EF1D1184610BD02F0FF0343EA032254
:1009C00042EA024200F005B87047704770474FF0A6
:1009D00000020429C0F0128010F0030C00F01B800C
:1009E000CCF1040CBCF1020F18BF00F8012BA8BF1A
:1009F00020F8022BA1EB0C0100F00DB85FEAC17CDE
:100A000024BF00F8012B00F8012B48BF00F8012B90
:100A100070474FF0000200B51346944696462039C1
:100A200022BFA0E80C50A0E80C50B1F12001BFF4A7
:100A3000F7AF090728BFA0E80C5048BF0CC05DF80D
:100A400004EB890028BF40F8042B08BF704748BF5B
:100A500020F8022B11F0804F18BF00F8012B7047CF
:100A6000014B1B68DB6818470000002009480A4951
:100A70007047FFF7FBFFFFF745FB00BD20BFFDE719
:100A8000064B1847064A1060016881F308884068E1
:100A900000470000000B0000000B000017040000DE
:100AA000000000201EF0040F0CBFEFF30881EFF3ED
:100AB0000981886902380078182803D100E0000015
:100AC000074A1047074A12682C3212681047000084
:100AD00000B5054B1B68054A9B58984700BD0000B0
:100AE0007703000000000020F00A0000040000006E
:100AF000001000000000000000FFFFFF0090D00386
:10100000B00F002021AE010065B0000087AD0100E7
:1010100065B0000065B0000065B000000000000091
:10102000000000000000000000000000ADAE010064
:1010300065B000000000000065B0000065B0000071
:1010400015AF01001BAF010065B0000065B00000E6
:1010500065B0000065B0000065B0000065B000003C
:1010600021AF010065B0000065B0000027AF0100AE
:1010700065B000002DAF010033AF010039AF0100B2
:1010800065B0000065B0000065B0000065B000000C
:1010900065B0000065B0000065B0000065B00000FC
:1010A00065B000003FAF010065B0000065B0000012
:1010B00065B0000065B0000065B0000065B00000DC
:1010C00045AF010065B0000065B0000065B00000EC
:1010D00065B0000065B0000065B0000065B00000BC
:1010E00065B0000065B0000065B0000065B00000AC
:1010F00065B0000065B0000065B0000065B000009C
:1011000065B0000065B0000000F002F819F077FE4D
:101110000AA090E8000C82448344AAF10107DA4552
:1011200001D119F06CFEAFF2090EBAE80F0013F00E
:10113000010F18BFFB1A43F00103184770A201000A
:1011400090A201000A4410F8014B14F00F0508BFEB
:1011500010F8015B240908BF10F8014B6D1E05D083
:1011600010F8013B6D1E01F8013BF9D1641E03D05C
:10117000641E01F8015BFBD19142E4D3704700008B
:101180000023002400250026103A28BF78C1FBD890
:10119000520728BF30C148BF0B6070471FB500F031
:1011A00003F88DE80F001FBD19F026BE70B51B4C6B
:1011B00005460A202070A01C00F0D7F85920A08016
:1011C00029462046BDE8704006F0FEBE06F00CBF82
:1011D00070B50C461249097829B1A0F160015E2969
:1011E00008D3012013E0602804D0692802D043F21C
:1011F00001000CE020CC0B4E94E80E0006EB8000C2
:10120000A0F58050241FD0F8806E2846B04720609B
:1012100070BD0120704706207047000008000020C4
:101220001800002074AF01003249884201D2012029
:1012300070470020704770B50446A0F500002E4EA0
:10124000B0F1786F02D23444A4F5000429488442F6
:1012500001D2012500E0002500F043F848B125B98E
:10126000B44204D32548006808E0012070BD002086
:1012700070BD002DF9D1B442F9D321488442F6D291
:10128000F3E710B50446A0F50000B0F1786F03D283
:1012900019480444A4F5000400F023F84FF08041FD
:1012A00030B11648006804E08C4204D2012003E00B
:1012B00013488442F8D2002080F0010010BD10B520
:1012C00020B1FFF7DEFF08B1012010BD002010BDE6
:1012D00010B520B1FFF7AFFF08B1012010BD00200D
:1012E00010BD084808490068884201D101207047B4
:1012F0000020704700C00100000000201C000020FA
:101300000800002058000020BEBAFECA10B50446EE
:101310000021012000F041F800210B2000F03DF8F1
:101320000021082000F039F80421192000F035F8D8
:1013300004210D2000F031F804210E2000F02DF8DA
:1013400004210F2000F029F80421C84300F025F8FB
:101350000621162000F021F80621152000F01DF8C6
:101360002046FFF723FF002010BDCC2101807047ED
:10137000FFF72CBF1148704710487047104A10B54E
:1013800014680F4B0F4A08331A60FFF721FF0C480F
:10139000001D046010BD704770474907090E002802
:1013A00004DB00F1E02080F80014704700F00F002B
:1013B00000F1E02080F8141D7047000003F900429E
:1013C000100502400100000130B5FF4D0446062C17
:1013D000A9780ED2DFE804F0030E0E0E0509FFDF38
:1013E00008E0022906D0FFDF04E0032902D0FFDF76
:1013F00000E0FFDFAC7030BDF34810B5407E41081F
:10140000F14800F11A0005D00DF043FBBDE8104093
:1014100006F07ABC0DF024FBF8E730B50446A1F1E4
:1014200020000D460A2847D2DFE800F005070C1916
:10143000202532373C41FFDF3FE0207820283CD197
:10144000FFDF3AE0E0488078052836D0207824286D
:1014500033D0252831D023282FD0FFDF2DE020786E
:1014600022282AD0232828D8FFDF26E02078222827
:1014700023D0FFDF21E0207822281ED024281CD092
:1014800026281AD0272818D0292816D0FFDF14E0E4
:101490002078252811D0FFDF0FE0207825280CD0F8
:1014A000FFDF0AE02078252807D0FFDF05E020785D
:1014B000282802D0FFDF00E0FFDF257030BD1FB518
:1014C0000022ADF800200C88ADF802404B88ADF842
:1014D0000430CA88ADF808208988ADF806100021CC
:1014E000ADF80A10ADF80C1080B14FF6FF70062170
:1014F000844201D1ADF80210834201D1ADF804104D
:10150000824203D14FF44860ADF8080068460DF000
:10151000BEFB06F0F9FB04B010BD70B514460D46D5
:101520000646FFF788FE60B90DB1A54201D90C202F
:1015300070BD002409E000BF56F82400FFF77BFED1
:1015400008B1102070BD641CE4B2AC42F4D300209A
:1015500070BD2DE9F04105461F4690460E46002419
:101560000068FFF7B5FE30B9A98828680844401E16
:10157000FFF7AEFE10B11020BDE8F081286800280A
:10158000A88802D0B84202D850E00028F4D0092040
:10159000F2E72968085DB8B1671CCA5D152A2ED02C
:1015A0003CDC152A3AD2DFE802F039122222282840
:1015B0002A2A313139393939393939393939220019
:1015C000085D30BB641CA4B2A242F9D833E0022803
:1015D000DDD1A01C085C88F80000072801D2400774
:1015E00001D40A20C8E7307840F0010015E0C1437B
:1015F000C90707E0012807D010E00620BCE7010773
:10160000A1F180510029F5D01846B5E7307881075F
:1016100001D50B20B0E740F0020030702868005D73
:10162000384484B2A888A04202D2B0E74FF44853AD
:1016300082B2A242ADD800209EE710B502785408CD
:1016400009D0012243F20223012C07D0022C0DD035
:10165000032C13D10FE00020087005E080790324EB
:10166000B4EB901F0AD10A70002010BD8079B2EB54
:10167000901F03D1F7E780798009F4D0184610BD98
:1016800008B500208DF800004F4890F8221051B1A5
:1016900090F8230002280FD003280FD0FFDF00BFEF
:1016A0009DF8000008BD48486946193001F0C6F9A8
:1016B0000028F5D0FFDFF3E7032000E001208DF8DC
:1016C0000000EDE738B50C460546694601F0B6F96D
:1016D00000280DD19DF80010207861F3470020709C
:1016E00055F8010FC4F80100A888A4F805000020EF
:1016F00038BD38B51378C0B1022816D033A46D4672
:10170000246800944C7905EB9414247864F347031F
:10171000137003280ED003F0FE0010700868C2F8A2
:1017200001008888A2F8050038BD23F0FE0313707D
:101730000228EED1D8B240F00100EEE702210EF00F
:10174000BDBC38B50C460978222901D2082038BD25
:10175000ADF800008DF8022068460DF0D9F906F0CA
:10176000D3FA050003D121212046FFF756FE284673
:1017700038BD1CB500208DF80000CDF80100ADF893
:101780000500114890F82200022801D0012000E055
:1017900000208DF8070068460DF024FA002800D0DC
:1017A000FFDF1CBD2DE9FF478CB00025BDF834607C
:1017B00082461C4690468DF81C50700703D5606821
:1017C000FFF739FD90B903E0A00100200302FF01FB
:1017D000FE4F4FF0010997F8220058B197F8230007
:1017E000022807D16068FFF773FD18B1102010B010
:1017F000BDE8F087300702D5A089802815D870078A
:1018000004D4B8F1000F01D0387E70B1E07DC0F390
:1018100000108DF81B00617D072041B1012906D021
:101820000229E4D00429E2D117E00720DFE78DF890
:1018300017908DF819908DF81580606878B107A918
:10184000FFF7FBFE0028D2D1606850F8011FCDF8E9
:101850000F108088ADF8130005E00620C7E7CDF82B
:101860000F50ADF81350E07B0028F6D1207C002803
:10187000F3D1607C0028F0D1A07C0028EDD1E07C81
:10188000C006EAD18DF800A0BDF83400ADF8020022
:10189000A0680190A0680290CDA0D0E90010CDE929
:1018A0000A10E07C0AA901EB501000788DF80C00BA
:1018B000FFF7E6FE8DF80D009DF81C008DF80E0078
:1018C0008DF818508DF816508DF81A5009A96846F1
:1018D0000DF02CFA06F018FA89E7F0B58FB0002465
:1018E0008DF830408DF814408DF8344006468DF860
:1018F0002840019402940394049419B10FC901ADD6
:1019000085E80F00B14DA878052801D004280CD136
:1019100001986968884200D120B90398E968884233
:1019200003D110B108200FB0F0BD1F273B460DAA10
:1019300005A903A8FFF70DFE0028F4D13B460AAA2B
:101940000CA901A8FFF705FE0028ECD19DF81400B2
:10195000C00701D00A20E6E7A88A410708D4A97D7C
:1019600031B19DF82810890702D043F20120DAE74F
:101970009DF82810C90709D0400707D4288818B156
:1019800044F25061884201D90720CCE78DF8184015
:101990008DF81960BDF80800ADF81A00019807909D
:1019A00006A80DF0CEF906F0AFF90028BBD18DF8EE
:1019B00020408DF82160BDF81000ADF8220003989A
:1019C000099008A80DF0DFF906F09EF90028AAD1C9
:1019D00001AC2D1D94E80F0085E80F000020A2E760
:1019E00070B50646FFF7AAFE054606F06FFB040039
:1019F00000D1FFDF6680207820F00F00801C20F0EF
:101A0000F000203020700320207295F83E006072B4
:101A1000BDE8704006F05EBB2DE9F04385B00400E0
:101A200000D1FFDF2078694E20F00F00801C20F0ED
:101A3000F0007030207060680178C91F14292AD224
:101A4000DFE801F04DF3290AF3F33AF2292966F2AF
:101A5000F2F129F2F2F0EFF286883046FFF76EFEDF
:101A60000546304608F0BDF8C0B16068807985F859
:101A70003E0021212846FFF7D0FC304603F0FAF95A
:101A8000304604F0ADFB3146012012F047F9A87F43
:101A900020F01000A87705B0BDE8F083207820F092
:101AA000F00020302070032020726680606880790A
:101AB000607206F00FFBDCE785882846FFF73EFEE4
:101AC00000B9FFDF60688078012800D0FFDF606820
:101AD000817905B02846BDE8F04308F04ABA868807
:101AE0003046FFF72BFE050000D1FFDF06F0F2FACB
:101AF00060683146C08828816068008968816068B4
:101B00004089A881012012F009F90020A875C2E7D8
:101B1000807828B10228BED03C28BCD0FFDFBAE7CD
:101B200006F0D8FA6568A879AD1C00B9FFDFF77830
:101B3000B5F80290B046384606F05FF8060000D1CE
:101B4000FFDF0022022148460EF0AFFA040000D168
:101B5000FFDF22212046FFF760FCA17F012060F318
:101B60000101A177298B2181698B6181A98BA181D9
:101B700084F822708DF80800B0680090F068019039
:101B80006A46032148460EF090FA00B9FFDFB0889C
:101B9000ADF81000B0788DF8120004AA052148466F
:101BA0000EF083FA00B9FFDFB088ADF80C00F078D2
:101BB0008DF80E0003AA042148460EF076FA00B90B
:101BC000FFDF062105F1120006E00000A001002061
:101BD000070605040302010000F04DFF30B36879E9
:101BE000800700D5FFDF6979E07D61F34700E0758C
:101BF000D5F80600A0616889A083062105F10C00D4
:101C000000F039FFE0B198F819104A08617862F3E2
:101C100047016170D8F81A10C4F80210B8F81E0015
:101C200017E028E020E033E02DE017E0E07D20F031
:101C3000FE00801CE075D5F81200A061E88ADBE7A1
:101C4000607820F0FE00801C6070E868C4F8020034
:101C5000288AE0800320FFF7B7FB1CE705B0204689
:101C6000BDE8F04301F092BC06F034FA16F8240FF8
:101C700040F0020005E006F02DFA16F8240F40F0BF
:101C80000400307007E705B0BDE8F04306F022BA63
:101C9000B178052909D00429DFD106F01BFA02200A
:101CA00005B0BDE8F043FFF78FBB80780028D4D0A3
:101CB000F07800F0AAFE06F00DFA0320F0E72DE917
:101CC000F047054600780027000991460C463E463D
:101CD000012871D0022870D007280AD00A286DD0B8
:101CE000FFDF00BFA9F800600CB1278066800020EC
:101CF0007EE5D5F804C0DFF8448804F108009CF8BC
:101D000000204FF0010AD21F4FF6FF71142A76D23D
:101D1000DFE802F00AF9F9F9F9F9F91DF9F926C035
:101D2000889DF91061D476EE12271026BCF80400C5
:101D30002146F3E01C270A26ECB3BCF80200A08081
:101D4000686800792072686840796072CAE71B276A
:101D5000092684B30320207268684088A080C1E708
:101D60009CF802103C29BDD010272C260CF1020C47
:101D70000CB3BCF80210A180BCF818106182BCF84A
:101D800018102182BCF81A10A182BCF81C10E18244
:101D90009CF8053002460CF106011846FFF7A9FC35
:101DA0009CF8040001289DD184F80FA00020207623
:101DB00008F1040003E00BE0A8E0B2E0EAE090E8FC
:101DC0000E00D8F81000C4E90930C4E9071289E709
:101DD000A9F800608BE720271126002CF8D0A180FD
:101DE000686804F10A02807820726868807A6072FC
:101DF00069680B1DC8781946FFF77BFC72E782E023
:101E000021270A26002CE3D0BCF80200A0806868D5
:101E10000079207268684079607298F8241021F087
:101E2000040162E022270B26002CD1D0BCF804006C
:101E3000A0806868807820726868807900F02AFE47
:101E400060726868C07900F025FEA0724AE7262714
:101E50001C26002CBCD0A1806868C07860726868BD
:101E60008079A07208F1040090E80E00D8F8100004
:101E7000C4E90530C4E90312686880783C2803D0BF
:101E8000432804D0FFDF2DE784F808A02AE70220CA
:101E9000207227E724271026002C99D0BCF80200D6
:101EA000A0806868007920816868007A608168682D
:101EB000C088A08168684089E08113E72327102645
:101EC000002C85D0BCF80200A08068688088208142
:101ED0006868C088608168680089A08168684089F6
:101EE000E08198F8241021F0020188F82410F9E626
:101EF0002F272A26002C86D0A18069682222891CDF
:101F00000BF017FAEEE64A46214644E0287A02280A
:101F100001D0FFDFE6E612271026688800F098FD62
:101F2000E0E6287AB0B3012835D0022833D0032860
:101F300001D0FFDFD6E611270926002C8AD0B5F89C
:101F400002804046FFF7FAFB90F822A0A4F8048034
:101F5000687A2072042140460EF0C2F805214046FE
:101F60000EF0BEF8002140460EF0BAF801214046BE
:101F70000EF0B6F8032140460EF0B2F802214046BA
:101F80000EF0AEF8062140460EF0AAF8504600F0DA
:101F90003CFDA7E6FFE72846BDE8F04701F02CBC72
:101FA00070B5012801D0FFDF70BD8DB22846FFF764
:101FB000C5FB040000D1FFDF20782128F4D006F013
:101FC00085F880B1017821F00F01891C21F0F00122
:101FD000103101700221017245800020A075BDE81A
:101FE000704006F077B821462846BDE870401322BD
:101FF000FFF7A7BB2DE9F04116460C00804600D143
:10200000FFDF307820F00F00801C20F0F00010304F
:1020100030702078022802D0FFDFBDE8F081404612
:10202000FFF78CFB050000D1FFDFA1884FF6FF70A2
:102030000027814202D1E288824203D0814201D14D
:10204000E08840B106F046F894E80F00083686E8CC
:102050000F00AF75E1E7A87D0128DED178230022CB
:10206000414611F0B1FD0220A875D6E738B5054606
:102070000C460846FFF7DFF8A8B9242D31D006DC5E
:10208000202D0AD0212D0AD0222D04D124E0252D87
:102090001BD03F2D2DD0072038BD062038BD6068ED
:1020A000FFF70DF908B1102038BD618820886A4615
:1020B0000CF0E1FF05F028FE0028F5D16168002949
:1020C000F2D0BDF800200A8038BDA07800F00101F0
:1020D00020880DF001F808E02068BDE8384001F0E4
:1020E000C0BD618820880CF05FFFBDE8384005F076
:1020F0000BBE207800F001008DF8000068460CF05F
:10210000BDFD05F001FE38BD70B505460C4608461C
:10211000FFF7B7F808B1102070BD202D07D0212D92
:102120000DD0222D0BD0252D09D0072070BD208881
:10213000A11C0CF03CFDBDE8704005F0E5BD06209B
:1021400070BDFE481930704708B528220021FB48B1
:102150000BF019F90120FFF737F9F84968461A31F1
:1021600005F04AFFF5489DF80020417E62F34701E3
:1021700021F001014176002180F822104FF46171B5
:102180000184022180F82310FFF736F900B1FFDF48
:1021900000F0AEFC01F0CCF908BD10B50C464022B1
:1021A000002120460BF0EFF8A07F20F00300A0777D
:1021B000202020700020A07584F8230010BD7047F7
:1021C0002DE9FC410746FFF736F810B11020BDE8B5
:1021D000FC81DA4E06F11901D6F819000090B6F824
:1021E0001D50ADF80450F47F8DF806403846FFF7D7
:1021F00069FA0028EBD1FFF7FFF80028E7D0009933
:1022000046F8191FB580B471E1E710B50446FFF731
:1022100038F808B1102010BDC848C8492246407E91
:102220001A314008FFF765FA002010BD3EB504469C
:102230000D460846FFF725F808B110203EBD14B141
:1022400043F204003EBDBD488078052803D0042831
:1022500001D008203EBD694602A80BF01AFB2A46B1
:1022600069469DF80800FFF744FA00203EBDFEB520
:102270000D4604004FF0000711D00822FFF74DF97A
:10228000002811D1002608E054F826006946FFF71F
:10229000D4F9002808D1761CF6B2AE42F4D30CF083
:1022A00037FB10B143F20320FEBDA44E3776FCB1DC
:1022B00000271AE054F8270002A9FFF7BEF900B181
:1022C000FFDF9DF808008DF8000054F8270050F853
:1022D000011FCDF801108088ADF8050068460CF0AC
:1022E0003CFB00B1FFDF7F1CFFB2AF42E2D335768B
:1022F0000020FEBD2DE9F0478AB01546894604004E
:102300001DD00F4608222946FFF707F9002810D1F3
:10231000002612E054F826006946103000F08EFBCB
:10232000002806D13FB157F82600FEF784FF10B110
:1023300010200AB0DCE4761CF6B2AE42EAD30026E6
:10234000A5F101081CE000BF06F1010A0AF0FF0731
:1023500012E000BF54F82600017C4A0854F8271008
:102360000B7CB2EB530F05D10622113011310AF06C
:10237000B3FF58B17F1CFFB2AF42EBD30AF0FF06A8
:102380004645E1DB4E4624B1012003E043F205203F
:10239000CFE700200CF000FB10B90CF009FB10B1E6
:1023A00043F20420C5E75CB300270DF1170825E0D0
:1023B00054F827006946103000F040FB00B1FFDF01
:1023C00054F82700102250F8111FCDF80110808812
:1023D000ADF8050054F827100DF107000AF0A9FF29
:1023E00096B156F82710102240460AF0A2FF684620
:1023F0000CF098FA00B1FFDF7F1CFFB2AF42D7D3D9
:10240000FFF7B7F9002094E7404601F01EFCEEE725
:1024100030B585B00446FEF70EFF18B96068FEF7C8
:1024200057FF10B1102005B030BD60884AF2B811D6
:10243000884206D82078414D28B1012806D00228CC
:1024400004D00720EFE7FEF7D7FF18E060780228F6
:1024500004D0032802D043F20220E4E785F82300E9
:10246000C1B200200090ADF8040002292CD003294D
:1024700027D0FFDF68460CF00CFB05F045FC002878
:10248000D1D1606801F0D4FB207858B101208DF8DB
:1024900000000DF1010001F0D8FB68460CF075FE5C
:1024A00000B1FFDF207885F82200FFF762F960882D
:1024B00060B1288480B20CF067FA00B1FFDF002021
:1024C000B1E78DF80500D5E74020FAE74FF46170D9
:1024D000EFE710B50446FEF7D4FE20B9606838B1C6
:1024E000FEF7EDFE08B1102010BD606801F0ADFBF5
:1024F000124830F8201F6180C178617080782070A8
:10250000002010BD2DE9F843144689460646FEF723
:10251000B8FEB8B94846FEF7DBFE98B92046FEF78C
:10252000D7FE78B9054DA878012800D154B131788B
:10253000FF2909D061B143F2040001E0A0010020AD
:10254000BDE8F8831020F8E7012801D00420F4E763
:10255000CCB3052811D004280FD06946204600F0DE
:10256000A4FA0028E9D1217D49B1012909D0022925
:1025700009D0032909D00720DFE70820DDE702465C
:1025800004E0012202E0022200E00322804623460A
:10259000174600200099FFF705F90028CDD1A08942
:1025A0002880A07BE875BDF80000A882AF75BDF853
:1025B0000010090701D5A18931B1A1892980C0077F
:1025C00004D0032003E006E08021F7E70220FEF7B5
:1025D000FBFE86F800804946BDE8F8430020FFF77F
:1025E0007CB92DE9FC41FF4C06460D46A078022837
:1025F00003D0032801D00820E9E516B143F2040016
:10260000E5E506200DF00EFD10B9A078032849D0AD
:102610000FF07CFC074610F0DBFE381A00F0FF08D4
:1026200006200DF0F7FC074606200DF0FBFC391ADA
:10263000A078042809D000221144A8EB010111F070
:10264000FF0F04D0032804D00DE00122F4E713208B
:10265000BDE5284605F0D1FA10B3407810B32846FE
:1026600005F0D6FDE570FFF70BF80BF054F80120EC
:102670008DF800008DF801008DF802602088ADF81B
:102680000400E07D8DF8060068460CF050FC05F073
:102690003BFB0028B0D1A078032805D0042010E02F
:1026A000052094E5122092E5E07805F0A6FA0400F2
:1026B00000D1FFDF607800B9FFDF6078401E6070F6
:1026C0000520FEF781FE002081E51CB510B143F224
:1026D00004001CBDC34CA078042803D0052801D0F9
:1026E00008201CBD00208DF8000001218DF801108C
:1026F0008DF8020068460CF01AFC05F005FB002876
:10270000EFD1A078052805D05FF00200FEF75CFE4F
:1027100000201CBDE07800F078F90320F6E72DE9F1
:10272000FC4180460D4603260846FEF7D1FD08B160
:1027300010204CE54046FFF701F8040004D0207853
:10274000222804D2082042E543F202003FE5A07FA0
:1027500000F003073DB1012F0AD000202946FEF703
:10276000AEFE0600E5D1012F04D0FFDF30462EE596
:102770000120F3E7A07D2946022801D011B107E02E
:10278000112024E5684600F0E7FA0028D1D1694617
:10279000404607F0CEFB0600E8D10120A075E5E732
:1027A00070B50C460546FEF7C9FF010005D022466C
:1027B0002846BDE87040FEF7C4BF43F2020070BD7A
:1027C00010B5012807D1874B9B78012B00D011B1A0
:1027D00043F2040010BD0CF009F9BDE8104005F00B
:1027E00093BA012300F01BB900231A46194600F0E2
:1027F00016B970B5064615460C460846FEF741FD6B
:1028000018B92846FEF73DFD08B1102070BD2A46D4
:10281000214630460CF017FC05F076FA0028F5D179
:1028200021787F29F2D1052070BD7CB505460C4684
:102830000846FEF700FD08B110207CBD2846FEF7D3
:102840007DFF20B10078222804D208207CBD43F20D
:1028500002007CBD634890F82400400701D5112098
:102860007CBD2178C80802D16078C20801D0072059
:102870007CBD890801D1800801D006207CBDADF85F
:10288000005020788DF8020060788DF80300022057
:10289000ADF8040068460BF00FFF05F035FA7CBD7B
:1028A00070B586B014460D460646FEF747FF28B1C0
:1028B0000078222805D2082006B070BD43F202003D
:1028C000FAE72846FEF704FD20B944B12046FEF79A
:1028D000F6FC08B11020EFE700202060A0804148FE
:1028E00090F82400800701D51120E5E703A93046C0
:1028F0000BF01FFF18B100BF05F006FADCE7ADF8DA
:102900000060BDF81400ADF80200BDF81600ADF887
:102910000400BDF81000BDF81210ADF80600ADF8C7
:1029200008107DB1298809B1ADF80610698809B190
:10293000ADF80210A98809B1ADF80810E98809B10D
:10294000ADF80410DCB1BDF80610814201D9081AB7
:102950002080BDF80210BDF81400814201D9081A88
:102960006080BDF80800BDF80410BDF816200144D1
:10297000BDF812001044814201D9081AA0806846AF
:102980000BF074FFB8E770B505460C460846FEF735
:1029900078FC08B1102070BD214628460CF04AF999
:1029A000BDE8704005F0B0B93EB505460C46084696
:1029B000FEF767FC08B110203EBD0020009001909A
:1029C0000290ADF800502089ADF8080020788DF80D
:1029D0000200606801902089ADF808006089ADF8B8
:1029E0000A0001E0A001002068460CF031F905F072
:1029F0008BF93EBD0EB5ADF8000000200190684691
:102A00000CF026F905F080F90EBD10B505F0F5F8CB
:102A1000040000D1FFDF6078401C607010BD1CB561
:102A2000ADF800008DF802308DF803108DF8042009
:102A300068460CF0D7FA05F067F91CBD0278520819
:102A400004D0012A02D043F202207047FEF7F5BD00
:102A500070B50C0006460DD0FEF770FE050000D1E3
:102A6000FFDFA68028892081288960816889A0816C
:102A7000A889E08170BD10B500231A4603E0845C8C
:102A80002343521CD2B28A42F9D30BB1002010BDAD
:102A9000012010BD00B530B1012803D0022801D0BB
:102AA000FFDF002000BDFF2000BD00220A8092B29F
:102AB00022F060020A800078062817D2DFE800F0D2
:102AC000160306090C1142F0110007E042F01D0048
:102AD00009E042F0150006E042F0100040F002006C
:102AE00001E042F010000880002070470720704786
:102AF000FD48002101604160018170472DE9FF4FD1
:102B000093B09B46209F160004460DD01046FEF75A
:102B100092FB18B1102017B0BDE8F08F31460120AC
:102B2000FEF7CDFC0028F6D101258DF842504FF478
:102B3000C050ADF84000002210A9284603F016FE50
:102B40000028E8D18DF84250A8464FF428500025BF
:102B5000ADF840001C222946684607950AF013FC90
:102B60009DF81C000DF11C0A20F00F00401C20F005
:102B7000F00010308DF81C0020788DF81D00617871
:102B80009DF81E000DF1400961F3420040F0010084
:102B90008DF81E009DF8000008AA40F002008DF894
:102BA00000002089ADF83000ADF832506089ADF8F2
:102BB0003400CDF82CA060680E900AA9CDF82890BA
:102BC000684603F0C8FB0028A5D16068FEF777FBD4
:102BD00040B16068FEF77CFB20B9607800F003002C
:102BE000022801D0012000E00020BF4C08AA0AA959
:102BF0002072BDF8200020808DF8428042F601202E
:102C0000ADF840009DF81E0020F00600801C20F06A
:102C100001008DF81E000220ADF83000ADF8340040
:102C200014A80E90684603F096FB002889D1BDF8E1
:102C30002000608036B1211D304600F059F900288F
:102C4000C2D109E0BBF1000F05D00AF017F9E8BBCB
:102C50000AF014F9D0BBA58017B1012F43D04AE088
:102C60008DF8428042F6A620ADF8400046461C2270
:102C70000021684607950AF086FB9DF81C00ADF818
:102C8000346020F00F00401C20F0F00010308DF870
:102C90001C009DF81D0020F0FF008DF81D009DF820
:102CA0001E0020F0060040F00100801C8DF81E0080
:102CB0009DF800008DF8446040F002008DF800009F
:102CC000CDE90A9AADF8306011A800E011E00E904D
:102CD00008AA0AA9684603F03EFB0028A6D1BDF861
:102CE0002000E08008E00AF0C9F810B90AF0C6F840
:102CF00008B103200FE7E58000200CE73EB504464D
:102D0000794D0820ADF80000A88828B12046FEF7CC
:102D100092FA18B110203EBD06203EBD214601208A
:102D2000FEF7CDFB0028F8D12088ADF804006088BC
:102D3000ADF80600A088ADF80800E088ADF80A00FC
:102D4000A88801AB6A46002103F00CFFBDF8001013
:102D50000829E2D003203EBD7FB5634D0446A88814
:102D600068B1002002900820ADF80800CDF80CD022
:102D70002046FEF760FA20B1102004B070BD062096
:102D8000FBE7A98802AA4FF6FF7004F02DF900288E
:102D9000F3D1BDF80810082901D00320EDE7BDF8F4
:102DA00000102180BDF802106180BDF80410A180E0
:102DB000BDF80610E180E0E701B582B00220ADF871
:102DC0000000494802AB6A464088002103F0CAFE71
:102DD000BDF80010022900D003200EBD1CB5002153
:102DE00000910221ADF800100190FEF74AFA08B1F7
:102DF00010201CBD3C486A4641884FF6FF7004F025
:102E0000F3F8BDF800100229F3D003201CBDFEB575
:102E1000354C06461546207A0F46C00705D00846B1
:102E2000FEF709FA18B11020FEBD0F20FEBDF82DE7
:102E300001D90C20FEBD3046FEF7FDF918BB2088F5
:102E400001A902F08AFF0028F4D130788DF805003E
:102E5000208801A903F064FE0028EBD100909DF8C2
:102E600000009DF8051040F002008DF800000907F1
:102E700003D040F008008DF800002088694603F078
:102E8000ECFD0028D6D1ADF8085020883B4602AAB8
:102E9000002103F067FEBDF80810A942CAD0032044
:102EA000FEBD7CB505460020009001900888ADF875
:102EB00000000C4628460195FEF701FA18B9204695
:102EC000FEF7DFF908B110207CBD15B1BDF8000098
:102ED00060B105486A4601884FF6FF7004F084F837
:102EE000BDF8001021807CBDC80100200C20FAE74D
:102EF00030B5044693B000200D46014600901422E0
:102F000001A80AF040FA1C22002108A80AF03BFAA6
:102F10009DF80000CDF808D020F00F00401C20F0F4
:102F2000F00010308DF800009DF8010006AA20F096
:102F3000FF008DF801009DF8200001A940F002007B
:102F40008DF8200001208DF8460042F60420ADF8EF
:102F5000440011A801902088ADF83C006088ADF8CD
:102F60003E00A088ADF84000E088ADF842009DF832
:102F7000020020F00600801C20F001008DF8020005
:102F80000820ADF80C00ADF810000FA8059008A8B7
:102F900003F0E1F9002803D1BDF8180028800020D3
:102FA00013B030BD0A4810B5046809490948083112
:102FB00008600FF0BEFE0648001D046010BD064903
:102FC000002008604FF0E0210220C1F88002704725
:102FD0001005024001000001FC1F00400548064AA0
:102FE0000168914201D1002101600449012008607B
:102FF0007047000058000020BEBAFECA40E50140FC
:103000002CFFFFFFDBE5B15100C00100CC00FFFF4A
:1030100071000000C1CF6A00FEA0D9111C1006C3C8
:1030200089CCFC7A7B3B49141906A8C010B504462C
:10303000FEF701F908B1102010BD2078C0F302108E
:10304000042807D86078072804D3A178102901D86C
:10305000814201D2072010BDE078410706D42179D2
:103060004A0703D4000701D4080701D5062010BD84
:10307000002010BD70B514460D46064605F026F832
:1030800080B10178182221F00F01891C21F0F00194
:10309000A03100F8081B21460AF04BF9BDE870404A
:1030A00005F018B829463046BDE870401322FEF7F7
:1030B00048BB2DE9F047064608A8904690E8300442
:1030C00089461F461422002128460AF05CF9002197
:1030D000CAF80010B8F1000F03D0B9F1000F03D106
:1030E00014E03878C00711D02068FEF7CAF8C0BBDA
:1030F000B8F1000F07D12068123028602068143022
:1031000068602068A8602168CAF8001038788007D5
:1031100024D56068FEF7D3F818BBB9F1000F21D0B1
:10312000FFF70FF80168C6F868118188A6F86C11DE
:10313000807986F86E0101F034FAF84FEF6062682A
:1031400062B196F8680106F2691140081032FEF784
:10315000D0FA1022394660680AF0EBF80020BDE88A
:10316000F08706E0606820B1E8606068C6F8640136
:10317000F4E71020F3E730B5054608780C4620F058
:103180000F00401C20F0F001103121700020607011
:1031900095F8230030B104280FD0052811D0062857
:1031A00014D0FFDF20780121B1EB101F04D295F875
:1031B000200000F01F00607030BD21F0F0002030D2
:1031C00002E021F0F00030302070EBE721F0F00059
:1031D0004030F9E7F0B591B0022715460C46064697
:1031E0003A46ADF80870092103AB05F070FD049074
:1031F000002810D004208DF804008DF80170E03410
:10320000099605948DF818500AA968460EF051FCED
:1032100000B1FFDF012011B0F0BD2DE9F84F0646E7
:10322000808A0C4680B28246FEF788FA0546BB4F7C
:103230003078203F4FF002094FF000080F287CD271
:10324000DFE800F07BA39D082C5B6A7CBADAFD976F
:1032500048979700012150460CF030FF040000D140
:10326000FFDF97F85C00C00701D0386E0BE0032148
:1032700004F11D0010F06BFAD4F81D00A849B0FB52
:10328000F1F201FB1200C4F81D0070686067B068BD
:10329000A0672878252872D0FFDF70E00121504612
:1032A0000CF00CFF060000D1FFDF3078810702D55B
:1032B0002978252904D040F001003070BDE8F88F4E
:1032C00084F80090307F207106F11D002D36C4E98E
:1032D0000206F3E7012150460CF0F0FE050000D194
:1032E000FFDF2878C10604D5072020703D356560D2
:1032F000E4E740F008002870E0E7E87F000700D529
:10330000FFDF307CB28800F0010301B05046BDE819
:10331000F04F092106F06FBD05B9FFDF716821B1DB
:10332000102205F124000AF004F828212846FEF7AF
:1033300074F8307A85F82000C0E7F7E001215046A4
:103340000CF0BCFE050000D1FFDF022105F1850075
:1033500010F0FDF90420207005F5B4706060B5F838
:10336000850020826D4810387C356561C4E90270A3
:10337000A4E7012150460CF0A1FE00B9FFDF324660
:1033800029465046BDE8F84F74E605B9FFDF2878B6
:10339000212893D93079012803D1E87F40F0080033
:1033A000E877324629465046FFF764FE2846BDE8D6
:1033B000F84F2321FEF731B83279A28004F10803D7
:1033C0000921504605F083FCE06010B10520207013
:1033D00074E74546012150460CF070FE040000D110
:1033E000FFDF04F1620102231022081F0CF0FFFC32
:1033F00005703179417061E7012150460CF05EFEA5
:10340000040000D1FFDF94F8840000F003000128DD
:1034100059D1E87F10F0010003D194F8A010C9073A
:103420002AD0D4F8602132B394F88330117C63F34E
:1034300087011174AA7FD30963F3410100E071E0B1
:10344000D4F860211174D4F8602160F30001117484
:1034500090B1D4F86001102205F12401883409F0FC
:1034600068FF207E40F001002076207820F00100E7
:1034700004F8880919E0C0B994F88810C90714D075
:10348000D4F85C218AB194F88330117C63F387010E
:103490001174AA7FD309D4F85C2163F3410111743C
:1034A000D4F85C2160F30001117494F8880080075F
:1034B00009D594F87C00D4F86421400804F17D011A
:1034C0001032FEF716F98DF8009094F884006A46E1
:1034D00000F003008DF8010094F888108DF80210B8
:1034E00094F8A0008DF803002946504601F042F8F8
:1034F0002878252805D0212807D0FFDF2878222822
:1035000003D922212846FDF788FF012150460CF0FF
:10351000E7FD00283FF4DDAEFFDFCFE6F401002039
:1035200040420F00716881F80180C7E6FFDFC5E601
:1035300070B5FE4C002584F85C5025660EF085FAC7
:1035400004F11001204604F07DFD84F8305070BD78
:1035500070B50D46FEF7F2F8040000D1FFDF4FF41E
:10356000B8720021284609F00EFF2434012105F12C
:10357000E0002C610EF06AFA002800D0FFDF70BD79
:103580000A46014602F1E0000EF081BA70B5054628
:10359000406886B00178082906D00B2933D00C2961
:1035A0002FD0FFDF06B070BD46883046FEF7C6F864
:1035B000040000D1FFDF20782128F3D028281BD178
:1035C000686802210C3000F0A0FFA8B168680821EB
:1035D000001D00F09AFF78B104F1240130460BF091
:1035E000A8FC04F091FB00B1FFDF06B02046BDE867
:1035F00070402921FDF711BF06B0BDE8704004F00E
:1036000069BD01218171686886883046FEF796F8A9
:10361000040000D1FFDF20782128C3D068688179B9
:1036200009B1807808B1FFDFBCE704F053FDA07F4B
:10363000000622D5E07FC00705D094F8200000F0F6
:103640001F00102817D0052084F82300207829288F
:1036500015D02428A6D13146042010F05FFB22218A
:103660002046FDF7DAFE012130460CF039FD002836
:1036700098D0FFDF96E70620E6E70420E4E7012183
:1036800030460CF01BFD050000D1FFDF2521204650
:10369000FDF7C3FE03208DF80000694605F1E00048
:1036A0000EF0ECF90228BFD00028BDD0FFDF79E78B
:1036B0002DE9F04788B09A46164688468146FEF7BF
:1036C0003DF805003AD02878222837D3232835D072
:1036D000E87F000732D40027012148460CF0EEFCB9
:1036E000040005D10121002248460CF0DEFC04460E
:1036F000694600F066FF009800B9FFDF00983CB112
:10370000E03404612878222804D0242802D005E07F
:10371000076103E025212846FDF77FFE009801217F
:103720004170C0F824908680C0E9028A01A90EF099
:10373000C0F9022802D0002800D0FFDF08B00EE553
:1037400070B586B00546FDF7F9FF0078222814D938
:10375000012128460CF0B2FC04002CD1FFDF2AE046
:10376000B4F85E0004F1620630440178427829B171
:1037700021462846FFF72EFDB0B913E7ADF8042027
:103780000921284602AB05F0A2FA03900028F4D0E4
:1037900005208DF80000694604F1E0000EF06EF996
:1037A000022801D000B1FFDF02231022314604F1CC
:1037B0005E000CF052FBB4F860000028D0D1F1E6B6
:1037C00010B586B00446FDF7B9FF0078222811D95C
:1037D000012120460CF072FC040000D1FFDF06201E
:1037E0008DF80000694604F1E0000EF047F900286A
:1037F00000D0FFDF06B010BD2DE9F84F0546007878
:103800000C460027010904F1080090463E46BA46DE
:10381000009002297ED0072902D00A2909D142E06E
:1038200068680178082905D00B292CD00C292AD0EA
:10383000FFDF72E114271C26002C6CD04088A0808A
:10384000FDF77CFF5FEA000900D1FFDF99F8170060
:1038500009F118014008009AFDF74BFF686880895C
:10386000208268684168C4F812108068C4F81600A5
:10387000A07E20F0060040F00100A07699F81E001E
:1038800040F020014FE01A270A26002CD5D080886E
:10389000A080FDF753FF050000D1FFDF2846009907
:1038A000FFF769FC39E10CB1A88BA080287A4FF0B2
:1038B000010B0B287ED006DC01287CD0022808D022
:1038C000032804D137E00D2876D00E2875D0FFDF0D
:1038D00023E11E270926002CAFD0A088FDF72EFF7C
:1038E0005FEA000900D1FFDF287B00F00300012818
:1038F000207A1DD020F001002072297B890861F315
:1039000041002072297BC90861F382002072297B63
:10391000090901E0F7E0AEE061F3C300207299F815
:103920001E0040F0400189F81E10F6E0D40100208E
:1039300040F00100E0E713270D26002CA6D0A08858
:10394000FDF7FCFE81460121A0880CF0B7FB0500C5
:1039500000D1FFDF686F817801F003010129217A2E
:1039600050D021F00101217283789B0863F341015B
:1039700021728378DB0863F38201217283781B094B
:1039800063F3C3012172037863F306112172437854
:1039900063F3C711217284F809A0C178A17202797A
:1039A000E17A62F30001E1720279520862F34101A7
:1039B000E17203E029E067E04EE05FE002799208FF
:1039C00062F38201E1720279D20862F3C301E1720B
:1039D0004279217B62F3000121734279520862F33C
:1039E000410121734279920862F382012173407987
:1039F000C00860F3C301217399F8000023282AD975
:103A0000262139E041F00101ADE71827102694B3D3
:103A1000A088FDF793FE00900121A0880CF04EFBDA
:103A20005FEA000900D1FFDFE868A06099F80000B4
:103A300040F0040189F8001099F80100800708D5CA
:103A400084F80CB000980078232866D927210098C4
:103A500052E084F80CA060E015270F265CB1A08826
:103A6000FDF76CFE81460622E868009909F0E9FC42
:103A700084F80EB085E042E048463DE0162709266E
:103A8000ECB3287B207248E0287B19270E26B4B3BC
:103A9000C4F808A0A4F80CA0012807D0022808D078
:103AA00003280CD004280AD0FFDF15E084F808B002
:103AB00001E002202072607A20F003000BE0697BB5
:103AC000042801F00F0141F080012172F3D1607AE6
:103AD00020F00300401C6072A088FDF72FFE054611
:103AE0000078212819D0232800D0FFDF0121A088E9
:103AF0000CF0F6FA22212846FDF78FFC0DE0FFE7D7
:103B0000A8F800600EE00CB16888A080287A10B395
:103B1000012809D002283AD0FFDFA8F800600CB1D4
:103B200027806680002007E415270F26002CE7D0A9
:103B3000A088FDF703FE0121A0880CF0BFFA050064
:103B400000D1FFDFD5F81D000622009909F079FCAD
:103B500084F80EA0E1E717270926002CD0D0A08812
:103B6000FDF7ECFD81460121A0880CF0A7FA0500C5
:103B700000D1FFDF6878800701D5022000E0012036
:103B8000207299F800002328C7D9272174E7192744
:103B90000E26002CB4D0A088FDF7D0FD5FEA000906
:103BA00000D1FFDFC4F808A0A4F80CA084F808A096
:103BB000A07A40F00300A07299F81E10C90961F3C1
:103BC0008200A07299F81F2099F81E1012EAD11FE6
:103BD00005D099F8201001F01F01102925D020F000
:103BE0000800A07299F81F10607A61F3C300607238
:103BF000697A01F0030101298FD140F0040060725D
:103C0000E87A217B60F300012173AA7A607B62F37A
:103C100000006073EA7A520862F341012173A97AC5
:103C2000490861F34100607377E740F00800D8E786
:103C300010B5F84C30B10146102204F1200009F013
:103C400078FB012084F8300010BD10B5044600F068
:103C5000A8FCF04920461022BDE81040203109F0B0
:103C600068BB70B5EB4D06004FF0000412D0FDF7B5
:103C7000E2FA08B110240BE00621304609F0C8FB37
:103C8000411C04D02866012085F85C0000E0072470
:103C9000204670BD0020F7E7007810F00F0204D036
:103CA000012A05D0022A0CD110E0000909D10AE04E
:103CB0000009012807D0022805D0032803D00428D2
:103CC00001D0072070470870002070470620704719
:103CD00005282AD2DFE800F003070F171F00087835
:103CE00020F0FF001EE0087820F00F00401C20F0BC
:103CF000F000103016E0087820F00F00401C20F093
:103D0000F00020300EE0087820F00F00401C20F07A
:103D1000F000303006E0087820F00F00401C20F062
:103D2000F0004030087000207047072070472DE9F0
:103D3000F043804687B00D464FF000090846FDF776
:103D4000C7FAA8B94046FDF7F9FC060003D0307861
:103D500022280BD104E043F2020007B0BDE8F08353
:103D600035B1B07FC10601D4000703D50820F4E7C0
:103D70001020F2E7F07F000701D50D20EDE70027C6
:103D8000012140460CF09AF9040006D101210022DD
:103D900040460CF08AF9040005D0694600F011FC99
:103DA000009818B901E00420D7E7FFDF009802214E
:103DB000E0344170C0F82480446107810121017121
:103DC000297801F00102017E62F3010101762A786F
:103DD000520862F3820101762A78920862F3C301E5
:103DE00001762A78D20862F3041101762421304644
:103DF000FDF713FB01A900980DF05BFE022801D02E
:103E000000B1FFDF4846A8E72DE9FF4F0E46824983
:103E1000904697B09A4607C914AB4FF0000983E863
:103E200007001798FDF78AFC050006D02878262899
:103E300006D008201BB0BDE8F08F43F20200F9E77E
:103E400026B94046FFF7F2F80028F3D10121179870
:103E50000CF034F9040000D1FFDF852E27D007DCF9
:103E6000EEB1812E1DD0822E1DD0832E08D11CE0F4
:103E7000862E1ED0882E1ED0892E1ED08A2E1ED0B1
:103E80000F2020710F281CD004F020F9D8B1012098
:103E90008DF83400201D0E902079B0B126E100206D
:103EA000EFE70120EDE70220EBE70320E9E705203B
:103EB000E7E70620E5E70820E3E70920E1E70A2035
:103EC000DFE70720B6E71120B4E798F80000D4E94F
:103ED0001D764208A87F002162F3C710A87798F8E2
:103EE00000008208E87F62F30000E87798F800009D
:103EF000C209607862F34100607098F8000002091E
:103F0000207862F34710207098F80000C2086078AB
:103F100062F30000607098F80100607198F800008A
:103F200000F00102B07862F30100B070AA7FD209FC
:103F300062F38200B070EA7F62F3C300B07062780F
:103F400062F30410B0702278C0F3C00052093270DE
:103F50006278C2F34002727098F80220F2707171B8
:103F60003171B978C1F3C00108405FEA000B2ED06F
:103F70005046FDF760F978BBDAF80C00FDF75BF905
:103F800050BBDAF81C00FDF756F928BBDAF80C0034
:103F9000A060DAF81C00E06060787A7842EA5001AC
:103FA00061F341006070B978C0B200EA111161F3A9
:103FB000000060700020207705F117006061681C28
:103FC000A061B07800F00300012806D046E06078D8
:103FD0007A7802EA5001E3E719E0B87800F00300CC
:103FE00001283BD1321D711D404600F099FA31790C
:103FF000387901408DF8281070797A7910408DF861
:10400000300001432AD05046FDF715F930B1102099
:1040100010E70000D4010020E8B001000AF1100010
:1040200004F5AE7304F18C028DE80D0000210AAB9B
:104030005A462046FFF73DF80028E9D104F5B07252
:1040400004F1A403CDF800A0CDE9013201210CABAD
:104050005A462046FFF72DF80028D9D1607880070E
:1040600022D4B078B978C0F38000C1F3800108434E
:104070001AD0307814AA397832F810204B00DA4080
:1040800002F00309B9F1030F01D14FF00209BBF1AE
:10409000000F09D0012801D0042805D1012901D041
:1040A000042901D14FF00409A87F40F08000A877CF
:1040B000E97F6BF30001E9776078800706D503207C
:1040C000A071BBF1000F11D100202CE00220B9F14A
:1040D000020F1AD0B9F1010F19D0B9F1040F2AD08B
:1040E0000020A071A87F20F08000A8772521284615
:1040F000FDF793F90DA904F1E0000DF0BFFC10B13C
:10410000022800D0FFDF002094E6A071DCE7A07158
:104110000D22002104F1200009F035F9207840F04B
:104120000200207001208DF84C0013AA2946179830
:1041300000F020FADAE70120A071D7E72DE9F0437B
:1041400087B09046894604460025FDF7F7FA070038
:1041500004D03878272804D00820FEE543F2020076
:10416000FBE5012120460BF0A9FF040000D1FFDF91
:10417000A6795FEA090005D0012821D0B9F1020F24
:1041800026D110E0B8F1000F22D1012E05D0022E69
:1041900005D0032E05D0FFDF2EE00C252CE00125F5
:1041A0002AE0022528E04046FDF745F8B0B9032E85
:1041B0000ED11022414604F11D0009F0BAF81BE0AF
:1041C000012E02D0022E03D104E0B8F1000F13D06B
:1041D0000720C2E54046FDF72EF808B11020BCE5E7
:1041E0001022002104F11D0009F0CDF806214046FF
:1041F00009F00EF9C4F81D002078252140F00200D6
:1042000020703846FDF709F92078C10713D020F057
:104210000100207002208DF8000004F11D000290C2
:104220008DF804506946C3300DF028FC022803D0F5
:1042300010B1FFDF00E0257700208EE530B587B0B4
:104240000D460446FDF77AFA60B1012120460BF0D5
:1042500035FF04000CD02846FCF7EDFF28B11020F4
:1042600007B030BD43F20200FAE72078400701D4DE
:104270000820F5E7294604F13D002022054609F013
:1042800058F8207840F01000207001070FD520F07A
:104290000800207007208DF80000694604F1E00056
:1042A00001950DF0EBFB022801D000B1FFDF0020EB
:1042B000D6E770B50D460646FDF740FA18B100780E
:1042C000272817D102E043F2020070BD01213046D9
:1042D0000BF0F4FE040000D1FFDFA079022809D121
:1042E0006078C00706D02A4621463046FEF772FFA6
:1042F00010B10FE0082070BDB4F860000E280BD29A
:1043000004F1620102231022081F0BF070FD01214D
:1043100001704570002070BD112070BD70B506465B
:1043200014460D460846FCF786FF18B92046FCF7F0
:10433000A8FF08B1102070BDA6F57F40FF380ED051
:104340003046FDF7FBF938B1417822464B08811C15
:104350001846FDF7CEF907E043F2020070BD204693
:10436000FDF753FF0028F9D11021E01D0FF0EFF900
:10437000E21D294604F1170000F033F9002070BD5A
:104380002DE9F04104468AB015460E46002708463E
:10439000FCF79EFF18B92846FCF79AFF18B11020C9
:1043A0000AB0BDE8F0812046FDF7C8F95FEA0008D1
:1043B00004D098F80000272810D102E043F2020050
:1043C000EEE7012120460BF079FE040000D1FFDF6B
:1043D0002078400702D56078800701D40820DFE705
:1043E000D4E91D01497801B18DB1407800B176B1B1
:1043F000ADB1EA1D06A8E16800F0F3F8102206A9A5
:1044000005F1170008F068FF18B1042707E007203E
:10441000C6E71022E91D04F12D0008F08AFF2EB135
:104420001022F11D04F11D0008F083FF20782521E2
:1044300040F0020020704046FCF7EFFF2078C107F3
:1044400015D020F00100207002208DF8000004F14A
:104450001D000290103003908DF804706946B3304F
:104460000DF00CFB022803D010B1FFDF00E027772E
:10447000002095E770B50D4606460BB1072070BDCC
:10448000FDF75CF9040007D02078222802D3A07F32
:10449000800604D4082070BD43F2020070BDADB1A7
:1044A000294630460AF045FD03F02EFC297C4A08D7
:1044B000A17F62F3C711A177297CE27F61F300023B
:1044C000E277297C890884F8201004E030460AF05D
:1044D00053FD03F019FCA17F21F02001A17770BDED
:1044E00070B50D46FDF72AF9040005D02846FCF703
:1044F000C8FE20B1102070BD43F2020070BD2946F5
:104500002046FEF738FE002070BD04E010F8012BB5
:104510000AB100207047491E89B2F7D201207047C6
:1045200010B5C4780B7864F300030B70C47864088A
:1045300064F341030B70C478A40864F382030B7026
:10454000C478E40864F3C3030B700379117863F350
:104550000001117003795B0863F341011170037965
:104560009B0863F3820111700079C00860F3C301F6
:10457000117010BD70B51546064603F0A7FD040086
:1045800000D1FFDF207820F00F00801C20F0F00029
:104590002030207066802868A060BDE8704003F07D
:1045A00099BD10B5134C94F83000002808D104F1DF
:1045B0002001A1F110000DF0A3FA012084F83000D1
:1045C00010BD10B190F8B9202AB10A4890F8350012
:1045D00018B1002003E0B83001E00648343008602C
:1045E000704708B50023009313460A460BF065FF99
:1045F00008BD0000D4010020F0B5007B059F1E46D9
:1046000014460D46012800D0FFDF0C2030803A20F0
:104610003880002C08D0287A032806D0287B01286F
:1046200000D0FFDF17206081F0BDA889FBE72DE9EE
:10463000F04786B0144691F80C900E9A0D46B9F1E9
:10464000010F0BD01021007B2E8A8846052807D049
:10465000062833D0FFDF06B0BDE8F0870221F2E77D
:10466000E8890C2100EB400001EB4000188033206A
:104670001080002CEFD0E889608100271AE00096B6
:10468000688808F1020301AA696900F086FF06EB59
:104690000800801C07EB470186B204EB4102BDF81D
:1046A000040090810DF1060140460E320DF09EFA95
:1046B0007F1CBFB26089B842E1D8CCE734201080BB
:1046C000E889B9F1010F11D0122148430E3018804A
:1046D000002CC0D0E88960814846B9F1010F00D0B4
:1046E0000220207300270DF1040A1FE00621ECE7E9
:1046F0000096688808F1020301AA696900F04DFF7D
:1047000006EB0800801C86B2B9F1010F12D007EB4E
:10471000C70004EB4000BDF80410C18110220AF16B
:104720000201103008F005FE7F1CBFB26089B8425C
:10473000DED890E707EB470104EB4102BDF8040027
:10474000D0810AF10201404610320DF04FFAEBE73A
:104750002DE9F0470E4688B090F80CC096F80C8012
:10476000378AF5890C20109902F10C044FF0000AE9
:10477000BCF1030F08D0BCF1040F3FD0BCF1070F10
:104780007ED0FFDF08B067E705EB850C00EB4C003F
:10479000188031200880002AF4D0A8F1060000F02B
:1047A000FF09558126E01622002101A808F0EBFD43
:1047B00000977088434601AA716900F0EEFEBDF8CB
:1047C00004002080BDF80600E080BDF808002081CC
:1047D000A21C0DF10A0148460DF008FAB9F1000FCC
:1047E00000D018B184F804A0A4F802A007EB0800D8
:1047F00087B20A346D1EADB2D5D2C3E705EB850C86
:1048000000EB4C00188032200880002ABAD0A8F1B2
:10481000050000F0FF09558137E000977088434696
:1048200001AA716900F0B9FE9DF80600BDF80410F8
:10483000E1802179420860F3000162F341018208BE
:1048400062F38201C20862F3C301020962F3041138
:10485000420962F34511820962F386112171C00990
:104860006071BDF80700208122460DF1090148461C
:104870000DF0BCF918B184F802A0A4F800A000E083
:1048800007E007EB080087B20A346D1EADB2C4D250
:1048900078E7A8F1020084B205FB08F000F10E0CE5
:1048A000A3F800C035230B80002AA6D0558194813F
:1048B000009783B270880E32716900F06EFE61E776
:1048C0002DE9F84F1E460A9D0C4681462AB1607AB2
:1048D00000F58070D080E089108199F80C000C27D9
:1048E0004FF000084FF00E0A0D2872D2DFE800F0FA
:1048F0009D070E1B272F374554697272720021469F
:1049000048460095FFF778FEBDE8F88F207B91467A
:10491000082802D0032800D0FFDF3780302009E0CC
:10492000A9F80A80F0E7207B9146042800D0FFDF39
:10493000378031202880B9F1000FF1D1E4E7207BE6
:104940009146042800D0FFDF37803220F2E7207B39
:104950009146022800D0FFDF37803320EAE7207B32
:104960001746022800D0FFDF3420A6F800A02880D8
:10497000002FC9D0A7F80A80C6E7207B1746042875
:1049800000D0FFDF3520A6F800A02880002FBBD084
:104990004046A7F80A8012E0207B1746052802D07F
:1049A000062800D0FFDF1020308036202880002F1E
:1049B000AAD0E0897881A7F80E80B9F80E00B881F6
:1049C000A2E7207B9146072800D0FFDF3780372001
:1049D000B0E72AE04FF0120018804FF038001700BF
:1049E000288091D0E0897881A7F80E80A7F8108000
:1049F00099F80C000A2805D00B2809D00C280DD0F6
:104A0000FFDF81E7207B0A2800D0FFDF01200AE0DA
:104A1000207B0B2800D0FFDF042004E0207B0C2843
:104A200000D0FFDF052038736EE7FFDF6CE770B55D
:104A30000C460546FCF782FE20B10078222804D2FD
:104A4000082070BD43F2020070BD052128460BF01E
:104A500035FB206008B1002070BD032070BD30B46C
:104A60004880087820F00F00C01C20F0F000903043
:104A700001F8080B1DCA81E81D0030BC03F02ABBF9
:104A80002DE9FF4784B00027824602970798904699
:104A90008946123006F043FB401D20F003060798BC
:104AA00028B907A95046FFF7C2FF002854D1B9F131
:104AB000000F05D00798017B19BB052504681BE092
:104AC00098F80000092803D00D2812D0FFDF46E037
:104AD000079903254868B0B3497B428871439142E6
:104AE00039D98AB2B3B2011D0BF06DF904460780C3
:104AF00002E0079C042508340CB1208810B1032D76
:104B000029D02CE007980121123006F03AFBADF8CD
:104B10000C00024602AB2946504604F0D8F80700C4
:104B200001D1A01C029007983A461230C8F8040040
:104B3000A8F802A003A94046029B06F02FFBD8B1BB
:104B40000A2817D200E006E0DFE800F00709141495
:104B5000100B0D141412132014E6002012E611207D
:104B600010E608200EE643F203000BE6072009E6F4
:104B70000D2007E6032005E6BDF80C002346CDE92D
:104B800000702A465046079900F017FD57B9032DCB
:104B900008D10798B3B2417B406871438AB2011DC6
:104BA0000BF025F9B9F1000FD7D0079981F80C90D7
:104BB000D3E72DE9FE4F91461A881C468A46804667
:104BC000FAB102AB494604F082F8050019D040461C
:104BD000A61C27880BF0B7FB3246072629463B4622
:104BE00000960AF0D6FF20882346CDE900504A46B9
:104BF0005146404600F0E1FC002020800120BDE845
:104C0000FE8F0020FBE710B586B01C46AAB1042336
:104C10008DF800301388ADF808305288ADF80A20BE
:104C20008A788DF80E200988ADF80C1000236A46AA
:104C30002146FFF725FF06B010BD1020FBE770B539
:104C40000D4605210BF03AFA040000D1FFDF29469A
:104C500004F11200BDE8704006F07CBA2DE9F8437B
:104C60000D468046002603F031FA044628781028C5
:104C700078D2DFE800F0773B3453313112313131F3
:104C80000831313131312879001FC0B2022801D0FA
:104C9000102810D114BBFFDF35E004B9FFDF052178
:104CA00040460BF00BFA007B032806D004280BD0FB
:104CB000072828D0FFDF072655E02879801FC0B2DB
:104CC000022820D050B1F6E72879401FC0B2022850
:104CD00019D0102817D0EEE704B9FFDF13E004B9AC
:104CE000FFDF287901280ED1172137E00521404642
:104CF0000BF0E4F9070000D1FFDF07F11201404695
:104D000006F005FA2CB12A4621464046FFF7A7FED9
:104D100029E013214046FDF743FD24E004B9FFDFFD
:104D2000052140460BF0CAF9060000D1FFDF6946B5
:104D300006F1120006F0F5F9060000D0FFDFA988A1
:104D4000172901D2172200E00A46BDF8000082426E
:104D500002D9014602E005E01729C5D3404600F01C
:104D60003CFCD0E7FFDF3046BDE8F883401D20F073
:104D7000030219B102FB01F0001D00E00020104405
:104D8000704713B5009848B1002468460AF0C5FF83
:104D9000002C02D1F74A009911601CBD01240020AB
:104DA000F4E72DE9F0470C46154624220021204661
:104DB00008F0E9FA05B9FFDFA87860732888DFF802
:104DC000B4A3401D20F00301AF788946DAF8000053
:104DD0000AF0C1FF060000D1FFDF4FF00008266097
:104DE000A6F8008077B109FB07F1091D0AD0DAF8AF
:104DF00000000AF0B0FF060000D1FFDF6660C6F8D1
:104E0000008001E0C4F80480298804F11200BDE8A4
:104E1000F04706F06DB92DE9F047804601F1120028
:104E20000D46814606F07BF9401DD24F20F003026B
:104E30006E7B1446296838680AF0B8FF3EB104FB5F
:104E400006F2121D03D0696838680AF0AFFF05202A
:104E50000BF0E0F8044605200BF0E4F8201A0128D6
:104E600002D138680AF06CFF49464046BDE8F04779
:104E700006F054B970B5054605210BF01FF9040082
:104E800000D1FFDF04F112012846BDE8704006F0B2
:104E90003EB92DE9F04F91B04FF0000BADF834B0B2
:104EA000ADF804B047880C460546924605213846C1
:104EB0000BF004F9060000D1FFDF24B1A780A4F8AD
:104EC00006B0A4F808B0297809220B20B2EB111F14
:104ED0007ED12A7A04F1100138274FF00C084FF0E8
:104EE00001090391102A74D2DFE802F073F3F2F1A2
:104EF0008008D3898EA03DDCF4EFB7B7307B022861
:104F000000D0FFDFA88908EBC001ADF80410302104
:104F1000ADF83410002C25D06081B5F80E90002734
:104F20001DE004EBC708317C88F80E10F189A8F861
:104F30000C10CDF800906888042304AA296900F0B9
:104F40002CFBBDF81010A8F8101009F10400BDF8F2
:104F500012107F1C1FFA80F9A8F81210BFB26089E6
:104F6000B842DED80EE1307B022800D0FFDFE989AD
:104F700008EBC100ADF804003020ADF83400287B08
:104F80000A90001FC0B20F90002CEBD06181B5F8E1
:104F90001090002726E000BFCDF80090688869696E
:104FA00003AA0A9B00F0F9FA0A9804EBC7084844E0
:104FB0001FFA80F908F10C0204A90F980CF016FEF4
:104FC00018B188F80EB0A8F80CB0BDF80C1001E0CC
:104FD000D4E0D1E0A8F81010BDF80E107F1CA8F89E
:104FE0001210BFB26089B842D6D8CBE00DA80090AD
:104FF00001AB224629463046FFF719FBC2E0307B61
:10500000082805D0FFDF03E0307B082800D0FFDF51
:10501000E8891030ADF804003620ADF83400002CDB
:105020003FD0A9896181F189A18127E0307B0928DE
:1050300000D0FFDFA88900F10C01ADF80410372182
:10504000ADF83410002C2CD06081E8890090AB8939
:10505000688804F10C02296956E0E889392110308A
:1050600080B2ADF80400ADF83410002C74D0A989DA
:105070006181287A0E280AD002212173E989E18111
:10508000288A0090EB8968886969039A3CE00121CD
:10509000F3E70DA8009001AB224629463046FFF702
:1050A00057FB6FE0307B0A2800D0FFDF1220ADF8FD
:1050B0000400ADF834704CB3A9896181A4F810B034
:1050C000A4F80EB084F80C905CE020E002E031E03F
:1050D00039E042E0307B0B2800D0FFDF288AADF8B2
:1050E00034701230ADF8040084B104212173A98911
:1050F0006181E989E181298A2182688A00902B8A6D
:10510000688804F11202696900F047FA3AE0307BDE
:105110000C2800D0FFDF1220ADF80400ADF8347089
:105120003CB305212173A4F80AB0A4F80EB0A4F88A
:1051300010B027E00DA8009001AB2246294630466A
:10514000FFF75AFA1EE00DA8009001AB224629464F
:105150003046FFF7B5FB15E034E03B21ADF8040025
:10516000ADF8341074B3A4F80690A4F808B084F82D
:105170000AB007E010000020FFDF03E0297A0129D0
:1051800017D0FFDFBDF80400AAF800006CB1BDF82D
:1051900034002080BDF804006080BDF83400392858
:1051A00003D03C2801D086F80CB011B00020BDE837
:1051B000F08F3C21ADF80400ADF8341014B1697AD9
:1051C000A172DFE7AAF80000EFE72DE9F84356885F
:1051D0000F4680461546052130460AF06FFF040051
:1051E00000D1FFDF123400943B46414630466A68E6
:1051F00006F008F9B8E570B50D4605210AF05EFF26
:10520000040000D1FFDF294604F11200BDE8704020
:1052100005F092BF70B50D4605210AF04FFF04005E
:1052200000D1FFDF294604F11200BDE8704005F00F
:10523000B0BF70B5054605210AF040FF040000D15B
:10524000FFDF04F1080321462846BDE87040042230
:10525000AFE470B5054605210AF030FF040000D127
:10526000FFDF214628462368BDE870400522A0E400
:1052700070B5064605210AF021FF040000D1FFDFCA
:1052800004F1120005F04BFF401D20F0030511E072
:10529000011D00880322431821463046FFF789FC90
:1052A00000280BD0607BABB2684382B26068011DFE
:1052B0000AF0D3FD606841880029E9D170BD70B55E
:1052C0000E46054602F002FF040000D1FFDF012078
:1052D000207266726580207820F00F00C01C20F0DC
:1052E000F00030302070BDE8704002F0F3BE2DE9D0
:1052F000F0438BB00D461446814606A9FFF797FB95
:10530000002814D14FF6FF7601274FF420588CB1B6
:1053100003208DF800001020ADF8100007A80590BC
:1053200007AA204604A90CF080FC78B107200BB036
:10533000BDE8F0830820ADF808508DF80E708DF8A8
:105340000000ADF80A60ADF80C800CE00698A1787A
:1053500001742188C1818DF80E70ADF80850ADF848
:105360000C80ADF80A606A4602214846069BFFF7AA
:1053700087FBDCE708B501228DF8022042F6020225
:10538000ADF800200A4603236946FFF73CFC08BD40
:1053900008B501228DF8022042F60302ADF8002084
:1053A0000A4604236946FFF72EFC08BD00B587B006
:1053B00079B102228DF800200A88ADF808204988CA
:1053C000ADF80A1000236A460521FFF759FB07B024
:1053D00000BD1020FBE709B1072314E40720704744
:1053E00070B588B00D461446064606A9FFF71FFBA8
:1053F00000280ED17CB10620ADF808508DF80000D1
:10540000ADF80A40069B6A460821DC813046FFF76A
:1054100037FB08B070BD05208DF80000ADF80850CE
:10542000F0E700B587B059B107238DF80030ADF82B
:105430000820039100236A460921FFF721FBC6E7F4
:105440001020C4E770B588B00C460646002506A9B2
:10545000FFF7EDFA0028DCD106980121123005F0A3
:1054600090FE9CB12178062921D2DFE801F02005C9
:1054700005160318801E80B2C01EE28880B20AB1F1
:10548000A3681BB1824203D90C20C2E71020C0E7F9
:10549000042904D0A08850B901E00620B9E7012909
:1054A00013D0022905D004291CD005292AD00720B1
:1054B000AFE709208DF800006088ADF80800E088AB
:1054C000ADF80A00A068039023E00A208DF80000E0
:1054D0006088ADF80800E088ADF80A00A0680A25E9
:1054E000039016E00B208DF800006088ADF80800EE
:1054F000A088ADF80A00E088ADF80C00A0680B2584
:10550000049006E00C208DF8000060788DF808000B
:105510000C256A4629463046069BFFF7B1FA78E724
:1055200000B587B00D228DF80020ADF808100023DB
:105530006A461946FFF7A4FA49E700B587B071B18A
:1055400002228DF800200A88ADF808204988ADF8BD
:105550000A1000236A460621FFF792FA37E7102067
:1055600035E770B586B0064601200D46ADF8081047
:105570008DF80000014600236A463046FFF780FAA6
:10558000040008D12946304601F006FB00213046D0
:1055900001F020FB204606B070BDF8B51C4615464C
:1055A0000E46069F0AF0BDFE2346FF1DBCB23146E3
:1055B0002A4600940AF0B9FAF8BD30B41146DDE984
:1055C00002423CB1032903D0002330BC04F013BCD9
:1055D0000123FAE71A8030BC704770B50C460546C7
:1055E000FFF72DFB2146284601F0E5FA2846BDE8E5
:1055F0007040012101F0EEBA18B18178012938D14B
:1056000001E010207047018842F60112881A914289
:1056100031D018DC42F60102A1EB020091422AD0FF
:105620000CDC41B3B1F5C05F25D06FF4C050081851
:1056300021D0A0F57060FF381BD11CE001281AD0E2
:1056400002280AD117E0B0F5807F14D008DC0128C9
:1056500011D002280FD003280DD0FF2809D10AE06D
:10566000B0F5817F07D0A0F58070033803D0012802
:1056700001D0002070470F2070470A281FD008DC97
:105680000A2818D2DFE800F0191B1F1F171F231D5F
:105690001F21102815D008DC0B2812D00C2810D0A0
:1056A0000D2816D00F2806D10DE011280BD0842824
:1056B0000BD087280FD003207047002070470520AB
:1056C0007047072070470F2070470420704706205E
:1056D00070470C20704743F20200704738B50C4603
:1056E000050041D06946FEF7D7FA002819D19DF888
:1056F0000010607861F3020060706946681CFEF774
:10570000CBFA00280DD19DF80010607861F3C50038
:105710006070A978C1F34101012903D0022905D0A5
:10572000072038BD217821F0200102E0217841F0E6
:1057300020012170410704D0A978C90861F38610BF
:105740006070607810F0380F07D0A978090961F30C
:10575000C710607010F0380F02D16078400603D592
:10576000207840F040002070002038BD70B504461D
:105770000020088015466068FFF7B0FF002816D1AA
:105780002089A189884211D860688078C0070AD032
:10579000B1F5007F0AD840F20120B1FBF0F200FB26
:1057A0001210288007E0B1F5FF7F01D90C2070BDF1
:1057B00001F201212980002070BD10B50478137812
:1057C00064F3000313700478640864F341031370F6
:1057D0000478A40864F3820313700478E40864F383
:1057E000C30313700478240964F30413137004785A
:1057F000640964F3451313700078800960F386131D
:10580000137031B10878C10701D1800701D501209B
:1058100000E0002060F3C713137010BD42785307F7
:1058200002D002F0070306E012F0380F02D0C2F3F4
:10583000C20300E001234A7863F302024A70407811
:1058400010F0380F02D0C0F3C20005E0430702D0C9
:1058500000F0070000E0012060F3C5024A707047C5
:105860002DE9F04F95B00D00824613D01222002191
:10587000284607F088FD4FF6FF7B05AA0121584610
:1058800007F049FB0024264637464FF420586FF4B2
:10589000205972E0102015B0BDE8F08F9DF81E0071
:1058A00001280AD1BDF81C1041450BD011EB0900AD
:1058B0000AD001280CD002280CD0042C0ED0052CC4
:1058C0000FD10DE0012400E00224BDF81A6008E0C9
:1058D000032406E00424BDF81A7002E0052400E069
:1058E0000624BDF81A10514547D12C74BEB34FF0B1
:1058F000000810AA4FF0070ACDE90282CDE900A8FE
:105900000DF13C091023CDF810904246314658461F
:1059100007F0D1FB08BBBDF83C002A46C0B210A975
:105920000CF064F9C8B9AE81CFB1CDE900A80DF192
:10593000080C0AAE40468CE8410213230022394687
:10594000584607F0B8FB40B9BDF83C00F11CC01E3A
:10595000C0B22A1D0CF04AF910B103209BE70AE0FF
:10596000BDF82900E881062C05D19DF81E00A8721B
:10597000BDF81C00288100208DE705A807F0D7FAA4
:1059800000288BD0FFF779FE85E72DE9F0471C460C
:10599000DDE90978DDF8209015460E00824600D139
:1059A000FFDF0CB1208818B1D5B11120BDE8F08718
:1059B000022D01D0012100E0002106F1140006F0C3
:1059C00073F9A8F8000002463B462946504603F00A
:1059D0007EF9C9F8000008B9A41C3C600020E5E786
:1059E0001320E3E7F0B41446DDE904528DB100233F
:1059F00014B1022C09D101E0012306E00D7CEE0771
:105A000003D025F0010501230D742146F0BC04F0FC
:105A1000F2B91A80F0BC70472DE9FE4F91461A8802
:105A20001C468A468046FAB102AB494603F04FF95C
:105A3000050019D04046A61C27880AF084FC32468F
:105A4000072629463B4600960AF0A3F820882346FD
:105A5000CDE900504A4651464046FFF7C3FF0020BB
:105A600020800120BDE8FE8F0020FBE72DE9F047F4
:105A700086B082460EA8904690E8B000894604AAF7
:105A800005A903A88DE807001E462A462146504670
:105A9000FFF77BFF039901B101213970002818D16C
:105AA000FA4904F1140204AB0860039805998DE8E3
:105AB000070042464946504606F0A9FCA8B109280D
:105AC00011D2DFE800F005080510100A0C0C0E00DA
:105AD000002006B06AE71120FBE70720F9E708205D
:105AE000F7E70D20F5E70320F3E7BDF81010039862
:105AF000CDE9000133462A4621465046FFF772FFA2
:105B0000E6E72DE9F04389B01646DDE910870D463A
:105B100081461C461422002103A807F034FC012012
:105B200002218DF810108DF80C008DF81170ADF871
:105B3000146064B1A278D20709D08DF81600E0880D
:105B4000ADF81A00A088ADF81800A068079008A862
:105B50000095CDE90110424603A948466B68FFF75E
:105B600085FF09B0BDE8F083F0B58BB00024064690
:105B7000069407940727089405A8099401940097B0
:105B80000294CDE903400D4610232246304607F02B
:105B900092FA78B90AA806A9019400970294CDE96F
:105BA0000310BDF8143000222946304607F021F8D2
:105BB000002801D0FFF761FD0BB0F0BD06F0B2BECA
:105BC0002DE9FC410C468046002602F07FFA05468E
:105BD00020780D287ED2DFE800F0BC0713B325BD86
:105BE00049496383AF959B00A848006820B141787C
:105BF00041F010014170ADE0404602F099FAA9E091
:105C0000042140460AF05AFA070000D1FFDF07F1ED
:105C10001401404605F0DDFFA5BB13214046FCF70B
:105C2000BFFD97E0042140460AF048FA070000D182
:105C3000FFDFE088ADF800000020B8819DF800008B
:105C4000010704D5C00602D5A088B88105E09DF8FB
:105C5000010040067ED5A088F88105B9FFDF224605
:105C60002946404601F0C0FC022673E0E188ADF809
:105C700000109DF8011009060FD5072803D006284B
:105C80000AD00AE024E0042140460AF017FA060090
:105C900000D1FFDFA088F0810226CDB9FFDF17E039
:105CA000042140460AF00AFA070000D1FFDF07F19D
:105CB000140006F06EFE90F0010F02D1E0790006AC
:105CC00048D5387C022640F00200387405B9FFDF61
:105CD000224600E03DE02946404601F085FC39E0DF
:105CE000042140460AF0EAF9017C002D01F0020689
:105CF000C1F340016171017C21F002010174E7D11F
:105D0000FFDFE5E702260121404602F043FA21E0E9
:105D1000042140460AF0D2F90546606800902089C7
:105D2000ADF8040001226946404602F054FA287C8E
:105D300020F0020028740DE0002DC9D1FFDFC7E775
:105D4000022600214046FFF765FA002DC0D1FFDF93
:105D5000BEE7FFDF3046BDE8FC813EB50C0009D050
:105D600001466B4601AA002007F02AFA20B1FFF78E
:105D700084FC3EBD10203EBD00202080A0709DF818
:105D8000050002A900F00700FDF7A2FF50B99DF839
:105D9000080020709DF8050002A9C0F3C200FDF7BD
:105DA00097FF08B103203EBD9DF8080060709DF884
:105DB0000500C109A07861F30410A0709DF80510DA
:105DC000890961F3C300A0709DF80410890601D50C
:105DD000022100E0012161F342009DF8001061F30F
:105DE0000000A07000203EBD70B5144606460D466A
:105DF00051EA040005D075B10846FBF760FA78B99E
:105E000001E0072070BD2946304607F040FA10B186
:105E1000BDE8704031E454B12046FBF750FA08B1B8
:105E2000102070BD21463046BDE8704095E7002047
:105E300070BD2DE9FC5F0C469046054600270178B1
:105E40000822007A3E46B2EB111F7DD104F10A010F
:105E500000910A31821E4FF0020A04F1080B0191F1
:105E6000092A72D2DFE802F0EDE005F528287BAAC6
:105E7000CE00688804210AF021F9060000D1FFDF76
:105E8000B08928B152270726C3E00000380200205D
:105E900051271026002C7DD06888A0800120A07199
:105EA000A88900220099FFF79FFF002873D1A889D5
:105EB0002081288AE081D1E0B5F81290072824D10A
:105EC000E87B000621D5512709F1140086B2002C89
:105ED000E1D0A88900220099FFF786FF00285AD157
:105EE0006888A08084F806A0A88920810120A0737A
:105EF000288A2082A4F81290A88A009068884B46CD
:105F0000A969019A01F04CFBA8E0502709F11200A1
:105F100086B2002C3ED0A88900225946FFF764FFC4
:105F2000002838D16888A080A889E080287A0728CE
:105F300013D002202073288AE081E87BC0096073B7
:105F4000A4F81090A88A01E085E082E000906888BB
:105F50004B4604F11202A969D4E70120EAE7B5F83B
:105F60001290512709F1140086B2002C66D068887F
:105F700004210AF0A3F883466888A080A88900223B
:105F80000099FFF731FF00286ED184F806A0A88998
:105F9000208101E052E067E00420A073288A20827B
:105FA000A4F81290A88A009068884B46A969019AC3
:105FB00001F0F6FAA989ABF80E104FE06888FBF7FC
:105FC000BDFB0746688804210AF078F8064607B941
:105FD000FFDF06B9FFDF687BC00702D05127142618
:105FE00001E0502712264CB36888A080502F06D0BD
:105FF00084F806A0287B594601F0E2FA2EE0287BBF
:10600000A11DF9E7FE49A8894989814205D1542794
:1060100006269CB16888A08020E053270BE06888A2
:10602000A080A889E08019E0688804210AF046F879
:1060300000B9FFDF55270826002CF0D1A8F8006032
:1060400011E056270726002CF8D06888A080002091
:1060500013E0FFDF02E0012808D0FFDFA8F80060AE
:106060000CB1278066800020BDE8FC9F57270726DB
:10607000002CE3D06888A080687AA071EEE7401D0C
:1060800020F0030009B14143091D01EB40007047B6
:1060900013B5DB4A00201071009848B1002468460F
:1060A00009F03BFE002C02D1D64A009911601CBDBC
:1060B00001240020F4E770B50D461446064686B06C
:1060C0005C220021284607F05EF904B9FFDFA078C2
:1060D0006874A2782188284601F09DFA0020A881E2
:1060E000E881228805F11401304605F056FD6A4624
:1060F0000121304606F00FFF1AE000BF9DF80300B3
:10610000000715D5BDF806103046FFF72DFD9DF8A8
:106110000300BDF8061040F010008DF80300BDF834
:106120000300ADF81400FF233046059A07F077F816
:10613000684606F0FCFE0028E0D006B070BD10B541
:106140000C4601F1140005F060FD0146627C20461A
:10615000BDE8104001F094BA30B50446A84891B0AB
:106160004FF6FF75C18905AA284606F0D4FE30E037
:106170009DF81E00A0422AD001282AD1BDF81C009B
:10618000B0F5205F03D042F60101884221D1002002
:1061900002AB0AAA0CA9019083E80700072000902F
:1061A000BDF81A1010230022284606F084FF38B9E3
:1061B000BDF828000BAAC0B20CA90BF017FD10B156
:1061C000032011B030BD9DF82E00A04201D1002067
:1061D000F7E705A806F0ABFE0028C9D00520F0E7D8
:1061E00070B50546042109F069FF040000D1FFDF06
:1061F00004F114010C46284605F0EBFC2146284624
:10620000BDE8704005F0ECBC70B58AB00C4606469F
:10621000FBF794FA050014D02878222827D30CB174
:10622000A08890B101208DF80C0003208DF810009B
:1062300000208DF8110054B1A088ADF81800206836
:1062400007E043F202000AB070BD0920FBE7ADF899
:10625000180005900421304609F030FF040000D1F9
:10626000FFDF04F1140005F0E6FC000701D408206C
:10627000E9E701F02BFF60B108A802210094CDE905
:10628000011095F8232003A930466368FFF7EEFB61
:10629000D9E71120D7E72DE9F04FB2F802A08346E5
:1062A00089B0154689465046FBF748FA074604214F
:1062B000504609F003FF0026044605964FF00208F9
:1062C0000696ADF81C6007B9FFDF04B9FFDF414651
:1062D000504603F0DAFE50B907AA06A905A88DE8D2
:1062E00007004246214650466368FFF74EFB44488C
:1062F00007AB0660DDE9051204F11400CDF800904B
:10630000CDE90320CDE9013197F8232059465046C5
:106310006B6805F0D9FC06000AD0022E04D0032ECB
:1063200014D0042E00D0FFDF09B03046BDE8F08F56
:10633000BDF81C000028F7D00599CDE900104246B1
:10634000214650466368FFF74DFBEDE7687840F063
:1063500008006870E8E72DE9F04F99B004464FF067
:1063600000082748ADF81C80ADF82080ADF82480E7
:10637000A0F80880ADF81480ADF81880ADF82C8036
:10638000ADF82880007916460D464746012808D00A
:10639000022806D0032804D0042802D0082019B00F
:1063A000C4E72046FAF747FF70BB2846FAF743FFD9
:1063B00050BB6068FAF78CFF30BB606848B16089F9
:1063C0002189884202D8B1F5007F01D90C20E6E787
:1063D00080460EAA06A92846FFF7C8F90028DED194
:1063E00068688078C0F34100022808D19DF8190040
:1063F00010F0380F03D02869FAF761FF20B904E0E4
:10640000380200201400002022E005A92069FFF7CF
:1064100065F90028C3D1206948B1607880079DF8EC
:10642000150000F0380001D5F0B300E0E0BB9DF8A6
:10643000140080060ED59DF8150010F0380F03D01B
:106440006068FAF73CFF18B96068FAF741FF08B1D5
:106450001020A4E70AA96069FFF740F900289ED13F
:10646000606940B19DF8290000F0070101293CD185
:1064700010F0380F39D00BA9A069FFF72FF90028C9
:106480008DD19DF8280080062FD49DF82C00800621
:106490002BD4A06950B19DF82D0000F0070101290F
:1064A00023D110F0380F00E01FE01ED0E06818B1D3
:1064B0000078D0B11C2818D20FAA611C2046FFF723
:1064C0007CF90121384661F30F2082468DF8521085
:1064D000B94642F603000F46ADF850000DF13F02F9
:1064E00018A928680BF0A1FB08B1072057E79DF811
:1064F000600015A9CDF80090C01CCDE9019100F015
:10650000FF0B00230BF20122514614A806F02EFCCB
:10651000F0BBBDF854000C90FE482A89296900920E
:10652000CDE901106B89BDF838202868069906F07E
:106530001DFC01007ED120784FF0020AC10601D473
:1065400080062BD5CDF80C90606950B90AA906A831
:10655000FFF764F99DF8290020F00700401C8DF832
:1065600029009DF8280008A940F0C8008DF82800EF
:106570008DF8527042F60210ADF8500003AACDF823
:1065800000A0CDE90121002340F2032214A800E07D
:106590001EE00A9906F0EAFB01004BD1DD484D46AA
:1065A00008385B460089ADF83D000FA8CDE90290A0
:1065B000CDF80490CDF810904FF007090022CDF8E7
:1065C0000090BDF854104FF6FF7006F012FB10B1AA
:1065D000FFF753F8E3E69DF83C00000624D5294672
:1065E000012060F30F218DF852704FF42450039571
:1065F000ADF8500062789DF80C00002362F30000B3
:106600008DF80C006278CDF800A0520862F34100CA
:106610008DF80C0003AACDE9012540F2032214A84D
:1066200006F0A4FB010005D1606888B32069A8B911
:1066300005A900E084E006A8FFF7F0F8607880077D
:1066400006D49DF8150020F038008DF8150005E0FF
:106650009DF8140040F040008DF814008DF8527041
:1066600042F60110ADF85000208940F20121B0FB44
:10667000F1F201FB1202606809ABCDF80080CDE9B0
:106680000103002314A8059906F070FB010057D1FF
:106690002078C00728D00395A06950B90BA906A897
:1066A000FFF7BCF89DF82D0020F00700401C8DF886
:1066B0002D009DF82C008DF8527040F040008DF8B0
:1066C0002C0042F60310ADF8500007A903AACDF83C
:1066D00000A0CDE90121002340F2032214A80B9968
:1066E00006F044FB01002BD1E06868B32946012085
:1066F00060F30F218DF8527042F60410ADF850008F
:10670000E068002302788DF8582040788DF8590011
:10671000E06816AA4088ADF85A00E06800798DF864
:106720005C00E068C088ADF85D00CDF80090CDE970
:1067300001254FF4027214A806F018FB010003D0E3
:106740000C9800F0C9FF2AE672480321083801714D
:1067500056B100893080BDF824007080BDF820005B
:10676000B080BDF81C00F080002018E670B501254F
:106770008AB016460B46012802D0022816D104E042
:106780008DF80E504FF4205003E08DF80E5042F675
:106790000100ADF80C005BB10024601C60F30F2415
:1067A00004AA08A918460BF040FA18B107204AE5D8
:1067B000102048E504A99DF820205648CDE9002185
:1067C000801E02900023214603A802F2012206F057
:1067D000CDFA10B1FEF751FF35E54E4808380EB13D
:1067E000C1883180057100202DE5F0B593B00746D2
:1067F00001268DF83E6041F60100ADF83C0012AA7A
:106800000FA93046FFF7B2FF002849D1414C0025BF
:10681000083CEFB31C22002102A806F0B4FD9DF84D
:1068200008008DF83E6040F020008DF8080042F628
:106830000520ADF83C000E959DF83A00119520F02A
:106840000600801C8DF83A009DF838006A4620F05A
:10685000FF008DF838009DF8390009A920F0FF00ED
:106860008DF839000420ADF82C00ADF830000EA8EA
:106870000A9011A80D900FA80990ADF82E5002A80B
:10688000FFF769FD00280BD1BDF80000608100E032
:1068900008E0BDF80400A081401CE08125710020C3
:1068A00013B0F0BD6581A581BDF84800F4E72DE97E
:1068B000F74F1849A0B00024083917940A79A14667
:1068C000012A04D0022A02D0082023B02EE5CA886B
:1068D000824201D00620F8E721988A46824201D1FF
:1068E0000720F2E70120214660F30F21ADF84800B0
:1068F0004FF6FF780691ADF84A808DF86E0042F6AB
:10690000020B8DF872401CA9ADF86CB0ADF8704068
:10691000139101E040020020ADF8508012A806F06B
:1069200035FB00252E462F460DAB072212A9404607
:1069300006F02FFB78B10A285DD195B38EB3ADF880
:106940006450ADF866609DF85E008DF8144019AC97
:10695000012864D06BE09DF83A001FB3012859D19B
:10696000BDF8381059451FD118A809A901940294FF
:10697000CDE9031007200090BDF836101023002247
:10698000404606F098FBB0BBBDF86000042801D07B
:1069900006284AD1BDF82410219881423AD10F200F
:1069A00093E73AE0012835D1BDF83800B0F5205F13
:1069B00003D042F6010188422CD1BAF80600BDF896
:1069C0003610884201D1012700E0002705B19EB1B1
:1069D000219881421ED118A809AA01940294CDE9F8
:1069E0000320072000900D4610230022404606F0A9
:1069F00062FB00B902E02DE04E460BE0BDF86000FE
:106A0000022801D0102810D1C0B217AA09A90BF092
:106A1000EDF850B9BDF8369086E7052055E705A991
:106A200017A8221D0BF001F908B103204DE79DF8CE
:106A300014000023001DC2B28DF814202298009289
:106A4000CDE901401BA8069906F090F910B9022281
:106A50008AF80420FEF711FE37E710B50B46401EFA
:106A600088B084B205AA00211846FEF7A6FE0020D1
:106A70000DF1080C06AA05A901908CE80700072073
:106A800000900123002221464FF6FF7006F0B1F876
:106A90000446BDF81800012800D0FFDF2046FEF7AD
:106AA000ECFD08B010BDF0B5F74F044687B038795B
:106AB0000E46032804D0042802D0082007B0F0BDF9
:106AC00004AA03A92046FEF751FE0500F6D160682E
:106AD0008078C0F3410002280AD19DF80D0010F023
:106AE000380F05D02069FAF7EAFB08B11020E5E776
:106AF000208905AA21698DE807006389BDF8102067
:106B00002068039906F032F910B1FEF7B6FDD5E71B
:106B100016B1BDF814003080042038712846CDE746
:106B2000F8B50C0006460CD001464FF6FF75002361
:106B30006A46284606F044FB28B100BFFEF79DFDDB
:106B4000F8BD1020F8BD69462046FEF7C7FD0028B5
:106B5000F8D1A078314600F001032846009A06F0EB
:106B60005EFBEBE730B587B0144600220DF1080C50
:106B700005AD01928CE82C00072200920A460146DE
:106B800023884FF6FF7006F034F8BDF8141021800A
:106B9000FEF773FD07B030BD70B50D46042109F056
:106BA0008DFA040000D1FFDF294604F11400BDE88E
:106BB000704005F039B870B50D46042109F07EFA31
:106BC000040000D1FFDF294604F11400BDE8704045
:106BD00005F04DB870B50D46042109F06FFA0400B8
:106BE00000D1FFDF294604F11400BDE8704005F034
:106BF00065B870B50546042109F060FA040000D1BB
:106C0000FFDF214628462368BDE870400122FEF7D9
:106C100003BF70B50646042109F050FA040000D104
:106C2000FFDF04F1140004F0F0FF401D20F0030525
:106C300011E0011D00880022431821463046FEF76E
:106C4000EBFE00280BD0607CABB2684382B2A06838
:106C5000011D09F002F9A06841880029E9D170BD41
:106C600070B50546042109F029FA040000D1FFDFC0
:106C7000214628466368BDE870400222FEF7CCBE7C
:106C800070B50E46054601F021FA040000D1FFDF81
:106C90000120207266726580207820F00F00001DB0
:106CA00020F0F00040302070BDE8704001F012BAD2
:106CB00010B50446012900D0FFDF2046BDE8104092
:106CC0000121FEF7A7BA2DE9F04F97B04FF0000A67
:106CD0000C008346ADF814A0D04619D0E06830B15E
:106CE000A068A8B10188ADF81410A0F800A058461B
:106CF000FAF724FD070043F2020961D03878222810
:106D00005CD30421584609F0D9F9050005D103E008
:106D1000102017B0BDE8F08FFFDF05F1140004F07C
:106D200074FF401D20F00306A078012803D002283C
:106D300001D00720EDE7218807AA584606F0EBF8B6
:106D400030BB07A806F0F3F810BB07A806F0EFF871
:106D500048B99DF82600012805D1BDF82400A0F50A
:106D60002451023902D04FF45050D2E7E068B0B15C
:106D7000CDE902A00720009005AACDF804A0049256
:106D8000A2882188BDF81430584605F032FF10B1B2
:106D9000FEF773FCBDE7A168BDF8140008809DF8FC
:106DA0001F00C00602D543F20140B2E70B9838B18C
:106DB000A1780078012905D080071AD40820A8E717
:106DC0004846A6E7C007F9D002208DF83C00A86825
:106DD0004FF00009A0B1697C4288714391420FD9FC
:106DE0008AB2B3B2011D08F0EEFF8046A0F800A001
:106DF00006E003208DF83C00D5F800804FF0010933
:106E00009DF8200010F0380F00D1FFDF9DF8200022
:106E10001E49C0F3C200084497F8231010F8010C73
:106E2000884201D90F2074E72088ADF8400014A9EA
:106E30000095CDE90191434607220FA95846FEF778
:106E400015FE002891D19DF8500050B9A078012876
:106E500007D1687CB3B2704382B2A868011D08F004
:106E6000C6FF002055E770B5064615460C46084695
:106E7000FEF7C2FB002805D12A4621463046BDE870
:106E8000704073E470BD12E538020020F2B00100DA
:106E900070B51E4614460D0009D044B1616831B189
:106EA00038B1FC49C988814203D0072070BD102049
:106EB00070BD2068FEF7A0FB0028F9D132462146BC
:106EC0002846BDE87040FFF746BA70B515460C007D
:106ED00006D038B1EF490989814203D0072070BD3F
:106EE000102070BD2068FEF787FB0028F9D12946E5
:106EF0002046BDE87040D6E570B5064686B00D4622
:106F000014461046FAF7BDF9D0BB6068FAF7E0F90D
:106F1000B0BBA6F57F40FF3803D03046FAF70EFC31
:106F200080B128466946FEF79BFC00280CD19DF8ED
:106F300010100F2008293DD2DFE801F008060606F0
:106F4000060A0A0843F2020006B070BD0320FBE700
:106F50009DF80210012908D1BDF80010B1F5C05FFD
:106F6000F2D06FF4C052D142EED09DF80610012944
:106F70000DD1BDF80410A1F52851062907D200E073
:106F800029E0DFE801F0030304030303DCE79DF8D5
:106F90000A1001290FD1BDF80810B1F5245FD3D034
:106FA000A1F60211B1F50051CED00129CCD00229B1
:106FB00001D1C9E7FFDF606878B9002305AA294637
:106FC000304606F0FDF810B1FEF757FBBCE79DF820
:106FD0001400800601D41020B6E7618822462846B6
:106FE0006368FFF7BFFDAFE72DE9F043814687B047
:106FF000884614461046FAF744F918B1102007B035
:10700000BDE8F083002306AA4146484606F0D8F8BA
:1070100018B100BFFEF731FBF1E79DF81800C0067C
:1070200002D543F20140EAE70025072705A80195AC
:1070300000970295CDE9035062884FF6FF734146F1
:10704000484606F038F8060013D16068FAF719F9D7
:1070500060B960680195CDE90250009704952388D6
:1070600062884146484606F026F80646BDF81400F8
:1070700020803046CEE739B1864B0A889B899A42F8
:1070800002D843F2030070471DE610B586B0814C6C
:107090000423ADF81430638943B1A4898C4201D232
:1070A000914205D943F2030006B010BD0620FBE76C
:1070B000ADF81010002100910191ADF800300221CF
:1070C0008DF8021005A9029104A90391ADF81220D0
:1070D0006946FFF7F8FDE7E72DE9FC4781460D46D5
:1070E0000846FAF7A8F888BB4846FAF727FB5FEA94
:1070F00000080AD098F80000222829D30421484625
:1071000008F0DCFF070005D103E043F20200BDE810
:10711000FC87FFDF07F1140004F08DFD0646287898
:10712000012803D0022804D00720F0E7B0070FD5CC
:1071300002E016F01C0F0BD0A8792C1DC00709D057
:10714000E08838B1A068FAF776F818B11020DEE7C9
:107150000820DCE721882A780720B1F5847F35D024
:107160001EDC40F20315A1F20313A94226D00EDC67
:10717000B1F5807FCBD003DCF9B1012926D1C6E778
:10718000A1F58073013BC2D0012B1FD113E0012B6D
:10719000BDD0022B1AD0032BB9D0042B16D112E08C
:1071A000A1F20912082A11D2DFE802F00B04041040
:1071B00010101004ABE7022AA9D007E0012AA6D0DC
:1071C00004E0320700E0F206002AA0DACDB200F0B7
:1071D0007DFF50B198F82300CDE90005FA892346D8
:1071E00039464846FEF78DFC91E711208FE72DE9DF
:1071F000F04F8BB01F4615460C4683460026FAF723
:107200009DFA28B10078222805D208200BB081E52C
:1072100043F20200FAE7B80801D00720F6E7032F8F
:1072200000D100274FF6FF79CCB1022D73D3204651
:10723000FAF74EF830B904EB0508A8F10100FAF7A7
:1072400047F808B11020E1E7AD1E38F8028CAAB269
:107250002146484606F007F940455CD1ADB20D49DC
:10726000B80702D58889401C00E001201FFA80F889
:10727000F80701D08F8900E04F4605AA41465846DD
:1072800005F049FE4FF0070A4FF00009DCB3204635
:107290000BE0000038020020408810283BD8361D43
:1072A000304486B2AE4236D2A01902884245F3D3AA
:1072B00051E000BF9DF8170002074CD594B304EBD2
:1072C0000608361DB8F80230B6B2102B23D89A192A
:1072D000AA4220D8B8F8002091421CD1C0061CD583
:1072E000CDE900A90DF1080C0AAAA11948468CE8BD
:1072F0000700B8F800100022584605F07AFC20B1CB
:10730000FEF7BBF982E726E005E0B8F80200BDF819
:107310002810884201D00B2078E7B8F802003044EA
:1073200086B207E0FFE7C00604D55846FEF71CFC0E
:10733000002888D19DF81700BDF81A1020F0100021
:107340008DF81700BDF81700ADF80000FF23584670
:10735000009A05F064FF05A805F0E9FD18B9BDF82D
:107360001A10B942A6D90421584608F0A7FE040015
:1073700000D1FFDFA2895AB1CDE900A94D46002313
:1073800021465846FEF7BDFB0028BBD1A5813DE74D
:1073900000203BE72DE9FF4F8BB01E4617000D463E
:1073A0004FF0000412D0B00802D007200FB0B1E4B3
:1073B000032E00D100265DB10846F9F780FF28B9F9
:1073C0003888691E0844F9F77AFF08B11020EDE704
:1073D000C74AB00701D5D18900E00121F0074FF677
:1073E000FF7802D0D089401E00E0404686B206AA4F
:1073F0000B9805F090FD4FF000094FF0070B0DF1D1
:10740000140A38E09DF81B00000734D5CDF804902D
:10741000CDF800B0CDF80890CDE9039A434600229C
:107420000B9805F048FE60BB05B3BDF814103A8810
:1074300021442819091D8A4230D3BDF81E2020F8A6
:10744000022BBDF8142020F8022BCDE900B9CDE9BC
:107450000290CDF810A0BDF81E10BDF81430002227
:107460000B9805F028FE08B103209FE7BDF8140033
:107470002044001D84B206A805F059FD20B10A2859
:1074800006D0FEF7FAF891E7BDF81E10B142B9D95F
:1074900034B17DB13888A11C884203D20C2085E725
:1074A000052083E722462946404605F0DCFF0146D9
:1074B00028190180A41C3C80002077E710B5044601
:1074C000F9F7DFFE08B1102010BD8948C08920807F
:1074D000002010BDF0B58BB00D46064614220021E9
:1074E00003A805F050FF01208DF80C008DF8100066
:1074F00000208DF81100ADF814503046FAF71EF94F
:1075000048B10078222812D30421304608F0D6FD75
:10751000040005D103E043F202000BB0F0BDFFDF31
:1075200004F11400074604F086FB800601D408200D
:10753000F3E7207C022140F00100207409A80094A8
:10754000CDE90110072203A930466368FEF78EFAE1
:1075500020B1217C21F001012174DEE7294630466B
:10756000FDF749FE08A9384604F054FB00B1FFDFDF
:10757000BDF82040172C01D2172000E02046A84279
:1075800001D92C4602E0172C00D2172421463046A0
:10759000FFF711FB21463046FDF751FB0020BCE709
:1075A000F8B51C4615460E46069F08F0BAFE23465F
:1075B000FF1DBCB231462A46009408F0B6FAF8BD69
:1075C00070B50C4605460E220021204605F0DBFE74
:1075D000002020802DB1012D01D0FFDF70BD0620DD
:1075E00000E00520A07170BD10B5488008781346F2
:1075F00020F00F00001D20F0F00080300C460870D5
:107600001422194604F1080005F093FE00F062FD13
:107610003748046010BD2DE9F047DFF8D890491DC8
:10762000064621F0030117460C46D9F8000008F081
:1076300092FB050000D1FFDF4FF000083560A5F890
:1076400000802146D9F8000008F085FB050000D134
:10765000FFDF7560A5F800807FB104FB07F1091D0D
:107660000BD0D9F8000008F076FB040000D1FFDF52
:10767000B460C4F80080BDE8F087C6F80880FAE777
:107680002DE9F0411746491D21F00302194D064628
:1076900001681446286808F089FB2246716828684A
:1076A00008F084FB3FB104FB07F2121D03D0B16860
:1076B000286808F07BFB042008F0ACFC044604209A
:1076C00008F0B0FC201A012804D12868BDE8F04178
:1076D00008F036BBBDE8F08110B50C4605F0EAFBBA
:1076E00000B1FFDF2046BDE81040FDF7C6BF000037
:1076F00038020020140000204FF0E0214FF4004039
:10770000C1F88001BFF34F8FBFF36F8F00F021B836
:1077100010B5044600F01DF8002C09D0124A12489A
:1077200012491432124B012C03D0022C07D0FFDF78
:1077300010BD0224046011604FF0407004E0032487
:10774000046011604FF40000186010BD00B5FFDF49
:1077500000BD054800210160016005494FF06070DF
:10776000091D08607047000000F500404802002035
:1077700004F501402DE9F05FDFF850A44FF0000858
:107780008B4606469AF80940474645469AF80190C6
:1077900008E0284601F00EF8817B407811FB007765
:1077A0006D1CEDB24D45F4D19AF8090020442044F7
:1077B00020440744FF2F01D94FF013083068C01C44
:1077C00020F0030232605BEA080021D1FF48FBB2DF
:1077D000062120300CF0C8F9002408E0062C0FD256
:1077E000DFE804F005030A0A0C05F94800E0F9484F
:1077F0000CF0DAF9054604E0F748F9E7F748F7E74F
:10780000FFDFA54200D0FFDF641CE4B2062CE5D305
:10781000306800EB071030604046BDE8F09F38B597
:107820000C468288817B19B14189914200D90A4670
:107830002280C188121D90B26A4607F081FCBDF813
:107840000000032800D30320C1B2208800F0D1FF3C
:1078500038BD38B50C468288817B19B101899142C7
:1078600000D90A462280C188121D90B26A4607F0EC
:1078700067FCBDF80000022800D30220C1B22088B6
:1078800000F0B7FF401CC0B238BD2DE9FF5F824653
:107890008B46D34814460BF10302D0E90110CDE921
:1078A000021022F0030201A84421019208F035FAE7
:1078B000C64E002C02D1CB49019A8A60019901443D
:1078C0000191B57E05F1010504D1E8B20AF026F96F
:1078D00000B1FFDF019800EB0510C01C20F0030190
:1078E000019144B9727A00200870B08B80B205F023
:1078F00040F900B1FFDF0198F16908440190214689
:1079000001A8FFF737FF80460198C01C20F0030054
:107910000190717A04B1002008F0F5FA0199084449
:107920000190214601A800F06FFFA84800273D46BE
:1079300090F801900CE0284600F03CFF0646817864
:107940008088FDF713FA71786D1C00FB0177EDB2AA
:107950004D45F0D10198C01C20F00300019004B106
:1079600000203946FDF70DFA0199002708440190DF
:1079700096483D4690F801900CE0284600F01AFF2A
:107980000646C1788088FEF77AFB71786D1C00FB93
:107990000177EDB24D45F0D10198C01C20F00300F5
:1079A000019004B100203946FEF772FB01994FF0B7
:1079B00000090844019085484D4647780EE0284666
:1079C00000F0F8FE0646807B30B106F1080002F0B8
:1079D0009DF8727800FB02996D1CEDB2BD42EED1AC
:1079E0000198C01C20F00300019004B100207D49E3
:1079F0004A78494602F08EF80199084401902146E0
:107A000001A800F0B3FE0198C01D20F0070001900E
:107A1000DAF80010814204D3A0EB0B01B1F5803FEE
:107A200004DB4FF00408CAF8000004E0CAF80000C4
:107A3000B8F1000F02D0404604B0EEE674BB6A49CC
:107A40000020019A0CF0FEF9FAF77EFB5F4C207ED5
:107A50000090607E012823D0002318B300225B48E9
:107A600000210C30FBF74AF800B1FFDFE07EFEF7A3
:107A7000BCFE00B1FFDF55484FF4F67200213830EC
:107A800005F081FC51480421383080F8E91180F874
:107A9000EA11062180F8EB11032101710020CBE7E8
:107AA0000123DAE702AADAE770B5484C0646383413
:107AB000207804EB4015E078083598B9A01990F8C3
:107AC000E80100280FD0A0780F2800D3FFDF202284
:107AD0000021284605F057FC687866F302006870BC
:107AE0000120E070284670BD2DE9F04105460C46A6
:107AF00000270078052190463E46B1EB101F00D0CC
:107B0000FFDF287A50B101280ED0FFDFA8F800600F
:107B10000CB1278066800020BDE8F081012709268E
:107B200074B16888A08008E00227142644B16888F0
:107B3000A0802869E060A88A2082287B2072E5E77F
:107B4000A8F80060E7E730B5204C01200021207044
:107B50006170207260726176217621730521A182A5
:107B60001F21E182607321A121610A21A176E076C3
:107B70001C4D4FF4B060E0616868C11C21F0030146
:107B8000814200D0FFDF6868606030BD30B5154CC1
:107B90001568636810339D4202D20420136030BD23
:107BA0000A4B5D785A6802EB051210705170032081
:107BB000D080172090800120D070907000209073AA
:107BC0005878401C58706068103013E0540300204F
:107BD000A11F0000359C0000A9B000000F19010092
:107BE000F8B0010018000020000000206E52463559
:107BF000780000006060002030BD70B50646F8488F
:107C00000024457807E0204600F0D4FD0178B14219
:107C100004D0641CE4B2AC42F5D1002070BDF7B5CD
:107C2000074608780C4610B3FFF7E7FF0546A7F1B3
:107C30002006202F06D0052E19D2DFE806F00F2BE4
:107C40002B151A0000F0C2FD0DB1697800E000218B
:107C5000401AA17880B20844FF2808D8A07830B133
:107C6000A088022824D202E06088172820D20720AA
:107C7000FEBD207AE0B161881729F8D3A1881729C1
:107C8000F5D3A1790029F2D0E1790029EFD040287D
:107C900004D9ECE7242F0BD1207A48B161884FF644
:107CA000FB70814202D8A188814201D90420FEBD27
:107CB00065B9207802AA0121FFF768FF0028F6D1F4
:107CC0002078FFF79AFF050000D1FFDF052E18D2BC
:107CD000DFE806F0030B0E081100A0786870A0889A
:107CE000E8800FE06088A8800CE0A078A87009E028
:107CF000A078E87006E054F8020FA8606068E860B9
:107D000000E0FFDF0020FEBD1A2835D00DDC13286F
:107D100032D2DFE800F01B31203131272723252D17
:107D2000313129313131312F0F00302802D003DCBD
:107D30001E2821D1072070473A3809281CD2DFE8D5
:107D400000F0151B0F1B1B1B1B1B0700002070479F
:107D500043F20400704743F202007047042070476A
:107D60000D2070470F207047082070471120704782
:107D700013207047062070470320704710B5007825
:107D800000F0010007F0D2F9BDE81040BCE710B5E3
:107D9000007800F0010007F0CEF9BDE81040B3E72D
:107DA0000EB5017801F001018DF80010417801F065
:107DB00001018DF801100178C1F340018DF8021026
:107DC0004178C1F340018DF80310017889088DF8DE
:107DD0000410417889088DF8051081788DF8061017
:107DE000C1788DF8071000798DF80800684606F014
:107DF0005DFEFFF789FF0EBD2DE9F84F784CDFF8E7
:107E0000E481383400261FE0012000F048FD012005
:107E1000FFF74AFE054644214746D8F8080007F018
:107E20009AFF686000B9FFDF686806F03BFDA8B103
:107E30002846F9F7F1FD284600F036FD20B9442226
:107E40006968B86807F0B2FF94F9E9010428DBDA41
:107E5000022008F0DFF807460025A6E04422696802
:107E6000D8F8080007F0A2FFF2E7B8F80210404681
:107E7000491C89B2A8F80210B94201D300214180FF
:107E80000221B8F8020008F019F9002865D0B8F806
:107E90000200694607F0C8F8FFF736FF00B1FFDFC0
:107EA0009DF8000078B1B8F8020008F04CFA5FEADB
:107EB000000900D1FFDF484607F0CBFC18B1B8F845
:107EC000020002F0D0F8B8F8020008F02AFA5FEADF
:107ED000000900D1FFDF484607F0B3FCE8BB0321EF
:107EE000B8F8020008F0EAF85FEA000B48D1FFDFBB
:107EF00046E000BFDBF8100010B10078FF2849D041
:107F0000022000F0CCFC0220FFF7CEFD824648465E
:107F100007F0A3FDCAF8040000B9FFDFDAF8040097
:107F200007F06BFE002100900170B8F80210504677
:107F3000AAF8021001F0BAFF484607F060FE00B947
:107F4000FFDF504600F0B0FC18B99AF801000007B6
:107F500004D50099CBF8101012E024E0DBF81000F3
:107F600038B10178491C11F0FF01017008D1FFDF21
:107F700006E000221146484600F0F6FB00B9FFDF9C
:107F800094F9EA01022805DBB8F8020001F055FF78
:107F90000028AFD194F9E901042804DB484607F032
:107FA00092FE00B101266D1CEDB2BD4204D294F9DF
:107FB000EA010228BFF659AF002E7FF423AFBDE8D7
:107FC000F84F032000F06BBC10B5064CE060086869
:107FD0002061AFF2DB1002F0C8FF607010BD00003E
:107FE0005403002018000020F74800210170F748D2
:107FF0000170F7494160704770B505464FF08050F9
:108000000C46D0F8A410491C05D1D0F8A810C943DB
:108010000904090C0BD050F8A01F01F001012970D0
:10802000416821608068A080287830B970BD062141
:1080300020460BF08CFB01202870607940F0C000D6
:10804000607170BD70B54FF080540D46D4F880104B
:10805000491C0BD1D4F88410491C07D1D4F88810DE
:10806000491C03D1D4F88C10491C0CD0D4F88010D2
:108070000160D4F884104160D4F888108160D4F88D
:108080008C10C16002E010210BF061FBD4F890006D
:10809000401C0BD1D4F89400401C07D1D4F89800B0
:1080A000401C03D1D4F89C00401C09D054F8900F18
:1080B000286060686860A068A860E068E86070BDDB
:1080C0002846BDE8704010210BF041BBBE48383057
:1080D0000079E9E470B5BC4C3834E07830B32078EE
:1080E00004EB4010407A00F00700204490F9E801CA
:1080F000002800DCFFDF2078002504EB4010407AE8
:1081000000F00700011991F8E801401E81F8E8012C
:108110002078401CC0B220700F2800D12570A078B4
:10812000401CA0700BF09CF9E57070BDFFDF70BDC6
:108130003EB50546032107F0C1FF0446284608F076
:10814000F0F8054604B9FFDF206918B10078FF2870
:1081500000D1FFDF01AA6946284600F005FB60B99F
:10816000FFDF0AE0002202A9284600F0FDFA00B96C
:10817000FFDF9DF8080000B1FFDF9DF80000411E01
:108180008DF80010EED220690199884201D10020BB
:1081900020613EBD70B50546A0F57F400C46FF3816
:1081A00000D1FFDF012C01D0FFDF70BDFFF78EFF94
:1081B000040000D1FFDF207820F00F00401D20F0E8
:1081C000F000503020706580002020720120207364
:1081D000BDE870407EE72DE9F04116460D460746A2
:1081E000FFF774FF040000D1FFDF207820F00F00BC
:1081F000401D20F0F0005030207067800120207278
:1082000028682061A888A0822673BDE8F04161E754
:108210007FB5FFF7F2FC040000D1FFDF02A9204682
:10822000FFF7FDFA054603A92046FFF712FB8DF87C
:1082300000508DF80100BDF80800001DADF80200E7
:10824000BDF80C00001DADF80400E088ADF8060094
:10825000684606F053FF002800D0FFDF7FBD2DE900
:10826000F05F5A4E8146307810B10820BDE8F09F8B
:108270004846F9F706F808B11020F7E7524C207885
:1082800008B9FFF760FC647A4D4600F09FFAA042FF
:1082900007D2201AC1B22A460020FFF777FC002837
:1082A000E4D171684848C91C002721F003017160BE
:1082B000B3463E463D46BA463C4690F801800AE049
:1082C000204600F077FA4178807B0E4410FB015580
:1082D000641CE4B27F1C4445F2D10AEB870000EB3A
:1082E000C600DBF8041000EB850045185C4601224F
:1082F00029464846FFF7C9FA060013D00020FFF7C9
:108300007CFC05000CD005F11300616820F003002F
:10831000884200D0FFDF2C484178491E41706560DB
:108320003046A3E7002229464846FFF7AEFA00B1DF
:10833000FFDFD9F8000060604FF6FF706080012019
:108340002070002092E72DE9F04104461F481746AF
:108350000E46007810B10820BDE8F0810846F8F715
:108360006AFF08B11020F7E7174D287808B9FFF722
:10837000EAFB601E1E2807D8012C22D13078FE2887
:108380001FD8A8760020E7E7A4F120001F2805D811
:10839000E0B23A463146BDE8F04140E4A4F1400085
:1083A0001F2805D831462046BDE8F04100F0A2BAAA
:1083B000A4F1A0001F2804D80020A02C0AD0A12CD2
:1083C0000DD00720C8E7000054030020180000204B
:1083D00048100020317801F00101E976BCE73168EE
:1083E0000922F82901D38B0701D01046B4E76B7B33
:1083F00003F00303012B04D1EB8AD7339CB28C42E8
:10840000F3D8E961A8E72DE9F04781460E46084612
:10841000F8F737FF48B94846F8F751FF28B909F18E
:10842000030020F00301494502D01020BDE8F08789
:10843000FC484FF0000A817869B14178804600EB32
:1084400041140834378832460021204600F039FABA
:10845000050004D027E0A6F800A00520E6E7B9F162
:10846000000F24D03088B84201D90C251FE0607875
:1084700000F00705284600F012FA08EB050732461F
:1084800097F8E8014946401C87F8E801204607F5BF
:10849000F47700F016FA05463878401E387003204D
:1084A00000F0FDF92DB10C2D01D0A6F800A0284652
:1084B000BCE76078DC4E00F00701012923D00229D7
:1084C0000CD0032933D0FFDF98F801104046491C37
:1084D000C9B288F801100F2934D035E0616821B1A4
:1084E000000702D46088FFF723FE98F8EA014746A8
:1084F000012802D1707802F057FD97F9EA010428AB
:10850000E2DBFFDFE0E7616819B14422B06807F001
:108510004DFC98F8E9014746032802D1707802F033
:1085200043FD97F9E9010428CEDBFFDFCCE7C00665
:1085300002D56088FFF7FCFD98F9EB010628C3DB44
:10854000FFDFC1E780F801A08178491E8170617862
:1085500001F0070101EB080090F8E811491C80F8D0
:10856000E811A4E770B50D460446F8F764FE18B9A3
:108570002846F8F786FE08B1102070BD294620462F
:10858000BDE8704009F002BB70B5054609F021FB5B
:10859000C4B22846F8F793FE08B1102070BD35B17B
:1085A00028782C7018B1A04201D0072070BD204659
:1085B000FDF7D2FD052805D109F00FFB012801D0F8
:1085C000002070BD0F2070BD70B5044615460E46E4
:1085D0000846F8F730FE18B92846F8F752FE08B1F9
:1085E000102070BD022C03D0102C01D0092070BDCA
:1085F0002A463146204609F0F9FA0028F7D005202E
:1086000070BD70B514460D460646F8F714FE38B92D
:108610002846F8F736FE18B92046F8F750FE08B19C
:10862000102070BD22462946304609F0FEFA002887
:10863000F7D0072070BD3EB50446F8F722FE08B11A
:1086400010203EBD684606F0C0F9FFF75DFB00282C
:10865000F7D19DF806002070BDF808006080BDF8D5
:108660000A00A08000203EBD70B505460C460846B5
:10867000F8F725FE20B93CB12068F8F702FE08B1F2
:10868000102070BDA08828B121462846BDE8704062
:10869000FDF7BABD092070BD70B505460C46084609
:1086A000F8F7C9FD30B9681E1E2814D82046F8F71F
:1086B000C2FD08B1102070BD032D01D9072070BD87
:1086C00005B9FFDF594800EB850050F8041C20462F
:1086D000BDE870400847A5F120001F2805D82146B5
:1086E0002846BDE87040F9F7C1BCF02D0AD0BF2D77
:1086F000E4D1A078218800F0010001F08DFA68B182
:10870000002070BDA068F8F796FD0028D2D1204661
:1087100006F04CFDBDE87040FFF7F6BA082070BDCA
:1087200070B504460D460846F8F7ABFD30B9601E3B
:108730001E280FD82846F8F77EFD08B1102070BD1E
:10874000012C03D0022C01D0032C01D1062070BDD6
:10875000072070BDA4F120001F28F9D82946204623
:10876000BDE87040F9F7D0BC07F03AB81CB5002955
:108770001FD104F02AFE2C4800224178C06805F081
:108780001DFF29481030C0788DF8000010B1012875
:1087900002D004E0012000E000208DF800006846CF
:1087A00006F06BF9214824380068019001A806F012
:1087B000BFFA1CBD30B51B4D0446383D6878A04259
:1087C00000D8FFDF686800EB041030BD70B51548B5
:1087D000002538382C46467807E02046FFF7EAFFA8
:1087E0004078641C2844C5B2E4B2B442F5D12846AE
:1087F00070BD021D5143452900D245210844C01CCB
:10880000B0FBF2F0C0B270472DE9FC5F06460548A8
:108810004FF0000838388B464746444690F80190A0
:1088200029E000008C030020180000201CB101008A
:108830002046FFF7BFFF050000D1FFDF68786946DB
:108840003844C7B22846FEF7EAFF824601A9284607
:10885000FEF7FFFF0346BDF804005246001D81B23B
:10886000BDF80000001D80B207F0A6FC6A78641C09
:1088700000FB0288E4B24C45DAD13068C01C20F01D
:1088800003003060BBF1000F00D0002042463946A3
:1088900007F0A0FC316808443060BDE8FC9F5649F1
:1088A00008710020C87070475349CA782AB10A7805
:1088B00001EB42110831814201D0012070470020B4
:1088C00070472DE9F04106460078154600F00F0488
:1088D00000201080601E0F46052800D3FFDF4748A8
:1088E0002A4600EB8400394650F8043C3046BDE887
:1088F000F04118472DE9F0413F4E0C46383E4028E4
:1089000006D041281AD0422822D0432826D11AE086
:1089100020786578012801D913201DE5FF2D08D89E
:1089200009F0F4FA07460AF053FD381A401EA8422F
:1089300001DA122010E5208830810DE0BDE8F04119
:10894000084600F00DB80878022807D8307603E012
:108950000878022802D870760020FDE40720FBE4A6
:1089600038B50446407800F00300012803D00228FF
:108970000BD0072038BD606858B1F8F7A9FCD0B912
:108980006068F8F79CFC20B915E06068F8F753FCC4
:1089900088B969462046FBF77FF90028EAD160785C
:1089A00000F00300022808D19DF8000028B160689B
:1089B000F8F785FC08B1102038BD6189F8290ED878
:1089C000208988420BD8607800F003020A483838C2
:1089D000012A06D1D731C26989B28A4201D209205F
:1089E00038BD94E80E0000F10C0585E80E000AB9C8
:1089F00000218182002038BD8C03002004B10100D9
:108A00002DE9F041074614468846084601F024FD4A
:108A1000064608EB88001C22796802EBC0000D189E
:108A2000688C58B14146384601F025FD014678680A
:108A30000078C200082305F120000CE0E88CA8B102
:108A40004146384601F01EFD01467868082340780B
:108A5000C20005F1240007F000FA38B106212172A6
:108A60006681D0E90010C4E9031009E028780928DC
:108A70000BD00520207266816868E06000202870B5
:108A80002046BDE8F04101F0C8BC07202072668195
:108A9000F4E72DE9F04116460D460746406801EB24
:108AA00085011C2202EBC1014418204601F00CFD97
:108AB00040B10021708865F30F2160F31F4105204C
:108AC0000BF02CF909202070324629463846BDE8C3
:108AD000F04195E72DE9F0410E46074600241C21A0
:108AE000F07816E004EB8403726801EBC303D25CF8
:108AF0006AB1FFF7EBFA050000D1FFDF6F802A466D
:108B000021463046FFF7C5FF0120BDE8F081641C17
:108B1000E4B2A042E6D80020F7E770B5064600248C
:108B20001C21C0780AE000BF04EB8403726801EBEB
:108B3000C303D5182A782AB1641CE4B2A042F3D842
:108B4000402070BD28220021284604F01CFC7068DB
:108B500080892881204670BD70B5034600201C2501
:108B6000DC780CE000EB80065A6805EBC606324460
:108B7000167816B1128A8A4204D0401CC0B28442D0
:108B8000F0D8402070BDF0B5044600201C26E578E2
:108B90000EE000BF00EB8007636806EBC7073B44AD
:108BA0001F788F4202D15B78934204D0401CC0B240
:108BB0008542EFD84020F0BD0078032801D0002086
:108BC0007047012070470078022801D000207047CC
:108BD000012070470078072801D00020704701204D
:108BE00070472DE9F041064688461078F178154621
:108BF000884200D3FFDF2C781C27641CF078E4B295
:108C0000A04201D8201AC4B204EB8401706807EBBB
:108C1000C1010844017821B14146884708B12C7050
:108C200073E72878A042E8D1402028706DE770B53E
:108C300014460B880122A240134207D113430B8034
:108C400001230A22011D07F0D2F8047070BD2DE93E
:108C5000FF4F81B00878DDE90E7B9A4691460E46BB
:108C600040072CD4019807F06EFB040000D1FFDF11
:108C700007F1040820461FFA88F106F0BDFC050044
:108C800000D1FFDF204629466A4606F008FF00981B
:108C9000A0F80370A0F805A0284606F0AEFF017802
:108CA00069F306016BF3C711017020461FFA88F1C2
:108CB00006F0E5FC00B9FFDF019805F027FC06EBA4
:108CC0000900017F491C017705B0BDE8F08F2DE94F
:108CD000F84F0E469A4691460746032107F0EEF9F3
:108CE0000446008DDFF87C85002518B198F8000057
:108CF000B0421ED1384607F026FB070000D1FFDF47
:108D000009F10401384689B206F076FC050010D05E
:108D1000384629466A4606F0C2FE009800210A46F7
:108D20000180817005F067FC0098C01DCAF8000042
:108D300021E098F80000B04216D104F1260734F87B
:108D4000341F012000FA06F911EA090F00D0FFDFF5
:108D50002088012340EA090020800A22391D384674
:108D600007F060F8067006E0324604F1340104F1C1
:108D70002600FFF75CFF0A2188F800102846BDE8AE
:108D8000F88FFEB515460C46064602AB0C220621AE
:108D9000FFF79DFF002827D00299607812220A7001
:108DA000801C487008224A80A070029829880523F8
:108DB00081806988C180A9880181E9884181002575
:108DC0000C20CDE90005062221463046FFF73FFF83
:108DD0002946002266F31F41F02310460AF0F4FEF4
:108DE0006078801C60700120FEBD2DE9FE430C46BA
:108DF000804644E002AB0E2207214046FFF767FFA2
:108E0000002841D060681C2267788678BF1C06EB7A
:108E1000860102EBC10145180298142101704770C8
:108E20000A214180698A0181E98A4181A98881807A
:108E3000A9898181304601F00FFB029905230722A1
:108E4000C8806F700420287000250E20CDE9000531
:108E500021464046FFF7FBFE294666F30F2168F3E3
:108E60001F41F023002205200AF0AEFE6078FE4983
:108E7000801C607062682046921CFFF7B2FE60683A
:108E800080784028B6D10120BDE8FE83FEB50D46AE
:108E9000064638E002AB0E2207213046FFF717FFE7
:108EA000002835D068681C23C17801EB810203EBF0
:108EB000C2028418029815220270627842700A2257
:108EC0004280A2894281A2888281084601F0C4FAC8
:108ED000014602988180618AC180E18A0181A0886F
:108EE000B8B10020207000210E20CDE9000105233B
:108EF000072229463046FFF7AAFE6A68DB49284662
:108F0000D21CFFF76EFE6868C0784028C2D10120ED
:108F1000FEBD0620E6E72DE9FE430C46814644E00F
:108F2000204601F0BBFAD0B302AB08220721484625
:108F3000FFF7CDFE0028A7D060681C22657806796F
:108F4000AD1C06EB860102EBC10147180298B7F889
:108F5000108006210170457004214180304601F0E7
:108F60007BFA0146029805230722C180A0F80480FD
:108F70007D70082038700025CDE90005214648465F
:108F8000FFF765FE294666F30F2169F31F41F023C1
:108F9000002205200AF018FE6078801C607062686C
:108FA000B3492046121DFFF71CFE60680179402975
:108FB000B6D1012068E72DE9F34F83B00D4691E06B
:108FC000284601F06BFA00287ED068681C2290F8D1
:108FD00006A00AEB8A0102EBC1014418514628465B
:108FE00001F050FAA178CB0069684978CA000146BF
:108FF00004F1240006F04DFF07468188E08B4FF016
:109000000009091A8EB208B1C84607E04FF00108FE
:10901000504601F00CFA08B9B61CB6B2208BB0422B
:1090200000D80646B34602AB324607210398FFF745
:109030004EFE060007D0B8F1000F0BD0504601F0ED
:10904000F6F910B106E000203EE60299B8884FF02C
:10905000020908800196E28B3968ABEB09001FFA20
:1090600080F80A4403984E46009207F06CF9DDE957
:109070000021F61D4346009606F08BFDE08B404430
:1090800080B2E083B988884201D1012600E0002641
:10909000CDE900B6238A072229460398FFF7D7FDBA
:1090A000504601F0C4F910B9E089401EE0815EB17C
:1090B000A078401CA0706868E978427811FB02F142
:1090C000CAB20123816900E006E00E3006F08FFE8F
:1090D00080F800A00020E0836A6866492846921D57
:1090E000FFF77FFD6868817940297FF469AF01202F
:1090F000EAE570B5064648680D4614468179402970
:1091000010D104EB84011C2202EBC101084401F0E0
:10911000FCF9002806D06868294684713046BDE80D
:10912000704048E770BDFEB50C460746002645E096
:10913000204601F0B3F9D8B360681C22417901EBF5
:10914000810102EBC1014518688900B9FFDF02AB5C
:10915000082207213846FFF7BAFD002833D00299CC
:10916000607816220A70801C48700420488060686D
:10917000407901F071F901460298052307228180A8
:109180006989C1800820CDE9000621463846FFF7ED
:109190005EFD6078801C6070A88969890844B0F51C
:1091A000803F00D3FFDFA88969890844A8816E81C8
:1091B000626831492046521DFFF713FD606841790E
:1091C0004029B5D10120FEBD30B5438C458BC3F39A
:1091D000C704002345B1838B641EED1AC38A6D1E3C
:1091E0001D4495FBF3F3E4B22CB1008918B1A04201
:1091F00000D8204603444FF6FF70834200D3034655
:1092000013800C7030BD2DE9FC41074616460D4613
:10921000486802EB86011C2202EBC10144186A4631
:1092200001A92046FFF7D0FFA089618901448AB2D5
:10923000BDF80010914212D0081A00D500206081BC
:109240006868407940280AD1204601F054F9002886
:1092500005D06868294646713846FFF764FFBDE8C7
:10926000FC8100002C000020B98B0000C78B00009F
:10927000D58B00000BA50000F7A400002DE9FE4FE0
:109280000F46814615465088032106F017FF0190CE
:10929000B9F8020001F0D3F882460146019801F0C6
:1092A000FDF8002824D001981C2241680AEB8A00AE
:1092B00002EBC0000C18204601F006F9002817D177
:1092C000B9F80000E18A88420ED8A18961B1B8429C
:1092D0000ED100265146019801F0CDF8218C01EB0A
:1092E0000008608B30B114E0504601F0A0F8A0B344
:1092F000BDE8FE8F504601F09AF808B1678308E098
:10930000022FF5D3B9F804006083618A884224D81B
:109310000226B81B87B2B8F80400A28B801A002876
:1093200014DD874200DA38461FFA80FB68886968D6
:109330000291D8F800100A44009206F0F2FFF61DE0
:10934000009A5B460299009606F0EFFBA08B38442A
:1093500080B2A083618B884207D96888019903B0E5
:109360005246BDE8F04F01F0EDB81FD14FF00900B3
:109370002872B9F802006881D8E90010C5E9041024
:10938000608BA881284601F048F85146019801F009
:1093900072F801460198082340680078C20004F181
:1093A000200006F05AFD0020A0836083504601F0A3
:1093B0003EF810B9A089401EA0816888019903B0C9
:1093C0000AF0FF02BDE8F04F1DE72DE9F041064627
:1093D00015460F461C461846F7F72DFF18B92068AA
:1093E000F7F74FFF08B110201AE47168688C09780C
:1093F000B0EBC10F01D3132012E43946304601F01F
:109400003AF80146706808230078C20005F1200090
:1094100006F0EDFCD4E90012C0E90012002005E4DA
:1094200010B50446032106F049FE014600F114027E
:109430002046BDE81040A4E470B50446032106F0C0
:109440003DFE054601462046FFF765FD002816D083
:1094500029462046FFF767FE002810D029462046FF
:10946000FFF714FD00280AD029462046FFF7BDFC6F
:10947000002804D029462046BDE870409BE570BD19
:109480002DE9F0410C4680461EE0E178427811FB60
:1094900002F1CAB2816901230E3006F0DEFC0778C2
:1094A00060681C22C179491EC17107EB87016068A1
:1094B00002EBC10146183946204600F0EFFF18B113
:1094C000304600F0FAFF20B16068C1790029DCD194
:1094D0008AE7FEF7FBFD050000D1FFDF0A202872B6
:1094E000384600F0B9FF68813946204600F0CAFFCF
:1094F0000146606808234078C20006F1240006F0A7
:10950000ACFCD0E90010C5E90310A5F8028028469C
:1095100000F083FFB07800B9FFDFB078401EB07074
:1095200062E770B50C460546032106F0C7FD01460B
:109530004068C2792244C2712846BDE870409FE766
:109540002DE9FE4F8246507814460F464FF0000832
:10955000002850D0012807D0022822D0FFDF206841
:10956000B8606068F860C3E602AB0E22082150467E
:10957000FFF7ADFB0028F2D00298152105230170FA
:10958000217841700A214180C0F80480C0F8088029
:10959000A0F80C80628882810E20CDE900080822A4
:1095A00021E0A678304600F057FF054606EB86011D
:1095B0002C22786802EBC1010822465A02AB114600
:1095C0005046FFF784FB0028C9D00298072101709C
:1095D000217841700421418008218580C680CDE931
:1095E000001805230A4639464FEA0A00FFF72FFB09
:1095F00087F808807CE6A678022516B1022E13D0E3
:10960000FFDF2A1D914602AB08215046FFF75FFBA2
:109610000028A4D002980121022E01702178417007
:109620004580868002D005E00625EAE7A188C18052
:10963000E1880181CDE9009805230822394650468A
:10964000D4E710B50446032106F038FD014600F1C9
:1096500008022046BDE8104072E72DE9F04F0F46A2
:10966000054687B014465088032106F027FD4FF0C9
:1096700000088DF808800646ADF80A80042F5CD3F8
:109680006A78002A59D028784FF6FF794FF01C0AE3
:10969000132815D006DC01286FD006282BD0072808
:1096A00006D16EE0142869D0152868D0162867D036
:1096B000CDF80080CDF8048068788DF8000037E0A0
:1096C000B078904239D13078010736D5062F34D1A1
:1096D00020F0080030706088414660F31F41002090
:1096E0000AF01CFB02208DF80800ADF80C90A88849
:1096F000ADF80E00F4E0082F1FD1A888EF8881464E
:1097000000F09DFE80460146304600F0C7FE18B1CD
:10971000404600F08CFE98B1FA48D0E90010CDE93F
:1097200000106878ADF804908DF80000ADF8067070
:1097300060886A463146FFF703FF07B0BDE8F08F47
:10974000716808EB88002C2202EBC000085AB8426E
:10975000F3D1EC486A46D0E90210CDE900106878F0
:109760008DF8000008F0FF058DF802506088314642
:10977000FFF7E6FE2246294623E097E025E0CEE00B
:1097800023E1082FD9D1B5F80480E88800F057FE0E
:1097900007460146304600F081FE0028CDD007EB99
:1097A000870271680AEBC2000844028A4245C4D1AC
:1097B00001780829C1D1407869788842BDD1F9B2D1
:1097C00022463046FFF765F9B7E70E2F7FF470AFFA
:1097D000E9886F898B46B5F808903046FFF7BCF9E9
:1097E000ABF14001402901D3092048E0B9F1170F3E
:1097F00001D3172F01D20B2041E040280ED000EBFF
:10980000800271680AEBC20008440178012903D183
:1098100040786978884290D00A2030E03046FFF7DF
:109820007CF940282AD000EB800372680AEBC30160
:1098300002EB0108012288F800206A7888F80120EC
:109840007168AA884989B94200D93946AD8903238C
:109850002372A282E7812182A4F80C90658200F035
:10986000FBFD6081A8F81490A8F81870A8F80E50B5
:10987000A8F810B0204600F0D0FD5EE704200521D6
:109880002172A4F80A80E081012121739D49D1E968
:109890000421CDE9002169788DF80010ADF80200AF
:1098A00060886A463146FFF74BFEE3E7062F8BD30D
:1098B000B07890421AD13078010717D520F008000F
:1098C00030706088414660F31F4100200AF026FA9C
:1098D00002208DF80800A888ADF80C00ADF80E90B5
:1098E0006088224602A9F8F785FB26E70421304666
:1098F000FFF749F905464028BFD0022083030090B6
:1099000022462946304600F0E6FD4146608865F370
:109910000F2160F31F4105200AF000FA0DE70E2F1A
:10992000ABD104213046FFF72EF981464028A4D060
:109930004146608869F30F2160F31F4105200AF05A
:10994000EDF9A88906906889009070682F89408990
:10995000B84200D938468346B5F80680A8880190F9
:10996000484600F079FD6081069818B10220009009
:10997000069B24E0B8F1170F1ED3172F1CD3042029
:10998000207200986082E781A4F810B0A4F80C80DF
:1099900009EB890271680AEBC2000D18DDE90002CB
:1099A000A5F81480A5F818B0E8812A82204600F0B6
:1099B00034FD06202870C0E601200B2300902246CB
:1099C0004946304600F087FDB7E6082F8DD1A988BB
:1099D0003046FFF7C1F80746402886D000F027FD43
:1099E00000289BD107EB870271680AEBC20008448C
:1099F000804600F069FD002890D1ED88B8F80E008F
:109A00002844B0F5803F05D360883A46314600F0DF
:109A100099FD92E6002DCED0A8F80E0060883A4657
:109A20003146FFF766FB08202072384600F014FD2F
:109A30006081A5811EE72DE9F05F0C4601281ED04C
:109A4000957992F80480567905EB85011F2202EB87
:109A5000C10121F0030B08EB060111FB05F14FF6E4
:109A6000FF7202EAC10909F1030115FB0611264F35
:109A700021F0031ABB6840B101283ED125E061689E
:109A8000E57891F800804E78DEE75946184606F0F2
:109A900062F9606000B9FFDF5A460021606803F098
:109AA00072FCE5705146B86806F055F96168486186
:109AB00000B9FFDF6068426902EB090181616068FB
:109AC00080F800806068467017E06068524641691F
:109AD000184606F06BF95A466168B86806F066F9F0
:109AE000032006F097FA0446032006F09BFA201A9A
:109AF000012802D1B86806F023F90BEB0A00BDE893
:109B0000F09F000028B101002C0000200246002137
:109B1000022090E7F7B5FF4C0A2016462070009807
:109B200060B100254FEA0D0006F0F7F80021A170A2
:109B30006670002D01D10099A160FEBD01250020B5
:109B4000F2E770B50C46154638220021204603F096
:109B50001AFC012666700A22002104F11C0003F0A1
:109B600012FC05B9FFDF297A207861F3010020702B
:109B7000A87900282DD02A4621460020FFF75BFF58
:109B800061684020E34A88706168C8706168087144
:109B900061684871616888716168288808816168B6
:109BA00068884881606886819078002811D0616853
:109BB0000620087761682888C885616828884886F3
:109BC0006068068560686988928801868186468516
:109BD000828570BDC878002802D0002201202AE7C3
:109BE000704770B50546002165F31F4100200AF05B
:109BF00095F80321284606F061FA040000D1FFDF42
:109C000021462846FEF766FF002804D0207840F061
:109C100010002070012070BD70B505460C46032071
:109C200006F0EAF908B1002070BDBA48857084805A
:109C3000012070BD2DE9FF4180460E460F0CFEF756
:109C400045FA050007D06F800321384606F036FA42
:109C5000040008D106E004B03846BDE8F041132105
:109C6000F8F79EBDFFDF5FEA080005D0B8F1050FE9
:109C700018D0FFDFBDE8FF8120782A4620F00800D9
:109C800020700020ADF8020002208DF800004FF691
:109C9000FF70ADF80400ADF8060069463846F8F7E5
:109CA000A9F9E7E7C6F3072101EB81021C236068ED
:109CB00003EBC202805C042803D008280AD0FFDF2F
:109CC000D8E7012000904FF440432A46204600F098
:109CD00002FCCFE704B02A462046BDE8F041FEF77B
:109CE000D8BE2DE9F05F05464089002790460C4616
:109CF0003E46824600F0A3FB8146287AC01E082813
:109D00006BD2DFE800F00D04192058363C4772276B
:109D10001026002C6CD0D5E90301C4E902015CE0F7
:109D200070271226002C63D00A2205F10C0104F1E1
:109D3000080003F0FEFA50E071270C26002C57D0E3
:109D4000E868A06049E0742710269CB3D5E90301B8
:109D5000C4E902016888032106F0B0F98346FEF7E2
:109D6000B5F902466888508049465846FEF748FED5
:109D700033E075270A26ECB1A88920812DE07627EB
:109D80001426BCB105F10C0004F1080307C883E8F0
:109D9000070022E07727102664B1D5E90301C4E962
:109DA00002016888032106F089F901466888FFF7F7
:109DB00067FB12E01CE073270826CCB168880321FA
:109DC00006F07CF901460078C00606D56888FEF7E3
:109DD00081FE10B96888F7F703FEA8F800602CB17F
:109DE0002780A4F806A066806888A080002086E608
:109DF000A8F80060FAE72DE9FC410C461E4617461C
:109E00008046032106F05AF905460A2C0AD2DFE8FB
:109E100004F005050505050509090907042303E004
:109E2000062301E0FFDF0023CDE900762246294624
:109E30004046FEF70CFFBDE8FC81F8B50546A0F5ED
:109E40007F40FF382BD0284606F06BFA040000D183
:109E5000FFDF204605F001FE002821D001466A46BA
:109E6000204605F01CFE00980321B0F80560284646
:109E700006F024F90446052E13D0304600F0DFFA30
:109E800005460146204600F009FB40B1606805EB3D
:109E900085013E2202EBC101405A002800D001207A
:109EA000F8BD007A0028FAD00020F8BDF8B50446C5
:109EB000408806F036FA050000D1FFDF6A462846E2
:109EC000616800F0A8FA01460098091F8BB230F8CB
:109ED000032F0280428842800188994205D1042ADA
:109EE00008D0052A20D0062A16D022461946FFF7A8
:109EF000C5F9F8BD001D0E4605460146224630460E
:109F0000FBF763F90828F4D1224629463046FCF7CE
:109F1000C2F9F8BD2C000020636864880A46011D60
:109F20002046F9F7C5FBF4E72246001DFFF795FB35
:109F3000EFE770B50D460646032106F0BFF80400B2
:109F400004D02078000704D5112070BD43F2020030
:109F500070BD2A4621463046FEF713FF18B928681F
:109F600060616868A061207840F0080020700020DF
:109F700070BD2DE9F04F0E4691B08046032106F0EA
:109F80009DF80446404606F0DEF90746002007909B
:109F900008900990ADF830000A9002900390049068
:109FA00004B9FFDF0DF10809FFB9FFDF1DE03846F6
:109FB0000BA9002205F014FC9DF82C0000F07F0591
:109FC0000A2D00D3FFDF6019017F491E01779DF83C
:109FD0002C00000609D52A460CA907A8FEF727FE83
:109FE00019F80510491C09F80510761EF6B2DED2E4
:109FF00004F13400F84D04F1260BDFF8E0A304F17E
:10A000002A07069010E05846069900F08DFA064699
:10A0100028700A2800D3FFDF5AF8261040468847E8
:10A02000E08CC05DB04202D0208D0028EBD10A2028
:10A030002870EA4D4E4628350EE00CA907A800F01E
:10A0400073FA0446375D55F8240000B9FFDF55F870
:10A050002420394640469047BDF81E000028ECD128
:10A0600011B0BDE8F08F10B5032106F027F8040009
:10A0700000D1FFDF0A22002104F11C0003F083F964
:10A08000207840F00400207010BD10B50C4603216C
:10A0900006F014F82044007F002800D0012010BDF5
:10A0A0002DE9F84F894615468246032106F006F849
:10A0B000070004D02846F7F7BEF840B903E043F2A2
:10A0C0000200BDE8F88F4846F7F7DBF808B110202A
:10A0D000F7E7786828B169880089814201D90920A9
:10A0E000EFE7B9F800001C2488B100F0A8F9804619
:10A0F0000146384600F0D2F988B108EB880079684B
:10A1000004EBC000085C01280BD00820D9E73846D2
:10A11000FEF703FD8046402807D11320D1E7052034
:10A12000CFE7FDF7D3FF06000BD008EB8800796876
:10A1300004EBC0000C18B9F8000020B1E88910B198
:10A1400013E01120BDE72888172802D36888172854
:10A1500001D20720B5E7686838B12B1D2246414679
:10A160003846FFF732F90028ABD104F10C026946FA
:10A170002046FFF729F8288860826888E082B9F8CD
:10A18000000030B102202070E889A080E889A0B1E9
:10A190002BE003202070A889A0807868817840296E
:10A1A00005D180F8028039465046FEF71EFE404633
:10A1B00000F052F9A9F8000021E07868218B40896D
:10A1C000884200D908462083A6F802A004203072F5
:10A1D000B9F800007081E0897082F181208B3082B3
:10A1E000A08AB081304600F018F97868C17840291B
:10A1F00005D180F8038039465046FEF747FE00201F
:10A200005FE770B50D460646032105F057FF0400D1
:10A210000ED0284600F013F905460146204600F00E
:10A220003DF918B1284600F002F920B1052070BDB3
:10A2300043F2020070BD05EB85011C22606802EB51
:10A24000C101084400F040F908B1082070BD2A4659
:10A250002146304600F076F9002070BD2DE9F0412E
:10A260000C4617468046032105F028FF0546204688
:10A2700000F0E5F8044695B10146284600F00EF9D5
:10A2800080B104EB84011C22686802EBC10146180E
:10A29000304600F019F938B10820BDE8F08143F2EA
:10A2A0000200FAE70520F8E73B46324621462846F9
:10A2B000FFF78BF80028F0D1E2B229464046FEF7BE
:10A2C000A2FF708C0838082803D24348407800F079
:10A2D0006BFE0020E1E72DE9F0410D461746804670
:10A2E000032105F0EBFE0446284600F0A8F80646D8
:10A2F00024B13846F6F79FFF38B902E043F2020076
:10A30000CBE73868F6F797FF08B11020C5E731466C
:10A31000204600F0C3F860B106EB86011C2260689D
:10A3200002EBC1014518284600F0CEF818B108200C
:10A33000B3E70520B1E7B888A98A884201D90C2083
:10A34000ABE76168E88C4978B0EBC10F01D313200B
:10A35000A3E73146204600F095F8014660680823DF
:10A360004078C20005F1240005F041FDD7E9001254
:10A37000C0E90012F2B221464046FEF7BAFE0020C4
:10A380008BE72DE9F0470D461F4690468146032195
:10A3900005F094FE0446284600F051F806463CB10C
:10A3A0004DB13846F6F78BFF50B11020BDE8F0876D
:10A3B00043F20200FAE7606858B1A0F80C8028E088
:10A3C0003146204600F06AF818B1304600F02FF808
:10A3D00030B10520EAE700002C00002040B1010068
:10A3E00006EB86011C22606802EBC1014518284675
:10A3F00000F06AF808B10820D8E7A5F80880F2B2A2
:10A4000021464846FEF7FFFE1FB1A8896989084426
:10A4100038800020CAE705F042BB017821F00F0127
:10A42000491C21F0F00110310170FDF753BE20B935
:10A430004E48807808B101207047002070474B4992
:10A440008988884201D100207047402801D24020ED
:10A4500000E0403880B2704710B50446402800D96B
:10A46000FFDF2046FFF7E3FF10B14048808810BDB2
:10A470004034A0B210BD406842690078484302EB06
:10A48000C0007047C2784068037812FB03F243783B
:10A49000406901FB032100EBC1007047C2788A428A
:10A4A00009D9406801EB81011C2202EBC101405C2B
:10A4B00008B101207047002070470078062801D9B4
:10A4C00001207047002070470078062801D0012045
:10A4D000704700207047F0B401EB81061C274468E8
:10A4E00007EBC6063444049D05262670E3802571DB
:10A4F000F0BCFEF785BA10B5418911B1FFF7DDFF59
:10A5000008B1002010BD012010BD10B5C18C8278AB
:10A51000B1EBC20F04D9C18911B1FFF7CEFF08B169
:10A52000002010BD012010BD10B50C4601230A22E9
:10A53000011D05F092FC00782188012282409143A0
:10A54000218010BDF0B402EB82051C264C6806EB9E
:10A55000C505072363554B681C79402C03D11A713C
:10A56000F0BCFEF7D8BCF0BC704700002C00002007
:10A5700070B50B2000F0BDF9082000F0BAF90021F9
:10A580000B2000F0D4F90021082000F0D0F9F44CA1
:10A5900001256560A5600020C4F84001C4F84401AD
:10A5A000C4F848010B2000F0B5F9082000F0B2F91A
:10A5B0000B2000F091F9256070BD10B50B2000F064
:10A5C00098F9082000F095F9E54801214160816083
:10A5D000E4490A68002AFCD10021C0F84011C0F803
:10A5E0004411C0F848110B2000F094F9BDE8104068
:10A5F000082000F08FB910B50B2000F08BF9BDE8F2
:10A600001040082000F086B900B530B1012806D00E
:10A61000022806D0FFDF002000BDD34800BDD3488C
:10A6200000BDD248001D00BD70B5D1494FF00040BB
:10A630000860D04DC00BC5F80803CF480024046063
:10A64000C5F840410820C43500F053F9C5F83C4135
:10A65000CA48047070BD08B5C14A002128B101285C
:10A6600011D002281CD0FFDF08BD4FF48030C2F8A3
:10A670000803C2F84803BB483C300160C2F84011EF
:10A68000BDE80840D0E74FF40030C2F80803C2F834
:10A690004803B44840300160C2F84411B3480CE0AC
:10A6A0004FF48020C2F80803C2F84803AD48443094
:10A6B0000160C2F84811AD48001D0068009008BD57
:10A6C00070B516460D460446022800D9FFDF002269
:10A6D000A348012304F110018B4000EB8401C1F871
:10A6E000405526B1C1F84021C0F8043303E0C0F85A
:10A6F0000833C1F84021C0F8443370BD2DE9F04162
:10A700001D46144630B1012833D0022838D0FFDF6F
:10A71000BDE8F081891E002221F07F411046FFF73D
:10A72000CFFF012D23D00020944D924F0126687059
:10A730003E61914900203C3908600220091D0860F3
:10A740008D490420303908608B483D34046008206E
:10A750006C6000F0DFF83004C7F80403082000F054
:10A76000BBF88349F007091F08602E70D0E701206D
:10A77000DAE7012B02D00022012005E00122FBE7ED
:10A78000012B04D000220220BDE8F04198E701220D
:10A79000F9E774480068704770B500F0D8F8704C5D
:10A7A0000546D4F840010026012809D1D4F8080351
:10A7B000C00305D54FF48030C4F80803C4F84061E5
:10A7C000D4F8440101280CD1D4F80803800308D53B
:10A7D0004FF40030C4F80803C4F84461012008F0C5
:10A7E00014FAD4F8480101280CD1D4F80803400326
:10A7F00008D54FF48020C4F80803C4F8486102204B
:10A8000008F003FA5E48056070BD70B500F09FF86F
:10A810005A4D0446287850B1FFF706FF687818B102
:10A820000020687008F0F1F95548046070BD0320FD
:10A83000F8E74FF0E0214FF40010C1F80002704734
:10A84000152000F067B84B4901200861082000F08E
:10A8500061B848494FF47C10C1F808030020024653
:10A8600001EB8003C3F84025C3F84021401CC0B26F
:10A870000628F5D37047410A43F609525143C0F305
:10A88000080010FB02F000F5807001EB50207047CB
:10A8900010B5430B48F2376463431B0C5C020C6039
:10A8A000384C03FB0400384B4CF2F72443435B0D58
:10A8B00013FB04F404EB402000F58070401210708C
:10A8C00008681844086010BD2C4840687047294942
:10A8D0000120C1F800027047002809DB00F01F02C8
:10A8E000012191404009800000F1E020C0F80011F2
:10A8F000704700280DDB00F01F0201219140400944
:10A90000800000F1E020C0F88011BFF34F8FBFF34B
:10A910006F8F7047002809DB00F01F020121914072
:10A920004009800000F1E020C0F88012704749071C
:10A93000090E002804DB00F1E02080F800147047C5
:10A9400000F00F0000F1E02080F8141D70470C4863
:10A95000001F00680A4A0D49121D1160704700006F
:10A9600000B0004004B500404081004044B10040C8
:10A9700008F501400080004040850040380000207C
:10A9800014050240F7C2FFFF6F0C01000100000137
:10A9900010B5EFF3108000F0010472B6FC48417866
:10A9A000491C41704078012801D108F081FD002C3C
:10A9B00000D162B610BD70B5F54CA07848B901253C
:10A9C000A570FFF7E5FF08F084FD20B1002008F036
:10A9D0004EFD002070BD4FF08040E570C0F804537C
:10A9E000F7E770B5EFF3108000F0010572B6E84CA0
:10A9F000607800B9FFDF6078401E6070607808B949
:10AA000008F05AFD002D00D162B670BDE04810B5C7
:10AA1000817821B10021C1708170FFF7E2FF002031
:10AA200010BD10B5044608F054FDD9498978084096
:10AA300000D001202060002010BD10B5FFF7A8FF56
:10AA400008F047FD02220123D149540728B1D1481B
:10AA5000026023610320087202E00A72C4F8043322
:10AA60000020887110BD2DE9F84FDFF8249342785B
:10AA7000817889F80420002689F80510074689F8AE
:10AA800006600078DFF810B3354620B1012811D0F8
:10AA9000022811D0FFDF08F02EFD4FF0804498B15E
:10AAA00008F030FDB0420FD1304608F02FFD0028ED
:10AAB000FAD042E00126EEE7FFF76AFF5846016848
:10AAC000C907FCD00226E6E70120E060C4F8045183
:10AAD000B2490E600107D1F84412B04AC1F34231C5
:10AAE00024321160AD49343108604FF0020AC4F8D5
:10AAF00004A3A060AA480168C94341F3001101F111
:10AB00000108016841F01001016001E010F030F926
:10AB1000D4F804010028F9D0304608F0F7FC0028EA
:10AB2000FAD0B8F1000F04D19D48016821F010015E
:10AB30000160C4F808A3C4F8045199F805004E4612
:10AB400080B1387870B908F0C4FC804608F0CAFEBD
:10AB50006FF00042B8F1000F02D0C6E9032001E017
:10AB6000C6E90302DBF80000C00701D008F0ADFC25
:10AB7000387810B13572BDE8F88F4FF01808C4F876
:10AB800008830127A7614FF42070ADF8000000BFD3
:10AB9000BDF80000411EADF80010F9D2C4F80C5108
:10ABA000C4F810517A48C01D08F030FD3570FFF729
:10ABB00044FF67617949307920310860C4F8048323
:10ABC000D9E770B5050000D1FFDF4FF080424FF0AC
:10ABD000FF30C2F808030021C2F80011C2F80411C6
:10ABE000C2F80C11C2F81011694C617008F07DFCBC
:10ABF00010B10120A070607067480068C00701D0E4
:10AC000008F063FC2846BDE870402CE76048007AF5
:10AC1000002800D0012070472DE9F04F61484FF027
:10AC2000000A85B0D0F800B0D14657465D4A5E496B
:10AC3000083211608406D4F8080110B14FF0010801
:10AC400001E04FF0000808F0B4FC78B1D4F824011A
:10AC500000B101208246D4F81C0100B101208146D8
:10AC6000D4F8200108B1012700E00027D4F8000142
:10AC700000B101200490D4F8040100B10120039038
:10AC8000D4F80C0100B101200290D4F8100100B1F9
:10AC900001203F4D0190287800260090B8F1000F68
:10ACA00004D0C4F80861012008F0E1FBBAF1000FFC
:10ACB00004D0C4F82461092008F0D9FBB9F1000FD1
:10ACC00004D0C4F81C610A2008F0D1FB27B1C4F8F5
:10ACD00020610B2008F0CBFB2D48C01D08F09EFC26
:10ACE00000B1FFDFDFF8AC800498012780B1C4F821
:10ACF0000873E87818B1EE70002008F0B8FB287AE5
:10AD0000022805D1032028720221C8F8001027610B
:10AD1000039808B1C4F80461029850B1C4F80C61FA
:10AD2000287A032800D0FFDFC8F800602F72FFF7F1
:10AD300058FE019838B1C4F81061287A012801D171
:10AD400000F05CF86761009838B12E70287A01280D
:10AD500001D1FFF772FEFFF744FE0D48C01D08F059
:10AD600073FC1049091DC1F800B005B0BDE8F08FB3
:10AD7000074810B5C01D08F051FC0549B0B10120CD
:10AD800008704FF0E021C1F80002BDE81040FFE577
:10AD900040000020340C00400C0400401805004026
:10ADA00010ED00E01005024001000001087A0128C2
:10ADB00001D1FFF742FEBDE81040244808F044BC32
:10ADC00070B5224CE41FA07808B908F075FB01208B
:10ADD0008507A861207A0026032809D1D5F80C013F
:10ADE00020B9002008F092FB0028F7D1C5F80C61CB
:10ADF00026724FF0FF30C5F8080370BD70B5134CD4
:10AE0000E41F6079F0B1012803D0A179401E81428E
:10AE100018DA08F05EFB054608F064FD6179012947
:10AE200002D9A179491CA1710DB1216900E0E16845
:10AE3000411A022902DA11F1020F06DC0DB120617C
:10AE400000E0E060BDE87040F7E570BD470000201D
:10AE5000374901200860704770B50D2000F049F8AF
:10AE6000344C0020C4F800010125C4F804530D201F
:10AE700000F050F825604FF0E0216014C1F80001A7
:10AE800070BD10B50D2000F034F82A480121416052
:10AE90000021C0F80011BDE810400D2000F03AB8C4
:10AEA000254810B504682449244808310860214920
:10AEB000D1F80001012804D0FFDF1F48001D046005
:10AEC00010BD1B48001D00680022C0B2C1F800215F
:10AED00008F05FFCF1E710B5164800BFD0F800118C
:10AEE0000029FBD0FFF7DCFFBDE810400D2000F08B
:10AEF00011B800280DDB00F01F020121914040092C
:10AF0000800000F1E020C0F88011BFF34F8FBFF345
:10AF10006F8F7047002809DB00F01F02012191406C
:10AF20004009800000F1E020C0F880127047000066
:10AF300004D5004000D0004010050240010000018F
:10AF40004FF0E0214FF00070C1F8800101F5C071B1
:10AF5000BFF34F8FBFF36F8FC1F80001394B8022D1
:10AF600083F8002441F8800C704700B502460420A5
:10AF7000354903E001EBC0031B792BB1401EC0B281
:10AF8000F8D2FFDFFF2000BD41F8302001EBC00107
:10AF900000224A718A7101220A7100BD2A4A0021E9
:10AFA00002EBC0000171704710B50446042800D3BD
:10AFB000FFDF254800EBC4042079012800D0FFDF23
:10AFC0006079A179401CC0B2814200D060714FF01D
:10AFD000E0214FF00070C1F8000210BD70B50425EB
:10AFE000194E1A4C16E0217806EBC1000279012AAD
:10AFF00008D1427983799A4204D04279827156F815
:10B00000310080472078401CC0B22070042801D352
:10B01000002020706D1EEDB2E5D270BD0C4810B559
:10B0200004680B490B4808310860064890F8000492
:10B030004009042800D0FFDFFFF7D0FF0448001DBF
:10B04000046010BD19E000E07805002054000020E5
:10B0500010050240010000010F4A12680D498A42A2
:10B060000CD118470C4A12680A4B9A4206D101B516
:10B0700008F00AFC08F0DDFEBDE801400749096858
:10B080000958084706480749054A064B704700001B
:10B0900000000000BEBAFECA5800002004000020D4
:10B0A000B00F0020B00F002070B50C46054600F030
:10B0B00045FB21462846BDE8704001F026BC000053
:10B0C000F8B51D46DDE906470E000AD005F03BF94C
:10B0D0002346FF1DBCB231462A46009404F059FDB8
:10B0E000F8BDD0192246194602F023F92046F8BDD2
:10B0F00070B50D4604461022002102F044F9258166
:10B1000017206081A07B40F00A00A07370BD4FF64D
:10B11000FF720A800146022008F000BE70470089D5
:10B120007047827BD30701D1920703D480890880BE
:10B130000020704705207047827B920700D58181EF
:10B14000704701460020098841F6FE52114200D0A6
:10B150000120704700B50346807BC00701D0052061
:10B1600000BD59811846FFF7ECFFC00703D0987B5C
:10B1700040F004009873987B40F001009873002021
:10B1800000BD827B520700D509B140897047172066
:10B190007047827B61F3C302827370472DE9FC5FC5
:10B1A0000E46044601789646012000FA01F14DF65C
:10B1B000FF5201EA020962684FF6FF7B1188594588
:10B1C00002D10920BDE8FC9FB9F1000F05D041F67E
:10B1D000FE55294201D00120F4E741EA090111801E
:10B1E0001D0014D000232B7094F800C00521032209
:10B1F0001F464FF0020ABCF10E0F76D2DFE80CF0CA
:10B20000F909252F47646B77479193B4D1D804206F
:10B21000D8E7616820898B7B9B0767D517284AD3BD
:10B220000B89834247D38989172901D3814242D1AF
:10B2300085F800A0A5F80100328061688881606807
:10B24000817B21F002018173C6E0042028702089EF
:10B25000A5F801006089A5F803003180BCE0208AD0
:10B260003188C01D1FFA80F8414524D3062028707C
:10B270002089A5F801006089A5F80300A089A5F838
:10B2800005000721208ACDE90001636941E00CF047
:10B29000FF00082810D0082028702089A5F8010098
:10B2A0006089A5F8030031806A1D694604F10C002D
:10B2B00006F0BBFC10B15EE01020EDE730889DF891
:10B2C00000100844308087E00A2028702089A5F803
:10B2D0000100328044E00C2028702089A5F801008C
:10B2E0006089A5F8030031803AE082E064E02189BA
:10B2F000338800EB41021FFA82F843453BD3B8F193
:10B30000050F38D30E222A700BEA4101CDE9001057
:10B31000E36860882A467146FFF7D2FEA6F80080EF
:10B320005AE04020287060893188C01C1FFA80F8DC
:10B33000414520D32878714620F03F001230287014
:10B340002089A5F801006089CDE9000260882A46BD
:10B35000E368FFF7B5FEA6F80080287840063BD4E6
:10B3600061682089888037E0A0893288401D1FFAF3
:10B3700080F8424501D204273DE01620287020893C
:10B38000A5F801006089A5F80300A089CDE90001B6
:10B3900060882A4671462369FFF792FEA6F800806E
:10B3A000DEE718202870207A6870A6F800A013E065
:10B3B00061680A88920401D405271CE0C9882289A3
:10B3C000914201D0062716E01E2129703080606866
:10B3D000018821F400510180B9F1000F0BD0618880
:10B3E00078230022022008F0EFFB61682078887043
:10B3F00006E0338003276068018821EA09010180A3
:10B400003846DFE62DE9FF4F85B01746129C0D0048
:10B410001E461CD03078C10703D000F03F00192829
:10B4200001D9012100E000212046FFF7AAFEA84231
:10B430000DD32088A0F57F41FF3908D03078410630
:10B4400001D4000605D5082009B0BDE8F08F07201B
:10B45000FAE700208DF800008DF8010030786B1EAF
:10B4600000F03F0C0121A81E4FF0050A4FF0020921
:10B470004FF0030B9AB2BCF1200F75D2DFE80CF04D
:10B480008B10745E7468748C749C74B574BA74C8D0
:10B4900074D474E1747474F174EF74EE74ED748B9D
:10B4A000052D78D18DF80090A0788DF80400708873
:10B4B000ADF8060030798DF80100707800F03F009B
:10B4C0000C2829D00ADCA0F10200092863D2DFE8A9
:10B4D00000F0126215621A621D622000122824D048
:10B4E00004DC0E281BD01028DBD11BE016281FD04F
:10B4F0001828D6D11FE02078800701E02078400787
:10B50000002848DAEEE020780007F9E72078C00646
:10B51000F6E720788006F3E720784006F0E7207809
:10B520000006EDE72088C005EAE720884005E7E748
:10B5300020880005E4E72088C004E1E72078800740
:10B5400029D5032D27D18DF800B0B6F8010081E090
:10B55000217849071FD5062D1DD381B270780128A7
:10B5600003D0022817D102E0C9E0022000E0102039
:10B5700004228DF8002072788DF80420801CB1FB25
:10B58000F0F2ADF8062092B242438A4203D103970B
:10B59000ADF80890A6E079E02078000776D598B25B
:10B5A00082088DF800A0ADF80420B0EB820F6DD1B9
:10B5B0000297ADF8061095E02178C90666D5022DF0
:10B5C00064D381B206208DF80000707802285DD324
:10B5D000B1FBF0F28DF80400ADF8062092B24243C0
:10B5E0008A4253D1ADF808907BE0207880064DD593
:10B5F000072003E0207840067FD508208DF8000062
:10B60000A088ADF80400ADF80620ADF8081068E099
:10B610002078000671D50920ADF804208DF80000CF
:10B62000ADF8061002975DE02188C90565D5022DA9
:10B6300063D381B20A208DF80000707804285CD3AF
:10B64000C6E72088400558D5012D56D10B208DF82E
:10B650000000A088ADF8040044E021E026E016E0F8
:10B66000FFE72088000548D5052D46D30C208DF82E
:10B670000000A088ADF80400B6F803006D1FADF817
:10B680000850ADF80600ADF80AA02AE035E02088A1
:10B69000C00432D5012D30D10D208DF8000021E0FD
:10B6A0002088800429D4B6F80100E080A07B000740
:10B6B00023D5032D21D3307800F03F001B2818D06C
:10B6C0000F208DF80000208840F40050A4F80000FE
:10B6D000B6F80100ADF80400ED1EADF80650ADF867
:10B6E00008B0039769460598F9F7B8FA050008D03D
:10B6F00016E00E208DF80000EAE7072510E0082587
:10B700000EE0307800F03F001B2809D01D2807D03C
:10B710000220059908F002FB208800F400502080E8
:10B72000A07B400708D52046FFF70BFDC00703D1DB
:10B73000A07B20F00400A073284685E61FB50228F0
:10B7400006D101208DF8000088B26946F9F786FA23
:10B750001FBD0000F8B51D46DDE906470E000AD002
:10B7600004F0F1FD2346FF1DBCB231462A46009489
:10B7700004F00FFAF8BDD0192246194601F0D9FDA0
:10B780002046F8BD2DE9FF4F8DB09B46DDE91B57E4
:10B79000DDF87CA00C46082B05D0E06901F0FEF82E
:10B7A00050B11020D2E02888092140F010002880F4
:10B7B0008AF80010022617E0E16901208871E26929
:10B7C0004FF420519180E1698872E06942F60101ED
:10B7D0000181E069002181732888112140F0200057
:10B7E00028808AF80010042638780A900A203870D9
:10B7F0004FF0020904F118004D460C9001F0C6FB11
:10B80000B04681E0BBF1100F0ED1022D0CD0A9EB98
:10B810000800801C80B20221CDE9001005AB524621
:10B820001E990D98FFF796FFBDF816101A988142E1
:10B8300003D9F74800790F9004E003D10A9808B1C2
:10B8400038702FE04FF00201CDE900190DF1160319
:10B8500052461E990D98FFF77DFF1D980088401BEA
:10B86000801B83B2C6F1FF00984200D203461E99A6
:10B870000BA8D9B15FF00002DDF878C0CDE9032054
:10B8800009EB060189B2CDE901C10F980090BDF81E
:10B89000161000220D9801F00EFC387070B1C0B285
:10B8A000832807D0BDF8160020833AE00AEB09018F
:10B8B0008A19E1E7022011B0BDE8F08FBDF82C0035
:10B8C000811901F0FF08022D0DD09AF801204245A0
:10B8D00006D1BDF82010814207D0B8F1FF0F04D087
:10B8E0009AF801801FE08AF80180C9480068017851
:10B8F000052902D1BDF81610818009EB08001FFA56
:10B9000080F905EB080085B2DDE90C1005AB0F9A54
:10B9100001F03FFB28B91D980088411B4145BFF647
:10B9200071AF022D13D0BBF1100F0CD1A9EB0800A1
:10B93000801C81B20220CDE9000105AB52461E9960
:10B940000D98FFF707FF1D98058000203870002034
:10B95000B1E72DE9F8439C46089E13460027B26BD9
:10B960009AB3491F8CB2F18FA1F57F45FF3D05D0F9
:10B970005518AD882944891D8DB200E0002529198C
:10B98000B6F83C800831414520D82A44BCF8011063
:10B9900022F8021BBCF8031022F8021B984622F87A
:10B9A000024B914604F0BDFC4FF00C0C41464A4658
:10B9B0002346CDF800C004F0B8F8F587B16B00203D
:10B9C0002944A41D2144088003E001E0092700E088
:10B9D00083273846BDE8F88310B50B88848F9C42D6
:10B9E0000CD9846BE018048844B1848824F40044A2
:10B9F000A41D23440B801060002010BD0A2010BD40
:10BA00002DE9F0478AB00025904689468246ADF878
:10BA1000185007274BE0059806888088000446D414
:10BA2000A8F8006007A8019500970295CDE903509A
:10BA30004FF4007300223146504601F03CFB0400F5
:10BA40003CD1BDF81800ADF8200005980488818825
:10BA5000B44216D10A0414D401950295039521F439
:10BA600000410097049541F48043428821465046A6
:10BA700001F0BFF804000BD10598818841F4004122
:10BA8000818005AA08A94846FFF7A6FF0400DCD07C
:10BA90000097059802950195039504950188BDF8D6
:10BAA0001C300022504601F0A4F80A2C06D105AA49
:10BAB00006A94846FFF790FF0400ACD0ADF8185037
:10BAC00004E00598818821F40041818005AA06A937
:10BAD0004846FFF781FF0028F3D00A2C03D0204608
:10BAE0000AB0BDE8F0870020FAE710B50C46896B74
:10BAF00086B051B10C218DF80010A18FADF808105F
:10BB0000A16B01916946FAF75BF800204FF6FF71CF
:10BB1000A063E187A08706B010BD2DE9F0410D4676
:10BB20000746896B0020069E1446002911D0012B80
:10BB30000FD1324629463846FFF762FF002808D168
:10BB4000002C06D0324629463846BDE8F04100F0C8
:10BB500034BFBDE8F0812DE9FC411446DDE9087CE5
:10BB60000E46DDE90A15521DBCF800E092B296457A
:10BB700002D20720BDE8FC81ACF8002017222A7011
:10BB8000A5F80160A5F803300522CDE900423B4647
:10BB90002A46FFF7DFFD0020ECE770B50C4615469E
:10BBA00048220021204601F0EEFB04F1080044F891
:10BBB0001C0F00204FF6FF71E06161842084A58492
:10BBC0001720E08494F82A0040F00A0084F82A0044
:10BBD00070BD4FF6FF720A800146032008F09EB840
:10BBE00030B585B00C460546FFF77FFFA18E28468D
:10BBF00029B101218DF800106946F9F7E1FF002015
:10BC0000E0622063606305B030BDB0F8400070476B
:10BC10005C00002090F84620920703D440880880FA
:10BC20000020F4E70620F2E790F846209207EED5D0
:10BC3000A0F84410EBE70146002009880A0700D568
:10BC4000012011F0F00F01D040F00200CA0501D52B
:10BC500040F004008A0501D540F008004A0501D5EE
:10BC600040F010000905D2D540F02000CFE700B524
:10BC7000034690F84600C00701D0062000BDA3F897
:10BC800042101846FFF7D7FF10F03E0F05D093F88B
:10BC9000460040F0040083F8460013F8460F40F0D9
:10BCA00001001870002000BD90F84620520700D512
:10BCB00011B1B0F84200AAE71720A8E710F8462F04
:10BCC00061F3C3020270A2E72DE9FF4F9BB00E00A3
:10BCD000DDE92B34DDE92978289D24D02878C107B7
:10BCE00003D000F03F00192801D9012100E0002114
:10BCF0002046FFF7D9FFB04215D32878410600F05F
:10BD00003F010CD41E290CD0218811F47F6F0AD179
:10BD10003A8842B1A1F57F42FF3A04D001E01229EE
:10BD200001D1000602D504201FB0C5E5FA491D98CF
:10BD30004FF0000A08718DF818A08DF83CA00FAAEA
:10BD40000A60ADF81CA0ADF850A02978994601F022
:10BD50003F02701F5B1C04F1180C4FF0060E4FF0F1
:10BD6000040BCDF858C01F2A7ED2DFE802F07D7D9B
:10BD7000107D267DAC7DF47DF37DF27DF17DF47D3B
:10BD8000F07D7D7DEF7DEE7D7D7D7D7DED0094F808
:10BD90004610B5F80100890701D5032E02D08DF8B1
:10BDA00018B01EE34FF40061ADF85010608003211D
:10BDB0008DF83C10ADF84000D4E2052EEFD1B5F877
:10BDC00001002083ADF81C00B5F80310618308B1B1
:10BDD000884201D9012079E10020A07220814FF62C
:10BDE000FF702084169801F0D1F8052089F8000032
:10BDF0000220029083460AAB1D9A16991B9801F007
:10BE0000C8F890BB9DF82E00012804D0022089F8C4
:10BE10000100102003E0012089F8010002200590B4
:10BE2000002203A90BA805F000FFE8BB9DF80C0059
:10BE3000059981423DD13988801CA1EB0B018142DB
:10BE400037DB02990220CDE900010DF12A034A46B1
:10BE500041461B98FFF77EFC02980BF1020B801CF9
:10BE600081B217AA029101E09CE228E003A90BA885
:10BE700005F0DBFE02999DF80C00CDE9000117AB3F
:10BE80004A4641461B98FFF765FC9DF80C000AAB3B
:10BE90000BEB00011FFA81FB02991D9A084480B246
:10BEA000029016991B9800E003E001F072F8002858
:10BEB000B6D0BBF1020F02D0A7F800B04FE20A20C3
:10BEC0008DF818004BE200210391072EFFF467AFB5
:10BED000B5F801002083ADF81C00B5F8032062839B
:10BEE00000283FF477AF90423FF674AF0120A07274
:10BEF000B5F8050020810020A073E06900F04EFD38
:10BF000078B9E16901208871E2694FF4205191808C
:10BF1000E1698872E16942F601000881E069002167
:10BF20008173F01F20841E98606207206084169839
:10BF300001F02CF8072089F80000012004900290FD
:10BF40000020ADF82A0028E019E29FE135E1E5E0A4
:10BF500012E2A8E080E043E00298012814D0E069F2
:10BF60008079012803D1BDF82800ADF80E000498AF
:10BF700003ABCDE900B04A4641461B98FFF7EAFB08
:10BF80000498001D80B20490BDF82A00ADF80C00A2
:10BF9000ADF80E00059880B202900AAB1D9A169972
:10BFA0001B9800F0F6FF28B902983988001D05900B
:10BFB0008142D1D20298012881D0E069807901289C
:10BFC00003D1BDF82800ADF80E00049803ABCDE90D
:10BFD00000B04A4641461B98FFF7BCFB0298BDE102
:10BFE000072E02D0152E7FF4DAAEB5F801102183AA
:10BFF000ADF81C10B5F80320628300293FF4EAAEC7
:10C0000091423FF6E7AE0121A1724FF0000BA4F878
:10C0100008B084F80EB0052E07D0C0B2691DE269E1
:10C0200005F0E4FD00287FF44AAF4FF6FF7020844E
:10C0300001A906AA14A8CDF800B081E885032878E4
:10C04000214600F03F031D9A1B98FFF79BFB824699
:10C05000208BADF81C0082E10120032EC3D14021CA
:10C06000ADF85010B5F801102183ADF81C100AAAE4
:10C07000B8F1000F00D00023CDE9020304921D980F
:10C08000CDF80480009038880022401E83B21B98AF
:10C0900001F011F88DF8180090BB0B2089F8000012
:10C0A000BDF8280035E04FF0010C052E9BD1802013
:10C0B000ADF85000B5F801102183B5F803002084D5
:10C0C000ADF81C10B0F5007F03D907208DF81800DB
:10C0D00087E140F47C4222840CA8B8F1000F00D024
:10C0E0000023CDE90330CDE9018C1D9800903888FC
:10C0F000401E83B21B9800F0DEFF8DF8180018B1C7
:10C100008328A8D10220BFE00D2189F80010BDF8D6
:10C110003000401C22E100005C000020032E04D20D
:10C1200048067FF53CAE002018E1B5F80110ADF8E7
:10C130001C102878400602D58DF83CE002E007206C
:10C140008DF83C004FF000080320CDE902081E9B4B
:10C15000CDF810801D980193A6F1030B00901FFAF3
:10C160008BF342461B9800F044FD8DF818008DF8C3
:10C170003C80297849060DD52088C00506D5208B3E
:10C18000BDF81C10884201D1C4F8248040468DF8C7
:10C190001880E3E0832801D14FF0020A4FF4807049
:10C1A000ADF85000BDF81C002083A4F820B01E9804
:10C1B0006062032060841321CDE0052EFFF4EFAD13
:10C1C000B5F80110ADF81C10A28F6AB3A2F57F4339
:10C1D000FE3B29D008228DF83C2000BF4FF0000B19
:10C1E0000523CDE9023BDDF878C0CDF810B01D9AEB
:10C1F00080B2CDF804C040F400430092B5F80320AB
:10C200001B9800F0F6FC8DF83CB04FF400718DF8EF
:10C210001800ADF85010832810D0F8B1A18FA1F507
:10C220007F40FE3807D0DCE00B228DF83C204FF633
:10C23000FE72A287D2E7A4F83CB0D2E000942B466D
:10C2400031461E9A1B98FFF784FB8DF8180008B141
:10C2500083284BD1BDF81C00208353E700942B4664
:10C2600031461E9A1B98FFF774FB8DF81800E8BB47
:10C27000E18FA06B0844831D8DE888034388828882
:10C2800001881B98FFF767FC824668E095F80180FB
:10C29000022E70D15FEA080002D0B8F1010F6AD116
:10C2A00009208DF83C0007A800908DF84080434697
:10C2B000002221461B98FFF730FC8DF842004FF01A
:10C2C000000B8DF843B050B9B8F1010F12D0B8F19E
:10C2D000000F04D1A18FA1F57F40FF380AD0A08FB5
:10C2E00040B18DF83CB04FF4806000E037E0ADF82D
:10C2F00050000DE00FA91B98F9F762FC82468DF8FB
:10C300003CB04FF48060ADF85000BAF1020F06D097
:10C31000FC480068C07928B18DF8180027E0A4F81F
:10C32000188044E0BAF1000F03D081208DF8180086
:10C330003DE007A800904346012221461B98FFF7E5
:10C34000ECFB8DF8180021461B98FFF7CEFB9DF8FB
:10C35000180020B9192189F80010012038809DF8B3
:10C360003C0020B10FA91B98F9F72AFC8246BAF1CC
:10C37000000F33D01BE018E08DF818E031E0207892
:10C38000000712D5012E10D10A208DF83C00E0885C
:10C39000ADF8400003201B9907F0C0FC0820ADF861
:10C3A0005000C0E648067FF5FAAC4FF0040A20883A
:10C3B000BDF8501008432080BDF8500080050BD513
:10C3C000A18FA1F57F40FE3806D11E98E062289823
:10C3D0002063A6864FF0030A5046A5E49DF8180096
:10C3E00078B1012089F80000297889F80110BDF89A
:10C3F0001C10A9F802109DF8181089F804100520E7
:10C4000038802088BDF8501088432080E4E72DE96B
:10C41000FF4F8846087895B0012181404FF209000E
:10C42000249C0140ADF820102088DDF88890A0F50C
:10C430007F424FF0000AFF3A06D039B1000705D518
:10C44000012019B0BDE8F08F0820FAE7239E4FF0D5
:10C45000000B0EA886F800B018995D460988ADF863
:10C460003410A8498DF81CB0179A0A718DF838B0AD
:10C47000086098F8000001283BD0022809D0032862
:10C480006FD1307820F03F001D303070B8F80400D4
:10C49000E08098F800100320022904D1317821F0BF
:10C4A0003F011B31317094F84610090759D505AB8F
:10C4B000B9F1000F13D0002102AA82E80B00072077
:10C4C000CDE90009BDF83400B8F80410C01E83B2ED
:10C4D0000022159800F0EFFD0028D1D101E0F11CF9
:10C4E000EAE7B8F80400A6F80100BDF81400C01C83
:10C4F00004E198F805108DF81C1098F80400012844
:10C5000006D04FF4007A02282CD00328B8D16CE171
:10C510002188B8F8080011F40061ADF8201020D08F
:10C5200017281CD3B4F84010814218D3B4F8441033
:10C53000172901D3814212D1317821F03F01C91C62
:10C540003170A6F801000321ADF83410A4F84400BE
:10C5500094F8460020F0020084F8460065E10525C5
:10C560007EE177E1208808F1080700F4FE60ADF86D
:10C57000200010F0F00F1BD010F0C00F03D038884F
:10C58000228B9042EBD199B9B878C00710D0B96826
:10C590000720CDE902B1CDF804B00090CDF810B07D
:10C5A000FB88BA883988159800F023FB0028D6D17B
:10C5B0002398BDF82010401C80294ED006DC10299D
:10C5C0000DD020290BD0402987D124E0B1F5807F00
:10C5D0006ED051457ED0B1F5806F97D1DEE0C806B0
:10C5E00001D5082000E0102082460DA907AA0520E9
:10C5F000CDE902218DF83800ADF83CB0CDE90496C4
:10C6000008A93888CDE9000153460722214615982C
:10C61000FFF7B8F8A8E09DF81C2001214FF00A0AA6
:10C62000002A9BD105ABB9F1000F00D00020CDE965
:10C6300002100720CDE90009BDF834000493401E24
:10C6400083B2218B0022159800F035FD8DF81C0077
:10C650000B203070BDF8140020E09DF81C20012153
:10C660004FF00C0A002A22D113ABB9F1000F00D011
:10C670000020CDE902100720CDE900090493BDF8A0
:10C680003400228C401E83B2218B159800F013FDDC
:10C690008DF81C000D203070BDF84C00401CADF82A
:10C6A000340005208DF83800208BADF83C00BCE04C
:10C6B0003888218B88427FF452AF9DF81C004FF0E0
:10C6C000120A00281CD1606AA8B1B878C0073FF4EC
:10C6D00046AF00E018E0BA680720CDE902B2CDF815
:10C6E00004B00090CDF810B0FB88BA88159800F01F
:10C6F00080FA8DF81C00132030700120ADF8340052
:10C7000093E000005C0000203988208B8142D2D168
:10C710009DF81C004FF0160A0028A06B08D0E0B36B
:10C720004FF6FF7000215F46ADF808B0019027E09A
:10C7300068B1B978C907BED1E18F0DAB0844821D3D
:10C7400003968DE80C0243888288018809E0B87856
:10C75000C007BCD0BA680DAB03968DE80C02BB884D
:10C76000FA881598FFF7F7F905005ED0072D72D00B
:10C7700076E0019005AA02A92046FFF72DF90146AF
:10C78000E28FBDF80800824201D00029F1D0E08F8D
:10C79000A16B084407800198E08746E09DF81C00E3
:10C7A0004FF0180A40B1208BC8B138882083214649
:10C7B0001598FFF79AF938E004F118000090237EED
:10C7C000012221461598FFF7A8F98DF81C000028D2
:10C7D000EDD1192030700120ADF83400E7E70525D0
:10C7E00021461598FFF781F93AE0208800F400709F
:10C7F000ADF8200050452DD1A08FA0F57F41FE3926
:10C8000001D006252CE0D8F808004FF0160A48B1F0
:10C81000A063B8F80C10A1874FF6FF71E187A0F86C
:10C8200000B002E04FF6FF70A087BDF8200030F4A2
:10C830007F611AD0782300220320159907F0C4F9EC
:10C8400098F8000020712088BDF82010084320804F
:10C850000EE000E007252088BDF8201088432080E6
:10C86000208810F47F6F1CD03AE02188814321801A
:10C870009DF8380020B10EA91598F9F7A1F90546E1
:10C880009DF81C000028EBD086F801A00120307034
:10C89000208B70809DF81C0030710520ADF83400AD
:10C8A000DEE7A18EE1B118980DAB0088ADF8340039
:10C8B0002398CDE90304CDE90139206B0090E36AA8
:10C8C000179A1598FFF700FA054601208DF83800F1
:10C8D0000EA91598F9F774F900B10546A4F834B01B
:10C8E00094F8460040070AD52046FFF7A4F910F057
:10C8F0003E0F04D114F8460F20F004002070189861
:10C90000BDF83410018028469BE500B585B00328AA
:10C9100006D102208DF8000088B26946F9F750F977
:10C9200005B000BD10B5384C0B782268012B02D041
:10C93000022B2AD111E013780BB1052B01D104236E
:10C94000137023688A889A802268CB88D3802268F3
:10C950000B891381498951810DE08B88938022686E
:10C96000CB88D38022680B8913814B8953818B89B3
:10C970009381096911612168F9F722F92268002180
:10C980000228117003D0002800D0812010BD832020
:10C9900010BD806B002800D00120704781780129EC
:10C9A00009D10088B0F5205F03D042F6010188422A
:10C9B00001D10020704707207047F0B587B00024F0
:10C9C00015460E460746ADF8184011E00598008858
:10C9D000288005980194811DCDE902410721049426
:10C9E0000091838842880188384600F002F930B906
:10C9F00005AA06A93046FEF7EFFF0028E6D00A2870
:10CA000000D1002007B0F0BD5C00002010B58B788D
:10CA100083B102789A4205D10B885BB102E08B7931
:10CA2000091D4BB18B789A42F9D1B0F801300C88CE
:10CA3000A342F4D1002010BD812010BD072826D0CC
:10CA400012B1012A27D103E0497801F0070102E081
:10CA50004978C1F3C20105291DD2DFE801F00318AE
:10CA6000080C12000AB10320704702207047042806
:10CA70000DD250B10DE0052809D2801E022808D33E
:10CA800003E0062803D0032803D0052070470020C8
:10CA900070470F20704781207047C0B282060BD4C8
:10CAA000000607D5FA48807A4143C01D01EBD0004B
:10CAB00080B27047084670470020704770B51388F1
:10CAC0000B800B781C0625D5F14CA47A844204D83F
:10CAD00043F010000870002070BD956800F0070654
:10CAE00005EBD0052D78F54065F304130B70137832
:10CAF000D17803F0030341EA032140F20123B1FBA3
:10CB0000F3F503FB15119268E41D00FB012000EB17
:10CB1000D40070BD906870BD37B51446BDF80410E0
:10CB20001180117841F0040111709DF804100A067B
:10CB30001ED5D74AA368C1F30011927A824208D861
:10CB4000FE2811D1D21DD2084942184600F01BFC24
:10CB50000AE003EBD00200F00703012510789D40A6
:10CB6000A843994008431070207820F010002070EE
:10CB70003EBD2DE9F0410746C81C0E4620F00300DB
:10CB8000B04202D08620BDE8F081C14D002034467D
:10CB90002E60AF802881AA72E8801AE0E988491CDB
:10CBA000E980810614D4E17800F0030041EA002016
:10CBB00040F20121B0FBF1F201FB12012068FFF706
:10CBC0006CFF2989084480B22881381A3044A0605B
:10CBD0000C3420784107E1D40020D4E7AC4801228E
:10CBE0000189C08800EB400002EB8000084480B25D
:10CBF00070472DE9FF4F89B01646DDE9168A0F46CA
:10CC0000994623F44045084600F054FB040002D046
:10CC10002078400703D401200DB0BDE8F08F0998BB
:10CC200003F016FA02902078000606D59848817A1B
:10CC30000298814201D88720EEE7224601A9029896
:10CC4000FFF73CFF834600208DF80C004046B8F10A
:10CC5000070F1AD001222146FFF7F0FE0028DBD192
:10CC60002078400611D502208DF80C00ADF8107028
:10CC7000BDF80400ADF81200ADF814601898ADF8D6
:10CC80001650CDF81CA0ADF818005FEA094004D595
:10CC900000252E46A84601270CE02178E07801F017
:10CCA000030140EA012040F20121B0FBF1F280468D
:10CCB00001FB12875FEA494009D5B84507D1A17841
:10CCC000207901F0030140EA0120B04201D3BE42C5
:10CCD00001D90720A0E7A8191FFA80F9B94501D9A1
:10CCE0000D2099E79DF80C0028B103A90998F8F7E1
:10CCF00065FF002890D1B84507D1A0784FEA1921E7
:10CD000061F30100A07084F804901A9800B10580C6
:10CD1000199850EA0A0027D0199830B10BEB060099
:10CD20002A46199900F005FB0EE00BEB0608574662
:10CD3000189E099803F0F5FA2B46F61DB5B2394650
:10CD40004246009502F0F1FE224601A90298FFF743
:10CD5000B5FE9DF80400224620F010008DF8040076
:10CD6000DDE90110FFF7D8FE002055E72DE9FF4F60
:10CD7000DFF81C91824685B0B9F80610D9F800009A
:10CD800001EB410100EB810440F20120B2FBF0F124
:10CD9000174600FB1175DDE9138B4E4629460698B0
:10CDA000FFF77BFE0346FFF719FF1844B1880C30EC
:10CDB000884202D9842009B02FE70698C6B230060F
:10CDC00003D5B00601D50620F5E7B9F80620521CB8
:10CDD00092B2A9F80620BBF1000F01D0ABF80020F9
:10CDE000B00602D5C4F808800AE0B9F808201A4451
:10CDF00092B2A9F80820D9F80000891A0844A06066
:10CE00002246FE200699FFF787FEE77025712078FD
:10CE1000390A61F301002A0AA17840F0040062F3A4
:10CE20000101A17020709AF802006071BAF8000048
:10CE3000E08000252573300602D599F80A7000E0DD
:10CE40000127B00601D54FF000084E4600244FF0F0
:10CE500007090FE0CDE902580195CDF8009004953F
:10CE6000F1882046129B089AFFF7C3FE0028A2D142
:10CE7000641CE4B2BC42EDD300209CE700B5FFF790
:10CE8000ADFE03490C308A88904203D9842000BD4E
:10CE900098050020CA88086802EB420300EB830073
:10CEA000521C037823F004030370CA80002101732D
:10CEB0000846ECE72DE9F047804600F0FBF9070053
:10CEC00005D000264446F74D40F2012916E0012026
:10CED000BDE8F087204600F0EDF90278C17802F055
:10CEE000030241EA0222B2FBF9F309FB13210068B5
:10CEF000FFF7D3FD3044641C86B2A4B2E988601EFB
:10CF00008142E7DCA8F10100E8802889801B2881A4
:10CF100000203870DCE710B5144631B1491E21807D
:10CF200003F096F8A070002010BD012010BD70B570
:10CF30000446DC48C188036801E0401C208020884A
:10CF4000884207D200EB400213EB820202D0157830
:10CF50006D07F2D580B2884216D2AAB15079A0727C
:10CF6000D08820819178107901F0030140EA0120F6
:10CF7000A081A078E11CFFF7A1FD20612088401C62
:10CF80002080E080002070BD0A2070BD0121018258
:10CF900070472DE9FF4F85B04FF6FF798246A3F821
:10CFA000009048681E460D4680788DF80600486857
:10CFB0000088ADF8040000208DF80A00088A0C886B
:10CFC000A04200D304462C8251E03878400708D4B0
:10CFD000641C288AA4B2401C288208F10100C0B257
:10CFE00046E0288A401C2882781D6968FFF70EFDFC
:10CFF000D8BB3188494501D1601E30803188A1EB12
:10D00000080030806888A04238D3B878397900F0B9
:10D01000030041EA002801A9781DFFF7F7FC20BBB7
:10D02000298949452ED0002239460798FFF706FD89
:10D03000D8B92989414518D1E9680391B5F80AC0E2
:10D04000D7F808B05046CDF800C003F06AF9DDF813
:10D0500000C05A460CF1070C1FFA8CFC434603999A
:10D06000CDF800C002F02BFD60B1641CA4B200201A
:10D070008046204600F01EF90700A6D1641E2C82CF
:10D080000A2098E674807879B071F888B080397891
:10D09000F87801F0030140EA01207081A6F80C80C5
:10D0A000504602F0D5FF3A4606F10801FFF706FDAB
:10D0B000306100207FE62DE9FF4F87B081461C4696
:10D0C0009246DDF860B0DDF85480089800F0F2F880
:10D0D000050002D02878400702D401200BB09CE55F
:10D0E000484602F0B5FF2978090605D56D49897AC9
:10D0F000814201D88720F1E7CAF309062A4601A92F
:10D10000FFF7DCFC0746149807281CD000222946AC
:10D11000FFF794FC0028E1D12878400613D50120C0
:10D120008DF808000898ADF80C00BDF80400ADF8C3
:10D130000E00ADF81060ADF8124002A94846F8F7AD
:10D140003DFD0028CAD12978E87801F0030140EAC2
:10D150000121AA78287902F0030240EA022056450C
:10D1600007D0B1F5007F04D9611E814201DD0B209B
:10D17000B4E7864201D90720B0E7801B85B2A542FB
:10D1800000D92546BBF1000F01D0ABF8005017982D
:10D1900018B1B9192A4600F0CCF8B8F1000F0DD03B
:10D1A0003E4448464446169F03F0CDF82146FF1DF5
:10D1B000BCB232462B46009402F0EBFC00208DE717
:10D1C0002DE9F04107461D461646084600F072F864
:10D1D000040002D02078400701D40120D3E438466F
:10D1E00002F036FF2178090605D52E49897A814259
:10D1F00001D88720C7E422463146FFF75FFC65B1BE
:10D200002178E07801F0030140EA0120B0F5007FC9
:10D2100001D8012000E0002028700020B3E42DE9AF
:10D22000F04107461D461646084600F043F8040044
:10D2300002D02078400701D40120A4E4384602F04F
:10D2400007FF2178090605D51649897A814201D858
:10D25000872098E422463146FFF75EFCFF2D14D06C
:10D260002178E07801F0030240EA022040F2012236
:10D27000B0FBF2F302FB130015B900F2012080B2FB
:10D28000E070000A60F30101217000207BE410B51A
:10D290000C4600F00FF810B10178490704D40120C2
:10D2A00010BD000098050020C18821804079A07041
:10D2B0000020F5E70749CA88824209D340B10968CE
:10D2C00000EB40006FF00B0202EB80000844704757
:10D2D000002070479805002070B504460D46214691
:10D2E0002B460AB9002070BD01E0491C5B1C501E92
:10D2F000021E03D008781E78B042F6D008781E7857
:10D30000801BF0E730B50C4601462346051B9542CD
:10D3100006D202E0521E9D5C8D54002AFAD107E02D
:10D3200004E01D780D70491C5B1C521E002AF8D1C8
:10D3300030BDF0B50E460146334680EA030404F0E2
:10D340000304B4B906E002B9F0BD13F8017B01F89B
:10D35000017B521E01F00307002FF4D10C461D463D
:10D3600002E080CD80C4121F042AFAD221462B4647
:10D3700000BF04E013F8014B01F8014B521E002AD4
:10D38000F8D100BFE0E7F0B50C460146E6B204E094
:10D3900002B9F0BD01F8016B521E01F00307002F26
:10D3A000F6D10B46E5B245EA052545EA054501E01B
:10D3B00020C3121F042AFBD2194602E001F8016BB8
:10D3C000521E002AFAD100BFE3E710B506F0F7FEBF
:10D3D000FAF792F906F09CFDBDE8104006F02EBE6B
:10D3E000202801D2012070470020704701224FF011
:10D3F000A043824011B1C3F80C257047C3F808253B
:10D4000070474FF0A04101228240C1F818257047B3
:10D4100070B50346002002466FF02F050EE09C5CBD
:10D42000A4F130060A2E02D34FF0FF3070BD00EB9E
:10D43000800005EB4000521C2044D2B28A42EED359
:10D4400070BD30B50A230BE0B0FBF3F403FB14040A
:10D45000B0FBF3F08D183034521E05F8014CD2B2F7
:10D46000002AF1D130BD30B500234FF6FF7510E032
:10D47000040A44EA002084B2C85C6040C0F303148C
:10D48000604005EA00344440E0B25B1C84EA40108E
:10D490009BB29342ECD330BDF94A137882F88B30BB
:10D4A000A2F88C0082F88A10012082F8880092F895
:10D4B000640008B192F8600082F88E00704710B5E1
:10D4C0000B46114658B11846FFF7E6FFED48806855
:10D4D000008802F026FFBDE8104002F0CDBBBDE899
:10D4E00010404FF6FF70D7E770B50026044646702F
:10D4F000E44D1120207029682022A01C6831FFF71C
:10D5000018FF0121A171286800F8666F8078002853
:10D5100011D1DB48B0F86A20A0F89220AA68537BAA
:10D5200080F8943080F89010108802F0FAFEBDE880
:10D53000704002F0B0BB70BD70B5D24D296891F853
:10D5400096200024012A11D091F89020012A1CD0A5
:10D5500091F86620012A22D091F88820012A21D052
:10D5600091F8A020012A2ED0002070BD447017220F
:10D57000027051F8972FC0F802204A68C0F80620C0
:10D580000A7A827201F8014C1BE044700522027095
:10D59000D1F89220C0F8022081F8904011E0FFF706
:10D5A000A3FF0EE091F86620012AF8D044701422FF
:10D5B000027051F88A2FC0F802208A88C28001F8D0
:10D5C000024C012070BD44701A2200F8022B222266
:10D5D000A131FFF7AEFE286880F8A040F1E7A94826
:10D5E000006890F8661011B1B0F86A0070474FF605
:10D5F000FF70704770B5A34C206800B9FFDF20684A
:10D60000417811B10C25284670BD0025C422294659
:10D61000FFF7B9FE2168FF2008707F2081F83700EE
:10D6200013204884282081F86500012081F85C00DF
:10D63000002081F85F0007F0AFF906F091FCE2E707
:10D6400070B5904C0546206800B9FFDF21680020C6
:10D6500048706560FFF7CEFF002800D0FFDF70BD87
:10D66000884909680978814201D10120704700206A
:10D670007047844800B5016891F82400498CC0F3D4
:10D680008002C0F340031A4400F001001044132943
:10D6900015D004DC102909D0122904D10FE0152976
:10D6A00008D01D2904D0FFDF002000BD764903E02B
:10D6B000764800BD7449083131F8100000BD724948
:10D6C0000839F9E76F4840F271210068806A4843E1
:10D6D00070476C48006890F83600002800D00120A0
:10D6E000704710B5664C207B00F074FD40B1207D82
:10D6F00004F115010BF034FB082801D0012010BD06
:10D70000207B30B1022804D00120BDE8104007F092
:10D71000A6BC0020F9E75A490873704759490968BF
:10D7200081F83000704770B50646554890F82D00D6
:10D730000BF0A4FA050018D010210BF076FD00289C
:10D7400013D1504C012032462168C87628461C313E
:10D7500007F092FCD4E900101C310BF0BFFF6068A9
:10D76000BDE8704001210BF0C8BF70BD2DE9F0414C
:10D77000434C074694F82D000BF0FDFA064694F84A
:10D780002F0004F10E0528B126B194F82D000BF0FE
:10D7900018FAA0B194F83000002824D094F82E0094
:10D7A000002820D0607B294600F025FDA8B10BF0B1
:10D7B0008AFB3A462946BDE8F04107F05DBC0120EE
:10D7C00060733A462946304607F056FC94F82D100F
:10D7D0002846BDE8F0410BF065BB39462846BDE858
:10D7E000F04107F07EBCBDE8F08170B5254C2168A2
:10D7F000087BB0B1022814D0012048730E3107F025
:10D8000018FC2068007B00F0E5FC216881F82F00FF
:10D81000082081F82D00487B0E3100F0E3FC40B970
:10D8200001E00020E9E72168487B0E3100F0E3FCCD
:10D8300000B10120216881F82E0091F82F0018B95D
:10D8400091F82200400706D5087D15310BF088FAC3
:10D85000216881F82D0020680025456004F0ADFDA9
:10D86000216888600020FFF781FF2068C57690F866
:10D87000220040070CD5BDE87040002053E70000AF
:10D88000A405002064000020A0B101008F891300CE
:10D8900070BDFB4A1268137B0370D2F80E0008605B
:10D8A000508A8880704778B5F6490446F44D407B2D
:10D8B00008732A68207810706088ADF8000080B284
:10D8C00000F00101C0F3400341EA4301C0F38003CB
:10D8D00041EA8301C0F3C00341EAC301C0F300136E
:10D8E00041EA0311C0F3401341EA4311C0F3801031
:10D8F00041EA80105084E07D012825D0022825D0FF
:10D90000FFDF286880F85E60217B80F82410418C5E
:10D910001D291DD061688162617D80F83610A17B70
:10D92000C1B1022916D00121017554F80F1FC0F8AA
:10D930001510A188A0F81910217B012900D0002121
:10D9400080F83410002078BD0126DAE70226D8E7F7
:10D950000021E0E70021E7E7C948006890F82200CD
:10D96000C0F38000704700B5FFF7F6FF08B1002054
:10D9700000BD1F2000BD00B5FFF7F5FF002800D057
:10D98000012000BDBE49002209680A664B8C1D2B90
:10D9900002D081F86400704781F864207047B84A6B
:10D9A0000023126882F85D3042F84C1F90800120FD
:10D9B00050747047B24A0023126882F85C30A2F8B3
:10D9C000580042F8541F012010727047AC49096892
:10D9D00081F835007047AA49096881F85F007047EF
:10D9E000A748006890F95F007047A548006890F864
:10D9F000220000F001007047A148006890F8220062
:10DA0000C0F340007047002070479D48006890F8C0
:10DA10002200C0F3C000704701207047012070470A
:10DA20000120704770B500F0FAFB954C2068016E3C
:10DA3000491C016690F83300002530B106F0ACFFB8
:10DA400006F08EFA206880F833502068457090F810
:10DA5000381009B102201AE090F86410B1B1006EDC
:10DA6000814213D8022007F095FF206890F8220029
:10DA7000C00704D0A06843220188012003E04322AC
:10DA80004FF6FF710020BDE8704018E50020BDE8AA
:10DA9000704007F07FBF10B501280DD002280DD0CF
:10DAA00004280FD0FFDF7648006890F85E10BDE8CC
:10DAB0001040252006F0FEBB252000E0262006F0C1
:10DAC000D3FCF0E72720FAE702460020D30701D075
:10DAD000CB0705D0930705D58B0703D402207047E9
:10DAE000012070475207FCD54907FAD4042070473B
:10DAF0002DE9F041624C86B0206800B9FFDF206854
:10DB00004178E9BB0178FF2942D0002580F83150E7
:10DB1000A0F85A50857080F83850284606F09EFECE
:10DB2000182259496846FFF704FC684606F08AFE49
:10DB300006F0CCFB206890F95F0006F085FC5248A7
:10DB40001D3806F087FC5048203806F06CFE6068EF
:10DB500006F087FE2068002190F82400FFF7B4FF4C
:10DB6000FFF799FF206880F82C5006F071FE2068BE
:10DB700090F85E10002006F030FD0F21052000E037
:10DB800006E006F038FC206890F82E1051B902E04B
:10DB90000C2006B027E690F82F1019B990F8220053
:10DBA00040072BD504F009FC804620684146806878
:10DBB00005F004F9354F064690FBF7F007FB1060BF
:10DBC0004142404604F0CDF82168886096FBF7F0AA
:10DBD0004A68104448600BF0BFF821684A689042D8
:10DBE0000CD8C1E901580120FFF7C0FD206890F86A
:10DBF0002200400702D50120FFF795FD2068417BF8
:10DC00000E3006F0EAFB206890F85C1039B1B0F8ED
:10DC10005810A0F84810416D416480F85C5090F8AD
:10DC20005D1041B1B0F85010A0F84010C16C40F840
:10DC30003C1F80F821500BF0FCF8032160680BF0CA
:10DC40002FF9216881F833000020A2E70C49886091
:10DC500070472DE9F0410A4C0746002620683146FE
:10DC6000C57E6068068000F0D1FA2068408C1328D9
:10DC700040D00DDC102861D012280DD15CE00000EE
:10DC800064000020A4050020B0B1010040420F0054
:10DC9000152838D01D2836D0FFDF00BF00F0CAFAA3
:10DCA0002068418C1D2907D0152905D0B0F84820DF
:10DCB000416C60680BF028FD206890F82C1090F8FB
:10DCC0002400FFF701FF05463FB1FFF7E4FE012204
:10DCD0004FF49671002006F01EFD206890F82C107D
:10DCE000294380F82C1090F824208A434FF001013A
:10DCF00029D02DE0002160680BF0C4FC0121606890
:10DD000000F084FACAE7012160680BF0BBFC012136
:10DD1000606800F07BFAD4E9001025B11C310BF0EB
:10DD2000DDFC012104E015310BF0D8FC2068017DF9
:10DD300060680BF0E2FCB1E7062100E002216068B8
:10DD40000BF0A0FCAAE7428C1D2A0BD080F8311002
:10DD50004170418C13290ED007DC10290AD01229FA
:10DD600007D108E080F82C60F2E7152903D01D29BF
:10DD700001D0FFDF37E590F85E20BDE8F0410121DA
:10DD8000084606F05ABEF84810B50068417841B917
:10DD90000078FF2805D00021084600F059FA00203D
:10DDA00010BD00F03CFA0C2010BD2DE9F041EE4D05
:10DDB0000446174628680E4690F8660000B1FFDF5B
:10DDC0002968002F81F868704ED12088A1F86A0078
:10DDD0006088A1F88000A088A1F88200E088A1F8FE
:10DDE000840094F88C0181F8860091F82F0020B10E
:10DDF000487B0E3100F0FFF940B9296891F83000F6
:10DE000060B1487B0E3100F0EDF938B12868D0F8E8
:10DE10000E104167418AA0F8781003E02868476730
:10DE2000A0F878706968FF2E0878C0F380106076DB
:10DE3000D1F80300C4F81A00B1F80710E18314D038
:10DE4000296801F16E02C1F87A00E08BA1F87E002A
:10DE500030466D310AF099FF00B9FFDF286810F8ED
:10DE60006D1F41F002010170BDE42868C0F87A70AE
:10DE7000A0F87E70617E80F86D10D4F81A1040F81A
:10DE80006E1FE18B8180AEE470B5FFF7BEFDB64C2E
:10DE9000012538B13C22FF21A068FFF786FF2068EA
:10DEA00080F86650206890F82200C00704D0A0686F
:10DEB0003C220188012003E03C224FF6FF71002044
:10DEC000FFF7FDFA206880F8385070BDA649096850
:10DED00081F83200704770B5002507F0BAFC50B1E8
:10DEE000A14C20684178012908D0022901D00329DA
:10DEF00036D0FFDF70BDBDE8704093E58178002922
:10DF0000F8D1418C102913D090F8330020B106F0DD
:10DF100019F8402006F02DFD206890F822104907DE
:10DF200010D490F83610012904D0032902D002E061
:10DF3000002119E0102590F85E2045F00E01002028
:10DF400006F07BFD206890F8340008B106F054FD1F
:10DF50000021962006F0B1FC21680220487070BDB7
:10DF600081780029FBD18178BDE87040012000F064
:10DF70006FB957E510B57C4C206890F8340008B1B3
:10DF800000F07AF9206890F8330018B106F004FD2B
:10DF900005F0E6FF07F05DFC88B1206840780228B4
:10DFA00000D0FFDF0021012000F052F92068417805
:10DFB000002903D04078012800D0FFDF10BDBDE864
:10DFC00010402FE510B50AF0CBFE04460AF07DFFA5
:10DFD00038B120460AF052FE18B110210BF025F995
:10DFE00008B1002010BD012010BD2DE9F047DFF879
:10DFF00078910E460746032809D0FFF7F6FC044641
:10E00000D9F8000090F8320020B1012003E0FFF7BA
:10E01000F3FC04460020804606F018FA0546032F5C
:10E020002BD0012734EA080453D0D9F800004C461D
:10E0300090F8330068B10AF0E2FE30700146FF2824
:10E0400007D06068C01C0AF0B7FE30780AF0E1FE25
:10E05000054360680178C1F3801221680B7D9A4204
:10E0600005D10622C01C1531FFF736F938B1002062
:10E070003178FF290BD0D8B903E00227D2E701207D
:10E08000F6E7206890F82D00884211D008E038B1FA
:10E09000616811F8030BC0F38010FFF793FF38B1EC
:10E0A0000020216891F82210490703D5A0B910E09B
:10E0B0000120F6E785B92D4890F8360008B1B8423E
:10E0C00007D1616811F8030BC0F38010FFF77AFFE6
:10E0D00010B10020BDE8F0870120FBE7F8B5224C25
:10E0E0000746002520684078022800D0FFDF20681E
:10E0F00090F8340008B100F0BFF860680BF0E4FA63
:10E1000006460FB306F073F9F0B1052E1DD1606815
:10E1100090F8240000F01F00102816D9206890F80D
:10E12000350090B1FF208DF80000012569460520DB
:10E13000FFF75BFF40B1206880F8A05061682222A1
:10E14000A130C91CFFF7F5F815E060680BF0FCFA88
:10E1500088B1062E0FD2DFE806F00E0E0E030E0B6E
:10E1600000F0CDF806E0000064000020A4050020C7
:10E1700000F091F800B90125206890F8330018B13B
:10E1800006F00AFC05F0ECFE1DB10021012000F0B4
:10E190005FF820684178002906D04178012903D032
:10E1A0004078032800D0FFDFF8BD70B59F4E0546CC
:10E1B0000C463068807800280BD106F02FF8034613
:10E1C0003068214690F85E202846BDE8704007F090
:10E1D000C1BD70BD022803D0032801D000207047C4
:10E1E00001207047012802D14879800901D0002020
:10E1F000704701207047012806D148790121B1EB11
:10E20000901F01D101207047002070470278202321
:10E2100022F0200203EA41110A430270704710B550
:10E2200006F09AFB06F079FB06F0C8FABDE810404C
:10E2300006F0FFBA10B57D4C7D4960680BF048FAD6
:10E240007B480E38417B6068BDE810400BF04CBA4B
:10E25000764A10B5126892F831303BB1508C1D28C7
:10E2600000D1FFDFBDE81040FFF7DCBB002902D181
:10E27000BDE81040EDE410BD10B56C4C206837309F
:10E2800006F0C5FB18B921687F2081F83700BDE88A
:10E29000104006F0A7BB38B5FF208DF8000001251F
:10E2A00069460520FFF7A1FE30B3604C20688078F6
:10E2B00008BB6268A0681278417BC2F3401211402B
:10E2C0004173012100F04AF800229DF80010A06877
:10E2D000FFF76BFD2068012100F8661F82788188B6
:10E2E0000120FFF7ECF8216800204870FFF797FF46
:10E2F000012007F04FFB00E00025284638BD38B567
:10E30000FF208DF80000012569460320FFF76DFE10
:10E31000464C002820681CD090F8341031B190F899
:10E32000960018B99DF8000000F04CF860680021D4
:10E33000018004210BF0A6F9FFF77CFF2068B0F8FC
:10E340004020C16B60680BF0EFF921680320487032
:10E3500002E0807800B90025284638BD70B5334DFD
:10E360000446686850F80F2FC4F80E208288628235
:10E3700082792275C27962750289E282428962805D
:10E380008289A280C289E2800269A260027D227332
:10E39000427D02F01F022276407D400984F88C0104
:10E3A00084F8641084F86510002104F130000BF04B
:10E3B0002AFB286890F8651004F8661F90F85F0043
:10E3C000607070BD70B5194C0122216881F89620EB
:10E3D0000A7881F89720FF280DD001F19902983131
:10E3E0000AF0D3FC00B9FFDF206810F8981F41F055
:10E3F000020101700CE060680278C2F3801281F8BB
:10E400009820D0F8032041F8992FB0F807008880B1
:10E41000256895F837009F357F2800D1FFDF2068F9
:10E4200010F8371F29707F21017070BD6400002033
:10E43000B20500202DE9FC470C460646694600F06F
:10E4400010FF002860D1FFF7CAF8B0425CD0214627
:10E45000304608F0DEFF28BB019D95F82C01703591
:10E4600018B9287F08B1012000E00020814695F806
:10E4700039004FF000084FF0010AA0B195F83A00BA
:10E48000800710D584F8018084F800A084F8028009
:10E49000A68095F83B10A171A98F2181E98F618138
:10E4A00085F839802DE0304601F04DFF070000D19E
:10E4B000FFDF384601F06DF940B184F801800D218D
:10E4C0002170A680E08084F802A01AE0304601F0B6
:10E4D00028FF070000D1FFDFB9F1000F14D0384644
:10E4E00001F0AFF980B1304606F01EFD84F80180DE
:10E4F0000A21217084F80280A680697FA17185F8C5
:10E500001C800120BDE8FC870020FBE71CB56946A4
:10E5100000F0A7FE00B1FFDF684600F0AFFEF9494A
:10E5200000208968A1F8F2001CBD2DE9FC410446D9
:10E530000E46062001F06EFD00250746A84606445B
:10E5400017E02088401C80B22080B04202D34046B1
:10E55000A4F8008080B2B84204D3B04202D20020B6
:10E56000BDE8FC81694600F07CFE0028F8D06D1CF7
:10E57000EDB2AE42E5D84FF6FF7020801220EFE7F3
:10E5800010B506F043FD0AF026FBDF484FF6FF7199
:10E5900000234182818203701B2141804FF4A472C9
:10E5A0008280C180028103228275C2758272042436
:10E5B000C4728181C1810282837610BD70B5D14C55
:10E5C0000D466060217006F0ADFC00F063FEFFF7C1
:10E5D000D7FF207809F09EFD284607F04DFACA487B
:10E5E0002838FFF72DF82178606808F0F6FFBDE8BD
:10E5F00070400AF0F0BA10B501240AB1002010BD35
:10E6000021B1012903D00024204610BD02210BF0C6
:10E61000CBF8F9E7887800B90320C97801B903215C
:10E62000107019700020704730B587B0044600881C
:10E63000694600F016FE002806D1A08830B10128F6
:10E6400004D0022802D0122007B030BD05AB04AAC6
:10E6500021466846FFF7DEFF0400F5D1019901204D
:10E6600081F8C501019991F81012002539B9019975
:10E6700091F8C41119B9019991F8971009B13A2488
:10E6800015E00199039581F8C40101989DF81020C7
:10E6900080F8C621019B9DF8140083F8C7018DF80E
:10E6A0000C208DF80D0003AA01200AF0F4FE019859
:10E6B00080F8C5512046C7E710B504460020A17870
:10E6C00001B90120E2780AB940F0020000F0F6FD3D
:10E6D000002803D12046BDE81040A5E710BD70B565
:10E6E0000D4604460189002380880AF0C9FE696A44
:10E6F00081421DD2401A401CA1884008091A8AB2E2
:10E70000A2802189081A2081668895F86410104635
:10E710000AF08DFE864200D230466080E68895F889
:10E72000651020890AF083FE864200D23046E080E0
:10E7300070BDF0B585B00D46064603A900F091FD09
:10E7400000282AD104990022FB20B1F84E30FB2B7F
:10E7500000D30346B1F85040FB20FB2C00D3044605
:10E76000DFF8A8C19CE8811000900197CDF808C09F
:10E77000ADF80230ADF806406846FFF7B0FF6E8096
:10E78000BDF80400E880BDF808006881BDF802000B
:10E79000A880BDF806002881002005B0F0BD2DE955
:10E7A000F04186B004460088694600F05AFD002812
:10E7B00059D12189E08800F09BFD002853D1A18820
:10E7C000608800F095FD00284DD12189E08800F097
:10E7D00085FD002847D1A188608800F07FFD0600F4
:10E7E00041D1208802A9FFF7A4FF00B1FFDFBDF8E7
:10E7F000101062880920914235D3BDF80C10E288D0
:10E80000914230D3BDF81210BDF80E202389114477
:10E81000A2881A44914226D3019D01274FF0000897
:10E8200085F8BB71019890F8FC0105F5DD7508B11C
:10E830003A2615E0E08868806088E880218940F603
:10E840004800814200D30146A980A188814200D2BC
:10E8500008462881002228460199FFF740FF2F70C3
:10E8600085F80180304606B0BDE8F08197E710B525
:10E870000446FEF761FE002813D0207814280FD13B
:10E88000A07868B1A088062101F018FC40B100888A
:10E8900006F04AFBA088062101F022FC00B1FFDF50
:10E8A000012010BD2DE9F041060000D1FFDF164820
:10E8B000022114308046FFF738FE00B1FFDF124C12
:10E8C0000620A78A01F0A6FB0546A08AA84203D12C
:10E8D0003046FFF7CCFF20B9A08A3146FFF7AAFDEA
:10E8E00030B1304600F012FD0028EED10120BBE728
:10E8F00002214046FFF719FE10B9A08AB842E4D1C0
:10E900000020B1E77000002090060020C8B101008F
:10E9100010B500F083FC08B10C2010BD0AF096F988
:10E92000002010BD10B50446007818B1012801D0B0
:10E93000122010BD00F07DFC20B10AF0FDF908B1F5
:10E940000C2010BD207800F053FCE21D04F11703E9
:10E95000611CBDE810400AF09BB910B5044600F0F8
:10E960005DFC08B10C2010BD207818B1012801D041
:10E97000122010BD00F03CFC611C0AF041F908B106
:10E98000002010BD072010BD10B50AF0D9F908B15C
:10E99000002010BD302010BD10B5044600F049FC29
:10E9A00008B10C2010BD20460AF0C2F9002010BDAD
:10E9B00010B500F03EFC20B10AF0BEF908B10C2001
:10E9C00010BD0AF0A7F9002010BDFF2181704FF69D
:10E9D000FF718180F84949680A7882718A880281CA
:10E9E0004988418101214170002070471CB50024F5
:10E9F00012F1080F15D00CDC12F1280F11D012F112
:10EA0000140F0ED012F1100F0BD012F10C0F0CD10D
:10EA100007E012F1040F04D01AB1032A01D0042A2E
:10EA200003D1012804D0032806D0122420461CBD9F
:10EA30001046FEF7D0FFF9E708461446694600F095
:10EA400010FC08B10224F1E7019880F86740002427
:10EA5000ECE710B5134601220AF003FC002010BDBC
:10EA600010B5044600F0E5FB08B10C2010BD2146AE
:10EA7000002006F0CCFA002010BD10B5044607F0C7
:10EA800095F920B1207807F003F8002010BD0C2084
:10EA900010BD10B5044600F0CCFB08B10C2010BD31
:10EAA0002146012006F0B3FA002010BD38B5044617
:10EAB0004FF6FF70ADF80000A079E179884216D0DA
:10EAC0002079FEF78DFC90B16079FEF789FC70B17A
:10EAD0000022A07911460BF0DBFB40B90022E0795F
:10EAE00011460BF0D5FB10B9207A072801D9122066
:10EAF00038BD07F067F948B900216846FFF715FDF2
:10EB000020B1204605F0ADFB002038BD0C2038BDFB
:10EB10002DE9FC41817804461A2925D00EDC1629FE
:10EB20002DD2DFE801F02C2C2C2C2C212C2C2C2C81
:10EB30002C2C2C2C2C2C2C2C2C2121212A291ED0A5
:10EB40000BDCA1F11E010C2919D2DFE801F0181825
:10EB50001818181818181818180D3A3904290ED250
:10EB6000DFE801F00D020D022088B0F5706F06D2CB
:10EB70000127694600F075FB18B10220F0E412206D
:10EB8000EEE4019D68462E4605F5C87506F291161D
:10EB900000F05AFB08B1287808B10C20E0E42F708F
:10EBA000A0783070684600F069FB0020D8E41CB5FE
:10EBB0000C46694600F055FB002118B12160217117
:10EBC00002201CBD0198024610F1700080F842102E
:10EBD00093682360137B237190F84230002BF5D1AA
:10EBE00000201CBD10B5044600F023FB20B10AF044
:10EBF000A3F808B10C2010BD207800F0F9FAE279F2
:10EC0000611C0AF06EF908B1002010BD022010BD91
:10EC100010B5886E60B1002241F8682F0120CA71DA
:10EC2000897988400BF028FB002800D01F2010BDF8
:10EC30000C2010BD1CB50C46694600F012FB0028E4
:10EC400005D10198B0F87000401C208000201CBD48
:10EC50001CB504460088694600F003FB08B1022099
:10EC60001CBD606828B1DDE90001224600F09CFB74
:10EC70001CBDDDE90001FFF7CBFF1CBD10B500781E
:10EC8000012800D00020FEF7A1FE002010BDF0B545
:10EC900044888188C288038945898089A71F40F6F6
:10ECA0007B46B74215D28F1FB74212D28C4210D882
:10ECB000B2F5FA7F0DD2A3F10A04361FB44208D28E
:10ECC000521C4A43B2EB830F03DA854201D800207D
:10ECD000F0BD3020F0BDF8B515460E46044607F0ED
:10ECE00071F808B10C20F8BD204600F09CFB00280C
:10ECF000F9D1A078C1064FF01100F4D5E17D0329C8
:10ED0000F1D0FEF76DFE3070A07555B9FF208DF87B
:10ED1000000069460020FEF74DFE69460020FEF720
:10ED20003EFE2046BDE8F840FEF7BDBD0022D2E71A
:10ED30000078C10801D01220704720498876002051
:10ED4000704710B504460078C00704D1608810B140
:10ED5000FEF711FE80B12078618800F00102607832
:10ED600000F0ACFB002806D1FEF7FDFD01466088EF
:10ED7000884203D9072010BD122010BD6168FEF73C
:10ED800019FE002010BD10B504460078C00704D15C
:10ED9000608810B1FEF730FE90B12078618800F0F5
:10EDA0000102607800F08AFB002804D16088616865
:10EDB000FEF7F5FD002010BD700000209006002039
:10EDC0001220F8E77CB5044640784225012808D88F
:10EDD000A078FEF745FC20B120781225012802D04A
:10EDE00090B128467CBDFEF710FE20B1A088002817
:10EDF000F7D08028F5D8FEF70FFE60B160780028C4
:10EE0000EFD02078012808D006F07EF9044606F0FD
:10EE100009FE00287FD00C207CBDFEF762FC10B9F3
:10EE2000FEF7F1FD90B306F0CDFF0028F3D1FEF719
:10EE3000D6FBA0F57F41FF39EDD1FEF7D6FCA688C1
:10EE400042F210704643A079FEF79CFDFEF7CDFD1F
:10EE5000F8B10022062101A801F002F9040058D0FF
:10EE6000F7480021846020460AF01EF92046FEF78C
:10EE7000EDFEF44D04F13000AA89E989C2830184D2
:10EE8000FEF7CCFD60B1288A01210DE0FFE71220DA
:10EE90007CBD3146002006F0FEFD88B3FFDF44E074
:10EEA000FEF7BEFD0146288A06F090FE0146A062EC
:10EEB0000022204606F02BF9FEF7B0FD38B9FEF728
:10EEC000AFFD0246214601200AF0E3FAD0B1DD4A47
:10EED0002146163201200AF0DEFAE87A0090AB7A79
:10EEE000EA89A989208801F0A5F900B1FFDF20880F
:10EEF00006F019F83146204606F0CDFD00B1FFDFDF
:10EF000013E008E00621BDF8040001F0E9F800B1C3
:10EF1000FFDF09207CBD44B1208806F005F8208879
:10EF2000062101F0DDF800B1FFDF00207CBD0021EB
:10EF300048E770B50D46062101F0C0F8040003D083
:10EF400094F8930110B10AE0022070BD94F87D009E
:10EF5000142801D0152802D194F8E00108B10C2042
:10EF600070BD1022294604F5CA70FEF7E2F90120AF
:10EF700084F89301002070BD10B5062101F09EF8C1
:10EF800018B190F8931111B107E0022013E790F83F
:10EF90007D10142903D0152901D00C200BE7022184
:10EFA00080F89311002006E72DE9FC410D464BF651
:10EFB00080321221954213D895B1694600F051F97B
:10EFC00000280CD1019EB41C703627882A46394689
:10EFD00030460AF02AF82088B842F6D10020CDE564
:10EFE0000846CBE51CB504460088694600F039F9AF
:10EFF000002808D10199A378084691F82C20703197
:10F000009A4201D10C201CBD7F220A728A72002212
:10F01000CA72E17880F82D10217980F82E10A1783D
:10F0200080F82C1010461CBD1CB50C46694600F03B
:10F0300018F9002806D1019890F88C0000B1012041
:10F04000207000201CBD7CB50D461446694600F0BA
:10F0500008F9002805D1019890F82C00012801D06A
:10F060000C207CBD019890F87810297090F87900F8
:10F07000207000207CBD70B50D461646062101F0BB
:10F080001DF818B381880124C388428804EB410429
:10F09000AC4217D842F210746343A4106243B3FB2E
:10F0A000F2F2521E94B24FF4FA72944200D914460E
:10F0B000A54200D22C46491C641CB4FBF1F24A4321
:10F0C000521E91B290F8CC211AB901E0022070BD15
:10F0D00001843180002070BD10B50C46062100F07F
:10F0E000EDFF48B180F8FF4024B190F8FD1009B160
:10F0F00006F083FD00205EE602205CE6017899B10F
:10F10000417889B141881B290ED381881B290BD3F3
:10F11000C188022908D34B490268283941F8322FA7
:10F1200040684860002070471220704710B506F014
:10F130001EFD00203FE610B506F01CFD00203AE65B
:10F1400070B514460A46064600250121104606F011
:10F150003DFD002800D8284605460121304600F034
:10F160004EF806460121002000F049F8311801222E
:10F1700096318D4206D901F19600691AB1FBF0F083
:10F18000401C82B22280002070BD10B5044600F001
:10F1900050F808B10C200EE6601C09F08FFE2078B4
:10F1A00000F00100FEF7BAFA002004E610B50446AC
:10F1B000062000F021FF08B10C20FCE52078C007F4
:10F1C00010D00022607811460BF062F808B11220CE
:10F1D000F1E5A06808F073FD6078616808F078FDDB
:10F1E0000020E8E5002008F06AFD00210846F5E768
:10F1F00018B1022801D0012070470020704710B5D7
:10F20000012904D0022905D0FFDF2046D3E5C00044
:10F21000503001E080002C3084B2F6E710B506F0E3
:10F22000D1FD20B1FEF755FA08B10120C3E5002059
:10F23000C1E510B506F0C6FD002800D00120BAE5F2
:10F240007000002090060020416891F82C0191F890
:10F250008C1021B918B1042801D00120704700207A
:10F26000704710B50C46062100F028FF606018B109
:10F270000120207000209EE502209CE5416891F865
:10F28000FD20002A05D0002281F8FD20406806F00C
:10F29000B4BC704708B54FF6FF70ADF8000006E04B
:10F2A0000621BDF8000000F01BFF00B1FFDF0021C8
:10F2B0006846FFF73AF90028F2D008BD70B5144649
:10F2C0000546012200F00EF9002806D12146284605
:10F2D000BDE87040002200F005B970BDFB2803D8DE
:10F2E00040F64800814201D9112070470020704744
:10F2F0001B38E12806D2B1F5A47F03D344F2902055
:10F30000814201D912207047002070471FB58E49F5
:10F31000897ECA0702D10278192A0AD08A0702D444
:10F320000278182A24D0490739D40178122933D019
:10F3300035E04088ADF8000002A9FFF792FF00B168
:10F34000FFDF039810F8601F8DF8021040788DF8E9
:10F3500003000020ADF8040001B9FFDF9DF80300B1
:10F3600000B9FFDF6846FFF7A7F9D8B1FFDF19E062
:10F370004088ADF8000040F64800FB21ADF80400DD
:10F38000ADF80800ADF80210ADF806106846FFF7BA
:10F390006DFA38B1FFDF05E0007BC00702D0002026
:10F3A00004B008E50120FBE7F8B50646508914468D
:10F3B0000F4640B1B0F5004F05D20022A0781146AB
:10F3C0000AF066FF08B11220F8BDB86E394607F1A1
:10F3D000700530B1A07891F86E20904201D00C20D9
:10F3E000F8BD012081F86F00A07881F86E00606898
:10F3F00041F8680F608988802089A884002087F8F8
:10F400006F0020886946FFF715FCA88CBDF8001036
:10F41000081A00B2002804DD39463046FFF7F8FB31
:10F42000DDE70020F8BD38B504460078EF2841D864
:10F430006088ADF80000009800F061F888B361883A
:10F44000080708D4D4E90120824233D8202A31D3D6
:10F45000B0F5804F2ED8207B18B307282AD8607BC0
:10F4600028B1012803D0022801D0032822D14A075D
:10F4700003D4022801D0032805D1A07B08B10128BC
:10F4800018D1480707D4607D28B1012803D002288D
:10F4900001D003280ED1C806E07D03D5012809D18B
:10F4A00004E007E0012801D0032803D1E07E18B171
:10F4B000012801D0122038BD002038BD70B50C469F
:10F4C0000546FF2904D8FEF7A9FA18B11F2C01D967
:10F4D000122070BD2846FEF7C3F808B1002070BDA9
:10F4E000422070BD0AB1012200E00222024202D194
:10F4F000880802D109B1002070471120704780B2FE
:10F50000C1060BD401071CD481064FEAC07101D596
:10F51000B9B900E099B1800713D410E0410610D4C6
:10F5200081060ED4C1074FEA807104D0002902DBA6
:10F53000400704D405E0010703D4400701D40120AB
:10F5400070470020704700009006002030B5058805
:10F5500025F4004421448CB24FF4004194420AD275
:10F56000121B92B21B339A4201D2A94307E005F461
:10F570000041214303E0A21A92B2A9431143018042
:10F5800030BD0844083050434A31084480B27047C7
:10F5900070B51D4616460B46044629463046049A69
:10F5A000FFF7EFFF0646B34200D2FFDF282200211B
:10F5B0002046FDF7E8FE4FF6FF70A082283EB0B26D
:10F5C00065776080B0F5004F00D9FFDF618805F1F5
:10F5D0003C00814200D2FFDF60880835401B343890
:10F5E00080B220801B2800D21B2020800020A07722
:10F5F00070BD8161886170472DE9F05F0D46C1885B
:10F60000044600F12809008921F4004620F400484E
:10F6100000F063FB10B10020BDE8F09F4FF0000A3E
:10F620004FF0010BB0450CD9617FA8EB0600401AE2
:10F630000838854219DC09EB06000021058041806D
:10F640001AE06088617F801B471A083F0DD41B2F8A
:10F6500000DAFFDFBD4201DC294600E0B9B2681ADA
:10F660000204120C04D0424502DD84F817A0D2E750
:10F6700009EB06000180428084F817B0CCE770B532
:10F68000044600F12802C088E37D20F400402BB13D
:10F6900010440288438813448B4201D2002070BD7D
:10F6A00000258A4202D30180458008E0891A0904B6
:10F6B000090C418003D0A01D00F01FFB08E0637F10
:10F6C00000880833184481B26288A01DFFF73EFF0E
:10F6D000E575012070BD70B5034600F12804C588AA
:10F6E000808820F400462644A84202D100201882D7
:10F6F00070BD98893588A84206D3401B75882D1A9D
:10F700002044ADB2C01E05E02C1AA5B25C7F204497
:10F710003044401D0C88AC4200D90D809C8924B136
:10F72000002414700988198270BD0124F9E770B5AE
:10F73000044600F12801808820F400404518208A02
:10F74000002825D0A189084480B2A08129886A8830
:10F750001144814200D2FFDF2888698800260844CE
:10F76000A189884212D1A069807F2871698819B166
:10F77000201D00F0C2FA08E0637F2888083318448F
:10F7800081B26288201DFFF7E1FEA681268201205A
:10F7900070BD2DE9F041418987880026044600F1BB
:10F7A0002805B94219D004F10A0800BF21F400402D
:10F7B0002844418819B1404600F09FFA08E0637F71
:10F7C00000880833184481B262884046FFF7BEFEC5
:10F7D000761C6189B6B2B942E8D13046BDE8F08105
:10F7E0002DE9F04104460B4627892830A68827F4E6
:10F7F0000041B4F80A8001440D46B74201D100200F
:10F80000ECE70AB1481D106023B1627F691D1846FC
:10F81000FDF78FFD2E88698804F1080021B18A194F
:10F8200096B200F06AFA06E0637F6288083399199D
:10F8300089B2FFF78BFE474501D1208960813046B0
:10F84000CCE78188C088814201D101207047002027
:10F85000704701898088814201D1012070470020D2
:10F86000704770B58588C38800F1280425F40042EC
:10F8700023F4004114449D421AD08389058A5E19FD
:10F8800025886388EC18A64214D313B18B4211D398
:10F890000EE0437F08325C192244408892B2801AFD
:10F8A00080B22333984201D211B103E08A4201D1E0
:10F8B000002070BD012070BD2DE9F0478846C18849
:10F8C0000446008921F4004604F1280720F400458D
:10F8D00007EB060900F001FA002178BBB54204D914
:10F8E000627FA81B801A002503E06088627F801B6E
:10F8F000801A083823D4E28962B1B9F80020B9F837
:10F9000002303BB1E81A2177404518DBE0893844E2
:10F91000801A09E0801A217740450ADB607FE1897F
:10F920000830304439440844C01EA4F81280BDE8B1
:10F93000F087454503DB01202077E7E7FFE7618299
:10F940000020F4E72DE9F74F044600F12805C088B0
:10F95000884620F4004A608A05EB0A0608B1404553
:10F9600002D20020BDE8FE8FE08978B13788B6F872
:10F97000029007EB0901884200D0FFDF207F4FF0A3
:10F98000000B50EA090106D088B33BE00027A07FB6
:10F99000B9463071F2E7E18959B1607F29440830F6
:10F9A00050440844B4F81F1020F8031D94F82110A7
:10F9B0008170E28907EB080002EB0801E1813080E9
:10F9C000A6F802B002985F4650B1637F30880833D2
:10F9D000184481B26288A01DFFF7B8FDE78121E0DD
:10F9E000607FE18908305044294408442DE0FFE756
:10F9F000E089B4F81F102844C01B20F8031D94F8B8
:10FA00002110817009EB0800E28981B202EB080045
:10FA1000E081378071800298A0B1A01D00F06DF9DF
:10FA2000A4F80EB0A07F401CA077A07D08B1E088AC
:10FA3000A08284F816B000BFA4F812B084F817B002
:10FA400001208FE7E0892844C01B30F8031DA4F88B
:10FA50001F10807884F82100EEE710B5818800F14E
:10FA6000280321F400442344848AC288A14212D08E
:10FA7000914210D0818971B9826972B11046FFF745
:10FA8000E8FE50B91089283220F40040104419795A
:10FA90000079884201D1002010BD184610BD00F148
:10FAA0002803407F08300844C01E1060088808B949
:10FAB000DB1E136008884988084480B270472DE92E
:10FAC000F04100F12806407F1C460830904643185C
:10FAD00008884D88069ADB1EA0B1C01C80B29042F7
:10FAE00014D9801AA04200DB204687B298183A4603
:10FAF0004146FDF7F1FB002816D1E01B84B2B84463
:10FB0000002005E0ED1CADB2F61EE8E7101A80B249
:10FB10000119A94206D8304422464146BDE8F041C9
:10FB2000FDF7DABB4FF0FF3058E62DE9F04100F168
:10FB30002804407F1E460830904643180025088858
:10FB40004F88069ADB1E90B1C01C80B2904212D939
:10FB5000801AB04200DB304685B299182A464046EA
:10FB6000FDF7E7FB701B86B2A844002005E0FF1CF0
:10FB7000BFB2E41EEAE7101A80B28119B94206D872
:10FB8000211832464046FDF7D4FBA81985B2284615
:10FB900024E62DE9F04100F12804407F1E4608309C
:10FBA00090464318002508884F88069ADB1E90B1BE
:10FBB000C01C80B2904212D9801AB04200DB30469D
:10FBC00085B298182A464146FDF7B3FB701B86B2F2
:10FBD000A844002005E0FF1CBFB2E41EEAE7101AAB
:10FBE00080B28119B94206D8204432464146FDF719
:10FBF000A0FBA81985B22846F0E5401D704710B556
:10FC0000044600F12801C288808820F4004319448A
:10FC1000904206D0A28922B9228A12B9A28A9042C1
:10FC200001D1002010BD0888498831B1201D00F0A5
:10FC300064F800202082012010BD637F62880833B1
:10FC4000184481B2201DFFF781FCF2E70021C18139
:10FC500001774182C1758175704703881380C2891D
:10FC600042B1C28822F4004300F128021A440A601B
:10FC7000C08970470020704710B50446808AA0F5FF
:10FC80007F41FF3900D0FFDFE088A082E08900B12A
:10FC90000120A07510BD4FF6FF7181820021817592
:10FCA000704710B50446808AA0F57F41FF3900D126
:10FCB000FFDFA07D28B9A088A18A884201D1002059
:10FCC00010BD012010BD8188828A914201D1807DC2
:10FCD00008B1002070470120704720F4004221F451
:10FCE00000439A4207D100F4004001F400418842E9
:10FCF00001D0012070470020704730B504460088CD
:10FD00000D4620F40040A84200D2FFDF21884FF4C6
:10FD1000004088432843208030BD70B50C00054664
:10FD200009D0082C00D2FFDF1DB1A1B2286800F075
:10FD300044F8201D70BD0DB100202860002070BD6A
:10FD40000021026803E093881268194489B2002AEE
:10FD5000F9D100F032B870B500260D4604460829E6
:10FD600000D2FFDF206808B91EE0044620688188C1
:10FD7000A94202D001680029F7D181880646A9422C
:10FD800001D100680DE005F1080293B2002299420A
:10FD900009D32844491B02608180216809682160D9
:10FDA0000160206000E00026304670BD00230B603B
:10FDB0008A8002680A600160704700234360021D68
:10FDC000018102607047F0B50F46018840881546F2
:10FDD0000C181E46AC4200D3641B3044A84200D924
:10FDE000FFDFA019A84200D9FFDF3819F0BD2DE9C7
:10FDF000F041884606460188408815460C181F4683
:10FE0000AC4200D3641B3844A84200D9FFDFE0199C
:10FE1000A84200D9FFDF70883844708008EB0400E6
:10FE2000BDE8F0812DE9F041054600881E461746E1
:10FE3000841B8846BC4200D33C442C8068883044F4
:10FE4000B84200D9FFDFA019B84200D9FFDF6888A7
:10FE50003044688008EB0400E2E72DE9F0410688B1
:10FE60001D460446701980B2174688462080B84265
:10FE700001D3C01B20806088A84200D2FFDF701928
:10FE8000B84200D9FFDF6088401B608008EB0600A5
:10FE9000C6E730B50D460188CC18944200D3A41AA9
:10FEA0004088984200D8FFDF281930BD2DE9F04185
:10FEB000BF4D04469046A8780E46A04200D8FFDF0A
:10FEC00005EB8607786A50F8240000B1FFDFB868B8
:10FED000002816D0304600F032F90146B868FFF726
:10FEE0003AFF05000CD0786A072E40F8245000D362
:10FEF000FFDFB0484246294650F826302046984752
:10FF00002846BDE8F0812DE9F84305000C46009530
:10FF100024D00026E81C20F00300A84200D0FFDF18
:10FF2000DFF88C820027314688F8007088F801409D
:10FF300088F8024088F8034088F8044088F80540B3
:10FF400088F80640684600F003F900204246009910
:10FF5000C91C21F00301009116B10FE00126D9E779
:10FF600002EB80035962002106E000BFD3F824C0F1
:10FF70004CF82170491CC9B2A142F7D30099401C2A
:10FF800001EB8401C0B200910728E0D3481BBDE813
:10FF9000F88310B50446F1F774F908B1102010BDCC
:10FFA0002078834A618802EB800092780EE0436AF1
:10FFB00053F8213043B14A1C6280A180406A50F856
:10FFC0002100A060002010BD491C89B28A42EED8F1
:10FFD0006180052010BD70B505460C460846F1F756
:10FFE00050F908B1102070BD072D01D3072070BD56
:10FFF00025700020608070BD0EB56946FFF7EBFFED
:020000040001F9
:1000000000B1FFDF6846FFF7C4FF08B100200EBD56
:1000100001200EBD10B50446072800D3FFDF644859
:10002000005D10BD3EB5054600246946FFF7D3FFCD
:1000300018B1FFDF01E0641CE4B26846FFF7A9FFD6
:100040000028F8D02846FFF7E5FF001BC0B23EBDF0
:1000500057498978814201D9C0B27047FF20704763
:100060002DE9F04106291BD1514C00273B464FF6A4
:10007000FF7604EB810514F801C00AE0DC19D5F81D
:1000800024E0A4B25EF824E0BEF1000F04D05B1CB3
:100090009BB29C45F2D8344604802046B44201D13C
:1000A00000202EE7BDE8F04100E7A0F57F43FF3BCD
:1000B00001D0072901D300207047F7E6A0F57F4261
:1000C000FF3A0BD0072909D2394A9378834205D9E0
:1000D00002EB8101496A51F8200070470020704707
:1000E0002DE9F04104460D46A4F57F4143F202009C
:1000F000FF3902D0072D01D3072002E72C494FF02A
:1001000000088A78A242F8D901EB8506726A52F893
:100110002470002FF1D0274839461C3050F8252094
:1001200020469047716A284641F8248000F007F87D
:1001300002463946B068FFF739FE0020E1E61D4966
:10014000383131F810004FF6FC71C01C0840704780
:100150002DE9F843164E8846054600242868C01C41
:1001600020F0030028602046FFF7E9FF315D484397
:10017000B8F1000F01D0002200E02A680146009289
:1001800032B100274FEA0D00FFF7C7FD1FB106E0AF
:1001900001270020F8E706EB8401009A8A602968AD
:1001A000641C0844E4B22860072CD7D3EFE60000B3
:1001B000AC060020D4B1010070B50E461D461146B4
:1001C00000F0D5F804462946304600F0D9F820441E
:1001D000001D70BD2DE9F04190460D4604004FF022
:1001E000000610D00027E01C20F00300A04200D041
:1001F000FFDFE5B141460020FFF78FFD0C3000EB3B
:10020000850617B113E00127EDE7624F04F10C00FA
:10021000AA003C602572606000EB85002060002130
:100220006068FDF7B0F841463868FFF776FD304664
:10023000BDE8F0812DE9FF4F564C804681B0206823
:100240009A46934600B9FFDF2068027A424503D9F7
:10025000416851F8280020B143F2020005B0BDE822
:10026000F08F5146029800F082F886B258460E99F7
:1002700000F086F885B27019001D87B22068A1468B
:1002800039460068FFF767FD04001FD067802580AE
:100290002946201D0E9D07465A4601230095FFF76B
:1002A00077F92088314638440123029ACDF800A01E
:1002B000FFF76EF92088C1193846FFF79AF9D9F887
:1002C00000004168002041F82840C7E70420C5E746
:1002D00070B5304C0546206800B9FFDF2068017A10
:1002E000A9420ED9426852F8251051B1002342F8B4
:1002F00025304A880068FFF759FD216800200A7AF6
:1003000008E043F2020070BD4B6853F8203033B967
:10031000401CC0B28242F7D80868FFF711FD0020E8
:1003200070BD70B51B4E05460024306800B9FFDF74
:100330003068017AA94204D9406850F8250000B11C
:10034000041D204670BD70B5124E0546002430686D
:1003500000B9FFDF3068017AA94206D9406850F839
:10036000251011B131F8040B4418204670BD10B5AA
:100370000A460121FFF705F9C01C20F0030010BD5B
:1003800010B50A460121FFF7FCF8C01C20F003005D
:1003900010BD00007C00002070B50446C2F11005BD
:1003A0002819FCF7C6FF15F0FF0109D0491ECAB293
:1003B0008020A0542046BDE870400021FCF7E3BF38
:1003C00070BD30B505E05B1EDBB2CC5CD55C6C402B
:1003D000C454002BF7D130BD10B5002409E00B78D0
:1003E000521E44EA430300F8013B11F8013BD2B22C
:1003F000DC09002AF3D110BD2DE9F04389B01E4677
:10040000DDE9107990460D00044622D002460846E8
:10041000F949FEF71EFB102221463846FFF7DCFFA4
:10042000E07B000606D5F44A394610231032084610
:10043000FFF7C7FF102239464846FFF7CDFFF87B8C
:10044000000606D5EC4A4946102310320846FFF74D
:10045000B8FF102200212046FCF795FF0DE0103E6A
:10046000B6B208EB0601102322466846FFF7A9FF43
:10047000224628466946FEF7ECFA102EEFD818D02F
:10048000F2B241466846FFF787FF10234A466946A5
:1004900004A8FFF796FF1023224604A96846FFF739
:1004A00090FF224628466946FEF7D3FA09B0BDE818
:1004B000F08310233A464146EAE770B59CB01E46E9
:1004C0000546134620980C468DF808002022194650
:1004D0000DF10900FCF72DFF202221460DF1290026
:1004E000FCF727FF17A913A8CDE90001412302AAB1
:1004F00031462846FFF780FF1CB070BD2DE9FF4F45
:100500009FB014AEDDE92D5410AFBB49CDE90076A4
:10051000202320311AA8FFF76FFF4FF000088DF855
:1005200008804FF001098DF8099054F8010FCDF8BB
:100530000A00A088ADF80E0014F8010C1022C0F3D8
:1005400040008DF8100055F8010FCDF81100A88873
:10055000ADF8150015F8010C2C99C0F340008DF88A
:10056000170006A88246FCF7E4FE0AA8834610227C
:100570002299FCF7DEFEA0483523083802AA40681D
:100580008DF83C80CDE900760E901AA91F98FFF7F0
:1005900033FF8DF808808DF809902068CDF80A00A7
:1005A000A088ADF80E0014F8010C1022C0F3400032
:1005B0008DF810002868CDF81100A888ADF8150056
:1005C00015F8010C2C99C0F340008DF81700504627
:1005D000FCF7AFFE584610222299FCF7AAFE864887
:1005E0003523083802AA40688DF83C90CDE90076A2
:1005F0000E901AA92098FFF7FFFE23B0BDE8F08FF8
:10060000F0B59BB00C460546DDE922101E461746A4
:10061000DDE92032D0F801C0CDF808C0B0F805C03F
:10062000ADF80CC00078C0F340008DF80E00D1F892
:100630000100CDF80F00B1F80500ADF813000878FF
:100640001946C0F340008DF815001088ADF816006B
:1006500090788DF818000DF119001022FCF769FE52
:100660000DF1290010223146FCF763FE0DF139002F
:1006700010223946FCF75DFE17A913A8CDE9000149
:10068000412302AA21462846FFF7B6FE1BB0F0BD63
:10069000F0B5A3B017460D4604461E46102202A828
:1006A0002899FCF746FE06A820223946FCF741FEB1
:1006B0000EA820222946FCF73CFE1EA91AA8CDE967
:1006C0000001502302AA314616A8FFF795FE16989E
:1006D000206023B0F0BDF0B589B00446DDE90E0717
:1006E0000D463978109EC1F340018DF80010317825
:1006F0009446C1F340018DF801101968CDF802103D
:100700009988ADF8061099798DF808100168CDF830
:1007100009108188ADF80D1080798DF80F00102335
:100720006A46614604A8FFF74CFE2246284604A903
:10073000FEF78FF9D6F801000090B6F80500ADF885
:100740000400D7F80100CDF80600B7F80500ADF8B1
:100750000A000020039010236A46214604A8FFF7F0
:1007600030FE2246284604A9FEF773F909B0F0BD11
:100770001FB51C6800945B6801931368029352686C
:100780000392024608466946FEF763F91FBD10B59D
:1007900088B00446106804905068059000200690C8
:1007A000079008466A4604A9FEF753F9BDF8000011
:1007B000208008B010BD1FB51288ADF800201A883F
:1007C000ADF80220002201920292039202460846EE
:1007D0006946FEF73EF91FBD7FB5074B1446054637
:1007E000083B9A1C6846FFF7E6FF22466946284602
:1007F000FFF7CDFF7FBD000022B2010070B50446B7
:1008000000780E46012813D0052802D0092813D1FC
:100810000EE0A06861690578042003F07FFA052DD9
:100820000AD0782300220420616903F0CDF903E0A7
:100830000420616903F072FA31462046BDE8704039
:1008400001F08AB810B500F12D03C2799C78411DE2
:10085000144064F30102C271D2070DD04A795C7969
:1008600022404A710A791B791A400A718278C97844
:100870008A4200D9817010BD00224A71F5E74178A3
:10088000012900D00C21017070472DE9F04F93B081
:100890004FF0000B0C690D468DF820B00978012649
:1008A0000C2017464FF00D084FF0110A4FF00809C1
:1008B0001B2975D2DFE811F01B00C40207031F03D8
:1008C0005E037103A303B803F9031A0462049504D9
:1008D000A204EF042D05370555056005F30536061E
:1008E000390668068406FE062207EB06F00614B1F8
:1008F00020781D282AD0D5F808805FEA08004FD05C
:1009000001208DF82000686A02220D908DF82420C5
:100910000A208DF82500A8690A90A8880028EED042
:1009200098F8001091B10F2910D27DD2DFE801F0C4
:100930007C1349DEFCFBFAF9F8F738089CF6F50061
:1009400002282DD124B120780C2801D00026F0E314
:100950008DF82020CBE10420696A03F0DFF9A88834
:100960000728EED1204600F0F2FF022809D02046E9
:1009700000F0EDFF032807D9204600F0E8FF072824
:1009800002D20120207004E0002CB8D02078012889
:10099000D7D198F80400C11F0A2902D30A2061E0C8
:1009A000C4E1A070D8F80010E162B8F80410218604
:1009B00098F8060084F83200012028700320207087
:1009C00044E00728BDD1002C99D020780D28B8D15B
:1009D00098F8031094F82F20C1F3C000C2F3C002AE
:1009E000104201D0062000E00720890707D198F8BF
:1009F00005100142D2D198F806100142CED194F8E8
:100A0000312098F8051020EA02021142C6D194F86C
:100A1000322098F8061090430142BFD198F80400A4
:100A2000C11F0A29BAD200E008E2617D81427CD868
:100A3000D8F800106160B8F80410218198F8060019
:100A4000A072012028700E20207003208DF8200055
:100A5000686A0D9004F12D000990601D0A900F3016
:100A60000B9022E12875FCE3412891D1204600F04B
:100A70006EFF042802D1E078C00704D1204600F0C0
:100A800066FF0F2884D1A88CD5F80C8080B24FF077
:100A9000400BE669FFF745FC324641465B464E4651
:100AA000CDF80090FFF741F80B208DF82000686A20
:100AB0000D90E0690990002108A8FFF79FFE2078BB
:100AC000042806D0A07D58B1012809D003280AD0F7
:100AD0004AE305202070032028708DF82060CEE1C5
:100AE00084F800A032E712202070EAE11128BCD17E
:100AF000204600F02CFF042802D1E078C00719D06E
:100B0000204600F024FF062805D1E078C00711D167
:100B1000A07D02280ED0204608E0CCE084E072E1FF
:100B200051E124E103E1E9E019E0B0E100F00FFF59
:100B300011289AD1102208F1010104F13C00FCF7C0
:100B4000F8FB607801286ED012202070E078C00792
:100B500060D0A07D0028C8D00128C6D05AE0112856
:100B600090D1204600F0F3FE082804D0204600F083
:100B7000EEFE132886D104F16C00102208F1010169
:100B80000646FCF7D6FB207808280DD014202070EC
:100B9000E178C8070DD0A07D02280AD06278022A29
:100BA00004D00328A1D035E00920F0E708B10128DE
:100BB00037D1C80713D0A07D02281DD00020009097
:100BC000D4E9062133460EA8FFF777FC10220EA9C0
:100BD00004F13C00FCF780FBC8B1042042E7D4E9F3
:100BE0000912201D8DE8070004F12C0332460EA8DF
:100BF000616BFFF770FDE9E7606BC1F34401491ECB
:100C00000068C84000F0010040F08000D7E720787D
:100C1000092806D185F800908DF8209036E32870D9
:100C2000EFE30920FBE79EE1112899D1204600F06F
:100C30008EFE0A2802D1E078C00704D1204600F0D9
:100C400086FE15288CD104F13C00102208F1010128
:100C50000646FCF76EFB20780A2816D01620207076
:100C6000D4E90932606B611D8DE80F0004F15C036B
:100C700004F16C0247310EA8FFF7C2FC10220EA946
:100C80003046FCF729FB18B1F9E20B20207073E223
:100C90002046FFF7D7FDA078216AC0F110020B189B
:100CA00000211846FCF76FFB26E3394608A8FFF73A
:100CB000A5FD06463CE20228B7D1204600F047FEDB
:100CC000042804D3204600F042FE082809D3204619
:100CD00000F03DFE0E2829D3204600F038FE1228F1
:100CE00024D2A07D0228A0D10E208DF82000686AB1
:100CF0000D9098F801008DF82400F5E3022894D1B6
:100D0000204600F024FE002810D0204600F01FFEF0
:100D10000128F9D0204600F01AFE0C28F4D0042057
:100D20008DF8240098F801008DF8250060E2112864
:100D3000FCD1002CFAD020781728F7D16178606AAE
:100D4000022912D05FF0000101EB4101182606EBE9
:100D5000C1011022405808F10101FCF7EAFA042011
:100D6000696A00F0E7FD2670F0E50121ECE70B2849
:100D7000DCD1002CDAD020781828D7D16078616ACD
:100D800002281CD05FF0000000EB4002102000EBB6
:100D9000C2000958B8F8010008806078616A02282A
:100DA0000FD0002000EB4002142000EBC2000958D5
:100DB000404650F8032F0A604068486039E001203F
:100DC000E2E70120EEE71128B0D1002CAED0207868
:100DD0001928ABD16178606A022912D05FF0000156
:100DE00001EB41011C2202EBC1011022405808F125
:100DF0000101FCF79EFA0420696A00F09BFD1A20AD
:100E0000B6E00121ECE7082890D1002C8ED02078A4
:100E10001A288BD1606A98F80120017862F34701A3
:100E20000170616AD8F8022041F8012FB8F8060075
:100E300088800420696A00F07DFD90E2072011E6B9
:100E40003878012894D1182204F114007968FCF74D
:100E500070FAE079C10894F82F0001EAD001E07837
:100E600061F30000E070217D002974D1217803290D
:100E700009D0C00725D0032028708DF82090686A1B
:100E80000D90412008E3607DA178884201D90620B9
:100E9000E8E502262671E179204621F0E001E171C2
:100EA000617A21F0F0016172A17A21F0F001A17262
:100EB000FFF7C8FC2E708DF82090686A0D9007200F
:100EC000EAE20420ABE6387805289DD18DF82000B1
:100ED000686A0D90B8680A900720ADF824000A9857
:100EE0008DF830B06168016021898180A17A8171BB
:100EF00004202070F8E23978052985D18DF820107A
:100F0000696A0D91391D09AE0EC986E80E004121AE
:100F1000ADF824108DF830B01070A88CD7F80C8084
:100F200080B24026A769FFF70EFA41463A4633469B
:100F3000C846CDF80090FEF72CFE002108A8FFF768
:100F40005DFCE07820F03E00801CE07020780528F1
:100F500002D00F200CE04AE1A07D20B1012802D090
:100F6000032802D002E10720BEE584F80080EDE40A
:100F70002070EBE4102104F15C0002F0E8FB606BF0
:100F8000B0BBA07D18B1012801D00520FDE00620EE
:100F90002870F8486063A063C2E23878022894D1D0
:100FA000387908B12875B7E3A07D022802D003285C
:100FB00005D022E0B8680028F5D060631CE06078B6
:100FC000012806D0A07994F82E10012805D0E94810
:100FD00006E0A17994F82E00F7E7B8680028E2D07F
:100FE0006063E078C00701D0012902D0E14803E046
:100FF00003E0F8680028D6D0A06306200FE68DF83D
:101000002090696A0D91E1784846C90709D0617856
:10101000022903D1A17D29B1012903D0A17D032992
:1010200000D00720287033E138780528BBD120781C
:1010300007281ED084F800A005208DF82000686ADB
:101040000D90B8680A90ADF824A08DF830B0032157
:101050000170E178CA070FD0A27D022A1AD00021C0
:101060000091D4E9061204F15C03401CFFF725FA55
:101070006BE384F80090DFE7D4E90923211D8DE8B4
:101080000E0004F12C0304F15C02401C616BFFF7BD
:1010900022FB5AE3626BC1F34401491E1268CA4045
:1010A00002F0010141F08001DAE738780528BDD16E
:1010B0008DF82000686A0D90B8680A90ADF824A0F9
:1010C0008DF830B0042100F8011B102204F15C01FE
:1010D000FCF72FF9002108A8FFF790FB20780928DA
:1010E00001D0132044E70A2020709AE5E078C10778
:1010F00042D0A17D012902D0022927D038E06178B1
:1011000008A8012916D004F16C010091D4E9061257
:1011100004F15C03001DFFF7BBFA0A2028700326C8
:101120008DF82080686A0D90002108A8FFF766FB03
:10113000E1E2C7E204F15C010091D4E9062104F187
:101140006C03001DFFF7A4FA0026E9E7C0F3440191
:1011500014290DD24FF0006101EBB0104FEAB060DE
:10116000E0706078012801D01020BDE40620FFE681
:10117000607801283FF4B6AC0A2050E5E178C90751
:1011800008D0A17D012903D10B202870042030E074
:1011900028702EE00E2028706078616B012818D02E
:1011A00004F15C0304F16C020EA8FFF7E1FA20469B
:1011B000FFF748FBA0780EAEC0F1100230440021CA
:1011C000FCF7E1F806208DF82000686A09960D907A
:1011D0009BE004F16C0304F15C020EA8FFF7C8FA6F
:1011E000E8E73978022903D139790029D0D0297567
:1011F00092E28DF82000686A0D9056E5387807284D
:10120000F6D1D4E909216078012808D004F16C00F6
:10121000CDE90002029105D104F16C0304E004F170
:101220005C00F5E704F15C0304F14C007A680646C3
:10123000216AFFF763F96078012822D1A078216A3A
:10124000C0F110020B1800211846FCF79CF8D4E9F5
:101250000923606B04F12D018DE80F0004F15C039C
:1012600000E05BE204F16C0231460EA8FFF7C8F91A
:1012700010220EA904F13C00FCF72EF808B10B2057
:10128000ACE485F8008000BF8DF82090686A0D906E
:101290008DF824A009E538780528A9D18DF820001B
:1012A000686A0D90B8680A90ADF824A08DF830B047
:1012B00080F80080617801291AD0D4E9092104F16D
:1012C0002D03A66B03910096CDE9013204F16C0366
:1012D00004F15C0204F14C01401CFFF791F900217C
:1012E00008A8FFF78BFA6078012805D015203FE6A3
:1012F000D4E90912631DE4E70E20287006208DF85A
:101300002000686ACDF824B00D90A0788DF82800F0
:10131000CBE438780328C0D1E079C00770D00F2023
:101320002870072065E7387804286BD11422391D0E
:1013300004F11400FBF7FDFF616A208CA1F809009D
:10134000616AA078C871E179626A01F003011172E3
:10135000616A627A0A73616AA07A81F824001620B1
:101360005DE485F800A08DF82090696A50460D91E3
:1013700092E0000022B201003878052842D1B86816
:10138000A8616178606A022901D0012100E0002192
:1013900001EB4101142606EBC1014058082102F07F
:1013A000D6F96178606A022901D0012100E00021AC
:1013B00001EB410106EBC101425802A8E169FFF7C8
:1013C0000BFA6078626A022801D0012000E0002058
:1013D00000EB4001102000EBC1000223105802A9CD
:1013E0000932FEF7EEFF626AFD4B0EA80932A169D1
:1013F000FFF7E1F96178606A022904D0012103E076
:1014000044E18DE0BFE0002101EB4101182606EB2D
:10141000C101A27840580EA9FBF78BFF6178606A82
:10142000022901D0012100E0002101EB410106EB7E
:10143000C1014158A0780B18C0F1100200211846D4
:10144000FBF7A1FF05208DF82000686A0D90A869C0
:101450000A90ADF824A08DF830B0062101706278B2
:10146000616A022A01D0012200E0002202EB42025E
:1014700006EBC202401C89581022FBF75AFF0021DC
:1014800008A8FFF7BBF91220C5F818B028708DF82E
:101490002090686A0D900B208DF8240005E43878C0
:1014A000052870D18DF82000686A0D90B8680A9000
:1014B0000B20ADF824000A98072101706178626A58
:1014C000022901D0012100E0002101EB410310219C
:1014D00001EBC30151580988A0F801106178626AD4
:1014E000022902D0012101E02FE1002101EB41039B
:1014F000142101EBC30151580A6840F8032F4968D1
:10150000416059E01920287001208DF8300074E600
:10151000162028708DF830B0002108A8FFF76EF96A
:10152000032617E114202870AEE6387805282AD162
:101530008DF82000686A0D90B8680A90ADF824A074
:101540008DF830B080F800906278616A4E46022AC9
:1015500001D0012200E0002202EB42021C2303EB37
:10156000C202401C89581022FBF7E3FE002108A8A4
:10157000FFF744F9152028708DF82060686A0D90F7
:101580008DF8246039E680E0387805287DD18DF823
:101590002000686A0D90B8680A90ADF8249009217F
:1015A00001706169097849084170616951F8012F3A
:1015B000C0F802208988C18020781C28A8D1A1E722
:1015C000E078C00702D04FF0060C01E04FF0070CA6
:1015D000607802280AD000BF4FF0000000EB040141
:1015E00001F1090105D04FF0010004E04FF00100C6
:1015F000F4E74FF000000B78204413EA0C030B7063
:1016000010F8092F02EA0C02027004D14FF01B0CF3
:1016100084F800C0D2B394F801C0BCF1010F00D02F
:101620009BB990F800C0E0465FEACC7C04D028F07B
:1016300001060670102606E05FEA887C05D528F0D2
:101640000206067013262E70032694F801C0BCF122
:10165000020F00D092B991F800C05FEACC7804D0B4
:101660002CF001060E70172106E05FEA8C7805D594
:101670002CF002060E701921217000260078D0BBD4
:10168000CAB3C3BB1C20207035E012E002E03878FA
:10169000062841D11A2015E4207801283CD00C28D6
:1016A0003AD02046FFF7EBF809208DF82000686A51
:1016B0000D9031E03878052805D0062038700326D3
:1016C0001820287046E005208DF82000696A0D91E9
:1016D000B9680A910221ADF8241001218DF830106B
:1016E0000A990870287D4870394608A8FFF786F8DF
:1016F000064618202870012E0ED02BE001208DF810
:101700002000686A0D9003208DF82400287D8DF854
:10171000250085F814B012E0287D80B11D202070CE
:10172000172028708DF82090686A0D9002208DF89F
:101730002400394608A8FFF761F806460AE00CB114
:10174000FE2020709DF8200020B1002108A8FFF79E
:1017500055F80CE413B03046BDE8F08F2DE9F043A6
:1017600087B00C464E6900218DF8041001202578C1
:10177000034602274FF007094FF0050C85B1012DF4
:1017800053D0022D39D1FE2030708DF80030606AC0
:10179000059003208DF80400207E8DF8050063E09D
:1017A0002179012925D002292DD0032928D0042907
:1017B00023D1B17D022920D131780D1F042D04D30E
:1017C0000A3D032D01D31D2917D12189022914D3E4
:1017D0008DF80470237020899DF80410884201E080
:1017E0001AB2010018D208208DF80000606A059036
:1017F00057E070780128EBD0052007B0BDE8F083F2
:101800001D203070E4E771780229F5D131780C2978
:10181000F3D18DF80490DDE7083402F804CB94E8A6
:101820000B0082E80B000320E7E71578052DE4D1D3
:101830008DF800C0656A0595956802958DF81010C1
:1018400094F80480B8F1010F13D0B8F1020F2DD035
:10185000B8F1030F1CD0B8F1040FCED1ADF804706D
:101860000E202870207E687000216846FEF7C6FFB3
:101870000CE0ADF804700B202870207E002100F0F1
:101880001F0068706846FEF7B9FF37700020B4E7A4
:10189000ADF804708DF8103085F800C0207E6870B7
:1018A000277011466846FEF7A9FFA6E7ADF8049039
:1018B0002B70207F6870607F00F00100A870A07F0F
:1018C00000F01F00E870E27F2A71C0071CD094F876
:1018D000200000F00700687194F8210000F0070074
:1018E000A87100216846FEF789FF2868F062A88881
:1018F0003086A87986F83200A0694078707528791A
:10190000B0700D203070C1E7A9716971E9E700B5C9
:1019100087B004280CD101208DF800008DF8040058
:10192000002005918DF8050001466846FEF766FF28
:1019300007B000BD70B50C46054602F0EFF9214630
:101940002846BDE870407823002202F03DB908B176
:10195000007870470C20704770B50C0005784FF088
:1019600000010CD021702146F1F757FC694821781D
:10197000405D884201D1032070BD022070BDF1F7A7
:101980004CFC002070BD0279012A05D000220A70AB
:101990004B78012B02D003E0042070470A758A615E
:1019A00002799300521C0271C15003207047F0B5B8
:1019B00087B00F4605460124287905EB800050F8D2
:1019C000046C7078411E02290AD252493A460839FD
:1019D00001EB8000314650F8043C28469847044605
:1019E0000CB1012C11D12879401E10F0FF00287194
:1019F00001D00324E0E70A208DF80000706A05900A
:101A0000002101966846FFF7A7FF032CD4D007B04A
:101A10002046F0BD70B515460A46044629461046D4
:101A2000FFF7C5FF064674B12078FE280BD1207C55
:101A300030B100202870294604F10C00FFF7B7FFF1
:101A40002046FEF71CFF304670BD704770B50E464D
:101A500004467C220021FBF796FC0225012E03D0D0
:101A6000022E04D0052070BD0120607000E065707A
:101A70002046FEF704FFA575002070BD28B1027C4A
:101A80001AB10A4600F10C01C4E70120704710B5F5
:101A9000044686B0042002F041F92078FE2806D0E2
:101AA00000208DF8000069462046FFF7E7FF06B0EA
:101AB00010BD7CB50E4600218DF804104178012937
:101AC00003D0022903D0002405E0046900E0446942
:101AD0000CB1217C89B16D4601462846FFF753FFC2
:101AE000032809D1324629462046FFF793FF9DF887
:101AF0000410002900D004207CBD04F10C05EBE7A4
:101B000030B40C460146034A204630BC024B0C3A26
:101B1000FEF751BE60B201001AB2010070B50D4669
:101B2000040012D08DB1220100212846FBF72BFCC6
:101B3000102255492846FBF7FCFB53480121083881
:101B4000018044804560002070BD012070BD70B5EB
:101B50004D4E00240546083E10E07068AA7B00EB5D
:101B60000410817B914208D1C17BEA7B914204D170
:101B70000C222946FBF7B0FB30B1641C308884424C
:101B8000EBDB4FF0FF3070BD204670BD70B50D46E9
:101B9000060006D02DB1FFF7DAFF002803DB401C5A
:101BA00014E0102070BD384C083C20886288411C2D
:101BB000914201D9042070BD6168102201EB001030
:101BC0003146FBF7B6FB2088401C2080287000209F
:101BD00070BD2D480838008870472B49083908889F
:101BE000012802D0401E08800020704770B51446BE
:101BF0000D0018D0BCB10021A170022802D010281D
:101C000011D105E0288870B10121A170108008E091
:101C10002846FFF79CFF002805DB401CA070A88920
:101C20002080002070BD012070BD70B505461446AF
:101C30000E000BD000203070A878012808D005D9FC
:101C40001149A1F108010A8890420AD9012070BD0A
:101C500024B1287820702888000A5070022008706B
:101C60000FE064B14968102201EB001120461039E1
:101C7000FBF75FFB287820732888000A6073102028
:101C80003070002070BD0000880000202DE9F04178
:101C900090460C4607460025C2EB4811FE48072F28
:101CA00000EB410607D2DFE807F007070707040447
:101CB0000400012500E0FFDF06F81470002D13D0AA
:101CC000F5487C3000EB880191F827001F2803D0ED
:101CD00006EB4000447001E081F8264006EB440228
:101CE0001F20507081F82740BDE8F081F0B51F46F5
:101CF00014460E4605461F2A00D1FFDFE648C7EB13
:101D0000471100EB410CE4490CEB44007C3101EB42
:101D100087021F2E07D00CEB460140784B784870A5
:101D200018461F210AE092F82530407882F82500F5
:101D3000F6E701460CEB410005704078A142F8D16E
:101D400092F827401F2C03D00CEB4404637001E091
:101D500082F826300CEB41041F23637082F82710B1
:101D6000F0BD30B50D46CD4B44190022181A72EB68
:101D7000020100D2FFDFCA48854200DDFFDFC8480C
:101D80004042854200DAFFDFC448401C844207DA43
:101D9000002C01DB204630BDC048401C201830BD5F
:101DA000BE48C043FAE710B504460168407ABD4A10
:101DB00052F82020114450B10220084420F07F4006
:101DC000F8F759FD94F90810BDE81040C9E7042060
:101DD000F3E72DE9F047B04E7C3696F82D50DFF84A
:101DE000B89206EB850090F8264036E0C5EB451129
:101DF00009EB41074FF0070817F81400012806D037
:101E000004282ED005282ED0062800D0FFDF01F0B0
:101E100045F9014607EB4400427806EB850080F85F
:101E2000262090F82720A24202D11F2280F82720E6
:101E3000084601F03EF92A4621460120FFF726FF19
:101E40009948414600EB041002682046904796F8F6
:101E50002D5006EB850090F826401F2CC6D1BDE81A
:101E6000F087022000E003208046D0E710B58A4CBE
:101E70001F217C3484F8251084F8261084F827105C
:101E8000002084F8280084F82D0084F82E10411ECC
:101E9000A16044F8100B2074607420736073A07309
:101EA0008249E07720750870487000217A4A103C1A
:101EB00002F81100491CC9B21F29F9D30120F8F713
:101EC000CAFB0020F8F7C7FB012084F82200F9F7CD
:101ED00037F87748F9F749F8744CA41E2070754814
:101EE000F9F743F86070BDE81040F8F741BB10B552
:101EF000F8F763FB6D4CA41E2078F9F74FF8607873
:101F0000F9F74CF8BDE8104001F000B91F20704708
:101F10000020F8F779BB70B5054601240E46AC40A9
:101F20005AB1FFF7F5FF0146634800EBC500C0F862
:101F30001015C0F81465614801E06048001D046098
:101F400070BD2DE9F34F544D00247C3505EB810A1B
:101F500089B09AF825001F2823D0611E02915249AA
:101F6000009401EB0017391D03AB07C983E8070094
:101F700005F11400A0460189ADF81C10807A8DF897
:101F80001E009DF81500C8B10226464951F82040B0
:101F90000399A219114421F07F41019184B10221DA
:101FA0000FE00120F8F757FB0020F8F754FBF8F793
:101FB00022FB01F0ABF885F82F40A9E00426E4E706
:101FC00000218DF81810022801D0012820D1039893
:101FD00001190998081A801C9DF81C1020F07F40F8
:101FE00001B10221353181420BD203208DF8150059
:101FF0000398C4F13201401A20F07F40322403904C
:102000000CE095F8240018B901F063FA002863D0B9
:10201000322C03D214B101F06DF801E001F076F832
:10202000224A107818B393465278039B121B002162
:102030009DF81840994601281AD0032818D000208E
:102040008DF81E00002A04DD981A039001208DF8F7
:1020500018009DF81C0000B102210398184A20F0D6
:102060007F40039003AB099801F05CF810B110E0D9
:102070000120E5E79DF81D0018B99BF80000032832
:1020800029D08DF81C80CDF80C908DF818408DF873
:102090001E809DF8180015E0DC080020FF7F841EDC
:1020A0000020A10770B20100EC0600209A00002079
:1020B000773A0100D31D010000F0014004F5014012
:1020C000FFFF3F0058B103980123811900221846F1
:1020D000F8F714FB06E000200BB0BDE8F08F0120FC
:1020E000F8F7B9FA97F90C20012300200199F8F7C5
:1020F00005FBF87BC00701D0F8F7E9FB012085F864
:102100002F008AF8288020226946FE48FBF711F943
:102110000120E1E72DE9F05FDFF8E883064608EBF0
:10212000860090F825501F2D21D0A8F17C01C6EB28
:1021300046102C4601EB4007A1F5F879DFF8C8B34B
:1021400005E0A24607EB4A0044781F2C0AD0F8F7B6
:1021500020FB09EB04135A4601211B1D00F0E2FF8E
:102160000028EED0AC4202D0334652461EE0E7488B
:1021700008B1AFF30080F8F70CFB98F82F206AB194
:10218000D8F80C20411C891A0902CA1701EB126108
:102190000912002902DD0020BDE8F09F3146FFF75B
:1021A000D0FE08B10120F7E733462A461F2104205C
:1021B000FFF79CFDEFE72DE9F041D24C2569F8F7D8
:1021C000E8FA401B0002C11700EB1160001200D4B6
:1021D000FFDF94F8220000B1FFDF012784F82270AE
:1021E00094F82E001F2800D1FFDF94F82E601F20E6
:1021F00084F82E00002584F82F5084F8205084F8AD
:102200002150C34825600078022835D0032833D0F8
:1022100000202077A068401C05D04FF0FF30A06060
:102220000120F8F718FA0020F8F715FAF8F711FB73
:10223000F8F709FBF8F7DFF908F0C6F8B5480560CC
:1022400005604FF0E0214FF40040B846C1F880022D
:10225000F0F7B5FE94F82D703846FFF75BFF0028C5
:10226000FAD0A849C7EB47107C3901EB400010F8C1
:102270001600022802D006E00120CAE73A4631469D
:102280000620FFF703FD84F8238004EB870090F815
:1022900026001F2804D09E48801E4078F8F784FE50
:1022A000207F002803D0F8F7C4FA257765771BE56F
:1022B000944910B591F82D20924B0024C2EB4211A5
:1022C0007C3B03EB410100BF11F814302BB1641CBF
:1022D000E4B21F2CF8D31F2010BD8F4901EB04116D
:1022E00008600020C87321460120FFF7CFFC20467C
:1022F00010BD10B5012801D0032800D181B3814A57
:1023000092F82D307F4C0022C3EB43137C3C04EB4E
:10231000430300BF13F812400CB1082010BD521C3B
:10232000D2B21F2AF6D37A4A48B1022807D0072929
:1023300017D2DFE801F01606080A0C0E1000002183
:102340000AE01B2108E03A2106E0582104E0772149
:1023500002E0962100E0B52151701070002010BD00
:10236000FFE70720FBE76A4810B54078F8F783FAE3
:1023700080B2F4E710B51F2815D2624991F82D20DC
:10238000C2EB4213A1F17C0202EB430414F81030BB
:102390004BB191F82D30C3EB431302EB430212F81B
:1023A0001020012A01D00020D9E791F82D20014604
:1023B0000020FFF76BFC0120D1E710B5F8F7E9F931
:1023C000BDE81040F8F757BA2DE9F0410E464D4FE1
:1023D00001781F257C3FC3EB43130C4607EB4303F7
:1023E00003E0254603EB45046478944202D01F2C99
:1023F000F7D108E01F2C06D0A14206D103EB410122
:102400004978017007E000206EE403EB440003EB21
:10241000450140784870414F7EB127B1002140F21C
:102420002D40AFF300803078A04206D127B10021C3
:102430004FF48660AFF30080357027B1002140F281
:102440003540AFF3008001204EE410B542680B68C0
:102450009A1A1202D41702EB1462121216D4497A95
:1024600091B1427A82B92E4A006852F8211012685E
:1024700019441044001D891C081A0002C11700EB02
:1024800011600012322801DB012068E7002066E7B6
:102490002DE9F0478146204EC1EB411006F5F87159
:1024A0009846144601EB400713E000BF06EB041505
:1024B000291D4846FFF7C9FF68B988F80040A97B85
:1024C00099F80A00814201D80020C8E407EB4400D3
:1024D00044781F2CEAD10120C1E42DE9F04782465F
:1024E00008480E4600EB8600DFF82C8090F8254067
:1024F0001F201070C1EB46109946154608F5F8717B
:1025000010E0000058090020FFFF3F00000000001D
:102510009A00002000F50040EC06002000000000BA
:1025200070B2010001EB40070BE000BF08EB0410A4
:102530005146001DFFF789FF28B107EB44002C70BE
:1025400044781F2CF2D1297889F800104B46224696
:1025500031465046BDE8F0479AE72DE9FC410E466A
:1025600007460024FE4D08E09DF8000005EB001032
:102570008168384600F0EAFD01246B4601AA314625
:102580003846FFF7AAFF0028EED02046BDE8FC81C0
:1025900070B50446C0EB44110125F248A54300EB99
:1025A0004101C5EB451200EB42003E22FAF7C1FEA5
:1025B000ED4E26B100214FF49360AFF30080E9485F
:1025C0007C3000EB850100EB8400D0F82500C1F8D9
:1025D000250026B1002140F29C40AFF30080284640
:1025E00070BD8A4203D003460520FFF77FBB1F2939
:1025F00008D0DC4AC0EB401002EB400000EB410089
:1026000040787047D7497C3101EB800090F8250075
:102610007047D34901EB0010001DFFF7C4BB7CB528
:102620001D46134604460E4600F108022146184690
:10263000F8F72EF994F908000F2804DD1F382072EE
:102640002068401C206096B10220C84951F826102D
:10265000461820686946801B20F07F40206094F96E
:1026600008002844C01C1F2803DA012009E00420C8
:10267000EBE701AAF8F70CF99DF8040010B10098F7
:10268000401C00900099206831440844C01C20F090
:102690007F4060607CBDFEB50C46064609786079D7
:1026A000907220791F461546507279B12179002227
:1026B0002846A368FFF7B3FFAA4928467C3191F862
:1026C0002E201F2A0AD00969491D0DE0D4E90223F2
:1026D000217903B02846BDE8F040A0E7A449497835
:1026E000052900D20521314421F07F4100F02EFD63
:1026F00039462846FFF731FFD4E90232217968468E
:10270000FFF78DFF2B4600213046019A00F00AFDAD
:10271000002806D103B031462846BDE8F04000F05D
:1027200015BDFEBD2DE9FE4F814600F0CBFC38B152
:102730005FF0000799F8000020B10020BDE8FE8F8F
:102740000127F7E7874D884C4FF0000A7C3524B10C
:10275000002140F2FF40AFF3008095F82D8085F80E
:1027600023A0002624B1002140F20450AFF30080E2
:102770001FB94046FFF70CFF804624B1002140F20C
:102780000C50AFF30080F8F704F843466A46494618
:10279000FFF781FF24B1002140F21250AFF3008017
:1027A00095F82E001F280CD029690098401A0002C5
:1027B000C21700EB1260001203D5684600F0C6FC99
:1027C000012624B1002140F21C50AFF3008095F89F
:1027D00023000028BBD124B1002140F22250AFF3E6
:1027E0000080F7F7D6FF6B46624A002100F09AFCA2
:1027F0000028A3D027B941466846FFF7AEFE06433E
:1028000026B16846FFF7CFFAC9F8080024B10021C5
:1028100040F23550AFF3008001208FE72DE9F04FF3
:1028200089B08B46824600F04DFC4E4C7C3428B378
:102830009BF80000002710B1012800D0FFDF4A4DAF
:1028400025B1002140F2F750AFF300804449012048
:1028500001EB0A18A94607905FEA090604D0002197
:1028600040F2FF50AFF30080079800F022FC94F88C
:102870002D50002084F8230067B119E094F82E0051
:1028800001271F2800D1FFDF9BF800000028D6D0C9
:10289000FFDFD4E72846FFF77BFE054626B100217F
:1028A00040F20960AFF3008094F823000028D3D1F0
:1028B00026B1002140F21360AFF30080F7F769FF03
:1028C0002B4602AA59460790FFF7E5FE98F80F003D
:1028D0005FEA060900F001008DF8130004D0002122
:1028E00040F21D60AFF300803B462A4602A9CDF8B6
:1028F00000A0079800F035FC064604EB850090F830
:1029000028000090B9F1000F04D0002140F22460AB
:10291000AFF3008000F0C2FB0790B9F1000F04D0C4
:10292000002140F22A60AFF3008094F823000028D1
:1029300092D1B9F1000F04D0002140F23260AFF320
:1029400000800DF1080C9CE80E00C8E90112C8F8DF
:102950000C30BEB35FEA090612D000210CE0000083
:10296000EC060020DC0800200000000070B201002E
:102970009A000020FFFF3F0040F23F60AFF300806D
:102980000098B84312D094F82E001F280ED126B11B
:10299000002140F24460AFF300802846FFF7BAFB05
:1029A00020B99BF80000D8B3012849D0B9F1000F35
:1029B00004D0002140F26160AFF30080284600F0AF
:1029C00066FB01265FEA090504D0002140F26A6037
:1029D000AFF30080079800F06CFB25B1002140F2B6
:1029E0006E60AFF300808EB194F82D0004EB800090
:1029F00090F826001F2809D025B1002140F275600B
:102A0000AFF30080F9484078F8F7CEFA25B10021FD
:102A100040F27A60AFF3008009B03046BDE8F08F35
:102A2000FFE7B9F1000F04D0002140F24C60AFF392
:102A3000008094F82D2051460420FFF727F9C0E7C5
:102A4000002E3FF409AF002140F25760AFF3008041
:102A500002E72DE9F84FE64D814695F82D004FF03D
:102A60000008E44C4FF0010B474624B100214FF41D
:102A7000D160AFF30080584600F01BFB85F823704F
:102A800024B1002140F28D60AFF3008095F82D0055
:102A9000FFF77EFD064695F8230028B1002CE4D010
:102AA000002140F293604DE024B1002140F2976094
:102AB000AFF30080CE49C6EB46107C3901EB4001F4
:102AC00011F81900032856D1334605EB830A4A460C
:102AD0009AF82500904201D1012000E000200090EA
:102AE0000AF125000021FFF76FFC01460098014222
:102AF00003D001228AF82820AF77E1B324B1002166
:102B000040F29C60AFF30080324649460120FFF757
:102B1000BDF89AF828A024B1002140F2A760AFF3D5
:102B2000008000F0BBFA834624B1002140F2AC6083
:102B3000AFF3008095F8230038B1002C95D0002128
:102B40004FF4D660AFF300808FE7BAF1000F07D0E3
:102B500095F82E001F2803D13046FFF7DBFAE0B1CD
:102B600024B1002140F2C460AFF30080304600F091
:102B70008EFA4FF0010824B1002140F2CD60AFF38E
:102B80000080584600F095FA24B1002140F2D1604F
:102B9000AFF300804046BDE8F88F002CF1D0002153
:102BA00040F2BF60AFF30080E6E70120F7F72CBDED
:102BB0008E48007870472DE9F0418D4C94F82E0036
:102BC0001F2821D194F82D6004EB860797F8255033
:102BD0001F2D00D1FFDF8649C6EB46107C3901EB83
:102BE000400000EB4500407807F8250F0120F87001
:102BF00084F82300294684F82E50324602202234DD
:102C0000FFF744F8002020701EE42DE9F0417A4ED1
:102C1000774C012538B1012821D0022879D003282A
:102C20007DD0FFDF10E400F065FAFFF7C4FF207EDF
:102C300000B1FFDF84F821500020F7F70CFDA168F8
:102C4000481C04D0012300221846F7F757FD14F85A
:102C50002E0F217806EB01110A68012154E0FFF7DD
:102C6000AAFF0120F7F7F7FC94F8210050B1A06803
:102C7000401C07D014F82E0F217806EB01110A68CA
:102C8000062141E0207EDFF86481002708F1020878
:102C9000012803D002281ED0FFDFB5E7A777F7F79A
:102CA000C8FD98F80000032801D165772577607D7D
:102CB000524951F8200094F8201051B948B1616888
:102CC0000123091A00221846F7F718FD0220207682
:102CD0009AE7277698E784F8205000F00BFAA07F57
:102CE00050B198F8010061680123091A00221846C2
:102CF000F7F704FD257600E0277614F82E0F2178EB
:102D000006EB01110A680021BDE8F041104700E020
:102D100005E036480078BDE8F041F8F745B9FFF71F
:102D20004AFF14F82E0F217806EB01110A680521DD
:102D3000EAE710B52E4C94F82E001F2800D1FFDFD3
:102D400014F82E0F21782C4A02EB01110A68BDE815
:102D50001040042110477CB5254C054694F82E0000
:102D60001F2800D1FFDFA068401C00D0FFDF94F8CF
:102D70002E00214901AA01EB0010694690F90C00D0
:102D80002844F7F785FD9DF904000F2801DD012097
:102D900000E00020009908446168084420F07F4169
:102DA000A16094F82100002807D002B00123BDE8FB
:102DB000704000221846F7F7A1BC7CBD30B5104A20
:102DC0000B1A541CB3EB940F1ED3451AB5EB940F9A
:102DD0001AD3934203D9101A43185B1C14E095428E
:102DE00010D9511A0844401C43420DE098000020BD
:102DF0005809002000000000EC06002070B201001D
:102E0000FF7F841EFFDF0023184630BD0123002210
:102E100001460220F7F772BC0220F7F71CBCF7F757
:102E2000B8BC2DE9FE4FF24C05468A4694F82E00B8
:102E30001F2800D1FFDFEE4E94F82E10A04620464A
:102E4000A6F51B7202EB01141F218DF8001090F8FB
:102E50002D10376900EB8101D8F8000091F825901A
:102E6000284402AA01A90C36F7F712FD9DF90800C3
:102E7000002802DD0198401C0190A0680199642D92
:102E8000084453D3DB4B00225B1B72EB02014DD392
:102E90006168411A21F07F41B1F5800F46D220F0E0
:102EA0007F40706086F80AA098F82D1044466B4663
:102EB0004A463046FFF7ECFAB8B3A068401C10D081
:102EC000F7F767FCA168081A0002C11700EB116050
:102ED000001202282CDD0120F7F7BDFB4FF0FF3078
:102EE000A06094F82D009DF800201F210F34FFF7FB
:102EF00078FBA17FBE4AC1EB41117C3A02EB410154
:102F0000E27F01EB4201487054F80F0C284444F86A
:102F10000F0C012020759DF800001F2803D0B64833
:102F20004078F8F741F8012008E401E0002005E4CA
:102F30007760FBE72DE9F047AD4C074694F82D008C
:102F4000A4F17C06C0EB401006EB400010F817001F
:102F500000B9FFDF94F82D50A046A84C24B1002101
:102F600040F6E800AFF30080C5EB451040F6F409E9
:102F700040F6FD0A06EB400616F81700012819D0A6
:102F8000042811D005280FD006280DD01CB100212F
:102F90004846AFF3008007F0EBFE002CECD0002198
:102FA0005046AFF30080E7E72A4639460120FEF796
:102FB0006DFEF2E74FF0010A4FF00009454624B1DB
:102FC000002140F60410AFF30080504600F071F885
:102FD00085F8239024B1002140F60910AFF300805A
:102FE00095F82D00FFF7D4FA064695F8230028B18E
:102FF000002CE4D0002140F60F101FE024B1002186
:1030000040F61310AFF3008005EB860000F12701B6
:1030100033463A462630FFF7D7F924B1002140F66F
:103020001710AFF3008000F039F8824695F82300BE
:1030300038B1002CC3D0002140F61D10AFF3008042
:10304000BDE785F82D60012085F82300504600F08B
:1030500030F8002C04D0002140F62A10AFF3008095
:10306000BDE8F08730B5044661480D4690F82D0064
:103070005F49C0EB40107C3901EB400010F81400B0
:1030800000B9FFDF5E4800EB0410C57330BD58493E
:1030900081F82D00012081F82300704710B55948B0
:1030A00008B1AFF30080EFF3108000F0010072B6BA
:1030B00010BD10B5002804D1534808B1AFF300800B
:1030C00062B610BD51480068C005C00D10D0103860
:1030D00040B2002804DB00F1E02090F8000405E095
:1030E00000F00F0000F1E02090F8140D4009704747
:1030F0000820704710B53E4C94F82400002804D1F5
:10310000F7F746FC012084F8240010BD10B5384CB8
:1031100094F82400002804D0F7F763FC002084F81A
:10312000240010BD10B51C685B68241A181A24F01E
:103130007F4420F07F40A14206D8B4F5800F03D22F
:10314000904201D8012010BD002010BDD0E900320E
:10315000D21A21F07F43114421F07F41C0E90031B0
:1031600070472DE9FC418446214815460F46C2EBC5
:1031700045117C38089C00EB410616F81400012824
:1031800004D0022802D00020BDE8FC813B46204A42
:1031900001216046FFF7C6FFF0B101AB6A46294640
:1031A0003846FFF79AF9B8B19DF804209DF8001051
:1031B0002846FFF716FA06EB440148709DF8000018
:1031C0001F280DD006EB400044702A4621460320FC
:1031D000FEF75CFD0120D7E72A4621460420F7E7E9
:1031E0000348012100EB850000F8254FC170ECE792
:1031F00058090020FF1FA1079800002000000000D0
:10320000EC060020000000000000000004ED00E0DB
:10321000FFFF3F002DE9F041044680074FF0000515
:103220004FF001060CD56B480560066000F0DEF932
:1032300020B16948016841F48061016024F0020412
:10324000E0044FF0FF3705D564484660C0F80873C6
:1032500024F48054600003D56148056024F0804464
:10326000E0050FD55F48C0F80052C0F808735E490A
:103270000D60091D0D605C4A04210C32116006616D
:1032800024F48074A00409D558484660C0F8005260
:10329000C0F808735648056024F40054C4F3803025
:1032A000C4F3C031884200D0FFDF14F4404F14D083
:1032B00050484660C0F808734F488660C0F8005216
:1032C000C0F808734D490D600A1D16608660C0F88D
:1032D00008730D60166024F4404420050AD5484860
:1032E00046608660C0F80873C0F8487345480560BA
:1032F00024F4006407F042F84348044200D0FFDFA2
:10330000BDE8F081F0B50022202501234FEA020438
:1033100020FA02F1C9072DD051B2002910DB00BFFD
:103320004FEA51174FEA870701F01F0607F1E02720
:1033300003FA06F6C7F88061BFF34F8FBFF36F8FB4
:103340000CDB00BF4FEA51174FEA870701F01F0659
:1033500007F1E02703FA06F6C7F8806204DB01F103
:10336000E02181F8004405E001F00F0101F1E021C6
:1033700081F8144D02F10102AA42C9D3F0BD10B583
:10338000224C20600846F7F71CFC2068FFF742FF3C
:103390002068FFF7B7FF06F031FC00F088F906F06F
:1033A000EDFF06F02CFFF7F7CBFDBDE8104006F06F
:1033B000D9BC10B5154C2068FFF72CFF2068FFF72B
:1033C000A1FF06F0DBFFF7F7FBFC0020206010BD3B
:1033D0000A207047FC1F00403C17004000C000401E
:1033E00004E50140008000400485004000D000401A
:1033F00004D5004000E0004000F0004000F500402F
:1034000000B0004008B50040FEFF0FFD9C0000200A
:1034100070B526490A680AB30022154601244B6894
:103420005B1C4B600C2B00D34D600E7904FA06F345
:103430000E681E420FD0EFF3108212F0010272B636
:1034400000D001220C689C430C6002B962B6496846
:103450000160002070BD521C0C2AE0D3052070BD15
:103460004FF0E0214FF48000C1F800027047EFF305
:10347000108111F0010F72B64FF0010202FA00F252
:103480000A48036842EA0302026000D162B6E7E735
:1034900006480021016041607047012181400348D6
:1034A0000068084000D0012070470000A000002004
:1034B00001208107086070470121880741600021D1
:1034C000C0F80011184801707047174901200870B2
:1034D00070474FF08040D0F80001012803D0124817
:1034E0000078002800D00120704710480068C0070D
:1034F00000D0012070470D480C300068C00700D094
:10350000012070470948143000687047074910319E
:103510000A68D20306D5096801F00301814201D18E
:103520000120704700207047A800002008040040D8
:103530004FF08050D0F830010A2801D000207047A9
:103540000120704700B5FFF7F3FF20B14FF0805026
:10355000D0F8340108B1002000BD012000BD4FF0BB
:103560008050D0F83001062803D0401C01D0002044
:103570007047012070474FF08050D0F830010D287F
:1035800001D000207047012070474FF08050D0F8E4
:103590003001082801D000207047012070474FF00B
:1035A0008050D0F83001102801D000207047012051
:1035B000704700B5FFF7F3FF30B9FFF7DCFF18B92C
:1035C000FFF7E3FF002800D0012000BD00B5FFF7A2
:1035D000C6FF38B14FF08050D0F83401062803D32D
:1035E000401C01D0002000BD012000BD00B5FFF748
:1035F000B6FF48B14FF08050D0F83401062803D30D
:10360000401C01D0012000BD002000BD0021017040
:10361000084670470146002008707047EFF310819C
:1036200001F0010172B60278012A01D0012200E006
:1036300000220123037001B962B60AB1002070476D
:103640004FF400507047E9E7EFF3108111F0010FDC
:1036500072B64FF00002027000D162B600207047CF
:10366000F2E700002DE9F04115460E46044600271A
:1036700000F0EBF8A84215D3002341200FE000BF73
:1036800094F84220A25CF25494F84210491CB1FB19
:10369000F0F200FB12115B1C84F84210DBB2AB426B
:1036A000EED3012700F0DDF83846BDE8F08172491D
:1036B00010B5802081F800047049002081F8420094
:1036C00081F84100433181F8420081F841004331E3
:1036D00081F8420081F841006948FFF797FF684888
:1036E000401CFFF793FFF7F7B3FBBDE8104000F075
:1036F000B8B840207047614800F0A7B80A460146B4
:103700005E48AFE7402070475C48433000F09DB80A
:103710000A46014659484330A4E740210170002081
:10372000704710B504465548863000F08EF820707A
:10373000002010BD0A460146504810B58630FFF7FC
:1037400091FF08B1002010BD42F2070010BD70B516
:103750000C460646412900D9FFDF4A480068103868
:1037600040B200F054F8C5B20D2000F050F8C0B2DD
:10377000854201D3012504E0002502E00DB1F7F7F1
:10378000AAFB224631463D48FFF76CFF0028F5D0E2
:1037900070BD2DE9F0413A4F0025064617F10407A8
:1037A00057F82540204600F041F810B36D1CEDB2EB
:1037B000032DF5D33148433000F038F8002825D0E8
:1037C0002E4800F033F8002820D02C48863000F036
:1037D0002DF800281AD0F7F754FB2948FFF71EFFF1
:1037E000B0F5005F00D0FFDFBDE8F0412448FFF7EF
:1037F0002BBF94F841004121265414F8410F401C7E
:10380000B0FBF1F201FB12002070D3E74DE7002876
:1038100004DB00F1E02090F8000405E000F00F0068
:1038200000F1E02090F8140D4009704710F8411F96
:103830004122491CB1FBF2F302FB13114078814293
:1038400001D1012070470020704710F8411F4078D7
:10385000814201D3081A02E0C0F141000844C0B21D
:10386000704710B50648FFF7D9FE002803D1BDE820
:103870001040F7F7F1BA10BD0DE000E08809002014
:10388000AC00002004ED00E070B5154D2878401C18
:10389000C4B26878844202D000F0DBFA2C7070BDAC
:1038A0002DE9F0410E4C4FF0E02600BF00F0C6FAC3
:1038B00007F05EFA40BF20BF677820786070D6F8C6
:1038C0000052EDF759FD854305D1D6F8040210B931
:1038D0002078B842EAD000F0ACFA0020BDE8F081D0
:1038E000BC0000202DE9F04101264FF0E022310319
:1038F0004FF000084046C2F88011BFF34F8FBFF36E
:103900006F8F204CC4F800010C2000F02EF81E4DE3
:103910002868C04340F30017286840F01000286072
:10392000C4F8046326607F1C02E000BF07F020FAA1
:10393000D4F800010028F9D01FB9286820F0100041
:103940002860124805686660C4F80863C4F80081FE
:103950000C2000F00AF82846BDE8F08110B50446B6
:10396000FFF7C0FF2060002010BD002809DB00F039
:103970001F02012191404009800000F1E020C0F8C1
:103980008012704700C0004010ED00E008C5004004
:103990002DE9F047FF4C0646FF21A06800EB061218
:1039A00011702178FF2910D04FF0080909EB01119F
:1039B00009EB06174158C05900F0F4F9002807DD5B
:1039C000A168207801EB061108702670BDE8F08729
:1039D00094F8008045460DE0A06809EB05114158B8
:1039E000C05900F0DFF9002806DCA068A84600EB0B
:1039F00008100578FF2DEFD1A06800EB061100EB51
:103A000008100D700670E1E7F0B5E24B04460020A7
:103A100001259A680C269B780CE000BF05EB001787
:103A2000D75DA74204D106EB0017D7598F4204D0C7
:103A3000401CC0B28342F1D8FF20F0BD70B5FFF743
:103A4000EEF9D44C08252278A16805EB02128958BA
:103A500000F0A8F9012808DD2178A06805EB011124
:103A60004058BDE87040FFF7D1B9FFF7A1F8BDE8B5
:103A70007040F7F799BA2DE9F041C64C2578FFF769
:103A8000CEF9FF2D6ED04FF00808A26808EB05169E
:103A9000915900F087F90228A06801DD80595DE0A6
:103AA00000EB051109782170022101EB0511425C40
:103AB0005AB1521E4254815901F5800121F07F41D3
:103AC00081512846FFF764FF34E00423012203EB11
:103AD000051302EB051250F803C0875CBCF1000F20
:103AE00010D0BCF5007F10D9CCF3080250F806C006
:103AF0000CEB423C2CF07F4C40F806C0C3589A1A9D
:103B0000520A09E0FF2181540AE0825902EB4C324B
:103B100022F07F428251002242542846FFF738FFAC
:103B20000C21A06801EB05114158E06850F82720EE
:103B3000384690472078FF2814D0FFF770F9227894
:103B4000A16808EB02124546895800F02BF90128BC
:103B500093DD2178A06805EB01114058BDE8F041E4
:103B6000FFF754B9BDE8F081F0B51D4614460E4686
:103B70000746FF2B00D3FFDFA00700D0FFDF8548FB
:103B8000FF210022C0E90247C57006710170427032
:103B900082701046012204E002EB0013401CE15445
:103BA000C0B2A842F8D3F0BD70B57A4C064665782D
:103BB0002079854200D3FFDFE06840F82560607817
:103BC000401C6070284670BD2DE9FF5F1D468B4686
:103BD0000746FF24FFF723F9DFF8B891064699F866
:103BE0000100B84200D8FFDF00214FF001084FF07C
:103BF0000C0A99F80220D9F808000EE008EB01132E
:103C0000C35CFF2B0ED0BB4205D10AEB011350F869
:103C100003C0DC450CD0491CC9B28A42EED8FF2C47
:103C200002D00DE00C46F6E799F803108A4203D162
:103C3000FF2004B0BDE8F09F1446521C89F8022012
:103C400008EB04110AEB0412475440F802B00421B7
:103C5000029B0022012B01EB04110CD040F8012043
:103C60004FF4007808234FF0020C454513D9E905BD
:103C7000C90D02D002E04550F2E7414606EB413261
:103C800003EB041322F07F42C250691A0CEB0412BA
:103C9000490A81540BE005B9012506EB453103EBD8
:103CA000041321F07F41C1500CEB0411425499F8E8
:103CB00000502046FFF76CFE99F80000A84201D0A2
:103CC000FFF7BCFE3846B4E770B50C460546FFF773
:103CD000A6F8064621462846FFF796FE0446FF282A
:103CE0001AD02C4D082101EB0411A8684158304628
:103CF00000F058F800F58050C11700EBD140401398
:103D00000221AA6801EB0411515C09B100EB4120CA
:103D1000002800DC012070BD002070BD2DE9F047B7
:103D200088468146FFF770FE0746FF281BD0194DD5
:103D30002E78A8683146344605E0BC4206D02646B7
:103D400000EB06121478FF2CF7D10CE0FF2C0AD000
:103D5000A6420CD100EB011000782870FF2804D097
:103D6000FFF76CFE03E0002030E6FFF755F8414610
:103D70004846FFF7A9FF0123A968024603EB041395
:103D8000FF20C854A878401EB84200D1A87001EBAB
:103D9000041001E0540A002001EB061100780870BD
:103DA000104613E6081A0002C11700EB116000125A
:103DB0007047000010B5202000F07FF8202000F0B0
:103DC0008DF84D49202081F80004EDF7D3FA4B49D6
:103DD00008604B48D0F8041341F00101C0F8041307
:103DE000D0F8041341F08071C0F804134249012057
:103DF0001C39C1F8000110BD10B5202000F05DF89D
:103E00003E480021C8380160001D01603D4A481E3F
:103E100010603B4AC2F80803384B1960C2F8000131
:103E2000C2F8600138490860BDE81040202000F069
:103E300055B834493548091F08607047314933483F
:103E4000086070472D48C8380160001D521E02608E
:103E500070472C4901200860BFF34F8F70472DE950
:103E6000F0412849D0F8188028480860244CD4F83C
:103E700000010025244E6F1E28B14046EDF7D4F90D
:103E800040B9002111E0D4F8600198B14046EDF747
:103E9000CBF948B1C4F80051C4F860513760BDE8AF
:103EA000F041202000F01AB831684046BDE8F041EA
:103EB00006F068BFFFDFBDE8F08100280DDB00F0F1
:103EC0001F02012191404009800000F1E020C0F86C
:103ED0008011BFF34F8FBFF36F8F7047002809DB4E
:103EE00000F01F02012191404009800000F1E02014
:103EF000C0F880127047000020E000E0C8060240D1
:103F000000000240180502400004024001000001C8
:103F1000454800210170417010218170704770B5D3
:103F2000054616460C460220F3F7F2FB3E490120F7
:103F3000F61E08703D4806603C4808380560001FC2
:103F4000046070BD10B50220F3F7E2FB3649012092
:103F5000087000F051F836494FF40000086010BDB9
:103F600010B5314C207888B131494FF40000091D5B
:103F7000086000F04AF8002120B1012060702D484F
:103F8000006801E061701020A0702170BDE8104051
:103F90000020F3F7BDBB244810B5017859B126487D
:103FA000D0F8000128B100F030F8002800D001203E
:103FB00010BD022010BD407810BD10B5C824641E8D
:103FC000E4B2FFF7E8FF022803D0012800D0002068
:103FD00010BD002CF3D1FFDFF9E7134810B50178CD
:103FE00041B100F012F818B112480068C0B210BD1B
:103FF000102010BD807810BD0F480021C0F80011BE
:10400000C0F80411C0F8081170470B48D0F800112F
:1040100029B1D0F8041111B1D0F8080108B100207D
:104020007047012070470000BE00002010F50040DE
:1040300004F5014000F4004000F000404748002132
:1040400001704170704770B5064614460D46012058
:10405000F3F75EFB42480660001D0460001D05602A
:1040600070BD70B53D4901250D7040EA02413C4AE2
:1040700041F08071121F11603A4C0026C4F80461AF
:10408000394A4FF04071116058B1012800D0FFDF6C
:10409000C4F80062256034494FF00070091F0860C1
:1040A00070BDC4F80052256070BD2C48017871B114
:1040B0002D4A4FF0407111602A49D1F804210021A6
:1040C0001AB12A4A1268427000E041700170002063
:1040D000F3F71EBB2148017841B12248D0F8040112
:1040E000002802D021480068C0B27047407870476D
:1040F0002DE9F04700282AD01848007800B9FFDFE2
:10410000184DD5F80401002821D10227C5F8047301
:10411000174C2068C04340F30016206840F01000A0
:1041200020604FF400484FF0E029761C04E000BF07
:10413000C9F8808206F01CFED5F804010028F7D0EB
:104140001EB9206820F010002060C5F80873BDE893
:10415000F08704490120886070470000C1000020FA
:1041600008F5004000F0004008F5014000F4004070
:1041700010ED00E010B541F6A474012802D0022829
:1041800002D0FFDF204610BD41F2883010BD38B5A7
:10419000FE4D0024C5F80041C5F80C41C5F810419A
:1041A000C5F80441C5F81441C5F81841FFF70EFAE7
:1041B00008B1C5F82841F6480068009038BD70B5D0
:1041C000F44D00246C702C7000F0D2FD85F8254071
:1041D000EC620922002105F11800AC63F9F7D3F86D
:1041E000ED49601E0860091D0860091D0C60091D6D
:1041F0000860091D0C60091D0860091D0860091D83
:104200000860091D0860091D0860091D0860091D76
:104210000860091D0860091D086070BDDF4800B511
:10422000016801F00F01032905D0006800F00F00BC
:10423000042802D0FFDF012000BD022000BD00B530
:10424000012802D0022800D0FFDF002000BD00B509
:10425000012802D0022802D0FFDF282000BD18204C
:1042600000BD10B5CB4902681839CA4C0A634268D0
:104270004A63007A81F83800207E50B1207FF9F738
:10428000C0F8A07E08B1012100E00021207FF9F7ED
:10429000ADF8607E00280CD0607FF9F7B2F8E07EC0
:1042A00008B1012100E00021607FBDE81040F9F76E
:1042B0009DB810BD00F063BD10B500F060FDB348BF
:1042C000D0F80001002800D0FFDF10BD70B501203C
:1042D00000F030FDB2480025056001260660FFF7BA
:1042E00085F9B04C18B1206840F480602060FFF779
:1042F00036F928B12068AC4920F0770008432060E7
:10430000FFF764F938B1A748001D016821F47F4127
:1043100041F4B0510160A349A4483C310860FFF763
:1043200055F99C4C60B19D490220503184F8210020
:104330000860A0499E48086095481030091F086031
:104340004FF01020806C411C05D094497C310A68E4
:1043500060F317420A60914940F25B6028310860BF
:10436000091F40F203100860081F06608B490320F4
:1043700008608C48EC38066094F8211011B14FF4B5
:10438000C02100E08C498B4A41F46021943A1160CD
:104390008749884A091F083211607D490839121F70
:1043A0001160016821F440710160016841F480717D
:1043B0000160012000F0CFFC74491020C1F8040313
:1043C00084F83150E56270BD76483830016821F0DC
:1043D000010141F08071016070476E4A0368183A2C
:1043E000C2F81A308088D0836A48017270476948E1
:1043F00090F825007047674A517010707047F0B50B
:104400000546840061488B882044C0F820360B782C
:10441000D1F8011043EA0121C0F8001605F10800A7
:104420000127604C07FA00F6FC3C52B1012A00D08B
:10443000FFDF2068304320602068AF4038432060B1
:10444000F0BD2068B043F6E706F0E8B8514890F8B0
:1044500032007047514AC1781432116000684F49E8
:1044600000020C3108607047252807D0262807D0A5
:10447000272807D00A2807D8042206E0022107E0EF
:104480001A2105E0502103E0062202EB4001C9B2E7
:10449000424A083A116041494431086070473D483A
:1044A000817A012917D0022914D1417E002911D027
:1044B000827F0121C37F01FA02F299400A433D49FC
:1044C00094390A6090F820003C4A002102EB8000F9
:1044D000C0F810157047017EE8E72DE9F0472D4C34
:1044E000A17A01290BD0022975D1627E002A72D0EF
:1044F000012906D0677FE17E59B101260AE0227EBC
:10450000F4E7277FA17E09B1012600E000261121F2
:1045100001E000262421DFF898804FF0010AA8F17D
:104520004408C8F84CA0DFF898904518D9F8000066
:10453000A84200D3FFDF0021C8F84C11C9F8005091
:10454000380286F0010140EA015040F0031294F86D
:1045500020101A4800EB8103C3F8102500EB8101FD
:10456000A27F184800EBC203C3F81415164DC3F818
:104570001055E37F00EBC300C0F814150449083957
:10458000C0F810150AFA02F120E024E00010004003
:10459000181100407C0A0020000E00401015004059
:1045A000FC1F00403C170040880000802C00008960
:1045B000448000409CF5014000000404006000407D
:1045C0004C85004000F001404C8100400AFA03F0A5
:1045D0000143F9480160BDE8F0872DE9F0410E463E
:1045E000F64907460320C1F80002F54C94F8210073
:1045F00010B14FF4C02000E0F248EF4D2860304683
:1046000006F036F817B1012F0FD017E0FEF7DEFFE6
:1046100010B1304600F0C9FB0120A072A06B40F43D
:104620008010A0634FF4801007E00220A072A06BFE
:1046300040F40010A0634FF400102860F6F744F92E
:104640003146BDE8F04148E72DE9F05FDB4C074615
:1046500003200E469346C4F80002D94D95F8210078
:1046600010B14FF4C02100E0D649DFF84C93C9F8EF
:104670000010104605F0FCFFDFF83C834FF0010A04
:1046800008F1A808A7B3012F3ED0FFDFCE4806608F
:10469000C949CE48A4310860A86B40F40020A86343
:1046A000D4F800721025C4F808530020C4F80002A2
:1046B000C1494FF48028091DC1F8008004F5007439
:1046C000FFF765FD2760C9F80080C4F80451E903CD
:1046D000C9F80010BE49C1F84CA0BB48001D0068D5
:1046E000B04200D3FFDF59463046BDE8F05FF4E644
:1046F000FFE7FEF76BFF10B1584600F056FBC8F815
:10470000004085F80AA0C1E7AC49091DC8F80010AF
:104710000220A872BAE72DE9F041A94C064690465E
:1047200094F831000F46002500B9FFDF16B1012EC5
:1047300012D01DE094F83100012806D094F8302002
:104740004146384605F0A2FF10E094F8301042468A
:10475000384605F0DCFF09E094F8310094F8301099
:1047600001284246384609D005F0F8FFE16A4518AD
:10477000424629463046BDE8F04165E705F0A8FF0E
:10478000F4E708B5FF208DF800008C480021C0F840
:1047900010110121016104E09DF80010491E8DF8FF
:1047A00000109DF8001019B1D0F810110029F3D0B5
:1047B0009DF80000002800D1FFDF08BD2DE9F04181
:1047C0007E4CD4F8000220F00307D4F804034FF025
:1047D0001008C0F30016C4F808830025C4F800527E
:1047E000774890F8210010B14FF4C02000E07548E0
:1047F000714940F46020091D0860FFF750FEFFF783
:10480000C0FFC4F81051FEF7E1FE08B1C4F828510A
:1048100000F0AEFAC4F80072002E01D0C4F8048390
:10482000BDE8F081ADE700686A4920F07F4008608C
:10483000704710B5012000F07DFABDE8104001205E
:1048400000F089BA01465E4818221838F8F771BDA1
:104850004FF0E0210220C1F8000170475E49087066
:1048600070475C4938390860704770B50546F6F7FF
:104870002BF8534C2844E16A884200D8FFDF01201E
:104880002074F6F721F82844606194F8211041B1B2
:10489000084460614948D0F8001241F04001C0F876
:1048A00000124B490020C1F8440147496069091FC3
:1048B0000860BDE8704000F0A2BA70B5404C0646F2
:1048C00002200D462074FFF7A9FC024694F831003F
:1048D00094F8301001281BD0304605F081FF60614C
:1048E00094F8210048B16169084460613348D0F808
:1048F000001241F04001C0F8001235490020C1F813
:1049000044016169E06A08442F49091F086070BDCD
:104910002B46304605F037FFE1E727494FF480008A
:10492000091D08602648816B21F480018163002104
:10493000017470472A4A10B502EBC002274BC2F837
:104940001035C2F81415012181401B4801601C4834
:10495000826B0A43826310BD1D4801214160C16022
:104960000021C0F844111848001F01601448C162BA
:10497000704710B50446FEF729FE10B1104880F8C4
:1049800021401448243004600C48D0F8001241F053
:104990004001C0F8001210BD084810B5D0F8001250
:1049A00021F04001C0F80012FEF710FE0949243141
:1049B00000B10220086010BD04F501400010004065
:1049C0007C0A002000000404488500404881004023
:1049D000008000403C150040C3000020041100404E
:1049E00000F00140F948D0F8001221F01001C0F8A1
:1049F0000012012181617047F4480021C0F81C11A8
:104A0000D0F8001241F01001C0F800127047EF49D1
:104A100008B5D1F81C21012A01D0002008BDEC4ABC
:104A2000126802F07F02524202700020C1F81C019D
:104A3000E84800680090012008BDF0B517460C005A
:104A4000064600D1FFDFE44DE0072F7302D0012CB2
:104A500000D0FFDF46B102206872EC72012802D05C
:104A6000022800D0FFDFF0BD0120F5E770B5DA4C79
:104A70000021E27A930703D5830701D5430713D4B6
:104A8000D30605D594F8333013B194F835305BB1C3
:104A9000130702D594F8243033B9520702D594F89D
:104AA00025200AB1C00700D00121607A012518B184
:104AB000A1B1BDE8704081E694F8210010B14FF437
:104AC000C02000E0C548C6490860C048D0F80012C0
:104AD00021F00301C0F80012E57270BD012803D077
:104AE000022808D0FFDF70BD00F042F9A5729621C0
:104AF000227B002006E000F03BF90220A072227B1E
:104B000096210120BDE8704005E62DE9F05FDFF851
:104B1000D4B29BF80000042800D3FFDFB248D0F8DD
:104B20004C0108B1FFF7BBFCAB4CAD49A06B086072
:104B30004FF00008C4F8388000F06BF9DFF8AC9251
:104B40000546D9F80010A16294F8210008B1081AAE
:104B5000A062A648001F0068E062FFF75FFB84F8D0
:104B60003000A07ADFF868A2012184F83100AAF1B0
:104B7000440A022808D1607830B1DAF800201278AF
:104B800002402078904310D084F82480924EA807E9
:104B9000A6F1180605D5F5F797FEA16A081A31693E
:104BA0008847E80704D0002709E084F82410EDE7DF
:104BB000A80701D5012702E0280707D50227F5F746
:104BC00083FEE16A7269081A394690479BF8000033
:104BD000C0071CD1DAF800005746007800F00F003B
:104BE000072812D239680622A01C0931F8F774FB95
:104BF00038B9207A39680978B0EBD11F01D101208A
:104C000000E0002084F8250001E084F82580284693
:104C1000FFF72CFFE80701D030682FE0A80726D562
:104C200068071ED4FEF7D2FCD8B9FEF7DFFCC0B986
:104C30006748F4380168001F0068C0F3425CC0F3A5
:104C4000006700F00F03C0F30312C0F3032047B165
:104C50000BB102B128B921B1BCF1030F01D245F06B
:104C6000040545F380007168401C884709E0280767
:104C700001D5B06802E0E80602D5F068804700E0A0
:104C8000FFDFA07A02281BD1207C002818D0564ACA
:104C9000C2F8448102280FD0012800D0FFDFE16A6A
:104CA0006069884200D8FFDFD4F81410C9F80010FA
:104CB000BDE8F05F00F0A3B86169E06A0144F5E780
:104CC000BDE8F09F70B5054641F2643441F66A06CE
:104CD000022806D0012D12D0022D0CD0FFDF304665
:104CE00070BDFEF72FFC0028F6D1FEF738FC002837
:104CF000F2D141F6583441F29A00204470BD42F698
:104D0000CE3070BD324808300168032904D00068F5
:104D1000022801D000207047012070472C4808303D
:104D200001680B2904D000680A2801D000207047D0
:104D30000120704700280DDB00F01F020121914087
:104D40004009800000F1E020C0F88011BFF34F8FD0
:104D5000BFF36F8F7047002809DB00F01F020121AD
:104D600091404009800000F1E020C0F880127047B7
:104D700019480021417281720121C172704730B51A
:104D800000240546012902D002290BD0FFDF184874
:104D900004430F4834380460164805430C48303843
:104DA000056030BD4FF08074F1E7094A4032116868
:104DB00053060228D3F820031ED0C0F3062000BFFC
:104DC00021F4FE4141EA00201060704700100040CD
:104DD000481500401C1100407C0A0020000004041B
:104DE00008F50140C30000200080004044850040D9
:104DF0000801100000000302C0F30660E0E7354838
:104E0000816B41F48001816333494FF48000086075
:104E1000DBE7F8B52F4C314E0020217C19B1D6F8D4
:104E20004411012907D00023A27A2D49012A04D078
:104E3000022A0AD019E00123F6E7D1F80C01012873
:104E400001D0002011E008200FE0D1F80C0101286A
:104E500006D0002223480068012803D0042002E085
:104E60000222F7E7002010431843D1F81021012A4D
:104E70002ED0002505431C48026812F0FF0F03D016
:104E8000D1F81421012A00D0002284F832200068D1
:104E900010F0FF0F03D0D1F81801012800D0002036
:104EA00084F833000F481030006884F83400FFF7AE
:104EB00072F8012800D0002084F83500FFF767F968
:104EC0000020C6F844010948006800902846F8BD53
:104ED0001025CFE77C0A002004F501400080004047
:104EE0000010004000140040401600404481004083
:104EF00010B5444822220021F8F745FA4148002421
:104F0000017821F010010170012104F04DFC3D49B0
:104F10004FF6FF70263981F8224088843A4908808C
:104F2000488010BDE4E7704700F05FB83549016084
:104F30007047354908807047324926398A8CA2F576
:104F40007F43FF3B02D00021016008E091F822205E
:104F50002C492639012A02D0016001207047002027
:104F600070472848263810F8221F012908D001214F
:104F7000017025482349263900888884012070471C
:104F8000002070472049488070471E491E4B263933
:104F90008A8C5B889A4205D191F8222012B1016077
:104FA00001207047002070471648174A2638818C28
:104FB0005288914209D14FF6FF71818410F8221F67
:104FC00019B10021017001207047002070470D4881
:104FD0000D4A2638818C5288914204D190F82200E3
:104FE00008B10020704701207047064926398A8C95
:104FF000824205D1002081F822004FF6FF7088849C
:1050000070470000DE0A0020C400002070473D4ABF
:10501000012338B1012804D1137008689060888892
:105020009081704753700868C2F802008888D08069
:105030007047344A10B1012807D00EE0507860B1B3
:10504000D2F802000860D08804E0107828B1906897
:1050500008609089888001207047002070472949A6
:1050600010B1012802D005E0487800E0087808B1C6
:10507000012070470020704730B50C4605468DB0C2
:105080004FF0030104F1030012B1FEF741FB01E010
:10509000FEF75DFB60790D2220F0C00040F040007B
:1050A0006071002104A8F8F76EF9E0788DF81F0010
:1050B00020798DF81E0060798DF81D001022294698
:1050C0006846F8F736F9684604F036FE9DF82F007A
:1050D00020709DF82E0060709DF82D00A0700DB01E
:1050E00030BD10B5002904464FF0060102D0FEF78E
:1050F0000FFB01E0FEF72BFB607920F0C000607130
:1051000010BD0000C8000020FE48406870472DE92F
:10511000F0410E46074601461446012004F011FDF9
:10512000054697F86500FFF725F84AF2B1210844D3
:105130004FF47A71B0FBF1F1788840F2712250435C
:10514000C1EB4000041BA4F2663402F0BBFD00B1C9
:105150001E3CAE4201D2284600E03046A04204D2B6
:10516000AE4201D22C4600E034467C62BDE8F081BC
:1051700030B502460020002914D0A2FB01104C0AD1
:1051800044EAC054400A641C40F100000021D4F1FC
:10519000FF3240F2A175814100D2FFDF04F5F464D3
:1051A000B4FBF5F030BD2DE9FF4F8BB0044690F80D
:1051B00065008A460990DDE90D1008430890D24841
:1051C0000026007800F004FE054694F88C0100F0FB
:1051D000FFFD284480B2009094F87D000D2804D093
:1051E000002007900D9810B131E00120F9E794F804
:1051F0002C0103282BD1079848B3B4F8AE115145C0
:1052000025D1D4F83401C4F82001608840F2E2418D
:105210004843C4F82401B4F87A01B4F806110844EC
:10522000C4F82801204602F057FDB4F8B201E0822C
:1052300094F8B0016075B4F8B4016080B4F8B601B8
:10524000A080B4F8B801E080022084F82C01D4F8E2
:1052500084010590D4F880010390B4F80681B4F875
:105260007811D4F8740106900D9820B194F840019B
:1052700000287DD108E004F580700290743004901D
:1052800004F5B075001D07E004F5AA700290001D3A
:10529000049004F5A275001D0A90B4F87020AAEBE2
:1052A00002000FFA80F9AAEB010007B2002F05DA1D
:1052B000D4F87001069001204F46089092484FF0B4
:1052C000000B007970B3F5F7A1FC58B3B4F81801DE
:1052D000022827D394F82C01022823D094F8430104
:1052E00000BB94F88C0100F073FD00F5C86080B23B
:1052F000009094F82C01012845D0608840F2E241EA
:1053000048430099FFF734FF08EB0901CA1BD4F8A2
:10531000341180B2431A02FB03BBC4F834010120EC
:1053200084F8430194F82C0100286DD001287DD029
:1053300002287CD003287BD0FFDF00BFA6EB0B0147
:105340000698FCF70EFD0499012640F271220860D0
:105350000A990020A1F800A028702E710498006816
:10536000A8606088D4F834115043C1EB400000E0DD
:10537000BFE16549A0F23630C861896981427DD9B3
:10538000029908607BE194F88000032833D0012162
:10539000002004F0CDF8E18A40F27122514300EB85
:1053A00041000190D4F82401B8340099FFF7E0FEE1
:1053B000A16E226F431AA066DDE9001002FB03BB59
:1053C000FFF7D6FEA16FA067421A34F8B60C40F280
:1053D000E241484393440099FFF7CAFE08EB0901F4
:1053E000226FC91B8A1AE16F521E431A02FB03BBCC
:1053F000E067B83C93E7E08A40F27122D4F82411C8
:10540000504301EB4000CCE7039800B9FFDF0121D6
:10541000002004F08DF80646E08A40F271214843EE
:1054200006EB40000099FFF7A3FE02E0C0E058E061
:10543000DDE0C4F83001608840F2E2414843009961
:10544000FFF796FEC4F8340182B22046A16AFFF746
:105450005EFE14F8650FFEF7F2FE4FF47A7800F264
:10546000E140B0FBF8F1039801EB00092078FEF76A
:10547000E6FE07462078FEF77DFE00E0FDE03844BA
:105480004AF2AB310144B1FBF8F134F84F0C40F271
:105490007122504306EB4000411AD4F8CB0040F291
:1054A000E2430A1A02EB0906227814F8501C11FB99
:1054B00003F1203E00F0B9FC1349801C886114F808
:1054C0006509FEF7BCFE00F2E140B0FBF8F103987D
:1054D0000844301A40F2F6218842BFF42FAFFFDFB4
:1054E0002CE7E08A40F27122D4F82411504301EBFA
:1054F00040000099FFF73CFEC4F83001608840F29C
:10550000E24103E0000B0020D8000020484300994E
:10551000FFF72EFEC4F8340182B22046A16AFFF7DD
:10552000F6FDB8F1000F21D10E98F8B194F865603E
:105530003046FEF71FFE4AF2B12101444FF47A7063
:10554000B1FBF0F0D4F8301140F271230144E08A4D
:10555000D4F82421584302EB4000471A3046FEF7A6
:1055600076FE0599081A3E18203E0AE0E08A40F2CD
:105570007122D4F82411504301EB4000D4F83011CB
:10558000461AD4F82821D4F82011D4F8300140F27A
:10559000E24301FB020094F86520617D11FB03F1F9
:1055A00000F043FCF9498861012084F82C01C5E62C
:1055B000608840F271225043D4F83411D4F8282185
:1055C000C1EB40067E4308EB0900801AD4F8207135
:1055D000D4F83031401E07FB023200FB012094F862
:1055E0006520617D40F2E24311FB03F140E06088F9
:1055F00040F27122D4F834115043C1EB400694F8C4
:105600007C007E43242803D094F87D0024280AD10E
:10561000B4F8AE11AAEB010000B2002803DB94F845
:10562000B10100B109900898D8B1B8F1000F18D1B4
:10563000059808B1039800B9FFDF94F86500FEF7FC
:1056400099FD4AF2B12101444FF47A70B1FBF0F0B8
:10565000361A94F86500FEF7FAFD0599081A064413
:10566000203ED4F8341108EB090048430021099A80
:1056700000F0DBFBC549886160E602980160029892
:10568000616A0068084400F5D370E86002F01AFB14
:1056900010B1E8681E30E8606E71B4F8F010A1EB4C
:1056A0000A0000B2002801DD032068710798002875
:1056B0000E9822D0C0B100BFB4F81811B1B3B4F83D
:1056C0001A0100BFA4F81A0194F81C21401C42439F
:1056D0008A4209D26879401E002805DD6E71B4F84F
:1056E0001A01401CA4F81A010D9830B394F8400137
:1056F000F8B102200FB0BDE8F08F0028DCD194F89B
:105700002C010028F0D0608840F27122D4F83411C6
:105710005043C1EB4001284603F04EFE0004000C4C
:10572000E2D0189901B108800120E3E7FFE70020EB
:10573000C8E794F87C01FDF78CF994F87C012946C0
:1057400000F059FB20B10D9880F0010084F8410170
:105750000020CFE77CB50446FCF72FFE0146D4F8C5
:105760007001FDF72BFB214600F076FB94F87D10CD
:105770000D290AD0B4F87020B4F83E1113189942DC
:1057800006DB491CA4F83E1106E0B4F83E010CE02B
:10579000401C1044A4F83E0194F8420140B9B4F80A
:1057A0003E01B4F8F410884202D1401CA4F83E0136
:1057B000B4F87A0101AE401CA4F87A01B4F89A005A
:1057C000B4F89810401AB4F87010401E084485B21E
:1057D00009E000231A4620460096FFF7E4FCD0B10A
:1057E00001282ED0FFDFB4F83E11681A00B200285D
:1057F000EFDA082084F88D00012084F88C00204620
:1058000001F0F5FE204600F0F8FA60484079BDE866
:105810007C40F5F7C9BBA06E002811D0B4F83E015A
:10582000B4F89420801A01B2002909DD34F86C0F15
:105830000144491E91FBF0F189B201FB0020208553
:105840007CBDB4F83E01BDF804100844A4F83E0144
:10585000C9E770B54E4C607A08B1002070BD94F86D
:10586000300030B1616B606A884202D9F8F70CFBF6
:10587000F3E7A06AC8B1F7F725FF0546F7F7F9FE89
:10588000284442F210714618FCF797FD0546294658
:10589000E06AFDF793FAE562A16A8219914202D2A9
:1058A0000120A062E2E7081AA062012070BD70B575
:1058B000374C012500202575207494F8300004F140
:1058C000100650B14FF47A71A069FCF74AFAA06152
:1058D0000021304603F070FD10E0002000F00DFBC9
:1058E0000546F7F7EFFE05442946A069FCF739FAAB
:1058F000A0612946304603F05FFD451C208C411C09
:105900000A2901D228442084606828B1208C401CD8
:105910000A2801D3022000E003206075FFF799FFF9
:1059200038B1207B314600F066FA002800D1FFDF55
:1059300070BD00F0DAFA15484079BDE87040F5F71F
:1059400033BB38B50025044680F82C51A0F87851B7
:105950002B462A4629460095FFF725FC00B1FFDFBC
:10596000C4F828510120C4F8205184F82C01A4F86F
:105970003E51A4F83C5184F8425134F8700F401E57
:1059800024F8B80B0020A4F8525038BDD8000020ED
:10599000000B002010B530B1F749012807D00228CC
:1059A0000BD0FFDF10BDBDE8104000F0EABA486A36
:1059B000BDE81040002100F0B5BA002081F83000A9
:1059C000FCF7F9FBED484079BDE81040F5F7ECBA7B
:1059D0002DE9F0410646E8480F460178E74D0329D6
:1059E00009D1017BB14206D1406868613846BDE803
:1059F000F04100F0EEBA304600F0F3F90621FAF774
:105A00005DFB040000D1FFDF304600F0EAF9218899
:105A1000884200D0FFDF214638466C61BDE8F04186
:105A200000F027BA10B5D44C207848B1012060723C
:105A3000F8F74CFA2078032804D0207A002800D008
:105A40000C2010BD207BFDF704F8207BFDF772FAD7
:105A5000207BFCF78FFC00B9FFDF0020207010BD19
:105A600010B5FFF7DFFF00F0F1FAC348002180F81E
:105A70003010C172084610BDC049487100208870BE
:105A800001220A7048700A71C870BB490870E7E7C4
:105A9000BA49087070472DE9F047B74C07460E46E3
:105AA000207800284BD1B648FCF702FC20731F2851
:105AB00045D04FF00309676084F8009000256572B7
:105AC000257287B1012107F58E70FDF740FE062093
:105AD000FAF7A0FA97F81C11B1FBF0F200FB1210D4
:105AE000401C87F81C01FCF73EFC40F2F65188424E
:105AF00000D2084600F23F101FFA80F8F7F7B9FD10
:105B0000E061F7F7DFFD0127E0B1A772FCF755FC74
:105B10008246002000F0F1F900EB08015046FCF746
:105B200020F9A061C4E90A6A277584F815909249A2
:105B30002574207B103100F05EF990B910E00C2044
:105B4000BDE8F087FCF739FC4146FCF70AF9A06193
:105B5000A57284F83070A6F28B566663A562E3E7FF
:105B6000FFDF25840020F8F7B1F90020E8E783493A
:105B7000487070478149087170472DE9F0417F4CAA
:105B80000746E088401CE080D4E902516078D7F8ED
:105B9000806120B13246284603F036FC0546A068F5
:105BA000854205D02169281A08442061FDF7D3F801
:105BB000A560AE4205D897F82C01012801D0E07805
:105BC00010B10020BDE8F0810120FBE710B50446CC
:105BD0000846FEF7CFFA4AF2B12108444FF47A7131
:105BE000B0FBF1F040F2E2414C4300F23630844227
:105BF00001D9201A10BD002010BD7CB5044600203C
:105C000084F8400194F8FE0000283FD194F82C015C
:105C100003283BD1FCF7D1FB0146D4F87001FDF716
:105C2000CDF8002832DD214600F016F9411CB4F809
:105C300070000144A4F83C11B4F83C11B4F8F4200D
:105C4000511A09B2002921DD012184F84211B4F86A
:105C50009A10B4F8982001AE891A491E084485B2FA
:105C60000EE00096B4F83C11002301222046FFF715
:105C70009AFA00280AD0012809D0022806D0FFDFAE
:105C8000B4F83C01281A00B20028EADA7CBDB4F866
:105C90003C01BDF804100844A4F83C01F0E738B515
:105CA00000250446012902D13448C07868B1042097
:105CB00084F82C01FCF77FFAA4F87A51B4F870004C
:105CC000A4F83E0184F842515FE60095B4F8F41060
:105CD000012300222046FFF766FA0028EAD0FFDF02
:105CE000E8E710B5062916D2DFE801F00509030C34
:105CF0000C0D002100E00121BDE81040CFE7032199
:105D000080F82C1110BDB0F834118AB2816ABDE858
:105D10001040FFF7FCB9FFDF10BD70B5174CA1783C
:105D2000022916D1E188002913D16569C5F88401DB
:105D300095F86500FEF78BFAD5F88411081AA1686A
:105D40000144A160E1680844E060BDE8704000F0F3
:105D5000A9B970BD70B5054608488478022C11D0E9
:105D6000054C243401B34FF47A7601290ED0022970
:105D700010D0FFDF70BD0000000B0020D800002015
:105D8000D1590100446904F5C074EBE71846FEF7E9
:105D900056FA02E01046FEF795FF00F2E140B0FB34
:105DA000F6F0281A2060E5E72560E3E7FE4810B525
:105DB000007808B1002010BD0620FAF71DF980F028
:105DC000010010BDF8480078002800D0012070477D
:105DD00010B504460C2800D3FFDFF44830F8140057
:105DE00010BD10B504461F2800D3FFDFEE48383041
:105DF00030F8140010BDFCF711BD70B5044600204A
:105E000084F82C0194F87C514FF6FF761F2D00D3B7
:105E1000FFDFE548383020F8156094F87C01FCF786
:105E2000A9FA1F2084F87C01A4E770B505460C464A
:105E300016461046FEF79EF94AF2B12108444FF487
:105E40007A71B0FBF1F000EB450004443046FEF7F8
:105E5000FEF9204460308DE7002809D0D1F83421C4
:105E6000498840F271235943C2EB4101B0FBF1F084
:105E700070472DE9F04101250226CD4F0C46082838
:105E800031D2DFE800F0040E161611301A23204636
:105E900000F0ADF9204600F064F984F84051BE707E
:105EA00090E601F00AFF01E0FEF72FFE84F8405172
:105EB00088E62046BDE8F0414CE4FEF7B3FCFEF76F
:105EC00024FE4FF0E020C0F880627BE694F82C01BD
:105ED000042800D0FFDF2046FFF78FFF7879BDE868
:105EE000F041F5F761B8FFDF6CE610B5AE4C207BF2
:105EF000FCF740FA0020207010BD08B500284FF0D4
:105F00000101684602D0FDF703FC01E0FDF7F6FB56
:105F10009DF8000042F210710002B0FBF1F201FBAB
:105F2000120008BD2DE9F0419F4C0746002084F87F
:105F30003000A669E07220700120207201216068A3
:105F400003F0B2F86068C0F87061257B80F87C517E
:105F5000C0F88071C0F8746106881F2D00D3FFDF80
:105F60009148383020F815606068FFF7EAFC00B10E
:105F7000FFDFFCF720F98E484079BDE8F041F5F7E6
:105F800013B870B5884C0025A07A18B10120FFF72E
:105F9000B4FF0546F7F796FB4119A069FBF7E1FE50
:105FA000A061002525740320607501202075607AAA
:105FB00030B97D49207B1031FFF71DFF00B9FFDFAD
:105FC0002584FCF7F8F87A484079BDE87040F4F78A
:105FD000EBBF70B5744D04462878032800D0FFDF6E
:105FE000082C31D2DFE804F0040E2A2A2630302DA6
:105FF00000206862F7F77CFD00B1FFDF6C490320E9
:106000008870B7E6F7F735FBE9690446A14206D286
:10601000601A0421FCF705FFEC6108B906E0E861AD
:10602000F7F7B1FE0028ECD0FFDFA3E6BDE8704033
:106030000020AFE4BDE87040FEF767BDBDE87040EA
:1060400035E4BDE8704050E7FFDF93E6FEB5584CFD
:106050000120E0704FF6FF750CE00621FAF72EF8EC
:10606000060000D1FFDF96F87C01FCF763FF3046A5
:10607000FFF7C3FE69460620F9F7ADFF50B1FFDF19
:1060800008E0029830B190F82C1119B10088A842AC
:10609000E3D104E06846F9F77CFF0028F1D0002046
:1060A000E070FEBD2DE9F0474148446994F8431182
:1060B000002955D094F82C11032951D194F86590FA
:1060C0000078FFF785FE054694F88C01FFF780FE07
:1060D000284486B294F88C01FFF77AFE00F5C86078
:1060E0001FFA80F84846FEF7B2F8D4F884110D1A6A
:1060F0004846FEF73FF84FF47A7A00F2E730B0FBFB
:10610000FAF02D1A4846FEF7A2F8D4F800110F1A3B
:106110004846FEF72FF84AF2B1210144B1FBFAF0EC
:106120003A1AA2F160007043B0FBF8F1292000EBAD
:1061300052006031A0EB510200EB5100AA4201D89D
:10614000854201D3F4F714FE608840F2E2414843EF
:106150003146FFF70DF8C4F83401002084F84301FC
:10616000EEE470B50446FCF7FEF8054694F86500C9
:10617000FEF700F84AF2B12108444FF47A71B0FBFF
:10618000F1F0D4F8341140F2712201446088504398
:10619000C1EB4006303EB72D00D8B725214601207F
:1061A00003F0CFFC284405E0000B002088B201007A
:1061B000D8000020351A21460120A5F21B3503F036
:1061C000C0FC616A9C30814201D9081A00E00020BD
:1061D0002C49A842CD6000D328468860D4F86C01D1
:1061E000A0F5D3700861BDE87040FCF7B4BD10B5F0
:1061F000044624490020C4F88001C880C4F8840102
:1062000094F8410138B9FCF7D8F8D4F84C11FCF7F0
:10621000D5FD002813DCB4F83E11B4F870008142BB
:1062200001D1B4F8F410081AA4F8F600A4F870101C
:10623000D4F86801C4F84C01C4F870011CE0B4F84B
:106240003C01B4F87010401AA4F8F600B4F83C0110
:10625000A4F87000D4F84C01C4F86801C4F87001C7
:10626000D4F85401C4F80001D4F85801C4F87401FA
:10627000B4F85C01A4F878012046BDE8104001F0B4
:1062800006BC0000D80000202DE9F0410E4604466F
:1062900003F06FFB0546204603F06DFB044603F058
:1062A000FDF8FB4F010015D0386990F864208A4250
:1062B00010D090F8C4311BB190F8C63123421FD0E2
:1062C0002EB990F85D30234201D18A4218D890F857
:1062D000C401A8B1284603F0E1F870B1396991F81A
:1062E0006520824209D091F8C40118B191F8C70124
:1062F000284205D091F8C40110B10120BDE8F08119
:106300000020FBE730B5E24C85B0E06900285ED0A4
:10631000142200216846F7F736F8206990F86500E6
:10632000FDF728FF4FF47A7100F5FA70B0FBF1F534
:10633000206990F86500FDF78AFF2844ADF8060053
:1063400020690188ADF80010B0F87010ADF80410A5
:106350004188ADF8021090F8A60130B1A069C11CC7
:10636000039103F01FFA8DF81000206990F8A50141
:106370008DF80800E169684688472069002180F8A7
:10638000A61180F8A5110399002920D090F8A41136
:1063900000291CD190F87C10272918D09DF81010E6
:1063A000039A002913D013780124FF2B11D0072B57
:1063B0000DD102290BD15178FF2908D180F8A441D1
:1063C0000399C0F8A8119DF8101080F8A71105B026
:1063D00030BD1B29F2D9FAE770B5AD4C206990F8B1
:1063E0007D001B2800D0FFDF2069002580F8A75022
:1063F00090F8D80100B1FFDF206990F8A81041B1F2
:1064000080F8A8500188A0F8DC1180F8DA510C213E
:1064100008E00188A0F8DC1180F8DA51012180F849
:10642000DE110B2180F8D8110088F9F77AFFF9F70F
:1064300023FC2079F4F7B8FD206980F87D5070BD09
:1064400070B5934CA07980072CD5A078002829D16D
:1064500062692046D37801690D2B01F170005FD08D
:106460000DDCA3F102034FF001050B2B19D2DFE87D
:1064700003F01A1844506127182C183A6400152BA1
:106480006FD008DC112B4BD0122B5AD0132B62D0BB
:10649000142B06D166E0162B71D0172B70D0FF2B72
:1064A0006FD0FFDF70BD91F87F200123194602F005
:1064B00038FF0028F6D12169082081F87F0070BDDF
:1064C0001079BDE8704001F0A2BC91F87E00C007D1
:1064D00000D1FFDF01F05AFC206910F87E1F21F087
:1064E0000101017070BD91F87D00102800D0FFDF20
:1064F0002069112180F8A75008E091F87D00142848
:1065000000D0FFDF2069152180F8A75080F87D10AA
:1065100070BD91F87D00152800D0FFDF172005E041
:1065200091F87D00152800D0FFDF1920216981F83E
:106530007D0070BDBDE870404EE7BDE8704001F0E1
:106540003ABC91F87C200123002102F0EAFE00B958
:10655000FFDF0E200FE011F87E0F20F0040008701E
:106560001DE00FE091F87C200123002102F0D9FE0C
:1065700000B9FFDF1C20216981F87C0070BD12E0AA
:106580001BE022E091F87E00C0F30110012800D04A
:10659000FFDF206910F87E1F21F010010170BDE8B7
:1065A000704001F0F3BB91F87C200123002102F040
:1065B000B8FE00B9FFDF1F20DDE791F87D0021283C
:1065C00001D000B1FFDF2220B0E7BDE8704001F04C
:1065D000E9BB2F48016991F87E20130702D50121FC
:1065E0008170704742F0080281F87E208069C0788F
:1065F00081F8E10001F0C1BB10B5254C21690A8882
:10660000A1F81A2281F8180291F8640001F0A9FBA0
:10661000216981F81C0291F8650001F0A2FB216953
:1066200081F81D02012081F81602002081F8C401C2
:106630002079BDE81040F4F7B7BC10B5144C052123
:106640002069FFF74EFB206990F85A10012908D005
:1066500000F5F77103F048FA2079BDE81040F4F72F
:10666000A3BC022180F85A1010BD10B5084C0123BC
:106670000921206990F87C20703002F052FE48B168
:106680002169002001F8960F087301F81A0C10BD5B
:10669000F80000200120A070F9E770B5FE4D01233D
:1066A00029462869896990F87C2009790E2A01D148
:1066B000122903D000241C2A03D004E0BDE8704056
:1066C000D3E7142902D0202A07D008E080F87C40C4
:1066D00080F8A240BDE87040AFE7162906D0262A10
:1066E00001D1162902D0172909D00CE000F87C4FFF
:1066F00080F82640407821280CD01A2017E090F826
:106700007D20222A07D0EA69002A03D0FF2901D17F
:1067100080F8A63132E780F87D4001F037FB286928
:1067200080F8974090F8C4010028F3D00020BDE81D
:10673000704061E72DE9F843D74C206990F87C1050
:10674000202909D05FF0000790F87D10222905D09C
:106750007FB300F17C0503E00127F5E700F17D053B
:1067600010F8B01F41F004010170A06903F007F9AF
:106770004FF00108002608B33946A069FFF784FDF1
:10678000E0B16A46A169206902F096FE90B3A06963
:1067900003F0F3F82169A1F8AE01B1F8701001F02F
:1067A000C6FA40B32069282180F88D1080F88C80CB
:1067B00048E0FFE70220A070BDE8F883206990F868
:1067C000C40110B11E20FFF717FFAFB1A069216906
:1067D000C07881F8E20008FA00F1C1F3006000B966
:1067E000FFDF20690A2180F87C1090F8A20040B9F0
:1067F000FFDF06E009E01AE02E7001F0C7FAFFF7AC
:10680000E8FE206980F89760D6E7206990F8C40117
:1068100018B10020FFF7F0FE2E70206900F17D0115
:1068200080F897608D420DD180F87D600AE0206984
:106830009DF8001080F8B0119DF8011080F8B1119A
:1068400024202870206900F17D018D4203D1BDE82C
:10685000F84301F09BBA80F8A260ADE770B58E4CAA
:1068600001230B21206990F87D20703002F059FD42
:10687000202650BB20690123002190F87D20703034
:1068800002F04FFD0125F0B1206990F87C0024282A
:106890001BD0A06903F063F8C8B1206990F8B0106C
:1068A00041F0040180F8B010A1694A7902F00702B2
:1068B00080F85D20097901F0070180F85C1090F8FC
:1068C000C5311BBB06E0A57058E6A67056E6BDE8CC
:1068D00070407EE690F8C431C3B900F164035E787D
:1068E0008E4205D11978914202D180F897500DE07F
:1068F00000F504710D7002884A8090F85C200A71DE
:1069000090F85D0048712079F4F74EFB2169212051
:1069100081F87D00BDE8704001F02FBAF8B55E4CFB
:10692000206990F87E0010F0300F04D0A07840F07D
:106930000100A070F8BDA06902F0FAFF50B3A06991
:1069400002F0F0FF0746A06902F0F0FF0646A069DA
:1069500002F0E6FF0546A06902F0E6FF0146009757
:10696000206933462A46303003F046F8A079800784
:1069700003D56069C07814280FD0216991F87C0094
:106980001C280AD091F85A0001280ED091F8BB01BA
:1069900058B907E0BDE8F8401BE62169012081F8FD
:1069A0005A0002E091F8BA0130B1206910F87E1F58
:1069B00041F0100101700EE091F87E0001F5FE72C9
:1069C00040F0200081F87E0031F8300B03F080F8B1
:1069D0002079F4F7E9FABDE8F84001F0CEB970B5D6
:1069E0002D4C206990F87E10890707D590F87C20FF
:1069F00001230821703002F094FCE8B1206990F87E
:106A0000AA00800712D4A06902F073FF216981F8FF
:106A1000AB00A06930F8052FA1F8AC204088A1F8A0
:106A2000AE0011F8AA0F40F002000870206990F83B
:106A3000AA10C90703D00FE00120A0709EE590F8CE
:106A40007E00800700D5FFDF206910F87E1F41F02F
:106A50000201017001F091F92069002590F87C1085
:106A6000062906D180F87C5080F8A2502079F4F7EE
:106A70009BFA206990F8AC110429DFD180F8AC5161
:106A80002079F4F791FA206990F87C100029D5D18B
:106A900080F8A25072E50000F800002070B5FE4CAE
:106AA00001230021206990F87D20703002F039FC2C
:106AB000012578B9206990F87D20122A0AD0012397
:106AC0000521703002F02DFC10B10820A07055E5B2
:106AD000A57053E5206990F8A80008B901F04DF9B8
:106AE0002169A06901F5847102F0F1FE2169A069B4
:106AF000D83102F0F2FE206990F8E00100B1FFDF2A
:106B000021690888A1F8E20101F5F271A06902F09B
:106B1000D6FE2169A06901F5F67102F0D5FE206963
:106B200080F8E051142180F87D102079BDE8704094
:106B3000F4F73ABA70B5D84C01230021206990F8D7
:106B40007D20703002F0EDFB0125A8B1A06902F0B4
:106B50008CFE98B1A0692169B0F80D00A1F8AE01D2
:106B6000B1F8701001F0E3F858B12069282180F8DD
:106B70008D1080F88C5001E5A570FFE4BDE87040F1
:106B800027E5A0692169027981F8B021B0F80520D4
:106B9000A1F8B22102F060FE2169A1F8B401A06958
:106BA00002F05DFE2169A1F8B601A06902F05AFE6B
:106BB0002169A1F8B8010D2081F87D00DEE47CB5E3
:106BC000B54CA079C00738D0A06901230521C5784C
:106BD000206990F87D20703002F0A3FB68B1AD1EF3
:106BE0000A2D06D2DFE805F00909050509090505A2
:106BF0000909A07840F00800A070A07800281CD1F6
:106C0000A06902F0FFFD00287AD0A0690226C578AD
:106C10001DB1012D01D0162D18D1206990F87C00EE
:106C200002F067FB90B1206990F87C101F290DD00D
:106C3000202903D0162D16D0A6707CBD262180F801
:106C40007C10162D02D02A20FFF7D6FC0C2D58D030
:106C50000CDC0C2D54D2DFE805F033301D44A7A71F
:106C6000479E57A736392020A0707CBD0120152DE6
:106C700075D008DC112D73D0122D69D0132D64D07E
:106C8000142D3DD178E0162D7CD0182D7DD0FF2D10
:106C900036D183E020690123194690F87F207030B7
:106CA00002F03FFBF8B9A06902F007FE216981F804
:106CB0009201072081F87F0078E001F044F975E047
:106CC000FFF738FF72E001F01EF96FE0206990F8DD
:106CD0007D10112901D0A67068E0122180F87D1086
:106CE00064E0FFF7DBFE61E0206990F87D00172883
:106CF000F1D101F04BF821691B2081F87D0055E0AE
:106D000052E0FFF76CFE51E0206990F87E00C0076A
:106D100003D0A07840F001001FE06946A06902F0AE
:106D2000EAFD9DF8000000F02501206900F8B01F81
:106D30009DF8011001F04101417001F01EF8206939
:106D400010F87E1F41F0010114E0FFF78EFC2DE0EA
:106D5000216991F87E10490705D5A07026E00EE064
:106D600016E00FE011E001F008F8206910F87E1F2E
:106D700041F00401017019E0FFF7D0FD16E001F0C9
:106D80008AF813E0FFF76AFD10E0FFF7D3FC0DE08F
:106D900001F060F80AE0FFF780FC07E0E16919B153
:106DA000216981F8A60101E0FFF713FC2069F0E9F1
:106DB0003012491C42F10002C0E900127CBD70B5DE
:106DC000354CA07900074AD5A078002847D1206922
:106DD00090F8E400FE2800D1FFDF2069FE210025A5
:106DE00080F8E41090F87D10192906D180F8A7509A
:106DF00000F0CCFF206980F87D50206990F87C106D
:106E00001F2902D0272921D119E090F87D0002F036
:106E100070FA78B120692621012380F87C1090F85F
:106E20007D200B21703002F07CFA78B92A20FFF720
:106E3000E3FB0BE02169202081F87C0006E00121C2
:106E400080F8A51180F87C5080F8A250206990F855
:106E50007F10082903D10221217080F8E41059E441
:106E600010B50D4C216991F8B0210AB991F8642050
:106E700081F8642091F8B1210AB991F8652081F870
:106E8000652010B10020FFF7B7FB206902F0D4FDA8
:106E9000002809D0206901E0F8000020BDE810407A
:106EA00000F5F77102F020BE10BD70B5FC4C06462F
:106EB0000D46206990F8E400FE2800D0FFDF22692B
:106EC000002082F8E46015B1A2F8A40022E422F8C0
:106ED0009E0F012010711DE470B5F14C01230021BB
:106EE000206990F87C20703002F01BFA002869D0ED
:106EF000206990F8BA1111B190F8BB1139B190F82E
:106F0000C41100295DD090F8C51111B359E090F873
:106F10007D1024291BD090F87C10242917D0002341
:106F200000F5D87200F5DD7102F058FD21690020EE
:106F300081F8BA0101461420FFF7B7FF216901F17A
:106F40003000C28A21F8E62F408B48803FE00123C1
:106F5000E6E790F87D2001230B21703002F0E1F983
:106F600078BB206990F8640000F0FBFE05462069BC
:106F700090F8650000F0F5FE0646206990F8C6110D
:106F8000284600F0E0FE50B1206990F8C711304665
:106F900000F0D9FE18B10020FFF72EFB11E02069A8
:106FA0000123032190F87D20703002F0BAF940B936
:106FB00020690123022190F87D20703002F0B1F9A0
:106FC00008B1002080E400211620FFF76EFF0120A9
:106FD0007AE410B5F0BBB24C206990F87E10CA0775
:106FE00002D00121092051E08A070AD501210C2095
:106FF000FFF75BFF206910F8AA1F41F00101017043
:1070000046E04A0702D5012113203FE00A0705D5D3
:1070100010F8E11F41710121072037E011F0300F16
:107020003AD090F8BB11A9B990F8BA11D9B190F83B
:107030007D1024292ED090F87C1024292AD00023FA
:1070400000F5D87200F5DD7102F0C8FC216911F875
:107050007E0F00E020E020F0200040F010000870DB
:10706000002081F83C01206990F87E10C90613D5F4
:1070700002F0E2FCFFF7E1FA216901F13000C28A77
:1070800021F8E62F408B488001211520FFF70DFFE6
:10709000012010BD0123D3E7002010BD70B5804C46
:1070A000206990F8E410FE2978D1A178002975D1E3
:1070B00090F87F2001231946703002F032F9002841
:1070C0006CD1206990F8901149B10021A0F89C1072
:1070D00090F8911180F8E610002102205BE090F812
:1070E0007D2001230421703002F01BF90546FFF7D3
:1070F00070FF002852D1284600F089FF00284DD1AA
:1071000020690123002190F87C20703002F009F9F9
:1071100078B120690123042190F87D20703002F0BD
:1071200000F930B9206990F8960010B100211220C2
:1071300031E0206990F87C200A2A0DD0002D2DD155
:1071400001230021703002F0ECF878B1206990F84A
:10715000AC1104290AD105E010F8E21F01710021E9
:10716000072018E090F8AA00800718D0FFF7B4FEB7
:10717000002813D120690123002190F87C20703071
:1071800002F0CFF8002809D0206990F8A401002867
:1071900004D00021FF20BDE8704086E609E0002110
:1071A0000C20FFF782FE206910F8AA1F41F00101B0
:1071B000017043E43EB505466846FDF7BDFE00B9E3
:1071C000FFDF222200210098F6F7DDF80321009866
:1071D00002F0FFFA0098017821F0100101702946B1
:1071E00002F01DFB2E4C0D2D40D00BDCA5F102054D
:1071F0000B2D19D2DFE805F01F184719191F185673
:1072000018192400152D5ED008DC112D25D0122D63
:107210000BD0132D09D0142D06D154E0162D29D0F2
:10722000172D69D0FF2D73D0FFDFFDF79AFE0028E0
:1072300000D1FFDF3EBD2169009891F8E61017E00C
:10724000E26800981178017191884171090A817191
:107250005188C171090A0172E7E70321009802F021
:10726000A6FB0621009802F0A6FBDEE700980621A7
:107270000171DAE70098216991F8C621027191F84D
:10728000C7114171D1E72169009801F5887102F0B9
:1072900028FB21690098DC3102F028FBC5E70000DB
:1072A000F8000020F849D1E90001CDE90101206989
:1072B00001A990F8B00000F025008DF804000098B6
:1072C00002F048FBB1E72069B0F84810009802F0DE
:1072D00017FB2069B0F8E810009802F015FB206950
:1072E000B0F84410009802F013FB2069B0F8E610E3
:1072F000009802F011FB98E7216991F8C401002879
:107300000098B9D111F8642F02714978B9E7FFE705
:10731000206990F8A721D0F8A811009802F08DFA02
:1073200083E7DA4810B5006990F8821041B990F807
:107330007D2001230621703001F0F3FF002800D0EA
:10734000012010BD70B5D14D286990F8801039B179
:10735000012905D0022906D0032904D0FFDF0AE461
:10736000B0F8F41037E090F87F10082936D0B0F864
:107370009810B0F89A2000248B1C9A4206D3511A18
:10738000891E0C04240C01D0641EA4B290F896103F
:1073900039B190F87C2001230921703001F0C1FF40
:1073A00040B3FFF7BEFF78B129690020B1F8902003
:1073B000B1F88E108B1C9A4203D3501A801E00D055
:1073C000401EA04200D284B20CB1641EA4B228694F
:1073D000B0F8F4102144A0F8F01040E5B0F898108F
:1073E0000329BDD330F8701F428D1144491CA0F809
:1073F000801034E50024EAE770B50C4605464FF4EA
:10740000087200212046F5F7BEFF258027E5F8F732
:107410005FBF2DE9F0410D4607460621F8F74EFE05
:10742000041E3ED094F8CC010026B8B16E7007203F
:1074300028700DE0268484F8CC61D4F8CE01C5F81C
:107440000200D4F8D201C5F80600B4F8D60168816C
:1074500094F8CC010028EDD1AE70B6E094F8D801D4
:1074600090B394F8D8010B2813D00C2801D0FFDF7B
:10747000ABE02088F8F755FF0746F8F712FC78B91B
:107480006E700C20287094F8DA01A8702088A8800B
:1074900014E02088F8F745FF0746F8F702FC10B122
:1074A0000020BDE8F0816E700B20287094F8DA019E
:1074B000A8702088A88094F8DE01A87184F8D861AB
:1074C0003846F8F7E8FB80E0FFE794F80E0230B1A9
:1074D0006E700E20287084F80E626F8075E094F84C
:1074E000E00180B16E700820287020886880D4F890
:1074F000E4116960D4F8E811A960B4F8EC01A8813E
:1075000084F8E06161E094F8080270B16E701620B2
:10751000287005E084F80862D4F80A02C5F8020071
:1075200094F808020028F5D14FE094F8EE01B0B1CC
:107530006E70122028700DE084F8EE61D4F8F0012E
:10754000C5F80200D4F8F401C5F80600D4F8F80133
:10755000C5F80A0094F8EE010028EDD135E094F862
:10756000FC0180B16E701820287084F8FC61D4F89A
:10757000FE01C5F80200D4F80202C5F80600B4F80E
:107580000602688121E094F8100240B119202870A9
:1075900084F81062D4F81202C5F8020015E094F8DD
:1075A000160200283FF47DAF6E701320287008E0AB
:1075B00084F81662D4F81802C5F80200B4F81C0268
:1075C000E88094F816020028F2D1012069E72F48DC
:1075D0000021C16101620846704730B52B4D0C4651
:1075E000E860FFF7F4FF00B1FFDF2C7130BD002130
:1075F00080F87C1080F87D1080F8801090F8FE10E4
:1076000009B1022100E00321FEF76BBB2DE9F04137
:107610001E4C0546206909B1002104E0B0F80611AE
:10762000B0F8F6201144A0F8061190F8901139B97D
:1076300090F87F2001231946703001F072FE30B1BE
:10764000206930F89C1FB0F85A201144018020694D
:1076500090F8A23033B1B0F89E10B0F8F620114483
:10766000A0F89E1090F9A670002F06DDB0F8A410C7
:10767000B0F8F6201144A0F8A41001213D263DB138
:1076800080F88D6018E00000A0B20100F800002032
:107690002278022A0AD0012A11D0A2782AB380F8CF
:1076A0008C1012F0140F0DD01E2113E090F8E6207C
:1076B000062A3CD016223AE080F88C1044E090F87C
:1076C000922134E0110702D580F88D603CE09106EC
:1076D00003D5232180F88D1036E0900700D1FFDF1D
:1076E00021692A2081F88D002AE02BB1B0F89E2074
:1076F000B0F8A0309A4210D2002F05DDB0F8A420D7
:10770000B0F8A0309A4208D2B0F89C30B0F89A2075
:10771000934204D390F890310BB1222207E090F805
:1077200080303BB1B0F89830934209D3082280F8FA
:107730008D20C1E7B0F89820062A01D33E22F6E753
:10774000206990F88C1019B12069BDE8F0414EE72E
:10775000BDE8F0410021FEF7C4BA2DE9F047FF4C27
:1077600081460D4620690088F8F7EDFD060000D13E
:10777000FFDFA0782843A070A0794FF000058006B5
:10778000206904D5A0F8985080F8045103E030F83F
:10779000981F491C0180FFF7C4FD012740B3E08812
:1077A000000506D5206990F8821011B1A0F88E501E
:1077B0001EE02069B0F88E10491C89B2A0F88E1026
:1077C000B0F890208A4201D3531A00E00023B4F8A5
:1077D00008C00CF1050C634501D880F89670914201
:1077E00006D3A0F88E5080F80E722079F3F7DCFBF8
:1077F000A0794FF0020810F0600F0ED0206990F8C9
:10780000801011B1032908D102E080F8807001E0F6
:1078100080F880800121FEF764FA206990F88010DA
:10782000012904D1E188C90501D580F88080B9F12A
:10783000000F71D1E188890502D5A0F8185104E044
:10784000B0F81811491CA0F8181100F0A7FBFEF7BA
:1078500059FDFFF723FC00F0B2FD0028206902D09B
:10786000A0F8F85003E030F8F81F491C018000F040
:10787000A9FD38B1206990F80411022907D8491CE4
:1078800080F80411206990F80401022804D92069C5
:1078900020F8F85F4580057320690123002190F8E6
:1078A0007D20703001F03DFD20B9206990F87D0009
:1078B0000C286AD120690123002190F87C207030C7
:1078C00001F02FFD48B320690123002190F87F20AB
:1078D000703001F026FD00B3206990F88010022975
:1078E00053D190F80401C0B93046F7F7AAFFA0B110
:1078F000216991F8E400FE2847D1B1F8F20001288F
:1079000043D981F8FD70B1F89A20B1F89800931E20
:10791000984203DB012004E043E036E0101A401EE9
:1079200080B2B1F8F82023899A4201D3012202E003
:107930009A1A521C92B2904200D91046012801D1E5
:1079400081F8FD5091F86F206AB98A6E5AB1B1F88A
:107950009420B1F87030D21A12B2002A03DD90429E
:1079600000DB104680B291F8892192B1B1F8FA207B
:10797000B1F88A118A4201D3012102E0891A491C17
:1079800089B2884205D9084603E02169012081F8BF
:10799000FD502169B1F870201044A1F8F400FFF700
:1079A000D1FCE088C0F340214846FFF72FFE206954
:1079B00080F8FE50BDE8F047FDF7F6BA6749024689
:1079C0008878CB78184312D10846006942B189798A
:1079D000090703D590F87F00082808D001207047D8
:1079E000B0F84C10028E914201D8FEF7C6B80020C4
:1079F000704770B5594C05460E46E0882843E08034
:107A0000A80703D5E80700D0FFDF6661EA074FF05B
:107A100000014FF001001AD0A661F278062A02D0C8
:107A20000B2A14D10AE0226992F87D30172B0ED16F
:107A30000023E2E92E3302F8370C08E0226992F8BD
:107A40007D30112B03D182F8811082F8A800AA079B
:107A500018D56269D278052A02D00B2A12D10AE021
:107A6000216991F87D20152A0CD10022E1E930220C
:107A700001F83E0C06E0206990F87D20102A01D123
:107A800080F88210280601D50820E07067E42DE90F
:107A9000F84F324C00254FF00108E580A570E570E5
:107AA0004146257061F3070220619246814680F8C5
:107AB000FE800088F8F747FC070000D1FFDF20694F
:107AC0000088FDF736FA20690088FDF75BFA206927
:107AD000B0F8F21071B190F8E410FE290FD190F8CF
:107AE000901189B190F87F2001231946703001F080
:107AF00018FC78B1206990F8E400FE2804D02069D1
:107B000090F8E400FFF756FB206990F8FF1089B168
:107B1000258118E02069A0F89C5090F8911180F818
:107B2000E61000210220FFF7C0F9206980F8FD501F
:107B30000220E7E790F8CC1119B9018C82889142B4
:107B400000D881882181B0F8F610491E8EB2B0F8B5
:107B5000F8103144A0F8F81002E00000F80000200E
:107B600090F8FC1021B1A0F8FA5080F8FC5004E025
:107B7000B0F8FA103144A0F8FA1030F8981F3144E8
:107B80000180FFF7CEFB20B1206930F88E1F314411
:107B900001802069B0F8F210012902D8491CA0F830
:107BA000F2100EB180F8045190F8FD10A1B1B0F8B8
:107BB000F800218988420FD23846F7F742FE58B1C3
:107BC000206990F8891139B1B0F8FA10B0F88A013B
:107BD000814201D300F0F9FB206980F8FD5090F854
:107BE0007D100B2901D00C2916D1B0F87020B0F807
:107BF000AE31D21A12B2002A0EDBD0F8B011816079
:107C000090F8B4110173032101F04EFA206980F855
:107C10007D5080F8B28026E0242910D1B0F8701091
:107C2000B0F8AE21891A09B2002908DB90F8C40126
:107C3000FFF716F9206900F87D5F857613E090F86C
:107C40007C10242901D025290DD1B0F87010B0F88E
:107C5000AE01081A00B2002805DB0120FFF700F989
:107C6000206980F87C5020690146B0F8F620703019
:107C700001F0C8FA206990F8891109B1A0F8FA500A
:107C8000F6480090F64BF74A4946504600F0DEFAB7
:107C9000216A11B16078FCF74DFE206901230521AE
:107CA00090F87D20703001F03CFB002803D0BDE847
:107CB000F84F00F038BABDE8F88F00F045BBEA494C
:107CC000C8617047E848C069002800D001207047AB
:107CD000E54A50701162704710B50446B0F8B421FF
:107CE0004388B0F8B611B0F8B8019A4205D1A3881C
:107CF000994202D1E38898420FD02388A4F8D0316A
:107D0000A4F8D221A4F8D411A4F8D601012084F853
:107D1000CC01D5480079F3F747F90221204601F05C
:107D2000C3F9002004F87D0F0320E07010BD401A55
:107D300000B247F6FE71884201DC002801DC012018
:107D4000704700207047012802D0022805D102E0C8
:107D5000012904D001E0022901D000207047012050
:107D6000704710B5012804D0022804D0FFDF204658
:107D700010BD0124FBE70224F9E7BB48002100699C
:107D800020F8A41F8178491C81707047B64800B55F
:107D9000016911F8A60F401E40B20870002800DAF1
:107DA000FFDF00BDB0482721006980F87C1000216A
:107DB00080F8A411704710B5AB4C206990F8AC1155
:107DC000042916D190F87C2001230021703001F0A5
:107DD000A8FA00B9FFDF206990F8AA10890703D438
:107DE000062180F87C1004E0002180F8A21080F8C1
:107DF000AC11206990F87E00800707D5FFF7C6FF19
:107E0000206910F87E1F21F00201017010BD964913
:107E100010B5096991F87C200A2A09D191F8E2206D
:107E2000824205D1002081F87C0081F8A20010BDBB
:107E300091F87E20130706D522F0080081F87E0015
:107E4000BDE81040A2E7FF2801D0FFDF10BDBDE86C
:107E50001040A7E710B5844C206910F8B01F41F01E
:107E600004010170A06901F0A4FD162806D1206963
:107E700090F87C00202802D0262805D010BDA069EB
:107E800001F09BFDFEF7B8FB2169002081F87C0022
:107E900081F8A20010BDF8B5734C01230A212069B6
:107EA00090F87C20703001F03CFA38B3A06901F002
:107EB0003FFDC8B1A06901F035FD0746A06901F09A
:107EC00035FD0646A06901F02BFD0546A06901F0CD
:107ED0002BFD01460097206933462A46303001F0D9
:107EE0008BFD206901F0A8FD2169002081F8A20026
:107EF00081F87C00BDE8F840FEF79FBBA07840F019
:107F00000100A070F8BD10B5574C01230021206975
:107F100090F87D20703001F004FA30B1FFF72DFFAA
:107F20002169102081F87D0010BD20690123052101
:107F300090F87D20703001F0F4F908B1082000E0DD
:107F40000120A07010BD70B5474C012300212069AD
:107F500090F87D20703001F0E4F9012588B1A06926
:107F600001F0A8FC2169A1F8AE01B1F87010FFF78B
:107F7000DEFE40B12069282180F88D1080F88C50F9
:107F800084E5A57082E52169A06901F5D87101F049
:107F90008CFC21690B2081F87D0077E510B5FEF798
:107FA0000EFFFEF70CFE304CA079400708D5A078F4
:107FB00030B9206990F87F00072801D10120207096
:107FC000FEF73EFAA079C00609D5A07838B9206935
:107FD00090F87D100B2902D10C2180F87D10E078FB
:107FE00000070ED520690123052190F87D2070300F
:107FF00001F097F930B10820A0702169002081F8C4
:10800000D80110BDBDE81040002000F016BB10B52F
:10801000154C216991F87D2040B3102A06D0142A0E
:1080200007D0152A23D01B2A35D123E001210B20AC
:1080300022E0FBF769FB0C2820D32069082100F51A
:108040008870FBF765FB28B120690421DC30FBF761
:108050005FFB00B9FFDF012104200DE05B77010029
:10806000BD790100F3790100F800002008E000F07C
:1080700017F803E001210620FEF717FF012010BDCD
:10808000212A08D191F8970038B991F8C40110B1AC
:1080900091F8C50108B1002010BD01211720EBE7C0
:1080A00070B5184C0025206990F8931101290AD069
:1080B000022925D190F8A810A9B1062180F8E61070
:1080C0000121022017E090F8D811002918D100F101
:1080D000C80300F58471002200F5CA7001F0C1F8F0
:1080E0000121052007E090F8B000400701D51120DC
:1080F00000E00D200121FEF7D8FE206980F89351A1
:10810000C4E40000F8000020F9480078002800D0FE
:108110000C20704710B50446FFF7F6FF00B1FFDFF3
:10812000F348047210BDF2490120C871704770B560
:108130000C460546082B01D0194600E004211046E4
:1081400001F075F9844200D220460DB1001D80B2C5
:10815000C0B270BD70B5E64934314C6804F17005A9
:1081600060B1628F218F94F86530A87CFFF7DFFF44
:1081700094F86510BDE87040FCF79EB8FF2094F8B5
:108180006410F7E72DE9F0478146D9483430446858
:10819000002004F17005628F218F94F86530FFF79D
:1081A000C6FFD34F0646D34878620120FFF7D2FFBF
:1081B000A87C4FF0000840B305F15801CE4891E883
:1081C0000E1000F1080A8AE80E10A96EC0F82110FE
:1081D000E96EC0F82510FE38FCF743FBC6480121C4
:1081E00008300176D5E91412C0E90412A0F58372B3
:1081F000796AFBF728FF94F8650000F0A7FB0246B8
:1082000031460120FBF72DFF04E0786AFCF729FBDB
:10821000FBF74BFFB9F1000F03D141469620FCF765
:108220004CFB94F8642001210020FCF706FC94F834
:108230002C00012801D1FCF7DFFB02203870FCF78D
:1082400061FD002800D0FFDFBDE8F0872DE9F04395
:10825000A74D87B0804628780E9F1C461646894653
:1082600010B90EB104B107B9FFDFEF61C5E90564CC
:108270000020C5E90D89E871A871E870A87028711F
:108280009B4F6871A8813437E8817E68344636F8A0
:10829000700BF8F758F8E8622088F8F742F828637E
:1082A000FCF714F894F96700FCF7CEF804F112001B
:1082B000FCF7B9FA04F10E00FCF7CCF80120FCF74A
:1082C000CDFA18228D496846F5F733F88C480490AA
:1082D0006846FCF7B7FAF07EFCF7C6F8FCF7B8FA88
:1082E00094F86F0078B9A06E68B1B08C318888427C
:1082F00009D1B4F86C1001220844B08494F86E00DF
:10830000A16EF9F708FE628F218F94F86530B07C7A
:10831000FFF70DFF94F865402146FBF7CDFF786825
:1083200090F8880108B1FCF74FF821460120FCF7CE
:1083300054F97868D0F80001FCF797FA0120FFF7AC
:1083400021FF07B0BDE8F083694800B50078022836
:1083500000D0FFDF00BD664810B534304468FCF73C
:10836000FBFAFCF7DAFAFCF729FAFCF762FAFBF7FA
:108370009CFE94F82C00012801D1FCF733FB94F803
:108380006F0038B9A06E28B1002294F86E00114633
:10839000F9F7C1FD564CE08900F0E2FAE269A179F3
:1083A000A07890470020207010BD514810B500788B
:1083B000022800D0FFDFBDE81040CCE7CBE74C48F7
:1083C000007970474A48C078704749490120487190
:1083D00070472DE9FC474648454E3430A0F114075C
:1083E00044684FF0000A254694F875004FF00108E4
:1083F000703458B3012868D002286AD0032876D098
:10840000FFDF316AB1460826087820F008000870BE
:10841000A37906EAC303184320F004000870E37947
:10842000042606EA8303184320F0100008706779D9
:10843000D9F82C00F7F715FA0646FCF7C8FD022F0D
:1084400067D0012F65D0032F66D068E000F094FA62
:10845000AA8E0146104600F0EAFF298E814200D222
:1084600008464C21ADF8040048533846FCF78DFD12
:1084700048B14FF48060316A00F077FA03206071F0
:1084800084F80380BDE76A4601A9F06A00F05CFA4F
:10849000306210B194F8371029B13846FCF746FD28
:1084A00084F80580ADE79DF8001031B9A0F800A070
:1084B00080F802A0012101F08CF9BDF80410306AA7
:1084C00001F07DFA022060719BE73846FCF72EFD33
:1084D00097E7B5F84C00ADF804006A4601A9F06AC8
:1084E00000F032FA306200288BD1FFDF89E709E023
:1084F0001C010020780B0020780D0020A8B201009C
:108500001B5D01003846FCF740FD0028BAD1FFDFB3
:1085100077E7B04301D002E00EB1012100E0002175
:10852000D9F820004E46027842EA01110170617CC0
:1085300051B36179012927D004F15801F7488EC958
:1085400000F1080989E88E00A16EC0F82110E16EE3
:10855000C0F82510FE38FCF784F9F048083080F8A0
:1085600018A0D4E91212C0E90412A0F58371326A8E
:10857000FBF769FD95F8640000F0E8F90246FB217D
:108580000020FBF76EFD03E0FCF76BF9FBF78DFDB8
:10859000012195F865200846FCF74FFA86F804801B
:1085A000316A0A8832828978B17486F80080FCF7D3
:1085B000B5FB002800D0FFDFBDE8FC8770B5D84CC4
:1085C000054639B9012D05D1E078401CC0B2E070F4
:1085D000012820D8A16928468847E0B16179D148AF
:1085E00031B1012D04D1417811B90178C90612D5F4
:1085F000A17981B98DB9CA4910310978CA0602D466
:108600000078C00607D5A08928B9A06A28B9608972
:1086100018B1C80601D4012070BD002070BD10B58E
:10862000BF4CA06A00B9FFDF6289D4E90910D21CEF
:10863000F4F77FFEA06A606210BD2DE9F0470600E6
:10864000B748B74D00F134004468686A04F170041B
:10865000477801D0012E03D1296B02F0EDF8687044
:1086600068784FF000084FF0010938B1012816D0A2
:1086700002282FD0032844D0FFDFE5E5012E30D0BB
:10868000FFF7CDFF39460122286BF7F75BF926E0AB
:1086900084F8078030E000BF84F807902CE0012EBA
:1086A00008D0FFF7BCFF39460022286BF7F74AF9DC
:1086B000022EE2D0D4E91401401C41F10001C4E9CA
:1086C0001401E079012802D084F80790BCE584F811
:1086D0000780B9E5012E04D0286BF7F7B7FA022E10
:1086E000CBD0D4E91401401C41F10001C4E91401CC
:1086F000E0790128D0D1CBE7287ABDE8F047F2F73E
:1087000053BC012EB9D0286BF7F7A0FAF4E770B587
:108710008349834A343100264C68516A01257034FC
:108720000B7803F00303012B14D0022B12D0032B80
:1087300003D0907940F0040023E0A570D08940F484
:108740000060D081012000F010F91CE0E67170BDDE
:10875000E57170BD4978B1B1D38943F40063D38129
:10876000936A002BF5D0FB2908D8D17921B1BDE857
:108770007040802000F0F4B8057070BD907940F032
:108780001000907170BDE0790128E1D1DEE770B58D
:108790006348634D3430446828787034012800D031
:1087A000FFDFA07838B10020A0700146042000F05F
:1087B000DCF801202071296A0878C043800705D1C0
:1087C000A889400502D5022000F0CFF80121002041
:1087D000FFF7F4FE10B1BDE87040BCE5BDE87040A5
:1087E0000020CFE42DE9F84F4D4F4D4C3437002693
:1087F0007D6882468DF8006020787035022800D0B0
:10880000FFDFE08940F40070E0810020FFF7A2FC68
:10881000A87CBAF1000F5BD0FBF76AFCFBF75AFCAF
:108820004FF0010968B9A87C58B1606A417841B13C
:108830000078E979C0F3C000884202D184F8029040
:1088400059E0606A4178618121B1206BF7F734F813
:10885000A06200E0A662E089B84640F02000E08116
:10886000E670786800F17007064690F82C00012841
:1088700016D1FCF7B7F83946304600F010FD78B154
:10888000D8F804003188A0F80A12397A80F80C125E
:10889000797A80F80D1280F80892207AF2F784FB3A
:1088A000606AA9790078C0F38000884205D000F0A2
:1088B00094F8E08940F48070E081606AE97900789A
:1088C000C0F3C00088420AD16846FFF720FF06E0E7
:1088D00008B1FBF73EFCE08940F04000E0815146E2
:1088E0000120FFF76BFE00289DF8000007D010B1B3
:1088F0000020FFF7A2FEFFF72EFDBDE8F88F10B1B4
:108900000120FFF79AFEFFF764FD9DF800000028A4
:10891000F3D00220FFF791FEEFE70000780D002072
:108920001C010020780B002070B5064654480D4607
:108930004468FBF773FC034694F8642029463046EC
:10894000BDE87040FDF706BAF6F7C5BE00B50128D0
:1089500002D0022802D0FFDF002000BD012000BDB0
:10896000474A0021343A52691047454A343A9389BC
:108970000343938152691047414810B5446804F19C
:108980007001087B24280ED0497B24290BD01F2896
:108990000CD020280AD0222912D094F86400042890
:1089A00000D1082010BD94F8B01106E0222907D0AC
:1089B00094F8C60100F04FF8014694F8640008E00E
:1089C00094F8C60114F85D1F084000F044F8014611
:1089D000E079BDE8104000F048B870B52848446818
:1089E00094F875007034002832D0022810D1244D3C
:1089F000343DE86AF6F79BFE00B9FFDFD4E91201C7
:108A0000401C41F10001C4E91201287AF2F7CCFAC6
:108A100000256571207920B1257100211020FFF714
:108A2000A4FFE07878B1E570FCF7BEFA00B9FFDF8B
:108A300000210820FFF799FFD4E91201401C41F101
:108A40000001C4E91201A079012802D00120A0711F
:108A500070BDA57170BDC10701D0012070478007AE
:108A600001D50220704700207047002904D001285A
:108A700003D0012901D00220704701207047000077
:108A8000500100202DE9F0410F4606460024FE4D1E
:108A90000FE000BF05EBC40090F85311B14206D1BE
:108AA0000622394600F5AA70F4F716FC38B1641CAA
:108AB000E4B22878A042EDD81020BDE8F08120462D
:108AC000FBE7F0B50746F04816460478621C0270D2
:108AD00000EBC4050868C5F854018888A5F858015A
:108AE000102C00D3FFDF85F8537185F85A612046BA
:108AF000F0BD70B5054600F017FA10281CD1E24C05
:108B00002078401EC0B22070A84215D004EBC002ED
:108B100004EBC50102F58070D2F85321C1F853214E
:108B2000D0F85700C1F85701207800F0FDF910285F
:108B300002D0204480F8035170BD2DE9F047D24C9B
:108B40000646A719A078401EC5B2A57097F8038104
:108B5000AE422AD004EB051A04EB06190AF1030110
:108B600009F103001022F4F7E4FB0AF1830109F193
:108B700083001022F4F7DDFB601905EB450290F845
:108B8000031187F8031106EB460104EB420204EBE4
:108B90004101D2F80B31C1F80B31B2F80F21A1F825
:108BA0000F2190F83B0187F83B0104EBC80090F8D7
:108BB0005A01C00703D14046BDE8F04799E7BDE838
:108BC000F087B1498A78824203D9084490F843017A
:108BD00070470020704710B540F2D3120021AA4818
:108BE000F4F7D1FB0822FF21A848F4F7CCFBA748F3
:108BF00000210C38417081704FF46171818010BD8B
:108C000070B50D460646FFF73DFF9F4C102807D074
:108C100004EBC00191F85A11C90701D0012070BDC1
:108C20006178082910D2102808D004EBC000012177
:108C300080F85A116078401C6070EFE701222946E5
:108C40003046FFF73EFFF5E7002070BD70B58E4D52
:108C50002878401E44B20AE005EBC40090F85A019F
:108C6000C00702D0E0B200F070F9641E64B2002CBC
:108C7000F2DA864900200C39887070BD82498A7802
:108C8000824203D901EB0010C01C704700207047DE
:108C90002DE9F047984691460C460546FFF7F2FE4F
:108CA0000646102805D000F03FF9102801D0122008
:108CB00085E7754FB87808282AD2102E05D10022F2
:108CC00021462846FFF7FDFE0646BC781022601CB0
:108CD000B87007EB0415E81C494600F0B5FA05F139
:108CE00083001022414600F0AFFA1021404600F008
:108CF0009CFA3C44102184F84301484604F59674DC
:108D000000F093FAE07704F8296C0020E07356E74E
:108D1000072054E75C4810B58078401E44B204E058
:108D2000E0B2FFF70AFF641E64B2002CF8DA10BD4F
:108D300056490C394870704754480C384078704791
:108D400040B14AF2B811884204D850490C398880A1
:108D500001207047002070474C480C3880887047CD
:108D600010B5FFF78FFE102803D000F0DDF81028B3
:108D700000D1082010BD44498A78824203D901EB12
:108D8000001083307047002070473F4B10B59C782F
:108D900084420FD9184490F8030103EBC00090F807
:108DA00053310B70D0F854111160B0F85801908015
:108DB000012010BD002010BD334A114491F8032159
:108DC00032490C390A700268C1F80620808848814F
:108DD000704770B52D4B0C3B5B7873B12A4B9C7878
:108DE0005CB1451821460AB1D81C01E02648833001
:108DF0002A46FBF794F8012070BD002070BD10B525
:108E0000FBF7DBF818B1BDE81040FBF7E6B8FF2030
:108E100010BD1D498A78824209D9084490F803019F
:108E200001EBC00090F85A0100F0010070470020EB
:108E300070472DE9F04100242546134E2CE02846CA
:108E400000F072F88046FFF719FF06EBC50797F8A8
:108E50005A11C9071ED060B1B8F1100F05D006EB4A
:108E6000080191F83B11012903D0102100F0DDF930
:108E700080B10649204601F80480641C97F853210C
:108E800007F5AA71E4B203E0A80D002064010020F8
:108E9000FBF7B5FA6D1CEDB23078A842CFD80CE6DE
:108EA000012296E72E4A01EB410102EB41010268E3
:108EB000C1F80B218088A1F80F01704701461022EC
:108EC000284800F0C1B92748704725498A7882426E
:108ED00003D9084490F83B0108B1002070470120F5
:108EE00070472DE9F0410E460746154606213046EB
:108EF00000F09BF91A4C58B1002004E02118401CE6
:108F000081F83B51C0B2A1788142F7D80120D4E565
:108F100031463846FFF724FF082803D0204480F864
:108F20003B51F3E70020C8E50D4910B5034600208A
:108F30008A7806E00C1894F803419C4204D0401C47
:108F4000C0B28242F6D8102010BD05494A78521EA0
:108F50004A7001EBC001002281F85A21C9E50000E6
:108F6000A80D00207B0F002000F00101400800F058
:108F700001021144400800F001021144400800F0D1
:108F800001021144400800F001021144400800F0C1
:108F900001021144400800F00102114401EB5000AD
:108FA000704710B500240485848DDB004C43B3FB6F
:108FB000F2F394FBF2F45B1C84859BB203FB02F496
:108FC0004385B4F5C84F01DD5B1E43854FF4FA437A
:108FD000B3FBF2F35B1C0386438C02EBC3035B1E03
:108FE000B3FBF2F30384C38B4B43B3FBF2F1C183B6
:108FF00010BD70B50546087B0E4600F01F000873D3
:109000000020687604463019007AFFF7ADFF291971
:10901000641C0875697EE4B208446876052CF2D3B6
:10902000C0B2252800D9FFDF70BD0023C38342846E
:1090300001EBC202521EB2FBF1F101847047F0B5A0
:109040006FF01F02010C02EA90261F25A1F5AA402D
:1090500054380DD0A1F5AA40553809D0A1F52850B3
:10906000AA3805D0A1F52A40AA3801D0012000E095
:10907000002000221346144682EA0107FF431F43E3
:109080007F1C0FD006F00107520842EAC73205F0F4
:1090900001075B0876086D08641C43EAC733162C89
:1090A000EAD3F0BD0020F0BD2DE9F04101260446D1
:1090B000002500F1700751B1012974D0022971D047
:1090C00003296CD101463846BDE8F04191E7802282
:1090D00000213846F4F757F9BD71FD713D737D737A
:1090E000FD733D747D71BD76FD76212087F84000CB
:1090F000412087F84100FE2087F8740027887022FD
:1091000000212046F4F73FF9278084F8646084F852
:109110006560282084F8660004F1300000210746CD
:1091200000F071FC1B21F9833984A4F85210A4F8D3
:1091300054104FF4A470A4F85600A4F858006673B5
:109140004FF448606080A4F8F050A4F8F250A4F8FE
:10915000F450A4F8F650A4F8F850A4F8FA5084F8A3
:10916000FD5084F8FF50A4F8065184F80451A4F887
:109170001851A4F81A5184F8BA5184F8BB5184F8F4
:10918000C45184F8C55184F8895184F8905184F809
:10919000935184F8AC51C4F8A451C4F8A851BDE867
:1091A000F08100E025E0A4F8065184F8FE506188C3
:1091B000FE480A460844B0FBF1F0A4F890004BF6D4
:1091C0008030A4F89200E3883846FFF7EAFE214693
:1091D0003846FFF70EFFFAF7F9F920B1D4F80E0080
:1091E000FFF72DFF10B184F88851D8E784F8886123
:1091F000D5E74188B4F8B831B4F8B4213846BDE8B1
:10920000F041CEE6437E0BB1252B01D912207047E9
:109210002AB14B7B2BB1012B05D01F2070470020BA
:10922000704700F0EEB900F092B910B500231A466D
:1092300003E0845C2343521CD2B28A42F9D30BB1BF
:10924000002010BD012010BD30B5134606E0CC183B
:10925000D51A14F8014C5B1E4455DBB2002BF6D135
:1092600030BD70B50E468CB0144601461D46102226
:109270006846FFF7E9FF1022314604A8FFF7E4FF34
:10928000684600F059FD08A94FF0100228461CB1AD
:10929000FFF7DAFF0CB070BDF4F74BF8FAE738B51A
:1092A00005460C466846FBF7B2FB002820D09DF926
:1092B00000002072E17E617294F90A100022411AC6
:1092C00000D5494295F82D308B4210DCFF2B0ED093
:1092D000E17A491CC9B2E17295F82E30994202D860
:1092E000A17A7F2903D1A0720020E07201221046EA
:1092F00038BD0C2813D00B2811D00D280FD01F28F3
:109300000DD020280BD0212809D0222807D02328CF
:1093100005D0242803D0262801D000207047012042
:10932000704710B5A2F10F030C2941D2DFE801F01C
:1093300006080D1215181C40243E272EAAB337E04C
:10934000072A37D0082A35D032E00C2A32D00B2A2F
:1093500030D02DE00D2A2DD02AE00C2B2AD927E081
:10936000103A0B2A26D923E0032B23D990F8380092
:10937000F0B11B2A1ED91BE0062A1BD018E01C2ABC
:1093800018D01D2A16D01E2A14D011E01F2A11D081
:10939000202A0FD0212A0DD0222A0BD0232A09D02F
:1093A000242A07D0262A05D002E003E00E2A01D0A5
:1093B000002010BD012010BD2DE9F0410C460546EE
:1093C00040F23577866805E0F8F7F7FF3946F8F799
:1093D000C8FCA8602846F9F7A5F90028F4D08CB19C
:1093E0003046A968F9F7EAFC00280BDD2044401E4E
:1093F000B0FBF4F707FB04F13046F8F7B2FCA860C5
:109400003846CCE60020CAE670B5044690420BD23E
:10941000101B642800D2642025188D4205D8042131
:10942000F9F7FFFC08B1284670BD204670BD11F069
:109430000C0F19D04A074FF41671002A03DA00BF47
:109440004FF0100201E04FF0400201DA4FF09601B8
:1094500001F5BC71A0EB0103884202D993FBF2F045
:1094600000E0002080B27047022904D06FF00D01A7
:1094700001EBD000F6E76FF00E0101EB9000F1E791
:109480000844184498300AB1042100E0002108443F
:10949000704701207047106808667047C10701D007
:1094A00001207047810701D502207047400701D590
:1094B00008207047002070472DE9F0410546164608
:1094C00088460124084600F054FA0746404600F05A
:1094D00052FA0346FFF7E2FF02463846FFF7DEFF87
:1094E00052EA000100D10024990700D10022B907F7
:1094F00000D1002095F86410914200D10022327012
:1095000095F86510814200D10020707072B968B979
:10951000404600F032FAB5F87010401A00B247F633
:10952000FE71884201DC002800DC0024204636E67B
:1095300010B540F6C4125410012903D0022902D0FC
:10954000FFDF02E008B1104610BD204610BDF0B5A7
:109550000C7C8B7BCD7B5C404B7C02886B4044EA6F
:109560000324467E62400023D5B2120A95FAA5F57F
:1095700092FAA2F22D0E120E45EA022202EB02121C
:109580005B1C2244DBB292B2032BEDD36240252355
:10959000B2FBF3F403FB142301EBD304837603F053
:1095A00007070125247A05FA07F701E0FFDB05002C
:1095B0003C4201D0C3761AE05643320C521CD2B260
:1095C000002403191B7D934213D300230E19367A0E
:1095D00005FA03F73E4201D0521ED2B222B15B1C03
:1095E000DBB2082BF4D306E003EBC401C176002004
:1095F000F0BDD21AD2B2641CE4B2052CE1D31F2014
:10960000F0BDF0B5837E0C7E012504FB02322523DC
:10961000B2FBF3F403FB142201EBD204827602F0D6
:109620000703247A05FA03F31C4201D0C2761EE038
:10963000437EB2FBF3F403FB1422521CD2B200238C
:10964000C418247D944214D30024CE1896F80860E0
:1096500005FA04F73E4201D0521ED2B222B1641C78
:10966000E4B2082CF4D306E004EBC301C176002079
:10967000F0BD121BD2B25B1CDBB2052BE0D31F2066
:10968000F0BD000030B50546007801F00F0220F073
:109690000F0010432870092912D2DFE801F00507F6
:1096A00005070509050B0F0006240BE00C2409E053
:1096B000222407E001240020E87003E00E2401E0EA
:1096C0000024FFDF6C7030BD007800F00F007047A1
:1096D0000A6840F8032F8988818070470A6840F83B
:1096E000092F8988818070470278402322F0400248
:1096F00003EA81110A4302707047027822F0800267
:1097000042EAC1120270704770B514460E46054613
:109710001F2A00D9FFDF2246314605F10900F3F781
:1097200008FEA41D6C7070BD70B514460E4605464B
:109730001F2A00D9FFDF2246314605F10900F3F761
:10974000F8FDA41D6C7070BD30B5017801F00F01FB
:10975000032920D0052921D14578B0F81910B0F897
:109760001B40B0F81730827D222D17D1062915D362
:109770004FF44865A94211D8B4F5FA7F0ED26AB108
:10978000082A0BD88A4209D28B4207D8B0F81D00AC
:10979000A84205D902E040780C2801D0002030BD55
:1097A000012030BD4078704700B5027801F0030316
:1097B00022F003021A430270012905D0022903D0C6
:1097C000032903D0FFDF00BD002100E0012141702B
:1097D00000BD00B5027801F0030322F003021A4332
:1097E0000270012905D0022903D0032903D0FFDF2D
:1097F00000BD002100E00121417000BD007800F0B3
:1098000003007047417841B1C078192803D2704AEB
:10981000105C884201D1012070470020704730B5AC
:1098200001240546C170192902D26948445C02E04E
:10983000FF2900D0FFDF6C7030BD70B514460E46B6
:1098400005461B2A00D9FFDF6C7022463146E81C12
:10985000BDE87040F3F76DBDB0F807007047B0F891
:1098600009007047B0F80B00704770B5B0F80720DA
:10987000B0F80940B0F805300179951F40F67A46F6
:10988000B54210D8B4F5FA7F0DD261B108290AD8D3
:10989000914208D2934206D8B0F80B00B0F5486F59
:1098A00001D8012070BD002070BD42680A60007AB6
:1098B00008717047B0F80900704700797047426836
:1098C0000A6080684860704780890880704750F857
:1098D0000E2F0A60406848607047D0F81600086094
:1098E00070470A6842604968816070470968C160D2
:1098F00070470079704742680A6080684860704726
:109900000171090A417170478171090AC17170477B
:109910000172090A417270478172090AC172704767
:1099200080887047C08870470089704740897047B9
:1099300001891B290CD341894FF4A472914207D3AA
:1099400081881B2904D3C088904201D3012070472D
:10995000002070470A684260496881607047017959
:10996000490704D04079400701D00120704700200A
:1099700070470079704740797047C08870470CB5D0
:1099800014A2D2E90012CDE900120179407901F068
:10999000070269461DF80220012A04D800F00700DA
:1099A000085C012801D900200CBD01200CBD01710B
:1099B000704700797047417170474079704730B502
:1099C0000C460546FB2900D9FFDF6C7030BD000056
:1099D000C0B20100000101020102020310B58C882F
:1099E0000A894B88C988A0F84430A0F84810A0F82C
:1099F0004640A0F84A2010BD10B5029C8181C2816A
:109A00000382448210BD1B2202838282C281828132
:109A100042800281028042848284828300290AD1AA
:109A20004FF4A4714183C18241820182C18041818E
:109A30008180C18401857047F0B5B0F84830818FCE
:109A4000458EC48E8B4200D30B46B0F84A10B0F856
:109A50004020914200D20A464386C286068F478F35
:109A600000F130019E4200D21E46974200D21746B6
:109A70000E814F81AB4201D1A24201D0012400E00E
:109A80000024B0F84420C38F068E858E9A4200D3FE
:109A90001A46B0F84670B0F842309F4200D23B46BA
:109AA00090F85A70022F08D1964200D232469D4259
:109AB00000D22B46002780F85A700A808B80B24271
:109AC00001D1AB4201D0012000E000202043F0BDD5
:109AD000508088899080C889D080088A1081488AFF
:109AE000508101201070704770B502884A80048E42
:109AF0008C80838ECB80428E0A81C58E4D81B0F8DA
:109B00005660AE420BD1B0F85250954207D1B0F832
:109B100058509D4203D1B0F85430A34201D00123E4
:109B200000E000230B73A0F852204A89A0F85620C9
:109B30008A88A0F85420CA88A0F85820012008700C
:109B400070BD70B50C46088E91F8641000F016F8E0
:109B5000A18E0546A94200D20D46208F94F86510CB
:109B600000F00CF8618F814200D208460146284679
:109B7000BDE8704000221346FFF782BC11F00C0FC5
:109B800004D04FF4747101EB801006E0022902D07A
:109B9000C000703001E080003C3080B270470000AF
:109BA0002DE9F0410C4612490D68114A114908325D
:109BB0001160A0F12001312901D301200CE04128DE
:109BC00010D040CC0C4F94E80E0007EB8000241F0F
:109BD00050F8807C3046B84720600548001D05607D
:109BE000BDE8F081204601F0B9F8F5E7062070479E
:109BF0001005024001000001DCB2010010B555481B
:109C0000F9F704FD00B1FFDF5248401CF9F7FEFCF4
:109C1000002800D0FFDF10BD2DE9F14F4E4E82B07D
:109C2000D6F800B001274B48F9F7F8FCDFF824819B
:109C300020B9002708F10100F9F706FD474C00257F
:109C40004FF0030901206060C4F80051C4F80451CA
:109C5000029931602060DFF808A11BE0DAF800000B
:109C6000C00617D50E2000F068F8EFF3108010F052
:109C7000010072B600D001200090C4F80493D4F81B
:109C8000000120B9D4F8040108B901F071F8009876
:109C900000B962B6D4F8000118B9D4F8040100285C
:109CA000DCD0D4F804010028CCD137B1C6F800B01C
:109CB00008F10100F9F7B2FC11E008F10100F9F731
:109CC000ADFC0028B6D1C4F80893C4F80451C4F818
:109CD00000510E2000F031F81E48F9F7B5FC0020C5
:109CE000BDE8FE8F2DE9F0438DB00D4606460024F9
:109CF0000DF110090DF1200818E000BF04EB440736
:109D0000102255F827106846F3F713FB05EB870779
:109D1000102248467968F3F70CFB6846FFF77CFF92
:109D200010224146B868F3F704FB641CB442E5DB3B
:109D30000DB00020BDE8F0836EE7002809DB00F0DD
:109D40001F02012191404009800000F1E020C0F88D
:109D5000801270476C01002004E5004000E00040E4
:109D600010ED00E0B64900200870704770B5B54DA1
:109D700001232B60B44B1C68002CFCD0002407E0AE
:109D80000E6806601E68002EFCD0001D091D641CB4
:109D90009442F5D30020286018680028FCD070BDDC
:109DA00070B5A74E0446A94D3078022800D0FFDFD9
:109DB000AC4200D3FFDF7169A548012903D847F2FF
:109DC0003052944201DD03224271491C7161291B0A
:109DD000C1609F49707800F030F9002800D1FFDFA2
:109DE00070BD70B5964C0D466178884200D0FFDF9B
:109DF000964E082D4BD2DFE805F04A041E2D4A4A44
:109E00004A382078022800D0FFDF03202070A07895
:109E1000012801D020B108E0A06800F041FD04E075
:109E200004F1080007C8FFF7A1FF05202070BDE876
:109E30007040F8F7C0B9F8F7C0FA01466068F8F763
:109E4000BDFFB04202D2616902290BD30320F9F7AA
:109E50000EFB12E0F8F7B1FA01466068F8F7AEFFC2
:109E6000B042F3D2BDE870409AE7207802280AD0C9
:109E7000052806D0FFDF04202070BDE8704000F008
:109E8000D2B8022000E00320F9F7F1FAF3E7FFDF90
:109E900070BD70B50546F8F790FA694C606020789F
:109EA000012800D0FFDF6A490120087000200871F6
:109EB00004208D6048716548C86002202070607879
:109EC00000F0BBF8002800D1FFDF70BD10B55C4C7E
:109ED000207838B90220F9F7E0FA18B90320F9F729
:109EE000DCFA08B1112010BD5A48F8F7E1F96070AA
:109EF0001F2804D0012020700020606110BD0320C5
:109F000010BD2DE9F0471446054600EB84000E46CF
:109F1000A0F1040800F0D7FC07464FF0805001691B
:109F20004F4306EB8401091FB14201D2012100E039
:109F3000002189461CB10069B4EB900F02D90920B9
:109F4000BDE8F0872846E7F76FF990B9A84510D328
:109F5000BD4205D2B84503D245EA0600800701D0CC
:109F60001020EDE73046E7F75FF910B9B9F1000FBF
:109F700001D00F20E4E7384838490068884205D00E
:109F8000224631462846FFF7F1FE1AE0FFF79EFF12
:109F90000028D5D12A4800218560C0E9036481707A
:109FA000F9F7DDFA08B12E4801E04AF2F870604393
:109FB0004FF47A7100F2E730B0FBF1F01830FFF7A0
:109FC00068FF0020BCE770B505464FF0805004697B
:109FD0006C432046E7F728F908B10F2070BD00F068
:109FE00072FCA84201D8102070BD1B481B490068B4
:109FF000884203D0204600F053FC10E0FFF766FFD4
:10A000000028F1D10E48012184608170F9F7A7FA88
:10A0100008B1144800E014481830FFF73AFF002058
:10A0200070BD00F053BE10B5054C6078F8F7A2F98A
:10A0300000B9FFDF0020207010BDF8F7EFBB000073
:10A040007001002004E5014000E40140105C0C00B8
:10A050008C0F0020E39D010058000020BEBAFECA0C
:10A0600050280500645E0100A85B01007149096881
:10A070000160002070476F4908600020704701218F
:10A080008A0720B1012804D042F20400704791678A
:10A0900000E0D1670020704767490120086042F264
:10A0A0000600704708B50423634A1907103230B11F
:10A0B000C1F80433106840F0010010600BE0106834
:10A0C00020F001001060C1F808330020C1F8080139
:10A0D0005A4800680090002008BD011F0B2909D8CC
:10A0E000554910310A6822F01E0242EA4000086019
:10A0F0000020704742F205007047000100F18040E7
:10A10000C0F8041900207047000100F18040C0F839
:10A11000081900207047000100F18040D0F80009C4
:10A12000086000207047012801D907207047444A81
:10A1300052F8200002680A4302600020704701289C
:10A1400001D9072070473E4A52F8200002688A432E
:10A15000026000207047012801D907207047384A63
:10A1600052F820000068086000207047020035495E
:10A170004FF0000003D0012A01D0072070470A6089
:10A18000704708B54FF40072510510B1C1F80423AF
:10A1900008E0C1F808230020C1F8240127481C303A
:10A1A00000680090002008BD08B58022D10510B1DC
:10A1B000C1F8042308E0C1F808230020C1F81C01FD
:10A1C0001E48143000680090002008BD08B54FF408
:10A1D0008072910510B1C1F8042308E0C1F808238A
:10A1E0000020C1F8200115481830006800900020B8
:10A1F00008BD10493831096801600020704770B50A
:10A200004FF080450024C5F80841F9F7B4F910B9BA
:10A21000F9F7BBF928B1C5F82441C5F81C41C5F8C8
:10A2200020414FF0E020802180F800140121C0F887
:10A23000001170BD0004004000050040080100400E
:10A24000A0B30100780500406249634B0A68634986
:10A250009A42096801D1C1F31001016000207047E2
:10A260005C495D4B0A685D49091D9A4201D1C0F302
:10A2700010000860002070475649574B0A6857493C
:10A2800008319A4201D1C0F31000086000207047E5
:10A2900030B5504B504D1C6842F20803AC4202D01E
:10A2A000142802D203E0112801D3184630BDC300A0
:10A2B0004B481844C0F81015C0F81425002030BDD4
:10A2C0004449454B0A6842F209019A4202D00628E5
:10A2D00002D203E0042801D308467047404A012116
:10A2E00042F83010002070473A493B4B0A6842F26E
:10A2F00009019A4202D0062802D203E0042801D3C1
:10A3000008467047364A012102EBC0004160002038
:10A31000704770B52F4A304E314C156842F2090330
:10A3200004EB8002B54204D0062804D2C2F800181B
:10A3300007E0042801D3184670BDC1F31000C2F82D
:10A340000008002070BD70B5224A234E244C1568C9
:10A3500042F2090304EB8002B54204D0062804D27D
:10A36000D2F8000807E0042801D3184670BDD2F8DF
:10A370000008C0F310000860002070BD174910B538
:10A380000831184808601120154A002102EBC0036B
:10A39000C3F81015C3F81415401C1428F6D3002078
:10A3A00006E0042804D302EB8003C3F8001807E09A
:10A3B00002EB8003D3F80048C4F31004C3F800484C
:10A3C000401C0628EDD310BD04490648083108603A
:10A3D0007047000058000020BEBAFECA00F50140D8
:10A3E00000F001400000FEFF814B1B6803B198475D
:10A3F000BFF34F8F7F4801687F4A01F4E06111434A
:10A400000160BFF34F8F00BFFDE710B5EFF3108081
:10A4100010F0010F72B601D0012400E0002400F01A
:10A42000DDF850B1E6F7A4FFF7F761FDF8F7C1FFDB
:10A43000F9F7E2FC71490020086004B962B6002017
:10A4400010BD2DE9F0410C460546EFF3108010F0E9
:10A45000010F72B601D0012600E0002600F0BEF820
:10A4600020B106B962B60820BDE8F08100F006FD13
:10A47000E6F782FF0246002001234709BF0007F1EB
:10A48000E02700F01F01D7F80071CF40F9071BD07B
:10A49000202803D222FA00F1C90727D141B20029AE
:10A4A00004DB01F1E02191F8001405E001F00F0157
:10A4B00001F1E02191F8141D4909082916D203FA87
:10A4C00001F717F0EC0F11D0401C6428D5D3F9F731
:10A4D00071FC4B4A4B490020F9F7B4FC47494A4804
:10A4E00008602046E6F7A7FE60B904E006B962B648
:10A4F00041F20100B8E73E4804602DB12846E6F776
:10A50000E7FE18B1102428E0404D19E02878022811
:10A5100002D94FF4805420E007240028687801D045
:10A52000D8B908E0C8B1202817D8A878212814D8AD
:10A53000012812D001E0A87878B9E8780B280CD867
:10A54000E6F71AFF2946F8F71AFFF7F78FFC00F035
:10A55000EDF92846E6F7DAFE044606B962B61CB104
:10A56000FFF753FF20467FE700207DE710B5044644
:10A5700000F034F800B101202070002010BD244903
:10A5800008600020704770B50C4622490D682149CB
:10A59000214E08310E60102807D011280CD0122847
:10A5A0000FD0132811D0012013E0D4E90001FFF7E8
:10A5B00048FF354620600DE0FFF727FF00252060AB
:10A5C00008E02068FFF7D2FF03E011492068086027
:10A5D000002020600F48001D056070BD07480A4933
:10A5E0000068884201D101207047002070470000B8
:10A5F000880100200CED00E00400FA05580000205E
:10A600004810002000000020BEBAFECAA8B3010016
:10A6100004000020100502400100000100B585493A
:10A6200010F1080F19D00CDC10F1280F1DD010F11B
:10A63000140F18D010F1100F13D010F10C0F08D117
:10A640000DE010F1040F06D080B103280ED00428CD
:10A650000CD0FFDF00BDFC2008E0F82006E0F4206D
:10A6600004E0F02002E0EC2000E0D820086000BD0B
:10A67000704900B5091D012803D0022803D0FFDF6F
:10A6800000BD032000E00420086000BD2DE9F0417A
:10A6900005460C4617461046F9F76CFD4FF47A76DE
:10A6A000022C10D0012C10D040F63401441838464A
:10A6B000F9F7C5FD204449F679710844B0FBF6F07E
:10A6C000281ABDE8F0813146F0E74FF4C861EDE7A4
:10A6D00070B505460C460846FAF7F4FA022C10D07D
:10A6E000012C11D04FF4AF5149F6CA62511A0844F7
:10A6F0004FF47A7100F2E140B0FBF1F0281A801EAD
:10A7000070BD40F24C41EFE740F63401ECE770B524
:10A71000064615460C460846FAF7D4FA4FF47A7105
:10A7200040F63402022D11D0012D11D01346022C17
:10A7300011D0012C01D04FF4AF529A1A104449F6AF
:10A74000FC621044B0FBF1F0301A70BD0B46EEE72E
:10A750004FF4C863EBE740F24C42EEE770B50446B5
:10A760000E460846F9F706FD05463046F9F767FD3F
:10A7700028444AF2AB3108444FF47A71B0FBF1F04F
:10A78000201A801E70BD2DE9F04106461D460C467C
:10A790001746104600F045F806EB4601C1EBC6111E
:10A7A00000EBC100022C15D0012C16D04FF4AF5194
:10A7B00046182046FAF786FA301A4FF47A7100F6F6
:10A7C000B730B0FBF1F43846F9F741FD2044284496
:10A7D000401D76E740F24C41EAE740F63401E7E7F6
:10A7E00070B5044615460E460846F9F7C3FC04EB5F
:10A7F0004401C1EBC411C0EBC1043046F9F71FFDA1
:10A80000241A284600F00DF820444FF47A7100F61F
:10A81000B730B0FBF1F42846F9F719FD2044401D8C
:10A8200070BD082803D0042801D0F9F7A3BC4EF668
:10A83000283070470C150040F0B585B00C46054631
:10A84000FEF7DCFF07466E78204603A96A46F5F757
:10A8500004FA81198EB258B1012F02D0032005B03D
:10A86000F0BD204604AA0399F5F719F9049D01E00B
:10A87000022F0FD1ED1C042E0FD32888BDF8001035
:10A88000001D80B2884201D8864202D14FF00000FC
:10A89000E5E702D34FF00200E1E74FF00100DEE709
:10A8A0000B4A022111600B490B68002BFCD0084BAE
:10A8B0001B1D186008680028FCD000201060086884
:10A8C0000028FCD070474FF080504069704700006E
:10A8D00004E5014000E4014002000B464FF0000097
:10A8E000014620D0012A04D0022A04D0032A0DD127
:10A8F00003E0012002E0022015E00320072B05D22F
:10A90000DFE803F00406080A0C0E10000720704769
:10A91000012108E0022106E0032104E0042102E015
:10A92000052100E00621F7F7E4BC0000E24805211C
:10A9300081700021017041707047E0490A78012A56
:10A9400005D0CA681044C8604038F8F704BA8A686D
:10A9500010448860F8E7002819D00378D849D94A0C
:10A9600013B1012B0ED011E00379012B00D06BB98C
:10A9700043790BB1012B09D18368643B8B4205D22B
:10A98000C0680EE00379012B02D00BB100207047A4
:10A9900043790BB1012BF9D1C368643B8B42F5D2EB
:10A9A00080689042F2D801207047C44901220A70A1
:10A9B000027972B100220A71427962B104224A71AD
:10A9C000826852328A60C068C860BB4902208870C1
:10A9D00070470322EFE70322F1E770B5B74D044655
:10A9E00000202870207988B100202871607978B122
:10A9F0000420B14E6871A168F068F7F7B2F9A86059
:10AA0000E0685230E8600320B07070BD0120ECE7D0
:10AA10000320EEE72DE9F04105460226F8F7C5F8D8
:10AA2000006800B1FFDFA44C01273DB12878B8B120
:10AA3000012805D0022811D0032814D027710DE079
:10AA40006868C82808D30421F8F7EBF920B16868D2
:10AA5000FFF773FF012603E0002601E000F014F980
:10AA60003046BDE8F08120780028F7D16868FFF70C
:10AA700072FF0028E2D06868017879B1A0780428D4
:10AA800000D0FFDF01216868FFF7A7FF8B49E0785E
:10AA900000F003F90028E1D1FFDFDFE7FFF785FFD2
:10AAA0006770DBE72DE9F041834C0F46E17888427F
:10AAB00000D0FFDF00250126082F7DD2DFE807F058
:10AAC000040B28283D434F57A0780328C9D00228FB
:10AAD000C7D0FFDFC5E7A078032802D0022800D046
:10AAE000FFDF0420A07025712078B8BB0020FFF79D
:10AAF00024FF72480178012906D08068E06000F0E8
:10AB0000F9F82061002023E0E078F7F782FDF5E70F
:10AB1000A078032802D0022800D0FFDF207880BB75
:10AB2000022F08D05FF00500F8F7A1FCA0780328F9
:10AB300040D0A57095E70420F6E7A078042800D05F
:10AB4000FFDF022004E0A078042800D0FFDF01200E
:10AB5000A1688847FFF75EFF054633E003E0A07871
:10AB6000042800D0FFDFBDE8F04100F08DB8A078E8
:10AB7000042804D0617809B1022800D0FFDF2078D2
:10AB800018B1BDE8F04100F08AB8207920B1062064
:10AB9000F8F76DFC25710DE0607840B14749E07829
:10ABA00000F07BF800B9FFDF65705AE704E007208A
:10ABB000F8F75DFCA67054E7FFDF52E73DB1012DC9
:10ABC00003D0FFDF022DF9D14BE70420C0E70320BB
:10ABD000BEE770B5050004D0374CA078052806D133
:10ABE00001E0102070BD0820F8F757FC08B11120D3
:10ABF00070BD3548F7F75CFBE0701F2806D00121D7
:10AC0000F8F730FA0020A560A07070BD032070BD79
:10AC1000294810B5017809B1112010BD81780529A6
:10AC200006D0012906D029B101210170002010BDF4
:10AC30000F2010BD00F033F8F8E770B51E4C054644
:10AC4000A07808B1012809D155B12846FFF783FE45
:10AC500040B1287840B1A078012809D00F2070BDFC
:10AC6000102070BD072070BD2846FFF79EFE03E050
:10AC700000212846FFF7B1FE1049E07800F00DF8FA
:10AC800000B9FFDF002070BD0B4810B5006900F06F
:10AC900029F8BDE81040F7F78EBAF7F7BFBD0648B0
:10ACA00010B5C078F7F766FB00B9FFDF0820F8F7AA
:10ACB000DEFBBDE8104039E68C0100209C0F00202F
:10ACC0003D860100FF1FA107A5AA010010B5134C86
:10ACD0002060201D0160114810300260001D0360DB
:10ACE000002010BD0E490A6848F202139A4302433D
:10ACF0000A6070470A4A116848F2021301EA030029
:10AD0000994311607047054B02465B421020134483
:10AD1000FC2B01D8116000207047000000060040A5
:10AD2000C806024070477047704700001EF0040FCD
:10AD30000CBFEFF30880EFF30980014A10470000D1
:10AD40005F3E010001B41EB400B5F8F7A9FD01B4DF
:10AD50000198864601BC01B01EBD0000826903490E
:10AD600081614FF0010010447047000045AD0100C3
:10AD70000FF20C0000F10000694641F8080C20BFFA
:10AD800070470000FEDF18490978F9B904207146C0
:10AD900008421BD10699154A914217DC06990229EF
:10ADA00014DB02394878DF2810D10878FE2807D054
:10ADB000FF280BD14FF001004FF000020C4B184759
:10ADC00041F201000099019A094B1847094B002BE9
:10ADD00002D01B68DB6818474FF0FF3071464FF018
:10ADE0000002034B1847000028ED00E000C00100FE
:10ADF000E9A3010004000020174818497047FFF735
:10AE0000FBFFE6F7CBF900BD1548164909688842F3
:10AE100003D1154A13605B68184700BD20BFFDE7EA
:10AE20000F4810490968884210D1104B18684FF03C
:10AE3000FF318842F2D080F308884FF02021884209
:10AE400004DD0B48026803210A4302600948804779
:10AE500009488047FFDF0000B00F0020B00F00203E
:10AE600000100000000000200400002000C00100CD
:10AE700014090040DD2F000009AE0100F0B4404687
:10AE8000494652465B460FB402A0013001B5064860
:10AE9000004700BF01BC86460FBC804689469246EB
:10AEA0009B46F0BC70470000091100000420714669
:10AEB000084202D0EFF3098101E0EFF308818869CD
:10AEC00002380078102813DB20280FDB2C280BDB3E
:10AED0000A4A12680A4B9A4203D1602804DB094AE5
:10AEE0001047022008607047074A1047074A10477A
:10AEF000074A12682C3212681047000058000020E0
:10AF0000BEBAFECA7D130000A19B010087A5010007
:10AF1000040000200D4B0E4908470E4B0C49084712
:10AF20000D4B0B4908470D4B094908470C4B084985
:10AF300008470C4B064908470B4B054908470B4B84
:10AF4000034908470A4B02490847000019AC0000B2
:10AF500059B00000A52F00000BA8000099A7000021
:10AF6000A1AE0000991300004D7700001DB0000055
:10AF70002DAD01005F8200000784000065850000A0
:10AF8000C98500000386000037860000698600003E
:10AF90009986000021870000478300008985000012
:10AFA00013120000C12100000B2200006F220000DC
:10AFB000F522000011240000D32400000525000024
:10AFC000E3250000CB2600001F270000A12700007A
:10AFD000C1270000B92D0000DD2D0000FD2C000070
:10AFE000592D00000F2E0000A32E00002F3D000061
:10AFF000093E00003D4100003D420000B342000018
:10B000001D4300008143000017120000754400003A
:10B01000E1440000E3270000E927000017120000C8
:10B02000171200001712000017120000F32700008B
:10B030002B280000A12800001712000017120000A2
:10B040002D22000087290000A9290000F529000011
:10B05000131200001312000013120000131200005C
:10B06000EF5200007553000091530000AD530000F3
:10B070003B550000D7530000E1530000235400006B
:10B0800045540000215500006355000013120000D4
:10B0900013120000676E0000876E0000916E0000C2
:10B0A000CB6E0000F96E0000E96F000077700000C1
:10B0B0008B700000D9700000EF71000095730000E4
:10B0C000BD740000E95D0000D5740000131200009B
:10B0D00013120000A1A0000003A200005DA2000066
:10B0E000D7A2000083A30000100110013A02000063
:10B0F0001A0200040506000007000000FFFFFFFF22
:10B100000000FFFFE39C0000BF1C0000934E000006
:10B11000335E0000E97A000000000000A17D00001D
:10B120007D7D00008F7D0000000002000000000017
:10B13000000200000000000000010000000000000C
:10B14000136C0000F36B0000616C00007152000092
:10B150003352000053520000219400003994000043
:10B160004396000041370000816C000000000000A1
:10B17000B16C0000BF5200000000000000000000A1
:10B18000000000002395000000000000C13700000F
:10B19000555555D6BE898E0000006406640C6412B5
:10B1A00000000803AC055008000054044408340CA7
:10B1B00075DF0000DDE00000D7DE000073DF000077
:10B1C0001B5D0100ABE1000000000000480800002A
:10B1D0004808000051350000513500009B21000057
:10B1E000439B0000B7600000A34D0000F97301000D
:10B1F0008135000081350000BF210000D59B000093
:10B200003F610000174E00000F74010070017001D3
:10B21000400038005C002400200200000300656C40
:10B220007462000000000000000000000000000048
:10B230000000870000000000000000000000000087
:10B240000000BE83605ADB0B376038A5F5AA9183F6
:10B25000886C0000010000008B0801005D170100F0
:10B2600000000001020603040500000007000000C2
:10B2700000000000060000000A000000320000008C
:10B2800073000000B4000000F401FA0096006400AE
:10B290004B0032001E0014000A00050002000100ED
:10B2A0000041000000000000AB830100E5870100C1
:10B2B0008F870100BD830100000000002989010083
:10B2C0000C0802170D010102090901010602091803
:10B2D00018030101090903030500000049A2010048
:10B2E00061A2010079A2010091A20100C1A20100A6
:10B2F000E9A2010013A3010047A30100C79F0100B9
:10B30000039F010023A0010007AD01000D360100DD
:10B310001D360100493601001B37010023370100AB
:10B32000353701007FA0010099A001006DA0010048
:10B3300077A00100A5A00100DBA00100ED9B0100AA
:10B34000FBA0010009A1010017A1010027A1010034
:10B350003FA1010057A101006DA10100ED9B01007B
:10B3600000000000B7A900000DAA000023AA0000F9
:10B37000D9A80100199C0100E59C0100D3AB010094
:10B3800011AC01003BAC0100113401005D3901003A
:10B3900083A10100A9A10100CDA10100F3A1010039
:10B3A0001C0500402005004000100200CCB3010045
:10B3B00008000020980100004411000000B40100C2
:10B3C000A0010020100E00008011000001150545AD
:10B3D000481000200519A40500203601000100884E
:10B3E0003720FB349B5F80041F8000100D9DCB092C
:10B3F0000020880900200E0A0020024810000000EA
:10C0000000000220A1700300C9700300CB70030080
:10C01000CD700300CF700300D1700300000000005A
:10C02000000000000000000000000000D3700300CA
:10C03000D570030000000000D7700300D970030022
:10C04000DB700300616A0200416F0300056F0300AB
:10C05000196F0300DB7003001D5803003147030014
:10C060002D6B0300356B03003D6B0300DB70030099
:10C07000DB700300DB700300DB700300DB70030088
:10C08000DB70030081780300DB700300DB700300CA
:10C09000DB700300DB700300A5AF0300DB7003005F
:10C0A000DB700300DB700300456B03004D6B030086
:10C0B000DB700300DB7003000000000000000000E4
:10C0C000DB700300DB700300DB7003002D6F0300E7
:10C0D000DB700300DB700300DB700300DB70030028
:10C0E000696F030000000000000000000000000075
:10C0F00000000000DB70030000000000556F03002B
:10C10000000000000000000000000000000000002F
:10C11000000000000000000000000000000000001F
:10C12000000000000000000000000000000000000F
:10C1300000000000000000000000000000000000FF
:10C1400000000000000000000000000000000000EF
:10C1500000000000000000000000000000000000DF
:10C1600000000000000000000000000000000000CF
:10C1700000000000000000000000000000000000BF
:10C1800000000000000000000000000000000000AF
:10C19000000000000000000000000000000000009F
:10C1A000000000000000000000000000000000008F
:10C1B000000000000000000000000000000000007F
:10C1C000000000000000000000000000000000006F
:10C1D000000000000000000000000000000000005F
:10C1E000000000000000000000000000000000004F
:10C1F000000000000000000000000000000000003F
:10C200002DE9F04F85B003910778A7F10903042BBE
:10C21000044607F07F0200F10100F5D9202AF3D08F
:10C220002B2F04BF677804462D2F75D09FED427BDE
:10C230008DED007B4FF000084FF000099FB34FF0E9
:10C24000000C25464FF0000ADFF8FCB0644619E008
:10C2500025F092FA80468946304625F023FA424678
:10C260004B4625F0D3F85246804689465B46DDE9C9
:10C2700000013CB325F0AAFBCDE90001A44615F866
:10C28000017F7FB1A7F13006092E52465B4640463A
:10C290004946DDD9CCB92E2F17D115F8017F0124DD
:10C2A000002FEFD12C4642464B46DDE9000125F038
:10C2B00063FA80468946039B404649461C6005B0A8
:10C2C000BDE8F08F4FF0010CD9E72C46BCF1000F10
:10C2D00029D042464B46DDE9000125F04DFA07F032
:10C2E000DF07452F80468946E5D10399681C0A225D
:10C2F00025F05AF814490246002025F09DFD02461B
:10C300000B464046494625F037FA80468946404666
:10C31000494605B0BDE8F08F9FED097B67788DED4C
:10C32000007B013486E7DFF824904FF00008404698
:10C33000494605B0BDE8F08F000000000000F03F66
:10C34000000000000000F0BF000024400000F87F63
:10C350002DE9F0470023144600228046894625F047
:10C360007DFC28B109F1004399462D232370013447
:10C37000002200234046494625F066FC28B13022C1
:10C38000002322706370BDE8F0874046494622F0E2
:10C3900043FD25F0A1FC73A3D3E9002307464946DA
:10C3A000404625F05BFC00284ED170A3D3E9002362
:10C3B0004046494625F070FC002845D10E2F07F174
:10C3C000010540F3B980A7F10E063246002062490C
:10C3D00025F032FD02460B464046494625F0F6FA66
:10C3E00000225E4B25F012F825F062FD002DA7F12A
:10C3F0000F0E4FF0010C4DDD594FDFF8788101220F
:10C4000045F6F3294FF02E0A494508BF40454FF045
:10C4100030030AD3B0EB080061EB0901494508BFBE
:10C42000404503F10103F5D2DBB2237050EA01036A
:10C4300004F101084AD1954252DD0132102A4FD051
:10C44000444677E90289DFE7002F33DB3A460020D4
:10C45000414925F0F1FC02460B464046494625F08D
:10C46000B5FA3BA3D3E9002380468946012500267F
:10C470004046494625F080F90022384B24F0C6FF9B
:10C4800025F016FD002DBC464FF0FF3E37464FF01D
:10C490000006B1DC234630224FF02E0803F8022BB1
:10C4A00084F80180FC4345D01C4403F8012BA342CF
:10C4B000FBD1A1E77A420020274925F0BDFC0246C6
:10C4C0000B464046494625F057F9CAE7954202F126
:10C4D000010204BF84F801A004F10208102AAFD1C0
:10C4E0006EB14246302102F8011BC2F101037344D0
:10C4F0004344002BF7DC2EEAEE7301339844BCF181
:10C50000010F12D0BCF1000F4FF0650388F8003026
:10C51000C5BF2B2388F8013008F1010108F10201A1
:10C520006046BDE8F04710F0B9BF002388F800303E
:10C53000BDE8F0871C465FE7C7F10E020020064900
:10C5400025F07AFC3E4602460B46012790E700BFE5
:10C550000000901EC4BCD642000024400000E03F12
:10C56000E82A04008DEDB5A0F7C6B03E50EFE2D644
:10C57000E41A4B4400407A1070B54FF0FF3005F0DC
:10C5800019FC04466FF07F4005F014FC0646204677
:10C5900025F078F800220C4B25F0EEF804463046E2
:10C5A0000D4625F06FF806A3D3E9002325F00EFA17
:10C5B00002460B462046294624F028FF70BD00BFE6
:10C5C0000000E0DFFFFF6F430000F03D00000000CF
:10C5D0002DE9F843436A044618680D4625F074F8BF
:10C5E000064668680F4625F05DF822F015FC636A80
:10C5F00095ED037AD3ED007A77EE677A8046894627
:10C6000017EE900A25F060F842464B4625F0B4F844
:10C6100007A3D3E9002325F0D9F932463B4624F09D
:10C62000F5FE25F0A1FBA063BDE8F883AFF3008021
:10C63000333333333333FF3F4389DA0700F151811A
:10C640002DE9F04F43F001034FF080424381D2F8CF
:10C65000003493B00546002B00F033810EF0EEFD60
:10C6600005F1B8031C460021284607930FF070F926
:10C67000204611F0E9FAA04C04F1F00654F8043F0A
:10C68000184613B11B681B689847B442F6D1284678
:10C6900009F00EF9994B079E0024CDE90E340EAB3C
:10C6A00093E8030010238DE803002246029340F232
:10C6B000FD312B4630460EF083FF914BCDE910340F
:10C6C00012AB13E90300C0238DE803000293642238
:10C6D0002B4640F2FD3130460EF072FF6A89894BDD
:10C6E000894942F48042E0246A81A02083F809430A
:10C6F0006022802483F80A0383F81A2383F81B231B
:10C7000083F8070383F81C0383F82143402083F850
:10C71000222305F2B472059283F8014383F80203E1
:10C7200083F806031046144614F098FD774907462F
:10C73000204614F093FD2B68754A5B68069093427F
:10C7400040F0CB80642011F0B7FC4FF0000A544653
:10C75000564605F5076B584614F016FA002840F0C7
:10C760008E80002F00F09980FF235246214605F667
:10C77000140016F057FE2B68654A5B68934240F040
:10C780009C80322011F098FC0134E4B2052C06F1B3
:10C79000010604D10AF1010A5FFA8AFA0024192E6F
:10C7A00078D0002FD7D05849059814F0A7FE384606
:10C7B00025F01AFD069825F017FD09F0C3F801468B
:10C7C00008A817F08DF91AF04DFA47A3D3E9002312
:10C7D0008046894625F018FB0AA8114617F06CF927
:10C7E00041A3D3E900234046494625F00DFB3EA373
:10C7F000D3E9002325F008FB0BA8114617F05CF9DC
:10C800003BA3D3E900234046494625F0FDFA014603
:10C810000CA817F051F90BAA0CA90DA817F0EEF906
:10C820000AAA0DA909A817F0E9F90DA817F024F92B
:10C830000CA817F021F90BA817F01EF90AA817F099
:10C840001BF905F10C08059A0092012309AA08A911
:10C8500040460193079B0DF083FE09A817F00CF9E1
:10C8600008A817F009F940465A4605F604010DF0EC
:10C870003DFC584614F088F900283FF472AF05F6E5
:10C88000880014F081F900283FF46BAF182E3FF7B1
:10C8900068AF69E7002F8AD085E7069B002B7FF4FD
:10C8A00063AF2B681A4A5B6893420FD10A2011F0DC
:10C8B00003FC069813B0BDE8F08F32212846984754
:10C8C00062E74FF47A7011F079FFC7E628460A2133
:10C8D0009847069813B0BDE8F08F64212846984722
:10C8E00033E70C48704700BF00CA9A3B00000000C5
:10C8F000000064A7B3B6E00D9C39002049B50200E2
:10C9000009B5020000E100E0CC3F0400084104004A
:10C91000B9B4020016FCFFFF2DE9F04F2DED028B9C
:10C92000044683B0C06824F0BDFE80462069894675
:10C9300024F0B8FE824660698B4624F0B3FE0246BE
:10C9400001F1004306460F464046494622F018F9D9
:10C9500025F00AFAE062054621F0CAFF0190284658
:10C9600021F07AFF019B0546184624F0ADFE4246B1
:10C970004B4624F001FF80462846894624F0A4FE59
:10C9800032463B4624F0F8FE02460B4640464946F6
:10C9900024F03AFD02460B465046594622F0F0F884
:10C9A00025F0E2F9002208EE100A0023304639464D
:10C9B00025F072F928B3B5EEC08AF1EE10FA1CDD4D
:10C9C00011A7D7E9006718EE100A24F07DFE024691
:10C9D0000B463046394624F017FD32463B4624F0DC
:10C9E00015FD25F0C1F9A062E38843F00203E3805E
:10C9F00003B0BDEC028BBDE8F08F05A7D7E9006757
:10CA0000E1E784ED0A8AEFE7EA2E4454FB21F93F7F
:10CA1000EA2E4454FB21F9BF08B512F041F9DFEDCD
:10CA20000C7A07EE100A67EE277A17EE900A24F0C8
:10CA30004BFE05A3D3E9002324F0C8FF25F04CF9F1
:10CA400008BD00BFAFF30080EA2E4454FB2119401B
:10CA50000000B4430000000008B512F035F9DFED26
:10CA60000C7A07EE100A67EE277A17EE900A24F088
:10CA70002BFE05A3D3E9002324F0A8FF25F02CF911
:10CA800008BD00BFAFF30080EA2E4454FB211940DB
:10CA90000000B4430000000070B52DED068B044685
:10CAA00084B0406CDFED34AA12F00EF90646606CDB
:10CAB00012F0F6F802222146054601A812F04CFABF
:10CAC000DDED027AB8EEE78ADDED037A3046B8EEA6
:10CAD000E79A21F00DFF0AEE100A304621F0BCFE65
:10CAE00009EE900A284621F003FF08EE900A284636
:10CAF00021F0B2FE68EE287A9DED017A06EE900AEA
:10CB0000B8EEC77A67EE8A7A29EEC88AE7EE267A07
:10CB100069EE288AA9EE0A8AE8EEA97A18EE101AB8
:10CB200017EE900A22F0BCFA07EE900A67EEAA7A96
:10CB300017EE900A24F0C8FD0DA3D3E9002324F0DA
:10CB400045FF25F011F9DFED0D7A07EE100A77EEBB
:10CB5000C77AF5EEC07AF1EE10FA48BF77EEAA7AFE
:10CB6000FDEEE77A17EE900A04B0BDEC068B70BDBF
:10CB7000EA2E4454FB2119400000B4430000B442A3
:10CB800000B585B00122014601A812F0E5F9DDEDFE
:10CB9000027AF8EEE77A17EE901ADDED017AF8EEF8
:10CBA000E77A17EE900A22F07BFADFED137A07EEB0
:10CBB000100A67EE277A17EE900A24F085FD0CA381
:10CBC000D3E9002324F002FF25F0CEF807EE900A07
:10CBD000F5EEC07AF1EE10FA44BF9FED087A77EED9
:10CBE000877AFDEEE77A17EE900A05B05DF804FB50
:10CBF000EA2E4454FB210940000034430000B443B2
:10CC0000494A21F0004393422DE9704304460D4602
:10CC100049DC464A93420E460EDC3FA3D3E900238B
:10CC200024F0F4FB0022424B25F036F800284AD0CD
:10CC300020462946BDE870833E4A934239DCB3F171
:10CC4000804F40DD21F0F6FC2246804689462B4687
:10CC50002046294624F090FD0022354B24F0D6FBD7
:10CC600022F096FD42464B4624F0D0FB02460B468E
:10CC700000202F4924F0AAFE424604460D464B46AA
:10CC80004046494624F0C2FB02460B462046294650
:10CC900024F0BCFB01F0A0FE002E08DC01F10043F3
:10CCA0001946BDE8708302460B4624F0AFFBBDE891
:10CCB000708321F0BFFC01F08FFE19A3D3E900239C
:10CCC00024F0A4FBE8E722462B462046294624F020
:10CCD00053FD804689462046294621F0ABFC0022C0
:10CCE00004460D46124B4046494624F08FFB22F085
:10CCF0004FFD00220E4B24F089FB02460B464046B6
:10CD0000494624F063FE22462B4624F07FFB00F0C8
:10CD1000A7FAC1E7AFF300809C7500883CE4377E3A
:10CD2000EF39FAFE422EE63FFFFFEF7FFFFF2F3E77
:10CD30000000F03F0000B0412DE9F84FBE4B21F05C
:10CD400000469E4204460D468A460EDDBB4B9E427F
:10CD500000F3B18000F0AC80BAF1000F40F3EA803C
:10CD600099A1D1E90001BDE8F88FB54B9E4200F3CF
:10CD7000BA80A3F1DE739E4240F3A5804FF0FF3BE3
:10CD800022462B462046294624F0F6FC02460B4656
:10CD90008046894624F0F0FC8DA3D3E900230646A3
:10CDA0000F4624F0E9FC8CA3D3E9002324F02EFBEA
:10CDB00032463B4624F0E0FC89A3D3E9002324F06B
:10CDC00025FB32463B4624F0D7FC87A3D3E900235A
:10CDD00024F01CFB32463B4624F0CEFC84A3D3E96E
:10CDE000002324F013FB32463B4624F0C5FC82A30B
:10CDF000D3E9002324F00AFB42464B4624F0BCFC56
:10CE00007FA3D3E90023804689463046394624F083
:10CE1000B3FC7DA3D3E9002324F0F6FA32463B4667
:10CE200024F0AAFC7AA3D3E9002324F0EDFA3246D9
:10CE30003B4624F0A1FC78A3D3E9002324F0E4FAD4
:10CE400032463B4624F098FC75A3D3E9002324F036
:10CE5000DBFA32463B4624F08FFC02460B46404646
:10CE6000494624F0D3FA22462B4624F085FCBBF138
:10CE7000FF3F02460B4661D0724B734E4FEACB0B1D
:10CE80005B44D3E9002324F0BFFA22462B4624F06A
:10CE9000BBFAB34402460B46DBE9000124F0B4FAC6
:10CEA000BAF1000F0DDA01F100431946BDE8F88F21
:10CEB00000283FF451AF22462B462046294624F055
:10CEC000A5FABDE8F88F58A3D3E9002324F09EFA11
:10CED00000225E4B24F0E0FE00283FF44FAF2046D6
:10CEE0002946BDE8F88F21F0A5FB594B9E42044628
:10CEF0000D4629DCA3F550239E424EDC02460B462C
:10CF000024F084FA0022514B24F07EFA00220646D7
:10CF10000F464FF080432046294624F077FA024618
:10CF20000B463046394624F051FD4FF0000B0446C5
:10CF30000D4625E73EA1D1E90001C2E7204629467A
:10CF400024F062FABDE8F88F424B9E421ADC0022C0
:10CF5000414B24F059FA002206460F463E4B20462C
:10CF6000294624F009FC0022384B24F04FFA0246EF
:10CF70000B463046394624F029FD4FF0020B04469B
:10CF80000D46FDE602460B460020344924F01EFD06
:10CF90004FF0030B04460D46F2E600222B4B24F023
:10CFA00033FA002206460F46284B2046294624F035
:10CFB0002DFA02460B463046394624F007FD4FF065
:10CFC000010B04460D46DBE6182D4454FB21F93FC6
:10CFD00011DA22E33AAD903FEB0D76244B7BA93F6B
:10CFE000513DD0A0660DB13F6E204CC5CD45B73F39
:10CFF000FF8300922449C23F0D5555555555D53FE5
:10D000002F6C6A2C44B4A2BF9AFDDE522DDEAD3FD8
:10D010006D9A74AFF2B0B33F711623FEC671BC3F78
:10D02000C4EB98999999C93F9C7500883CE4377E78
:10D03000182D4454FB21F9BFFFFF0F440000F07F7F
:10D04000FFFFDB3F102B0400F02A04000000F03F3C
:10D05000FFFFF23FFF7F03400000F83F0000F0BFFA
:10D060002DE9F041C1F30A57A7F2FF35132D02460F
:10D070000B460C468846064620DC002D4ADB364F20
:10D080002F4101EA070C5CEA000C1CD030A3D3E965
:10D09000002324F0BBF90022002324F0FDFD48B159
:10D0A000002C04DD4FF4801343FA05F5A84428EA68
:10D0B0000704002621463046BDE8F081332D06DD09
:10D0C000B5F5806F38D010461946BDE8F081A7F25B
:10D0D00013474FF0FF3C2CFA07F70742F3D01CA38D
:10D0E000D3E9002324F092F90022002324F0D4FD98
:10D0F0000028DFD0002C09DD142D22D00123C5F13A
:10D10000340503FA05F5AE1928BF984426EA070648
:10D110004446CFE70EA3D3E9002324F077F9002299
:10D12000002324F0B9FD0028C4D0002C0CDB2643DA
:10D1300005D00026094CBDE724F068F9C5E7344660
:10D14000B8E704F10108E1E700264FF00044B1E739
:10D150009C7500883CE4377EFFFF0F000000F03F25
:10D160002DE9F041C1F30A57A7F2FF35132D02460E
:10D170000B460C46884606461DDC002D3CDB364F30
:10D180002F4101EA070C5CEA000C19D030A3D3E967
:10D19000002324F03BF90022002324F07DFDC8B3D6
:10D1A000002C04DA4FF4801343FA05F5A84428EA6A
:10D1B000070400262EE0332D06DDB5F5806F2DD057
:10D1C00010461946BDE8F081A7F213474FF0FF3C27
:10D1D0002CFA07F70742F3D01DA3D3E9002324F06C
:10D1E00015F90022002324F057FD98B1002C21DB13
:10D1F00026EA070644460DE015A3D3E9002324F0F0
:10D2000005F90022002324F047FD18B1002C08DBAB
:10D210000026344621463046BDE8F08124F0F6F879
:10D22000D0E724F000430D4A1E43002E18BF1446D9
:10D230000026EFE7142D08D00123C5F1340503FAC9
:10D2400005F5AE1928BF9844D2E704F10108CFE7ED
:10D250009C7500883CE4377EFFFF0F000000F0BFA4
:10D260002DE9F04FD84B994287B08046894643DD7F
:10D27000D64B99420E4600F3F480D54B994240F3C9
:10D280002D819FEDBB7B8DED047B4FEA215A044637
:10D29000AAF2FF3ACF4BC6F313069E4246F07F55E3
:10D2A00000F3128145F44015204629460022CA4B5E
:10D2B00024F0AAF8002204460D46C84B24F05CFA7C
:10D2C00022462B4624F058FAA046CDE90201A94691
:10D2D000CDE90001002E3AD1002200232046294644
:10D2E00024F0B2FC002800F01B81BAF1000F40F0DE
:10D2F000858100200021B8E0B94B21F000449C4218
:10D300000A460FDD0022B74B24F09EFC002800F0F7
:10D31000AF80002200230020B34924F057FB07B060
:10D32000BDE8F08FB14B9C4240F3AF80B04B1A4444
:10D330009A4240F2D3800022A84B24F01DFA4246C4
:10D340004B4624F019FACDE900014FF0000A002203
:10D350004FF080434046494624F058F802460B46B9
:10D360004046494624F032FB02460B4606460F462D
:10D3700024F002FA80A3D3E9002304460D4624F0EA
:10D38000FBF97FA3D3E9002324F040F822462B4683
:10D3900024F0F2F97CA3D3E9002324F037F82246E5
:10D3A0002B4624F0E9F97AA3D3E9002324F02EF8E0
:10D3B00022462B4624F0E0F977A3D3E9002324F09A
:10D3C00025F822462B4624F0D7F975A3D3E900238C
:10D3D00024F01CF822462B4624F0CEF972A3D3E9A0
:10D3E000002324F013F822462B4624F0C5F9DDE98A
:10D3F000002324F00BF832463B4624F0BDF90446E6
:10D400000D46BAF1000F00F0A880504624F04AF90A
:10D4100067A3D3E9002382468B4624F0ADF966A3C7
:10D42000D3E9002306460F465046594624F0A4F996
:10D43000DDE9042323F0EAFF22462B4623F0E6FF32
:10D4400002460B46DDE9000123F0DEFF42464B4673
:10D4500023F0DAFF02460B463046394623F0D4FF6C
:10D4600003E002460B4623F0D1FF07B0BDE8F08F82
:10D4700042464B464046494623F0C6FF02460B460D
:10D4800024F0A4FA07B0BDE8F08F0022594B23F036
:10D49000BDFF0022002324F0FFFB10B1564B9C423D
:10D4A00062DD42464B464046494624F065F900227B
:10D4B0004A4B24F061F902460B464046494623F0A8
:10D4C000A3FF07B0BDE8F08F45F40015C6F5801640
:10D4D00020462946B6100AF1010AE7E600223E4B33
:10D4E0004046494623F092FF4FEA215AAAF2FF3AFA
:10D4F000BAF1000F04460D460E4640F3BD80424689
:10D500004B4623F081FF02460B460020324923F0B0
:10D510007BFF22462B4624F059FACDE90401B9E6F7
:10D5200027A3D3E900232046294624F025F9024603
:10D530000B460020284923F067FFDDE9022324F091
:10D540001BF906460F46BAF1000F75D102460B468D
:10D550002046294623F058FF87E702460B46DDE9BF
:10D56000000123F051FFA6E7404649467DE700BF92
:10D57000000000000000000044523EDF12F1C23FF4
:10D580009FC678D0099AC33FDE03CB966446C73F57
:10D59000AF788E1DC571CC3F599322942449D23F58
:10D5A00004FA97999999D93F935555555555E53FA3
:10D5B0000000E0FE422EE63F763C7935EF39EA3D49
:10D5C000555555555555E53F7982DA3FFFFFEF7FB9
:10D5D000FFFF3F439DA006000000F03F0000E03F3A
:10D5E000FFFFEF3F0000F0BF000050C3FFFF1F3EF2
:10D5F0003C412D4000005043FFFF8F3C504624F03B
:10D6000051F824A3D3E9002306460F4624F0B4F8CA
:10D61000DDE9042323F0FAFE20A3D3E90023044626
:10D620000D463046394624F0A7F802460B46204600
:10D63000294623F0EBFE18E7504624F033F817A3F1
:10D64000D3E9002382468B4624F096F811A3D3E950
:10D650000023804689465046594624F08DF8DDE97E
:10D66000042323F0D3FE02460B463046394623F00E
:10D67000CBFE22462B4674E70022054B23F0C4FE66
:10D6800002460B464046494623F0BEFE41E700BF36
:10D690000000F03F763C7935EF39EA3D0000E0FECE
:10D6A000422EE63F0000000008B521F037FB04A33E
:10D6B000D3E9002324F08AF908BD00BFAFF300804E
:10D6C000EF39FAFE422EE63F2DE9F043DFF8B48051
:10D6D0008BB004460D4600F057FF98F90030013337
:10D6E00006460F462CD022462B462046294624F0DB
:10D6F000DDFA814620BB2046294620F09BFF1FA370
:10D70000D3E9002324F0C8FAD0B1194A98F90030BF
:10D71000CDF820900321CDE90445CDE90245CDE9BE
:10D72000001293B113490020022BCDE9060111D15B
:10D7300023F0E2FD22230360089B9BB9DDE9066725
:10D74000304639460BB0BDE8F0830B4B4FF06042DA
:10D75000CDE90623684623F07BFA0028E8D0089B31
:10D76000002BEBD023F0C8FD089B0360E6E700BF69
:10D77000AC5504000000F07FFFFFEF477DF8B98F44
:10D78000CE338640182300202DE9F043DFF8E480F3
:10D790008BB004460D4600F0A7FF98F90030013326
:10D7A00006460F4633D02046294623F04BFA70B385
:10D7B0002CA3D3E900232046294624F06DFA8146A4
:10D7C00050BB2AA3D3E900232046294624F046FA79
:10D7D000E8B198F90030204ACDF8209000200021CF
:10D7E0000426022BCDE90445CDE902450096CDE99A
:10D7F0000601019229D0684623F02AFA28B3089B33
:10D800001BB123F079FD089B0360DDE90667304614
:10D8100039460BB0BDE8F0830F4A98F90030019209
:10D8200003210022CDE90445CDE90245009108928B
:10D830002BB90A4B4FF06042CDE90623DBE70849DC
:10D840000020022BCDE90601D5D123F055FD22237E
:10D850000360D4E7AFF30080B4550400FFFFEF4747
:10D860000000F07FEF39FAFE422E864051302DD570
:10D87000104987C0182300202DE9F84FC44E21F02D
:10D880000043B34204460D460DDD03F1404303F56A
:10D890008013034340F0B980002940F34081002009
:10D8A0000021BDE8F88FBB4EB34208DCBA4A934270
:10D8B00000F3B5809CA1D1E90001BDE8F88F0029F3
:10D8C000C0F2708102460B460020B44923F09CFD53
:10D8D0000022B34B23F050FF04460D4621F058FFC1
:10D8E00093A3D3E90023894680462946204623F0A6
:10D8F00043FF91A3D3E9002323F088FD22462B4662
:10D9000023F03AFF8EA3D3E9002323F07DFD2246C6
:10D910002B4623F031FF8CA3D3E9002323F076FDBF
:10D9200022462B4623F028FF89A3D3E9002323F0C6
:10D930006BFD22462B4623F01FFF87A3D3E900236C
:10D9400023F064FD22462B4623F016FF84A3D3E97F
:10D95000002382468B462046294623F00DFF82A3F2
:10D96000D3E9002323F050FD22462B4623F004FF89
:10D970007FA3D3E9002323F049FD22462B4623F061
:10D98000FBFE7DA3D3E9002323F03EFD22462B4678
:10D9900023F0F2FE0022814B23F038FD02460B46B5
:10D9A0005046594624F012F842464B4623F0E4FE16
:10D9B000002682468B4632464B463046494623F087
:10D9C000DBFE02460B462046294623F01DFD32466B
:10D9D00004460D464B464046494623F017FD024695
:10D9E0000B462046294623F0F1FF02460B465046DF
:10D9F000594623F00BFD32464B4623F007FD024605
:10DA00000B4623F003FDBDE8F88F02460B4623F0DA
:10DA1000FBFC02460B4623F0D9FFBDE8F88F024617
:10DA20000B4623F0A9FE42A3D3E9002306460F4686
:10DA300023F0A2FE40A3D3E9002323F0E7FC324603
:10DA40003B4623F099FE3EA3D3E9002323F0DCFC00
:10DA500032463B4623F090FE3BA3D3E9002323F05C
:10DA6000D5FC32463B4623F087FE39A3D3E9002399
:10DA700023F0CAFC32463B4623F07EFE36A3D3E9B0
:10DA8000002323F0C3FC32463B4623F075FE34A34B
:10DA9000D3E90023804689463046394623F06CFEA0
:10DAA00031A3D3E9002323F0AFFC32463B4623F0F9
:10DAB00063FE2FA3D3E9002323F0A8FC32463B46A4
:10DAC00023F05AFE2CA3D3E9002323F09DFC324619
:10DAD0003B4623F051FE0022304B23F097FC0246D8
:10DAE0000B464046494623F071FF22462B4623F061
:10DAF00043FE02460B4622A1D1E9000123F084FC3B
:10DB000002460B462046294623F07EFC02460B4681
:10DB100005A1D1E9000123F077FCBDE8F88F1AA137
:10DB2000D1E9000179E700BF182D4454FB21F93FEA
:10DB300009F7FD0DE13D023F88B20175E0EF493F75
:10DB40003B8F68B52882A43F5544880E55C1C93F14
:10DB50007D6FEB0312D6D43F555555555555C53FEE
:10DB600082922EB1C5B8B33F59018D1B6C06E63FBA
:10DB7000C88A599CE52A00404B2D8A1C273A03404D
:10DB8000075C143326A6913C182D4454FB21094010
:10DB9000FFFFEF3FFFFFDF3F0000603C0000F03F72
:10DBA0000000E03F00225C4B23F030FC00225B4B86
:10DBB00023F0E2FD40A3D3E9002304460D4623F001
:10DBC000DBFD3FA3D3E9002323F020FC22462B46B4
:10DBD00023F0D2FD3CA3D3E9002323F015FC224619
:10DBE0002B4623F0C9FD3AA3D3E9002323F00EFC12
:10DBF00022462B4623F0C0FD37A3D3E9002323F0B0
:10DC000003FC22462B4623F0B7FD35A3D3E90023BE
:10DC100023F0FCFB22462B4623F0AEFD80468946CE
:10DC20002046294621F0B4FD2FA3D3E90023064660
:10DC30000F462046294623F09FFD2DA3D3E900235C
:10DC400023F0E2FB22462B4623F096FD2AA3D3E9DC
:10DC5000002323F0DBFB22462B4623F08DFD28A377
:10DC6000D3E9002323F0D0FB22462B4623F084FD8A
:10DC70000022294B23F0CAFB02460B464046494688
:10DC800023F0A4FE32463B4623F076FD1EA3D3E9E3
:10DC9000002323F0B9FB32463B4623F0B7FB024694
:10DCA0000B4623F0B3FB02460B4619A1D1E9000154
:10DCB00023F0AAFBB1E600BF09F7FD0DE13D023FED
:10DCC00088B20175E0EF493F3B8F68B52882A43FD9
:10DCD0005544880E55C1C93F7D6FEB0312D6D43F22
:10DCE000555555555555C53F82922EB1C5B8B33FD0
:10DCF00059018D1B6C06E63FC88A599CE52A0040F5
:10DD00004B2D8A1C273A0340075C143326A6913C0E
:10DD1000182D4454FB2109400000F03F0000E03F73
:10DD2000414A91422DE9F84304460D4637DD3F4A0A
:10DD300091420B4608DD02F1795291423DDD0246E7
:10DD400023F064FBBDE8F88301F1404202F5801244
:10DD500002432ED0B1F1804F37DC0022344B23F048
:10DD600053FB02460B4604460D4623F04FFB22466A
:10DD700006460F462B462046294623F0FDFC024668
:10DD80000B463046394623F041FB21F001FD224687
:10DD90002B4623F03BFBBDE8F843FFF761BA024690
:10DDA0000B4623F031FB02460B4623F00FFEBDE885
:10DDB000F88300200021BDE8F88300F00DFE18A3D1
:10DDC000D3E9002323F022FBF1E7024623F0D4FC41
:10DDD0000022174B23F018FB21F0DAFC2246804684
:10DDE00089462B462046294623F010FB224606464C
:10DDF0000F462B464046494623F008FB02460B4699
:10DE000000200B4923F0E2FD0B460246394630461E
:10DE100023F0FAFABDE8F84300F0DEBDAFF300806E
:10DE2000EF39FAFE422EE63FFFFFEF3FFFFFAF4123
:10DE30000000F03F000000002DE9F04FAE4B21F054
:10DE400000479F4287B004460D4611DD07F1404769
:10DE500007F5801703463B4321D002460B4623F0CB
:10DE6000D3FA02460B4623F0B1FD07B0BDE8F08FB0
:10DE7000A24B9F420E4629DCB7F1795F80F24681C2
:10DE800081A3D3E9002323F0C1FA00229C4B23F0A5
:10DE900003FFD8B12046294607B0BDE8F08F7CA328
:10DEA000D3E9002323F068FC7BA3D3E900230646D3
:10DEB0000F462046294623F05FFC02460B463046BB
:10DEC000394623F0A3FA07B0BDE8F08F2046294673
:10DED00020F0B0FB02460B460020894923F094FA5B
:10DEE0000022884B23F048FC6DA3D3E900230446AD
:10DEF0000D4623F041FC6CA3D3E9002323F086FAFE
:10DF000022462B4623F038FC69A3D3E9002323F0F3
:10DF10007BFA22462B4623F02FFC67A3D3E900238C
:10DF200023F074FA22462B4623F026FC64A3D3E99F
:10DF3000002323F069FA22462B4623F01DFC62A33E
:10DF4000D3E9002323F062FA22462B4623F014FC87
:10DF50005FA3D3E90023CDE900012046294623F041
:10DF60000BFC5DA3D3E9002323F04EFA22462B4697
:10DF700023F002FC5AA3D3E9002323F047FA2246F8
:10DF80002B4623F0F9FB58A3D3E9002323F03CFAF6
:10DF900022462B4623F0F0FB594B002223F036FAA1
:10DFA00082468B4620462946CDE902AB21F0F0FBA4
:10DFB000554B9F428046894600F3198102460B4625
:10DFC00023F024FADDE90223CDE90401DDE90001B3
:10DFD00023F0FCFC02460B46DDE9040123F0CCFBF8
:10DFE0004FF0000ACDE9000152464B4650464946E3
:10DFF00023F0C2FB02460B462046294623F004FAD2
:10E00000524604460D464B464046494623F0FEF92B
:10E0100002460B462046294623F0D8FC02460B4612
:10E0200023F0F4F902460B461BA1D1E9000123F0CD
:10E03000EBF902460B46DDE9000123F0E5F9524613
:10E0400004460D464B465046494623F0DFF902464A
:10E050000B4627A1D1E9000123F0D6F902460B4671
:10E060002046294623F0D0F902460B4620A1D1E9EB
:10E07000000123F0C9F9002E3FF7F7AE01F100438C
:10E080001946F2E6AFF300809C7500883CE4377EC9
:10E09000182D4454FB21F93F075C143326A6913C0C
:10E0A00009F7FD0DE13D023F88B20175E0EF493F00
:10E0B0003B8F68B52882A43F5544880E55C1C93F9F
:10E0C0007D6FEB0312D6D43F555555555555C53F79
:10E0D00082922EB1C5B8B33F59018D1B6C06E63F45
:10E0E000C88A599CE52A00404B2D8A1C273A0340D8
:10E0F000182D4454FB21E93FFFFFEF3FFFFFDF3FB7
:10E100000000F03F0000E03F3233EF3F02460B4695
:10E1100023F032FB4BA3D3E9002306460F4623F03E
:10E120002BFB4AA3D3E9002323F070F932463B4688
:10E1300023F022FB47A3D3E9002323F065F93246FD
:10E140003B4623F019FB45A3D3E9002323F05EF9F6
:10E1500032463B4623F010FB42A3D3E9002323F0D1
:10E1600053F932463B4623F007FB40A3D3E9002393
:10E1700023F04CF932463B4623F0FEFA3DA3D3E9A7
:10E180000023804689463046394623F0F5FA3BA302
:10E19000D3E9002323F038F932463B4623F0ECFA6A
:10E1A00038A3D3E9002323F031F932463B4623F06C
:10E1B000E3FA36A3D3E9002323F026F932463B469F
:10E1C00023F0DAFA00221E4B23F020F902460B4618
:10E1D0004046494623F0FAFB22462B4623F0CCFA70
:10E1E00022462B4623F012F907B0BDE8F08F5246C5
:10E1F0005B46DDE9000123F0E9FB42464B4623F094
:10E20000BBFA42464B4623F001F902460B4623F087
:10E21000FDF807A3D3E9002323F0F6F802460B46E6
:10E2200005A1D1E9000123F0EFF824E7AFF3008066
:10E23000075C143326A6913C182D4454FB21F93F6A
:10E240000000F03F09F7FD0DE13D023F88B2017586
:10E25000E0EF493F3B8F68B52882A43F5544880EC4
:10E2600055C1C93F7D6FEB0312D6D43F5555555567
:10E270005555C53F82922EB1C5B8B33F59018D1B8C
:10E280006C06E63FC88A599CE52A00404B2D8A1C43
:10E29000273A0340000000002DE9F84F1D46534285
:10E2A000134325F00049DFF8C8C149EAD373634539
:10E2B000144606460F4626D8C0F1000848EA000872
:10E2C00021F0004A4AEAD878E04503468B461AD83E
:10E2D00005F1404808F5801858EA0208AE4643D0D8
:10E2E0004FEAA57808F002085AEA030348EAD17811
:10E2F00011D1B8F1020F55D0B8F1030F09D14AA1DD
:10E30000D1E9000105E032463B462046294623F08C
:10E310007DF8BDE8F88F59EA020329D0E1452ED0F7
:10E32000E24525D0AAEB09094FEA2959B9F13C0F7A
:10E330003CDC002D3EDA19F13C0F3BDA00200021D5
:10E34000B8F1010F4ED0B8F1020F3ED0B8F1000F76
:10E35000DFD037A3D3E9002323F056F836A3D3E95F
:10E36000002323F051F8D4E7BDE8F84FFEF7E4BCF2
:10E37000BBF1000F12DB32A1D1E90001C9E7CA45A8
:10E3800034D0B8F1020F0DD0B8F1030FB7D0B8F107
:10E39000010F4FF0000036D00021BAE72AA1D1E9E1
:10E3A0000001B6E724A1D1E90001B2E724A1D1E937
:10E3B0000001C5E722462B463046394623F006FBCE
:10E3C00020F038F9FEF7B8FCBAE719A3D3E9002327
:10E3D00023F01AF802460B4617A1D1E9000123F0F9
:10E3E00013F896E701F10043194692E7B8F1020FDE
:10E3F00014D0B8F1030F0DD0B8F1010F06D014A15D
:10E40000D1E9000185E74FF0004182E712A1D1E98F
:10E4100000017EE712A1D1E900017AE712A1D1E95A
:10E42000000176E7AFF30080182D4454FB2109C0AA
:10E43000075C143326A6A13C182D4454FB21094047
:10E44000182D4454FB21F93F182D4454FB21F9BFEA
:10E45000182D4454FB21E93F182D4454FB21E9BFFA
:10E46000D221337F7CD902C0D221337F7CD90240B4
:10E470000000F07F0000000043422DE9F047034315
:10E4800021F000463C4A46EAD373934204460D46C7
:10E490002AD8964240D0394B9E428A462EDD384BD0
:10E4A0009E4235463FDD33460246314622F0AEFFFE
:10E4B000224606460F462B4600202F4922F0A4FF95
:10E4C00002460B463046394623F080FAFEF7C8FE76
:10E4D00000222C4B23F050F9BAF1000F0CDA01F1B5
:10E4E00000431946BDE8F08702460B4622F08CFF38
:10E4F00002460B4623F06AFABDE8F0871CA3D3E975
:10E50000002322F083FF0022002323F0C5FB48B143
:10E5100020462946BDE8F0870022002323F056FA62
:10E52000BDE8F087354622462B462046294622F094
:10E530006DFF22462B4606460F4623F01DF9224664
:10E54000804689462B4600200B4922F05DFF02469B
:10E550000B464046494623F039FA32463B4622F004
:10E5600055FFFEF77DFE0022064B23F005F9B3E7C9
:10E570009C7500883CE4377E0000F03FFFFF2F3E93
:10E58000FFFFDF3F0000E03F2DE9F8434E4B21F055
:10E5900000449C4206460F461BDC4C4B9C4222DD4D
:10E5A0004B4B9C4254DD4B4B9C4246DD4A4B9C42BC
:10E5B0006FDD01339C4269D041A3D3E900231046AB
:10E5C000194623F0D9F806460F4630463946BDE8CD
:10E5D000F88302460B4623F0CFF806460F46304636
:10E5E0003946BDE8F88320F025F801F0F9FE002255
:10E5F0003A4B8046894622F009FFB4F1725F064625
:10E600000F46ECDB42464B464046494623F0B4F801
:10E6100032463B4604460D463046394622F0F6FE69
:10E6200002460B462046294623F0D0F900222B4B08
:10E6300022F0ECFE06460F46D1E71FF0FBFF00F08C
:10E6400053F80022264B23F097F806460F46C6E7FC
:10E650001FF0F0FF00F048F80022214B06460F465D
:10E6600023F08AF8324604460D463B4600201C49FA
:10E6700023F0ACF902460B462046294622F0C6FE9E
:10E6800006460F4630463946BDE8F883154B98429A
:10E6900092D8304639461FF0CDFF0022104B23F0B0
:10E6A0006BF800F021F8002204460D460C4B23F0D5
:10E6B00063F822462B4623F05FF806460F468EE7A6
:10E6C0009C7500883CE4377EFFFFEF7F422ED63FEB
:10E6D000FFFF3540412E8640CD3386400000F03F9D
:10E6E0000000E03F7DF8B98F2DE9F047B04F21F0F1
:10E6F0000042BA4284B004460D464FEAD17610D9A2
:10E70000AC4FBA4240F28A80C1F31303034302467E
:10E7100040F0F180002E7ED00020002104B0BDE842
:10E72000F087A54B9A4200F2B680A44B9A4240F281
:10E73000D1804FF0000A22462B462046294623F07E
:10E740001BF885A3D3E9002306460F4623F014F8EF
:10E7500083A3D3E9002322F057FE32463B4623F041
:10E760000BF881A3D3E9002322F050FE32463B464A
:10E7700023F002F87EA3D3E9002322F045FE3246BF
:10E780003B4622F0F9FF7CA3D3E9002322F03EFEB2
:10E7900032463B4622F0F0FF02460B462046294611
:10E7A00022F032FE02460B4606460F462046294618
:10E7B00022F0E2FF80468946BAF1000F00F0AB80FC
:10E7C00032463B4600204FF0804122F01DFE0246BB
:10E7D0000B464046494623F0F9F802460B46DDE970
:10E7E000020122F011FEDDE9002322F00DFE0B46AE
:10E7F00002467349002022F007FE6FF47F739A45AA
:10E8000080F2A3800AF57A7A01EB0A5100224FF0D8
:10E81000B87322F0B1FF04B0BDE8F08758A3D3E984
:10E82000002323F039FA00286BD157A3D3E9002342
:10E830002046294623F012FA00287FF46DAF614983
:10E8400053A3D3E9002301EBC6062046294622F054
:10E8500093FFD6E9002322F0D9FD23F03DFA82464A
:10E8600022F020FF4CA3D3E9002306460F4622F0F6
:10E8700083FF02460B462046294622F0C5FD48A3E9
:10E88000D3E90023CDE900013046394622F074FF78
:10E89000CDE9020115E04C4B9A42D0D84B4BF40025
:10E8A0002344D3E9002322F0AFFD494B234493EDE9
:10E8B000007BCDE900018DED027BC6F1010AAAEBD8
:10E8C000060ADDE90223DDE9000122F09DFD044690
:10E8D0000D4630E734A3D3E9002322F097FD002250
:10E8E000374B23F0D9F9A8B3204629460022344BF0
:10E8F00022F08CFD8FE70B4622F088FD04B0BDE8C6
:10E90000F08729A3D3E900231046194622F034FFEB
:10E9100004B0BDE8F0873046394600224FF080430E
:10E9200022F072FD02460B464046494623F04EF85F
:10E9300022462B4622F068FD02460B460020204965
:10E9400022F062FD04B0BDE8F08701EB0A5104B08B
:10E95000BDE8F0878246EEE6D0A4BE726937663E17
:10E96000F16BD2C541BDBB3E2CDE25AF6A56113FCF
:10E9700093BDBE166CC1663F3E5555555555C53FB6
:10E98000EF39FAFE422E864051302DD5104987C00E
:10E99000FE822B654715F73F0000E0FE422EE63F62
:10E9A000763C7935EF39EA3D9C7500883CE4377E4A
:10E9B000412E8640FFFFEF7F422ED63FFFFF2F3EC6
:10E9C0000000F03F302B0400B1A2F03F402B0400C8
:10E9D000502B0400000000002DE9F04FB1F5801F1E
:10E9E00085B006460F460B4680F2D08021F00042EB
:10E9F000024300F0DA800029C0F2E9800022D64B01
:10EA000022F0BAFED54A0B46934206460F466FF0F7
:10EA1000350E00F3C180C3F3130505F5152C0CF674
:10EA2000647C0CF4801C8CF07F5282F440121C1524
:10EA300042EA0507A4F2FF3474440022C84B304672
:10EA4000394604EB1C5422F0DFFCAB1CC3F3130368
:10EA5000022B82468B464FF0000240F3AF804FF00E
:10EA6000804322F0D3FC02460B465046594622F022
:10EA7000ADFF064620460F4622F014FE3246CDE991
:10EA800002013B4630463946CDE9006722F074FE6C
:10EA900002460B468046894622F06EFE9AA3D3E9D1
:10EAA000002306460F4622F067FE99A3D3E9002310
:10EAB00022F0ACFC32463B4622F05EFE96A3D3E940
:10EAC000002322F0A3FC32463B4622F055FE94A3DD
:10EAD000D3E9002322F09AFC42464B4622F04CFE3A
:10EAE00091A3D3E90023804689463046394622F077
:10EAF00043FE8FA3D3E9002322F088FC32463B4635
:10EB000022F03AFE8CA3D3E9002322F07FFC3246A8
:10EB10003B4622F031FE0B4602464946404622F073
:10EB200075FCA5F5C223C5F5D725A3F27A43513567
:10EB30001D43002D06460F4640F387800022894B77
:10EB40005046594622F018FE52465B4622F014FE0B
:10EB500002460B46804689463046394622F056FC2E
:10EB6000DDE9002322F008FE06460F46002C40F0A7
:10EB7000818002460B464046494622F045FC02464B
:10EB80000B465046594622F03FFC0BE0734A934235
:10EB90004FF0000E7FF73FAF32463B4630463946D6
:10EBA00022F034FC05B0BDE8F08F002200230020E5
:10EBB0006D4922F00BFF05B0BDE8F08F002323F074
:10EBC00043F860B1002C7CD100200021EAE7024626
:10EBD00022F01AFC0022002322F0F8FEE2E758A3FC
:10EBE000D3E900235046594622F0C6FD02460B46A3
:10EBF00000205C4922F008FC524606460F465B4660
:10EC00005046594622F0B8FD02460B46304639467A
:10EC100022F0B2FD06460F462CB3204622F042FDFC
:10EC200049A3D3E900238046894622F0A5FD48A3E5
:10EC3000D3E9002304460D464046494622F09CFD98
:10EC400002460B46304639462CE002460B465046FB
:10EC5000594622F0D9FBDDE9002322F08DFD06465E
:10EC60000F46002C47D132463B465046594622F0CB
:10EC7000CBFB97E734A3D3E90023DDE9020122F0BF
:10EC80007BFD33A3D3E9002304460D46DDE90201F1
:10EC900022F072FD32463B4622F0B8FB02460B469C
:10ECA0004046494622F0B0FB52465B4622F0ACFBA0
:10ECB00002460B462046294622F0A6FB05B0BDE8D9
:10ECC000F08F204622F0EEFC1FA3D3E90023064676
:10ECD0000F4622F051FD1EA3D3E9002304460D4642
:10ECE0003046394622F048FD02460B46204629466A
:10ECF00022F08CFB56E7DDE9028913A3D3E9002358
:10ED00004046494691E700BF44523EDF12F1C23F00
:10ED1000DE03CB966446C73F599322942449D23FE1
:10ED2000935555555555E53F9FC678D0099AC33F31
:10ED3000AF788E1DC571CC3F04FA97999999D93F48
:10ED4000555555555555D53F0000E0FE422EE63F3E
:10ED5000763C7935EF39EA3D00005043FFFFEF7F05
:10ED60000000F03F0000E03F000050C30000000042
:10ED7000B1F5801F2DE9F84304460D460B4619DA1C
:10ED800021F00042024359D000295FDB00223A4BB8
:10ED900022F0F2FC394A0D462B46934204466FF0AE
:10EDA00035010CDD22462B462046294622F02EFB5B
:10EDB000BDE8F883314A93424FF00001F2DC1815A8
:10EDC000A0F2FF3008444FEAD0794844C3F3130857
:10EDD00022F068FCC9F57F73033348EA0355064601
:10EDE0000F4620462946FFF7F7FD1DA3D3E9002370
:10EDF000804689463046394622F0BEFC1AA3D3E944
:10EE0000002304460D464046494622F0B5FC024622
:10EE10000B462046294622F0F9FA15A3D3E9002330
:10EE200004460D463046394622F0A6FC02460B4603
:10EE30002046294622F0EAFABDE8F88300220023A2
:10EE400000200F4922F0C2FDBDE8F883024622F0FF
:10EE5000DBFA0022002322F0B9FDA9E7AFF300801E
:10EE6000362BF111F3FE593D0EE526157BCBDB3F2A
:10EE700000609F501344D33F00005043FFFFEF7FDB
:10EE8000000050C3000000002DE9F047CA4B21F0FC
:10EE900000479F4290B08046894640F38F80C74B21
:10EEA0009F420C46924626DC0029B9A3D3E90023F1
:10EEB00040F38F8022F0A8FAC14B9F4204460D46D2
:10EEC00000F04781B4A3D3E9002322F09DFA024663
:10EED0000B46CAE900232046294622F095FAAEA344
:10EEE000D3E9002322F090FA0125CAE9020128465D
:10EEF00010B0BDE8F087B34B9F4240F38980B24B1E
:10EF00009F4200F31C813D15A5F21645A7EB055362
:10EF100019461F46064622F0DFFE22F0C3FB80465C
:10EF2000894642464B4630463946CDE90A8922F0A9
:10EF30006BFA0022A54B22F01FFC8946804622F086
:10EF4000CBFE22F0AFFB06460F4632463B4640461C
:10EF50004946CDE90C6722F057FA00229B4B22F07C
:10EF60000BFC00220023CDE90E0122F06DFE0028EB
:10EF700000F06081002330463946002222F064FE12
:10EF8000002814BF01230223914A019202212A463C
:10EF900000910AA8514600F087FB002C054614DAC0
:10EFA000DAF80420DAF80C3002F1004203F10043F1
:10EFB0004542CAF80420CAF80C3006E000200021BF
:10EFC000C2E90089C2E902010025284610B0BDE867
:10EFD000F08722F01BFA7A4B9F4204460D4600F060
:10EFE0000B816DA3D3E9002322F010FA02460B46F1
:10EFF000CAE900232946204622F006FA66A3D3E98F
:10F00000002322F003FA4FF0FF35CAE90201DCE7E2
:10F010001FF010FB62A3D3E900238046894622F04B
:10F02000ABFB00226B4B22F0F1F922F055FE0546B6
:10F0300022F038FB56A3D3E90023CDE9060122F0E4
:10F040009BFB02460B464046494622F0DDF952A39F
:10F05000D3E9002380468946DDE90601CDE902892E
:10F0600022F08AFB1F2D02460B46CDE9042340F314
:10F07000B380DDE90423DDE9020122F0C5F9804611
:10F0800089463F15C9F30A53FB1A102B40F3B18090
:10F0900045A3D3E90023DDE9060122F06DFB80469C
:10F0A000894602460B46DDE9020122F0ADF902462F
:10F0B0000B46DDE90201CDE9082322F0A5F942461D
:10F0C0004B4622F0A1F93AA3D3E9002380468946B2
:10F0D000DDE9060122F050FB42464B4622F094F94E
:10F0E0000B46CDE904010246DDE9080122F08CF966
:10F0F000C1F30A53FF1A312F8046894600F39C80E2
:10F100009DED087BCAE900898DED027B42464B46A6
:10F11000DDE9020122F078F9DDE9042322F074F937
:10F12000002CCAE90201BFF650AF09F1004401F119
:10F1300000436D42CAE90084CAE9020345E702467A
:10F140000B4622F061F90025CAE90201CAE9000173
:10F150003BE715A3D3E9002322F056F914A3D3E922
:10F1600000230D46044622F04FF902460B46CAE939
:10F1700000232946204622F047F90DA3D3E90023B6
:10F1800022F042F90125CAE902011EE7AFF300802F
:10F1900000004054FB21F93F3163621A61B4D03D55
:10F1A00083C8C96D305FE43F0000601A61B4D03D90
:10F1B0007370032E8A19A33BFB21E93F7BD90240E0
:10F1C000FB21F93FFB213941FFFFEF7F0000704138
:10F1D000745604000000E03F4046494622F014F90E
:10F1E000394B6A1E804653F82230BB4289463FF4B1
:10F1F00048AFCAE9008989E72BA3D3E9002322F0AD
:10F2000005F92BA3D3E900230D46044622F0FEF8AE
:10F2100002460B46CAE900232946204622F0F4F8AC
:10F2200023A3D3E9002322F0F1F84FF0FF35CAE918
:10F230000201CAE60323A7E61FA3D3E90023DDE901
:10F24000060122F099FA06460F4602460B46DDE912
:10F25000080122F0D9F88046894602460B46DDE9CE
:10F260000801CDE9028922F0CFF832463B4622F070
:10F27000CBF813A3D3E9002306460F46DDE90601C8
:10F2800022F07AFA32463B4622F0BEF802460B469E
:10F2900040464946CDE9042322F0B6F88046894627
:10F2A000A7E700BFAFF300800000601A61B4D03D53
:10F2B0007370032E8A19A33B0000002E8A19A33B0A
:10F2C000C14920259A837B39F455040000000000D1
:10F2D000574A2DE9F84F21F00048904506460F4661
:10F2E0002CDC544B0029B4BF534D544D98454FF07E
:10F2F000000411DC524B984526DC4BA3D3E90023D4
:10F3000022F084F800224F4B22F0C6FC002840D0A7
:10F3100030463946BDE8F88F4B4B984530DD4B4BB6
:10F32000984568DD0133984562D0304639463EA3A2
:10F33000D3E9002322F020FABDE8F88F02460B46FD
:10F3400022F064F8BDE8F88F1FF074F901F048F876
:10F350003F4B984506460F4623DD0022394B22F0ED
:10F3600055F802460B463046394622F02FFB32460E
:10F370003B4622F04BF822462B4622F0FDF9E1E70E
:10F380001FF058F9FFF7B0F922462B4622F0F4F9A6
:10F39000D8E7304639461FF04DF901F021F806460E
:10F3A0000F4632463B463046394622F02FF8324669
:10F3B00082468B463B463046394622F0DDF9002234
:10F3C000804689461F4B3046394622F01FF80246D8
:10F3D0000B464046494622F0F9FA02460B46504693
:10F3E000594622F011F822462B4622F0C5F9A9E72A
:10F3F000184B984299D8304639461FF01BF9002225
:10F400000E4B22F0B9F9FFF76FF906460F46024698
:10F410000B462046294622F0AFF932463B4622F001
:10F42000ABF98FE7AFF300803374AC3C1F7BAC7F4C
:10F43000FFFFEF7FFFFF35400000E0BF0000E03F2F
:10F44000FFFF2F3E0000F03F412E8640CD33864027
:10F45000FFFFEF3F7DF8B98F2DE9F04F21F0004815
:10F46000B8F1795F85B006460F4692469B466BDA47
:10F4700022F032FC002800F0E18032463B46304664
:10F48000394622F079F974A3D3E9002304460D46E6
:10F4900022F072F972A3D3E9002321F0B7FF2246CC
:10F4A0002B4622F069F970A3D3E9002321F0ACFFC9
:10F4B00022462B4622F060F96DA3D3E9002321F008
:10F4C000A5FF22462B4622F057F96BA3D3E9002370
:10F4D00021F09AFF22462B4622F04EF968A3D3E989
:10F4E000002321F093FF22462B4622F045F9CDE977
:10F4F00000010022664B2046294622F03DF9DDE955
:10F500000023804689462046294622F035F9524696
:10F5100004460D465B463046394622F02DF9024638
:10F520000B462046294621F06FFF02460B46404617
:10F53000494621F069FF02460B460020554921F05B
:10F5400063FF05B0BDE8F08F02460B4622F014F9C8
:10F5500041A3D3E9002304460D4622F00DF940A350
:10F56000D3E9002321F052FF22462B4622F004F972
:10F570003DA3D3E9002321F047FF22462B4622F08A
:10F58000FBF83BA3D3E9002321F040FF22462B46A2
:10F5900022F0F2F838A3D3E9002321F035FF224608
:10F5A0002B4622F0E9F836A3D3E9002321F02EFF01
:10F5B0002B46224622F0E0F8374B9845CDE9000172
:10F5C00097DD364B98453EDCA8F50013002200205D
:10F5D00030499046994621F017FFCDE902010022FB
:10F5E0002B4B2046294622F0C7F842464B4621F0D5
:10F5F0000BFFDDE90023804689462046294622F09C
:10F60000BBF8524604460D465B463046394622F06A
:10F61000B3F802460B462046294621F0F5FE024685
:10F620000B464046494621F0EFFE02460B46DDE917
:10F63000020121F0E9FE05B0BDE8F08F1549002078
:10F6400005B0BDE8F08F9FED107B4FF000088DED09
:10F65000027BDFF84C90C2E7D43888BEE9FAA8BD37
:10F66000C4B1B4BD9EEE213EAD529C804F7E923E11
:10F670009015CB19A001FA3E7751C1166CC1563FC7
:10F680004C5555555555A53F000000000000E73F7B
:10F690000000E03F0000F03F3233D33F0000E93F7D
:10F6A0000000D23F000000002DE9F04FADF5197DBC
:10F6B000BE4CA29EBE4D54F826600793D41E85FB17
:10F6C0000475E417C4EBA50424EAE4741D46631C26
:10F6D000A3EB8303013D02EBC30305937319049667
:10F6E0000994019503900B91A4EB05071AD43B44B0
:10F6F000002400255E1C0DF18008DDF88C9208E0E6
:10F7000059F8270021F0CEFF0137B742E8E802019F
:10F7100008D0002FF4DA013720462946B742E8E83E
:10F720000201F6D1049B002B079B4FEAC30302930F
:10F730002ADB039A20A902EB030801EB0309049BCF
:10F7400072AA02EBC30B0DF5E07A019B002B4FF080
:10F7500000064FF0000711DB039C4D4675E90223BC
:10F76000F4E8020122F008F802460B46304639461A
:10F7700021F04CFE444506460F46EFD1EAE8026709
:10F78000DA4509F10809E0D1DDE9020404992044D1
:10F790008B0082460BA8A3F10802C31808930CAB98
:10F7A00013440A938B4698AB03EBCB03BBF1000FDA
:10F7B00053E9284529DD70AB03EBCB080DF1300987
:10F7C00000227C4B2046294621F0D6FF22F084FA05
:10F7D00021F068FF0022784B06460F4621F0CCFF4F
:10F7E00002460B462046294621F00EFE22F074FA0E
:10F7F00078E9022349F8040B3946304621F006FE29
:10F8000070AB984504460D46DAD1DDF814902046D9
:10F8100029464A4601F030F800224FF07F53044653
:10F820000D4621F0A9FFFDF79BFC0022634B21F060
:10F83000A3FF02460B462046294621F0E5FD0D4672
:10F84000044622F049FA804621F02CFF0B4602467E
:10F850002946204621F0D8FD4B46002B06460F4690
:10F8600040F3E1800BF1FF320CA9C9F1180351F804
:10F87000225045FA03F101FA03F30CA8EB1A40F801
:10F880002230C9F11705884443FA05F5002D2CDD17
:10F89000BBF1000F08F1010840F381820C9C002CA1
:10F8A00040F0A780BBF1010F0AD00CA9012251F84A
:10F8B000044F531C002C40F09E809B451A46F6D105
:10F8C000059B002B0EDD012B00F0D980022B09D106
:10F8D0000BF1FF320CAB0CA953F82230C3F3150324
:10F8E00041F82230022D00F0AF8000220023304684
:10F8F000394622F0A9F9002800F05382049B0BF14D
:10F90000FF394B4510DC0BF180430CAA013B0898F2
:10F9100002EB8303002253F80419834242EA0102F6
:10F92000F9D1002A40F0B680049B0CAA013B52F8A2
:10F930002330002B40F0A1800A9A012352F80419C9
:10F9400001330029FAD05B440BF101099945069374
:10F950004CDC099A079909EB020801EB0B0508F149
:10F96000804802EB030BA39B08F1FF3803EB8808E8
:10F9700070AB03EBC909A39B20A903EB8B0301EB3D
:10F98000C505029358F8040F21F08CFE0B4601992F
:10F990000246002905F1080BC5E900234FF00006D7
:10F9A0004FF000071CDB039C0CE000BF145B04005D
:10F9B000ABAAAA2A0000703E00007041000020405F
:10F9C00075E90223F4E8020121F0D6FE02460B4657
:10F9D0003046394621F01AFD544506460F46EFD110
:10F9E000029B9845E9E802675D46CBD1DDF818B087
:10F9F000D9E6012300220CA9C4F180749B4541F88B
:10FA000022400EDD51F8232001EB8B0001EB830334
:10FA10006FF07F4100E01A688A1A43F8042B834292
:10FA2000F9D101244CE706D10BF1FF330CAA52F8AF
:10FA30002350ED152AE700227B4B22F023F9002802
:10FA400040F0A381054650E732463B460020774907
:10FA500021F0DAFC06460F46002C3FF446AF059A2B
:10FA60007249002000F008FF02460B463046394636
:10FA700021F0CAFC06460F4637E7012363E70BF186
:10FA8000FF320CAB0CA953F82230C3F3160341F834
:10FA9000223027E70CAB059A53F82930183ACDE904
:10FAA000068505926BB909F18043013B0CA901EB76
:10FAB000830353F8041909F1FF39183A0029F8D0E3
:10FAC0000592059A5949002000F0D6FEB9F1000FC1
:10FAD00004460D46C0F2C0814FEAC90370AA02EB8A
:10FAE000030808930CAB03EB8906DFF844B14FF031
:10FAF000000A08F10807043656F8040D21F0D2FD7B
:10FB000022462B4621F038FE5B4667E90201524649
:10FB10002046294621F030FE0CAB9E4204460D469D
:10FB2000EAD148AB03930193CDF8149009F1010396
:10FB3000DDF810900293C3464FF0000AB9F1000FB0
:10FB4000C0F22A81DFF8EC805D4635A3D3E90023BB
:10FB500000260027002403E0544510DCF8E80223C7
:10FB6000F5E8020121F008FE02460B463046394610
:10FB700021F04CFC0134A14506460F46ECDA019B0E
:10FB8000E3E802670193029B0AF1010A9A45ABF18F
:10FB9000080BD3D1A29BDDF81490032B39D8DFE8F2
:10FBA00013F0D900060006004D0048AB0393B9F1ED
:10FBB000000F4FF000004FF0000109DB039D05EB43
:10FBC000C904083474E9022321F020FCA542F9D1CC
:10FBD000079B002B40F01E810B9BC3E900010B46E5
:10FBE00003990246D1E9000121F00EFCB9F1000FA2
:10FBF0000CDD4AAD01240134F5E8022321F006FCB6
:10FC0000A145F8DA079B002B40F014810B9BC3E958
:10FC10000201069B03F007000DF5197DBDE8F08F8A
:10FC200000000040FB21F93F0000E03F0000F03FF2
:10FC30000000703E782B040048AB0393B9F1000F2D
:10FC400040F32781039ACDF810904FEAC90301933E
:10FC5000D318D3E900AB09F10053013B02EBC9080B
:10FC60000293914678E9026752465B463046394630
:10FC700021F0CCFB04460D4602460B463046394681
:10FC800021F0C2FB52465B4621F0C0FBC145A246B3
:10FC9000AB46C8E90201C8E90045E3D1DDF81090A0
:10FCA000B9F1010F40F3F580019B039A02991344C7
:10FCB000C900D3E9006701F1080A019192440DF5EA
:10FCC000947B7AE9028932463B464046494621F018
:10FCD0009DFB04460D4602460B464046494621F030
:10FCE00093FB32463B4621F091FBD34526462F46F7
:10FCF000CAE90201CAE90045E3D1019C039B103423
:10FD0000002000211C4403F1100574E9022321F0B6
:10FD10007DFBA542F9D1039C079ED4E90023D4E9D9
:10FD20000245002E00F08A8003F1004701F10043F4
:10FD30000B99C1E90403069B2646944605F100444D
:10FD400003F00700C1E900C7C1E902640DF5197DA0
:10FD5000BDE8F08F089C039D0834002000212C444E
:10FD600074E9022321F052FBA542F9D1079B13B19C
:10FD700001F1004319460B9BC3E90001069B03F008
:10FD800007000DF5197DBDE8F08FBBF1000F08F1FC
:10FD9000010874DD022581E500260027EFE6002436
:10FDA0008EE5CDE90685059D304639466A4200F06C
:10FDB00063FD0022384B06460F4621F063FF00B377
:10FDC0000022364B3046394621F0D6FC21F084FF24
:10FDD000044621F067FC00222F4B21F0CDFC0B469E
:10FDE00002463946304621F00FFB21F075FF0BF13A
:10FDF00001090CAB183543F82B00059543F8294051
:10FE00005FE63046394621F067FF0CABD94643F830
:10FE10002B0056E60B9C01F10043C4E900030B469E
:10FE200003990246D1E9000121F0EEFAB9F1000F81
:10FE30003FF7DFAE01F100431946E7E60B9EC6E946
:10FE40000023069BC6E9040103F00700C6E902454A
:10FE50000DF5197DBDE8F08FA29B032B3FF6D9AEBF
:10FE600001A252F823F000BF79FE0100ABFB0100B4
:10FE7000ABFB010039FC01000020002176E732468F
:10FE80003B460020064921F0BFFA022506460F46F0
:10FE90002BE5002000213EE7000070410000703E8D
:10FEA0000000F03F000000002DE9F04F21F0004677
:10FEB000B6F1795F85B004460D469046994604DA5E
:10FEC00021F00AFF002800F0858022462B462046BC
:10FED000294621F051FC06460F4602460B462046B5
:10FEE000294621F049FC41A3D3E9002382468B46F1
:10FEF0003046394621F040FC3EA3D3E9002321F0EF
:10FF000083FA32463B4621F037FC3CA3D3E9002379
:10FF100021F07CFA32463B4621F02EFC39A3D3E98E
:10FF2000002321F071FA32463B4621F025FC37A32D
:10FF3000D3E9002321F06AFA0E9BCDE900019BB3BF
:10FF40000022294B4046494621F016FCDDE90023FA
:10FF5000CDE902015046594621F00EFC02460B46FF
:10FF6000DDE9020121F050FA32463B4621F004FC63
:10FF700042464B4621F048FA19A3D3E9002306462E
:10FF80000F465046594621F0F7FB02460B463046D5
:10FF9000394621F03BFA02460B462046294621F01D
:10FFA00033FA05B0BDE8F08F02460B4630463946BD
:10FFB00021F0E2FB0AA3D3E9002321F025FA5246FF
:10FFC0005B4621F0D9FB22462B4621F01FFA05B0F3
:10FFD000BDE8F08F2046294605B0BDE8F08F00BF90
:10FFE000495555555555C53F0000E03F7CD5CF5A82
:10FFF0003AD9E53DEB9C2B8AE6E55A3E7DFEB157AA
:020000040002F8
:10000000E31DC73ED561C119A0012A3FA6F8101112
:100010001111813F000000002DE9F04FC04C21F08C
:10002000004687B0A64282468B460F46CDE90023A4
:100030001ADC21F051FE00283FD1109B52460133BB
:100040001343334300F0B781109B012B00F0C081B4
:100050005B460020B34921F0B9FC04460D4620461A
:10006000294607B0BDE8F08FAF4B9E4225DD002941
:1000700009DADDE90045224605F10043CDE9002318
:100080000BF100418B4652465B4685A1D1E9000148
:1000900021F0BAF9DDE9002304460D4682A1D1E939
:1000A000000121F0B1F99FED827B22462B468DEDB8
:1000B000007B21F0ABF982468B4652465B465046A8
:1000C000594621F059FB02460B468046894621F0ED
:1000D00053FB424604460D464B465046594621F0D6
:1000E0004BFB75A3D3E90023CDE902012046294645
:1000F00021F042FB72A3D3E9002321F087F92246C5
:100100002B4621F039FB70A3D3E9002321F07EF9BF
:1001100022462B4621F030FB6DA3D3E9002321F0CA
:1001200075F922462B4621F027FB6BA3D3E9002368
:1001300021F06CF922462B4621F01EFB68A3D3E97F
:10014000002321F063F942464B4621F015FB66A3DC
:10015000D3E90023CDE904012046294621F00CFB18
:1001600063A3D3E9002321F051F922462B4621F065
:1001700003FB61A3D3E9002321F048F922462B4673
:1001800021F0FAFA5EA3D3E9002321F03FF92246D9
:100190002B4621F0F1FA5CA3D3E9002321F036F9D4
:1001A00022462B4621F0E8FA59A3D3E9002321F097
:1001B0002DF902460B46DDE9040121F027F9DDE9BE
:1001C000022321F0D9FADDE9004522462B4621F031
:1001D0001DF942464B4621F0CFFA22462B4621F02C
:1001E00015F94DA3D3E9002304460D46DDE90201CC
:1001F00021F0C2FA22462B4621F008F90B460246AE
:10020000804689465046594621F000F9464B9E42A9
:1002100004460D4600F38C80109B012B3BD0024618
:100220000B4600203F4921F0D1FB002406460F4633
:100230002046294652465B46CDE90067CDE90201DA
:10024000009421F0E1F8DDE900AB02460B464046A0
:10025000494621F0D9F852465B4621F08DFA5246C4
:1002600004460D465B46DDE9020121F085FA0022D5
:100270002E4B21F0CBF802460B462046294621F0B2
:10028000C5F832463B4621F077FA52465B4621F0EC
:10029000BDF804460D462046294607B0BDE8F08F5C
:1002A000182D4454FB21E93F075C143326A6813CFA
:1002B0000000000000000000D47ABF74702AFB3EEA
:1002C000E9A7F0320FB8123F68108D1AF726303FB9
:1002D0001583E0FEC8DB573F93846EE9E326823F37
:1002E000FE41B31BBAA1AB3F735360DBCB75F3BECA
:1002F000A69237A0887E143F0165F2F2D844433FAE
:10030000280356C9226D6D3F37D60684F464963FA4
:100310007AFE10111111C13F635555555555D53F02
:10032000FFFF2F3E0000F0BF2794E53F0000F03FA5
:10033000109821F0B7F92246CDE900012B4620465E
:10034000294621F019FADDE90023CDE90201204612
:10035000294621F05BF802460B46DDE9020121F057
:1003600035FB42464B4621F04FF802460B465046BD
:10037000594621F049F802460B4621F047F802465B
:100380000B46DDE9000121F03FF80446B81700F004
:100390000200C0F101000D4621F084F902460B462F
:1003A0002046294621F0E8F904460D462046294614
:1003B00007B0BDE8F08F504659461EF03BF90246A3
:1003C0000B460020044921F001FB04460D4662E77C
:1003D00054465D465FE700BF0000F03F00000000AC
:1003E0002DE9F04FCC4A21F00043934285B082467C
:1003F0008B460C4620D9C94A934200F2D780002C84
:1004000080F2A481ACA3D3E900235046594620F0E2
:10041000FDFF0022002321F021FC002840F0D180C4
:10042000A7A3D3E900235046594621F0A5F9024677
:100430000B460020BA4994E1BA4A934200F2E580A3
:10044000B94A934240F22E81002301930022B74B18
:100450005046594621F090F906460F4602460B4693
:100460005046594621F088F997A3D3E90023044662
:100470000D4621F081F996A3D3E9002320F0C6FFB1
:1004800022462B4621F078F993A3D3E9002320F0EC
:10049000BBFF22462B4621F06FF991A3D3E900233D
:1004A00020F0B4FF22462B4621F066F98EA3D3E953
:1004B000002320F0A9FF22462B4621F05DF90022FF
:1004C0009B4B20F0A3FF8046894602460B463046F0
:1004D000394621F051F902460B460020954920F09B
:1004E00093FF064602460B460F464046494620F01B
:1004F0008BFF3246804689463B465046594621F09E
:100500003BF902460B4600208B4920F07DFF024656
:100510000B464046494621F059FA22462B4621F027
:100520002BF9019E02460B46002E4DD0DDE90267F5
:1005300032463B4620F068FF52465B4621F01CF9EC
:1005400032463B4620F060FF2B46224620F05CFFFF
:10055000019B013306460F4600F02381019B012BCE
:100560007BD0019A531C392B4FEA025500F22881A7
:10057000019A132A40F35581019BC3F57F7403341C
:100580000022230520F042FF02460B465046594602
:1005900020F03AFF0022664B20F038FF824605EB40
:1005A000010B5046594605B0BDE8F08F634A9342AF
:1005B0001BD9C1F313030343024640F01281002903
:1005C000EFDA00205E490DE05046594621F0D4F89C
:1005D00022462B4620F018FF02460B46504659464D
:1005E00020F012FF05B0BDE8F08F41A3D3E900234E
:1005F00021F052FB00283FF402AF3FA3D3E90023D0
:100600001046194621F0B8F8ECE74E4A934200F242
:10061000EC8000293AA3D3E9002339DA20F0F6FE72
:1006200039A7D7E900674FF0FF3380468946019329
:1006300032463B464046494620F0E6FE02460B461F
:1006400082468B464046494620F0DEFE32463B4617
:1006500020F0DAFECDE90201F8E600223A4B5046DE
:10066000594621F0FBFA002800F0CC80504659464C
:1006700000222E4B20F0CAFE02460B463046394679
:1006800020F0C2FE00224FF0404321F075F8A9E7A8
:1006900020F0BAFE01238046894601931CA7D7E9C2
:1006A0000067C5E714A3D3E9002320F0AFFE02469C
:1006B0000B468FE7AFF3008059F3F8C21F6EA50118
:1006C000FE822B654715F73F2DC3096EB7FD8ABE25
:1006D0003952E686CACFD03EB7DBAA9E19CE143F68
:1006E0008555FE19A0015A3FF41011111111A13FB7
:1006F000EF39FAFE422E86409C7500883CE4377E36
:100700000000E0FE422EE63F763C7935EF39EABD47
:10071000763C7935EF39EA3D79684340412E864091
:100720000000E0BF422ED63FFFFF8F3C0000E03FBD
:100730000000F03F0000084000001840FFFFEF7F7E
:100740000000F0BFB1A2F03F0000D0BF44A3D3E946
:1007500000235046594621F00FF802460B46002070
:10076000414920F053FE21F0B7FA019020F09AFFA2
:1007700037A3D3E9002306460F4620F0FDFF0246CB
:100780000B465046594620F03FFE33A3D3E90023E1
:10079000804689463046394620F0EEFF06460F4631
:1007A00046E702460B465046594620F02DFE0022F1
:1007B0002D4B20F0E1FF00222B4B20F025FE11E70E
:1007C00052465B4620F020FE02460B460020274999
:1007D00020F01AFE6B1819460022244B20F014FE5C
:1007E00000E70B4620F012FEFCE61DA3D3E9002330
:1007F00020F0C2FF002C02460B464FF00000AFDA9B
:100800001B49AEE732463B465046594620F0FCFDB8
:1008100002460B4620F0FAFD0022144B20F0F6FDB4
:10082000E0E64FF4001343FA02F452465B4620F030
:10083000EBFDC4F17F57002607F5401702460B4633
:100840003046394620F0E0FDA8E600BFAFF3008057
:100850000000E0FE422EE63F763C7935EF39EA3D76
:10086000FE822B654715F73F0000E03F0000F03F98
:100870000000E0BF00000000F8B5C1F30A530446D1
:100880000D460E4617460BBB21F000460346334388
:100890001BD0354B002220F06FFF344B9F420446A3
:1008A0000D4635DBC1F30A530E46363B3B4440F25E
:1008B000FE72934232DC002B11DD26F0FF4626F457
:1008C000E00646EA035520462946F8BD40F2FF728D
:1008D0009342EBD102460B4620F098FDF8BD13F190
:1008E000350F28DA4CF250339F4222462B460ADD60
:1008F00019A1D1E9000120F0E3FC17A3D3E90023FB
:1009000020F03AFFF8BD16A1D1E9000120F0D8FC93
:1009100013A3D3E9002320F02FFFF8BD22462B4676
:100920000DA1D1E9000120F0CBFC0BA3D3E90023FA
:1009300020F022FFF8BD26F0FF4626F4E00636330D
:1009400046EA0355204629460022094B20F014FFB1
:10095000F8BD00BFAFF300809C7500883CE4377E93
:1009600059F3F8C21F6EA50100005043B03CFFFFD1
:100970000000903C10B5054C237833B9044B13B1FB
:100980000448AFF300800123237010BD28380020F5
:1009900000000000945C040008B5034B1BB1034940
:1009A0000348AFF3008008BD000000002C38002091
:1009B000945C0400154B002B08BF134B9D46A3F518
:1009C000803A00218B460F461348144A121A21F030
:1009D0006DFC0F4B002B00D098470E4B002B00D026
:1009E00098470020002104000D000D48002802D087
:1009F0000C4805F043F920F099FC2000290004F090
:100A0000EDFB20F07FFC00BF00000800000002208A
:100A10000000000000000000002400202C470020FF
:100A20007D5C02000000000008B501F05BFDFCF7F2
:100A30003BFEBDE8084001F0B7BA00BF08B501F0C1
:100A400051FDFCF7A1FEBDE8084001F0ADBA00BFC2
:100A500008B501F047FD1DF063FEBDE8084001F058
:100A6000A3BA00BF08B501F03DFD1EF055FABDE880
:100A7000084001F099BA00BF08B501F033FDFCF75A
:100A800023FEBDE8084001F08FBA00BF08B501F0B1
:100A900029FD1EF077F8BDE8084001F085BA00BFD7
:100AA00008B501F01FFDFCF7ABF8BDE8084001F008
:100AB0007BBA00BF08B501F015FD1DF0B9FFBDE818
:100AC000084001F071BA00BF10B584B00C46014671
:100AD00003A812F075FC002303A900931A460194A1
:100AE00003480FF063FF03A812F054FC04B010BDDC
:100AF0003C2D002010B50129B8BF012182B00C4661
:100B000090B1828882B1012A17D0811D12B201A84A
:100B100013F02AF8224601A90C480FF09DFF01A806
:100B200012F0AAFF02B010BD094807F09BFC04EBCD
:100B300084000DF0C1FA02B010BD01EB8102817991
:100B400002480FF00BFF02B010BD00BF3C2D00208B
:100B5000042D0020014812F05BBC00BF142D0020C2
:100B600010B584B00C46014603A812F029FC0023FE
:100B7000224603A9CDE90033044805230FF0D2FF34
:100B800003A812F007FC04B010BD00BF3C2D0020EC
:100B900000B585B0014602A812F012FC02A903A814
:100BA00012F006FC002303A9CDE900331A460648DB
:100BB0000FF0FCFE03A812F0EDFB02A812F0EAFB16
:100BC00005B05DF804FB00BF3C2D002000F054BBD5
:100BD0000DF072BA70B5049E96420C4624DB1546A1
:100BE0006BB9042A19D0022A02D110F0010310D0E7
:100BF00001462A46204621F035FB002070BD1044F6
:100C00000D4410F8013D01F8013B8D42F9D100205F
:100C100070BD02880A80184670BD10F00303E7D14A
:100C200002680A60184670BD0846002121F03EFBAC
:100C30004FF0FF3070BD00BF0830704740B1002951
:100C400005DB43688B4202DD0844007A70470020D0
:100C5000704700BF30B1002904DB43688B42C4BF3A
:100C600040180272704700BF40B1002905DB43689D
:100C7000994202DA0844007A70470020704700BFAA
:100C8000830704D1030F0CBF01200020704701200F
:100C9000704700BF30B1002904DB43689942BCBFF4
:100CA00040180272704700BFF8B5002B20DB002906
:100CB0001EDB46688E421BDB5468761AE51AB54285
:100CC000A8BF3546002D13DB824202F108070C460F
:100CD00000F108062A4605D0F918301921F0C2FAA9
:100CE0000020F8BDF118381921F0C7FA0020F8BD2E
:100CF0004FF0FF30F8BD00BF4068704710B4141EBD
:100D000010DB426894420DDC33EA230328BF13460C
:100D1000121B08309A422044A8BF1A465DF8044BC3
:100D200021F0C4BA5DF8044B704700BF10B44368AB
:100D30008B4200F108041846A8BF084632EA220197
:100D400028BF19461B1A99422044A8BF19465DF8CE
:100D5000044B00F0FBBF00BF70B5002BBCBF436865
:100D60009B1A002A0E4620DB44689918A1421CDC1D
:100D700091421ADBCBB136F0004116D05942B14254
:100D800014DAB34212DD0830002E00EB020516DB48
:100D90009C1B2246A919284621F06FFA32462819D1
:100DA0000021BDE8704021F081BA70BD002CFCDB51
:100DB000224608300021BDE8704021F077BA744225
:100DC0009A192946281921F058FA22462846002166
:100DD000BDE8704021F06ABA03460830596800F057
:100DE000B3BF00BF70B5054600206968490000F038
:100DF00087FF6B68002B14DD0A4EEB1D02465C7802
:100E00002411991F345D94715C7804F00F04491B20
:100E1000345DD4716C688C4202F1020203F101036B
:100E2000EDDC70BDB02B0400002BBCBF43689B1AE7
:100E3000002A30DB70B445689C18AC4229DC94422F
:100E400027DB33B331F0004423D00029B8BF01EBD6
:100E5000032191FBF3F403FB1411002900F10800B6
:100E6000B8BFC918024411448A42134411D00C4639
:100E700004E08A4204460FD094420AD020461578F6
:100E800010F8016B02F8016B83422570F1D10C461A
:100E9000F2E770BC704770470146EDE700B583B0DC
:100EA0004FF0FF3300930023FFF7FEFE03B05DF821
:100EB00004FB00BF10B50C1E0EDD4168083002F0C7
:100EC00055F91F2C07DC0123A34020FA04F4013B51
:100ED000444004EA030010BD002010BD014600207C
:100EE00000F034BF03460630998800F02FBF00BFE2
:100EF00030B5013A83B004460D460F2A13D8DFE817
:100F000002F0141408086114141B1B734A2554675B
:100F10005A38184601F078FB012D04DD80B2E20753
:100F200054BF2080208003B030BD184601F06CFB18
:100F3000002DF8DD2070F6E7184601F065FB012D65
:100F4000F1DDC0F3072360702370ECE7184601F071
:100F5000F1FA032D0090E6DD9DF800009DF80110E8
:100F60009DF802209DF803302370E070A17062703C
:100F7000D9E7184601F0B6FA072DCDE90001D2DD18
:100F80000DF1FF3204F1080312F8011F03F8011DEF
:100F90009C42F9D1C7E7184601F0CCFA032DC2DD17
:100FA000A3070CBF20602060BDE7184601F0C4FB1A
:100FB000032DF5DCB7E7184601F0BEFB032D0090CA
:100FC000CADCB0E7184601F01FFB032DE8DCAAE7F6
:100FD000184601F087FA072DCDE90001A3DD6B4625
:100FE00003CB206061609EE7184601F00DFB032DE6
:100FF0000090B1DC97E700BF30B4141E07DB4568F2
:1010000008300A462044291B30BCFFF771BF30BCB2
:10101000704700BF00B5013A85B00F2A00F2888002
:10102000DFE802F01623303D4A56595C5F62657175
:10103000748083080091012308220DEB0201FFF761
:10104000C9FDDDE9020100F0AFFF05B05DF804FB6A
:1010500000910023012202A9FFF7BCFD9DF90800C1
:1010600001F098F805B05DF804FB0091002301221F
:1010700002A9FFF7AFFD9DF8080001F08BF805B05D
:101080005DF804FB00910023022202A9FFF7A2FDF4
:10109000BDF9080001F07EF805B05DF804FB009191
:1010A0000023022202A9FFF795FDBDF8080001F018
:1010B00071F805B05DF804FB00910023042202A939
:1010C000FFF788FD029801F065F805B05DF804FBB4
:1010D00001230091BEE701230091C8E7009101239D
:1010E000D2E700910123DCE700910123E6E70091BC
:1010F0000023042202A9FFF76DFD029801F054F8C5
:1011000005B05DF804FB00910123F2E70091002394
:10111000042202A9FFF75EFD029801F033F805B042
:101120005DF804FB0091002386E700910123EFE7BF
:1011300000208AE7131E09DB10B4446808300A4611
:101140001844E11A5DF8044BFFF764BF002001F07A
:1011500021B800BF054B1A6810B4146B0023A446D5
:101160001A4619465DF8044B604700BF90380020CE
:1011700030B585B06C4684E80F0094E80F000A4C47
:10118000089D84E80F00BDF8020001F003F8074B4A
:101190001A68146B002301461A462846A44605B077
:1011A000BDE83040604700BFE8370020903800209D
:1011B00008B502F0A7FCBDE808400DF013B800BF69
:1011C00008B5064E054632680023146B19461A46C8
:1011D0002846A04714200CF06FFFF4E79038002059
:1011E0000A460223014601480EF0A2BAAC2B0020A9
:1011F00010B504460CF0D4FC034638B100200CB105
:1012000044F820301B6A0130002BF8D110BD00BF1C
:1012100004F0F0BB10B504F0DFFB6FF0004004F009
:1012200083FB0446014604480CF0D2FB2046BDE88F
:10123000104000F0ADBD00BFC42B040008B50A4843
:10124000FBF7FAF901200DF005F940F2044398424A
:1012500000D808BD01200DF0FDF8BDE80840A0F55C
:10126000806002F095B900BF00250020704700BFE4
:101270000CF0B8BF0DF0A4BA50B110B5044602F09E
:1012800033FC2146034A0448BDE810400CF006BE7A
:10129000704700BF19E20200C111020050B110B541
:1012A000044602F021FC2146034A0448BDE81040F0
:1012B0000CF0F4BD704700BFB111020055110200DF
:1012C00089B280B20CF01EBF08B5042004F08CFB7C
:1012D000BDE80840FFF79EBF074B10B51C6800F043
:1012E000B5FF4FF0805213691269013B2344184443
:1012F0005242104010BD00BF90380020024B1B78B6
:1013000003B17047FFF76CBFEC460020024B186832
:1013100000B1406A704700BF943E0020014B1B683B
:1013200058627047943E00202DE9F04FDFF810819D
:10133000D8F8003087B0002B6AD081460CF030FC22
:10134000034600286ED000241B6A0134002BFBD119
:10135000A50028460DF0DEF80390FFF749FFA042F4
:1013600051D1002C3BDD039B043B01932B4409F03E
:10137000020902934FF0000A019B53F8047F019386
:101380007E6A46B30436D8F8003034689F422CD0C9
:101390003868D7F808B015F0AFFCD8F80030756899
:1013A000ABEB00009F42044407D03868D7F808B080
:1013B00015F0A2FCABEB00000544B9F1000F18D109
:1013C000A54205D954F8040B02F08CF8AC42F9D3CD
:1013D000B668002ED7D1DDE901239342CCD1039822
:1013E00007B0BDE8F04F0DF0BBB87568B9F1000F5C
:1013F000E6D02B1B51469B10224610480CF0E8FA11
:101400000AF1010ADCE74FF44B70FFF701FFA8E790
:1014100001200DF07FF80590059807B0BDE8F04F6A
:101420000DF09EB80DF076F80390FFF7E1FE00286E
:10143000D5D04FF44B70FFF7EBFED0E7D42B040070
:10144000943E002010B5074C20460AF00DF92046C6
:10145000054A064920F0CAFE0548BDE8104011F0D3
:101460005FBF00BF0025002030200020751402005F
:10147000E8370020604B03F138022DE9F0470446BD
:10148000C0E9003200F593505C4F04F02DFD0025BB
:1014900004F62C1004F08EF904F51060C4F80079FD
:1014A000A4F806590CF05CF904F6D800C4F8D87812
:1014B000A4F8DE580CF054F904F50B6011F006F8AE
:1014C0004F4BC4F8A03804F50A600DF081F904F61A
:1014D00088000FF05DFB04F507600FF059FB04F680
:1014E000040004F0E3FB04F2A47006F043FD04F5ED
:1014F000EF6005F0ADFD04F5E76004F007FD04F2D0
:10150000AC6014F0E7FE3F4BC4F8643304F5597641
:1015100004F5D56012F032FA3046C4F86473A4F8CA
:101520006A530CF01DF9384BC4F8243304F54970A4
:1015300011F07EF9354BC4F8E03004F1E00904F510
:10154000457804F5477600E02E46351F284612F010
:1015500015FAA845F8D1DFF8BCA0303E04F1F40834
:1015600046F818AC443D304611F0BEFA05F10800CB
:1015700012F004FAA845A6F14406F1D10025484628
:10158000C4F8E070A4F8E6500CF0EAF804F1B800F2
:1015900010F0E8FB04F180000EF08EFE04F1640010
:1015A000A4F86A5067660CF0DBF804F14C00A4F86C
:1015B0005250E7640CF0D4F8264604F134006587F5
:1015C00067630CF0CDF8124B46F80C3F04F1200095
:1015D00012F052FA04F11C0012F04EFA3046658205
:1015E000E7600CF0BDF8201D658167600CF0B8F86D
:1015F0002046BDE8F08700BF50420400704404005C
:101600009C4A0400AC420400A85304002452040085
:10161000F03F0400085204002DE9F84F604B614F81
:1016200003F13802A0F10408044640E9013208F54C
:10163000935004F059FC002504F6281004F0BAF881
:1016400004F6FC00C4F8FC78A4F802590CF088F801
:1016500004F6D400C4F8D478A4F8DA580CF080F872
:1016600004F6AC0010F032FF4F4BC4F89C3804F67F
:101670009C000DF0ADF804F684000FF089FA04F632
:101680006C000FF085FA04F5006004F00FFB04F520
:10169000F46006F06FFC04F2747005F0D9FC04F2FB
:1016A000347004F033FC04F5D56014F013FE3F4BA6
:1016B000C4F8603304F5587604F2A46012F05EF9C1
:1016C0003046C4F86073A4F866530CF049F8384B00
:1016D000C4F8203304F5487011F0AAF8354BC4F86B
:1016E000DC3004F1DC0904F5447A04F5467600E0C8
:1016F0002E46351F284612F041F9AA45F8D1DFF8E9
:10170000BCA0303E04F1F00B46F818AC443D304626
:1017100011F0EAF905F1080012F030F9AB45A6F135
:101720004406F1D100254846C4F8DC70A4F8E25024
:101730000CF016F804F1B40010F014FB04F17C0076
:101740000EF0BAFD04F16000A4F8665027660CF0B4
:1017500007F804F14800A4F84E50A7640CF000F814
:10176000264604F13000E58627630BF0F9FF124BA3
:1017700046F8083F04F11C0012F07EF904F118004D
:1017800012F07AF93046E581A7600BF0E9FF2046B8
:10179000E58027600BF0E4FF4046BDE8F88F00BF0E
:1017A00050420400704404009C4A0400AC4204000F
:1017B000A853040024520400F03F0400085204001F
:1017C0002DE9F84F614B624F03F13802A0F1040894
:1017D000044640E9013208F5935004F085FB0025EA
:1017E00004F6281003F0E6FF04F6FC00C4F8FC78C9
:1017F000A4F802590BF0B4FF04F6D400C4F8D4786E
:10180000A4F8DA580BF0ACFF04F6AC0010F05EFE62
:10181000504BC4F89C3804F69C000CF0D9FF04F639
:1018200084000FF0B5F904F66C000FF0B1F904F57F
:10183000006004F03BFA04F5F46006F09BFB04F250
:10184000747005F005FC04F2347004F05FFB04F5DD
:10185000D56014F03FFD404BC4F8603304F5587672
:1018600004F2A46012F08AF83046C4F86073A4F859
:1018700066530BF075FF394BC4F8203304F54870FC
:1018800010F0D6FF364BC4F8DC3004F1DC0904F567
:10189000447A04F5467600E02E46351F284612F0BD
:1018A0006DF8AA45F8D1DFF8C0A0303E04F1F00B86
:1018B00046F818AC443D304611F016F905F1080021
:1018C00012F05CF8AB45A6F14406F1D1002548467C
:1018D000C4F8DC70A4F8E2500BF042FF04F1B4004D
:1018E00010F040FA04F17C000EF0E6FC04F1600018
:1018F000A4F8665027660BF033FF04F14800A4F803
:101900004E50A7640BF02CFF264604F13000E5860C
:1019100027630BF025FF134B46F8083F04F11C002A
:1019200012F0AAF804F1180012F0A6F83046E5818A
:10193000A7600BF015FF2046E58027600BF010FF35
:10194000404620F051FC4046BDE8F88F504204006C
:10195000704404009C4A0400AC420400A8530400F4
:1019600024520400F03F040008520400614B03F1CC
:1019700038022DE9F0470446C0E9003200F59350E3
:101980005D4F04F0B1FA002504F62C1003F012FFAD
:1019900004F51060C4F80079A4F806590BF0E0FED5
:1019A00004F6D800C4F8D878A4F8DE580BF0D8FEB6
:1019B00004F50B6010F08AFD504BC4F8A03804F514
:1019C0000A600CF005FF04F688000FF0E1F804F55A
:1019D00007600FF0DDF804F6040004F067F904F284
:1019E000A47006F0C7FA04F5EF6005F031FB04F5CA
:1019F000E76004F08BFA04F2AC6014F06BFC404B2F
:101A0000C4F8643304F5597604F5D56011F0B6FFD7
:101A10003046C4F86473A4F86A530BF0A1FE394B46
:101A2000C4F8243304F5497010F002FF364BC4F8B3
:101A3000E03004F1E00904F5457804F5477600E06C
:101A40002E46351F284611F099FFA845F8D1DFF83A
:101A5000C0A0303E04F1F40846F818AC443D3046CE
:101A600011F042F805F1080011F088FFA845A6F131
:101A70004406F1D100254846C4F8E070A4F8E650C9
:101A80000BF06EFE04F1B80010F06CF904F1800068
:101A90000EF012FC04F16400A4F86A5067660BF0C3
:101AA0005FFE04F14C00A4F85250E7640BF058FEBE
:101AB000264604F13400658767630BF051FE134B33
:101AC00046F80C3F04F1200011F0D6FF04F11C0091
:101AD00011F0D2FF30466582E7600BF041FE201D19
:101AE000658167600BF03CFE204620F07DFB2046C0
:101AF000BDE8F08750420400704404009C4A040092
:101B0000AC420400A853040024520400F03F040037
:101B1000085204002DE9F04100238CB08FB286B248
:101B20004FF0100804463146CDE900381546164BF3
:101B30003A4602A80CF05CFD02A914480FF0FAFF27
:101B400002A80CF071FD0F2C05D1284601F0CCFF46
:101B50000CB0BDE8F081282020F04DFB3146044652
:101B6000CDE900583A46084B0CF042FD21460748A3
:101B700010F02CF80028E8D020460CF055FD204647
:101B800020F032FBE1E700BF71110200B825002010
:101B900008B50EF093FB08BD08B50EF09FFB20F0D2
:101BA000404008BDFFF77ABBFFF78ABB03F010BFC8
:101BB000C117FFF75FBB00BF00B585B0D3B28AB2D3
:101BC00081B2684611F08CFB05B05DF804FB00BFE4
:101BD000002B08BF1023FFF79DBF00BF014B5888A3
:101BE000704700BFE8370020014B9868704700BF7E
:101BF000E837002008B503F0A5FE4FF0FF31BDE83F
:101C0000084000F0A1B800BF00B583B068460B499A
:101C100004F006FBBDF80430094AA3F51943033B61
:101C2000012B94BF002301234FF0FF3152F8230012
:101C300003B05DF804EB00F087B800BF382C00203B
:101C40003420002003F07ABE0821014800F07EB85D
:101C500060000010704700BF084619B1898806303F
:101C6000FFF74CBB704700BF08B510F01DFA08BD68
:101C7000811D01480BF0ACBEE02B04000A46811D1B
:101C800001480BF0A5BE00BFE82B0400014820F07E
:101C90006040704700000220012001F0C3BC00BF7B
:101CA00008B5022001F0BEFC40F29330BDE80840C8
:101CB000FFF7AEBA014B1860704700BF44380020F0
:101CC000704700BF00207047704700BF80880A300F
:101CD00080087047063070478088704783888B4241
:101CE00026BF063040180020704700BF0320704711
:101CF00040680B308008704780887047704700BF8D
:101D000070B50C1E064603DB3CB90D4D284670BD70
:101D100020F008FB0446002CF7D0E01D01F0E0FDA8
:101D2000054608B1074B0360AC8026B13146224618
:101D3000A81D20F097FA2C440023A371284670BDFB
:101D4000682D0400702C0400FFF7DABF70B50D1E7B
:101D500012DD064605F1080001F0C2FD044608B197
:101D6000094B0360656004F108002A46314636B12C
:101D700020F078FA204670BD044C204670BD20F05B
:101D800095FA204670BD00BFDC2C04005C2D0400D9
:101D9000014B1860704700BF3C200020034A044BF1
:101DA000116803FB00F04840106070473C200020A1
:101DB000CB5725CA30B40E4D2A6804462146002070
:101DC000930983EAD273534083EA121383EA92039E
:101DD0005208534042EAC37202F00103490843EA41
:101DE0004000EDD18442E9D32A6030BC704700BF87
:101DF0003C20002000487047682D040000B583B0E7
:101E000002AB0022ADF8042003F8040D01211846AE
:101E1000FFF776FF03B05DF804FB00BF2DE9F0414A
:101E20000D4688B11C4B39B198422BD09D420446D7
:101E30000FD12046BDE8F081984221D08688174D09
:101E40000446311D042707E0144CF9B1124B9D42A2
:101E5000EFD0A688AF88F1190020FFF751FF04F1F9
:101E60000608831D044641461846324620F0FAF91A
:101E70003A463044A91D20F0F5F92046BDE8F0812E
:101E8000064CD6E70C462046BDE8F08104272546DF
:101E90003E460821E0E700BF682D0400BC2D040089
:101EA000884212D030B48B88828806309A4228BF8C
:101EB0001A460531034613F8015B11F8014FA5429C
:101EC00005D009D3012030BC7047002070471C1A90
:101ED0009442F0D90020F6E74FF0FF30F3E700BF5F
:101EE00080887047002A1ADD10B483880029BCBF9F
:101EF000C91821EAE1715C1A944206DC002C03DC6B
:101F000008485DF8044B7047224699423ABF0630B4
:101F10004018002011465DF8044BFFF7F1BE014860
:101F2000704700BF682D040078B371B32DE9F04706
:101F3000858822EAE272AA4223D200F1060818EB51
:101F40000204A5EB02058F881BD0BD4219D391F87E
:101F500006A001F1060902E0AF42344611D8237809
:101F6000534505F1FF3504F10106F5D13A464946DE
:101F7000204620F068F90028EED1A4EB0800BDE867
:101F8000F0874FF0FF30BDE8F0874FF0FF3070472B
:101F900008B5FFF7C9FF013018BF012008BD00BF19
:101FA00080F00100704700BF0A1E38B511D138B368
:101FB00002460B4604460D461FF078FE002841D12C
:101FC0000C2001F08DFC08B11F4B0360C0E90145F6
:101FD00038BDC2F30A54A4F2FF331D2B12D8142BC0
:101FE000054618DC0028E3D1A4F2F33412FA04F415
:101FF000DED1D002C3F11F0340F00040D8401AE008
:10200000012038BD1E2BD3D10028D1D10F4B9A42CD
:10201000CED10F4838BDA4F2134410FA04F4C7D14E
:10202000D002C3F11F0140F00040C3F13403C840A7
:1020300025FA03F31843002AB8BF4042400040F09D
:10204000010038BD0E2038BD0C2D04000000D0C1A9
:10205000010000802DE9F04182B0063001A9FAF7B5
:10206000CFF80022002306460F461FF0EDFD60BBAF
:1020700027F00045304629464FF0FF321F4B3446CB
:102080004FF001081FF012FE38B94FF0FF321B4B22
:10209000304629461FF000FEF0B118F0FF0F1FD1A7
:1020A00000224FF48013204629464FF001081FF00C
:1020B000FDFD38B92046294600224FF480131FF059
:1020C000CDFDB0B118F0FF0F0AD130463946FFF709
:1020D0006BFF02B0BDE8F081804618F0FF0FDFD043
:1020E000074F002630463946FFF75EFF02B0BDE8D5
:1020F000F081804618F0FF0FE7D0F1E7FFFFEF7F98
:102100000000F87F08B51FF0CDFABDE80840FFF7E2
:102110004BBF00BF01448879400040F00100704788
:1021200020B1002902DB8288914201DB0F48704711
:1021300010B582B0FFF7EEFF0E2804460DD0C3079E
:102140000ED502A800236410ADF80430012100F878
:10215000044DFFF7D5FD02B010BD044802B010BD1C
:1021600040F27130FFF754F8EBE700BF682D040030
:1021700020B1002902DB8288914201DB0E207047EA
:10218000FFF7C8BF08B51FF09FFABDE80840FFF78A
:102190000BBF00BF4300B0EB630F01D0FFF7B2BF2E
:1021A00043F00100704700BFB0F1804F08B503D283
:1021B000400040F0010008BD1FF064FABDE808408F
:1021C000FFF7F2BE002814BF42200A20704700BF6C
:1021D00008B5FAF7D1F9BDE80840FFF7E5BE00BF42
:1021E00001FB00F0704700BF90FBF1F0704700BFAB
:1021F00010B50C2001F074FB044608B102F020FD7C
:10220000204610BD00897047043002F08BBC00BF2F
:1022100003460A460430198902F064BC043002F017
:1022200091BC00BF03894268994234BF52F8210033
:1022300000207047043002F055BC00BF043002F0AB
:102240008FBC00BF043002F0AFBC00BF024B1B6864
:10225000588CC000704700BF90380020704700BF06
:102260000020704738B5184B1B688BB15C6A7CB195
:102270002368984225D05BB1002300E042B10233CD
:1022800054F823208242F9D101339B00E05838BD35
:102290000D460446FFF7E4FF78B103689C420ED078
:1022A0005BB1002300E042B1023350F82320A24288
:1022B000F9D101339B00C05838BD284638BD0423EE
:1022C000F9E70423E2E700BF903800204068704738
:1022D0004160704710B5082001F002FB044608B1C8
:1022E00002F0B6FC204610BD70B50C1E0546164621
:1022F0000EDB83889C420BDA05EB8404E36823B190
:102300000B2140F2863002F0E7FCE660284670BD03
:102310000A2140F2863002F0DFFCEDE7FEF778BFDD
:1023200018B1024B984208BF00207047682D040086
:10233000003018BF0120704710B5142001F0D0FA0A
:10234000044608B102F08CFC204610BD10B50446CE
:1023500002F090FC002806DB238AE268984202D251
:1023600052F8200010BD002010BD00BF2E4B1B688E
:102370002DE9F047DF6ABA683B68824203F1FF311A
:1023800007F1040703D857F82120824230D20029F0
:1023900045DD5B1057F82320904226D0B0F804901A
:1023A0004FF0010C00F105080DE034BF03F1010C02
:1023B00003F1FF318C4532DC0CEB01035B1057F865
:1023C0002320824211D094884C4528BF4C460632C7
:1023D00026464546144614F801AB15F801EFF245C0
:1023E000E3D1A4EB020E7645F5D21846BDE8F0879E
:1023F000002914DD5B1057F823209042F5D001240A
:1024000003E057F823208242EFD090428CBF5C1C3F
:1024100003F1FF310B19A1424FEA6303F1DA002304
:102420001846BDE8F08700BF90380020034B1B68BA
:102430000131DB6A53F82110FFF788BF9038002084
:10244000F8B504460F46164602F014FC011E04F1CE
:102450000C0505DB32462846BDE8F84002F042BBD9
:102460003A462189201D02F03DFB3246218A28464A
:10247000BDE8F84002F036BB034B1B680131DB6A54
:1024800053F82110FFF7DCBF90380020014B18688B
:10249000704700BF8C380020704700BF820708B526
:1024A00008D130B1036823F00103DA78F92A13D197
:1024B000987808BD0028FCD0C3070FD40E280DD093
:1024C00042280DD00A280BD0062805D040F2213032
:1024D000FEF79EFE042008BD042008BD022008BDB2
:1024E000012008BD0E281FD010B5044670B915E0B4
:1024F000FFF7D4FF0346022B204612D0032B0DD149
:10250000FFF7A8FD0E28044608D03CB1A3072046DB
:10251000EED000F00FF81FF0C5F810BD0020044900
:1025200010BDD4E9010110BD00200149704700BF72
:102530000000F87FC107034651D4820704D59B09E8
:1025400014BF01200020704700284AD02DE9F04137
:10255000FFF7C8FF21F000450F464FF0FF32294634
:10256000274B064604464FF001081FF09FFB40B979
:102570004FF0FF32224B304629461FF08DFB00B949
:10258000804618F0FF0F2ED100224FF48013204612
:1025900029464FF001081FF089FB40B92046294623
:1025A00000224FF480131FF059FB00B9804618F049
:1025B000FF0F18D1304639461CF022F90022114B8A
:1025C0001CF04CFB0022002304460D461FF046FB86
:1025D00060B9204629461FF0A7FBBDE8F0814010F6
:1025E0007047002070470020BDE8F0812046294652
:1025F0000022044B1EF00AFF04460D46E9E700BF27
:10260000FFFFEF7F0000F041FFF794BF38B50D46A4
:10261000FFF790FF04462846FFF78CFF00F01F00ED
:1026200004FA00F04300B0EB630F03D0BDE838407C
:10263000FFF768BD43F0010038BD00BF38B50D4657
:10264000FFF778FF04462846FFF774FF00F01F00ED
:1026500044FA00F04300B0EB630F03D0BDE838400C
:10266000FFF750BD43F0010038BD00BF38B50D463F
:10267000FFF760FF04462846FFF75CFF6040430019
:10268000B0EB630F03D0BDE83840FFF73BBD43F02C
:10269000010038BD38B50D46FFF74CFF044628460B
:1026A000FFF748FF20434300B0EB630F03D0BDE8C2
:1026B0003840FFF727BD43F0010038BD08B5FFF7EC
:1026C00039FFC0434300B0EB630F03D0BDE80840BF
:1026D000FFF718BD43F0010008BD00BF38B50D4637
:1026E000FFF728FF04462846FFF724FF2040430059
:1026F000B0EB630F03D0BDE83840FFF703BD43F0F4
:10270000010038BD38B50D46FFF714FF04462846D2
:10271000FFF710FF00F01F0024FA00F0B0F1804F27
:1027200003D2400040F0010038BD1EF0ABFFBDE811
:102730003840FFF739BC00BF0E2816D008B5034655
:10274000C0B19B0708D0FFF7F5FE07EE900AF8EE40
:10275000E77A17EE900A08BDFFF7C4FE1FF004FBEE
:1027600007EE900A17EE900A08BDDFED057A17EE26
:10277000900A7047DFED027A17EE900A08BD00BF9D
:102780000000C07F70B50E46FFF7ACFE0446304631
:102790000D46FFF7A7FE02460B46204629461EF0CF
:1027A00035FEBDE87040FFF7FFBB00BF70B50E46B9
:1027B000FFF798FE044630460D46FFF793FE0246AB
:1027C0000B46204629461EF01FFEBDE87040FFF76D
:1027D000EBBB00BF01F00103184203D0C313013368
:1027E000012B12D9D0B50C46FFF77CFE06462046D9
:1027F0000F46FFF777FE02460B46304639461EF07D
:10280000BBFFBDE8D040FFF7CFBBCB130133012B9B
:10281000E8D84310481000FB03F04300B0EB630F0F
:1028200002D143F001007047FFF76CBC032912D0BE
:10283000D0B50C46FFF756FE064620460F46FFF77A
:1028400051FE02460B46304639461FF0BFF8BDE840
:10285000D040FFF7A9BB7047F8B50C46C107034647
:1028600003D5E20701D5620811D11846FFF73AFEF9
:10287000064620460F46FFF735FE0B460246394610
:1028800030461CF0EBF9BDE8F840FFF78DBBFFF7D1
:1028900051FE05462046FFF74DFE95FBF0F303FB86
:1028A00010504300B0EB630F03D0BDE8F840FFF7D2
:1028B00029BC43F00100F8BD70B50E46FFF712FECB
:1028C000044630460D46FFF735FE294602462046AF
:1028D0001FF0B2FABDE87040FFF766BBC2072DE9F2
:1028E000F8430C460BD5CB0709D540104C10844259
:1028F00041DB3DD1640044F00100BDE8F883FFF7FF
:10290000F1FD064620460F46FFF7ECFD04460D4656
:1029100002460B46304639461FF0BEF990B92246B2
:102920002B46304639461FF08FF928B130463946DC
:10293000BDE8F843FFF738BB22462B4634463D46F8
:1029400016461F46F9F718FE2246804689462B4652
:10295000304639461EF058FD42464B461EF00CFFED
:1029600022462B461EF052FDBDE8F843FFF71CBB84
:10297000234604461846001BFFF71CFA2044440077
:10298000B0EB640F02D144F00100B6E7BDE8F843B4
:10299000FFF7B8BB08B5FFF7A5FD1CF0BFF9BDE810
:1029A0000840FFF701BB00BF08B5FFF79BFD1CF017
:1029B00033FABDE80840FFF7F7BA00BF08B5FFF7E4
:1029C00091FDFAF7CDFBBDE80840FFF7EDBA00BF77
:1029D00008B5FFF787FDFAF743FBBDE80840FFF7AE
:1029E000E3BA00BF08B5FFF77DFD1BF009FFBDE8A6
:1029F0000840FFF7D9BA00BF08B5FFF773FD054BD4
:102A000000221EF003FDFAF7ABFBBDE80840FFF71C
:102A1000CBBA00BF0000E03F0E280BD00E2909D032
:102A20008842F8B5044618D001F00102104216D0D1
:102A30000020F8BD00207047A288A888A31D9042FE
:102A400028BF1046691D1A4612F8014B11F8015FA4
:102A5000A542EDD1D41A8442F6D90120F8BD0D4625
:102A6000FFF71CFD06462846FFF718FD8642DFD11A
:102A700044EA05039B07DBD1032EDDD0022ED7D11C
:102A80002046FFF72FFD064628460F46FFF72AFD92
:102A90000B460246394630461FF0D6F84FF0010388
:102AA00000B90346D8B2F8BD08B5FFF7B5FF002856
:102AB00014BF42200A2008BD08B5FFF7ADFF00286B
:102AC0000CBF42200A2008BD0E281AD00E29F8B5E6
:102AD0000C4614D00628054615D042283FD00A28B7
:102AE0001CD00629034600F09080422C11D00A2CFD
:102AF00037D09C4210D004F001031D4211D00020B9
:102B0000F8BD00207047062906D0422C4FF0000384
:102B1000EDD10322934204D10120F8BD0123062CFC
:102B2000E3D12846FFF7BAFC06462046FFF7B6FC7D
:102B3000032E22D003282FD0012E14D0012821D01B
:102B40008642DCD145EA04039B07D8D1032847D04D
:102B5000022828D0601BB0FA80F04009F8BD03239A
:102B6000DDE70122D6E7062D33D0422D4FF00206D5
:102B700034D00A2DE2D10125E0E7022813D0032842
:102B8000DCD1DFE7062C4FF0020020D0422C23D00E
:102B90000A2CD5D10124D3E7022E04D0012EAED1C8
:102BA000062DE2D1ABE72846FFF79CFC06462046FF
:102BB0000F46FFF797FC02460B46304639461FF09A
:102BC00043F84FF0010400B90446E0B2F8BD002418
:102BD000B6E702260025B1E70324B1E70325ADE7F8
:102BE000AC4299D0AB88A288A81D9A4228BF1A4649
:102BF0000534034613F8011B14F8015F8D427FF47E
:102C00007EAF191A9142F5D986E7002282E700BF0C
:102C1000FFF75ABF08B5FFF757FF002814BF42203F
:102C20000A2008BD08B5FFF74FFF00280CBF42205F
:102C30000A2008BDF8B5078945687FB10E46043DF6
:102C4000002402E00134A74208D0314655F8040FB1
:102C5000FFF73AFF0028F5D02046F8BD4FF0FF30CF
:102C6000F8BD00BF10B500220446FFF7E3FF011EC8
:102C700004DB201D01F074FF012010BD002010BDF9
:102C800038B58307044608D148B1FFF707FC03288D
:102C900012D0022814D0012038BD0A2801D100200A
:102CA00038BD0028FBD00E28F9D00628F7D010F147
:102CB000FF3018BF012038BD0C4B9C42EBD1EEE732
:102CC0002046FFF70FFC02460B4604460D461EF059
:102CD000EDFF0028E3D120462946002200231EF004
:102CE000B3FFB0FA80F0400938BD00BF682D040082
:102CF000422805D00A2801D0FFF7C2BF0020704744
:102D0000012070470E2857D00E2955D0F8B50C4633
:102D10000546FFF7C3FB06462046FFF7BFFB032E21
:102D20002FD0A5422BD02846FFF7DCFB06462046D5
:102D30000F46FFF7D7FB324604460D463B4630466A
:102D400039461EF0B3FFA0BB22462B46204629463B
:102D50001EF0ACFF68BB22462B46304639461EF0BB
:102D60007DFF18BB22462B46304639461EF094FFA5
:102D7000003018BF0120F8BDD01A81420DD20020CA
:102D8000F8BD0328CDD1A542F9D0AA88A188AB1DF2
:102D9000914228BF114605341A4612F8015B14F817
:102DA000010F8542E8D028BF0120E4D24FF0FF3068
:102DB000F8BD6FF00100F8BD6FF00100704700BF73
:102DC00038B501F0010313EA000404D08842ACBF17
:102DD0000020012038BDFFF795FF831C14BFC00FF2
:102DE000204638BD10B501F00104204203D08842CE
:102DF00007DC422010BDFFF785FF831C01D00028AF
:102E0000F7DD0A2010BD00BF10B501F0010420421B
:102E100003D0884207DA422010BDFFF773FF831CFE
:102E200001D00028F7DB0A2010BD00BF10B501F06B
:102E30000104204203D0884205DB422010BDFFF789
:102E400061FF0028F9DA0A2010BD00BF10B501F0BB
:102E50000104204203D0884205DD422010BDFFF767
:102E600051FF0028F9DC0A2010BD00BFF0B591B079
:102E70000446FFF713FB03283DD002280FD0052896
:102E800048D0002C4CD00A2C42D00E2C45D0422CDD
:102E900055D02C4B2C48062C08BF18462CE0E307D5
:102EA0002CD40E2C39D02046FFF71CFB21F0004516
:102EB0000F464FF0FF322946244B06461EF0F6FE21
:102EC00038B9304629464FF0FF32204B1EF0D0FE75
:102ED00040B332463B46304639461EF0E7FEE0B985
:102EE000304639466A46F9F733FA68464FF0FF3103
:102EF000FEF706FF00E0204611B0F0BD6946601005
:102F00000AF0CCFA68464FF0FF31FEF7F9FEF3E71E
:102F10000F48F1E70F4811B0F0BD0F4811B0F0BDF8
:102F20000E48E9E700233046394600221EF096FE9F
:102F30000B4C0C4B002814BF20461846DCE70A480F
:102F4000DAE700BFBC2D0400E02D0400FFFFEF7F97
:102F5000D42D0400F02D0400A02D04004C2D0400FD
:102F6000AC2D0400902D0400C82D040008B5FFF717
:102F700095FA052810D8DFE800F0030507090B0DC6
:102F8000084808BD084808BD084808BD084808BDED
:102F9000084808BD084808BD40F22230FEF738F95D
:102FA000002008BD802D04003C2D0400042E0400E8
:102FB000242E0400142E0400702D040070B5044665
:102FC000FFF76CFA042813D164B1A3070AD1216872
:102FD000124821F001025369834218D02046BDE80F
:102FE0007040184721460E48BDE870400AF0F0BC1A
:102FF0002046FFF73BFF05462046FFF7B7FFAB1D16
:10300000811D22460748BDE870400AF0E1BC1388E4
:1030100005481289BDE870400AF0DABCBD2F0200F5
:10302000C02C0400CC2C0400A02C040010B50446D5
:103030000A46124821460AF0CBFC7CB1A30705D111
:10304000216821F00101CB78F92B10D0062C05D195
:1030500040F2DD30BDE81040FEF7DAB82046FFF759
:103060001DFABDE8104000F57570FEF7D1B80B8968
:103070008A7803480AF0ACFCE8E700BFFC2B0400A8
:103080001C2C040008B5014604480AF0A1FC4FF4CA
:103090006470BDE80840FEF7BBB800BF582C0400C0
:1030A00010B5FEF733F90446102000F0C5FC226984
:1030B0000260206110BD00BF38B5FEF727F9046932
:1030C000054634B123682B612046BDE8384000F046
:1030D000F3BB40F25330FEF79BF8F3E7F0B585B051
:1030E0000746FEF713F9046906468CB194E80F0011
:1030F0006D46306185E80F00204600F0DDFB0A4B8D
:1031000077611B68284631469B6B984705B0F0BD38
:1031100006480AF05DFC3846FFF750FF40F2E73002
:10312000FEF776F8E2E700BF903800203C2C040060
:1031300010B5FEF7EBF8446912239C42436101D0BD
:10314000204610BD40F25330FEF762F8204610BD15
:1031500008B5FEF7DBF84369122B05D0FFF7E8FF4F
:10316000BDE80840FFF7BABF08BD00BF79B110B491
:10317000084B094C014410F8012B04FB03F388426F
:1031800083EA0203F7D118465DF8044B7047014B00
:1031900018467047C59D1C819301000138B504682D
:1031A00034F00304054612D0A30F15D12846E36975
:1031B000984705462DB140F6CA039D4205D9002C1B
:1031C00003DB40F24930FEF723F8284638BD40F2D1
:1031D0005130FEF71DF8E9E7C4F39905EAE700BFAF
:1031E00038B5144B9A881B6892B1551E53F82510B8
:1031F00088421AD0023A03EB82032A4602E0216891
:1032000081420BD0013A511C1C46A3F10403F6D1B4
:103210004FF45270BDE83840FDF7FABF954204D034
:10322000044801F009FC206038BD0248BDE8384080
:1032300001F002BC5C380020F8B54FF480400BF080
:1032400069F943F6F87304460246194600252048FA
:103250006360A5610AF0BCFB626893072ED11D492B
:103260001D4F4D6888681D4ED31C23F00043104449
:1032700023F00303013543F00043C1E901503968ED
:10328000A360E16004F10803154831683B6003EB7B
:103290009203036079B18C420DD30A68A2B19442C3
:1032A00003D211E09C4203D31A461368002BF9D1D4
:1032B00023601460F8BD21603460F8BD4FF4527093
:1032C000FDF7A6FF6268CAE713460A46F0E700BFAB
:1032D000702E040064380020803800205038002010
:1032E0005838002018210148FEF730BD643800200E
:1032F000036823F0010318888008704730B338B59D
:10330000C5680446A5B155E901326868A9686260DC
:103310005A0F032AC4E9020105D040F24930FDF7F3
:1033200077FF55F8043C43F0004345F8043C38BDB2
:1033300050F8043C5A0F032A09D143F0004344F8E3
:10334000043C0020BDE83840FDF7E8BF704740F27C
:103350004930FDF75DFF54F8043CEEE738B550F80E
:10336000043CDB070546A0F104041CD4104B1B6889
:1033700073B103F108029442F9D359680A449442A4
:10338000F5D255F8043C43F0010345F8043C38BD40
:1033900040F24A30FDF73CFF55F8043C43F001038E
:1033A00045F8043C38BD40F24F30FDF731FFDDE712
:1033B00050380020830709D140B1030F06D00168BF
:1033C000114B194202D1CB78F92B00D070470F4B2B
:1033D00010B504461B688BB103F108029442F9D37F
:1033E000586802449442F5D2094841F00101216035
:1033F00022468188BDE8104001F006BB40F24A3009
:10340000FDF706FF2168EFE7030000405038002079
:103410004838002000294DD02DE9F84F0F4680464E
:10342000DFF89CB0DFF89CA0DFF88C90061F002529
:1034300002E00135AF423BD056F8044FA307F8D164
:10344000002CF6D0230FF4D0206810EA0B0FF0D137
:10345000C378F92BEDD1DAF8003053B103F108014C
:103460008C4203D35A680A44944207D31B68002B4A
:10347000F4D140F24A30FDF7CBFE2068B9F80410D1
:1034800040F00100206022460B4801F0BDFAB9F877
:103490000430642BCDD90C200BF03CF80135074AE1
:1034A00008EB85037D1BC0E90135116801601060E0
:1034B000BDE8F88F704700BF48380020543800201E
:1034C000030000405038002038B505684DB104466F
:1034D0002846FFF743FFA1882846BDE83840FFF79C
:1034E00099BF38BD830709D140B1030F06D00168E9
:1034F000234B194202D1CB78F92B00D07047214BD6
:103500002DE9F04104461B68002B33D003F108027B
:103510009442F8D3586802449442F4D221F0030351
:1035200041F001019B6921600BB120469847164D7F
:10353000164C2F46AB8883B923681846C3B1D3E92C
:103540000026D3F8088022600BF00AF84146304686
:10355000FFF760FFAB88002BEED0384601F06CFA25
:10356000036823F003039B69002BE3D09847E1E74E
:10357000BDE8F08140F24A30FDF74AFE2168CDE710
:103580000300004050380020483800205438002004
:10359000F8B505460AF0BEFF0446A5F1080083070A
:1035A00060602ED11B4A1C4F556891681B4EC31C8E
:1035B00023F00043014423F00303013543F00043AB
:1035C000C2E901513A68A360E26004F10803144AB9
:1035D00031683B6003EB9000106079B18C420DD3F1
:1035E0000A68A2B1944203D211E09C4203D31A4666
:1035F0001368002BF9D123601460F8BD216034609A
:10360000F8BD4FF45270FDF703FE6068CAE7134639
:103610000A46F0E764380020803800205038002047
:10362000583800202DE9F04F954B1B7885B09C074A
:10363000039005D54FF45270FDF7EAFD904B1B78CF
:103640008F49904A43F002030B70039B14689588DE
:1036500013F0020640F0F7806DB104EB850554F8D5
:10366000040B20F0010310F0010F18BF1868FFF7DA
:1036700039FFA542F3D1844C0398FDF755FE23682A
:10368000B3B1824B1B68B3F82A8001F03FFB256879
:10369000A0EB080705EB8805002E40F0E4803FB161
:1036A0000024013455F8040BFFF71CFFA742F8D1A2
:1036B000774A784B16781D683EB10024013455F8DE
:1036C000040BFFF70FFFA642F8D17349734A0B684A
:1036D000176801330B60724B00221A60002F00F054
:1036E000CB80CDE90122904691467B68029A07F192
:1036F00008059B0805EB83061A44B54202924AD29C
:103700002B6813F0010140F086801A0F062A00F0A2
:103710008280AE4240F28F80AA4601E0DAF80030A3
:10372000002B4FEA13720FDBD80714D4062A12D0ED
:10373000590009D4DB78F92B40F2493001D0FDF76C
:1037400067FD504601F04AF95046FFF727FD0AEBA6
:10375000800A5645E2D8AAEB05044FEAA40CE045DE
:103760004FEA8C024FF0FF01284642F0004BB8BFF1
:10377000E046E1441EF09AFD042CC5F800B053DD8C
:1037800000236B60019B002B50D0019B01955D6075
:103790005546AE42B4D83F68002FA6D1414D029B9A
:1037A0002A684FEA890101EB09179C007F004FEA64
:1037B00088039AB13A4A12684FEA590972B11068FF
:1037C000C0F39906B14506D246E01068C0F39900EF
:1037D0000644B14541D35268002AF6D12E484269C9
:1037E000C0E90313A2B18A4212D8039AD20703D5C3
:1037F00022462D480AF0ECF8BC4201D3FFF71CFD2D
:103800001F4A137823F00203137005B0BDE8F08F50
:10381000214A5161E9E723F001032B602846FFF7B5
:10382000BDFC05EB8005B4E75546B2E71C4B01959E
:103830001D605546ADE74FF00043B8F1000F2B6017
:10384000A7DA8846A5E719480AF0C2F82A462146B1
:1038500017480AF0BDF8FFE630464844801B02EBEB
:1038600080022A60BAE73A46294612480AF0B0F8C0
:10387000002F7FF415AF1BE73B463C463946ADE7CA
:10388000ED4600205C3800208C3800209038002065
:10389000EE4600207C38002064380020503800209C
:1038A0008038002058380020542E0400342E0400A4
:1038B0003C2E0400482E040050F8043C5A0F032A02
:1038C00010B5044605D040F24930FDF7A1FC54F88C
:1038D000043C43F0004344F8043C204610BD00BFC4
:1038E0002DE9F84F42F22833C71C98424FEA970758
:1038F0007CDC444BDFF810A15B68C3F30803002BAA
:103900005ED19AF8003018075AD143F001038AF8C3
:103910000030FDF7FBFC10B14368002B6DD0DFF8E1
:10392000ECB0DFF8EC900026DBF80040002C4ED025
:103930004FF0000803E0A0461C46002B47D040F2A1
:1039400051301EB9D9F80030A34248D3A10701D1A4
:10395000230F01D1FDF75CFC2568002D40F24B30B0
:1039600001DBFDF755FCC5F39905ED1B002D6368E0
:10397000E1DB0AD0AA0042F0004244F8272004EB21
:103980008707012D1CBF7B603B46B8F1000F31D08B
:10399000C8F80430002222604BB15B683BB19A0743
:1039A00001D11B0F03D14FF45470FDF731FC9AF88D
:1039B000003023F001038AF800302046BDE8F88F7C
:1039C00040F29230FDF724FC9AF800309DE736B1C2
:1039D000012E08D01520FDF71BFC0136A4E70020BE
:1039E000FFF720FEF9E7FFF727FCF6E71620FDF7C3
:1039F0000FFC7EE7CBF80030CCE740F24E30FDF70D
:103A000007FC8CE700ED00E0ED4600208038002048
:103A100058380020033010B520F00304201DFFF7B4
:103A20005FFFE31D23F0804323F0030343F0804353
:103A300040F8043B10BD00BF08B538B1FFF7EAFFFE
:103A400050F8043C43F0005340F8043C08BD00BF6C
:103A5000F8B5214B5B68C3F3080306460F46002BFD
:103A600034D1FDF753FC1D4D1D4AF31B9B102B70E9
:103A700004461760A8B10C20FFF7CCFF50F8043CB7
:103A80006268026043F00053A26840F8043CE368B7
:103A9000C0E90123E0600023A6602B70636020462C
:103AA000F8BD1820FFF7B6FF0E4A50F8043C126824
:103AB000026043F00053122240F8043C00234261AC
:103AC000C0E903330446FDF729FCE4E740F29230F5
:103AD000FDF79EFBC5E700BF00ED00E0EE460020CD
:103AE0007C3800208C380020830702D108B1030FF6
:103AF00000D17047024B02469988184600F084BFF7
:103B00005C3800208207034602D108B11B0F00D1A8
:103B10007047FFF765BB00BF0430FFF7D5BC00BF9F
:103B200003460C309988FFF775BC00BF4068FFF76B
:103B300041BC00BF10B504460430FFF7C5FC04F1DA
:103B40000C00BDE81040FFF7BFBC00BF50F8043BBD
:103B500023F00103198804398908FFF75BBC00BF13
:103B600003207047808880000F308008704700BFB6
:103B700002207047052070470349044A0023C1E929
:103B80000033C2E9003370475C3800204838002019
:103B9000704700BF02207047406810F09BB800BF1C
:103BA0004268014693880248528809F011BF00BF5D
:103BB000B42E040010B50446034B41600846236050
:103BC00010F06AF8204610BD842E040010B504469B
:103BD00082B0406810F04CF888B1616868460FF018
:103BE000EFFB694601A80FF067FE01A80FF0F8FB94
:103BF000606001A80FF0CEFB68460FF0CBFB02B06F
:103C000010BD00BF38B505460820FFF769FE044621
:103C100028B1044B45602846236010F03DF820464B
:103C200038BD00BF842E0400FFF7ECBFA0F12003D5
:103C30005E2B10D810B582B0044668460FF0A8FA83
:103C400004EB8400009BA0381844052102B0BDE8B5
:103C50001040FEF77BB80020704700BF10B584B05D
:103C60000C46416803A80FF0ABFB0023624203A996
:103C7000CDE9003303480CF099FE03A80FF08AFB4E
:103C800004B010BD3C2D002030B585B00C46416815
:103C900003A815460FF094FB0023624203A900938A
:103CA000019504480CF082FE03A80FF073FB05B0E9
:103CB00030BD00BF3C2D002043689B8801FB03F111
:103CC000FFF7CCBF70B584B00E46416802A8154618
:103CD0000FF076FB02A903A80FF06AFB00246FF037
:103CE000FE0033462A4603A9CDE9000405480CF03E
:103CF00019FF03A80FF04EFB02A80FF04BFB04B016
:103D000070BD00BF3C2D002010B5044682B0FFF707
:103D10005DFF616801A80FF053FB01A80FF078FB6D
:103D200001A80FF037FB02B010BD00BFF0B5074689
:103D300083B00C4615461E46FFF748FF796801A878
:103D40000FF03EFBF3B22AB221B201A80FF06AFBDA
:103D500001A80FF01FFB03B0F0BD00BF30B583B06A
:103D60000C461546416801A80FF02AFB21B22AB281
:103D700001A80FF06DFB044601A80FF00BFB24EA2D
:103D8000E47003B030BD00BF43685888704700BF7F
:103D900043689888704700BF002B14BFFF2300239F
:103DA000FFF7C4BF08B5FFF7D9FF0028D4BF002034
:103DB000012008BD43689B8801FB03F1FFF764BF46
:103DC0000A4610230321FDF7A5BE00BF082870B5E1
:103DD00004460D461AD0A0F10903012B07D92A4643
:103DE000214610230D20BDE87040FDF793BE0F4E15
:103DF000D6F8140903689B6A98470528EFDCD6F8C3
:103E00001409036808215B6A9847E8E7074ED6F86B
:103E1000140903689B6A98470228E0DCD6F8140965
:103E2000036804215B6A9847D9E700BF002500209A
:103E300038B5074C0546D4F814090AF007FFD4F842
:103E400014090AF055FF401BB0FA80F0400938BD54
:103E50000025002070B50D46044600F053FA50B11D
:103E600003689B6A98472A46204610230321BDE831
:103E70007040FDF74FBE70BD70B50D46044600F0B2
:103E800041FA50B103689B6A98472A46204610239E
:103E90000221BDE87040FDF73DBE70BD08B500F0E1
:103EA00031FA28B103689B6A9847003018BF012097
:103EB00008BD00BF2DE9F843204CD4F814090AF0DE
:103EC000C5FE1DF0EFFB8046D4F8140989460AF0C0
:103ED000CBFE1DF0E7FB0646D4F814090F460AF0A6
:103EE000D1FE1DF0DFFB424604460D464B464046E0
:103EF00049461DF041FC3246804689463B463046E5
:103F000039461DF039FC02460B46404649461DF035
:103F10007DFA224606460F462B46204629461DF0CE
:103F20002BFC02460B46304639461DF06FFA1BF05B
:103F300059F81DF0D1FEBDE8F88300BF0025002030
:103F4000032814D8DFE800F00E090402FFF7B2BF1F
:103F5000084BD3F814090AF095BE064BD3F81409A0
:103F60000AF082BE034BD3F814090AF06FBE00209A
:103F7000704700BF00250020014804F077BA00BF59
:103F8000042D0020024BD3F818090BF02DB800BF08
:103F900000250020014803F045B800BF002E002096
:103FA00040B1012804D1064BD3F81409F8F754BDE9
:103FB00000207047024BD3F81409F8F72DBD00BF5D
:103FC0000025002038B5274C0546D4F818090AF01A
:103FD000BDFF00283DD0032D40D8DFE805F02C1EA2
:103FE0001002D4F818090AF02BFF1DF05BFB002229
:103FF0001D4B1DF0EBFCBDE83840FDF7D5BFD4F8F4
:1040000018090AF0E3FF1DF04DFB174B00221DF0CD
:10401000DDFCBDE83840FDF7C7BFD4F818090AF049
:10402000C7FF1DF03FFB104B00221DF0CFFCBDE889
:104030003840FDF7B9BFD4F818090AF0ABFF1DF0FE
:1040400031FB094B00221DF0C1FCBDE83840FDF7F3
:10405000ABBFD4F818090AF037FFBCE700200021F5
:10406000C9E700BF0025002000408F40024BD3F875
:1040700018090AF029BF00BF00250020034BD3F820
:1040800014391A680146526A184610470025002064
:10409000012808B505D0022811D0032808D0002037
:1040A00008BD0A480CF070FD003018BF012008BDA3
:1040B00007480EF001F8003018BF012008BD054880
:1040C0000CF062FD003018BF012008BD702D0020EB
:1040D000A02D0020882D00200AB2FF2301B2014844
:1040E0000FF0A0B9142D002070B5FF2A82B005464C
:1040F0000E4604DC002A14460ADC002300E0FF23FD
:104100000C4832B229B202B0BDE870400FF08AB953
:10411000FF2A0CD0084804F0A3F80128E3B2EFD03E
:1041200001210548019303F0A9FF019BE8E713462D
:10413000E6E700BF142D0020042D00200AB2002362
:1041400001B201480FF06EB9142D00200AB201B27D
:1041500001480FF07DB900BF142D002001480CF07C
:1041600087BB00BF3C2D0020C1B2014803F086BFD1
:10417000042D002008B5024804F072F808BD00BF05
:10418000042D002001480AF055BF00BF042D002077
:104190000146014804F08CB9042D002010B90348F1
:1041A00003F00ABF014804F01FB800BF042D00202F
:1041B00030B583B00C4901A80AF040FF01A80FF008
:1041C0000FF9044601A80FF0E5F80820FFF788FB77
:1041D000054610B12146FFF7EDFC20460FF07AFDB1
:1041E000284603B030BD00BF042D00202DE9F0416A
:1041F0000668B3F5807F28BF4FF480730446D6F875
:1042000000800D46002116461F46C0474FF49670A9
:104210000AF0D6FA227C094B09481F2A98BF184693
:1042200072B6217C074C01F01F0141EA0751334669
:104230002A46A04762B6BDE8F08100BF00050050E5
:1042400000080050AD22002008B1436803B9704750
:1042500010B50446084600F055F8626804F10801FC
:104260004FF48073BDE81040FFF7C0BF08B143684A
:1042700003B9704770B504461546084600F042F889
:104280002B46626804F10801BDE87040FFF7AEBF3D
:10429000704700BF10B4054C0A4610230146B4F81D
:1042A000B4085DF8044BFDF735BC00BF00250020C5
:1042B00008B503480CF068FC003018BF012008BDA9
:1042C000B02D002080F30801014801F093B900BF30
:1042D0002C2E0020014801F099B900BF2C2E00209F
:1042E0000146014801F09CB92C2E002007EE900AEF
:1042F000F8EEE77A024817EE901A03F051BD00BFBE
:10430000342E00206E2856D00BDC682855D014DDE2
:104310006B283AD02DDC692849D06A2837D1294842
:10432000704773284BD011DD78282CD017DC742807
:104330003FD077282BD124487047652833D01EDD25
:1043400066282ED0672822D12048704770282CD0AC
:1043500025DB712821D0722819D11D48704740F201
:10436000E933984217D040F2EA3398420FD1194806
:1043700070476C280DD06D2809D117487047642804
:1043800005D11648704716487047164870470020F8
:1043900070471548704715487047154870471548CD
:1043A00070471548704715487047154870471548BD
:1043B00070471548704715487047154870471548AD
:1043C000704700BF00290020082A0020B8280020DC
:1043D000C0290020582B00204829002070280020E8
:1043E000202A00201829002030290020402B0020FE
:1043F000A829002078290020A02800208828002053
:1044000090290020E8280020F029002060290020C1
:10441000D0280020D8290020FFF774BF10B5FFF77F
:1044200071FF20B10368BDE810405B68184710BDFC
:1044300010B5FFF767FF20B10368BDE810401B68A7
:10444000184710BD10B5FFF75DFF20B10368BDE848
:1044500010405B69184710BD10B5FFF753FF20B13E
:104460000368BDE81040DB68184710BD10B5FFF7C2
:1044700049FF20B10368BDE810405B6B184710BDD1
:1044800070B50446FFF73EFF68B103680D46164657
:1044900003211B6D98473246294620461023BDE86C
:1044A0007040FDF737BB70BD014B9868704700BF87
:1044B000E837002008B5FFF725FF78B1C388042945
:1044C0000CBF43F4807323F48073C38003681146E8
:1044D000DB6C9847024B984200D008BD002008BD15
:1044E00011FCFFFF10B5FFF70DFF48B103681C6911
:1044F0004FF4FA62A44640F2DC53BDE81040604736
:1045000010BD00BF704700BF10B5FFF7FBFE20B124
:104510000368BDE81040DB6A184710BD08B5FFF717
:10452000F1FE014B186008BD88380020026870B5A4
:104530000D1E0446D66802DD0A4A12782AB92046C2
:1045400033460021BDE870401847521101219140C7
:10455000B047236804495B6B91FBF5F12046BDE849
:10456000704018470C23002040420F000F4B104AA8
:104570001B78FF2808DC002812DB10707BB198B193
:1045800040110121814003E0FF21117033B18021EE
:10459000084B186818B10368DB6818477047704704
:1045A00000211170002BFAD00021F1E7EF46002026
:1045B0000C23002088380020014B1878704700BF7A
:1045C0000C23002070B50E4D2B680C46ABB10D4E80
:1045D00001462246184601233370FFF7A7FF002C3F
:1045E0000ADD204609F068FD286818B1036800213B
:1045F000DB6898470023337070BD034B2B60E6E700
:1046000088380020EF460020D036002010B559B180
:1046100001290CBF02210021FFF774FE48B1036895
:10462000BDE810401B6C18470121FFF76BFE002806
:10463000F5D110BD10B5FFF765FE0368BDE8104069
:104640001B6D184701460020FDF780BB704700BF77
:1046500070B50C4D2C6882B014B1204602B070BD0C
:1046600028201DF0C8FD084B002603F1180203F1B5
:1046700030010096044611F0E7FB20462C6002B0A2
:1046800070BD00BF84380020A829002010B5044662
:10469000FFF7DEFF036821469B68BDE8104018471E
:1046A00070B50C4682B0F0B1054639B16A686368EE
:1046B0009A4203D040F28D30FCF7AAFDFFF7C8FF05
:1046C00003686A68DE6805F1080134B1154604F133
:1046D00008030095B04702B070BD254623460095FB
:1046E000B04702B070BD39B1FFF7B2FF036865682B
:1046F000DE6800210A46EAE740F28D30FCF788FDCB
:10470000F2E700BF10B50446FFF7A2FF0368214699
:104710001B68BDE81040184770B505460C46FFF70A
:1047200097FF03682A4621465B68BDE8704018473A
:104730002DE9F043134C236883B007460E46154617
:104740002BB11A68184693699847002323603846AE
:10475000FFF7D8FD07463046FFF7D4FD80462846D0
:10476000FFF7D0FD814628201DF045FD00264B4671
:10477000424639460096054611F066FB256003B0B7
:10478000BDE8F0838438002030B583B00446FFF7DD
:10479000B9FD90F9105030201DF02DFD032300933A
:1047A0002946A2B2012306F05FFE03B030BD00BF70
:1047B00010B5FFF7A7FD054C0146204600F0E2FFCB
:1047C00020460121BDE8104000F03CBF2C2E002007
:1047D000F0B5044683B0002017460E46FDF7B6FA42
:1047E0006100054600F1080289B20097334603488C
:1047F00010F044F9284603B0F0BD00BF202C002083
:1048000010B582B00C4640004B68009281B204F1B2
:104810000802024810F0CEF802B010BD202C002093
:10482000704700BF0023C0E9013370470023C0E98F
:104830000133C0E903337047054B10B41A6884682C
:1048400083880146A21A03485DF8044B09F0C0B8FA
:1048500090380020B82F040001464268014809F052
:10486000B7B800BFD02E040001460289014809F004
:10487000AFB800BF682F04002DE9F047C4888C4210
:1048800005460E462FD24FEA8408D0F80090002C3F
:1048900039D03F2C35DDB4F5007F3DDB04F5807762
:1048A0004FF6FE724FF6FF73974288BF1F46B7421E
:1048B000B8BF3746B80009F02DFE82461CB142460B
:1048C00049461DF0CFFC3A1B920000210AEB08007C
:1048D0001DF0ECFC484609F043FEC5F800A0EF804F
:1048E000AE80BDE8F08782889142F9D20068521A02
:1048F00000EB8100920000211DF0D8FCAE80BDE8E5
:10490000F0876700D3E704290F46B8BF0427B80033
:1049100009F000FE8246D6E7034B08EB0407A3FB31
:1049200007377F08C3E700BFABAAAAAA704700BF3A
:10493000704700BF0B6823F0010370B51B89042B7F
:104940000C46054602D16DB9204670BD10480122C3
:1049500040F2853109F03CF840F28530FCF758FC14
:10496000002DF1D0E81C8000FEF7BAFF064608B122
:10497000084B0360A368B360AAB2B580920000211F
:1049800006F10C0034461DF091FC204670BD00BFBE
:10499000A82F04001C2F040038B502690D4B9A4261
:1049A000054609D00C4803224FF4627109F010F853
:1049B0004FF46270FCF72CFC2888FEF791FF044648
:1049C00000B105602A880021043A201D1DF06EFC0C
:1049D000204638BD21480200A82F0400036823F0B8
:1049E00001031B69184700BF036823F001031B691B
:1049F000184700BF036823F0010301461A880148E5
:104A000008F0E6BF002F04004FF6FE7399420AD863
:104A100083888B4270B5054616460C4604D92B6830
:104A200043F8246070BD70470131FFF725FF2B6804
:104A300043F8246070BD00BF83884BB1013B9BB23B
:104A400002688380002152F8230042F82310704747
:104A500018467047C38870B54BB33F2B0FDDB3F5D5
:104A6000007F2CDB03F580744FF6FE72944223D84E
:104A7000A4B28C4238BF0C46A34207D370BD5C0081
:104A8000A4B28C4238BF0C46A342F7D20546A00020
:104A9000FEF7C0FFEB880646E3B9E21A920006EB88
:104AA000830000211DF002FC2E60EC8070BD042903
:104AB00038BF04210C46E7E74FF6FF74E4E7084AE5
:104AC00003EB8304A2FB0424C4F34F048C4238BFDD
:104AD0000C46D9E79A0029681DF0C4FBEB88DCE797
:104AE000ABAAAAAA30B5C3888B4283B005460C4650
:104AF00009D9036843F82120AB889C4224BF0134C4
:104B0000AC8003B030BD4FF6FE739942F9D8013145
:104B100089B20192FFF79EFF2B68019A43F8242087
:104B2000EAE700BF38B5C3888B4204468DB201D294
:104B3000AB4201D9A58038BD2946FFF78BFFA58080
:104B400038BD00BF83884BB1013B9BB202688380B4
:104B5000002152F8230042F823107047184670478E
:104B6000F8B583888B421DD905684A1C8F00934293
:104B7000044655F8216005EB070007D8013B9BB2BE
:104B80000022A38045F823203046F8BD5A1A02F1CE
:104B90008042013A391D294492001DF06EFBA38822
:104BA0002568EBE70026EFE783888B421CD970B5B8
:104BB0000E461546591CC28889B28A4204460FD94E
:104BC000701C216880009B1B061F9A00084431441A
:104BD0001DF053FBA388226801339551A38070BD5B
:104BE000FFF738FFA388EBE7FFF77CBF70B50546FA
:104BF0000A48EB88AA88296808F0EAFEEB885BB1CE
:104C0000074E00242B68304653F8241008F0E0FECD
:104C1000EB880134A342F5D870BD00BF7C2F04009F
:104C2000A02F040010B5014604460289034808F08D
:104C3000CFFE201DBDE81040FFF7D8BFE42E0400D2
:104C4000024A02600022C0E90122704734300400A9
:104C5000024A026000224260704700BF0430040034
:104C6000034A02600022C0E90122C0E90322704722
:104C7000D42F04002DE9F041068945681EB32B6846
:104C8000994224D02A46002003E052F8044F8C4277
:104C900017D00130B042F8D1B1F804808F1D002444
:104CA00004E00134A6420ED055F8043F9A8890459E
:104CB000F7D1991D424638461DF0C5FA0028F0D1BB
:104CC0002046BDE8F0814FF0FF30BDE8F0810020C4
:104CD000F7E700BF704700BF10B504460A46044816
:104CE000214608F075FE2046BDE81040FCF790BA5A
:104CF000A82F0400014B1B681869704790380020EA
:104D0000014B1B689869704790380020014B1B6865
:104D1000188C704790380020014B1B68D86B704787
:104D2000903800200268F8B544F210239A4200D06F
:104D3000FEE741681B4B0A681B4F9A4204463960E4
:104D400013D0088C194E8000FEF776FE3B68306069
:104D50001A8C002192001DF0A9FA3D68144B2A68B4
:104D600031689A420E600AD0FEE71248103108F00E
:104D70002FFE40F29F30BDE8F840FCF749BAA36827
:104D80002A699A42F0D1FCF79FFA3A680023146B23
:104D900005F140001A461946A047BDE8F840FCF767
:104DA00067BA00BF718E3B92903800208C3800208B
:104DB000708E3B924C2F04000148FFF7B3BF00BF39
:104DC0008025040048B110F0030207D1036823F0E6
:104DD0000103D978F92903D01046704700207047A5
:104DE0001889A0F10600B0FA80F04009704700BFB2
:104DF00070B505460C20FEF773FD044620B1154B37
:104E000003600023C0E901333DB1AB0705D12B6836
:104E100023F00103DA78F92A01D0204670BD0E4A4A
:104E20009342FAD12E89002EF7D02046FEF75CFE81
:104E300063899E4203D93146201DFFF70BFEB20065
:104E40006968268160681DF00DFA2046FEF75AFE5B
:104E5000204670BD34300400D42F040038B50D4610
:104E6000044608B1830714D040F29B30FCF7D0F918
:104E700029462046FFF7FEFE051E08DB2946201DB9
:104E8000FFF76EFE294604F10C00FFF769FE422091
:104E900038BD036823F00103DA78F92AE4D1024A25
:104EA0009342E5D0E0E700BFD42F040010B51048CE
:104EB00082B00AF06BFF90B10246002301A80C49B2
:104EC0000AF006FF0198B0F902100430FCF73CFF2D
:104ED000044601A80EF0D0FD204602B010BD0146E8
:104EE0000448FCF731FF0446204602B010BD00BF65
:104EF000AC2B0020803F040030B5034683B00E4C3D
:104F0000B0F904200D4601A8991D0EF02DFE01A94F
:104F1000002220460AF0C6FC01A80EF0ADFD2A468C
:104F2000102301210C20FCF7F5FD204600210AF09A
:104F30003FFE03B030BD00BFAC2B002098B100B5E0
:104F4000014683B0B1F9042001A806310EF00CFE31
:104F500001A9022204480AF015FC01A80EF08CFDFC
:104F600003B05DF804FB7047AC2B0020014628B16C
:104F700042680348022308310AF0DABB704700BFD9
:104F8000AC2B0020F8B5051E21DD022729460020A4
:104F9000FCF7DCFE044600F10806FEF7A5FD3B46E3
:104FA000314662680D480AF01FFE854209D001466D
:104FB0003046FCF7CBFE05462046FEF7A3FD28460B
:104FC000F8BD20462546FEF79DFD2846F8BD03485E
:104FD0000AF0DCFE00270546D8E700BFAC2B002016
:104FE00070B50D4614460646FFF78CF978B1284691
:104FF000FFF788F958B13046FFF784F9064628468E
:10500000FFF780F93146024604480AF0D3FB2146F7
:105010000248BDE870400AF0BFBB00BFAC2B0020C7
:10502000014601480AF0B8BBAC2B002010B5074A76
:1050300002F154042046A2F118010AF0BBFB2046FD
:105040004FF4E131BDE810400AF0A6BB582B002018
:10505000014601480AF066BEAC2B0020014601481B
:105060000AF07ABEAC2B002010B582B0B0F9042053
:10507000811D68460EF078FD6A46022301A80949A1
:105080000AF026FC0198B0F902100430FCF75CFE2F
:10509000044601A80EF0F0FC68460EF0EDFC204638
:1050A00002B010BDAC2B002000B5831D83B0B0F959
:1050B000042069B9194601A80EF056FD01A90B4854
:1050C00003F086FF01A80EF0D7FC03B05DF804FBE7
:1050D000194601A80EF048FD01A9044803F0E0FFBD
:1050E00001A80EF0C9FC03B05DF804FBCC3600202B
:1050F000014803F00DBD00BFCC360020792810B563
:105100000C4609D10748A4F10101B1FA81F149091E
:10511000BDE8104010F08ABAFFF7F4F80028F2D189
:1051200010BD00BF382A002070B50E46FDF7DAF931
:10513000044630460D46FDF7D5F902460B4620469B
:10514000294619F01DFDBDE87040FCF72DBF00BFDA
:1051500008B5FDF7C7F919F0B5FABDE80840FCF746
:1051600023BF00BF08B5FDF7BDF919F067FABDE828
:105170000840FCF719BF00BF08B5FDF7B3F919F0F7
:1051800011FABDE80840FCF70FBF00BF08B5FDF7F6
:10519000A9F9F7F7D1FDBDE80840FCF705BF00BF4E
:1051A00008B5FDF79FF919F099FCBDE80840FCF738
:1051B000FBBE00BF08B5FDF795F919F0E7FBBDE8A8
:1051C0000840FCF7F1BE00BF08B5FDF78BF919F0F8
:1051D00009FFBDE80840FCF7E7BE00BF08B5FCF7D3
:1051E0002DF8FFF7E9FD002008BD00BF70B50546AA
:1051F0000C4600F0C5F8022D22460CBF0221012109
:10520000102340F6B930BDE87040FCF783BC00BF06
:1052100008B500F0B5F860B10DF0CEFD07EE900ACC
:10522000FDEEE77A17EE900A772803DC332803DCDB
:10523000002008BDFF2008BD9FED0D7ADFED0D6A4F
:10524000F8EEE77A77EEC77AFDEEE77A17EE903A56
:10525000C3EB032307EE903AB8EEE77AC7EE267A5F
:10526000FDEEE77A17EE900AFF28A8BFFF2008BDE1
:10527000000050420000884238B505460C4600F058
:105280007FF8E8B184F3080307EE903A9FED0F7AB8
:105290009FED0F6ADFED0F6AF8EEE77A022D67EEF9
:1052A000877A87EE867A77EE267AFDEEE77AF8EE51
:1052B000E77A17EE901A04D0BDE838400DF07EBDB5
:1052C00038BDBDE838400DF0A1BD00BF00008842E8
:1052D00000007F43000050422DE9F041214D2C6831
:1052E00084B01CB1204604B0BDE8F08130201CF031
:1052F00082FF1D490446A1F594600FF0A3F82646ED
:10530000206054201CF077FF56F8041B00270A2366
:10531000CDE900734FF07E521831012380460DF025
:10532000EDFD124A019240F6B93C114A114BCDF8FD
:1053300008C008F12401009230460F4A0DF00AFD22
:1053400001210E480FF0AAFE01210C4810F056FB77
:105350003A46206807210EF0D3FD20462C6004B0A9
:10536000BDE8F08194380020802A002000005042DF
:10537000000010410000704200009642682A0020A0
:1053800008B5FFF7A9FF00B1043008BD704700BFA2
:10539000704700BF024B1B6803EB4000704700BF23
:1053A00090380020704700BF704700BF704700BFB3
:1053B00038B50E4801F08CFB044690B90C4D2B78A3
:1053C0000BB1204638BDFFF79BFCC1B2074801F086
:1053D0007DFC0621054801F0EDFA01232B702046E3
:1053E00038BD2B20FBF714FF204638BDD82D0020F8
:1053F000F046002070B586B005460E46FFF7D8FF90
:1054000080B902AC0346B2B2A9B220460DF068FFE3
:1054100006AB13E9030094E80C008DE80300024892
:1054200001F054FD06B070BDF82D0020F0B58BB032
:10543000FFF7BEFF68BB19490446684601F0D6FC79
:105440006846174903F078F8054628B1684603F026
:1054500041F820460BB0F0BD684603F08BF80446D7
:10546000684603F083F80746684603F07BF8294650
:105470000646242201A81CF019FF3A46314601A82D
:105480001CF0F0FE01A824210994FCF75FFC0446FF
:10549000DCE7002420460BB0F0BD00BFF02D00205B
:1054A000B838002010B50446FFF782FF58B954B150
:1054B0006268043A002A06DD04F108010248BDE8EA
:1054C000104001F0B7BC10BDF02D002010B582B027
:1054D0000446FFF76DFF60B9224610230121092021
:1054E000FCF718FB01A8044901F080FC01A802F0B8
:1054F000F1FF02B010BD00BFF02D002010B5044632
:10550000FFF756FF00B110BDE1B20248BDE8104000
:1055100001F0DCBBD82D002010B50446FFF748FF92
:1055200000B110BD21460248BDE8104001F042BA6A
:10553000D82D002010B50446FFF73AFF00B110BD8A
:1055400021460248BDE8104001F044BAD82D0020A1
:105550000048704716FCFFFF704700BF704700BF50
:105560002DE9F8431F4B03600027054647600446BA
:105570008946904608F084F81B4B45F8083B40F2FA
:10558000FF3203231949284602F06AF904F504663C
:10559000012384F8343884F835384AF6444240F61A
:1055A000C231C4F83898C4F83C88304603F032F869
:1055B0003146C4F89878C4F89C7804F50A6003F082
:1055C00073FA2722294604F6A40003F0AFFF084B24
:1055D0001A6802B91C603046012103F05BFA2046CC
:1055E000BDE8F883704404006C30040000442C478C
:1055F00098380020FF2906D808B58900083002F045
:1056000089FB002008BD6FF47A70704708B5083038
:1056100002F096FB0028B8BF0330801008BD00BF21
:10562000D0F89C3880F834185BB1D0F83C2819B910
:10563000114618460FF01ABD1146184601220FF008
:10564000EBBC7047D0F89C3880F835185BB1D0F8C7
:10565000382819B9114618460FF008BD11461846EA
:1056600000220FF0D9BC704770B5044682B03020DC
:105670001CF0C1FD04F1080513232A4606460093D9
:105680001A491B4B0FF0ECFA0021C4F89C68304615
:105690000FF0C8FB1649284602F06CFBD4F89C08B2
:1056A0000FF096FA81B2284602F05AFB4FF40041FF
:1056B000284602F071FB94F834182046FFF7B0FF3B
:1056C00094F835182046FFF7BDFFD4F898380BB191
:1056D00002B070BD284640F2FF33002204F5046199
:1056E00002F0D8FAC4F8980802B070BD0010024069
:1056F00000442C47044B186810B1D0F89C3803B113
:105700007047FFF7B1BF00BF9838002010B50446BE
:1057100049B3D0F89C3823B3C388194A43F0010336
:105720000221C380C2F88410BFF34F8FBFF36F8F85
:10573000D0F89C080FF06AFCD4F83C18D4F89C0808
:105740000FF094FCD4F83818D4F89C080FF08EFCB5
:10575000D4F89C0810B103689B6998470023C4F8EB
:105760009C38002010BDC388DA07FAD5D0F89C28F1
:1057700023F00103C380002AF3D1FFF775FFF0E7A0
:1057800000E100E070B50446D0F89C0894F8355864
:10579000002384F835380E4618B1D4F838180FF0C5
:1057A00065FCC4F8386829462046BDE87040FFF71C
:1057B00049BF00BF70B50446D0F89C081B4B23605E
:1057C00048B1D4F83C180FF051FCD4F83818D4F88C
:1057D0009C080FF04BFC164BC4F8A4387033C4F887
:1057E000B83804F512600EF0C9F8124E002504F620
:1057F000C80002F0DDFE04F6B800C4F8B868A4F8EA
:10580000BE5807F0ADFF04F50A6003F04FF904F548
:10581000046002F0CDFE04F1080002F05BF82046BF
:105820002660E58007F09CFF204670BD6C300400C8
:10583000243D04007044040010B50446FFF7BAFF8D
:1058400020461CF0D1FC204610BD00BF0048704728
:10585000A4300400BFF34F8F0549064BCA6802F419
:10586000E0621343CB60BFF34F8F00BFFDE700BF83
:1058700000ED00E00400FA0512DF7047704700BF3A
:1058800008B5084608F09EFF002008BD11F0EAB9EF
:10589000084608F093BF00BF11F0F2B9024A03496D
:1058A00001601060704700BFA8380020CC300400B1
:1058B00030B583B002AB002103F8011D0546184640
:1058C000FFF7DAFF9DF80730012B1BD0134A14486D
:1058D000012313600424C2F80011D2F80031002B18
:1058E000FBD0D2F80835013C43EA0020F3D1012374
:1058F00053602B680B4A9B69934209D108F062FF01
:1059000003B030BD2B68074A9B6905489342F5D028
:1059100001462846984703B030BD00BF00D0004084
:10592000ED5EBC0B81580200034B1B680BB108F005
:105930004BBF1846704700BFA83800204FF0805377
:10594000586E704770B4174E174C0FCE89B001AD2A
:105950000FC596E8070003C5002104F8051F4FF0A6
:1059600080532A705E6E0520012501EB810208AB91
:105970001A44B6FBF0F300FB1363B3FBF5F31A44D0
:10598000013112F81C2C04F8012D0529A6EB0306A1
:1059900000EB800005EB8505E7D1034809B070BC3A
:1059A000704700BF883004009C38002000B583B0E9
:1059B00002A8002300F8013DFFF75EFF9DF80700F5
:1059C000A0F10100B0FA80F0400903B05DF804FBDB
:1059D00008B5FFF73FFF00BF024B186808B1FFF79B
:1059E00067BF7047A8380020014B1860704700BFA0
:1059F000A43800202DE9F04F89B0DFF870920790AD
:105A000011F026F9914A9249924D0023C1F81035C0
:105A100009F10404C2F810354846C2F814351C21B7
:105A2000C2F81835C2F81C35C2F82035C2F8243542
:105A3000C2F828354FF0A043032201F5E0718442FB
:105A400043F8212009D010F8011F1F2986BF01F05B
:105A50001F012B464FF0A043EFE77F4B7D4D1C1DF0
:105A60001A464FF0A0411523032003F5E07394423A
:105A700041F8230009D012F8013F1F2B86BF03F025
:105A80001F0329464FF0A041EFE77348714D1523DE
:105A90004FF0A041012404FA03F38242C1F80C350F
:105AA00009D010F8013F1F2B86BF03F01F032946C2
:105AB0004FF0A041EFE7694B694A1B6812680693F3
:105AC000DFF890A10592002303934FF0010B059B93
:105AD000002B00F0AF80039A934240F3A98000238B
:105AE0000493604B01931B244FF0A04800230293C2
:105AF000019B03F1040E029B272B6FDC039B49F6ED
:105B00003F42052B49F6404C40F69F73ACBF4FF423
:105B10007A6C1346019E504F49F640426546042078
:105B20000441E407CC464FF01C010FD51F2943D890
:105B30004FF0A0440BFA01F1C4F80C1580B1347891
:105B40001CF8011F01380441E407EFD41F2937D89E
:105B50004FF0A0440BFA01F1C4F808150028EED16B
:105B60005DB139781F2986BF01F01F0150464FF003
:105B7000A0400BFA01F1C0F80815002102E0013144
:105B8000914212D09942D8F80405F8D138781F28EC
:105B900086BF00F01F0054464FF0A04401310BFABD
:105BA00000F09142C4F80C05ECD1764507F10107ED
:105BB0000AD016F8014FB2E701F01F015446B9E7C9
:105BC00001F01F015446C5E7029B0133302B0293BD
:105BD00009D0019B1C78029B272B8FDD4FF0FF33F0
:105BE0004FF0000C96E7049B591C04292AD0012988
:105BF00026D0049B012B14BF01230A231A48079ABD
:105C000092FBF3F380FB0320DA17C2EBA00202EB56
:105C10008202A3EB4203303305225BB26FF09F0098
:105C200012FB0303069A0491D1180191D45C5DE73D
:105C3000FFF710FE0B4B0193059B04931B2453E7C6
:105C40006423DBE7039B0133039340E704600040D8
:105C50000060004000030050B4300400B020002079
:105C6000A4380020AC30040067666666BC300400CF
:105C700008B50846FBF7CCFA08BD00BF4FF0FF306F
:105C8000704700BF054B186828B10368044ADB69F8
:105C9000934202D1704710F0E3BF1847A8380020A4
:105CA0007D5802000048704716FCFFFF10B5074BF7
:105CB00003F1080248330446026040F8383F0AF016
:105CC0001BFC204602F058F9204610BDEC300400C1
:105CD000A0F13800FFF7EABF094B10B503F1080245
:105CE00048330446026040F8383F0AF005FC20467D
:105CF00002F042F920461CF077FA204610BD00BFA2
:105D0000EC300400A0F13800FFF7E6BF2DE9F041C8
:105D1000044682B01820154688461CF06CFA01260D
:105D200007461B220C4910F015FF2B464246394608
:105D30002046009602F05EFA2A46214604F1380019
:105D40000AF00AFC054B204603F1080248332260A2
:105D5000A36302B0BDE8F08100B00140EC30040064
:105D60002DE9F0410446006803681B6B98474FF427
:105D70000065B5FBF0F303FB00F0A84249D12A46C9
:105D80002646A26256F8580B03680025DF693146A3
:105D90000A23B847294684F87F5084F8745084F861
:105DA0006950102204F175001BF014FB2946A06312
:105DB000102204F16A001BF00DFB236820641A68AE
:105DC000A76A126B184690472368D4F83880A56AF2
:105DD000384420631A681846136B984705EB400057
:105DE000804503D3256CA36BAB4202D30020BDE8F2
:105DF000F08120680368DB6A98478542F6D2304616
:105E000011220B491CF01FFAB0FA80F04009BDE8DE
:105E1000F081206803681B6B98470646206803687A
:105E20001B6B9847B5FBF6F505FB0002A8E700BF22
:105E30005031040038B50446C0E900121D4608314F
:105E400004234FF48072083006F0CCF804F12000EF
:105E500008F072FA04F184000DF0A8FE0023C4E9F2
:105E60001133E562E3616363A3622363A363E364C5
:105E7000236484F8503084F851306365C4F880306E
:105E8000204638BD30B5C369DB078BB0044602D469
:105E9000FFF766FF90B12822002168461CF006FA41
:105EA0002068A16A03686A461D6A0A23A847206819
:105EB000216C03686A461D6A0123A847E36923F041
:105EC0000103E3610BB030BD38B500F12004054695
:105ED000204608F035FA2846FFF7D4FF2046BDE8F3
:105EE000384008F063BA00BF10B5044684300DF0A6
:105EF000C3FD204610BD00BFC1600020704700BF39
:105F0000014B1880704700BFE046002010B5044BDD
:105F1000036000230446C38007F022FC204610BD26
:105F20007044040010B5064B036000230446C38090
:105F300007F016FC20461CF057F9204610BD00BFA4
:105F40007044040082B070B50C4684B005464968C0
:105F5000206802AC03C4039908AC481084E80C0024
:105F6000CB0745BF2A58029B029CD4580AAB2E1877
:105F700093E803008DE8030008AB0CCB3046A04744
:105F800004B0BDE8704002B0704700BF10B5806932
:105F900084B00268002300939469E0210DF10F02A0
:105FA000A04704B010BD00BF2DE9F843124D0560B5
:105FB00000250446456089461F469046BDF820608E
:105FC00007F05EFB0D482060C4E90698276204F1E3
:105FD000240008F0B1F9E388E56243F4804300202F
:105FE000002143F00403C4E90C012587A680E38067
:105FF0002046BDE8F88300BF70440400343204003A
:10600000C3885B0700D47047FFF7C0BF30B5C388B3
:106010005B0783B004460D4601D5FFF7B7FFA069C3
:106020002A6801685388002400948C690432E021B6
:10603000A04703B030BD00BF70B50646C869D0F8B0
:106040000C33B0F812435B6884B000F543700D4622
:106050009847B0FA80F0C4F300244009A04215D05C
:1060600003A8012208210DF06FFCEB885B071DD40B
:10607000A869039A0368002100911C6A043208236E
:10608000E021A04740B103A80DF078FC30460DF0A8
:1060900055FC304604B070BD03A930460DF066FCD7
:1060A00003A80DF06BFC304604B070BD2846FFF726
:1060B0006DFFDDE770B50C4682B0054668460DF011
:1060C0003DFCE38843F00103E3800526012008F04E
:1060D00075FB214601A8FFF7AFFF01A968460DF047
:1060E00055FC01A80DF04AFC009B5A88BAB11A79F8
:1060F000202A31D15B79312B11D0022168460DF075
:10610000AFFCE38823F00103E380694628460DF0E5
:106110002DFC68460DF032FC284602B070BD013EF1
:10612000D4D10122022101A80DF00EFC019B3822DE
:1061300020215A711971E38823F00103E38001A93A
:1061400028460DF013FC01A80DF018FC68460DF070
:1061500015FC284602B070BD132ACED059790248EA
:1061600008F0B8FAC11CC9E764310400F0B516465E
:1061700083B00D461F4604460DF0E0FB314601A8F2
:106180000DF0F4FB01A92846FFF740FF00B92FB935
:1061900001A80DF0F3FB204603B0F0BD01A80DF0FF
:1061A000EDFB294601A8FFF785FF01A920460DF068
:1061B000EDFB01A80DF0E2FB204603B0F0BD00BFEF
:1061C00070B582B01646044601220D46684602218B
:1061D0000DF0BAFB20460DF0B1FB009B10225E7162
:1061E0001A71694601A80DF0C1FB01A92846FFF705
:1061F0000DFF064601A80DF0C1FB56B9294601A8BE
:10620000FFF758FF01A920460DF0C0FB01A80DF0D3
:10621000B5FB68460DF0B2FB204602B070BD00BF72
:1062200030B5CB889B0783B00C46054645D46846FD
:106230000DF084FB012201A82146FFF7C1FF01A94F
:1062400068460DF0A3FB01A80DF098FB009BB3F886
:106250000730A381022201A82146FFF7B1FF01A95F
:1062600068460DF093FB01A80DF088FB009BB3F886
:1062700007302381032201A82146FFF7A1FF01A9CE
:1062800068460DF083FB01A80DF078FB009AA18908
:10629000B2F80720E388628149F60412914243F084
:1062A000020016BF23F0040343F0060343F0020389
:1062B000E080E38068460DF061FBA068A389286058
:1062C0002846AB8003B030BD70B584B006460C469E
:1062D00001A8012204210DF037FB019A08230125B2
:1062E00084F001041221D47111715371957101A9C7
:1062F0000DEB03000DF03AFB2B46314602AA03A832
:10630000FFF734FF03A80DF039FB02A80DF036FBB0
:1063100001A80DF033FB04B070BD00BF70B50121C2
:1063200084B00546FFF7D0FF0021012007F02CFACA
:1063300001A8012204210DF007FB019B0822012482
:106340001226072001A91E715871DA719C710DEB9C
:1063500002000DF00BFB234602AA294603A8FFF713
:1063600005FF03A80DF00AFB02A80DF007FB0A20A9
:1063700008F024FAE869032100F543700FF05CFB94
:106380004FF0804301A8C3F800450DF0F7FA04B0C0
:1063900070BD00BF70B5C38813F0010482B004D093
:1063A0002D4B00221A6002B070BD0546C069D0F8BE
:1063B0000C33B0F812635B6800F543709847B0FA8D
:1063C00080F0C6F300264009B042E9D0224A1368A3
:1063D0001D2B03DC0133136002B070BD68461460EE
:1063E0000DF0ACFA01A82946FFF726FE01A9684680
:1063F0000DF0CCFA01A80DF0C1FA009B5A8842B109
:106400001A79112A02D15A79092A06D0134807F0BD
:10641000DFFA68460DF0B2FAC5E79A79012AF5D19C
:10642000DB79022B08D0032B0ED0012B08D00121E1
:106430000B4807F0CDFAECE70A4807F0C9FAE8E79D
:10644000094807F0C5FAE4E7084807F0C1FA28460A
:10645000FFF764FFDDE700BFAC380020AC3104007B
:106460000C320400E4310400CC310400F4310400A7
:10647000C38819B923F00103C380704743F00103B7
:10648000C380704708B507F041FF003018BF0120F6
:1064900008BD00BF2DE91848044609F00FFFD4E9F4
:1064A0000C23821A61EB0303002B08BFB2F5FA7FBD
:1064B00006D3E06A0028CCBF00200120BDE8188880
:1064C0000020BDE8188800BF2DE9F043046A83B0BE
:1064D0009DF828507CB30C469046994609F0FEFE84
:1064E00044B9D5B90B9B1648002B18BF002003B048
:1064F000BDE8F083894508BF80451ED3B8EB000690
:1065000069EB01070F4C0E480025BD4208BFB4429D
:1065100038BF002003B0BDE8F08302A9052041F890
:10652000044D07F031F9019B0548002B18BF0020EE
:1065300003B0BDE8F0830448D9E70148D7E700BFBE
:1065400009FCFFFF9F86010016FCFFFF2DE9F04FBD
:106550008DB01F460546894616469DF858A009F09D
:10656000BDFE179BCDE90201CDE900A332463B46B3
:1065700049462846FFF7A8FF069018B106980DB0C7
:10658000BDE8F08F28460121FFF79EFEBAF1000F0B
:106590000CBF01200220069907F0F6F80AA809F0BE
:1065A0006FFFCDE90401286A42690368D2F84815F3
:1065B0000791D2F804130891D2F80413DB69C2F8EA
:1065C0000813C2680992684A934240F0C480674B3E
:1065D000C360DFF8A4810023A8F80030BAF1000FEF
:1065E0000FD1179B6BB11B6817985B689847179B77
:1065F0001798DB8813F4807F0CBF032102210FF072
:106600001BFAE869032100F543700FF015FA584BA7
:1066100040221A60286A0A9A03680221DB6B9847B5
:10662000286A03689B6A9847B6F10D00DDE90234D9
:1066300047F1FF31DDE90467F61A67EB0407C31A77
:1066400061EB04041846B21947EB07032146801A90
:1066500061EB03014B46A9461D460A9CCDE90201A8
:1066600000260027D3466DB3DDE902239F4208BF11
:10667000964229D2921B63EB07033E4800219942C0
:1066800008BF904200D20246D9F8200003680221D8
:106690002244DB6B984730BFD9F8200003689B6C1D
:1066A0009847041B3619824647F1000709F016FE89
:1066B000B8F800309BB2002133B1A8F8001054465E
:1066C000002DD1D12B4ADFE7D9F81C00002100F5BD
:1066D00043704D46DA460FF0AFF9BBF1000F32D0F0
:1066E000286A03681B6B9847286A43690268D3F8D5
:1066F0000413D269C3F808131B498A422ED1099AA0
:10670000C260079AC3F848250022002319461046A4
:1067100009F0C6FE2B6A089A5B69BAF1000F0CBF3C
:1067200003200420C3F80423002107F02DF8284695
:106730000021FFF7C9FD09F0C1FDC5E90C0106986C
:106740000DB0BDE8F08F179B002BC9D018465946F5
:106750000FF072F9C4E7054998473AE7099990475D
:106760002B6A5B69CDE700BFF95E0200015F0200A2
:1067700000E100E0BFBDF0FFE046002070B584B04E
:1067800004AB0024002563E902450646184609F0DB
:106790009FFE002501240146DDE902233046CDE9B4
:1067A0000045FFF7D3FE04B070BD00BF2DE9F041F6
:1067B000044682B00E46154610309846BDF8287043
:1067C0000CF0AEFD2680658018201BF014FD08AB90
:1067D000054693E803006A4682E803002E4603CA92
:1067E00046F80C8B0023084AEB6047F00207736001
:1067F00068602046A780A560E360C4E90833A9600B
:106800006A6102B0BDE8F081455F020010B5104B2F
:106810001C6890B0CCB10F4A04920022059204AAE1
:10682000034692E8030010228DE80300029240F232
:10683000FF31052206A8FFF7B9FF236806A99B6868
:106840002046984706A807F0EFFE10B010BD00BF25
:10685000D03E00209968020038B50446002007F0B9
:106860005DFD2046FFF7D2FF2046FFF787FF054674
:1068700004F1240007F0B0FD284638BD10B50446E9
:10688000243007F0A9FD002007F048FD2046BDE8B0
:106890001040FFF7BBBF00BF82B08DE80C00BDF811
:1068A000002040F2FF339A4201D002B07047BDF899
:1068B0000230052BF9D102B0FFF7E0BF10B5044B51
:1068C000036000230446C38006F04AFF204610BD43
:1068D0007044040010B5064B036000230446C380D7
:1068E00006F03EFF20461BF07FFC204610BD00BF97
:1068F00070440400F0B51B4F85B0054600F1180642
:106900002C6974B1E278012A0DD0022A05F1200029
:1069100021D100F001FB2B69A3420AD01C46002CB8
:10692000F0D105B0F0BD304600F0A2FA2B69A342C9
:10693000F4D10222C7F88020BFF34F8FBFF36F8FCF
:1069400029696B7A496A2961013B6B7220463A607A
:106950001BF04AFCD4E701230A2168460CF0C0FC76
:10696000D9E700BF00E100E070B50F4B03600025E0
:10697000044645600E4606F083FE20460B4B40F869
:10698000183B214600F02EFA214604F1200000F0C9
:10699000BFFA074BE5802581A680C4E903556561F0
:1069A0001C60204670BD00BF7044040064320400C7
:1069B000B0380020092906D8044A054B525CC3F8B8
:1069C0000C25002070476FF47A7070475032040035
:1069D0000010004010B50C46FEF7E8FF28B9642C03
:1069E00005D8044BC3F8084510BD034810BD6FF42B
:1069F0007A7010BD0010004016FCFFFF38B54369E7
:106A00004BB3427A032A23D8C288D2074CBFC2684C
:106A1000124A9A6204462C201BF0EDFB2C22002126
:106A200005461BF043FC636900225A6222690AB9D9
:106A30000BE01A46536A002BFBD163695362637AF9
:106A4000656101336372002038BD63692361F6E735
:106A50006FF47B7038BD6FF47A7038BD16FCFFFFA1
:106A600038B5194BD3F8002122B100210122C3F817
:106A700000119A60144BD3F80C217AB1134C002109
:106A8000C3F80C112068D3F80054C288012D02F01D
:106A9000010204D09AB90C4B01229A6038BDD3F898
:106AA00048350AB15B42C360FFF7A8FF2268064B76
:106AB0005269C3F80425044B01229A60EEE7024BA9
:106AC000C16001229A60E9E700100040B038002060
:106AD000F8B5C388DB0701D50020F8BD0446FEF7F2
:106AE00065FF002871D16569002D65D04FF08043A6
:106AF00000220121C3F800211A461960D2F80031A2
:106B0000002BFBD0324D0023C5F80C35FEF74EFFAD
:106B100000284DD02E4D2F4B0022C5F81025C5F86A
:106B20001C35267AFEF742FF00283DD0284BDFF8BF
:106B3000B4C0294F294D002001210826C3F82C0597
:106B40000222C3F83015C3F81465C3F818C54FF610
:106B5000FF7CC3F83425C3F83CC5C3F83875182743
:106B6000C3F854756769C3F80475C3F80463C5F8BE
:106B700080212A60D3F8002242F01002C3F80022DC
:106B8000C3F800011A465960D2F80031002BFBD03F
:106B9000E38843F4804343F0010300200121C2F85D
:106BA0000C019160E380F8BD2672C5F82465BDE74D
:106BB0000723C5F80835ADE72C201BF01CFB294640
:106BC0002C221BF073FB606190E70548F8BD00BF05
:106BD00000100040746962752110010000E100E0BE
:106BE00016FCFFFF2000040210B50446FEF7DEFE8F
:106BF000F8B9E38813F0010301D1184610BD0E4B1C
:106C00000222C3F88020BFF34F8FBFF36F8F0B4B6F
:106C10000121C3F810011A461961D2F81031002B76
:106C2000FBD0E38823F4804323F00103E3800020BA
:106C300010BD034810BD00BF00E100E0001000409F
:106C400016FCFFFF70B505460C46FEF7AFFE0028A8
:106C500036D1EB8844B113F001041FD1194A1068F2
:106C6000C0F3400070B970BD13F0040120D113F0DF
:106C70000200F8D0134A23F002030224EB801460D0
:106C8000084670BD43F002030221EB80C2F8801079
:106C9000BFF34F8FBFF36F8F204670BD0646284667
:106CA000FFF7A2FFEB8843F004033046EB8070BD92
:106CB00023F00403EB802846FFF70AFF204670BD4F
:106CC000014870BD00E100E016FCFFFF38B5054645
:106CD0000C46FEF76BFE20B9034B2C72C3F824451B
:106CE00038BD024838BD00BF0010004016FCFFFF51
:106CF0000346006988B1094930B40224C1F88040D4
:106D0000BFF34F8FBFF36F8F1D695A7A6D6A1D6194
:106D1000013A5A720C6030BC7047704700E100E0E5
:106D200038B505460C46FEF741FE002851D1002C2F
:106D30004CD02378232B49D8274B0222C3F880203C
:106D4000BFF34F8FBFF36F8F244B0121C3F81001A6
:106D50001A461961D2F81031002BFBD00021012313
:106D60001E48C2F80445C2F800111360D0F8003183
:106D7000002BFBD001210023184A8160C0F80C31A0
:106D8000D2F80C31002BFBD06B69C2F8043500201F
:106D900001231249C2F810011361D1F81031002B00
:106DA000FBD0002001230D4AC1F800014B60D2F84E
:106DB0000031002BFBD0084B022100200124C2F837
:106DC0000C019460C3F88011196038BD6FF47A70BB
:106DD00038BD034838BD00BF00E100E000100040AE
:106DE00016FCFFFF0022C0E90012704730B54C6866
:106DF00083B00546B4B1636A4B602146A36A11F8BB
:106E0000042B01A8033A01F091FB20461BF0ECF99A
:106E100001A9284601F066FB01A801F05BFB2846AA
:106E200003B030BD024901F05DFB284603B030BD20
:106E3000B8380020C9B1232A134616D830B58DB012
:106E40000446012003338DF805008DF80700002566
:106E500002A88DF804308DF806501BF003FA01A942
:106E60002068FFF75DFF0DB030BD6FF47A7070479A
:106E700010B5044684B00068FFF73AFF0023436270
:106E80006268B2B1516A09B915E011464A6A013324
:106E9000002AFAD1032B08DC486201231A46092193
:106EA00068460CF01DFA04B010BD1BF09DF904B04B
:106EB00010BD6060F1E71146EEE700BF0048704783
:106EC00016FCFFFF0048704716FCFFFF82B070B54C
:106ED0008CB010A981E80C00037823B10CB0BDE898
:106EE000704002B0704704460FC90CAE074D46F81B
:106EF0002C5D02AD85E80F0060683146FFF710FF9A
:106F00000CB0BDE8704002B0704700BF1301000232
:106F1000002241600270704738B504464068FFF7B0
:106F2000E7FE01230546237004300CF003FA00232A
:106F300028462370BDE838401BF056B94CDF704737
:106F400010B5044B036000230446C38006F008FC20
:106F5000204610BD7044040010B5064B03600023AA
:106F60000446C38006F0FCFB20461BF03DF920469A
:106F700010BD00BF7044040070B5094B03600025CC
:106F8000044645600E4606F07BFB064AA6804FF499
:106F90007A73A56065822260E360204670BD00BF01
:106FA000704404008832040010B5C38843F4804361
:106FB000C38086B0044609F081F9A2680023994293
:106FC00008BF904202D2002006B010BDFEF7EEFCD2
:106FD00008BB134B01221A60D3F80021002AFBD012
:106FE0000022C3F80021D3F808250192012159603D
:106FF000002AB8BF03329210228209F05FF9E368D9
:10700000A18818440123A0601A4602A80CF068F970
:10701000002006B010BD01A8FFF790FF019AE7E736
:1070200000C0004010B50446FFF7BEFFB4F91000E1
:10703000B4F91230C01A10BDFFF7B6BF0020704778
:107040000368DB6A184700BFA0F10800FFF7F8BF2C
:10705000094B10B503F1080248330446026083600F
:1070600018300CF009FD054B236000232046E38017
:1070700006F076FB204610BD58330400704404002F
:107080000B4B03F10802483310B5044602608360DD
:1070900018300CF0F1FC074B23600023E3802046FE
:1070A00006F05EFB20461BF09FF8204610BD00BF97
:1070B0005833040070440400002070472DE9F0416B
:1070C0000F4D05600025456004461E46884617465C
:1070D000BDF8185006F0D4FA0A48C4F80C8000F144
:1070E00008014830A060C4E90476216004F118006A
:1070F0000CF05CFD4023A580A3622046BDE8F08132
:1071000070440400583304002DE9F04F032B87B07E
:1071100082460D461646194605A8B8BF032101222E
:107120004FF0000903934F460CF00EFC4FF014088B
:1071300008E03C4806F04CFC012006F0BDFFB8F129
:1071400001084BD001216869FFF792F9E8683268BD
:1071500001685388CDF800908C690432E421A0477F
:1071600004460028E5D1C82007F02AFB2869D0F89A
:107170000C33B0F812B35B6800F543709847B0FA6F
:1071800080F0CBF3002B400958454FF0E4011CD0B0
:10719000E868059A046853880097246A0432A04777
:1071A000044630BB059932680B79127993424FF04F
:1071B000010023D033B1202BC1D14B799A4201D0A9
:1071C000002BBCD106F078FFD0E70134012006F097
:1071D00073FF142CCAD1B8F10108B3D1124806F0DC
:1071E000F7FB68694146FFF743F950460CF0A6FBF0
:1071F00010E001460D4806F0EBFBA0E72146686968
:10720000FFF736F9039905A80CF02AFC05A95046AA
:107210000CF0ACFB05A80CF0B1FB504607B0BDE884
:10722000F08F00BFFC320400383304001833040030
:107230002DE9F0410D4684B0064648691F46904648
:10724000FEF7DEFEEB88DB0611D403AC4146204698
:107250000CF08CFB3B46224629463046FFF754FF94
:1072600020460CF08BFB304604B0BDE8F0810122D3
:10727000114601A80CF068FB019B03241C7101A9B5
:1072800002A80CF073FB2146094807F023FA03AC6F
:10729000034602AA29462046FFF736FF20460CF097
:1072A0006DFB02A80CF06AFB01A80CF067FBCDE7B0
:1072B000A4320400F0B585B0044616460F460122FC
:1072C000082101A81D460CF03FFB20460CF036FBC0
:1072D00046F02060019E05F0F3FBAD00706028468B
:1072E00005F0EEFB01A9B06002A80CF03FFB05F130
:1072F000080302AA394603A8FFF79AFF03A920460C
:107300000CF044FB03A80CF039FB02A80CF036FB90
:1073100023685B88082B0FD803A80CF00FFB03A988
:1073200020460CF033FB03A80CF028FB01A80CF05E
:1073300025FB204605B0F0BD002220464FF0FF336C
:1073400008210CF04DFB23685988204608390CF0C1
:1073500087FB01A80CF012FB204605B0F0BD00BF72
:1073600030B583B00C46014601A81D46FFF7A2FFC9
:1073700001994B885BB12046AA0004311AF072FFD4
:10738000002401A80CF0FAFA204603B030BD014CED
:10739000F7E700BF0CFCFFFFA0F10800FFF7E0BF1C
:1073A0002DE9F04F804685B068464FEA83090D46C7
:1073B00093460CF0C3FAD8F828104945A8BF4946AF
:1073C0000831012201A80CF0BFFA09EB050A01A857
:1073D0004FF0FF330022FF210CF0E8FA55453DD273
:1073E000002601E0AA4539D9D8F82830019FA9EB39
:1073F00006049C4245F03060A8BF1C4605F060FBC7
:107400007860204605F05CFB26F003012246B86058
:10741000594407F10C001AF025FF04F1080101A8F6
:107420000CF01EFB01A902A80CF0A0FA092302AA85
:10743000414603A8FFF7FCFE03A968460CF0A6FA34
:1074400003A80CF09BFA02A80CF098FA009B5B884A
:1074500025442644002BC5D1064C00E0002401A899
:107460000CF08CFA68460CF089FA204605B0BDE8AD
:10747000F08F00BF0EFCFFFFA0F10800FFF790BFE8
:1074800070B5154682B0012204460E466846114684
:107490000CF05AFA009B69461D7101A80CF066FABF
:1074A0002946094807F016F901AA03463146204645
:1074B000FFF7BEFE01A80CF061FA68460CF05EFA18
:1074C000204602B070BD00BFA432040030B5C388AE
:1074D0009B0785B0044609D5636A00209AB262F31F
:1074E0000F001B0C63F31F4005B030BD01A80CF06A
:1074F00025FA072202A82146FFF7C2FF02A901A828
:107500000CF044FA02A80CF039FA019A55886DBBC8
:107510000622214602A8FFF7B3FF02A901A80CF03A
:1075200035FA02A80CF02AFA019A5388D3B91D46FD
:1075300002A86169FEF774FEBDF80A30FF2BE388EC
:1075400007BF402243F018034FF4806223F0180372
:10755000E380A26215B143F00203E38001A80CF0BE
:107560000DFAB9E7537984F82630E1E7B2F805005F
:1075700005F0B8FA0125A084CAE700BF2DE9F0475D
:1075800088B006460D4617460821012201A80CF0D6
:10759000DBF902A80CF0D2F903A80CF0CFF904A88B
:1075A0000CF0CCF93046FFF791FFB48C96F82630FA
:1075B0000590B90001EB050904FB03F3994500F2BE
:1075C000DA80B9FBF4F7B5FBF4F304FB07F7B9EB8A
:1075D000070204FB03FA08BF3F1B554500F0C580B6
:1075E000A21A04FB1353B2FBF4F104FB1124002B89
:1075F00040F09380002C40F08180F3881B0741D538
:10760000BA4561D8544607AD03E0B38C1C44BC4274
:107610005AD844F04060DDF8048005F051FAC8F80B
:107620000400204605F04CFA01A9C8F8080006A895
:107630000CF09CF9012306AA31462846FFF7F8FD15
:10764000294602A80CF0A2F928460CF097F906A8E2
:107650000CF094F9029B5B88002BD6D14748484C2C
:1076600006F0B6F904A80CF089F903A80CF086F925
:1076700002A80CF083F901A80CF080F9204608B0AC
:10768000BDE8F0874AF04060019C05F019FA60609F
:10769000384605F015FA01A9A06006A80CF066F9B5
:1076A000012306AA07A83146FFF7C2FD07A902A8D1
:1076B0000CF06CF907A80CF061F906A80CF05EF963
:1076C000029B5B88002BC9D0039B5B88002B36D1C3
:1076D000049B5C88002CC5D004A907A80CF046F9CF
:1076E000079A316853880C6A9B0849460432304631
:1076F000A04707A80CF042F90024B3E707ADA308A0
:1077000028464A463146FFF7D5FD294604A80CF025
:107710003DF928460CF032F96FE707AD9B08284683
:1077200052463146FFF7C6FD294603A80CF02EF954
:1077300028460CF023F9002C3FF45FAFDEE703A9E5
:1077400007A80CF013F9079A316853880C6A9B0854
:10775000514604323046A04707A80CF00FF9049BAD
:107760005C88002C3FF47EAFB6E7601B384488424B
:107770007FF436AF41E76FF47A7473E7EC320400BC
:107780000EFCFFFF30B5044683B00D46FFF79EFEAA
:10779000A28C29469208204603B0BDE83040FFF78E
:1077A000EDBE00BFA0F10800FFF7ECBF10B5044626
:1077B00082B0FFF78BFEA38C94F8260000FB03F049
:1077C00002B010BDA0F10800FFF7F0BF10B50446ED
:1077D00082B0FFF77BFEA08C02B010BDA0F10800C4
:1077E000FFF7F4BF02460020D3680133D36070472F
:1077F0000B6881601B680846184700BFD0F8140862
:10780000704700BFCB1E012B05D94B1E012B02D99F
:107810006FF47A7070474B1C03EBD3735B10C0F8A6
:107820001418C0F818380020704700BF10B5044B7A
:10783000044640F8083B0CF0A1F8204610BD00BFFC
:10784000C433040010B5054B044640F8083B0CF067
:1078500095F820461AF0C8FC204610BDC433040039
:10786000F0B41B4C04600226032400F61C05C0F88B
:107870001448C0F8186800244FF07E56C0E901444F
:107880002E600125C0F8204800F62406DC1E0027E3
:10789000AC42376080F8285810D95C1EAC420DD934
:1078A00092B207EE902A00F50162F8EE677A00F6D0
:1078B0000C031160F0BCC3ED007A70475C1C04EB54
:1078C000D4746410C0F81438C0F81848E8E700BF52
:1078D000D8330400F8B5104B104E114F0360054625
:1078E0006C68A4B16068E26B03686A609B68984743
:1078F00023689B68B34220460BD140F8087B0CF00C
:107900003DF820461AF070FC6C68002CEAD128463D
:10791000F8BD9847E4E700BFD8330400457802007B
:10792000C433040038B54B684FF07E520A631A68BE
:1079300005460C461846D26805F50165904795ED59
:10794000006A9FED117AD4ED067AD4ED075A606390
:10795000C7EE276A431C03EBD37320F002005B10D1
:107960000128A36385EE867AC4ED096A84ED0A7A5C
:1079700002D00023236238BDBEEE007A67EE877A1C
:10798000C4ED087A38BD00BF00C07F442DE9F04F38
:107990002DED048B4C688BB002910590002C00F00B
:1079A0005981029B4FF40072D3F8183892FBF3F21E
:1079B000029B002A03F10C03049306DD002103EB74
:1079C000820243F8041B9A42FBD1DFF8C4829FED88
:1079D000AC8A0127656BE36B03933DB9214602989E
:1079E000FFF7A0FF656B002D00F08480029A049ED3
:1079F000D2F818384FF4007A9AFBF3FA0AF1030A26
:107A000002EB8A0AB24575D9A368A26B5B8893FB27
:107A1000F2F307EE903A94ED0B7AD4ED0A6AF8EEA1
:107A2000E77AAAEB060977EEC77A4FEAA909C7EE0B
:107A3000A68AFDEEE88A18EE903A4B45A8BF4B4661
:107A4000BBB3013B206901931F46B34658F825306C
:107A5000984707EE900A94ED087AD4ED096ADBEDB9
:107A6000005A94ED0C5A2369B8EEE76AD4ED0E7A09
:107A700036EE077AF8EEE77A27EE267A013FE5EE52
:107A8000075A7A1CEBEC015AD4ED0B6A94ED0A7A92
:107A900036EE877A67EE877A84ED0B7AFDEEE77A29
:107AA00017EE900A1844D1D1019B06EB83060436E9
:107AB000002718EE903A99451ADBE368D3B1616864
:107AC0000A68013BE36006A81368984706A904F119
:107AD00008000BF05BFF06A80BF050FFA26884EDD6
:107AE0000B8A131D236151880B44636153880BB1CA
:107AF000B24589D8039C002C7FF46CAF029B1846DA
:107B000093F82818002F7CD149B1029B022283F8F8
:107B10002878012340F6D63106A80BF0E1FB0122BC
:107B20004FF4007106A80BF00FFF0299069C9FED21
:107B3000557A01F60C0201F61C0392ED008AD3ED92
:107B4000007AD1F814386288D1F8181892FBF1F253
:107B500068EE277A032B04F10404C7EE879A70D0ED
:107B6000012BF6EE008A28EE289A00F0838068EE5A
:107B7000688AB0EE498A9FED449A551E7AB3B8EEF2
:107B8000C99A424E049FDDF8088001E0D8F8143805
:107B9000F7EC017AD8F8202856F82330B0EE497A6D
:107BA000A7EEA97A2046013DB4EE687AF1EE10FA0C
:107BB000F0EE477A48BFF0EE687AF4EE487AF1EEDC
:107BC00010FAC8BFF0EE487AFDEEE77A17EE901A89
:107BD00011439847D8F818381C446B1CD6D1029B27
:107BE000986803681B68984706A905980BF0BEFEC5
:107BF00006A80BF0C3FE05980BB0BDEC048BBDE8E6
:107C0000F08F03F62403D3ED007AF5EE407AF1EE1F
:107C100010FA0ED04FF40072D0F8183892FBF3F23D
:107C2000002A06DD049B03EB8202E3EC017A9A4210
:107C3000FBD100297FF473AF029B012283F828282F
:107C400067E7B6EE009A28EE099ADFED0D8ABDEEE1
:107C5000C99A92E7886803681B68984701224FF425
:107C6000007105980BF070FE05980BB0BDEC048B0D
:107C7000BDE8F08FBDEEC99ADFED018A7DE700BF58
:107C80000000000000C07F44000000008C200020A5
:107C90006820002070B505462DED028B402008EECF
:107CA000902A0E4608EE103A1AF0A5FA4022044631
:107CB00000211AF0FBFA2046154B40F8083B0BF068
:107CC0003DFEF5EE408AF1EE10FA04BF05F50163C2
:107CD000D3ED008A6660B8EEC88A002300222146F0
:107CE000284684ED068AC4ED078AE262C4E90333BC
:107CF0006361FFF717FE33686A685B68E2633046CA
:107D00006C6021469847BDEC028B204670BD00BFD9
:107D1000C4330400B1F5806F0DD207EE901ADFED89
:107D2000076AF8EEE77A00F61C0387EEA67A0020D1
:107D300083ED007A70476FF47A70704700C07F441B
:107D400000F61C00D0ED007A9FED047A67EE877A8A
:107D5000FDEEE77A17EE900A704700BF00C07F443F
:107D600007EE901AF8EE677A00F60C00C0ED007A84
:107D700000207047436800F5016006EE901A01602C
:107D800043B193ED077AC7EE267AC3ED0A7ADB6B2F
:107D9000002BF6D100207047C0F820180020704753
:107DA00007EE901AF5EEC07AF1EE10FA10D49FEDBE
:107DB0000A7AF4EEC77AF1EE10FA09DC9FED077A41
:107DC00077EEC77A00F62400C0ED007A00207047F5
:107DD0006FF47A70704700BF0000804400000044D8
:107DE00029DF704728DF704712DF7047022802D171
:107DF000014B01221A707047F146002000207047A5
:107E0000C0687047D0E9023000FB03F0704700BF44
:107E100010B54468084611199A001AF023FA002098
:107E200010BD00BF2DE9F04182B002AD4FF0000857
:107E300005F8018D446828461E460C441546FFF798
:107E4000D3FF9DF80730A3B11C4F87F8008002E0F4
:107E50000A2008F00FFB324629462046FFF7C0FFF4
:107E60000028F5D13B78002BFCD0002002B0BDE803
:107E7000F081134A0123C2F80435D2F80034002BF4
:107E8000FBD076B129460E4A05EB8605641A6318C5
:107E900051F8040B1860D2F80034002BFBD0A94233
:107EA000F5D1074A0023C2F80435D2F80034002B7C
:107EB000FBD0002002B0BDE8F08100BFF1460020F9
:107EC00000E0014002680549D2688A4204D1D0E945
:107ED000022000FB02F07047104700BF057E020041
:107EE00070B582B002AB002203F8012D446805464C
:107EF00018460C44FFF778FF9DF8073093B1164EF3
:107F0000327002E00A2008F0B5FAE868B4FBF0F03D
:107F1000FFF768FF0028F5D13378002BFCD0002054
:107F200002B070BD0D4A0223C2F80435D2F8003405
:107F3000002BFBD00949C2F80845D1F80034002BCA
:107F4000FBD00023054AC1F80435D2F80034002BD9
:107F5000FBD0002002B070BDF146002000E00140DF
:107F600030B4034D0560C0E90112C36030BC7047F6
:107F7000F4330400704700BF10B5C388044A0260A0
:107F800023F400530446C38007F068F8204610BD70
:107F90001834040010B5C388064A026023F4005365
:107FA0000446C38007F05AF820461AF01DF920460F
:107FB00010BD00BF18340400F8B5C37D03B9F8BD87
:107FC0000446C0690368DB6A9847E06903681B6B75
:107FD0009847A369DA68002A1FDD6FF02B051A4F56
:107FE0002D1B04F12C02002612F9013B03F5A273AC
:107FF000A81847F82360A369D9688142F4DC0029F6
:108000000BDD00255B6953F8250003685B68984722
:10801000A369DA680135AA42F4DC9A68002A0BDD0C
:1080200000251B6953F8250003685B689847A3691E
:108030009A680135AA42F4DCE388002223F00203A7
:10804000E380E275F8BD00BF0060004008B503465C
:1080500049B9094A12780AB9002008BD1B68DB6AD1
:108060009847002008BD02680349C37D0B70136B5D
:108070009847002008BD00BFF24600202DE9F84FC8
:10808000C37DD0F818B004460F4613B1C388DB0790
:1080900048D5DBF80C30002B40DD0123DFF8D89009
:1080A000DFF8D880314EDFF8D8E09C4604F12C058B
:1080B00004F1310100209A1C2B700A70DBF81420A7
:1080C0001258127C03F5A27A49EA022248F82A20C3
:1080D000E26911F901AB526900F5A27B0AF1A20A2B
:1080E0005A4446F83A2011F9012C15F901ABA23295
:1080F00006EBC2020EEB8A0AC2F804A011F9012CA9
:108100000CFA02F2C6F80425D4F818B0DBF80C20FB
:108110009A4200F1040003F10103CCDCE38823F070
:108120000103E3809BF80830217B114DE069BA1E02
:10813000012A9CBF0133DBB26375C3EB03139B00C1
:108140000C4A92FBF3F202FB01F1A5FB0131C90BD2
:10815000C4E9082103680021DB6B9847E3695B6988
:108160000122DA60A775BDE8F88F00BF00F001407A
:10817000818080800024F400030001000060004042
:108180003060004038B50546817DFFF777FFAB6969
:108190009A68002A0CDD00241B6953F82400036848
:1081A00000219B689847AB699A680134A242F3DCCE
:1081B000DA68002A0CDD00245B6953F824000368A8
:1081C00000219B689847AB69DA680134A242F3DC6E
:1081D000E86903685B6A9847E86903689B6A98479F
:1081E0000123EB7538BD00BFC37D03B17047FFF7B6
:1081F000C9BF00BFF8B5154604460E465268296847
:108200009DF8187006F056FF0021124BA561E6613B
:10821000A7752360E1752175A162EB680E4A052BF5
:10822000146001DD2046F8BD336830469B6B9847EB
:10823000E06903684FF47A51DB6C9847E369074AB9
:10824000DA60E37D002BEDD12046FFF79BFF20464F
:10825000F8BD00BF18340400B43800205584020073
:10826000807D70472DE9F0478269037D916805693B
:108270008B42044677DA126952F823000368002122
:108280001B689847E3695B6901225A60237D607D22
:10829000A269013393FBF0F100FB1133D8B22075D2
:1082A00091688B4274DAD6689169002E01EB430124
:1082B00049DD00231AE0FF20626A02FB00F246F863
:1082C0002C2052B39EF92B20920002F1804202F53D
:1082D000C042D2F8100520F48010C2F81005A2693F
:1082E000D2E90260984201EB46012BDDB4F808C0E8
:1082F0004A780878A77DE6690CFB025202440133F4
:1083000017F0FD0F7669907904EB030E03F5A87C56
:10831000D2D10028CFD146F82C00E21892F92B20B8
:10832000920002F1804202F5C042D2F8100540F4FA
:108330008010C2F81005A269D2E90260984201EBF0
:108340004601D3DC207D136953F820000368012126
:108350001B689847E3695A690123D360E26952694F
:108360001360BDE8F087D0E907315B69C288D3F8B4
:108370004435890042F00302C3EB0323B3FBF1F35E
:10838000C3F1FF038362C280817DFFF777FE79E747
:10839000D4E9070203689200DB6B00219847A369C8
:1083A000DA68002A26DD4FF000086FF02B05274F12
:1083B00046462D1B04F12C0919F9013B03F5A27364
:1083C00005EB090A47F82360D4E907230AF5A871E9
:1083D00052699B0042F82130A3695B6953F8080099
:1083E000036801211B689847A369DA68524508F1C0
:1083F0000408E1DC1B691868036800211B689847C2
:10840000A36994F92C101B6910481B68104A1B7C47
:1084100001F5A2711B0243F0011340F8213094F9D9
:108420002C3094F931109B00A23103F1804303F505
:10843000C24342F8313094F93110E369A2315B69EB
:1084400002EBC1024433536084E700BF0060004088
:1084500000F00140024B186808B1FFF703BF7047F6
:10846000B438002010300AF0D3BF00BF10B5837DB0
:1084700004469BB1012B04D0E3889B0709D5A06A71
:1084800010BD03212046FFF7F9FDE38823F0020326
:10849000E380192005F010FEA06A10BD0221FFF74D
:1084A000EDFDE288A37D22F00202E280E2E700BF58
:1084B00010B5044606F0B6FD40B9217B236A044A94
:1084C00003FB01F3A2FB0323DB0B636210BD00BFC0
:1084D0008180808010B5044600680BF0FBFB2046CD
:1084E00010BD00BF10B50446086820600BF0D4FB37
:1084F000204610BDF8B522EAE275044605F10C00ED
:108500001F460E4606F006F820600BF00BFC2368B1
:108510001D72226857603EB120682A4631460930F4
:10852000BDE8F84019F09EBEF8BD00BF10B5044686
:10853000FFF7E0FF204610BD0068096888420ED0B2
:1085400008B5037A0A7A9A4201D0002008BD0931A1
:10855000093019F078FEB0FA80F0400908BD01201A
:10856000704700BF00680930704700BF0368187A81
:10857000704700BF03685868704700BF10B5074CCC
:108580000023204619460122FFF7B4FF2046044A83
:108590000449BDE8104019F029BE00BFB8380020DA
:1085A00030200020D5840200C1607047032070474E
:1085B0000D4B03F108022C3310B50446C0E900232B
:1085C00020300BF0DBF904F11C000BF0D7F904F1BB
:1085D00018000BF0D3F9054B63600023201D638165
:1085E00005F0BEF8204610BD50340400704404006D
:1085F000A0F10400FFF7DCBF10B50446FFF7D8FF79
:10860000204619F0F1FD204610BD00BFA0F1040086
:10861000FFF7F2BF70B51B4B04461B4821810025B4
:10862000C4E900036581201D164605F029F8174BA3
:1086300003F108022C33C4E9002304F1100005F013
:108640007BFE01224FF4007104F118000BF07CF95D
:1086500004F11C000BF072F9294604F120000122FC
:108660000BF072F900220A4BE5604FF4007165626D
:10867000C4E91055A66225866163A264E3622046C0
:1086800070BD00BF70440400204B0400503404004F
:1086900000C07F44436A1BB1438943F00403438114
:1086A000704700BF43895B0770B50446456A5FD4D5
:1086B000E1692B46081D002B66D0503363624A885F
:1086C000024493421ED3D1ED037A6062F5EEC07A84
:1086D000F1EE10FA0FDB0026666204F1200104F1CE
:1086E0001C000BF053F90023A81B666418BF01207F
:1086F0002664A36470BD04F1100005F083FE002819
:10870000E9DC636A93ED027ADFED217A19685A6831
:10871000E263B5EEC07AF1EE10FA48BFB1EE477AE7
:10872000C7EE276A0020A163606403F13C0504F1F1
:108730004C01D4ED0A7AF8EEE77A67EEA67AFDEE00
:10874000E77AF8EEE76AC4ED107ADA699861012AEF
:10875000B8BF012207EE902AB8EEE77ADA61C6EEDA
:10876000877A14339D42E1EC017AEED1002070BD8E
:108770000023436200F120011C300BF007F9E1698E
:10878000636A081D002B98D16062034697E700BF1B
:1087900000007A4438B50D460446FCF7ABFF2B6861
:1087A0005B884F2B1AD904F1100005F0C9FD29464A
:1087B00004F11C000BF0EAF82046FFF773FF638911
:1087C00013F0010501D0002038BDE068026843F0D5
:1087D0000103638113689847284638BD6FF47A70A7
:1087E00038BD00BF2DE9F04F2DED068B0C46D1E9C9
:1087F000101C8BB004F118039FEDA38ADFEDA3AA30
:108800009FEDA3AA009002930027C84662468A42C1
:1088100032D0638913F004032ED105938A423EDBE4
:1088200063899B073BD5059B002BF0D0C146002FE9
:1088300000F01F81D4ED0B7A228EB6EE007A67EE3F
:10884000877A4745FCEEE77A17EE903A43EA02034F
:108850009BB203D227F8023BB945FBD8E068036816
:108860001B689847029900980BF080F800980BB0AD
:10887000BDEC068BBDE8F08F2046FFF713FF216C9F
:108880006389002940F08780002840F087805A07DC
:1088900000F18480626C01238A420593C0DA002FC4
:1088A00000F0D1808A42BEDA04F14C03019304F156
:1088B000580BD4ED0E6A94ED0A7AD4ED0B8AD4ED00
:1088C0000F7A636A019D66EE886AB8EEC77A68EE31
:1088D000A78A86EE879A0DF1180C68EEAA8AF0EE48
:1088E0004A9AE8EECA9A9E69D869F5EC017A07EED1
:1088F000106AB8EEC77A013867EE277A8642FDEE35
:10890000E77A03F11403ECEC017A08BF4CF8041C7D
:10891000AB45E8D1DDE90665089BB542A8BF354601
:108920009D42A8BF1D4613469D4249DD474595D04F
:10893000D4ED127A636AFDEEE77AD3E9032017EEED
:10894000901A904707EE900AB8EE677AF0EE696ADF
:10895000E8EE876A626C218ED4ED127ABCEEE67A7C
:1089600079EE277A17EE100AF4EEC87A531C084302
:10897000F1EE10FA27F8020B1A46C4ED127A63647E
:10898000D2DD77EEC87AF4EEC87AF1EE10FAF8DCB0
:10899000C4ED127AC8E713F0040251D023F00402A8
:1089A00001232189628106A81A460AF099FC04F184
:1089B000100005F0FBFC01230593D4E910122DE70C
:1089C000B3424FF00005039708D06E1C032E3546C6
:1089D00030D006A951F82660B342F6D1A90001EBC8
:1089E000050AD4F824C004914FEA8A0A0CEB0A095C
:1089F000D9E906E76E1C06EB8601BE450CEB81014A
:108A00002046E3DAD9F81490B9F1000F2FD0C84707
:108A1000D4F824C0626CE2441346DAF818E00499F2
:108A20000D440CEB850C0EF10101032ECCF818104F
:108A30003546CED1216C039F99423FF73AAFF2E61B
:108A40000592626CEAE60122616B06A80AF07CFFDF
:108A500006A902980AF09AFF06A80AF08FFFA769F4
:108A6000626C7B88216C043707EB03081AE76E1CE5
:108A7000D5E706A80AF062FF06A902980AF086FF69
:108A800006A80AF07BFFE9E6000080440000803A77
:108A900000000044438919B923F002034381704761
:108AA00043F002034381704701607047704700BF85
:108AB000002928DD0378303B092B26D870B4044602
:108AC000642600204FF47A754A1E032A05D8DFE891
:108AD00002F01315100205FB03000129114606D010
:108AE00014F8013F303B092BEED94FF0FF3070BC3A
:108AF000704706FB0300F0E71844EEE703EB83033F
:108B000000EB4300E9E7002070474FF0FF3070476B
:108B10000068FFF7BFBD00BF38B5041E0CDB00299D
:108B20000ADB480001300D4604F0F0FC641B2044D1
:108B30000028B8BF404238BD4FF0FF3038BD00BFFD
:108B40002DE9F04F87B00C46084601210592FFF74A
:108B5000AFFF04210390601CFFF7AAFF0421074622
:108B6000601DFFF7A5FF0421064604F10900FFF789
:108B70009FFF0221824604F10D00FFF799FF0421B7
:108B8000029004F11200FFF793FF0421814604F1E3
:108B90001A00FFF78DFF0421804604F11E00FFF745
:108BA00087FF0221049004F12200FFF781FF0421D6
:108BB000019004F12400FFF77BFF0421834604F1B8
:108BC0002800FFF775FF0421054604F12C00FFF78C
:108BD0006FFF01463046FFF79FFF0421064604F170
:108BE0003000FFF765FF01464846FFF795FF042177
:108BF000814604F13400FFF75BFF01463846FFF77A
:108C00008BFF0421074604F13800FFF751FF0146AE
:108C10004046FFF781FF0421804604F13C00FFF746
:108C200047FF01465046FFF777FF0421824604F1D3
:108C30004000FFF73DFF01465846FFF76DFF042156
:108C4000834604F14400FFF733FF01462846FFF74F
:108C500063FF711C18D0B9F1FF3F15D07A1C13D0F7
:108C6000B8F1FF3F10D0BAF1FF3F0DD0BBF1FF3F8D
:108C70000AD0431C08D0039B059A042B0AD8DFE8CE
:108C800003F07A7774710700002007B0BDE8F08F19
:108C90006B4BD36007EE906A07EE10AA049BD3617A
:108CA000F8EEE77AF8EEC76A029BC2ED007AC2EDF1
:108CB000026A122B13D8DFE803F074770A121289C4
:108CC000801271647164716471647164610007EE93
:108CD000909AF8EEE77A5B4BC2ED087A536140F266
:108CE000FF339F42A8BF1F469845A8BF984627EA72
:108CF000E77728EAE87807EE907A07EE108AF8EE30
:108D0000E77A9FED516ADFED514A514B9362B8EE1D
:108D1000C77A87EE865A24231363019B022BC7EE82
:108D2000065A86EEA47A07EE900AF8EEE77A82ED0C
:108D3000015AC2ED0D5A67EE277A72D0032B03D089
:108D4000012B60D00120A0E707EE10BAFDEEE77A14
:108D5000B8EEC77A3F4BC2ED117A82ED127AD36337
:108D6000012092E73C4BD36094E73C4BD36091E702
:108D70003B4BD3608EE73B4BD3608BE73A4B536161
:108D8000ADE73A4B5361029B083B092BA7D8DFE8BC
:108D900003F0363632322E2E2A2A2626344B5361E1
:108DA000F1E7344B53619AE707EE909AF8EEE77AD1
:108DB000314BC2ED087A536191E707EE909AF8EED5
:108DC000E77A2E4BC2ED087A536188E707EE909A56
:108DD000F8EEE77A2A4BC2ED087A53617FE7294B18
:108DE0001B6813627BE7284B1B68136277E7274BEE
:108DF0001B68136273E7264B1B6813626FE7254BF2
:108E00001B6813626BE707EE10BAFDEEE77AB8EE67
:108E1000C77A214BC2ED117A019882ED127AD363A1
:108E200033E707EE10BAFDEEE77AB8EEC77A1B4BD0
:108E3000C2ED117A82ED127AD363012025E700BFDB
:108E4000553103002598020000C07F4400401C46B5
:108E5000499A020071980200713103002531030024
:108E60005131030039310300D1C50100A19902003D
:108E700045990200F5970200F9970200099902004E
:108E8000CD980200502000204C20002040200020DF
:108E90004820002044200020019A0200259A020068
:108EA00038B50C460546364920460AF095FE00289E
:108EB00037D1344920460AF08FFE60BB3249204644
:108EC0000AF08AFE98BB314920460AF085FEA0BB15
:108ED0002F4920460AF080FEA0BB2E4920460AF00A
:108EE0007BFEA0BB2C4920460AF076FEA0BB2B4996
:108EF00020460AF071FEA0BB294920460AF06CFE0C
:108F0000A0BB284920460AF067FEA0BB21462846A0
:108F10000AF044FE03E0244928460AF03FFE2846B2
:108F200038BD224928460AF039FE284638BD204976
:108F300028460AF033FE284638BD1E4928460AF066
:108F40002DFEECE71C4928460AF028FEE7E71B49FE
:108F500028460AF023FEE2E7194928460AF01EFED9
:108F6000DDE7184928460AF019FED8E716492846D1
:108F70000AF014FED3E7154928460AF00FFECEE7A3
:108F8000E8380020DC380020E0380020C03800201D
:108F9000D4380020E4380020F4380020EC380020D9
:108FA000F8380020D838002000390020BC380020D4
:108FB00004390020D0380020F03800200839002083
:108FC000C8380020C4380020CC380020FC380020ED
:108FD0002DE9F04182B0064668460C460AF0DEFDF7
:108FE000694601A8FFF75CFF01A920460AF0E4FDED
:108FF00001A80AF041FD68460AF03EFD2568274BAE
:10900000B5F90220541CA3FB0413E41A03EB540427
:10901000A40904EBC40304EBC303013B9A4202D04E
:1090200002B0BDE8F08104EB84073F01394601221C
:1090300068460AF089FC009B0433F4B12C1D1F44E0
:10904000C4F1490801E049342B461A46214630460E
:1090500003F15005FFF774FD08EB040338B1BD427E
:109060000BD0002BEFDD94F848302C2BEBD068466A
:109070000AF084FC02B0BDE8F0813468694601A8BA
:109080000AF074FC01A92046FFF784FB01A80AF04E
:1090900075FC68460AF072FCC2E700BF3970E0C098
:1090A00030B5036883B004460D461889012104F0E9
:1090B00075FE294601A80AF071FD01A92046FFF7B7
:1090C00087FF01A80AF0D8FC04F0ECFF03B030BD24
:1090D000F8B5664F664D674C674E684938460AF0EA
:1090E000FFFC2A462146384619F080F8644F65494E
:1090F00030460AF0F5FC2A462146304619F076F84B
:10910000614E624938460AF0EBFC2A462146384651
:1091100019F06CF85E4F5F4930460AF0E1FC2A46D0
:109120002146304619F062F85B4E5C4938460AF039
:10913000D7FC2A462146384619F058F8584F594965
:1091400030460AF0CDFC2A462146304619F04EF84A
:10915000554E564938460AF0C3FC2A462146384641
:1091600019F044F8524F534930460AF0B9FC2A46E8
:109170002146304619F03AF84F4E504938460AF029
:10918000AFFC2A462146384619F030F84C4F4D497D
:1091900030460AF0A5FC2A462146304619F026F84A
:1091A000494E4A4938460AF09BFC2A462146384631
:1091B00019F01CF8464F474930460AF091FC2A4600
:1091C0002146304619F012F8434E444938460AF019
:1091D00087FC2A462146384619F008F8404F414995
:1091E00030460AF07DFC2A462146304618F0FEFF44
:1091F0003D4E3E4938460AF073FC2A462146384621
:1092000018F0F4FF3A4F3B4930460AF069FC2A4611
:109210002146304618F0EAFF374E384938460AF002
:109220005FFC2A462146384618F0E0FF344F3549A6
:1092300030460AF055FC2A462146304618F0D6FF43
:10924000314E324938460AF04BFC2A462146384610
:1092500018F0CCFF30462E490AF042FC2A4621463F
:109260003046BDE8F84018F0C1BF00BFE838002024
:1092700030200020793A0300BC38002098340400E4
:10928000DC380020A034040000390020103604002F
:10929000E03800201836040004390020F4360400B9
:1092A000C0380020FC360400D0380020D837040035
:1092B000D4380020E4370400F03800207838040067
:1092C000E43800207C3804000839002010390400FC
:1092D000F438002018390400C8380020AC390400E4
:1092E000EC380020B4390400C4380020483A0400A7
:1092F000F8380020503A0400CC380020E43A04004A
:10930000D8380020EC3A0400FC380020383B040038
:10931000403B04006FF47D70704700BF6FF47D70B8
:10932000704700BF10B5036804461B6C984723685C
:1093300020465B68BDE81040184700BF6FF47D70A1
:10934000704700BF6FF47D70704700BF6FF47D7091
:10935000704700BFC08800F00500003018BF012032
:10936000704700BFC08800F00A00003018BF01201D
:10937000704700BFC08810F0030018BF012070477D
:10938000C08800F00C00003018BF0120704700BFFB
:109390006FF47D70704700BF6FF47D70704700BF41
:1093A00003684FF47A725B6B02FB01F1184700BF50
:1093B0006FF47D70704700BF6FF47D70704700BF21
:1093C00008B503689B6B9847024BA3FB00308009EC
:1093D00008BD00BFD34D62106FF47D70704700BFB1
:1093E0006FF47D70704700BFC1600020704700BF00
:1093F0006FF47D70704700BF6FF47D70704700BFE1
:1094000038B503689B6904460D46984778B12368D0
:1094100020465B689847B5FA85F35B09984206D108
:10942000236829461B6820469847002038BD01481C
:1094300038BD00BF12FCFFFF704700BF704700BF80
:10944000D0F88800704700BFD0F88400704700BF94
:1094500010B5044618F0C8FE204610BD2DE910488E
:10946000438BD0F88020D90783B004461CD5D2EDB9
:10947000017AF5EE407AF1EE10FA02D003B0BDE8C1
:10948000108806F01BFFD4F88C30B0EB030B61F1B1
:10949000000CBCF1000F08BFBBF1650F20D2638B3D
:1094A000DA07EBD4D4F88020002AE7D0D2ED017A95
:1094B000F5EEC07AF1EE10FAE0DD43F001036383CC
:1094C00004F17C0101A80AF051FA01A904F1240079
:1094D000FFF760F901A80AF051FA03B0BDE810885F
:1094E000638B23F00103638304F12400FFF7D2F8B8
:1094F000D5E700BFA0F11400FFF7B0BF026809492B
:10950000926B8A4208B506D1D0F88400064BA3FBC3
:109510000030800908BD9047034BA3FB0030800951
:1095200008BD00BF49940200D34D621070B50446D7
:10953000028100251C4B1D4E266002224FF48070D4
:10954000E0802271636104F114002574E560A56177
:109550000E4604F095F8164BE66103F1080204F19B
:10956000240678336361226030464AF6444240F66E
:10957000C331FFF74FF804F17C00012250210AF0BB
:10958000E3F9638BC4F884504FF4007243F48043D2
:109590003046C4F880502562C4E922256383012146
:1095A000FFF778FA204670BD70440400B83C040010
:1095B0001C3D0400D0ED217A38B5F8EEE77A2DEDA8
:1095C000028BF5EE407AF1EE10FA044624D090EDCD
:1095D000227ADFED287AB8EEC78AB1EE007A28EE5B
:1095E000078A28EE278A06F069FED4F88030C4F88E
:1095F0008C00DBB1D4F8842092B307EE902ADFED23
:109600001E6A83ED018AF8EEE77ABDEC028B86EEE6
:10961000A77A83ED007A38BD06F050FED4F880308A
:109620009FED168AC4F88C00002BE3D1FCF762F89A
:10963000E36F1348134900221D1DC4F88050D86001
:1096400019619A6004F1240140F2FF33E069FEF7EA
:1096500021FBD4F88420D4F880302062002ACCD1B9
:1096600083ED018ABDEC028B9FED077A83ED007AD2
:1096700038BD00BF0000003B00247449000000001A
:10968000000048C27131030000A0BD45B1F5806FF4
:109690000ED8B1F5007F08B5C8BFC1F5806180293B
:1096A000A8BF8021C0F88810FFF784FF002008BD04
:1096B0006FF47A70704700BF08B5C0F88410FFF7E8
:1096C00079FF002008BD00BF70B50468084D646BC9
:1096D0004FF47A72AC4202FB01F105D1C0F884105C
:1096E000FFF768FF002070BD2346BDE870401847B3
:1096F000B99602000C4B03F10802783310B504460A
:10970000026043617C300AF039F904F12400FEF76D
:109710004FFF064B6361002304F11400638304F0E0
:109720001FF8204610BD00BF1C3D0400704404001B
:1097300038B50D4B054603F108027833044640F86E
:10974000142C45F8143968300AF018F904F11000A7
:10975000FEF72EFF054B236000232046E38003F035
:10976000FFFF284638BD00BF1C3D040070440400C4
:1097700038B50E4B03F108027833044640F8142C38
:1097800040F8683B0AF0FAF804F11000FEF710FF09
:10979000074B23600023E380A4F11405204603F067
:1097A000DFFF284618F020FD284638BD1C3D040088
:1097B000704404000D4B03F10802783310B50446E1
:1097C000026043617C300AF0D9F804F12400FEF70E
:1097D000EFFE074B63610023638304F1140003F081
:1097E000BFFF204618F000FD204610BD1C3D0400C0
:1097F00070440400704700BF436A91ED036AD3EDE3
:10980000007AD1ED026A91ED017A36EE676AF8EEE0
:10981000E66AB8EEC77AC6EE265AE7EE257AC0EDBC
:109820000E7A7047D1ED017ADFED0F6A9FED0F7A66
:10983000F8EEE77A38B567EEA67A0446C7EE877A7F
:109840000D4617EE900A15F053F8636A95ED037A0A
:10985000D3ED007A06EE900A37EE677AE7EE267AC5
:10986000C4ED0E7A38BD00BF21C847400000344324
:10987000F8B504462DED028B48680D4617F012FF2F
:1098800014F0DCFE636AD5ED037A93ED008A77EE7F
:10989000C87A06460F4617EE900A17F015FF3246B3
:1098A0003B4617F069FF064618EE100A0F4617F000
:1098B0000BFF02460B463046394617F0A7FD18F05D
:1098C00053FABDEC028BA063F8BD00BFD1ED017A65
:1098D0009FED0C7AF8EEE77A38B567EE877A0446A2
:1098E00017EE900A0D4615F003F8636A95ED037ABA
:1098F000D3ED007A06EE900AE7EE267AC4ED0E7AF2
:1099000038BD00BF34FA8E3CD1ED017A9FED0C7A60
:10991000F8EEE77A38B567EE877A044617EE900AD4
:109920000D4614F099FF636A95ED037AD3ED007A42
:1099300006EE900AE7EE267AC4ED0E7A38BD00BF37
:1099400034FA8E3C2DE9F041D1F80C804F68D8F8FC
:10995000046097FBF6F407EE904AF8EEE77A436A64
:109960002DED028B054617EE901A4FF0804093EDD7
:10997000008A15F011FCD8F8003007EE900A06FBBB
:10998000147428EE277A03EB8404BDEC028BD4ED2B
:10999000007A67EE877AC5ED0E7ABDE8F08100BFE8
:1099A0002DE9F041D1E90134D1F80C80426AD8F8B0
:1099B0000470013CE41A94FBF7F507EE905AF8EEB8
:1099C000E77A2DED028B064617EE901A4FF0804095
:1099D00092ED008A15F0E0FBD8F8003007EE900A0F
:1099E00007FB154428EE277A03EB8404BDEC028BB9
:1099F000D4ED007A67EE877AC6ED0E7ABDE8F08185
:109A00004B684BB1DB0790ED0E7AD1ED037A04D5AC
:109A100067EE877AC0ED0E7A7047C7EE276AC0ED11
:109A20000E6A70474B684BB1DB0790ED0F7AD1EDB2
:109A3000037A04D567EE877AC0ED0F7A7047C7EED8
:109A4000276AC0ED0F6A7047436A91ED036AD3ED50
:109A5000017AD1ED026A91ED017A36EE676AF8EE8D
:109A6000E66AB8EEC77AC6EE265AE7EE257AC0ED6A
:109A70000F7A704772DF704773DF704774DF70478B
:109A800076DF704777DF704778DF70477ADF70479F
:109A90008FDF704769DF70471321FFF7F1BF00BF09
:109AA0000B68034A0146D2560320FFF7EBBF00BF05
:109AB000F43E0400094B10B5044640F8143B09F08D
:109AC000DBFF04F1100009F0D7FF054B23600023F2
:109AD0002046E38003F044FE204610BDF03F040022
:109AE000704404002DE91848C3885A0708D41B079E
:109AF00001D4BDE818880420BDE818480DF0C8BF9F
:109B0000044606F0DBFBA369B0EB030B61F1000C2C
:109B1000BCF1000F08BFBBF5FA6F01D2E388E6E79E
:109B2000002104480EF0CCFDE38823F004039BB22F
:109B3000E380DCE7999A020030B5214D4FF47A7446
:109B400004FB02F20028A5FB02028BB04FEA52226E
:109B50004FF000040CBF042501251F2ACDE9044461
:109B600008468DF81050CDE90744099421DC2022E5
:109B7000069200280AAA0CBF002403241F2122F801
:109B8000241D8DF824400F4900911846012400231C
:109B9000CDF80A30CDF80630ADF80E308DF82540FE
:109BA0000EF096F804AA69460748FFF763FF0BB06A
:109BB00030BDB2F5804FC8BF4FF480420692D8E75F
:109BC0005917B7D1183900200D23002008B559BB0B
:109BD000304B1B780BB9002008BD2F4B0122C3F876
:109BE0008020BFF34F8FBFF36F8F4FF40061C3F836
:109BF0008010BFF34F8FBFF36F8F4FF00071C3F82A
:109C00008010BFF34F8FBFF36F8FC3F88420BFF373
:109C10004F8FBFF36F8F4FF400321A600DF0FCFCD2
:109C200011F086F9002008BD11F09AF9194B80F067
:109C30000100C0B218700028CDD011F059F90DF014
:109C4000E5FC154B4FF40032C3F88020BFF34F8F73
:109C5000BFF36F8F0122C3F88020BFF34F8FBFF394
:109C60006F8F4FF40061C3F88010BFF34F8FBFF3C5
:109C70006F8F4FF00071C3F88010BFF34F8FBFF3A9
:109C80006F8FC3F88420BFF34F8FBFF36F8F002017
:109C900008BD00BFF346002000E100E00B4B10B50B
:109CA000044640F8143B09F0E7FE04F1100009F007
:109CB000E3FE074B23600023E380204603F050FDC2
:109CC000204618F091FA204610BD00BFF03F040076
:109CD0007044040038B500250E4B0360044645600F
:109CE00003F0CEFC0C4B2360A56004F1100009F0DA
:109CF0005DFF04F1140009F059FF0123074AE560F4
:109D000084F8203084F82130146011F06DFB204677
:109D100038BD00BF70440400F03F040050390020FB
:109D2000072914D810B50B4C0B48216021460EF0C2
:109D3000C7FC0A4B1978FF2907D02368084A01207D
:109D4000D256FFF79FFE002010BD002010BD6FF41B
:109D50007A7070475C200020A19A02000D23002039
:109D6000F43E040090F8202022B9C3689B0701D478
:109D700000F002B8012070472DE918480446042974
:109D800021D8DFE801F0322505030D008369D3B146
:109D900006F094FAE368A061C3F34000BDE81888B8
:109DA000836983B106F08AFAA369B0EB030B61F112
:109DB000000CBCF1000F08BFBBF5FA6F03D3012103
:109DC0002046FFF7CFFFE068C0F34000BDE81888E9
:109DD000C3880A2243F00403C380C26002F06AFE13
:109DE000E068C0F34000BDE818880223C36001208A
:109DF000BDE8188810B5044682B00FF0A7FF2046D2
:109E00000FF0B2FF2378023B062B18D8DFE803F0EF
:109E10000B19271717170400237A012B03D1144AB3
:109E20001368013B1360134B186840B190F8203061
:109E30002BB9C3689B0702D40321FFF79DFF02B033
:109E400010BD0C4B1B68002BF9D093F82020002A82
:109E5000F5D1DA689207F2D40222DA60EFE702A9BC
:109E6000012301F8043D60880FF082FD02B010BDAF
:109E70004C3900205039002010B5044684B001232D
:109E800002224FF47A71684609F02AFA94F82130D8
:109E90000BB904B010BD0EF08DFB0028F9D1034BB7
:109EA00001211878FFF7E8FD04B010BD0D23002054
:109EB00010B50388103B86B0462B33D8DFE803F09B
:109EC00043583232325F323232243232323232321C
:109ED000323A32323232323232323232323232325A
:109EE0003232323232323232323232343232323250
:109EF0003232323232323232323232323232323242
:109F00003232323232323400037A5BB92D4B186868
:109F100040B190F820302BB9C3689B0702D40221CE
:109F2000FFF72AFF06B010BD13218088FFF7A8FDB8
:109F300006B010BD06A9002321F8103D8088FFF768
:109F4000A7FD06B010BD81884FF6FF73994206D079
:109F50001D4B1E4A1B680320D256FFF793FD0123B9
:109F60001A464FF47A7102A809F0BAF906B010BD8A
:109F7000144B18680028D5D0FFF77EFFD2E700F118
:109F800008010622684609F0EFFD694601A809F0BC
:109F900005FE0C4B1C686CB101A902A809F0FEFD7E
:109FA00002A904F1100009F007FE012302A8E360F2
:109FB00009F062FD01A809F05FFD684609F05CFD4B
:109FC00006B010BD503900205C200020F43E040093
:109FD000F0B5A9B06A220D460DA82849284E18F000
:109FE00041F90DA903A809F0EBF903A906A809F0A6
:109FF000DFF905F1380701226FF0FE0306A9CDE96C
:10A00000003238460523642206F08CFD06A809F0CC
:10A01000C1F90FCE06AC0FC496E8070003C4227046
:10A020000522114606AB04A809F0EEFA002404A9A3
:10A0300005A809F0BDF9384605A9CDE90044234635
:10A04000224606F0B3FC05A809F0A4F92B682146C6
:10A050005B6A284698470534052004F02DF8FF2C4C
:10A06000F4D14FF47A7004F027F804A809F092F9BB
:10A0700003A809F08FF929B0F0BD00BF6C3E0400C1
:10A08000D83E04002DE9F84F4FF0805308460F46A4
:10A09000D3F864A0FEF7E6F910374FF0040B4FF049
:10A0A00005084FF00109BAFBF8F308FB13A3B3FB53
:10A0B000F9F35D1C002DAAEB030A08EB880809EBF5
:10A0C00089090DDD0FFA8BF60024C4F1040212B2E7
:10A0D0000134FF233146384609F0A4F9A542F4D1F2
:10A0E0001BF1FF3BDFD2BDE8F88F00BFAB4B2DE982
:10A0F000F04F1E68DFF8B48233690446002543F050
:10A10000080395B0336198F8000084F82050A561E9
:10A110000E469346FFF7B2FC294628460FF034FC62
:10A12000294628460FF03AFC29463C2205A818F09B
:10A13000BDF806F138074FF0020E4FF0060C05ABE4
:10A14000C822294601208DF814E08DF817C0039726
:10A15000FFF7F2FC012198F80000FFF78DFC38466C
:10A1600006F086FB31462046FFF732FF3146204697
:10A17000FFF788FF06F11008029504F110074FF071
:10A18000FF0994F82020E36812B9980740F1D580C0
:10A1900013F0010A31D1590766D49A0740F1C38000
:10A1A00013F0080A00F0A9807D4904A809F0CCF951
:10A1B00004A905A809F0FCF80023CDE900331A46EC
:10A1C00005A9039806F0F2FB05A809F0E3F843F6A9
:10A1D000982003F071FF04A809F0DCF8642003F074
:10A1E0006BFF40F68D25FBF7F3FB94F82020E36826
:10A1F000002ACAD013F0010ACDD06A4904A809F098
:10A20000A3F904A905A809F0D3F80023CDE9003388
:10A210001A4605A9039806F0C9FB05A809F0BAF883
:10A22000029B002B40F08F80A9F10409B9F1280F9F
:10A2300040F38F80B9F1FF0F029BA8BF0023029368
:10A24000DBF800305846DB69984728B1E36823F013
:10A25000010343F00403E36004A809F09BF8E368FA
:10A2600059074FF0000598D53368FF215B6A3046E7
:10A2700098472369B3F90230002B76DD002521E0F1
:10A28000E3689A076FD4FFF777FD00286DD14FF48C
:10A29000487003F011FF3046FEF7E4F894F82030E0
:10A2A00004212046FBB9E3689A075CD4FFF764FDFC
:10A2B00000285AD1C82003F0FFFE2369B3F9023009
:10A2C000AB4252DD29B2384609F0B0FC002301460A
:10A2D0001A46404609F034FA94F82030042120460A
:10A2E0000135002BCCD0E36803F00202002A3AD1FA
:10A2F000642003F0E1FE012543E72B4904A809F09F
:10A3000023F904A905A809F053F85346524605A9B4
:10A31000CDE900AA039806F049FB05A809F03AF830
:10A3200004A809F037F8642003F0C6FE013540F6B2
:10A330008B239D427FF725AF55E704212046FFF789
:10A340001BFDE36824E709F10409B9F1280F3FF781
:10A3500071AF3046FEF786F8029BB9F1000FD8BF07
:10A36000534602936CE700251AE7E36894F82050FF
:10A3700003F00202002DB9D1002A7FF411AF0421AD
:10A380002046FFF7F9FC0028ADD14FF47A7003F0B6
:10A3900093FEE36803F00202A8E700BF943E0020AA
:10A3A000443F0400FC3E0400843F04000D230020D1
:10A3B00030B50446806883B020B10C4906F04EFFEA
:10A3C000054618B1FBF704FB03B030BD02AA042315
:10A3D00002F8015D0549A06806F086FF284617F0DF
:10A3E00003FFFBF7F5FA03B030BD00BFCC3F04001C
:10A3F00090F82000704700BF38B5124B0546002486
:10A400001878FFF73BFB85F821400EF0BBF898B9B0
:10A41000EB696BB105F052FFEB69C41A61F10005FD
:10A42000002D08BFB4F5FA7F2CBF0120002038BDF5
:10A4300005F044FFE861EDE7214603480EF040F9DE
:10A44000204638BD0D230020999A020020B9034B05
:10A45000186808B1FFF7D0BF704700BF503900201F
:10A460000238012801D90120704710B5074C206837
:10A4700050B1C38843F00803C38002F01BFB20687F
:10A48000BDE81040FFF7B8BF012010BD50390020D3
:10A49000012808D138B50D4B1D6835B12846BDE8F7
:10A4A0003840FFF7A9BF01207047094B04461878D0
:10A4B000FFF7E4FA0EF066F808B9204638BD2946E1
:10A4C00004480EF0FDF8284638BD00BF5039002082
:10A4D0000D230020999A02002DE9704384B00FF0FB
:10A4E00085FA1E4E30603368002B02DC04B0BDE8F4
:10A4F00070830DF107034FF6FF7003930EF0EEFC2F
:10A500004FF6FF75A842044609D1EFE7039B1B787D
:10A5100020465BB10EF0E2FCA8420446E6D002AA57
:10A52000012120460EF0AAFE0028EFD005F0C6FE5D
:10A5300040F2E7348046894600250FF01DFA09E015
:10A5400005F0BCFEB0EB080261EB09039D4208BFB9
:10A550009442CBD33368002BF2D1C7E74C390020AB
:10A560002DE9F04FC588B3B015F480559DF8F480FF
:10A5700002D033B0BDE8F08F0DF1C8091E463C9BF8
:10A580008360C0E90655CDE9012104460CF0DAFFED
:10A5900010F0B8FD49F8B45D0DF064FA10F008FC55
:10A5A0004946012010F032FDC74B04F1140B196825
:10A5B00022A809F095FA22A9584609F0FDFA22A826
:10A5C00009F05AFA0DF1300AB8F1000F40F043815A
:10A5D0000EAF10AB13AD4FF0000BCDF840B0C3E998
:10A5E00001BB62699DF84110022060F30101101D5A
:10A5F00011908DF841105188ADF84810412019464E
:10A600005388059AADF84A30FFF744FA484610F0EF
:10A6100047FD5846FFF738FA03224FF0010362F373
:10A6200006134FF0070C10208DF828308DF829C044
:10A630008DF82B208DF82C208DF82A000FF03AF998
:10A640000AA80FF07DF9A1480FF05EF9A04AADF815
:10A6500034B04FF4C87350460C92ADF83630FFF763
:10A6600015FA59469B480EF097F9B8F1000F40F0E3
:10A67000E0800DF1240832A904234FF6FF7241F85F
:10A68000B03D384600230FF0B9F90699002914BFF0
:10A69000384600200FF078F90699002914BF384693
:10A6A00000200FF07BF9069F8B4B2293003722A8E6
:10A6B00018BF012710F0F2FD7C2017F09CFD3246F8
:10A6C000A368214600F0C6FB844907A809F008FAF0
:10A6D0007D4B08A8196809F003FA8149404609F042
:10A6E000FFF9424608A9284609F088FA07AA294630
:10A6F00022A809F083FA22A908A809F05DFA22A885
:10A7000009F0BAF9284609F0B7F9404609F0B4F95A
:10A710004022002122A817F0C9FD724B186823902F
:10A7200001238DF8C43010B117F0FCFD80B2089BF6
:10A73000ADF88800181D2590002800F0C28017F0A1
:10A74000F1FD83B2019AADF8903010680430279083
:10A7500010B117F0E7FD80B2634BADF898001868B0
:10A76000299010B117F0DEFD80B2604BADF8A0006B
:10A7700018682B9010B117F0D5FD80B25C4BADF886
:10A78000A80018682D90002800F0998017F0CAFDE5
:10A7900083B222A8ADF8B03010F028FF502017F097
:10A7A0002AFD3246214600F0D9F92046FFF794FEF3
:10A7B0003C220021284617F079FD02212B46322247
:10A7C00004268DF84C10384639468DF84F60FFF757
:10A7D000B3F906212046FFF7A3FA4FF4A036002371
:10A7E0004FF4F021032228460125CDE91633CDE9A7
:10A7F0001833CDE914618DF85820CDF84CA00DF038
:10A8000057FD84F821500FF0F1F8002804DD394B92
:10A8100029461878FFF730F9E38843F48053E38042
:10A8200008A809F029F907A809F026F933B0BDE80E
:10A83000F08F0FF0DBF803280DF124087FF71BAF32
:10A84000404622AB3A4629460FF0C4F9BDF838001D
:10A850000FF0B6F90FE70EAF2749504609F040F95F
:10A8600010AB26490393384609F03AF9039B524648
:10A870001846594609F0C2F9DDE9022313AD19461D
:10A880002846029309F0BAF93A46294622A809F067
:10A89000B5F922A9584609F08FF922A809F0ECF879
:10A8A000284609F0E9F8029B184609F0E5F8384611
:10A8B00009F0E2F8504609F0DFF8029B8BE6034608
:10A8C00067E703463EE700BF58200020F59D0200E1
:10A8D00008001000383900204DA40200DC3F0400BD
:10A8E000E43F0400103900200C39002054200020DF
:10A8F000143900200D230020D83F0400BC2C040094
:10A9000041F20103984210B536D0044617D944F2FB
:10A91000010398420BD044F20203984219D11C481B
:10A9200003F056F84820BDE81040F6F771BC19480E
:10A9300003F04EF84920BDE81040F6F769BC012845
:10A9400007D1154803F044F84620BDE81040F6F75B
:10A950005FBC124803F03CF844F201039C4213D060
:10A9600044F202039C4211D0012C0CBF46204A2025
:10A97000BDE81040F6F74CBC094803F029F8472021
:10A98000BDE81040F6F744BC4920CCE74820CAE7B0
:10A9900050400400684004000C400400744004006F
:10A9A0002C4004000420704701EB810100EB4100C2
:10A9B0002630704782B070B50C4684B005464968B1
:10A9C000206802AC03C4039908AC481084E80C006A
:10A9D000CB0745BF2A58029B029CD4580AAB2E18BD
:10A9E00093E803008DE8030008AB0CCB3046A0478A
:10A9F00004B0BDE8704002B0704700BF10B5074B0F
:10AA0000074A036000238260C3810446083002F0D5
:10AA1000A7FE204602F008FB204610BDA04004001F
:10AA20007044040010B5084A084940F8082C002278
:10AA30000160C280A0F1080402F092FE204602F0FC
:10AA4000F3FA204610BD00BFA0400400704404008B
:10AA500010B5094B094A036000238260C381044694
:10AA6000083002F07DFE204602F0DEFA204617F0A4
:10AA7000BBFB204610BD00BFA04004007044040092
:10AA800010B5094A094940F8082C00220160C2802B
:10AA9000A0F1080402F064FE204602F0C5FA204648
:10AAA00017F0A2FB204610BDA04004007044040033
:10AAB0000368124A1B69934270B504460D460E881E
:10AAC00016D130300388B34200D070BD2069A18C0C
:10AAD00003684A1CDB68A284984704F11C0350B148
:10AAE00002884188A2830422E183AB60AA8170BD01
:10AAF00001219847E6E7AB60A88170BDA9A90200D3
:10AB000082B070B504A981E80C00044602F04EFB47
:10AB100018B9BDE8704002B0704723680E4A1B693F
:10AB2000BDF81000BDF812102083934261830ED14E
:10AB300004F12605204602F027FB04F11802014625
:10AB40002846BDE87040042302B002F0C1B90021DC
:10AB5000204698470546EDE7A9A902002DE9F043F4
:10AB6000044685B0154600F1080902F04DFA314B54
:10AB7000A3600023E360484602F082FD2E4B25616E
:10AB800003F148022360A26004F1260504F14E0699
:10AB900028460A3502F096F9AE42F9D10026A046C1
:10ABA0006661266258F8200FE0612746234957F86E
:10ABB0001C0FA061A684204602F044FA204649F208
:10ABC000AF3102F053FA0425092204F1180331468B
:10ABD000CDE901522046009549F2757202F056FA0D
:10ABE00006230293204604F11403CDE9005545F2F3
:10ABF0000442022102F04AFA43462046CDE90155BB
:10AC0000009542F2C432032102F040FA40F20912E8
:10AC10003B46029201214BF64C022046CDE90055FD
:10AC200002F034FA484601F045FF204605B0BDE881
:10AC3000F08300BF70440400A0400400E843040017
:10AC40002DE9F041044682B00E4615461030984674
:10AC5000BDF8287008F064FB26806580182017F086
:10AC6000CAFA08AB054693E803006A4682E8030087
:10AC70002E4603CA46F80C8B0023084AEB6047F0C7
:10AC80000207736068602046A780A560E360C4E99E
:10AC90000833A9606A6102B0BDE8F081B5A902007D
:10ACA0002DE9F04F03683D4D1B694F89B1F80090C5
:10ACB000AB428BB006460C4601F10C0866D13A3027
:10ACC00003884B450DD03368B4F800901B69AB4244
:10ACD0005FD106F1440003884B4519D00BB0BDE8A5
:10ACE000F08F032FFADD3D1F25F0030508F108085A
:10ACF0004544103434F8022C34F8041C012306A80F
:10AD0000043408F0EDFAA542F4D10BB0BDE8F08FA1
:10AD1000032FE3DD043F27F0030708F10805DFF800
:10AD200080B03D4410344FF0000A01E0AC42D5D071
:10AD300034F8047C34F8022CD6F8108005920F2FDA
:10AD40004FF02800CDE906BA04F10404EED017F064
:10AD500052FA06AB814693E8030010238DE8030006
:10AD6000029339463346059A4846FFF769FFD8F8FB
:10AD7000003049465B68404698470028D6D0484690
:10AD800003F052FC484617F02FFACFE7022198470C
:10AD900096E70321304698479DE700BFA9A9020026
:10ADA00001AB020030B591B0044602F0FFF908B9DA
:10ADB000A38C0BB911B030BD0D4B2569CDE9043022
:10ADC00004AB024693E803001023A2848DE803003D
:10ADD00002931146234606A8FFF732FF2B6806A907
:10ADE0009B682846984706A803F01EFC11B030BDAA
:10ADF00001AB0200A0F10800FFF7D4BF01207047AB
:10AE000001EB810100EB41007030704782B070B5FA
:10AE10000C4684B005464968206802AC03C4039917
:10AE200008AC481084E80C00CB0745BF2A58029BA9
:10AE3000029CD4580AAB2E1893E803008DE8030057
:10AE400008AB0CCB3046A04704B0BDE8704002B060
:10AE5000704700BF2DE9F041044686B000259046BA
:10AE60001F4602F0D1F82E492160C4E902872582ED
:10AE700084F85450A56504F1700002F023F82046D0
:10AE80002849E56525666566A566E56602F0DAF897
:10AE900020464DF61D1102F0E9F804F15C0614227B
:10AEA0000A2733462946CDE901272046009243F67A
:10AEB000103202F0EBF82820D4F8088017F09BF944
:10AEC0000646103008F02CFA24233360182017F0BF
:10AED00092F9154ACDE90425074604AA034603CA98
:10AEE00047F80C4BDD607D6058609960D8F8002011
:10AEF0000E49F56012205961B360B080C6E908556B
:10AF0000536840463146984718B9204606B0BDE818
:10AF1000F081304603F088FB304617F065F9F4E71E
:10AF2000444104002C41040065B202000DAE020051
:10AF3000F0B5037CCA78934285B0054629D022D962
:10AF40009B1A072BCCBF00240124D4B9314A2B68AB
:10AF5000128804AE214626F8102D28461B69984712
:10AF60000746284602F010F90223014632463846C9
:10AF700001F0AEFF6B7C85F854400433DBB26B7498
:10AF80002B7405B0F0BDD31AF82BD4BF00240124D4
:10AF9000DBE70A4690F8540001332B7452F804CFD3
:10AFA000030105F11404E01857689668D26844F864
:10AFB00003C047608660C26095F85430012B0FD003
:10AFC0001ED3032B18D101231A462421684608F00A
:10AFD00087F96B7C002204336B7485F85420D0E72A
:10AFE0008B784978AA6D1B0443EA0163134302225C
:10AFF000AB6585F85420C4E7013385F85430C0E7C9
:10B00000B1F801305BBA9BB20122AB6585F85420E0
:10B01000B7E700BF04410400F0B503684F4A1B695D
:10B020000E88934297B004460D4615D170300388C0
:10B03000B34201D017B0F0BD6B89002BFAD02A7B48
:10B04000022A17D00BD8DAB1012AF3D105F10C018D
:10B050002046FFF76DFFEDE700219847E7E7EE2A6E
:10B060005FD0FF2AE6D16B7B23B1012BE2D1FAF747
:10B07000AFFCDFE70123242106A808F031F9D9E766
:10B0800006A801F005FF364B1A684AB9129A3AB180
:10B090009DF84410032903D13248139902601960C6
:10B0A0006B7B8DF80530142106A803EB830201FBAE
:10B0B000030316A901EB820252E90E62103303CB9F
:10B0C000330E8DF809608DF80630330C360A25688A
:10B0D0008DF80D208DF807308DF80860130C0026D0
:10B0E000170E120A8DF80C20CDF80E00CDF81210B4
:10B0F0008DF80A708DF80B308DF804602B6931469D
:10B10000204698470546204602F03EF801AA01462F
:10B110001223284601F0DCFE268284F85460A665DE
:10B1200088E7114B002518688DF81A504FF4F77313
:10B13000ADF81830FFF75CF923688DF81A0029463E
:10B140001B69204698470546204602F01DF8032358
:10B15000014606AA284601F0BBFE6BE701AE0200DD
:10B1600054390020583900205039002010B5ADF571
:10B17000627D01A801F0CEFC4FF46072002102A8AC
:10B1800017F094F80220012300225821039003A80D
:10B190000A930CF07FFB00220290C3219AA80CF0C6
:10B1A00079FB40F6FC7399901A68013232D04FF067
:10B1B00080521C6813691C4420464FF4607202A937
:10B1C00017F041F8B0B940F6FC731C684FF4607298
:10B1D00002A9204617F037F848B1214601A801F02E
:10B1E0009BFC02AA214601A8E02301F0CBFC0DF54F
:10B1F000627D10BD214601A801F08EFCE0232146AE
:10B2000002AA01A801F0BEFC40F6FC731B680133E2
:10B21000D9D10EE04FF010224FF0805394691B6992
:10B220001C4420464FF4607202A917F00CF8002865
:10B23000E0D14FF010239C69C8E700BF40F6FC73D3
:10B240001A6801320ABF4FF010231A689A694FF04A
:10B2500080531B69134493F8A13203B97047FFF779
:10B2600085BF00BF82B02DE9F04782B00AA905462C
:10B27000684681E80C0001F04DFCBDF82A40022C24
:10B2800056D0FF2C4BD0012C04D002B0BDE8F047C3
:10B2900002B070474F49E86805F0E0FF0746002814
:10B2A00065D001AE384616F09FFF4FF08052AC6D6E
:10B2B0001169B4FBF1F301FB13438BB911698908E0
:10B2C0000ED02168013108BF201D04D04AE050F89B
:10B2D000041B013146D111690133B3EB910FF6D351
:10B2E0002146684605F11402102301F04BFC4FF68D
:10B2F00001722B68ADF804201B690021284698478D
:10B300000446284601F040FF32460146022320460B
:10B3100001F0DEFD02B0BDE8F04702B070472E4BF1
:10B320001868FFF745F802B0BDE8F04702B0704773
:10B330001023684605F11402A96D01F023FCFFF704
:10B3400015FFE868234906F0D9F8244B186810B1B6
:10B35000012100F0FDFAFAF73BFB02B0BDE8F0472F
:10B3600002B070472146684601F0D6FBB8E702AE4E
:10B37000234606F8044D1A4C1649E868324605F093
:10B38000B3FF2368002B8DD0164AD2F800A09A454F
:10B3900088D2DFF854904FF08058AAF104030AF6DF
:10B3A000FC7101E08B420BD053F8042F0132F9D02D
:10B3B0005146484602F00CFB5146684601F0ACFB92
:10B3C000D8F81030226823F003039A449245E4D35E
:10B3D00068E700BF0841040050390020A838002069
:10B3E00054390020583900201841040010B5054B8D
:10B3F00003606C33044640F8183F05F0C9FB204653
:10B4000010BD00BF8041040010B5054B40F8183C4A
:10B4100004466C3344F8183905F0BAFB204610BDD9
:10B420008041040010B5064B03606C33044640F8BD
:10B43000183F05F0ADFB204616F0D6FE204610BDA5
:10B440008041040010B5074A40F8182C02F16C0145
:10B45000A0F11804016005F09BFB204616F0C4FE25
:10B46000204610BD80410400F0B583B016469DF81B
:10B470002050CAB21F463146012304460AF0AAF8FA
:10B48000012D04F1180003D0032D14BF002502255F
:10B4900000213B46009101953246214605F046FCCD
:10B4A000034B236020466C33A36103B0F0BD00BFA3
:10B4B00080410400704700BF084602F0FDBD00BF98
:10B4C00082B070B50C4684B005464968206802AC6D
:10B4D00003C4039908AC481084E80C00CB0745BFAF
:10B4E0002A58029B029CD4580AAB2E1893E80300FA
:10B4F0008DE8030008AB0CCB3046A04704B0BDE894
:10B50000704002B0704700BF82B08DE80C0000F6BA
:10B510002C10002102B0FAF795B800BF10B500F565
:10B52000E7642046FAF7AEFF18B12046FAF7B2FFFB
:10B5300018B9BDE810400BF093BB2046FBF78CF91F
:10B540000028F6D110BD00BF82B010B502A981E875
:10B550000C00BDF80A30033B0A2B2AD8DFE803F0C1
:10B5600016290E062929292929290E00BDE810408F
:10B57000D0F81809036802B09B6A1847BDE810406C
:10B58000D0F81409036802B01B6B18470446002169
:10B5900000F5076005F0FEFB04F68800002105F0C9
:10B5A000F9FB04F50A60BDE81040012102B006F085
:10B5B000E1BEBDE8104002B0704700BF704700BF59
:10B5C0002DE9F04F83B0DDE90C9ABDF83880002BEF
:10B5D0003BD0B9F1000F35D00F2902D1B8F1C00F1F
:10B5E00033D1074628201D460E46934616F003FE2B
:10B5F0000446103007F094FE18202680A4F802B00C
:10B6000016F0F9FDCDE9009A06466B46024603CBDB
:10B6100046F80C5B00233D68D36048F00208736075
:10B62000E360506091600E495161C4E90833A4F8A9
:10B630000480A2606B6838462146984740B903B041
:10B64000BDE8F08F1AF0010FC6D16FF47A70F6E7FB
:10B65000204602F0E9FF204616F0C6FD0148EEE75D
:10B66000C1B4020016FCFFFF2DE9F04F87B004467D
:10B67000FAF714F9AE4B0027C4E90137201D01F099
:10B68000FFFFAC4B236004F10C083833636004F116
:10B6900034064046FEF71EFB04F14C05C4F830802A
:10B6A00030460922A4490BF055FA04F164082846F3
:10B6B0000A22A2490BF04EFA40461A22A0490BF08A
:10B6C00049FA3A463146012304F1800004F056FE5F
:10B6D00004F1E00704F1B80006F098FB04F5497B9B
:10B6E0002946222338465B2208F0B2FC04F559753E
:10B6F0004146584612220BF009F804F2AC63394671
:10B700005A46284604F20C78039300F081F98D4BD9
:10B71000039804F5CB6204F5C8610AF033FE04F522
:10B72000B66204F5B361404601F096FE04F5A162ED
:10B7300004F5A46104F5E46001F08EFE04F5E7670A
:10B740004FF0250CCDF800C033462A464146384616
:10B75000FAF72AFC262604F5EF6341462A461846E6
:10B76000049300963B46FBF7A9FC40F6F87304F2FD
:10B77000A4751A6801320ABF4FF01023196859697D
:10B780004FF0805304F2B47618691B6900EB400057
:10B79000091A01222846FCF7E3FB2946304600221D
:10B7A000059605F017FDD4F88816C4F8D417D4F818
:10B7B0008C16C4F8D817D4F89016C4F8DC1704F522
:10B7C000B962D4F89416C4F8C02704F5BC6304F534
:10B7D000BF6704F5C26604F6040A04F5C560C4F840
:10B7E000C437C4F8C8770523C4F8CC67564AC4F8F0
:10B7F000E01704F5F865D4F89816C4F8D00704F2F9
:10B80000D47704F5FD66C4F8E417C4F8E837C4F843
:10B81000EC37C4F8F037C4F8F437C4F800285046C1
:10B8200031460722C4F8F857C4F8FC77FAF76EFAE5
:10B830004FF0000901231A4604F57A71CDE9009909
:10B8400004F5076005F072FA0123022204F58F6106
:10B85000CDE9009904F6880005F068FA0323022276
:10B86000012104F50A6006F0E3FD5A4640F6AC53A8
:10B8700004F5A76104F50B6006F042FE092104F609
:10B88000D800FBF771F8082104F51060FBF774FB92
:10B89000404600F0B9FBC4F81409404600F078FCBB
:10B8A000059BD4F81429009301465346C4F818099F
:10B8B00004F5AA6B04F61C1001F0B4F85A4604F51E
:10B8C0005C7104F62C10F9F74BFE04F5CE6ADDE945
:10B8D0000321042304F59350FAF7ACFAA4F80A9074
:10B8E000504609F0D5FD0221504609F0BFFCB4F8DE
:10B8F0007636164923F480734046A4F8763608F06D
:10B900001FFF55F8040B01210AF078F8AF42F8D177
:10B9100055F8040B01210AF071F8AE42F8D15846EF
:10B9200001210AF06BF8204607B0BDE8F08F00BF98
:10B9300070440400504204000090004000A0004009
:10B9400000A001400020004014420400801A0600BC
:10B9500070B5002486B04FF48053802205460E4611
:10B9600002A821460094FCF7FBFA012302A80E4A24
:10B9700001A9FCF74DFA019B73B101236A460A49FC
:10B9800002A8FCF74FFA05F59350FAF79DFA02A8C2
:10B99000FCF7F0FA06B070BD002EF4D102A8FCF757
:10B9A000E9FA06B070BD00BF10420400A0F1040027
:10B9B000F0F742BE10B5084B0360044600F5517025
:10B9C00007F0DCFF054B236000232046E38001F0F5
:10B9D000C7FE204610BD00BFAC4204007044040006
:10B9E000094B10B50446036000F5517007F0C6FF1F
:10B9F000064B23600023E380204601F0B1FE204681
:10BA000016F0F2FB204610BDAC4204007044040066
:10BA10002DE9F04FB44B03600026044687B0466022
:10BA2000CDE9021201F02CFE2046B04B40F80C3B51
:10BA300002220323642109F0CDFD03231A46652168
:10BA400004F1240009F0C6FD04F1540B0323042281
:10BA5000662104F13C0009F0BDFD04F16C0A0323EA
:10BA60001F226721584609F0B5FD04F18405032320
:10BA70001C226821504609F0ADFD04F19C072846C0
:10BA800003230E226921009504F1B40909F0A2FDF7
:10BA90003846032325226A21019709F09BFD0323E1
:10BAA0000B226B21484609F095FD03230A226C21E5
:10BAB00004F1CC0009F08EFD04F1FC0803230922F7
:10BAC0006D2104F1E40009F085FD04F58A77032374
:10BAD0001E226E21404609F07DFD384603231722C1
:10BAE0006F2109F077FD03230C22702104F5967075
:10BAF00009F070FD03231122712104F5A27009F0F1
:10BB000069FD03230122722104F5AE7009F062FD84
:10BB100003230D22732104F5BA7009F05BFD0323A2
:10BB20002222742104F5C67009F054FD03231A2261
:10BB3000772104F5D27009F04DFD04F5EA75032371
:10BB40002022782104F5DE7009F044FD032324222D
:10BB50007921284609F03EFD324603237A2104F577
:10BB6000F67009F037FD032314227B2104F50170E0
:10BB700009F030FD03230522862104F5077009F042
:10BB800029FD032310227C2104F50D7009F022FD0C
:10BB9000032308227D2104F5137009F01BFD032304
:10BBA00015227E2104F5197009F014FD03231622D5
:10BBB0007F2104F51F7009F00DFD03230F22802162
:10BBC00004F5257009F006FD03231822812104F5F0
:10BBD0002B7009F0FFFC03231322822104F531703E
:10BBE00009F0F8FC01230622832104F5377009F0DF
:10BBF000F1FC01232822842104F53D7009F0EAFCC0
:10BC000019228521032304F5437009F0E3FC019B0D
:10BC1000C4F8303304F55176009BC4F83833C4F8C7
:10BC20003C73C4F82CB3C4F824A3C4F82893C4F814
:10BC30003483C4F84053304607F080FE2C4A029902
:10BC40002C4B11602122A260039A1A6013272B68E3
:10BC500028461B6C00219847A3680137BB4205F1B9
:10BC60001805F4DCD4F82403036800211B6C984702
:10BC7000D4F82803036800211B6C9847D4F82C03E0
:10BC8000036800211B6C9847D4F830030368002137
:10BC90001B6C9847D4F83403036800211B6C984749
:10BCA000D4F83803036800211B6C9847D4F83C0390
:10BCB000036800211B6C9847A1680122013105A887
:10BCC00007F042FE05A9304607F060FE05A807F020
:10BCD00055FEA268D4F844331344204600221A715A
:10BCE00007B0BDE8F08F00BF70440400AC42040010
:10BCF000C03F0020BC3F00202DE9F8438268D0F807
:10BD0000443313441A7942F001021A718368002BFC
:10BD100044DD00250646DFF88890A84600F10C04B3
:10BD200013E0D3F8003703F44033B3F5003F06D1F6
:10BD3000D6F844332B441A7942F008021A71B368DA
:10BD40000135AB4204F1180428DDD6F84433277CD2
:10BD50002B44204683F804802368DB69984707F06A
:10BD60001F020028EBD1202F34BF4FF0A0434B46D9
:10BD700003EB8203D3F8002702F44032B2F5403FD0
:10BD8000CFD1D6F844332B4401351A7942F004025E
:10BD90001A71B368AB4204F11804D6DCBDE8F8832D
:10BDA00000030050F8B58168D0F844331E4A0B44B4
:10BDB000197921F0010119718368D2F80473D2F85E
:10BDC0000413C2F80813002B2ADD064600F10C0408
:10BDD00000250FE011F0080320464FF0020104BFD8
:10BDE0002046194609F028FEB3680135AB4204F13C
:10BDF000180415DD23682046DB6998470028F3D135
:10BE0000D6F844332B4419794B07E3D52046032158
:10BE100009F012FEB3680135AB4204F11804E9DC05
:10BE2000014BC3F80473F8BD006000402DE9F04FEA
:10BE3000324C8568D4F804B3D4F80463C4F80863BA
:10BE4000002D83B044DD994600928846064604469C
:10BE50004FF0000A06E0B3680AF1010A534504F105
:10BE6000180435DDE368277FDB6904F10C052846FB
:10BE700098470028EFD1E36828461B6A98470028B6
:10BE8000E9D0638A13F400712BD0B8F1000FE2D02F
:10BE9000009A6AB31F2F07F01F07194A07F5E071D0
:10BEA00098BF4FF0A042019252F8211011F4403F88
:10BEB000D1D113F4807F28460CBF0321022109F061
:10BEC000BBFD0123019A03FA07F7C2F82075C2E708
:10BED0000A4B0022C3F87C21C3F804B303B0BDE8C9
:10BEE000F08FB9F1000FB6D0284609F0A5FDB2E7F2
:10BEF0002846009909F0A0FDADE700BF00600040B2
:10BF00000003005010B50446062918D8DFE801F0F8
:10BF10002B35465757041900002A54D08368002B4C
:10BF20000DDD03EB430300EBC303418A8C0500F1F5
:10BF3000180002D51168013111609842F5D1002036
:10BF400010BD8268002AFADD02EB420200EBC20259
:10BF5000438A990544BF23F4007343821830824218
:10BF6000F6D10020ECE7FFF7C7FE0122204611467C
:10BF70000023FFF75BFF002010BD8268D0F8443338
:10BF800013441B79DA0701D4FFF7B6FE01232046DC
:10BF900019460022FFF74AFF002010BDD0F84433B5
:10BFA000826813441B79DB0701D4FFF7A5FE012348
:10BFB00020461A461946FFF739FF002010BDFFF74B
:10BFC000F1FE002010BD6FF47A7010BD00207047A4
:10BFD000002070476FF47D70704700BF6FF47D7074
:10BFE000704700BF10B5044603EB43002160C4E96D
:10BFF00002230121800002F0D3FA00236060238233
:10C00000204610BD704700BF2DE9F043524C236815
:10C0100013F0010385B0064657D0504C2368DA0769
:10C020004AD54F4C2368DB0738D54E4C4E4D0A207D
:10C0300002F0C4FB204609F02BFA2046022109F049
:10C0400015F9E3882A7823F48073E3802AB1474BFB
:10C050001C68204605B0BDE8F083444FDFF820811E
:10C060003A603E213046C8F8002005F03DF800282F
:10C0700051D13221304605F021FC70BB3C68002CC8
:10C0800060D0D8F8000018B1214602F063FF3C6888
:10C09000012320462B7005B0BDE8F083032319224D
:10C0A0008521304809F096FA0123314A31492D485B
:10C0B000236016F09BF8B8E70122022311462E48B0
:10C0C00007F08AF801232360ABE7012211462B48D1
:10C0D00007F082F8012323609FE7502016F08BF8C9
:10C0E00032230522CDE900323146244B1D4A044655
:10C0F00005F0CAFB54203C6016F07DF806223C2374
:10C10000CDE90032044631461C4B164A05F0C0FC0E
:10C11000C8F80040B2E7982016F06DF84FF0060C12
:10C1200005213E238146CDE9011C00932246124B96
:10C13000314604F0AFFF09F14403C7F80090C8F896
:10C14000003096E7442016F056F8052204460B49C5
:10C1500002F0DCFB3C6094E75C3900206039002091
:10C16000643900207C390020F44600206839002022
:10C170003020002005C00200743900206C390020F6
:10C180009439002010B5044616F02EF8204610BD54
:10C1900030B5044683B00A200E4D02F00FFB204656
:10C1A000FFF732FF2C6814B1204603B030BD2346A0
:10C1B00022462146684607F00FF8482016F01BF883
:10C1C00069460622044602F00FFE20462C6003B0AA
:10C1D00030BD00BF9439002082B070B50C4684B0E9
:10C1E00005464968206802AC03C4039908AC4810AE
:10C1F00084E80C00CB0745BF2A58029B029CD45808
:10C200000AAB2E1893E803008DE8030008AB0CCBB3
:10C210003046A04704B0BDE8704002B0704700BF90
:10C22000F0B44B68456804680F688668EB1A06EE40
:10C23000903AE71BF8EEE66A07EE907A8B68F8EE24
:10C24000E77A66EEA66AF31AE7EEA76A012A07EE16
:10C25000903AF8EEE77AE7EEA76A35DD02EB4202A4
:10C2600001EB8207B0EE666A0C3FD1E90303EB1ADB
:10C2700007EE903A201AF8EEE77A07EE100A4A69BC
:10C28000B8EEC77A67EEA77AB21AE7EE077A0C31F2
:10C2900007EE102AB8EEC77AE7EE077AF4EE667A70
:10C2A000F1EE10FAF4EE467A48BFF0EE676AF1EE6E
:10C2B00010FAC8BFB0EE676A8F42D6D176EE667AC2
:10C2C000F0BC17EE900A7047B0EE666A76EE667ABA
:10C2D000F0BC17EE900A70472DE9F0472DED088B62
:10C2E00084B004AC04E90E00159A039E00234FF4B9
:10C2F00080619A428146DDE90187C0E900338360AD
:10C300008361C0E90311416140F3D980149DDFEDE1
:10C310007C8A02EB420205EB820A2C46D4E9001328
:10C32000FB1A07EE903AA8EB0101F8EEE77A07EE68
:10C33000101AA268B8EEC77A67EEA77AB21AE7EECB
:10C34000077A0C3407EE102AB8EEC77AE7EE077AC0
:10C35000F5EE407AF1EE10FAB1EEE78A00F1BA801C
:10C36000FDEEC87AF8EEE77AF4EE687AF1EE10FAAC
:10C37000C8BFF0EE678AA245D0D1DFED619AB7EE73
:10C3800000BAB0EE69AAF0EE69AAB0EE698AD5E902
:10C390000012B81A07EE900AA8EB010006EE900A08
:10C3A000F8EEE77AAB6867EEA77AF8EEE66AF01A7D
:10C3B00007EE100AE6EEA67AB8EEC77AE7EE077A3D
:10C3C000F5EE407AF1EE10FAB1EEE79A00F18780CF
:10C3D000A1EB0801D21B9B1B0C3588EE896A07EE86
:10C3E000901AF8EEE76A07EE902AB8EEE77A07EEC1
:10C3F000903AF8EEE77AC6EE895AC7EE096A87EEF8
:10C40000897A76EE4B7ABDEEC88ABDEEE76A18EE01
:10C41000102A16EE103A9A42B8BF1A4608EE102AB1
:10C42000B0EEE56AF0EEE66AB0EEC77AAC42E6EE50
:10C4300027AAA6EEA7AAE7EE279AB8EEC88AA6D141
:10C440006AEE0A7ABDEEE87AEAEEAA7A17EE103AB8
:10C45000E9EEA97AF5EE407AF1EE10FAF1EEE78A0C
:10C4600045D44846C9E90087C9F80860C9F81830BA
:10C47000CAEEA86A8AEE287A89EEA86AF7EE007AF0
:10C48000F0EE675AE8EE265AF0EE656AF0EE675A6B
:10C49000E8EE075AE8EE067AB0EE657AFEEECB6A71
:10C4A000BEEECB7AFEEECB7AC9ED036A89ED047A53
:10C4B000C9ED057A04B0BDEC088BBDE8F087DFED6F
:10C4C000109AB0EE69AAF0EE69AAB0EE698AF0EEB1
:10C4D000698AC6E717EE900A12F0F4FF40E717EEFC
:10C4E000900A12F0EFFFD5E90012AB6870E717EE83
:10C4F000900A8DED007A12F0E5FF009BB1E700BFD6
:10C50000000000002DE9F04F8BB0131E834601910F
:10C5100000937ADD03EB430000230A4601EB800021
:10C520001C461946D2E9007695680C3282423C449A
:10C5300031442B44F6D1009A94FBF2F0059091FB24
:10C54000F2F193FBF2F3059ACBF80830CBE9002126
:10C550005846DDE90021FFF763FE0023CDE90333F0
:10C5600005EE900A02930DF11C086FF0C7096FF0F9
:10C57000C70A6FF0C7079BE8070088E80700DDE9F6
:10C580000745099E4C443E445544DDE900214046A0
:10C59000CDE907450996FFF743FE07EE900AF4EE52
:10C5A000E57AF1EE10FA07F1C80704D5CDE9035694
:10C5B00005EE900A0294B7F5C87FDCD10AF1C80AEB
:10C5C000BAF5C87FD5D109F1C809B9F5C87FCED170
:10C5D000059B029A93420AD0039A029BCBF804204F
:10C5E000049ACBF80030CBF808200593BDE7DBF8C0
:10C5F0000430039A9342EFD1DBF80830049A934257
:10C60000EAD158460BB0BDE8F08F002319460593D8
:10C6100099E700BFF0B587B003AC05460E46174654
:10C620002046FFF76FFFCDE90067284694E80E002B
:10C63000FFF752FE284607B0F0BD00BF82B02DE9DB
:10C64000F04FEDB076A98346642081E80C0002F03B
:10C65000B5F80522114610A806F06EFFBD4911A8D5
:10C6600006F072FF21AB6CA900229A60C3E9002298
:10C670000C338B42F9D1DBF808008DF86420036895
:10C68000B54E9B6ACDE91322CDE91522CDE91722DB
:10C6900098470B90DBF808000368FF215B6A984716
:10C6A000DBF80800383004F0E3F843F68C4200234E
:10C6B000079204939A460693CDF814B09B46079BC5
:10C6C00043F68C4293420DF1640900F0AE80A34A18
:10C6D0009342C0F2AA80079BA3F1640214B2002B1C
:10C6E00000F0DA80049B0F2B00F0D680079BCDE989
:10C6F000074306999A4B059D2831A3FB0132C820B8
:10C70000920900FB1212D3B26868069302F09EFAF7
:10C710000446686802F0A8FA14F52A7FC0F2A180E6
:10C7200014F1C80FC0F2B080B4F52A7F00F30D8178
:10C73000C82C40F31F81032310F52A7F09931F465D
:10C7400080F2968000230A93984610A806F060FEB7
:10C75000814D13AC05E04C4505F102050ED014F8EF
:10C7600001BFBBF1010FF6D16A782978FF2310A829
:10C7700006F058FE4C4505F10205F0D1069BDDE9B7
:10C78000091210A806F04EFE089B002B02DB049B4A
:10C790000F2B08D9059B98680023009310301A4688
:10C7A00010A906F037FF00231C460DF1300B04E002
:10C7B0000134192C2BD016F814309F42F8D106EB17
:10C7C00044035B784345F3D10AEB4A0321A901EB0B
:10C7D000830513AB5846195D01294FF00002E7D0DD
:10C7E000059B196802F0B8FB9BE8070013AB85E8CE
:10C7F0000700049D4FF001021A55013501340AF17A
:10C80000010AEBB2192C5FFA8AFA0493D3D164209F
:10C8100001F0D4FFBAF1180F47D8079B9DF84CB030
:10C8200043F68C4293427FF452AF059CA068FBF71D
:10C8300019FEA0684B4900F138041AA807F050F916
:10C8400078221AA9204604F0E9F81AA807F014F98A
:10C8500043F68C4343F62842CDE907230023049393
:10C8600047E7002309931F4610F52A7FFFF66AAFBA
:10C8700010F1C80F0CDBB0F52A7F62DCC82875DD2B
:10C8800003230A93984660E7012309931F46EBE7C9
:10C8900001230A93984658E7059B9868079B0893DD
:10C8A000383003F0E5FF079423E7524621A91AA880
:10C8B000DDF814B0FFF7AEFE1DAB0FCBDBF8004088
:10C8C0008DE80F001AAB20460ECB02F029FBDBF8F7
:10C8D0000C0020B11AAA1C23234904F005FDDBF843
:10C8E0000800FBF7BFFDDBF8083011A912A803F11F
:10C8F000380406F05DFD002340F2DC52CDE9003241
:10C9000012A91A46204604F003F812A806F042FDC8
:10C910004FF47A7001F052FFDBF80800FBF7A2FD3C
:10C92000DBF808000B9903685B6A984711A806F0CA
:10C9300031FD10A806F02EFD6DB0BDE8F04F02B03D
:10C94000704704230A939846FFE6042309931F4681
:10C950008AE700BFC842040034430400D18AFFFFC5
:10C960001F85EB51104304002843040002230A935F
:10C970009846EAE6022309931F4675E72DE9F04F32
:10C9800083B0DDE90C9ABDF83880002B3BD0B9F1BB
:10C99000000F35D00F2902D1B8F1C00F33D10746AF
:10C9A00028201D460E46934615F025FC04461030FF
:10C9B00006F0B6FC18202680A4F802B015F01BFC87
:10C9C000CDE9009A06466B46024603CB46F80C5B5F
:10C9D00000233D68D36048F002087360E360506054
:10C9E00091600E495161C4E90833A4F80480A26043
:10C9F0006B6838462146984740B903B0BDE8F08FD0
:10CA00001AF0010FC6D16FF47A70F6E7204601F0F4
:10CA10000BFE204615F0E8FB0148EEE7D9C1020005
:10CA200016FCFFFFF0B58DB004461298C4E9001261
:10CA3000C4E902301C4904F011FCE8B1064607467F
:10CA400056F8100FD4F800E07168B268F3680DF181
:10CA5000140C65460FC530697169B26907C50CAB26
:10CA600013E90F008DE80F0070469CE80E0002F0FD
:10CA700057FA384615F0B8FB0C4B1B6883B10C4ACB
:10CA800005920022069205AA92E80300C0228DE8D2
:10CA9000030002921846032223460621FFF76EFF89
:10CAA00020460DB0F0BD00BF28430400D03E00205A
:10CAB0003DC60200C38843F48043C380704700BF73
:10CAC00082B0C0F30761C0F30742C0F307238DF8BB
:10CAD00007008DF804108DF805208DF806300198B8
:10CAE00002B0704782B0C0F307238DF807008DF8BD
:10CAF0000630BDF8060002B0704700BF29DF70475E
:10CB000028DF7047022802D1014B01221A707047BA
:10CB1000F5460020704700BF70B50C46F8F746FF99
:10CB200098B1164D00232B704FF0805602E00A207A
:10CB300003F0A0FC3069B4FBF0F0FFF7E1FF002840
:10CB4000F5D12B78002BFCD070BD0D4A0223C2F822
:10CB50000435D2F80034002BFBD00949C2F808454F
:10CB6000D1F80034002BFBD00023054AC1F804356E
:10CB7000D2F80034002BFBD070BD00BFF54600207A
:10CB800000E00140F8B50D4614461E46F8F70EFFCA
:10CB900088B11A4F00233B7002E00A2003F06AFCC0
:10CBA000324621462846FFF7A9FF0028F5D13B78F9
:10CBB000002BFCD0F8BD124A0123C2F80435D2F88C
:10CBC0000034002BFBD0002E0EDD211F0C4A01EBA0
:10CBD0008606281F51F8043F40F8043FD2F800347D
:10CBE000002BFBD0B142F5D1054A0023C2F8043531
:10CBF000D2F80034002BFBD0F8BD00BFF546002072
:10CC000000E001402DE9F0430B468BB09A6849687B
:10CC100004461868DB6806AD0FC59DF81860032E42
:10CC20004FD84FF08052BDF81A3015699DF8199011
:10CC300009992548DDE9077805FB03F5CDE90118D9
:10CC400000972B464A46314600F0C2FEB9F1020F6A
:10CC500020D00AAB13E9030004AA82E80300731E84
:10CC6000DBB203EB830C4FEA8C0C03CA0CF1100E01
:10CC700003EB830304EB830304EB0E0C2F4444F813
:10CC80000E00CCF8041000201E719D60DF600BB018
:10CC9000BDE8F083002102E00131642903D018F8D7
:10CCA0000130002BF8D1002240460AF0F3FD0022AB
:10CCB000034601460548CDE9043200F089FE04AA86
:10CCC000CDE76FF47A70E2E778430400C8430400CC
:10CCD0002DE9F04F654B664C66494FF0805203EBEF
:10CCE00004081469A8EB010187B0B1FBF4F304FB5D
:10CCF00013130091002B00F0B58014690C44E41A62
:10CD000040F6F8734FF080511A680E6901320ABF7D
:10CD10004FF010231D685D694FF080531B69A5EB30
:10CD20008305A5427DD90190534FDFF85891DFF874
:10CD300058B1DFF858A1A84608E054F8103C5B450C
:10CD400072D026F003031C44A0456AD90597059BC1
:10CD50002168DB439942F0D163684B45EDD1A3686C
:10CD6000464A9342E9D102F14E42E368A2F5A51288
:10CD7000A2F64F229342E0D1019B1A78032A1BD0DE
:10CD8000019F02EB8201531C07EB8101DBB20026FD
:10CD90004FF4E035032B8E60CD603B700E7163D095
:10CDA00003EB830107EB810102328D60D2B20120D7
:10CDB000009DCD603A70087140F6F8714FF08053D5
:10CDC00008681F691D6901300ABF4FF01023D1F8B0
:10CDD00000C0D3F814C04FF08053032A1E6912D04C
:10CDE0000198009BB3FBF5F302EB820100EB81019C
:10CDF00005FB037307460132ACEB860002268B600D
:10CE0000C8603A700E712246019852F8101F2346EE
:10CE100052688262416253F8182F5B68C363826371
:10CE2000046307B0BDE8F08F54F8043C534588D143
:10CE3000134800F0CDFD14F8083C002B81D0A4F17C
:10CE40002005CDE90264A5EB0313019E2C461D4687
:10CE500021463046103CFFF7D5FEAC42F8D1DDE963
:10CE600002646EE7009C4BE71A46A5E758230020B2
:10CE7000245D0400302000208F71C46DC49866C901
:10CE800068430400C615A841FE307F599DD7B1C143
:10CE90000346002210B503F8102B044600F14C01A4
:10CEA00003F80C2C1A605A6043E9022214338B42B7
:10CEB000F6D12046FFF70CFF204610BDACDF7047CF
:10CEC000AEDF70470022028102604260704700BFFF
:10CED000F0B54FF6FF7487B0A142ADF8063032D0FE
:10CEE0000389DB07054616460C4600880FD4BDF8BB
:10CEF000063002AAADF8083001460023204603960A
:10CF0000ADF80A30FFF7DAFF184607B0F0BD02AA05
:10CF1000012300270DF1060CADF80800114620464C
:10CF200005968DF80A30ADF80C70CDF810C0FFF7FB
:10CF3000C7FF0028E8D00499BDF806300988994257
:10CF400001D02888D6E7002007B0F0BDA8DF7047E1
:10CF5000B0DF704762DF7047704700BF8B79012BED
:10CF600005D0022B02D10368DB6A184770470368BB
:10CF70009B6A18470368034A9B68934200D1704735
:10CF80000631184759CF020070B50B88502B044664
:10CF900031D01AD8102B26D0112B14D10368194D7B
:10CFA000DA69AA422BD100252E4605E023681B69C9
:10CFB0009847236806810135DB6820469847A842D8
:10CFC00029462046F2DC012070BD512B06D0532BA0
:10CFD000F9D103681B6B9847012070BD03685B6A39
:10CFE0009847012070BD0368064A9B699342EAD0C6
:10CFF0009847012070BD03681B6A9847F9E790477E
:10D000002368D0E759CF020010B5064B0360002318
:10D0100004460371C38000F0CFF9214600F0DAF92D
:10D02000204610BD0044040010B5054B03600446C3
:10D0300000F0C2F9214600F0DDF9204610BD00BF26
:10D040000044040010B584B010310DF1FF330DF130
:10D050000F0411F8012D03F8012FA342F9D1011D8E
:10D060006846FFF777FF04B010BD00BF00B583B07E
:10D070000379ADF80410821D01A901208DF8063056
:10D08000FFF764FF03B05DF804FB00BF2DE9F04734
:10D0900088B00546BDF84060BDF84470BDF8484012
:10D0A000924688461E2200210DF10200994615F095
:10D0B000FDF8BB1B18BF01232A79ADF800A0E107DA
:10D0C000ADF804708DF80C30ADF80660CDF808901E
:10D0D0008DF8022005D59DF80D3043F002038DF840
:10D0E0000D30A20705D59DF80D3043F004038DF8EF
:10D0F0000D30630705D59DF80D3043F008038DF81A
:10D100000D30270705D59DF80D3043F010038DF83D
:10D110000D30E60605D59DF80D3043F020038DF85F
:10D120000D30A00605D59DF80D3043F040038DF875
:10D130000D30610605D59DF80D3043F001038DF8E3
:10D140000D30E20544BF01238DF80F30A30544BF25
:10D1500001238DF810302B68EC881A690120022316
:10D1600041468DF811308DF812308DF813308DF85E
:10D170001400284690476946024620460BF0CCFA38
:10D1800008B0BDE8F08700BF00B58DB001A80BF076
:10D190003BFA019B23B1BDF808000DB05DF804FB1C
:10D1A0004FF6FF700DB05DF804FB00BF08B50BF043
:10D1B00001FA003018BF012008BD00BF03682DE947
:10D1C000F041DB6806460D4690469847071E1BDD7A
:10D1D00000240BE04388AB421ED08388AB4221D0B1
:10D1E000C388AB4224D00134A7420DD03368214616
:10D1F0001B69304698470388AB42EBD1012388F87E
:10D2000000302046BDE8F08100234FF0FF3488F85D
:10D2100000302046BDE8F081022388F80030204627
:10D22000BDE8F081032388F800302046BDE8F08196
:10D23000042388F800302046BDE8F08130B583B083
:10D240000C460DF10702C9880546FFF7B7FF011E1E
:10D2500008DB9DF807202B68032A05D01B680B4AC2
:10D2600093420ED103B030BD228A022AF6D11B6947
:10D2700028469847E17CA27C2B6842EA0122028181
:10D28000ECE7A11D2846984703B030BD59CF0200F6
:10D29000F0B58BB00C460DF1070209890746FFF780
:10D2A0008DFF002819DB9DF80730E68901229342A3
:10D2B0008DF8082013D09DF80E20A088ADF81060DE
:10D2C000002363F3000202A98DF80E20ADF80C30A4
:10D2D000ADF812300593FFF73BFE0BB0F0BD3A6896
:10D2E0001F4952682089ADF81A6000258A428DF8DE
:10D2F0001C308DF81D30ADF818000895ADF824509D
:10D3000015D12A462F4629469DF80E50ADF80C102F
:10D3100063F30005A088ADF8106002A9ADF81270A3
:10D3200005928DF80E50FFF713FE0BB0F0BD384696
:10D3300006A990479DF81C304BB99DF81D30BDF8EB
:10D340001A60BDF82470089A4FF48171DCE7294611
:10D350009DF81D30BDF81A60BDF82470089AD3E717
:10D3600059CF020000B583B009890DF10702FFF71C
:10D3700025FF03B05DF804FBF8B50E4C26689EB19E
:10D380003368002B0FDD07463546002402E0336882
:10D39000A34208DD55F8040F036839465B699847D6
:10D3A00001340028F3D1F8BD542014F024FF20608C
:10D3B0000660F8BD9839002010B5054C206800B112
:10D3C00010BD542014F017FF00232060036010BD2F
:10D3D0009839002038B50368132B04460D4603DD49
:10D3E0001420F8F707FB236804EB83020133556030
:10D3F000236038BDF0B40668002E0DDD4368994205
:10D4000026D0041D002204E054F8045F8D4205D0AC
:10D410001A46531CB342F7D1F0BC70470232B242F5
:10D4200013DA551C5C1C03EB060C00EB850500EBC6
:10D430008404ACEB020C1946013155F8047B44F826
:10D44000047B6145F8D1B21A13440360F0BC704705
:10D4500001220023E3E700BF10B50023044607F0D4
:10D46000F7F9024B2360204610BD00BF3C44040086
:10D4700088B110B5044614F055FF013820448442A9
:10D4800007D22378027804F8012B00F8013984428E
:10D49000F7D3002010BD6FF47A707047F8B549B328
:10D4A00080EAE074C4EBE0744F1E0025DFF84CC046
:10D4B00000E01D468CFB0423E217C2EBA30202EB43
:10D4C0008203C4EB43033033564207F8013F14464E
:10D4D0006B1C002EEDD1002801EB030203DA2D2294
:10D4E0000235CA544A19002308461370FFF7C0FFDB
:10D4F0003046F8BD6FF47A76FAE700BF6766666675
:10D50000014B1860002070479C390020002821DD65
:10D5100030B4124D124B2A68002A00F1FF3408BFC4
:10D520001A4621460020930983EAD273534083EAC6
:10D53000121383EA92035208534042EAC37202F084
:10D540000103490843EA4000EDD1A042E9D82A602E
:10D5500030BC70476FF47A70704700BF9C39002070
:10D56000A10D0C000A4B036010B40A4C0023C380C9
:10D57000224602E001333C2B06D052F8041B8842BD
:10D58000F8D1002244F823205DF8044B704700BF17
:10D5900070440400A039002010B504460A4B0B4823
:10D5A00023600023E380024602E001333C2B06D0D7
:10D5B00052F8041B8C42F8D1002240F82320204668
:10D5C00014F012FE204610BD70440400A039002063
:10D5D000013908B503290AD8DFE801F00B0B020274
:10D5E0000368084ADB68934201D000219847002075
:10D5F00008BD0368034ADB689342F8D001219847CD
:10D60000F5E700BFA55C020070B584B004AC04E986
:10D610000F00BDF80230012B18D0022B14D1154C8D
:10D62000154E04F1F00501E0AC420DD054F8040FA2
:10D630000028F9D0C3885B04F6D503689B68B34221
:10D64000F2D09847AC42F1D104B070BD094C0B4EFA
:10D6500004F1F00501E0A542F6D054F8040F0028CB
:10D66000F9D0C3889A04F6D503685B68B342F2D058
:10D670009847F0E79C3900205D550200595502009B
:10D680002DE9F041314C82B02246002302E0013303
:10D690003C2B05D052F8041B0029F8D144F8230094
:10D6A0002B4C237813F001030BD12A4D2A6842B189
:10D6B0000093102201234FF47A60002102F01EFE35
:10D6C00010B102B0BDE8F0812820D5F80080224ECC
:10D6D00014F091FDC02300930122204B1021074636
:10D6E00000F06EFFD8F800305B68B34222D13846B4
:10D6F00000F09AFF384614F077FD28202F6814F0C8
:10D700007AFDC02300930222144B0F21054600F03E
:10D7100057FF3B685B68B34212D1284600F084FF94
:10D72000284614F061FD237843F00103237002B012
:10D73000BDE8F0814046394698470028DDD0D6E75D
:10D740003846294698470028EDD0E6E7A039002062
:10D75000F6460020D03E0020BD6E020009D6020031
:10D7600010B4084C0023224602E001333C2B06D0C3
:10D7700052F8041B8142F8D1002244F823205DF8BE
:10D78000044B7047A0390020062816D8F8B50123AD
:10D79000834013F0580F0E4605460FD0104CA4F1ED
:10D7A000F00754F8043D32462946184613B11B6869
:10D7B0001B699847BC42F4D1F8BD704713F0270F9E
:10D7C000FAD0084C04F1F00754F8043F32462946D9
:10D7D000184613B11B681B699847A742F4D1F8BDDE
:10D7E000903A00209C390020084600F065BC00BF3C
:10D7F0002DE9F047DFF870A0DFF870905646074635
:10D8000056F8044B0AF582780B19B3F5806F0D4674
:10D810000FD22A463946301914F024FDDAF80030C8
:10D820001D440AEB050300221A71CAF80050BDE836
:10D83000F087A4F58074224641460A48CAF80040A1
:10D8400014F01BFDC4F580623019002114F02EFD88
:10D85000DAF800402B19B3F5806F4FF01501D8D3DB
:10D860004F46D1E7943A0020903A002090440400BB
:10D8700030B587B062B901AC2146FFF70FFE2046F4
:10D8800014F050FD01462046FFF7B2FF07B030BD4F
:10D89000054600241C220CE08BB902B334B10846C3
:10D8A000303006AB2344013403F8140C043A131D42
:10D8B0000AD025FA02F303F00F030029ECD0092B5C
:10D8C00058B2EDDD3730ECE706AB1C44002304F81A
:10D8D000143C0221034801ACFFF78AFFCFE7104652
:10D8E000DEE700BF8C4404002DE9F04782B0154606
:10D8F00081460E4609F0ACF9DFF8D080314F043D87
:10D90000494602E02528194614D00B460C4613F868
:10D91000010B0028F6D1A1EB09014846FFF768FF8B
:10D920001EB102212848FFF763FF09F083F902B016
:10D93000BDE8F0876FEA090319444846FFF758FF2E
:10D94000637855F804AFCDF804A0642B04F1020904
:10D950001DD00CD9732B28D01FD9752B17D0782B3D
:10D960000BD1504601220021FFF782FFC8E7582B58
:10D9700015D0632B06D0252B1FD003214046FFF77F
:10D9800037FFBDE7012101A8FFF732FFB8E700220A
:10D9900050461146FFF76CFFB2E7702BEDD1012224
:10D9A00050461146FFF764FFAAE7504614F0BAFC50
:10D9B00001465046FFF71CFFA2E701213846FFF75A
:10D9C00017FF9DE7A8440400B0440400AC440400E1
:10D9D0000FB400B583B004AA012152F8040B0192E0
:10D9E000FFF782FF03B05DF804EB04B0704700BF9F
:10D9F00010B5044609F02CF9E3696BB1A2699A618C
:10DA0000A3690BB1E269DA610023C4E906336361FB
:10DA1000BDE8104009F00EB9D4E905321A60EFE70D
:10DA200038B50D46044609F013F92A6865610AB94C
:10DA30000AE01A469369002BFBD19461C4E90632CF
:10DA4000BDE8384009F0F6B8C4E906222C60BDE80C
:10DA5000384009F0EFB800BF2DE9F04184B004ACC4
:10DA600004E90F00114B1C68DDE902014FF47A72E2
:10DA7000002314F0C9F9B4B1DFF8348006460F462C
:10DA8000E268A56900239F4208BF964208D36369F4
:10DA900020460BB1FFF7ACFF20464146FFF7C0FF21
:10DAA0002C46002DECD104B0BDE8F0819C3E002056
:10DAB000A43E00202DE9F04FDFF8E08093B0D8F8C5
:10DAC000005004AC84E80F00002D32D02F4BBDF87D
:10DAD00010401A68BDF81260AAB12D4F4FF0000A2D
:10DAE00040F2FE3540F2FF39D368D2F818B0190C75
:10DAF000AC429BB288B21FD0002B33D09C4231D0B5
:10DB00005A46002AF0D1A4F2FE33012B11D9D8F8DD
:10DB10000050204B10273246214608A8009700F0FD
:10DB20004FFD2B681C4A9B6893422AD108A800F03D
:10DB30007BFD13B0BDE8F08F4B45DDD109B1B0429C
:10DB4000DED1BAF1000FDBD1536923B11046039245
:10DB5000FFF74EFF039A10463946FFF761FF4FF07B
:10DB6000010ACDE709B1B042CAD1536923B11046C9
:10DB70000392FFF73DFF039A10463946FFF750FF27
:10DB8000BEE7284608A99847D0E700BFB43E00206A
:10DB9000A43E0020B5DA0200C56E0200983E0020C7
:10DBA000014B1868704700BFA83E002038B509F047
:10DBB0004FF8164B1C68D4B1636913B12046FFF7C8
:10DBC00017FF09F037F8002323616362256809F025
:10DBD00085F80146284609F08DF809F039F80C4B14
:10DBE0001A6822621C6009F025F8204638BD2820FA
:10DBF00014F001FB28220021044614F057FB09F021
:10DC000071F80023C4E90003A360DAE7AC3E00200A
:10DC1000A83E002038B50A4B1C682369DB0707D5EE
:10DC2000084D286830B1636A43620023636204468A
:10DC3000204638BDFFF7BAFF28600028F8D0F2E789
:10DC4000943E0020A03E00202DE9F041464D2A7868
:10DC500012F0010482B002D002B0BDE8F081434E60
:10DC6000434F3060FFF7A2FF424B43491860FFF774
:10DC7000D7FEFFF79BFF3860D0F8008009F02EF840
:10DC8000011F404609F034F83B683C49186809F028
:10DC90002DF83768002F4ED0282014F0ACFAC0239E
:10DCA0002246009340F2FF31354B364C804600F05F
:10DCB00087FC3B685B68A34244D1404600F0B4FC5B
:10DCC000404614F091FA2820D6F8008014F093FA18
:10DCD000C023009300222A4B40F2FE31074600F099
:10DCE0006FFCD8F800305B68A34237D1384600F0AB
:10DCF0009BFC384614F078FA00230F220021009391
:10DD00004FF47A60012302F0F9FA2820376814F002
:10DD100072FAC023009301221B4B0F21064600F02C
:10DD20004FFC3B685B68A34212D1304600F07CFC9C
:10DD3000304614F059FA2B7843F001032B7002B0EF
:10DD4000BDE8F0813846414698470028BBD0B4E78B
:10DD50003846314698470028EDD0E6E74046394638
:10DD600098470028C8D0C1E7F7460020983E002019
:10DD7000B03E0020943E0020A43E0020F5E20200C8
:10DD8000B5DA0200BD6E020059DA0200024B1878C3
:10DD900000F00100704700BFF7460020F0B51F4FAC
:10DDA0003B6883B0002B37D01D4B1B78DB0733D586
:10DDB0000E460446FFF72EFF436944EA0642054635
:10DDC000C2600BB1FFF714FE28461649FFF728FE84
:10DDD000A4F2FE33012B16D928203F6814F00BFA69
:10DDE000C0233246009321460F4B054600F0E8FB66
:10DDF0003B680E4A5B68934208D1284600F014FC49
:10DE0000284614F0F1F9002003B0F0BD3846294649
:10DE100098470028F7D0F0E70548F5E7983E00203E
:10DE2000F7460020B43E0020B5DA0200BD6E0200C5
:10DE300016FCFFFF2DE9F04128B321B305469846B3
:10DE400017460E46FFF7B2FE0446E0B132463B46A7
:10DE50002946006808F058FF256808F03FFF011FB9
:10DE6000284608F045FF0A4B0A492068B8F1000F20
:10DE700018BF194608F03AFF20460749FFF7D0FDC2
:10DE80002046BDE8F08100242046BDE8F08100BFB7
:10DE9000CDE20200F9E10200A43E0020074B1B780E
:10DEA00013F0010308D010B4144601230A4621469A
:10DEB0005DF8044BFFF7BEBF18467047F7460020D9
:10DEC000024B1868B0FA80F040097047A43E002069
:10DED00030B50F4D2B789A0785B004D50D4B1B68D4
:10DEE00073B105B030BD43F00204022201230F21BB
:10DEF00068462C7005F0F4F9064B1B68002BF0D136
:10DF00002B7823F002032B70F7F7BCFE05B030BD71
:10DF1000F7460020A43E00202DE9F0415B4D2C681F
:10DF20002369D90747D45A4E5A4F32683968002AB4
:10DF300031D06069B04200F09A802A608A422BD0CA
:10DF4000944271D08C4271D0534B62699A426DD029
:10DF5000206808F0D1FE064608F0D0FED4E9013171
:10DF6000301ACA1A90426AD900F120012F682C6039
:10DF700021F01F06002B40F08480304600F0CAFAE2
:10DF80003118C4E901012F602068BB683A68BDE818
:10DF9000F04108F0F3BF29601B0757D52C60FFF74D
:10DFA00097FF3368002BFAD09C422B603CD0396835
:10DFB0008B42C7D14DE0394E2068326843F00203EE
:10DFC00023611369146843F00403136108F09AFE97
:10DFD0000146204608F08EFE3768386808F08CFE4F
:10DFE000044608F08BFED7E90123201A9B1A9842B9
:10DFF0000FD92030D5F800802F6020F01F04002AB0
:10E000003BD1204600F086FA0444C7E90104C5F874
:10E01000008033689968186808F0F1FF2B681A6966
:10E020000021920731600CD4BDE8F0812A680021FC
:10E03000936812680846BDE8F04108F09FBF2F685A
:10E04000A2E71868BDE8F04109F013B82B689C42BC
:10E05000EAD01E6808F042FE011F304608F048FE74
:10E060003B680F49186808F041FE39686AE7A06903
:10E07000002818BF02462A6060E7104600F070FAD8
:10E08000BFE7184600F06CFA77E700BF943E002027
:10E09000A43E0020B03E0020AC3E0020A03E002068
:10E0A000F5E20200034B1B78DB0701D5FFF734BF15
:10E0B000704700BFF746002070B5104D2A78D20790
:10E0C00014D50446FFF7A6FD064602F0F7F873697B
:10E0D0002044F06013B13046FFF78AFC304608490F
:10E0E000FFF79EFC2B78DB0704D470BDBDE87040C1
:10E0F00000F064BBBDE87040FFF70EBFF74600209C
:10E100009C3E002000B583B0FFF748FE18B9074BCE
:10E110001B78DB0702D403B05DF804FB0190FFF726
:10E12000FBFE019803B05DF804FB00BFF74600203A
:10E1300038B5284D2868436913B1FFF759FC2868A2
:10E14000254C2146FFF76CFC24684CB1A3690022E2
:10E1500023B11C460132A369002BFAD1032A22DC29
:10E160002B6800221A611C6808F0B8FD01462046A1
:10E1700008F0C0FD08F06CFD184B29681A688A4247
:10E1800025D04AB1136A99421DD02BB11A6A914227
:10E190001AD01346002BF9D108F04CFD104B1B7818
:10E1A000DB070CD438BDE2692068936100F0D8F930
:10E1B000606800F0D5F9204600F0D2F9D0E7BDE85C
:10E1C0003840FFF7A9BE13460A6A1A62E4E7126AEA
:10E1D0001A60E1E7943E0020AC3E0020A83E0020FB
:10E1E000F7460020034B1B78DB0701D5FFF7A0BFE4
:10E1F000704700BFF746002010B50C468047A04787
:10E20000044B1B78DB0700D410BDBDE81040FFF7BE
:10E210008FBF00BFF7460020034B1B78DB0700D4FD
:10E220007047FFF785BF00BFF7460020002842D0A7
:10E230002DE9F041DFF8908098F80030DC0782B0DB
:10E2400032D51E4F3B680A4619694907054601D178
:10E250005C6A44B1284601231949FFF7EBFD002011
:10E2600002B0BDE8F0811868019208F0EAFE396852
:10E27000019A0B6913F0020618D143F0010310460E
:10E280000B61A8473B6818695E6220F0010210F03C
:10E2900004001A61E4D098F8000010F00100DFD00B
:10E2A000FFF746FF3046DBE70648D9E723F00303D4
:10E2B0000B612046D4E76FF47A707047943E0020DB
:10E2C00019E2020016FCFFFFF746002038B50346AE
:10E2D000144610460D4698472046A847044B1B7825
:10E2E000DB0700D438BDBDE83840FFF721BF00BFD1
:10E2F000F746002008B5044CFFF7EAFD2378DB075A
:10E30000FAD5FFF709FEF7E7F7460020024B187829
:10E31000C0F38000704700BFF7460020054A13781D
:10E3200018B923F004031370704743F0040313700B
:10E33000704700BFF74600200022C0E90022704766
:10E34000F8B5184D2B78DA0700D4F8BD044608F06C
:10E350007FFC26680136266008F06CFC012EF4DD97
:10E36000FFF758FC436907460BB1FFF741FB211D3E
:10E370003846FFF755FB08F06BFC23689E4208DD2A
:10E380007B6913B13846FFF733FB38460649FFF780
:10E3900047FB08F04FFC2B78DB07D6D5BDE8F840EB
:10E3A000FFF7BABDF7460020A43E002038B5446808
:10E3B000054644B1636913B12046FFF719FB2046B7
:10E3C0000449FFF72DFB2B68002BC4BF03F1FF337B
:10E3D0002B6038BDA43E002070B54468054664B18A
:10E3E000074E636920460BB1FFF702FB204631461A
:10E3F000FFF716FB6C68002CF3D100232B6070BD77
:10E40000A43E002043682BB100209B690130002B03
:10E41000FBD1704718467047F8B50C4C05460E46C0
:10E42000277808F015FC0A4A731B02EBC7019B080A
:10E4300043F0004342F837504E602B60237801339D
:10E44000237008F0F7FB0020F8BD00BFF94600205C
:10E45000B83E0020064B1B78834207D9054B03EBDF
:10E46000C00253F830305068C01A7047002070471F
:10E47000F9460020B83E0020F8B583074FEA900621
:10E480003BD188B10D4608F0E3FBD5E90045771C88
:10E49000A54206D92368002B07DB04EB8304A542C1
:10E4A000F8D808F0C7FB0020F8BD23F0004399001E
:10E4B00054F82320002A04EB01000DDB0EE022F0CB
:10E4C0000042134443F00042226054F82320990094
:10E4D000002A04EB010001DA8542F0D89F4201D9FD
:10E4E0000C44D5E702369E4209D3236823F000434B
:10E4F000236008F09FFB201DF8BD0136C2E704EB46
:10E500008606B542F1D9DB1B43F0004346F8043CD4
:10E510002760EEE738B5044640B10C4D2B783BB18F
:10E5200020460B49FFF7A8FF044658B1204638BDE6
:10E530000849094A086809491370FFF76DFF01236C
:10E540002B70EDE71420F2F763FEEFE7F8460020AA
:10E55000B83E0020B8200020F946002000F8012035
:10E56000A0B10E4B1A6882420DD25B6883420AD971
:10E5700050F8043C002B10B5044608DD43F000437E
:10E5800044F8043C10BD1E20F2F742BE70471E2026
:10E59000F2F73EFE54F8043CF0E700BFB83E00201E
:10E5A00038B501FB00F52846FFF7B4FF044628B153
:10E5B00001232A460360002113F078FE204638BD6F
:10E5C0002DE9F04104461030884617461E46BDF836
:10E5D000185004F0A5FE0020E060C4E90800A4F88B
:10E5E00000806780A660A5802046BDE8F08100BF5E
:10E5F0002DE9F843BDF82450089E044610308946A2
:10E6000090461F4645F0010504F08AFE0020C4E94B
:10E610000800A4F80090A580A4F80280C4E902765E
:10E620002046BDE8F88300BF83889B0710B50446E9
:10E6300002D5806813F0D8FD204610BD82B070B5B9
:10E6400086B00AA981E80C00036A4BB31C696CB15F
:10E65000012200E01C4623690132002BFAD1092A6D
:10E6600005DD06B0BDE8704002B070471C460AAB3D
:10E670000FCB02AD85E80F00182013F0BCFD06ABF0
:10E68000064613E9030095E80C008DE803003046C8
:10E6900004F06CFE266106B0BDE8704002B0704721
:10E6A00004460FC902AD85E80F00182013F0A3FD42
:10E6B00006AB064613E9030095E80C008DE803005D
:10E6C000304604F053FE266206B0BDE8704002B04A
:10E6D000704700BFD0E9002303F10053013B10B4A1
:10E6E00002EBC304A24210D852F8333099420CD83E
:10E6F000A21A22F007022346A21A03E053F8080DDB
:10E70000814202D893421C46F8D160685DF8044B00
:10E71000704700BFD0E9002303F10050013802EB3D
:10E72000C0039A4252F8300016D8814215D89A1A7E
:10E7300022F0070210B49A1A03E053F8080D814240
:10E7400006D893421C46F8D118685DF8044B704710
:10E7500020685DF8044B704770477047D0E900238C
:10E7600003F10050013802EBC0039A4252F8300026
:10E770001FD881421DD89A1A22F007029A1A934292
:10E78000184615D010B453F8084DA14206D893424C
:10E7900018460BD053F8084DA142F8D900685DF82F
:10E7A000044B081AB0FA80F0400970471868F6E781
:10E7B0001868081AB0FA80F04009704701F05ABE94
:10E7C00001F028BEFEF79CBEFEF7A0BE00207047F9
:10E7D00010B5044B036000230446C380FEF7C0FF5E
:10E7E000204610BD7044040010B5064B03600023A2
:10E7F0000446C380FEF7B4FF204613F0F5FC204624
:10E8000010BD00BF7044040038B50446074B0360D8
:10E8100000254560FEF734FFE388054A258143F46F
:10E8200080532260E380204638BD00BF704404005E
:10E83000BC44040000897047807A704700487047E4
:10E8400016FCFFFF10B5044B036000230446C38091
:10E85000FEF786FF204610BD7044040010B5064B3D
:10E86000036000230446C380FEF77AFF204613F0BE
:10E87000BBFC204610BD00BF7044040038B50368DF
:10E8800081720D4DDA6AAA42044608D19B6A0B4A8E
:10E890000B4D93420AD1A07AA072284638BD90470A
:10E8A0002368064A9B6A93420546F4D0204698475F
:10E8B000A072284638BD00BF3DE8020039E80200DA
:10E8C00016FCFFFF38B503680D4DDA6A0181AA42D4
:10E8D000044608D11B6A0B4A0B4D93420AD120898A
:10E8E0002081284638BD90472368064A1B6A934218
:10E8F0000546F4D0204698472081284638BD00BF01
:10E900003DE8020035E8020016FCFFFFF8B50446BA
:10E910000025154B036045600E461746FEF7B0FE16
:10E9200094F8363066624FF00112C4E90E220221DB
:10E9300003F0F90365F3C3030C4E2563142084F838
:10E940004050A1722081E560C4E90455C4E9065530
:10E950002562A780E580A586A4F8425084F8363069
:10E9600026602046F8BD00BF70440400E444040063
:10E97000C16811F5C87FF0B480F2848090F8363019
:10E9800013F0020340F08680046914F5C87F66DA4C
:10E9900090F8362012F0040269D1456915F5C87F58
:10E9A00031DA90F8362012F0080234D0B2FA82F34D
:10E9B00090F8366090F840205B0963F3C30680F856
:10E9C0003660032A08D80132D2B2012A80F84020EA
:10E9D00000F08B80042A77D0B0F8423090F836608F
:10E9E00001339BB216F00107A0F8423062D01D2B14
:10E9F00017D900236FF3000680F83660A0F8423084
:10EA000080F840300DE0B5F5C87F04DD90F8362081
:10EA100012F00802CAD090F84020002BD1D1002A71
:10EA2000DAD104FB04F301FB0133334A05FB053360
:10EA300093423CD911F5487F51DBB1F5487F51DC59
:10EA400014F5487F54DBB4F5487F3BDC15F5487F6F
:10EA500050DBB5F5487FD4BF0020062028E0B4F590
:10EA6000C87F9ADD90F8362012F0040295D1B2FAF0
:10EA700082F390F836205B0963F3820280F8362037
:10EA800001238AE7B1F5C87F0FDD90F8363013F027
:10EA900002030AD190F83620B3FA83F35B0963F3DB
:10EAA000410280F8362001236EE700236CE707203F
:10EAB000F0BC7047092BB4D9013A80F84020A0F887
:10EAC0004270AEE70120F3E790F83630002243F0C1
:10EAD000010380F83630A0F842200B20E8E703203D
:10EAE000F0BC70470420F0BC7047A0F8422098E7C3
:10EAF0000220DDE70520DBE7FF700200D0E90332EA
:10EB000030B502FB02F2456903FB032305FB053523
:10EB1000B5F5800F85B0044616D9038F002B4DD074
:10EB2000B5F5100F25D8012384F831302046FFF7C2
:10EB30001FFF0B2814D0A38E834231D00023A08660
:10EB400084F8303005B030BD90F83130042B56D900
:10EB50000023C0E90E332046FFF70AFF0B28EAD155
:10EB60006086024601230D21684604F0B9FB05B01A
:10EB700030BD638F002B39D0B5F1107FD3D9A38F6F
:10EB80005BB3B5F1806FCED9E38F002BCBD10123DE
:10EB90000A220D21684604F0A3FB0123E387C2E7A4
:10EBA00094F83030628E042B14D80133DBB29042DB
:10EBB00084F83030C6D0052BD2D0C3E701230C2215
:10EBC0000D21684604F08CFB0123B5F5100F238757
:10EBD000A9D9CEE79042C3D1B4E7012309220D2180
:10EBE000684604F07DFB0123A387CAE701230822BE
:10EBF0000D21684604F074FB01236387BCE70133F1
:10EC0000DBB291E730B5D0E908218BB002AD0092BC
:10EC100000F1180304460CCB284604F02FFB95E8BE
:10EC20000700E38804F10C0523F0020385E80700E0
:10EC3000E3802046FFF762FF0123A1881A4606A859
:10EC400004F04EFB00200BB030BD00BF0368054A46
:10EC50001B6B934210B5044601D1E06810BD984784
:10EC6000E06810BD3DE802000368054A1B6B934253
:10EC700010B5044601D1206910BD9847206910BD28
:10EC80003DE802000368054A1B6B934210B5044639
:10EC900001D1606910BD9847606910BD3DE8020070
:10ECA0000368084A1B6B934210B5044607D1E388FA
:10ECB0009B0702D42046EDF72FFEA06A10BD9847AF
:10ECC000F5E700BF3DE802000368084A1B6B93426A
:10ECD00010B5044607D1E3889B0702D42046EDF720
:10ECE0001BFEE06A10BD9847F5E700BF3DE8020053
:10ECF000408E70470048704716FCFFFF0089704740
:10ED000010B5044B036000230446C380FEF728FDC2
:10ED1000204610BD7044040010B5064B036000236C
:10ED20000446C380FEF71CFD204613F05DFA204622
:10ED300010BD00BF70440400F0B50446416BA26BE7
:10ED4000E36B2769656900F13406C068D71B5D1B5A
:10ED5000D4E90723081AA16902FB07F201FB00F1BD
:10ED6000881292128BB0C4E90D0203FB05F39B12CB
:10ED7000216CE36302AD009396E80C00284604F092
:10ED80007DFA95E80700012304F1280585E80700CE
:10ED9000A1881A4606A804F0A3FA00200BB0F0BD23
:10EDA00038B503680D4DDA690181AA42044608D1DD
:10EDB0005B6A0B4A0B4D93420AD120892081284679
:10EDC00038BD90472368064A5B6A93420546F4D0F3
:10EDD000204698472081284638BD00BFF5EC020048
:10EDE000FDEC020016FCFFFF2DE9F041124B036021
:10EDF00000250446456088461746104EFEF740FC45
:10EE00004FF4806314204FF480512081C4F8408077
:10EE1000C4E903556561C4E90955C4E90B55C4E962
:10EE20000D55E5636564A7802660E180C4E906337B
:10EE300023622046BDE8F0817044040024450400AC
:10EE40002DE9F84303681F4A9B6A9342044636D172
:10EE5000A06A12F027FC8046E06A894612F022FC84
:10EE60000646206B0F4612F01DFC424604460D4636
:10EE70004B464046494612F07FFC32468046894662
:10EE80003B463046394612F077FC02460B46404678
:10EE9000494612F0BBFA224606460F462B4620464C
:10EEA000294612F069FC02460B463046394612F0FC
:10EEB000ADFA10F097F812F00FFFBDE8F88398470D
:10EEC000C6E700BFF5EC0200C3885A0720D410B58E
:10EED00002681049926A8A4284B0044615D123F030
:10EEE000020343F00403E380A18801230322684660
:10EEF00004F0F6F9E388084813F0020F18BF002069
:10EF000023F00403E38004B010BD9047E388E6E7F4
:10EF100002487047F5EC020014FCFFFF15FCFFFFF0
:10EF200084B070B404AC84E80E0006460FCC06F141
:10EF30000C050FC594E80700F38843F0020385E849
:10EF40000700F38070BC04B0704700BFC08800F0B9
:10EF5000020070474164704730B50C460C49236885
:10EF60009B6A8B4285B005460CD1D4E90F310192E2
:10EF700000933434284694E80C0004F035F9284610
:10EF800005B030BD039220469847039AEDE700BFD5
:10EF9000F5EC02000368054A9B6A934210B50446EB
:10EFA00001D1A06A10BD9847A06A10BDF5EC02001F
:10EFB0000368054A9B6A934210B5044601D1E06A92
:10EFC00010BD9847E06A10BDF5EC02000368054AE1
:10EFD0009B6A934210B5044601D1206B10BD98473F
:10EFE000206B10BDF5EC0200C288510711D49307C5
:10EFF00010B504460AD5636C20461BB1BDE810402D
:10F00000EDF74ABDBDE81040EDF7BABDFFF75CFF74
:10F01000F1E70148704700BF15FCFFFF008970470A
:10F0200040897047FF299ABF017300206FF47A70FE
:10F03000704700BF007B7047704700BF10B50A895A
:10F040004C8982B00023CDE9002410311A460446D1
:10F0500004F0ECFB204602B010BD00BF10B5074B1A
:10F06000044640F8103B04F095F9054B236000235B
:10F070002046E380FEF774FB204610BD5C4504008B
:10F0800070440400094B10B5044640F8103B04F0EE
:10F0900081F9074B23600023E3802046FEF760FBE5
:10F0A000204613F0A1F8204610BD00BF5C450400C7
:10F0B00070440400F8B50C4D056000250446456019
:10F0C0000E4615461F46FEF7DBFA2046074B40F872
:10F0D000103B2AB231B204F02FFAFF222273A7802C
:10F0E000268165812046F8BD704404005C4504001B
:10F0F0006FF47D70704700BF6FF47D70704700BF84
:10F100006FF47D70704700BF10B584B004AB046825
:10F1100003F8012D00220092A4691A460123A0479A
:10F1200004B010BD10B584B004688DF80C20002226
:10F1300000928DF80D30A469022303AAA04704B001
:10F1400010BD00BF10B5012384B00468CDE90033C1
:10F150000DF10F03646AA04708B99DF80F0004B0D1
:10F1600010BD00BFF0B585B004469DF82C508DF859
:10F170000F201F4602680E4685B101230093956952
:10F180000DF10F02A84738B9236800901D6A0A9B49
:10F190003A4631462046A84705B0F0BD53699DF870
:10F1A0000F209847EFE700BF2DE9F84F9DF8287032
:10F1B000002A3CD0002B3ADD88460168DFF87490C5
:10F1C0001E464B684B458246144628D1CD68DFF871
:10F1D00068B05D451BD1264405E00134A6420AD043
:10F1E000DAF80030DD685D45F7D02178504601340B
:10F1F000A847A642F4D117B10020BDE8F88FDAF88D
:10F2000000309B684B450ED13846BDE8F88F5FFA59
:10F2100088F15046A847DAF80030DD68DBE7984708
:10F22000DAF80010D2E7504698473846E5E76FF421
:10F230007A70E2E7F9F0020001F102002DE9F04FE7
:10F2400083B09DF83090002A5AD0002B984657DDA5
:10F25000056892466B682C4A934206463DD1EB689E
:10F260002A4FBB4241D1B8F1010F1BD0A8F10208CF
:10F270000AEB080B0AF1FF3405E00B2004F8010F3C
:10F28000A3450BD035682D69BD42F6D0002130462C
:10F29000A847C0B204F8010FA345F3D108F1010853
:10F2A0003568C2442B69BB4212D10B208AF800009A
:10F2B000B9F1000F03D0002003B0BDE8F08F336830
:10F2C000114A9B68934217D1484603B0BDE8F08FBE
:10F2D000012130469847C0B2E8E701919847356868
:10F2E0000A4FEB680199BB42BDD041F00101C9B2A0
:10F2F000304698473568B6E7304698474846DBE7DA
:10F300006FF47A70D8E700BFF9F0020001F1020053
:10F31000014B0360704700BF9C4504000EB42DE90B
:10F32000F04787B00FAB054653F8046B0093317874
:10F3300049B125290CD02B680136DB6A284698474D
:10F3400031780029F5D107B0BDE8F04703B0704728
:10F35000009B7178D3F80090632903F104030093B4
:10F3600006F102067ED015D9732969D0782964D0B8
:10F37000642941D02B683F21DB6A284698472B68D7
:10F380003F21DB6A284698472B683F21DB6A2846E5
:10F390009847CCE725294BD05829EBD14FF00008EE
:10F3A0001C2708244FF0000A10E0B8F1000F3CD0F1
:10F3B00003F157012B682846DB6A98474FF0010A92
:10F3C000013C14F0FF04A7F10407B0D029FA07F3B9
:10F3D00003F00F0303F13002392AD1B2E5DC302A01
:10F3E000E8D130212846BAF1000F01D1012CE7D134
:10F3F0002B68DB6A9847E3E7002301A94846CDE97B
:10F400000133CDE903330593FEF748F89DF8041066
:10F4100000298CD00DF105042B682846DB6A98473B
:10F4200014F8011B0029F7D181E703F13701C1E787
:10F430002B682846DB6A984779E74FF00108AFE769
:10F4400099F8001009F1010900293FF470AF2B6809
:10F450002846DB6A984799F8001009F1010900294C
:10F46000F5D164E72B685FFA89F1DB6A2846984793
:10F470005DE700BFC388DB0600D4704710B50446C3
:10F4800084B0818801230422684603F029FFE388C1
:10F4900023F01003E38004B010BD00BFC3885B07F6
:10F4A0003CD52DE9F0410369B3F90270002F84B017
:10F4B0000E46054615DD00F11008002401E0A742C4
:10F4C0000FD021B2404604F0B1FBB04204F1010478
:10F4D000F5D101231A46A988684603F001FFA74227
:10F4E000EFD1EB8B297F288C5A1C92FBF1F301FBA7
:10F4F00013239BB2984212D0EA8BA96992B28E5420
:10F500006A69EB83002A02DBEB8B9A4210D0EB880E
:10F5100043F01003EB8004B0BDE8F0817047A98888
:10F5200001230322684603F0DBFE04B0BDE8F0814E
:10F530004FF0FF336B6102220123A988684603F074
:10F54000CFFEE4E7C3881B0700D4704730B5838D36
:10F55000416A02689BB20446C95CD26A85B0904792
:10F56000A58D94F82820618D6B1C93FBF2F502FBAE
:10F570001535ADB2A94202D0A58505B030BD012335
:10F58000022240F2FF31684603F0AAFE23680121FF
:10F590001B6A20469847EFE72DE9F047B2F1000AD1
:10F5A000054629DD9946408D01F1FF38002608E027
:10F5B0006B6A18F8012F1A540136B2456C85204643
:10F5C0001BD095F82870AA8D431C93FBF7F407FB1A
:10F5D0001434A4B29442EBD12B680121DB69284694
:10F5E0009847B9F1020F1FD0B9F1010F0DD0B9F151
:10F5F000000F02D0688DDBE700262B682846DB6908
:10F60000012198473046BDE8F087688D06E095F8FF
:10F610002830AA8D03449B1A002BC9DDAB8D98427C
:10F62000F5D3AB8DC31AF7E7494640F2FF30FEF73A
:10F6300069FD688DBCE700BFC3885A0770B50446F2
:10F6400007D5036800211B6A9847A069FEF788FF69
:10F65000E388207F23F004039DB2E580FEF75AFF84
:10F66000A06160B12368002645F00405DB69E580F0
:10F67000E6832684204631469847304670BD6FF4B5
:10F680007B7070BD38B5C3881A07054607D5036877
:10F6900001211B6A9847686AFEF762FFEB8895F8BC
:10F6A000280023F008039CB2EC80FEF733FF686269
:10F6B00030B1002044F00804EC806885A88538BD8E
:10F6C0006FF47B7038BD00BF2DE9F047164D056023
:10F6D00000250446456091468A461F469DF82060F5
:10F6E000BDF82480FDF7CCFF104B2360C4E902A9CC
:10F6F00004F1100004F05AFAE288E583013701367C
:10F700004FF0FF3342F48042277784F82860A4F852
:10F710000480A561656225846585A5856361E280B5
:10F720002046BDE8F08700BF70440400D0450400C7
:10F730002DE9F041C788BC071DD4002A1DDDE1B1C9
:10F74000984647F00203C3803B07044615460E4621
:10F750000BD543462A4631462046FFF71DFFE38876
:10F7600023F00203E380BDE8F081FFF78BFF002860
:10F77000EFD0BDE8F0810248F5E76FF47A70F2E768
:10F780000DFCFFFF10B40C681346211DB4F90220D4
:10F790005DF8044BFFF7CCBF38B50B1E07DB1D46E9
:10F7A00003685B6A0446984700B9256338BD6FF467
:10F7B0007A7038BDF8B5C3889C074AD1858D448DD1
:10F7C00043F00303AC42C3803AD3838DE31A174658
:10F7D0000268002B0E460446156A03DD0121A84786
:10F7E00023681D6A00212046A84723683A4631460F
:10F7F0009B6A2046984723680021DB69204698478A
:10F80000A28D638D934221D294F82820A18D1344B8
:10F810005B1A002B04DD23680121DB692046984731
:10F82000256B002D06DB236829465B6A2046984736
:10F8300000B92563E38823F00303E3800020F8BDCB
:10F8400090F82830858D1C44631BC0E7A28D9B1A5D
:10F85000DFE70148F8BD00BF0DFCFFFF012A1ED005
:10F86000022A38B509D0C38B027F194491FBF2F309
:10F8700002FB13114161002038BD05460C4680880B
:10F880001146FEF78BFAE98B2A7F214491FBF2F3B4
:10F8900002FB13116961FEF705FC002038BD6FF40F
:10F8A0007A707047012A0FD038B5144605461030DB
:10F8B00004F082F9022C01D0002038BDA888012173
:10F8C000FEF720FC002038BD6FF47A70704700BF4F
:10F8D0002DE9F04F87B0CE8800AFF507C7E90130BA
:10F8E00060D474078946154640F1D780B9F820A046
:10F8F000B9F81E3046F001069A45A9F8066058D0BE
:10F900002B68D9F81810B3F902205646731C002A48
:10F9100011F80680FB602ADD4FF0000B4FF0FF343A
:10F920000FFA8BF1284604F081F92A68B2F9022017
:10F930000BF1010B404508BF34465A45F0DC99F8FD
:10F940001C30F968B9F81E8091FBF3F61FFA88F8AD
:10F9500003FB1616B04500F0A880601C54D1D9F8FE
:10F960001810731C002A11F80680FB60D4DC99F88B
:10F970001C30F868B9F81E8090FBF3F61FFA88F87F
:10F9800003FB1606B045C1D17B68012B00F09480C3
:10F990007B68022B13D0B9F80660B86826F0010620
:10F9A000A9F8066004F002F9B8681C37BD46BDE846
:10F9B000F08F7B68012B00F0BA80022BEDD1294635
:10F9C00007F1140004F0EAF807F114010222484696
:10F9D000FFF768FF07F1140004F04EF8B9F81E4075
:10F9E00014F1FF3402D299F81C40013C07F11400D5
:10F9F00004F0DCF807F1140109F1100004F0DCF860
:10FA000007F1140004F038F8002CB9F80660C4DBE4
:10FA100099F81C505445BABFA5EB0A0BA344A4EBBC
:10FA20000A0B0BF1080323F00703E846ADEB030DC7
:10FA3000002168460BF10102A4B212F037FCA24586
:10FA40006946D9F818000FD00DF1FF320AF1010C08
:10FA50009CFBF5F305FB13C310F80AC002F801CFB5
:10FA60001FFA83FA5445F1D1B9F82030B868013350
:10FA70005B4426F0010693FBF5F205FB1235A9F86D
:10FA800006600FFA8BF2A9F8205004F06DF8C54615
:10FA9000B8681C37BD46BDE8F08F0846FFF7CCFDBF
:10FAA000002837D1B9F8066020E77B68012B29D1FF
:10FAB000611CA9D1D9F81810B9F81E309845FBD0AF
:10FAC00008F10103002A11F80860FB6027DD4FF000
:10FAD000000B4FF0FF340FFA8BF1284604F0A6F824
:10FAE0002A68B2F902200BF1010BB04208BF44466C
:10FAF0005A45F0DC99F81C30F96891FBF3F803FBE8
:10FB00001818D5E77B68022B7FF47EAF631C7FF467
:10FB10007BAF54E70146B86803F0CEFFB8E799F829
:10FB20001C30F86890FBF3F803FB1808C4E72B6857
:10FB3000D9F81810B3F90220D046BDE7C3885B0797
:10FB400010B5044605D5E38B208CC01A18BF0120E0
:10FB500010BDFFF771FD0028F5D010BD38B5044683
:10FB6000F1B101290D460FD12046FFF7E7FF00282C
:10FB7000FAD0238CA269217FD05C013393FBF1F290
:10FB800001FB1233238438BD0229F2D1FFF7D6FFDF
:10FB90000028EED12A4601212046FFF75FFEE8E764
:10FBA000FFF7CCFF0028E4D1004838BD0CFCFFFF74
:10FBB00038B5C388DA0712D443F001025B07044664
:10FBC0000D46C28002D4FFF737FD38B929462046DA
:10FBD000FFF7C4FFE38823F00103E38038BD014849
:10FBE00038BD00BF0DFCFFFFB0F806C01CF0010FD0
:10FBF0002DE9F04168D198461CF0040F4CF0010348
:10FC0000064617460D46C3802BD0B8F1000F11D120
:10FC1000002F57DD013D444604E00134A74205F8BA
:10FC2000010F17D000213046FFF798FF10F57D7FB8
:10FC3000F3D10FE0B8F1010F1CD1002F42DD6C1E93
:10FC4000E51901213046FFF789FF04F8010FAC42A6
:10FC5000F7D13C46F38823F00103F3802046BDE84A
:10FC6000F081FFF7E9FC04460028F7D1B8F1000F56
:10FC7000CED0DFE7B8F1020F24D1F38B318C99425B
:10FC800085BF337FF28BF38B9B185B1A9F420CDD91
:10FC9000F38B994285BFF28B337FF38B9B18591AF4
:10FCA000791A02223046FFF7D9FD002F0ADD6C1EBB
:10FCB000E51902213046FFF751FF04F8010FAC426D
:10FCC000F7D1C6E70024C5E7004CC7E70DFCFFFFEE
:10FCD0002DE9F0411446083222F0070200AFADEBE7
:10FCE000020D0E469846621C00210546684612F039
:10FCF000DDFA4346224669463046FFF775FF002885
:10FD000008DD02B26946284603F02EFF2846BD46AC
:10FD1000BDE8F081284603F049FF2846BD46BDE80E
:10FD2000F08100BFC388DA0711D4FF2918BF013161
:10FD300010B543F00103044618BFC9B2C380017770
:10FD4000FFF77AFCE38823F00103E38010BD01484C
:10FD5000704700BF0DFCFFFFC3889A0712D4FF292C
:10FD600018BF013110B543F00203044618BFC9B2F1
:10FD7000C38080F82810FFF785FCE38823F0020396
:10FD8000E38010BD004870470DFCFFFF007F704707
:10FD9000828D438D934237BF90F82820808D808DCF
:10FDA0009B18181A704700BF10B5074B044640F85F
:10FDB000103B03F061FE054B236000232046E380E7
:10FDC000FDF7CEFC204610BDD04504007044040071
:10FDD00008B5C06803681B6B9847002008BD00BFCA
:10FDE00008B5C06803689B6A9847002008BD00BF3B
:10FDF0002DE9D84704469246994606F029FFE66861
:10FE000094F8118034683046A36CE76B98474B46F2
:10FE10005246002B08BF0A2A38BF0A220244414634
:10FE20003046B847BDE8D84706F004BF70B5044671
:10FE300006F00EFFE06803689B6C9847D4E9015117
:10FE4000D4E908236060401B1518084443F10006FC
:10FE5000B0F57A7FC4E90856A0600CD3D4E9062334
:10FE60000132A0F57A7043F10003B0F57A7FF7D242
:10FE7000C4E90623A060BDE8704006F0DBBE00BF09
:10FE80002DE9F84F1646426BBDF82880BDF82C903E
:10FE90009DF830A0002A10DDC46A1F46238A83B172
:10FEA00004F11803002102E033F8085C4DB1013180
:10FEB00091421C4603F11803F6D16FF47B70BDE844
:10FEC000F88F0546FFF7B2FFD5E9082312EB060BC2
:10FED00043EB070CBAF1000F22D1002001460D9B25
:10FEE000A4F81080C4E90001C4E902BCA4F812908F
:10FEF000636106F0ADFE296B39B1D4E90223D1E983
:10FF000002018B4208BF824205D22C6332463B4637
:10FF10002846FFF76DFF06F08DFE0020BDE8F88F44
:10FF200030463946DBE700BF2DE9F003456BC36A75
:10FF300000218D4201631EDD0A461C8A013254B144
:10FF400039B1D3E90267D1E902894F4508BF464577
:10FF500001D203631946AA4203F11803EDD151B14E
:10FF6000036A8A68D21A0A2AB8BF0A22D317BDE8E0
:10FF7000F003FFF73DBFBDE8F00370472DE9F04FF8
:10FF800083468BB059B1C468067C236820469A6CBE
:10FF9000DD6B9047394A314602442046A84758460F
:10FFA000FFF744FFDBF83420DBF82C40002A49DD62
:10FFB0000025AA461CE0D4E9006756EA0701628AD8
:10FFC00046D1DBF830000021A042218247D0012138
:10FFD0000291CDE90089194606A803F091F9DBF8F2
:10FFE00034200AF1010A0135AA4204F1180426DD81
:10FFF000238A002BF7D0D4E90201DBE9088989457F
:020000040003F7
:1000000008BF8045CDE90401D5D26369DB07EAD595
:10001000FEF77CF960B1DBE90801194ED4E902234F
:1000200036184FF000074F41BB4208BFB24219D308
:10003000DBF834200135AA4204F11804D8DCBAF107
:10004000000FB1D15846FFF76FFF0BB0BDE8F08F3E
:10005000DDE9040180197941C4E90201B7E7CBF871
:100060003010B4E70123CDE900010293052240F2EC
:10007000FF3106A803F044F9DAE700BF8096980044
:10008000A0860100074B1B6853B1197C084110F092
:100090000101184601D1FFF771BF0121FFF76EBFC3
:1000A000704700BFC43E0020426BC36A02EB4202AD
:1000B00003EBC20293424FF0000025D2198AF9B136
:1000C0005969C9071CD5D0B1F0B4D0E90245D3E9CC
:1000D0000267AF4208BFA64238BF184618339A429B
:1000E0000BD9198A0029F9D05969CC07F6D500280F
:1000F000EBD1184618339A42F3D8F0BC7047184633
:1001000018339A42DAD87047704700BF2DE9784813
:1001100004460D4606F09CFDE06803689B6C98471A
:10012000636860600646D4E90801A268F31A10EB20
:10013000030B134441F1000CB3F57A7FC4E908BC0A
:10014000A3600CD3D4E906010130A3F57A7341F121
:100150000001B3F57A7FF7D2C4E90601A360E06835
:1001600003681B6B984706F065FD0023C5E9006333
:10017000D4E90801BDE878882DE9F84FDDE90A895E
:100180000446154606F064FD58EA090330D0D4E968
:10019000082312EB080043EB0901C4E908014FF4FE
:1001A0007A7200234046494611F02EFED4E90667D4
:1001B00016EB000A47EB010BC4E906AB4046494683
:1001C0004FF47A72002311F01FFEA3681A44B2F5AF
:1001D0007A7FA2600BD31AF1010AA2F57A724BF171
:1001E000000BB2F57A7FF6D2C4E906ABA260656077
:1001F0002046FFF71BFED4E90889636BE56A03EB31
:10020000430305EBC30C18F10A0A4FF0000349F150
:10021000000B6545236314D333E05B4508BF5245AB
:1002200001D2C5E902AB236B3BB1D3E90201D5E9A9
:1002300002238B4208BF824200D225631835AC45A9
:100240001FD92B8A002BF9D0D5E9006756EA0701A0
:10025000D5E90223E1D012EB060843EB0709D945A3
:1002600008BFD04502D3DEE78046894616EB08007A
:1002700047EB0901594508BF5045F5D3C5E9028947
:10028000D1E7E06803689B6C98470546E068094A37
:100290000368217CDB6B2A449847236B33B1E06809
:1002A000617C036805F10A02DB6B9847BDE8F84FF3
:1002B00006F0C0BC80969800704700BF064B10B592
:1002C0001C682CB12046FFF7B1FDD4E9060110BD32
:1002D0000020002110BD00BFC43E0020064B10B519
:1002E0001C682CB12046FFF7A1FDD4E9080110BD20
:1002F0000020002110BD00BFC43E002070B50A4C94
:10030000266884B076B11D4614460B46024601218C
:1003100008980390CDE9004530460291FFF7B0FD03
:1003200004B070BD0148FBE7C43E002016FCFFFF8F
:1003300070B50E4D2C68B4B12046FFF777FD0C4B1D
:10034000266A42F2107098472C682046FFF76EFD2F
:10035000236A0849053B9B1B42F210720020B2FB46
:10036000F3F30B6070BD044870BD00BFC43E0020B5
:1003700061200020C03E002016FCFFFFF8B50D46AE
:10038000437416460A231E4A1E490160044643630D
:10039000C56006740121F0201460FEF701F92B6896
:1003A000194FDA69E062002100202163BA424FF060
:1003B0000001C4E90601C4E908011AD1134AEA6040
:1003C0003146134ADB6B28469847E06803685B6A4E
:1003D0009847E068036800229B6CA2609847E36836
:1003E00060601A681846936A9847FFF7A1FF204695
:1003F000F8BD284605499047E5682B68E0E700BF4F
:10040000C43E002014460400F95E0200850003008B
:10041000809698002DE9F843124D2E6806B3124BD2
:1004200004461868A8B93046FFF700FDD6E908670A
:1004300016EB040847F100092C682046FFF7F6FC8C
:10044000D4E908234B4508BF4245F5D30020BDE859
:10045000F88304FB00F0054B98470020BDE8F883C3
:100460000348F4E7C43E0020C03E00206120002085
:1004700016FCFFFF4FF47A7303FB00F0FFF7CABFCF
:10048000064B1B681BB101461846FFF73FBE002212
:100490000023C0E90023194610467047C43E0020DF
:1004A00070B5094C266882B05EB114461D460246FE
:1004B0000B463046CDE90045FFF75EFE002002B056
:1004C00070BD0248FBE700BFC43E002016FCFFFFE2
:1004D000084B1B685BB110B504461846FFF7E4FDF6
:1004E00020B1D0E90223C4E90023012010BD184641
:1004F000704700BFC43E0020C3880D4A23F4005358
:1005000010B504460260C3802C3002F043FF04F1B2
:10051000240003F0B1FA04F11C0003F0ADFA054B1E
:10052000236000232046E380FDF71AF9204610BD22
:10053000244604007044040010B50446FFF7DCFFB5
:10054000204611F051FE204610BD00BF012140F2AF
:10055000FF30FDF7D7BD00BFF8B50025164B03608F
:10056000044645600F461646FDF78AF8134B236094
:10057000A76004F10C0002F003FE04F11C0003F07C
:1005800015FB04F1240003F011FB04F12C0002F030
:1005900009FF4FF4405384F8225084F83250A6806B
:1005A0002575E582258325842585258684F83350A5
:1005B000E3802046F8BD00BF7044040024460400D8
:1005C00000B5012385B081881A46684602F088FE8E
:1005D000012368461A4640F2FE3102F081FE05B062
:1005E0005DF804FB2DE9F8430446806801211030D2
:1005F00003F0ECF894F92230042B06DCE269B4F93C
:100600002010B2F902208A421ADCA06801335DB2E0
:1006100084F822500368DB6998470130854201D095
:10062000BDE8F883E369002284F82220B3F90210C0
:10063000B4F92030994234DD01332384BDE8F883D6
:1006400004F11C0003F0F2FA014604F10C0002F080
:10065000A9FD0746A06894F922600268C6F1040368
:1006600001269E40D36998473D4600F1FF38A068B7
:10067000F6B25FFA88F805376FEA050915F8013B0D
:10068000334204D1AF42F9D194F92230BEE709EBED
:100690000502103012B2FF23414602F0C3FEA068EB
:1006A000F0E722752046BDE8F843FFF789BF00BF99
:1006B00038B50446436AB4F92810B3F902308068AB
:1006C0008B4200F110050FDC202100231A4628463A
:1006D00003F036F8626AB4F92830B2F902209A427F
:1006E00008DB0133238538BD04F1240003F09EFAB2
:1006F0000146EAE7002323752046BDE83840FFF7AE
:100700005FBF00BF10B50446806882B0103002F0B1
:100710007FFEA068B4F930200023103004F12C01D2
:10072000009302F077FF50B994F833303BB10023C7
:100730002046237502B0BDE81040FFF741BF94F991
:100740003230002BF3D0218E01220B44238684F813
:10075000332002B010BD00BF30B504468068B4F944
:100760003050036883B0DB699847E36A94F932102C
:100770005B88CB1A184485420DDC94F8333053B1B2
:10078000237D062B2ED000232046237503B0BDE821
:100790003040FFF715BFB4F93020A068002A00F1FF
:1007A000100010DC0023009304F12C0102F032FF52
:1007B00094F932307BB1218E01220B44238684F8D8
:1007C000332003B030BD494203F000F8A068B4F90B
:1007D00030201030E6E723752046FFF7F1FE94F94C
:1007E0003230E8E7A068103002F012FECBE700BF1D
:1007F000037D0022022B10B5044602831CD0237D0A
:10080000032B1ED0237D042B21D0237D052B06D066
:10081000237D062B03D0237D072B06D010BD204659
:10082000FFF79AFF237D072BF8D10023237520467D
:10083000BDE81040FFF7C4BEFFF7D4FE237D032BB5
:10084000E0D12046FFF734FF237D042BDDD1204685
:10085000FFF758FFD9E700BF037D33B1038BC18A8F
:1008600004339BB29942038300D97047FFF7C0BF9E
:1008700010B5037D84B0044673B1012300220275D4
:10088000A1881A46684602F02BFD012368461A46E5
:1008900040F2FF3102F024FDA068103002F0B8FDF4
:1008A00004B010BD10B5012104460720FDF72AFC55
:1008B000064B984205D010BD237D012BFBD006F0DE
:1008C000CFF9237D002BF7D110BD00BF16FCFFFF31
:1008D00038B5151E16DB037D13B1037D012B0FD137
:1008E00004468068002310301A4602F029FF2DB11B
:1008F00000200723E5822083237538BD284638BDB4
:10090000024838BD6FF47A7038BD00BF12FCFFFF9B
:1009100070B582B0079D002D1BDB047D14B1047DF2
:10092000012C14D1069E04468068F6B21BB212B2A6
:100930001030009602F06EFE35B100200723E582EC
:100940002083237502B070BD284602B070BD0248F6
:10095000F8E76FF47A70F5E712FCFFFF70B5151E2B
:1009600082B01DDB037D044633B1037D012B03D030
:100970000191FFF7EBFD0199237D03F0FF066BB9B1
:100980002A462046FFF7A4FF2DB12046FFF78AFF35
:10099000304602B070BD284602B070BD0248F8E78C
:1009A0006FF47A70F5E700BF11FCFFFF2DE9F0410D
:1009B00086B00D9D002D2CDB1F46037D1646044698
:1009C00033B1037D012B03D00391FFF7BFFD0399E2
:1009D000237D03F0FF08D3B905A802F0E9FC0C9BC6
:1009E000009301953B46324605A92046FFF790FF4C
:1009F00005A802F0CFFC35B12046FFF753FF404673
:100A000006B0BDE8F081284606B0BDE8F081024896
:100A1000F6E76FF47A70F3E711FCFFFF70B5161E6E
:100A200014DD037D13B1037D012B0DD10025044698
:100A300080F8225005841C3003F0BEF80223258381
:100A40002846E682237570BD024870BD6FF47A7047
:100A500070BD00BF12FCFFFF70B5161E84B021DD13
:100A6000037D0446A3B9237D03F0FF05C3B903A8A2
:100A700003F094F8324603A92046FFF7CFFF03A8FE
:100A800002F0FAFF2046FFF70DFF284604B070BDC4
:100A9000037D012BE7D00191FFF758FD0199E2E7B3
:100AA0000248F3E76FF47A70F0E700BF11FCFFFF34
:100AB000F0B583B0171E089E2FDD047DFCB916F13A
:100AC000FF0F0446C3F100051ED036B284F8325041
:100AD000268604F12C0002F08BFC099B002D18BF28
:100AE0003D46002B07F1FF320CBF052306230020F3
:100AF000E5822283237584F8330003B0F0BD047DC2
:100B0000012CDCD00648F8E7806801910368DB69B6
:100B10009847461936B20199D8E76FF47A70ECE736
:100B200012FCFFFFF0B5161E87B027DD1F46037DC0
:100B30000446CBB9227D02F0FF05EAB905A802F010
:100B400037FC0D9B01930C9B009332463B4605A955
:100B50002046FFF7ADFF05A802F01CFC2046FFF77A
:100B6000A1FE284607B0F0BD037D012BE2D0039122
:100B7000FFF7ECFC0399DDE70248F3E76FF47A70C6
:100B8000F0E700BF11FCFFFFC08800F001007047D4
:100B900010B5034B03600446FDF71AFE204610BD56
:100BA0004846040010B5054B03600446FDF710FEEF
:100BB000204611F019FB204610BD00BF4846040036
:100BC000C388DB0400D470472DE93048036888B03F
:100BD0001B6A04469847227CE38878B10B2A04D824
:100BE0000132D2B2082A22740ED9D9071ED503F0D9
:100BF0000305012D2CD008B0BDE8308832B1013A90
:100C0000D2B2082A2274F0D8012AF0D8DA07EED539
:100C100023F00303E38002220123A188684602F047
:100C20005FFB657C012D2CD0E388E0E743F00102F7
:100C30000123E280A1881A4604A802F051FB23890F
:100C400001332381FFF73AFB227CE388E060DBE796
:100C5000FFF734FBE368B0EB030B61F1000C0023FA
:100C600040F2DB52634508BF5A45C4D2E288A188EE
:100C700042F00202E2802B46052204A802F030FB7B
:100C8000B9E7FFF71BFBE368B0EB030B61F1000C66
:100C9000BCF1000F08BFBBF57A7F2B462CBF0422A6
:100CA0000322A18804A802F01BFBBDE710B504468F
:100CB00084B0E9B94269D288930502D4002004B017
:100CC00010BD03681B6A98470028F7D0E288A18806
:100CD000012342F001020320E28020741A46684694
:100CE00002F0FEFA01232381FFF7E8FAE060E5E76E
:100CF000C288002122F00302C28001810174002019
:100D000004B010BD10B504464069074A03685B682B
:100D1000934207D16FF47D70A37C181AB0FA80F06B
:100D2000400910BD9847F7E71D9302002DE9F843ED
:100D300004460D469DF820609DF824709146984623
:100D4000FDF762FD00222274A4F80490EB880F499D
:100D5000E260012E0CBF43F4807323F4807365615D
:100D600084F81180A6742160EB802B68084A1B6C04
:100D7000934206D1E38843F40053E3802046BDE864
:100D8000F883394628469847F4E700BF48460400F0
:100D9000D99302004174704703681B6B184700BF6A
:100DA000A0F14400FFF7F8BF38B503894FF4FA61AA
:100DB000044601FB03F14D48FDF7ACFC4C4AA17A17
:100DC0000346A2FB03239B0923814A48FDF7A2FCAB
:100DD000D4F88C30A0721A682189A4F84C10D56917
:100DE000B4F8941018462A220023A84700285AD1A4
:100DF000D4F88C00B4F8941003685B22DD691F23DB
:100E0000A84700285ED1D4F88C00B4F89410036889
:100E10005C22DD692023A847002858D1D4F88C0033
:100E2000B4F8941003682C22DD690123A847002838
:100E300052D1D4F88C00B4F8941003682D22DD69E7
:100E40000123A84700284CD1D4F88C00B4F89410A2
:100E500003682E22DD690123A84748BBA17A2548F3
:100E6000FDF738FCD4F88C20B4F894101568C3B2A0
:100E7000ED6910460E22A847F8B923891B484FF4A4
:100E80007A7101FB03F1FDF725FCD4F88C20B4F84E
:100E90009410146840F00103DBB21046E4692A2282
:100EA000A04700B938BD1448FCF792FD134838BD7F
:100EB0001348FCF78DFD114838BD1248FCF788FD3A
:100EC0000E4838BD1048FCF783FD0C4838BD0F486C
:100ED000FCF77EFD094838BD0D48FCF779FD074851
:100EE00038BD0C48FCF774FD044838BD7446040056
:100EF000D34D62106C460400D44604000EFCFFFF84
:100F00007447040094470400F446040014470400A6
:100F10003447040054470400A0F14400FFF744BFE5
:100F200010B5074B03F1080248330446026040F84D
:100F3000443FFDF7E5FE2046FDF784FC204610BD4A
:100F4000B8470400A0F14400FFF7EABF094B10B511
:100F500003F1080248330446026040F8443FFDF7BD
:100F6000CFFE2046FDF76EFC204611F03DF92046ED
:100F700010BD00BFB8470400A0F14400FFF7E6BF72
:100F8000F0B50446D0F89000E38802683D49526805
:100F9000C58843F480438A4289B0E380C5F30025C5
:100FA00012D1002085420BD0D4F88C0094F8941014
:100FB000036800229B6A984700F00700072808D0C2
:100FC0000025284609B0F0BD9047B0FA80F04009EE
:100FD000E8E7D4F88C00B4F8941003680C250122DB
:100FE000CDE9005202AE5D6A3346A84705460028A7
:100FF00046D1034605AAF118D018F75C4978477026
:10100000D15402330C2BF6D1A07ABDF81630BDF8BE
:101010001420BDF8181013FB00F35B4212FB00F222
:10102000002BB8BF1F33002AB8BF1F3211FB00F1DD
:101030005B1152110029A361E261BDF91E30BDF9B7
:101040001A20BDF81C00B8BF1F31491102EB820203
:1010500003EB8303216202EB820203EB83034FF66F
:101060009C7110FB01F192009B00C4E91F23A16752
:101070002046FDF7C7FD04F14400FDF75DFEA0E743
:10108000014D9EE71D9302000EFCFFFFA0F14400FE
:10109000FFF776BF2DE9F843BDF82890BDF8206032
:1010A00004461D46884617461946BDF82420FDF71C
:1010B0002DFC4A46294604F14400FDF795FE094BF4
:1010C000C4F88C8003F108024833C4F89070A4F887
:1010D0009460226063642046FFF766FE2046BDE808
:1010E000F88300BFB847040008B50368C9B29B6A1B
:1010F0000D229847A0F1C700B0FA80F0400908BD62
:10110000002070476FF47D70704700BF10B5044633
:10111000806830B14FF480720021BDE8104011F0BA
:10112000C5B84FF48070FDF7F5F94FF48072A060F8
:101130000021BDE8104011F0B9B800BF70B50446F9
:101140004068204A03681E6984B000239642CDE9B6
:1011500000336D461DD11C4B0093204600230193A4
:10116000FFF7D4FF95E8030002AB83E8030003CB4D
:10117000A368164D18605960D4E9001003689A6995
:10118000AA4211D15D69124B9D4215D1019804B05C
:1011900070BD022322682946B0470B4B009A9A4241
:1011A000D9D1019804B070BD9047D4E9001003680C
:1011B0005D69074B9D42E9D0A2684023A84701988A
:1011C00004B070BDD5BF0200A10D0C0005110300D5
:1011D000DDBF0200F8B50446171E4FF000000E46B2
:1011E000C4E901100B680EDB1968194DA94218D12A
:1011F0009B6818498B4205461BD125602046FFF7A6
:101200009DFF2046F8BD5A6813498A421BD1054606
:101210009B68104A9342F0D03046984700FB175520
:10122000EBE73046884733680A499B688B4205469E
:10123000E3D03046984700FB075525602046FFF76E
:101240007DFF2046F8BD3046904733680546DFE70E
:10125000CDBF020001110300D1BF02002DE9F84FFC
:101260008A468146FFF76AFF804688B33020D9F866
:10127000005010F0C0FF30220021074611F016F890
:10128000B8F1000F05F108051FDDDFF858B00024A4
:1012900008E03946504611F03BF8303598B101343A
:1012A000A04519D0D9F8040003681E695E45F0D046
:1012B0002A460C233946B0473946504611F028F8E3
:1012C00030350028EBD1A04506D03846BDE8F88F70
:1012D00007463846BDE8F88F384610F085FF0027EE
:1012E000F3E700BFD5BF02002DE9F04F0646C3B0BB
:1012F00008460C4692461F4611F014F800F1010909
:10130000B9F1100F00F2EC80202F00F2E9802146A5
:101310003046FFF7A3FF054660B13A46514610300C
:1013200010F091FF80462846B8F1000F00F0A3802E
:1013300010F05AFF4A46214606A810F093FF3A469D
:1013400051460AA810F08EFF3046D6F800B0FFF7DD
:10135000F5FE30228146002112A810F0A7FF30468A
:10136000FFF7D4FEB9F1000F0BF1080740F3B68088
:101370004FF00008CDF804800DF1A80A70680368EA
:101380001C695A4B9C4240F0998006A912A810F0A3
:10139000BFFFA7EB0B0CD6F808E0002871D1544A28
:1013A000CDE9022902AB03CB06ADCEF80000CEF8A2
:1013B00004100FCD1EAC0FC40FCD0FC495E80F0065
:1013C00084E80F00B3681EAC9C4425460FCD5545FC
:1013D000CCF80000CCF80410CCF80820CCF80C3085
:1013E0002C460CF1100CF0D10123019308F10108F7
:1013F000C14507F13007C1D109EB4904019BA400A5
:10140000A71C3BBBB9F1050F6DD0394A09F10103A7
:10141000CDE9042304AB03CBB36806AC1860596074
:101420000FCC36AD0FC50FCC0FC594E80F0085E883
:101430000F00B4680DF1D80C04EB870442AF654689
:101440000FCDBD4220606160A260E360AC4604F154
:101450001004F4D17068274C036831689A69A2427D
:1014600037D15C69244B9C422DD14FF00008404697
:1014700043B0BDE8F08F10F0B7FE404643B0BDE882
:10148000F08F12AD0FCD54460FC40FCD0FC495E8A9
:101490000F0084E80F00F44455462C460FCCCCF8DE
:1014A0000C3036AB9C42CCF80000CCF80410CCF8E1
:1014B000082025460CF1100CEFD197E70C233A4693
:1014C00012A9A04761E7B2684023A0474FF0000887
:1014D000D3E79047D6E900100368C2E7022794E7F4
:1014E0006FF47A78C9E76FF47B78C6E7D5BF02005E
:1014F000A10D0C0005110300DDBF02002DE9F04F26
:10150000A1B089460646FFF719FE002800F09B802F
:1015100080463022002108A8376810F0C7FE304608
:10152000FFF7F4FD494ACDE9022802AB03CBB368CB
:10153000B8F1000F07F108071860596076DD002543
:10154000DFF818A1CDE900524FF0020B11E0019A2B
:1015500008F1FF33CDE9042304AB03CB01350123AC
:10156000A845CEF80000CEF80410009307F130072C
:1015700031D0706803681C6954453ED1494608A8BB
:1015800010F0C6FED6F808E00028E0D00DF1200CDF
:10159000BCE80F0014AC0FC4BCE80F000FC49CE8FB
:1015A0000F0084E80F000EEB8B040DF1500EF44693
:1015B000BCE80F00E36020AB9C4520606160A26046
:1015C000E64604F11004F2D10135A8450BF10C0BED
:1015D00007F13007CDD1009B43B370681C4C036802
:1015E00031689A69A2420DD15C691A4B9C4211D1B3
:1015F0000023184621B0BDE8F08F0C233A4608A915
:10160000A047BBE79047D6E9001003685C69114B1F
:101610009C42EDD008EB48084FEA88030233B268D9
:10162000A0470023184621B0BDE8F08F074BB268F1
:10163000CDE9063806AB03CB074B10601846516066
:1016400021B0BDE8F08F044BD3E700BFA10D0C0023
:1016500005110300DDBF02000CFCFFFFD5BF020037
:1016600003681B6B184700BF01892DE9F0414FF457
:101670007A76044606FB01F12848FDF74BF8284A24
:10168000A17A0346A2FB03239B0923812548FDF78A
:1016900041F8656CA072E3882A68B4F84C80D76979
:1016A00013F4807320D1414628462022B84750BB0E
:1016B000606CB4F84C1003682222DD691023A8473F
:1016C000E0B9656CA17A2B681648DE69B4F84C4025
:1016D000FDF700F860F07F03DBB2214628462322A5
:1016E000B047A8B9BDE8F08121890C4806FB01F19B
:1016F000FCF7F0FF40F00703DBB2D4E70A48FCF741
:1017000067F90A48EEE70A48FCF762F90748E9E793
:101710000848FCF75DF90548E4E700BF38480400D5
:10172000D34D621030480400D84804000EFCFFFF7F
:10173000A84804000849040010B5034B03600446A0
:10174000FDF780F8204610BD4049040010B5054B58
:1017500003600446FDF776F8204610F045FD20466C
:1017600010BD00BF4049040008B50246C38819B146
:10177000D9050AD4002008BD9905FBD523F40073D0
:1017800043F48043D380002008BD016823F48243E2
:1017900043F40073C380CB6A9847002008BD00BFA4
:1017A000F0B5C388DA0585B005462BD4026843F44A
:1017B0008243C380D36A98470126314FA86C0368DF
:1017C000C4885B68BB42C4F3002416D10020844265
:1017D0004FF027020DD0686C95F84C1003689B6A97
:1017E000984710F008040FD1002EE7D1204605B02D
:1017F000F0BD002EE2D13446F8E79847B0FA80F009
:101800004009E4E70026D8E7686CB5F84C10036897
:1018100006220124CDE90024A8225C6A02ABA0477D
:10182000044608B1174CE1E7BDF90830BDF90A20BC
:10183000BDF90C00AE7A2968002BB8BF1F33002A0F
:10184000B8BF1F3200284FEA63134FEA6212B8BFD5
:101850001F304011ADF80830ADF80A2016FB03F335
:1018600016FB02F2524216FB00F65B42ADF80C008A
:10187000C5E906232E624B6B28469847B6E700BFA2
:101880001D9302000EFCFFFFF8B504460F461646F6
:101890001946BDF81C20BDF81850FDF737F8064A68
:1018A00067640023A664A4F84C502260E3802046BD
:1018B000FFF7DAFE2046F8BD4049040008B503688A
:1018C000C9B29B6A0F229847A0F13300B0FA80F0AA
:1018D000400908BD03689B6A184700BF018938B5F5
:1018E0004FF47A75044605FB01F11948FCF712FF25
:1018F000184A0346A2FB03239B0999B205FB01F199
:1019000023811348FCF7E6FEE288B4F85010C3B216
:10191000A06CD205026858BF43F00303D56960226A
:10192000A84780B9A06CE3880268B4F85010D46965
:10193000C3F300236222A04700B938BD0648FCF774
:1019400047F8064838BD0648FCF742F8034838BD5A
:1019500078490400D34D6210D04904000EFCFFFF0B
:10196000A049040010B5034B03600446FDF7C8F915
:10197000204610BD084A040010B5054B036004461C
:10198000FDF7BEF9204610F02FFC204610BD00BF29
:10199000084A040008B50246C38819B1D9050AD41B
:1019A000002008BD9905FBD523F4007343F4804360
:1019B000D380002008BD016823F4824343F4007300
:1019C000C380CB699847002008BD00BFF0B5C3882D
:1019D000DA0585B005462BD4026843F48243C38000
:1019E000D36998470126284FE86C0368C4885B6870
:1019F000BB42C4F3002416D1002084424FF067029A
:101A00000DD0A86C95F8501003689B6A984710F0A9
:101A100008040FD1002EE7D1204605B0F0BD002EFE
:101A2000E2D13446F8E79847B0FA80F04009E4E79D
:101A30000026D8E7A86CB5F85010036806220124E8
:101A4000CDE90024E8225C6A02ABA047044608B155
:101A50000E4CE1E7BDF90C30BDF80A00BDF80810E6
:101A60002A6803EB8303C3EB03135B00EB634FF6BE
:101A70006A7310FB03F011FB03F3C5E90D03D36A8E
:101A800028469847C8E700BF1D9302000EFCFFFFE1
:101A9000F8B504460F4616461946BDF81C20BDF899
:101AA0001850FDF7A1F9054BA4F85050C4E912767F
:101AB00023602046FFF712FF2046F8BD084A0400C5
:101AC00082B08DE80C00014802B0704716FCFFFFA1
:101AD000002070470029806905DD08B904E010B1D5
:101AE0000139406AFBD17047704700BF82B070B5C2
:101AF0000C4684B005464968206802AC03C40399CB
:101B000008AC481084E80C00CB0745BF2A58029B5C
:101B1000029CD4580AAB2E1893E803008DE803000A
:101B200008AB0CCB3046A04704B0BDE8704002B013
:101B3000704700BF002943D02DE9F0418469002C93
:101B40003BD00D460646DFF88080002705E0A268FE
:101B5000AB689A420DD0646ADCB1AA88A38853406E
:101B60009907F8D49207F2D5A968A06802F0F6F8B0
:101B7000A8B12B88BBB96B88DBB9B3680BB1204621
:101B80009847A38843EA0803A380646A0137002CBE
:101B9000E3D1002FC8BF20460FDDBDE8F081AB8840
:101BA0009B07D8D4D3E722889A42D4D16B88002BE4
:101BB000E3D062889A42CED1DFE76FF47A70ECE727
:101BC0006FF47A70704700BF0080FFFF002971D06A
:101BD000F0B5846985B00D4606463CB966E0A38839
:101BE000980708D5914219D0646A14B3AB8821686C
:101BF0002A689F07F3D49142F6D1A268AB689A4253
:101C0000F2D1EA68E3689A42EED1A3881A0402D5B9
:101C1000C3F30E03A380294805B0F0BDA968A068EE
:101C200002F09CF80028DFD0EA68E3689A42DBD132
:101C3000EBE7D6F818C02A88BCF1000F2ED060461A
:101C4000634600E00B461C88944211D2596A18463C
:101C50000029F7D163451DD0596A69625D6201238D
:101C600040F2FD31684601F03BFB002005B0F0BDBD
:101C70001ED16F885988B94204D319E04888B84208
:101C8000E8D20B46596A0029E4D00888A042F5D072
:101C90006345E1D119888A4202D26B62B561DEE701
:101CA000DAD1588869888842D6D9F6E70A88F5E7F4
:101CB0000346CFE76FF47A70704700BF16FCFFFF52
:101CC0002DE9F04183885F0782B0064603D59D0663
:101CD0002DD4DC0638D443F00403B38006F110059C
:101CE00006F1180815E0F368009395E80F00A04787
:101CF000B388DA0618D5346AB4B194E80F002769BE
:101D000085E80F002046376210F06EFAFCF7CAF93A
:101D1000B388B46898070DD4D907E4D495E80F00C8
:101D2000A047B388DA06E6D423F00403B38002B0F8
:101D3000BDE8F08198E8030095E80C008DE8030009
:101D4000204601F0F3FFD3E700F1180393E8030006
:101D50008DE8030006F110030CCB3046FCF76EFC57
:101D6000E5E700BF70B51C4B8CB003F108022833C7
:101D700004460260C36006A801F0D2FA0F231820BF
:101D8000029310F038FA0025144A00920646019595
:101D90006A46034603CA46F80C4B114ADD600493B9
:101DA00075605A6158609960204602A91223ADF807
:101DB0000C300595CDE90A55FFF7BCFE02A8FCF7EB
:101DC00033FC084B658204F10C00E360FBF7C8FCB0
:101DD00020460CB070BD00BF504A040061200300D3
:101DE000ED1A030070440400A0F10C00FFF7BABF25
:101DF00010B50446FFF7B6FF204610F0F5F920466F
:101E000010BD00BFA0F10C00FFF7F2BFF0B5254BED
:101E1000254A02600025044683B0C0E902530561EB
:101E20000C30FBF72DFC214B236003F12002E26014
:101E3000A561C4E90755E584282010F0DCF90646C1
:101E4000103001F06DFA1A4B3360182010F0D3F9FE
:101E5000184ACDE9002507466A46034603CA47F8F3
:101E60000C4B154ADD604FF0C20C7D6058609960E4
:101E7000204631465A61C6E90235C6E90855A6F83A
:101E800004C0FFF7A3FE30B90C4B1A6802B91C60FE
:101E9000204603B0F0BD3046FCF7C6FB304610F0DC
:101EA000A3F9F1E770440400404A0400584A0400D2
:101EB0000F00020061200300ED1A0300D03E002055
:101EC00038B5044604F0C4FEE5692DB12B69E36121
:101ED00033B1E38C013BE38404F0ACFE284638BD0B
:101EE0002362F6E72DE9F04184690CB3A388656AA3
:101EF00000271A0480463E4606D4264695B12C4655
:101F0000A388656A1A04F8D55B07F6D46EB17562CA
:101F1000656A2046FCF788FB2046013710F064F91B
:101F2000002DECD13846BDE8F081C8F81850F0E734
:101F300027463846BDE8F0812DE9F0418469002C40
:101F400044D016460D46DFF88C8001270CE0A388AC
:101F500003F0C003A3F1C003B3FA83F35B09B342F8
:101F600015D00027646A4CB323882988994201D090
:101F7000002BF7D163886A889A4201D0002BF1D1F7
:101F8000FBF704FF0028E2D10123B342E9D1B4F802
:101F900004E01EF4004FE4D195E80F0004F1100CAA
:101FA0001EF0400F8CE80F0002D1FBF7EFFE40B9A6
:101FB0002046FFF785FE646A002CD5D13846BDE87F
:101FC000F08121464046FCF731F9CBE7012738463E
:101FD000BDE8F081C11C0300F0B5012287B00446C2
:101FE000066A0D46FFF7A8FF10B9E38C092B01D94B
:101FF00007B0F0BD95E80F0002AD85E80F0018208E
:1020000010F0F9F806AB074613E9030095E80C0059
:102010008DE80300384601F0A9F904F019FE66B115
:1020200033693B6137613B695BB1E38C0133E38426
:1020300007B0BDE8F04004F0FDBDE3693B61E76136
:10204000F2E72762F1E700BF82B008B502A9C1E953
:102050000023FFF7C1FFBDE80840002002B0704731
:1020600082B038B5054604A981E80C00FFF73AFFB5
:102070002846FFF725FF90B1044604E02846FFF705
:102080001FFF044658B1002221462846FFF754FF9F
:10209000204610F0A9F8FBF713FF0028EED1BDE8A9
:1020A000384002B0704700BF024B1888421C1A80AB
:1020B000704700BF0A230020C08800F00300A0F191
:1020C0000300B0FA80F04009704700BF82B070B5DD
:1020D0000C4684B005464968206802AC03C40399E5
:1020E00008AC481084E80C00CB0745BF2A58029B77
:1020F000029CD4580AAB2E1893E803008DE8030025
:1021000008AB0CCB3046A04704B0BDE8704002B02D
:10211000704700BF10B5034B03600446FCF758FB43
:10212000204610BD9C4A040010B5054B03600446D0
:10213000FCF74EFB204610F057F8204610BD00BFBC
:102140009C4A040082B070B588B00CA981E80C00EC
:102150004289BDF83050BDF83230954204460BD06C
:10216000022B27D0052B00F08680012B78D008B0F9
:10217000BDE8704002B070478189022B0E461AD02C
:10218000052B5AD0012BF2D1C3888D4243F00103B5
:10219000C38068D0A9426AD003F00203002BE6D0C6
:1021A00001231A46A18804A801F09AF82389013373
:1021B0002381DCE71646B24217D0A189B14265D02F
:1021C000954267D0A3899D42194600F09C80A17B6F
:1021D000012900F0C1809D4200F0AE809542C6D139
:1021E000E38823F01003E380C1E7E38803F00103F1
:1021F000002BE5D001230222A188684601F070F887
:1022000063899D4200F09080A289A188AA4250D0A3
:102210000123032204A801F063F86289B24203D1CA
:10222000E38843F01003E380A389B34200F08F807A
:10223000954266D09D429AD168E0C3888D4243F0B2
:102240000403C3801AD0A9421CD003F00803002B5A
:102250008DD0A1880123052204A801F041F886E76A
:102260008689B54203D1E38843F00203E380E38823
:1022700003F0010392E78689B54203D1E38843F076
:102280000803E380E38803F00403E0E7E38803F056
:102290000203ADE7E088C6061FD5A38920F001013F
:1022A00089B29D42E18028D02A4621F00401E180D4
:1022B00091E7E28802F008000028A9D0B34238D0A4
:1022C000A389B342A4D102F00802002AA0D00123BE
:1022D000042204A801F004F89FE7A37B012B3ED160
:1022E00000F00403002B37D001230422294604A860
:1022F00000F0F6FF6289A3899AE720F0030189B212
:10230000D2E7E088CAE7E38898062BD5E38823F074
:10231000020189B29542E1802AD023F00A039BB2E0
:1023200023F02003E38022E7E288A18802F0040082
:10233000C2E702F00402C8E7E18821F008039BB27B
:102340009542E38004BF21F018039BB2E8E7E188DF
:1023500041F02001E1806BE701230322C6E7A18958
:102360000B4665E7A07B0128FAD103F00803B9E723
:102370002B469AE7817370472DE9F04F83B0DDE972
:102380000C9ABDF83870002B40D0B9F1000F3AD04C
:102390000F2901D1C02F39D1804628201D460E4675
:1023A00093460FF028FF0446103000F0B9FF1820C4
:1023B0002680A4F802B00FF01EFFCDE9009A064671
:1023C0006B46024603CB46F80C5B0023D8F800505E
:1023D000D360E3607360506091606D68114912488A
:1023E000A26047F002078D42A780C4E9083350611C
:1023F0000FD12046FCF718F920460FF0F5FE0B48E8
:1024000003B0BDE8F08F1AF0010FC1D16FF47A70FC
:10241000F6E740462146A8470028EAD103B0BDE8C8
:10242000F08F00BFBD6E0200CD20030016FCFFFF41
:102430002DE9F0471C4F044688B0884616461D46D5
:10244000FCF7E2F93A681949A5800025A4F80A804A
:10245000A6812160A57312B3DFF854A0CDE904A5CD
:1024600004AB93E803004FF0C0098DE80300234656
:1024700041461046CDF808902A46FFF77DFFCDE98A
:1024800006A508AB13E903003F68CDF808908DE876
:1024900003002A46234638463146FFF76DFF2046A3
:1024A00008B0BDE8F08700BFD03E00209C4A040081
:1024B00045210300C388DB0606D4D0E90703834225
:1024C000B4BF0020012070470020704710B50446BB
:1024D0008069054B2360036821461B6A98472046A4
:1024E000FEF756FB204610BDC44A040010B5044652
:1024F000FFF7ECFF20460FF077FE204610BD00BF2F
:10250000F0B50C89164683B000251F4622460123EC
:10251000CDE900550446FEF709FC33680A4A2562F6
:10252000C4E906672260DB69304621469847AF421E
:1025300007DAE388E56143F010034FF4FA72E380B1
:102540002262204603B0F0BDC44A0400F0B41D4D21
:10255000C6884A0085FB0234D317C3EB6414F30624
:102560001FD5C3694BBB6222164F056A02FB01F1FE
:1025700087FB0132CB17C3EB62132344013DC0E953
:10258000073565B903EB830287FB0217D217C2EB4D
:102590006712023326F010061344C680C361F0BCF4
:1025A0007047622202FB01F185FB0123C917C1EBD1
:1025B000631323440362F0BC70479942B8BF1946C5
:1025C000D1E700BF1F85EB5130B4456B002D0DDD09
:1025D000836899420ED000F10802002303E052F80C
:1025E000044F8C4207D001339D42F8D16FF47A70CA
:1025F00030BC70470023AA1C023350F8222040F858
:102600002320013D4563002030BC704782B070B587
:102610000C4684B005464968206802AC03C403999F
:1026200008AC481084E80C00CB0745BF2A58029B31
:10263000029CD4580AAB2E1893E803008DE80300DF
:1026400008AB0CCB3046A04704B0BDE8704002B0E8
:10265000704700BF82B02DE9F04F81B00AA981E830
:102660000C00426B002A064619DDDFF8D880051DF4
:102670000024012703E0A24283F824700FDD55F8FF
:10268000043F58690168496C414504F10104F2D0E6
:102690008847726B2B68A24283F82470EFDC01201C
:1026A000FCF78CF8306BDFF8A09003681B684B4593
:1026B0003DD14FF0000B726B214FD846002A26DD2A
:1026C0000024A246351D02E00134A24218DD55F86F
:1026D000040F90F82430002BF6D0426913685B6831
:1026E000BB421ED1C3695B4504DC80F82480594697
:1026F000FFF72CFF726B0134A2420AF1010AE6DCFB
:102700009344BAF1000F02D0BBF57A7FD6DD306B6F
:1027100003681B684B450DD101B0BDE8F04F02B016
:1027200070471046984701282868DED0DAE7012173
:102730009847BEE7002101B0BDE8F04F02B018474E
:102740001D930200E19302001593020070B5446BE3
:102750000A2C24D0002C0DDD8368994218D000F19A
:102760000802002303E052F8045F8D4210D00133C9
:102770009C42F8D14A690B4D13685B68A61CAB42BA
:1027800004F1010440F82610446304D1002070BD18
:102790006FF47A7070BD10469847002070BD6FF4DA
:1027A0007B7070BD1D93020070B5074B0360002560
:1027B000044645600E46FAF763FF044BA680C4E961
:1027C0000C552360204670BD70440400F04A04009C
:1027D0002DE9F041044682B00E4615461030984669
:1027E000BDF8287000F09CFD2680658018200FF051
:1027F00002FD08AB054693E803006A4682E8030041
:102800002E4603CA46F80C8B0023084AEB6047F0BB
:102810000207736068602046A780A560E360C4E992
:102820000833A9606A6102B0BDE8F0810D2603009B
:1028300070B5174A174B1568036090B00446C5B1D0
:1028400001222423CDE9043204AB93E80300A388DA
:1028500010268DE803000296194606A82346FFF7C6
:10286000B7FF2B680C4A9B6893420CD106A8FBF774
:10287000DBFE0A4B236000232046E380FAF770FF5B
:10288000204610B070BD284606A99847EEE700BF65
:10289000D03E0020F04A0400C56E020070440400DF
:1028A00010B50446FFF7C4FF20460FF09DFC2046FC
:1028B00010BD00BF704700BF704700BF00207047C9
:1028C0000048704716FCFFFF0346806A59620268A1
:1028D000191D5368184700BF806A0368DB681847F2
:1028E00000234362704700BF406A82B08DE80C004D
:1028F00018B1036802B01B68184702B0704700BFE8
:1029000010B5044601F01AF8204610BD82B070B52B
:102910000C4684B005464968206802AC03C403999C
:1029200008AC481084E80C00CB0745BF2A58029B2E
:10293000029CD4580AAB2E1893E803008DE80300DC
:1029400008AB0CCB3046A04704B0BDE8704002B0E5
:10295000704700BFF0B50F4601F1080485B021466D
:10296000064601F003F8FB68002B2CDD012B2CD070
:10297000002520460434214601F008F8F8680135A6
:102980000138A842F5DC6D46023007EB800428468A
:1029900000F0D4FF2946204600F0F8FF284600F05A
:1029A000EDFFFA6831683B69013AFA604A889B1A80
:1029B0003B61BA8B2846012340F2FE3100F090FCC7
:1029C000304605B0F0BD6D46F3E70020DBE700BF01
:1029D0008369C2681344002B59DD90F82030002B26
:1029E0005CD010B5816A0B68044686B01B6801A8EC
:1029F0009847E068A369C218002A31DC6269002A9E
:102A00002CDD21698A422BDB53BB8A4200DB4BB1B0
:102A10000133A361FBF746FBA369E068013B002893
:102A2000A361E8DC023001A904EB800000F0AEFFF6
:102A3000019B22695988E368606A0A440133C4E94A
:102A4000033228B194F82030CBB103681B68984753
:102A500001A800F093FF002006B010BD002BE1D0CC
:102A6000A18B40F2FF30FBF799F9A369E0681A18CF
:102A7000002ACDDC6269002AC9DD2169C5E7E28B45
:102A8000012340F2FF3102A800F02AFCE0E743698D
:102A9000002BA6DD02699342A3DA9EE76FF47B70F8
:102AA000704700BFA0F10400FFF792BF0D4B70B557
:102AB00003F10802044628330025C0E9002308304A
:102AC0000E4600F03BFFC4E903556561E583FFF75F
:102AD000EBFA0123A083A561C4E9095684F82030EC
:102AE000204670BD344B0400094B03F1200270B541
:102AF000C0E90032064600F1080500F10C04043C70
:102B0000204600F03BFFA542F9D1304670BD00BF22
:102B10003C4B040080F8201039B92DE9F041C58BF9
:102B200082B01DB102B0BDE8F08170470446FFF7E6
:102B3000BBFA1D4BE0831F688046002FF2D028208F
:102B40000FF059FB0646103000F0EAFB40F2FF336D
:102B500018203380A6F802800FF04DFB134ACDE910
:102B6000002584466A46034603CA4CF80C4BDD60D8
:102B7000CCF80450586099603A680D49F56012200D
:102B80005961B360B080C6E908555368384631468C
:102B900098470028C6D03046FBF746FD304602B0C5
:102BA000BDE8F0410FF020BBD03E0020E928030033
:102BB0000D29030010B5054B054A83600023044628
:102BC0000260C380FAF7CCFD204610BD904B040094
:102BD0007044040010B5074B074A83600023044685
:102BE0000260C380FAF7BCFD20460FF0FDFA2046D4
:102BF00010BD00BF904B040070440400F0B5C168E4
:102C00002DED068B0B6887B004461B6801A898471A
:102C1000019D6E88761064D0A169B14261DC9FEDA0
:102C200047AADFED479A9FED479ADFED478A0435C3
:102C3000B3EE048A05EB4100A8427CD92A46002362
:102C400032F9027B90423B44FAD893FBF1F12B46D8
:102C500009B233F8022B521A984223F8022CF8D802
:102C60002A46002132F9023B002BB8BF5B42994251
:102C700000DA19B29042F5D807EE901AF8EEE77A2A
:102C800087EEA97AD4ED097A67EE277AC7EE897ABA
:102C900017EE900A0CF006FA07EE900A67EE887AB3
:102CA000A269B0EEE77AB4EE687AF1EE10FA84BF6A
:102CB000A36AE361E38898BFC4ED077AB61A9A075E
:102CC00008D494ED077AD4ED047AB4EEE77AF1EE05
:102CD00010FA0EDC03F00403BBB116B1A169B142D6
:102CE000A8DD01A800F04AFE002007B0BDEC068B6D
:102CF000F0BD01230222A18802A800F0F1FAE388C6
:102D000023F0040343F00203E38094ED077AD4ED4B
:102D1000057AB4EEE77AF1EE10FADED501231A4611
:102D2000A18802A800F0DCFAE38823F0020343F054
:102D30000403E380D1E7B0EE4A7AA3E70000000085
:102D400000FEFF46ACC5A737FFFF7F7FA0F108005C
:102D5000FFF754BF2DE9F8430446154D05600026E2
:102D600046600D4617461E46DDF82080BDF82890C7
:102D7000FAF786FCE1880F48666141F00103296893
:102D80002761802200F1080700263030A060E38030
:102D900028464B68E560A4F80490C4F824802760B6
:102DA000E661A26104F1080198472046BDE8F88376
:102DB00070440400604B0400C069704790ED057AD0
:102DC00007EE901AB4EE677AF1EE10FA14D090ED97
:102DD000047AC3884161F4EEC77A23F00402F1EE6D
:102DE00010FAC28008DDF7EE006A77EEA67AB4EE3C
:102DF000677AF1EE10FA01D10020704723F0060344
:102E0000C380C0ED047A0020704700BF90ED047AC3
:102E100007EE901AB4EE677AF1EE10FA0FD090ED4B
:102E2000057AC28808B5F4EEC77A034622F002029A
:102E3000F1EE10FA1961C28003D4002008BD002011
:102E40007047B7EE007A77EEC77A17EE901AFFF761
:102E5000B5FF002008BD00BF0078704790F9000062
:102E6000704700BF00887047B0F90000704700BF8E
:102E70000068000A704700BF00680012704700BF7A
:102E800000687047006870470170704701807047A4
:102E9000018070470A120B140170427083707047F2
:102EA000016070470160704710B50446806800B14A
:102EB00010BD206A0368DB689847A06010BD00BFA2
:102EC000A0F10400FFF7F0BF08299ABF816000203D
:102ED0006FF47A70704700BFA0F10400FFF7F4BFF1
:102EE00010B55031044600F041FD204610BD00BF32
:102EF000A1F10401FFF7F4BF017070472DE9F84319
:102F0000184FDDE908850E4607F118010446C0E9AF
:102F100000710662011D24301F469146FFF7C6FD71
:102F200004F1500000F00AFD0023B8F1080F4FF043
:102F3000000198BFC4F80880C4F810902777E560B6
:102F40006161A36163775FB1B5FA85F35B093268AC
:102F5000A37730465368214698472046BDE8F8835A
:102F60000123F4E79C4B04002DE9F04FD0ED057AE6
:102F70002DED028B0446006AFDEEE77A036889B006
:102F8000DB68CDED037A9847A36882460BB9A06051
:102F90000346216A01330A6803EBD3735B1012689E
:102FA000019306A89047A368069A0AF1010808EB66
:102FB000D87801334FEA680803EBD373B2F8029074
:102FC00099FBF8F904F15002B8EB630F049200F09A
:102FD0009680019B09FB03F31946012207A805937C
:102FE00000F0B2FC07A9049800F0D0FC07A800F09C
:102FF000C5FC069D266DB9F1000F05F1040506F12B
:10300000040640F385800027DFF814B102975BF8CF
:103010002A2028469047019B217F024601373046EF
:1030200045441E4421B1029B13440293039BD21AD0
:1030300007EE902AB8EEE77AD4ED047AA268364B10
:1030400067EE277A53F82220A369FDEEE77A17EEA0
:10305000901A19439047B945D9D1237F73B3DDED59
:10306000027A637FB8EEE77A07EE909AF8EEE77A95
:1030700087EE278AD3B160690EF026FB0022274B2A
:103080000EF07AFB064618EE100A0F460EF01CFBF7
:103090000022224B0EF070FB02460B4630463946AA
:1030A0000EF0B4F90EF060FE08EE100AE26884ED4E
:1030B000058A01236377A2B90123A377DDE904011F
:1030C00000F0CEFCA37F1BB104F12400FFF780FCCD
:1030D00006A800F053FC002009B0BDEC028BBDE84F
:1030E000F08FFDEEC87A039917EE903A5B1A002B29
:1030F000B8BF5B429A42E1DD0123A377DEE706A970
:10310000104600F043FC019B09FB03F3059370E7B5
:1031100000230293A1E700BF8C2000200000E03FC5
:1031200068200020B1F5007FA4BFC1F57F71033195
:10313000490088B2704700BFC1F58063B3F5007FD6
:10314000B8BF1946014B33F811007047C84B040053
:1031500088B2704728B180B211FB00F0C0F30900BB
:10316000704741F6EF6011FB00F0C0F309007047B3
:10317000B1F5007F40F2FF30A8BF0020704700BFCC
:10318000024A126802607E2242607047B02000202E
:10319000034A034692E8030083E803001846704799
:1031A000C83E0020A1F120035E2B07D8006805234C
:1031B0006FF09F0213FB0121084470470020704705
:1031C000034A044B12681A607E225A60704700BF9F
:1031D000B0200020C83E002010B40170427043604F
:1031E0005DF8044B704700BF82B030B402AC84E895
:1031F0000C000D46034694E807009DF8144083E850
:103200000700B4B1687818B149425242C3E90112CB
:103210006A68022A11D0032A2AD0012A22D0012C5E
:1032200015D0022C05D1D3E9011249425242C3E91B
:10323000011230BC184602B07047D3E90012012CCD
:10324000C1F10001C2F10002C3E90012E9D130BCB2
:10325000D3E900109A68186052421846C3E9011277
:1032600002B07047D3E90021524219605A60D6E794
:10327000D3E90012524259601A60D0E782B010B50B
:1032800082B004AC84E80C000B78069C019304AB7C
:103290000CCB00940446FFF7A7FF204602B0BDE820
:1032A000104002B0704700BF30B50B4B1C6883B0B4
:1032B00024B12268094B15689D4201D103B030BD8D
:1032C00000F10802034692E803008DE8030020465F
:1032D0000CCBA84703B030BDD03E0020C11A03007C
:1032E00038B50180428004461D46FCF7F7FFC4E96B
:1032F000020115B12046FFF7D7FF204638BD00BFB9
:10330000D0B5DDE904679DF8183001800446C0E9B6
:10331000026742800BB1FFF7C7FF2046D0BD00BF58
:1033200010B5002303600446FCF7D8FFC4E902018E
:10333000204610BD30B50B4B1C6883B024B1226809
:10334000094B15689D4201D103B030BD00F1080260
:10335000034692E803008DE8030020460CCBA84703
:1033600003B030BDD03E0020C11A030082B038B592
:10337000002504A90560044681E80C00FCF7AEFFB7
:1033800004AB0FCB256184E80F002046BDE8384030
:1033900002B0704710B50446006800F09BFC204660
:1033A00010BD00BF014B0360704700BFA85104006F
:1033B00010B504460868206000F06EFC204610BD81
:1033C00010B5044629B10160084600F065FC2046AE
:1033D00010BD024B0360204610BD00BFA851040081
:1033E0000346024A00681A60704700BFA8510400F3
:1033F00038B504460B680068984206D00D4600F0C8
:1034000069FC2868206000F047FC204638BD00BFFA
:103410000068438882880021063002FB03F20EF028
:1034200045BF00BF30B400684488A1420DDA8588EA
:10343000AA420ADA002908DB002A06DB084404FB5A
:1034400002020020937130BC70476FF47A70FAE783
:1034500003685888814211DA10B49C88A2420ADAC3
:10346000002908DB002A06DB0B4400FB02339879B5
:103470005DF8044B70476FF47A70F9E76FF47A7077
:10348000704700BF2DE9F047B1F1000A21DD1D466C
:10349000FBB10468A788B4F802809742A8BF17461A
:1034A000D045A8BFD046002F814604F106040DDDAB
:1034B00000262946204642460EF0D4FED9F80030B8
:1034C00001365B88BE4255441C44F2D10020BDE861
:1034D000F0876FF47A70FAE72DE9F0410F1E19DBDF
:1034E000002A17DB0446062007FB02001E4615468D
:1034F000FBF710F8206000F015FC23685F8023685C
:103500009D805EB133462A4639462046BDE8F041EB
:10351000FFF7B8BF074B0360BDE8F0812068438820
:103520008288314602FB03F20630BDE8F0410EF01E
:10353000BDBE00BFA851040010B500230446FFF72C
:10354000CBFF204610BD00BF2DE9F041054684B0F9
:1035500000294FD00A780C46002A51D000218C4611
:103560000F460E46234607E00A2A39D00EB101372E
:10357000002613F8012F42B1A2F130000928F3D838
:1035800013F8012F0126002AF6D109B20FFA8CF2A6
:1035900000232846FFF7A0FF2F6823780637DBB10A
:1035A00001AE32464FF0000804E002F8013B14F887
:1035B000013F8BB1A3F130010929F6D9B24282F85B
:1035C0000080F4D930460EF03AFE07F8010B14F8EB
:1035D000013F3246002BEDD1284604B0BDE8F08112
:1035E00006B10137B942B8BF394600270CF1010CCA
:1035F0003E46BEE7034B0360284604B0BDE8F081B9
:103600001146C5E7A851040010B50446FFF764FF52
:10361000204610BD2DE9F84F05689DF82840B5F803
:1036200002C062454FDAB5F804E073454BDAD1F8D1
:1036300000B0BBF8029002EB0907002F43DDBBF896
:1036400004A003EB0A08B8F1000F3CDD002A55DBAB
:10365000ACEB02074F45A8BF4F46002B0BF1060607
:1036600060DBAEEB0308D045A8BFD04622EAE27289
:1036700005F106090BB10CFB032291443CB3B8F1F0
:10368000000F20DD4FF0000E724607F1FF3A002FC9
:103690000FDD731E4C4606EB0A0C13F8015F0DB1EB
:1036A000257001329C4504F10104F6D10568D1F87A
:1036B00000B0BBF802406B880EF1010EF0452644C5
:1036C0009944E4D100E000221046BDE8F88FB8F13B
:1036D000000FF8DD0D4682463A46314648460EF068
:1036E000C1FD2A68DAF8003052885B880134A045B1
:1036F00016449944F0D107FB08F2E5E76745A8BFF7
:103700006746002B0BF1060612DAF045A8BFF0461B
:10371000C2F1000C09FB13C31E4422EAE27205F158
:103720000609AAE7F045A8BFF0464FF0000CF1E704
:10373000AEEB0308D045A8BFD046B61A96E700BF47
:103740002DE9F043804683B0684691461D460C46FD
:10375000FFF71EFDD8F800305A88914533DA9B8870
:103760009D4230DA1F2C2ED9019B9C422BDC214636
:103770006846FFF717FD4FF0100E07462B1A05306D
:1037800007EB030C0021D8F80040658801EB09061F
:10379000B5420EDDA288624534444EFA01F208DDDE
:1037A0003E780CFB0544164214BF4FF0FF32002256
:1037B000A27101310529E6D10137B842E0D10020DC
:1037C00003B0BDE8F0836FF47A70F9E72DE9F041BA
:1037D00003680D1E5F8826DDBD4203F106048046A6
:1037E0009A8817DA9AB17F1B002661193A4620465B
:1037F0000EF038FD2A46E01900210EF057FDD8F8EA
:1038000000305A889B8801369E421444EDDB00202C
:10381000BDE8F08107FB02F2204600210EF046FDD4
:103820000020BDE8F0816FF47A70F1E72DE9F84FE0
:1038300000AFD1F80090BE6AB9F80240F96A02EB15
:103840000608A0451D468246194432DAB8F1000F39
:10385000D8BFA046B9F80460B14202DA0029C8BF57
:103860000E4608FB06F3073323F0070304FB05228B
:10387000ADEB030D09F10604AE421444EB460DDD39
:103880006B464246214618460EF0ECFC0135B9F86D
:1038900002200346AE4233441444F2D150465B4604
:1038A00032B20FFA88F1FFF717FE5046BD46BDE869
:1038B000F88FA046CEE700BF10B5096804468B1DFF
:1038C000B1F90420B1F90210FFF706FE204610BD41
:1038D00010B5064B064C1846236000F0DDF9204673
:1038E000044A0549BDE810400EF080BCA851040010
:1038F000D43E00203020002095330300F8B5054663
:10390000101D14461F460E46FAF704FE286000F00C
:1039100009FA2B685C802EB12868314604302246B3
:103920000EF0A0FC012F00D0F8BD2868224604301C
:103930000021BDE8F8400EF0B9BC00BF014B0360A8
:10394000704700BFB0510400002910B5044606DDE1
:1039500013460A460021FFF7D1FF204610BD024B57
:103960000360204610BD00BFB051040010B50446EE
:103970000868206000F090F9204610BD10B504469C
:10398000006800F0A7F9204610BD00BF38B5044616
:103990000B680068984206D00D4600F09BF9286835
:1039A000206000F079F9204638BD00BF38B5151EFB
:1039B00013DB04686288A8B290420ED833EA23036E
:1039C00028BF1346521B9A4204F10404A8BF1A46AA
:1039D00060190EF06BFC002038BD6FF47A7038BDB2
:1039E000002B70B50D4602DA03685B889B1A002A2B
:1039F00022DB006844889918A1421DDC91421BDB40
:103A0000D3B135F0004117D05942A94200F104006A
:103A100013DAAB4211DD002D00EB020613DB5C1B59
:103A20002246711930460EF028FC2A463019002132
:103A3000BDE870400EF03ABC70BD22460021BDE8E2
:103A400070400EF033BC6C425A19314630190EF0FA
:103A500014FC224630460021BDE870400EF026BC22
:103A6000002906DB03685A888A4202DB598000205D
:103A700070476FF47A70704710B50446006800F024
:103A800029F9204610BD00BF70B50546501D1446EB
:103A90000E46FAF73FFD286000F044F92B685C8081
:103AA00028682246314604300EF0DCFB2B681C44AB
:103AB0000023237170BD00BF10B50B4684B00446CF
:103AC00001A91846F9F7EAFC01A80EF02BFC01A9A0
:103AD00002462046FFF7D8FF204604B010BD00BFC5
:103AE00038B5054611B10B780C461BB9064B2B6057
:103AF000284638BD08460EF015FC214602462846E9
:103B0000FFF7C2FF284638BDB4510400F8B5174688
:103B10000A683B68B2F90250B3F902301D4404460A
:103B2000681D0E46FAF7F6FC206000F0FBF82368EB
:103B30005D8031682068B1F90220043004310EF054
:103B400091FB326823683968B2F90200B1F90220AA
:103B50000433184404310EF085FB23681D44002310
:103B60002B712046F8BD00BF70B5054649B10B78F2
:103B70000C4633B1084616460EF0D4FBB3B283426E
:103B800003D9054B2B60284670BD28463246214696
:103B9000FFF77AFF284670BDB451040010B5044603
:103BA0000868206000F078F8204610BD014B0360E3
:103BB000704700BFB451040038B504460B68006874
:103BC000984206D00D4600F085F82868206000F085
:103BD00063F8204638BD00BF08B50068096843880F
:103BE0004A889A4201D0002008BD043104300EF00A
:103BF0008FFBB0FA80F0400908BD00BF70B51368B4
:103C00000D685E8804465EB16D881DB1FFF77EFFCA
:103C1000204670BD0360184600F03EF8204670BD97
:103C20000560284600F038F8204670BD002907DB03
:103C30000368B3F902208A4202DD0B441879704709
:103C40000020704710B5064B064C1846236000F064
:103C500023F82046044A0549BDE810400EF0C6BAD4
:103C6000B4510400D83E002030200020793A0300EF
:103C700008B503884FF6FF729BB293420AD0012B1E
:103C800001D0DB0704D41E20EDF7C2FA002008BDE6
:103C9000002008BD012008BD03884FF6FF729BB2CB
:103CA000934215D0012B10B504460DD0DB070BD580
:103CB000BFF35B8FD4E85F3F0233C4E8523F002A72
:103CC000F8D1BFF35B8F10BD1E20EDF7A1FAEFE72F
:103CD000704700BF03884FF6FF729BB2934218D023
:103CE000012B10B5044610D0DB070ED5BFF35B8F58
:103CF000D4E85F3F9A1EC4E8512F0029F8D1BFF3E2
:103D00005B8F9BB2032B05D010BD1E20EDF780FA10
:103D1000ECE770472046BDE8104000F001B800BF56
:103D2000FAF71EBC03230380704700BF82B070B552
:103D300082B0044608A906A880E80C0003C92668DA
:103D400065698DE8030006AB0CCB3046211DA84702
:103D500002B0BDE8704002B0704700BF08B502680D
:103D60000B689A4201D0002008BD043110220430B3
:103D70000EF069FAB0FA80F0400908BD04207047DF
:103D80000429024808BF0020704700BF16FCFFFF4F
:103D9000837C43F020038374704700BF10B5083163
:103DA0000446FFF7E3FD204610BD00BF164B2DE98A
:103DB000F0410646036000F50D7700F50F7500E051
:103DC00025462C1F2046FFF7D9FDA742F8D1DFF882
:103DD0004080303D06F1140745F8188C443C2846D5
:103DE000FEF782FE04F10800FFF7C8FDA742A5F127
:103DF0004405F1D1054B336000233046F380F9F7D9
:103E0000AFFC3046BDE8F081245204007044040049
:103E100008520400084B094A0321C3F80815D2F8D8
:103E20000034DB07FBD40123936090F84032002B71
:103E3000FBD10120704700BF00F00140007000403E
:103E4000184B2DE9F0410646036000F50D7700F5AB
:103E50000F7500E025462C1F2046FFF78FFDA74277
:103E6000F8D1DFF84880303D06F1140745F8188C8A
:103E7000443C2846FEF738FE04F10800FFF77EFDBB
:103E8000A742A5F14405F1D1074B33600023F3802D
:103E90003046F9F765FC30460EF0A6F93046BDE82D
:103EA000F08100BF24520400704404000852040052
:103EB000104B70B50446C0E9003104F11805083014
:103EC0001646FFF73BFD21462846FEF7EFFDA368A7
:103ED000E6745B88E381022200234FF400712846D8
:103EE0002182A374A2821946A381FEF713FE204605
:103EF00070BD00BF08520400807C00F010007047C5
:103F0000072914D8032A12D810B4C37C01751B01E9
:103F100003F1804342F4805403F5E043427544EAE0
:103F200001210020C3F818155DF8044B70476FF4A9
:103F30007A70704710B5898904460022FFF704FDA6
:103F400020464FF0FF3300228821FFF72FFD204647
:103F500010BD00BF38B504460069036800219B6BA3
:103F60009847206903684FF47A51DB6C9847A26840
:103F7000A17B07EE902A01290B46F8EE677AB8BFBD
:103F8000012303EB8303B3EE007AB2FBF3F3FF2BC1
:103F900067EE877A2FD9802300225B1002F101029D
:103FA000FBD101293AD92649072AC1F8F4352BDD7E
:103FB0009FED247A67EE877A4FF48072C4F83C2232
:103FC0002069FDEEE77A03680021DB6B17EE902A8B
:103FD000984723691C4A5B691C48012103F5A074BA
:103FE0000225C3F80012C2F80855C2F81845C2F8F5
:103FF0001C05D96038BD5B10CED101291DD91049EF
:104000000122C1F8F435D9E7012303FA02F207EEE1
:10401000102AB8EEC77AC7EE877ACFE7012393401C
:1040200007EE103AB8EEC77AC7EE877A0449012343
:10403000C1F8F425C4F83C32C2E71A46F6E700BFDF
:10404000007000400000803B00F001400470004020
:104050002DE9F0474D4D05600025044682B04560CE
:104060000E4691469A46F9F70BFB494B23602661B1
:104070002A46214604F11400FFF71AFF214604F1F5
:1040800058000122FFF714FF214604F19C00022290
:10409000FFF70EFF214604F1E0000322FFF708FFBF
:1040A000214604F592700422FFF702FF214604F531
:1040B000B4700522FFF7FCFE214604F5D6700622F7
:1040C000FFF7F6FE04F50D772146072204F5F87098
:1040D000FFF7EEFE04F50E763846FFF72FFC30466C
:1040E000FFF72CFC4FF001084FF40072A28121462B
:1040F00001A8A4F804A0C4F80890A57384F840525D
:10410000C4F83C82FFF716FF01A93846FFF73EFCD2
:1041100001A8FFF733FC214601A8FFF70BFF01A917
:104120003046FFF733FC01A8FFF728FC194E1A4B65
:10413000E57380271C60C6F88070BFF34F8FBFF314
:104140006F8F164B164AC3F800550320C3F8F005CD
:1041500014492320C3F80403C2F808852046C2F896
:104160001015C2F81435FFF7F5FE86F80753C6F8A8
:1041700080713760206903685B6A9847206903682B
:104180001B6B9847204602B0BDE8F08770440400DE
:104190002452040000E100E0DC3E002000700040FA
:1041A00000F0014004710040F0B5514D51492B68B9
:1041B000514C524A85B0012600930B680193236845
:1041C00002930023136017681660009A2A60019A10
:1041D0000A60029A2260A1F2446103222324C1F8FA
:1041E00000351F46C1F8F0258E46C1F804431A4633
:1041F0009C468373064617E0CFB2877396F8293042
:1042000096F8271096F8284043F480530EEB0111DE
:1042100043EA0423082AC1F8183506F14406C5F814
:104220001025C5F814C51CD013019C1800EB84049C
:1042300003F1804594F8264014F0100407F10101C1
:1042400005F5E04502F1010203F18043D4D103F505
:10425000E043082AC3F8104506F14406C3F81445A4
:10426000E2D117B9384605B0F0BD254D0446012608
:10427000C5F80065FFF76EFEE77B8D3704EB870717
:1042800003A82146FFF756FE03A93846FFF77EFB39
:1042900003A8FFF773FBD4F83C22A17BE07BA38942
:1042A000B24001FB02F204EB800093FBF2F702FB49
:1042B00017329B1AD0F83422124801F1004103EB67
:1042C000D3730139043233410327C5F82C26C5F8CE
:1042D000303602EB41022E6048F68801C0F80475C2
:1042E00084F8406213889942FCD0012005B0F0BDEB
:1042F000407600404476004048760040FC7F004015
:104300000070004000F0014008B5034689B190F804
:10431000403203F0FF011BBB184B194A1970136898
:104320001849DB0903F00100DB0708701CD40020EA
:1043300008BD144A12785AB9104A1278002AF6D0E9
:1043400093F84022002AF2D11846FFF72DFFEEE73E
:104350000B4A80211160094A1278002AF0D1E6E761
:10436000FFF758FD0146D7E78023C2F88030BFF33E
:104370004F8FBFF36F8F002008BD00BFFB460020AA
:1043800000E100E0FA46002038B50D460446FFF78C
:10439000D5FA02F05DFCEB7B8D3305EB8301204603
:1043A000FFF7F4FA02F046FC204638BD30B5837CB6
:1043B00013F0100483B002D1204603B030BD044690
:1043C00001A86168FFF7E0FF0023E57C1B481A465F
:1043D00002F151010901415801B10133954202F145
:1043E000010228D0082AF3D1154B01990A1D48F67D
:1043F0008800D55A8542134412D065684988AD7B40
:104400000A449A424FEA450502D805E09A4203D988
:104410002B4419888142F9D15B1BB3F90030A38189
:10442000A48901A824B2FFF7A9FA24EAE474A4B28B
:10443000204603B030BD013B5B00D6E70070004072
:104440002EF8FFFF70B50D460446097C1948FAF7AF
:1044500085F900B3297C1748FAF73CF9461E350167
:10446000AB1904EB830393F82630DB060ED494F8E3
:104470004032D3B9AB1904EB830393F8262042F002
:10448000100283F8262094F840322BB1354404EB17
:10449000850404F1140070BD3544204604EB850406
:1044A000FFF782FE04F11400F5E72046FFF7B2FCA7
:1044B000E0E700BFB851040038B50C460546097C5A
:1044C0001B48FAF74BF980B3217C1948FAF702F937
:1044D000013800EB001005EB800494F82630DB0671
:1044E0000BD595F8403203F0FF0043B994F826301D
:1044F00003F0EF0384F8263038BD002038BD28468D
:10450000FFF788FC94F8263003F0EF0384F8263098
:104510000028F2D095F8403203F0FF04002BECD1D4
:104520002846FFF741FE204638BD6FF47A7038BD4B
:10453000B85104002DE9F04F847CE40685B057D5CE
:104540000C68B4F802804FEA6808904550DD0434E6
:1045500004EB480804EB420700E0A846A8F1020576
:10456000EC1B641094FBF3F603FB1644002CF4D10F
:10457000B5F900208281827C920639D5012B06464E
:104580004ED0B0F90E1080680A1DB84500EB020B42
:10459000B0F802A02CD95D0006F10803A1460193F2
:1045A00007E0B6F90E3053451CD0B84520D9B6F90E
:1045B0000E10514504F101041DD0B7F900309944A3
:1045C0000E9B9C422F44ECD199FBF4F4ABF80040D5
:1045D000F38902331BB2002453450BF1020BF38124
:1045E000A146E2D106F11800FEF7F2F9B845DED88F
:1045F00005B0BDE8F08F0122B6F9101003A8FFF74F
:10460000A3F903A90198FFF7C1F903A8FFF7B6F9C9
:10461000B2680023F381B2F802A002F1040BCCE7E8
:104620000830FFF7B3F9B3685B88F38106F118002F
:10463000FEF7CEF9DCE700BF2DE9F0433B4BD3F8A2
:10464000042185B005461AB9D3F81431002B42D0A5
:1046500095F80F80354F08F1010303F00103EB7368
:10466000D7F8341608F18D0805EB88084900404654
:104670000024FFF7F5F9264605F1140902E001349C
:10468000082C1DD004F151031B01FB58002BF6D060
:10469000414603A8FFF76AF9D5F83C22AB7B0092AC
:1046A00004EB0410324609EB800003A9FFF742FF38
:1046B000013403A8FFF762F9082C06F10106E1D1E5
:1046C0001A4BD3F8042112B10022C3F80421174B6E
:1046D000D3F814211ABB154ED6F80031E3B1EC7BA8
:1046E000013404F0010404F18D07294605EB870726
:1046F00003A88C34FFF71EFC05EB840503A938469C
:10470000FFF744F903A8FFF739F96B680022043377
:10471000C6F82C36C6F8002105B0BDE8F0830022AB
:10472000C3F8142185F84022D5E700BF007000408F
:10473000024B186808B1FFF77FBF7047DC3E0020CE
:10474000154A0369914218D9144A914221D901327C
:1047500010B44FF0C86000249142C3F80045C3F87C
:10476000240503D14FF0C462C3F82425062200209B
:10477000C3F800255DF8044B70474FF0CC72002160
:10478000C3F80015C3F824250622C3F8002500202D
:1047900070474FF08062F2E78FD003007F1A060067
:1047A000F0B585B004AC066804F8012D9DF82C70B6
:1047B000009722461F46B669012305460C46B047BE
:1047C00038B92B68009021463A461C6A0A9B284655
:1047D000A04705B0F0BD00BF70B50446C0680368CF
:1047E00001211B689847A068036801211B6898474E
:1047F0000420F9F7E5FF0025A068036802219B6803
:104800009847014600BBE06803681B68984704208E
:10481000F9F7D6FFE068036801211B680D4498474B
:104820000420F9F7CDFF092DE6D1A0680368002127
:104830001B6898470420F9F7C3FFA06803680121AB
:104840001B68BDE870401847002DEED170BD00BF59
:10485000F8B5044616461F460D46FAF759FD204A9C
:10486000A5600023E660C4E900237FB3384602F068
:1048700069FA206180B30621284601F0A3F80621D9
:10488000304601F09FF82046FFF7A6FF2B68022173
:104890009B6828469847336802219B6830469847B2
:1048A0000A20F9F78DFF2369327C287CC3F808259C
:1048B0004FF0CC710622C3F80C05C3F824150A206A
:1048C000C3F80025F9F77CFF2046F8BD012002F06F
:1048D0005BFA20610028CED15A20ECF799FCCAE798
:1048E000485204002DE9F04103698EB282B09A5912
:1048F0000546002A58D1D3F82441002C35D14FF079
:1049000001082A4F10E0D3F8482592B9632C4BDCFC
:104910000A20F9F755FF2B699A59002A44D1D3F898
:10492000242112BBBC4220D0D3F850210134002AEC
:10493000E9D1632CECDDD3F8602132B1D3F8002249
:10494000D10502D5D3F8482152B3D3F86021002A0B
:10495000DED0D3F800229205DAD5D3F80421002A5C
:10496000D6D1C3F814801446D2E7D3F8C424C3F8D0
:10497000C4240022C3F82421D3F824210192012267
:1049800001991A625A61D3F80421002AFBD0084C1D
:10499000686808B1F9F714FF204602B0BDE8F0815D
:1049A000C3F81C801446B3E70024F1E741420F002E
:1049B0000EFCFFFF70B40469C1F34701C4F8881509
:1049C0000021C4F8041189B0D4F804610696069E4B
:1049D000C4F82411D4F824610596059EC4F860112A
:1049E000D4F860610496049EC4F85C11D4F85C614C
:1049F0000396039EC4F85011D4F850610296029EAB
:104A0000C4F84C11D4F84C619DF830500196019EC9
:104A1000C4F84425C4F8483575B14FF480720123B9
:104A2000C4F80022A360D4F84821DAB94FF4A47185
:104A300009B070BCFFF756BF4FF400720123C4F8F1
:104A40000022A360D4F84821A2B12362C4F84851DF
:104A5000D4F848310793079B4FF4827109B070BCBA
:104A6000FFF740BF2362C4F84811D4F848310793D8
:104A7000079BDBE74FF48271DAE700BF70B504698A
:104A8000C1F34701C4F888150021C4F8041188B0A7
:104A9000D4F804610696069EC4F82411D4F8246163
:104AA0000596059EC4F86011D4F860610496049ED2
:104AB000C4F85C11D4F85C610396039EC4F85011ED
:104AC000D4F850610296029EC4F84C11D4F84C619F
:104AD0009DF830500196019EC4F83425C4F838354D
:104AE000B5B94FF480520123C4F800222360D4F8F2
:104AF000482132B12362C4F84851D4F848310793B1
:104B0000079B4FF4827108B0BDE87040FFF7EABE22
:104B100001232360D4F8482192B94FF4AE710446C2
:104B2000FFF7E0FE08B108B070BD236901222046FE
:104B30004FF4A471DA6108B0BDE87040FFF7D2BE4F
:104B40002362C4F84811D4F848310793079BE4E77F
:104B50000C4B03F1280270B505460360826000F13A
:104B6000240600F12C04043C2046FEF707FFA64271
:104B7000F9D1054B2B6000232846EB80F8F7F0FDB8
:104B8000284670BD7C520400704404000E4B03F1B3
:104B9000280270B505460360826000F1240600F12A
:104BA0002C04043C2046FEF7E9FEA642F9D1074B4F
:104BB0002B600023EB802846F8F7D2FD28460DF045
:104BC00013FB284670BD00BF7C52040070440400F3
:104BD000C368D3F8080570479FED1F7A07EE901A57
:104BE000C7EE277A10B4B0EE677ABEEECE7A17EE33
:104BF000101AB1F5004F29DB0023013341FA03F20B
:104C0000B2F5004FF9DA072B04DD144B5DF8044BC5
:104C1000184670471C4612FA03F348BF0F331B11A6
:104C200007EE903ADFED0C6AC168F8EEE77A0023F0
:104C300086EEA77AC1F80C45C1F808255DF8044B4B
:104C4000C0ED077A80ED067A18467047002417EE0B
:104C5000102A2346DFE700BF0024744900407AC4CD
:104C60002DE9F843464D056000254560044616468B
:104C70000F469846BDF82090F8F702FD4148E760DE
:104C800000F12803A360206004F12400FEF756FE23
:104C900004F12800FEF752FEE3683B4FE66201266E
:104CA000A4F804906561657425842574A674E6747F
:104CB000C3F800554FF08023C7E90033C7E902333A
:104CC00041462046FFF788FFE368304AC3F80455A1
:104CD0000227042030219342C3F81075C3F84855C9
:104CE000C3F82855C3F84C55C3F82C55A674E67480
:104CF000C3F81465C3F80002C3F8041320D0244A93
:104D000093422FD0234A93420CD0E06A01680122DB
:104D10004D68227404F10801C3F80025A847204615
:104D2000BDE8F8831C4A1D4B92681D49C2F8C810A3
:104D300004221C49C3F884215A60E3688C60E4E7CC
:104D4000184A154B14609A681749C2F8B010A3F5B9
:104D500040634FF08052C3F880211A60E3680C4A28
:104D60009342CFD10C4A0D4B92681049C2F8C4103F
:104D700002220C49C3F884215A60E3684C60C1E701
:104D8000704404007C520400E03E002000C001405A
:104D9000001002400020024000ED00E000E100E0D1
:104DA000FD4F0300F03E0020DD4F0300ED4F0300F8
:104DB00007EE901AFEEECE7A10B417EE901AB1F507
:104DC000004F23DB0022013241FA02F3B3F5004F1A
:104DD000F9DA072A1FDC1446C168DFED106AC1F852
:104DE0000C45C1F80835934048BF0F331B1107EE3F
:104DF000903AF8EEE77A002386EEA77AC0ED077ABC
:104E000080ED067A18465DF8044B7047002417EED3
:104E1000903A2246E0E76FF47A73F3E7002474498E
:104E2000C0697047C3680020C3F81015704700BF01
:104E3000C2748174C36839B93022C3F81415C3F839
:104E40000012C3F808237047012004213022C3F860
:104E50001405C3F80012C3F80423704770B590F925
:104E60002130044682B040696BB1E268012353608F
:104E7000D2F80431002BFBD0002565742584D0B90D
:104E8000002002B070BD0D46F0B9A37C002BF7D016
:104E9000637C002BF4D0E37C002BF1D1E3681C4948
:104EA00003EB451508220123C5F82015C5F8242574
:104EB00084F82130E5E7236801386061DB6920462A
:104EC0009847284602B070BDE16A0B6805F10906F3
:104ED0001B6801A804EB8606984701A93046FEF737
:104EE00055FD01A8FEF74AFD04EB8502E368516A0F
:104EF000626903EB45150B1DC5F820354988531E23
:104F000049100120C5F82415636102B070BD00BFCF
:104F1000E03E002038B54369817C0133044643619B
:104F200019B1637C63B1002038BDFFF797FFC8B1AA
:104F3000E36801229A60A37C002BF2D1002038BDE7
:104F40000125657494F820102046FFF787FF94F838
:104F500020302B442B4084F820303BB9E3680122F9
:104F60009A60E0E7E37C002BE5D0E1E763691BB9D9
:104F700000236374002038BD29462046FFF76EFFEA
:104F800094F82030013303F0010384F82030002B23
:104F9000EED1E3E7A0F10800FFF7BCBF38B5C36866
:104FA000D3F81021044672B9D3F8143103B938BDCF
:104FB000002584F8205001212046FFF74FFFE368C9
:104FC000C3F8145138BD012380F820300021FFF7C9
:104FD00045FFE3680022C3F81021E5E7024B18689B
:104FE00008B1FFF7DBBF7047F03E0020024B586866
:104FF00008B1FFF7D3BF7047F03E0020024B98681E
:1050000008B1FFF7CBBF7047F03E0020C268002315
:105010000374C2F800357047032A23DC70B502F52B
:10502000AC76C2680B7C52F826209A4218D00B68E6
:105030000C4605469B6D08469847236800211B686F
:10504000204698472368EA68217C42F826102046CB
:105050009B6D9847E38843F00803E380002070BD10
:10506000002070BD6FF47A70704700BF70B4C568DF
:105070000C7C00234FF0FF3605EB83020133D2F89E
:105080006005A04208BFC2F86065042BF4D1CB884C
:1050900023F008030020CB8070BC7047C28870B535
:1050A0009507044610D5027C012302F01F008340BF
:1050B00000293DD029491F2A8CBF0A464FF0A04243
:1050C0000020C2F8083570BDD3070D463AD5017CE3
:1050D00022481F2998BF4FF0A04001F01F0600EBA7
:1050E000860022F00102D0F8003792B243F00203AA
:1050F000C0F80037E28001202029184B00FA06F0A2
:1051000038BF4FF0A0432DB3C3F808052029134B37
:1051100038BF4FF0A04303EB860342F00202D3F8FE
:10512000001741F00101C3F800170020E28070BDB4
:105130000A491F2A8CBF0A464FF0A0420020C2F83D
:105140000C3570BD03689B6D9847217CE28801F0A7
:105150001F06D0E7C3F80C05D8E700BF00030050D6
:1051600010B5036804461B6C9847236820465B68AB
:10517000BDE81040184700BFF0B40479A40728D553
:10518000002922DB002A20DD002B1EDDB4294FF48C
:105190007A74A8BFB42104FB01F10F4F05680F4ECC
:1051A000ED6A8908A7FB017102EBD277A3EB6703D5
:1051B00004FB03F3890802FB013286FB0231D2179C
:1051C0002B46C2EBA111F0BC18476FF47A70F0BC0B
:1051D00070470348FBE700BF176CC116D34D621040
:1051E00016FCFFFFC08800F00500003018BF01204A
:1051F000704700BF037C0B4A1F2B98BF4FF0A042A3
:1052000003F01F03D2F81415012202FA03F30B4234
:1052100006D1C08800F00A00003018BF0120704796
:105220001046704700030050C08810F0030018BFFC
:1052300001207047C08800F00C00003018BF01202A
:10524000704700BF03684FF47A725B6B02FB01F199
:10525000184700BF08B503689B6B9847024BA3FB38
:105260000030800908BD00BFD34D6210027C0F4B97
:10527000202A38BF4FF0A04302F01F0203EB820345
:105280000129D3F80027417122F00C0207D002292E
:1052900008BF42F00C02C3F800270020704742F01C
:1052A0000402C3F800270020704700BF000300502D
:1052B000D0F8103521EA0301C0F81815704700BF77
:1052C000D0F810351940C0F818157047C3882DE97B
:1052D000F0411F07044614D5314DDFF8D48005F1A5
:1052E0000C06FF2755F8040B40B12146FFF7BEFE20
:1052F00055F8042CD8F800309A4245D0AE42F1D18E
:10530000E388284D286808B15E072ED4D90605D554
:10531000606928B1026892699047E3885A0619D4F7
:1053200013F0E00F0FD0217C1F4A1F2998BF4FF0C8
:10533000A04201F01F0102EB8102D2F8001721F414
:105340004031C2F8001703F430630022E380626149
:10535000BDE8F0816569002DE2D0284609F012F819
:1053600028460CF041FFE388DAE72146FFF76AF8A8
:10537000214606462868FFF79FF83046FEF7BCFD39
:105380000028FAD1E388C1E7084B207C191D13F9E6
:10539000012B824208BF03F8017C9942F7D1ADE7A7
:1053A000F03E0020C03F002000030050B420002049
:1053B000C43F002003799A0719D5C3885B0710B54D
:1053C000044606D403689B6D9847E38843F00403C2
:1053D000E380084B186840B12146FFF733F820B14D
:1053E000FEF7E4FFC0F30F1010BD034810BD0248E4
:1053F000704700BFC03F002016FCFFFF70B52DEDC9
:10540000028BC38882B01B07019137D51C4D1D4C00
:10541000286808EE101AFFF7DBFBF8EE487A08EE72
:10542000900A17EE901A2868FFF7C2FCF8EEE88A97
:1054300004F108062388286807EE103AB8EE478A78
:10544000FFF7C6FB07EE900AB8EEE77A27EE087A78
:10545000C7EE287AFCEEE77A17EE903A24F8023B82
:10546000B442E7D1084B074918680822012309F024
:1054700081F8002002B0BDEC028B70BD0348F9E753
:10548000C43F0020C83F0020D03F002016FCFFFF93
:10549000C388D90770B5044611D5037C22491F2B58
:1054A00098BF4FF0A0410122D1F8101503F01F035F
:1054B00002FA03F30B4214BF1046002070BD9A0796
:1054C00001682BD523F002039BB2227C164D0E6C93
:1054D00061791F2A02F01F008CBF2A464FF0A042BC
:1054E00002EB800243F00103D2F8000720F0030032
:1054F000C2F80007E3802046B047237C1F2B98BFEB
:105500004FF0A0450122D5F8101503F01F0302FA51
:1055100003F30B4214BF1046002070BD8B6D9847FB
:10552000E3882168D1E700BF0003005038B5027C52
:105530001B4B202A38BF4FF0A04302F01F02012569
:10554000D3F8144505FA02F2144224D10D4604465C
:10555000D1B9C3F80C2518461146FFF7B1FE217CDE
:105560000F4B202938BF4FF0A043D3F81435134216
:1055700013D0236820469B6D9847236829461B68F3
:1055800020469847002038BDC3F808251846114624
:10559000FFF78EFEE3E7002038BD024838BD00BFAC
:1055A0000003005012FCFFFF08B5C3881B070AD593
:1055B000064B1868FFF734FC07EE900AFCEEE77A1A
:1055C00017EE900A08BD024808BD00BFC43F002086
:1055D00016FCFFFF70B5044615464FF48076002098
:1055E0000E4A23712F2D4FF0010321812574E6808F
:1055F000E0602260637102D93220EBF709FE084AAD
:105600000849094B42F8254000204FF00045402250
:105610006061C1F804531A60204670BDB0520400A6
:10562000FC3E00200060004000E100E00379DB0761
:1056300041D570B5C388DA0682B00D46044603D55D
:10564000C3F3C023994234D0236820469B6D98470A
:10565000012D1ED0236820465B68984718200CF067
:10566000CAFD002322892146CDE9003301230646E5
:10567000FBF75CFBE388666123F400639BB243F0B5
:105680001003E3803368DB69304602B0BDE8704048
:10569000184728200CF0AFFD084A40F6AC531268BA
:1056A00021460646FCF72CFFE388666143F400635D
:1056B000E5E74669E6E70248704700BFBC3F0020C7
:1056C00016FCFFFFC188C1F3C021FFF7AFBF00BFC9
:1056D00010B5044684B00A46002368462189FDF7C8
:1056E000FFFD63694BB1029AD969DA616846521AC3
:1056F0000023CDE90223FDF71DFE04B010BD00BF5D
:1057000010B5C388590684B0044609D49A060DD44E
:105710001B0603D5E3680BB10120984704B010BD08
:105720000521FFF7D5FFE3889A06F1D50123022270
:1057300021896846FDF7D4FDE388E9E710B5C38801
:10574000590684B0044609D49A060DD41B0603D525
:10575000E3680BB10020984704B010BD0421FFF7A7
:10576000B7FFE3889A06F1D5012303222189684611
:10577000FDF7B6FDE388E9E72DE9F04BD0F82045C9
:1057800084B0054674B3DFF890800E4601274FF0D1
:105790001F0BB4FA84FCABEB0C03991907FA03F264
:1057A00058F8219024EA0204B9F1000F18D0B9F892
:1057B000062012F0E00F05EB83030FD0D3F800278B
:1057C00082F48032C3F80027D3F8003713F4803F07
:1057D00048461CD0FFF794FFB9F80620930508D47B
:1057E000002CD4D14FF0FF33C5F8203504B0BDE80C
:1057F000F08BF8F78BFD0028F2D00123052240F250
:10580000FF316846FDF76CFD002CC0D1EAE7FFF7D9
:1058100095FFB9F80620E1E7FC3E002008B5094BEA
:10582000D3F87C2102B908BD0021C3F87C114FF0E8
:10583000A040FFF7A1FF20210348BDE80840FFF783
:105840009BBF00BF0060004000030050C38813F0FE
:10585000E00F70B504460D4637D05A0616D423F033
:10586000E003022D9BB22BD0032D21D143F0400346
:10587000E38020200CF0BFFC2146054608F07EFCAA
:10588000FAF72CFD6561E861002070BD032D43D05F
:10589000666936B1304608F075FD30460CF0A4FC60
:1058A000E38823F0E0030022022D9BB2626107D05F
:1058B000012DE38007D143F08003E380002070BD19
:1058C00043F02003E380002070BD03685B689847C5
:1058D000237C154A1F2B98BF4FF0A04203F01F03F3
:1058E00002EB8301D1F8006726F44036C1F8006767
:1058F00058B1D1F8000740F44030C1F80007012149
:105900009940E388C2F82015A7E7D1F8000740F4D2
:105910000030C1F80007F2E723F0E00343F0400352
:10592000E380002070BD00BF0003005000B583B0CD
:10593000042920D8DFE801F0100A0A0A03000368EE
:105940009B6A9847002003B05DF804FBFFF77EFFD9
:10595000002003B05DF804FBC38803F0F0031BB91B
:10596000084603B05DF804FB036801919B6D9847FE
:1059700001990846E7E76FF47A70E4E738B5036801
:1059800004465B680D469847E3885B0605D52946C3
:105990006069BDE8384008F077BC2368084A1B6D91
:1059A00093424FF00301204607D1FFF74FFF2946EE
:1059B0006069BDE8384008F067BC9847E7E700BF7A
:1059C0002D590300072913D8027C0B4B202A38BF1E
:1059D0004FF0A04302F01F0203EB82030020D3F834
:1059E000002722F4E06242EA0121C3F80017704761
:1059F0006FF47A70704700BF0003005010B4037C4E
:105A00000C4A00290CBF00244FF440741F2B03F0F4
:105A10001F018CBF13464FF0A04303EB810300200E
:105A2000D3F8002722F4E0622243C3F800275DF890
:105A3000044B704700030050027C0B4B202A38BFF8
:105A40004FF0A04302F01F0203EB8203D3F80027BC
:105A500022F44032C3F80027D3F8002742EA01417C
:105A6000C3F80017704700BF00030050F0B5154C95
:105A7000236883B0CBB1144D2E6816B1002003B05B
:105A8000F0BD30200CF0B7FB2268104B10491324F6
:105A900007460094FFF7E4F83846314601222F60AC
:105AA000FFF7C6F9002003B0F0BD38200CF0A3FBCF
:105AB000054608F025FD28460321256008F0C8FCAE
:105AC000D9E700BFD03F0020C43F0020000048427B
:105AD00000C0014003799A0754D5B1F5806F53D2C5
:105AE0002DE9F0412A4F067C3A464FF0FF3400235F
:105AF00012F9015BB54208BF1C460133042BF7D1F4
:105B0000631C0D4606462AD0DFF89C80F388D8F83F
:105B1000000043F00803F380FFF75AF807EE905AAD
:105B2000DFED1C6A1C4D1D4AB8EEE77AF7EE007AED
:105B3000E7EE667A2946012307EE100AB8EEC77A27
:105B4000106867EE877A0822FDEEE77A17EE906A12
:105B500025F8146008F00EFD0020BDE8F081FFF785
:105B600085FF0F4BDFF840801C78317CD8F80000AF
:105B7000013404F003042246395531461C70FFF706
:105B80004BFAC3E7074870476FF47A70704700BF5D
:105B9000B42000200000803AC83F0020D03F002001
:105BA0000E23002016FCFFFFC43F002070B5174DE8
:105BB0002DED028B044608EE101AFFF757FF2868F8
:105BC000FFF72EF9DFED127A07EE100AB4EE677ACE
:105BD000F1EE10FA04D0286817EE901AFFF7E8F8F3
:105BE000DFED0C7A9FED0A7A2368B8EE488A2046EA
:105BF00028EE278ADB68C8EE077ABDEC028BBDE889
:105C00007040FDEEE77A17EE901A1847C43F002067
:105C100000409C46000080441F4BC2699A4220D03D
:105C20001E4B994209D94FF0004103698B4202D0C3
:105C300000230161837500207047194B99421FD8DA
:105C4000184B99421FD8184B99421FD8174B9942AD
:105C50001FD8174B99428CBF4FF080614FF00071F5
:105C6000E3E7144B994202D94FF0A051DDE7A3F5C9
:105C70007403A3F510539942D2D94FF02061D4E7B1
:105C80004FF08041D1E74FF00051CEE74FF0805107
:105C9000CBE74FF00061C8E700F00240FF117A0047
:105CA000FF083D007F841E003F420F001FA1070038
:105CB0008FD00300FF47E801082A4FF00003417529
:105CC000837514BF6FF47A7018467047704700BF31
:105CD00010B504460CF088FA204610BDC369D3F80D
:105CE000182182B100B50022C3F8182187B0D3F87B
:105CF0001811036A0191019933B10262406A984711
:105D000007B05DF804FB704701230322182102A8A5
:105D1000FDF7E6FAF4E700BFF8B50446C0680121D4
:105D2000A17508B1FFF76AFE606800286ED00121F6
:105D3000FFF764FE6068002868D0036800211B68D4
:105D400098476368A0681D7C002864D003685B687E
:105D50009847A368E0681E7C617D002861D00368D5
:105D6000012994BF002101211B689847E368617DE8
:105D70001F7CE36920690139C9B200220229C3F8F6
:105D8000002598BF2C4AC3F8087598BF52F8211017
:105D9000C3F80C5588BF114694F91420C3F8106558
:105DA0000025C3F82405AA42C3F854154FF0420059
:105DB0004FF00701C3F8C055C3F80403C3F800153A
:105DC00032DB02F1604202F56142E02382F80033E7
:105DD00094F91430002B13DB5909603103F01F03D1
:105DE0000122164802FA03F340F8213094F91430E6
:105DF000002B05DB03F01F015B098A4040F82320DC
:105E000021690F48BDE8F840F7F7E2BDA0684FF000
:105E1000FF3500289AD1E068617D4FF0FF360028F9
:105E20009DD14FF0FF37A4E7064B02F00F02134459
:105E3000E0221A76CCE700BF1453040000E100E032
:105E400020530400FCEC00E038B504460498154DDE
:105E5000E360C4E901122560C8B100F073FFE0619E
:105E6000D8B100F0E3FF23692075B3F1805F1CBF58
:105E70004FF08053236100220023A275E06963750F
:105E800023622246084901F005F8204638BD042067
:105E900000F07AFFE0610028E3D15A20EBF7B8F96F
:105EA000E069DEE740530400DD5C03002DE9F047C4
:105EB000847D82B005468A46DDE90A871646994602
:105EC0002CB3B6F5803F35D2B8F5803F32D2EC69BD
:105ED0000020C4F844A5C4F84865C4F83495C4F853
:105EE0003885C4F81801D4F818310193019BC4F81F
:105EF0005005C4F840056FB1012240230C992F6270
:105F000069622261C4F8043302B0BDE8F087FFF78C
:105F100003FFD6E703211820F7F740FFEB690121C3
:105F200040221961C3F80423F8F7BCF8384602B0E0
:105F3000BDE8F0876FF47A70E6E700BFF0B585B092
:105F4000B2F5803F144606460F469C460A9D02D293
:105F5000B5F5803F09D363462246394630460A9557
:105F600005B0BDE8F04008F069B800240095CDE91F
:105F70000144FFF79BFF05B0F0BD00BF2DE9F041E4
:105F8000DDE90664DDF82080C4B1B2F5803F074644
:105F90008C4615469E4602D2B6F5803F0AD3CDE91F
:105FA0000748069673462A4638466146BDE8F041E2
:105FB00008F070B8BDE8F041FFF778BF6FF47A7071
:105FC000BDE8F08130B585B000250122C17500F132
:105FD000180300F11701CDE9015500920446FFF7BF
:105FE00065FFA842ACBF207E014805B030BD00BFB0
:105FF0000AFCFFFF21B9C36D4FF40472C3F80823F4
:1060000000207047B1F5614F38D00FD9B1F5612F3D
:1060100019D01E4B99422AD0B1F5613F1AD0C36DF9
:106020004FF0EB720020C3F824257047B1F5165FDE
:1060300017D0B1F5164FF2D1C36D4FF41D020020F9
:10604000C3F824257047C36D4FF070620020C3F879
:1060500024257047C36D4FF06C720020C3F82425CF
:106060007047C36D0A4AC3F8242500207047C36DEA
:106070004FF080520020C3F824257047C36D4FF4C1
:106080006B020020C3F82425704700BF40420F0078
:106090000050270070B504460E4615462046F9F715
:1060A00077FE0028FADC94F8343003F0FF00002B70
:1060B000F4D1E36D317C2A7CC3F80C15C3F81425A8
:1060C00070BD00BF0021F9F749BD00BF70B504469F
:1060D00084B0B9B9C3885A073DD5E36D04F13C01DA
:1060E0002022C3F83415C3F83825E36D4FF4047249
:1060F0000021A163C3F80423E36D01221A6000208C
:1061000004B070BD01290D46F9D190F83430002B50
:10611000F5D1F9F73DFE0028F1D0A08DA38D94F8BC
:106120002860616A5A1C92FBF6F306FB13239BB2AC
:1061300082B22068A385C36A895C20469847A38DF4
:10614000628D9A42DBD12B46022240F2FF31684633
:10615000FDF7C6F8D3E7F9F76FFAE3885B07BCD41D
:10616000002004B070BD00BF10B584B004468DF8A7
:10617000071002E094F834301BB100F055FD002800
:10618000F8D000F051FD70B1E36D0022C3F820217A
:10619000D3F82011E36D03910399C3F85821D3F884
:1061A00058310293029BE26D01230DF1070184F83F
:1061B0003430C2F84415C2F84835E26D936000F0FF
:1061C00033FDA0B1E36D00E099B9D3F82021D3F8F5
:1061D0005811002AF8D061B90122DA60E26DD2F8D4
:1061E0005831002BFBD00020002384F8343004B059
:1061F00010BD0148F8E700BF09FCFFFF70B5044679
:10620000C06D0E4600F012FE05462EB1E18811F079
:1062100020011FD0002070BDE3889B06FAD500281E
:1062200041DA23680021DB69204698472046F9F7C8
:10623000AFFD002804DD23680121DB692046984773
:10624000216B2046F9F7A8FAE38823F02003E380C6
:10625000002070BD23681D4A1B6A934232D1E36D52
:106260004FF40472C3F808232046F9F791FD002883
:10627000FADC94F83430002BF6D1002D0DDB6B09DD
:1062800020330122124905F01F0502FA05F541F8F5
:106290002350BFF34F8FBFF36F8FE38843F020038A
:1062A000E380002070BD43099B0003F1604303F5C8
:1062B000614300F01F05012202FA05F5C3F8805181
:1062C0001D60AEE720469847CEE700BFF55F0300AC
:1062D00000E100E010B5C36D2249234A0160C3F814
:1062E000082382B00446C06D00F0A0FD00280DDB3D
:1062F0004309203301221D4900F01F0002FA00F07B
:1063000041F82300BFF34F8FBFF36F8FE26DD2F8D8
:10631000003223F02003C2F80032E26D0123536003
:10632000E26D0021C2F85811D2F85811E26D0191C6
:106330000199D360E26DD2F85831002BFBD00023D5
:10634000C2F80035E36D4FF0FF32C3F80C25C3F8F7
:106350001425E06D00F03CFD2046F9F725FD2046B0
:1063600002B010BD645304001403420000E100E0D9
:1063700010B50446FFF7AEFF20460BF035FF204670
:1063800010BD00BFF0B514248BB00C25CDE900453D
:106390001F46234604460E461546F9F795F9504B1D
:1063A0002360002384F83430E365A363002F00F0FA
:1063B0008A80384600F0C6FCE065002800F08A803C
:1063C0004FF0EB73C0F82435E36D0022C3F86C2561
:1063D0002046F9F7DDFC0028FADC94F8343003F0AD
:1063E000FF02002BF4D1E36D307C297CC3F80C054F
:1063F000C3F81415E36D3B48C3F80821D3F808111E
:10640000E36D09910999C3F81021D3F81011E36DD8
:1064100008910899C3F82021D3F82011E36D079162
:106420000799C3F82421D3F82411E36D0691069946
:10643000C3F84421D3F84411E36D05910599C3F8DD
:106440005821D3F85811E36D04910499C3F84C21F5
:10645000D3F84C31E26D0393039BD2F8003222490A
:1064600043F02003C2F80032E36DC3F80403E06D8B
:10647000224600F00FFDE06D00F0D8FC00281BDB89
:1064800043099B0000F1604103F1604303F5614360
:1064900001F5614100F01F00012202FA00F0202501
:1064A00081F80053C3F880011860E36D082220468C
:1064B000C3F800250BB0F0BD0C4B00F00F000344F7
:1064C00020221A76F1E7102000F05EFCE06500283B
:1064D0007FF476AF5A20EAF79BFEE06D70E700BFCD
:1064E0006453040014034A0039650300FCEC00E027
:1064F00030B5C36DD3F83C55826BAA4283B00446D5
:1065000006DA0022C3F80821D3F808310193019B71
:10651000A36B9D420BDDA36B5A1C2344A26393F82B
:106520003C102046F8F7BAFFA36BAB42F3DB002325
:10653000A36303B030BD00BF70B5C56DD5F8083199
:1065400088B00446D3B1836B1F2B17DC002602E012
:10655000A36B1F2B12DCC5F80861D5F80831019335
:10656000019BA36B5A1C2344A26393F83C10204662
:10657000F8F794FFD5F80831002BE9D1D5F81031A0
:10658000002B3AD1D5F84C3173B10023C5F84C310A
:10659000D5F84C31E26D0393202104F13C030398BC
:1065A000C2F83435C2F83815D5F8243153B1002378
:1065B000C5F82431D5F824310493049BD5F88034F0
:1065C000C5F88034D5F8443133B10023C5F84431DF
:1065D000D5F844310593059BD5F82031C3B9D5F8DA
:1065E000583143B10023C5F85831D5F858210792E6
:1065F000079A84F8343008B070BD0023C5F8103114
:10660000D5F8103102932046029BFFF771FFB9E7DE
:106610000023C5F82031D5F820210692069A84F887
:1066200034302046F9F7B4FB002802DC0123EB608C
:10663000D5E72046F8F786FFD1E700BF10B5034B3A
:1066400003600446FCF7F4F8204610BDA85304008C
:1066500010B5054B03600446FCF7EAF820460BF042
:10666000C3FD204610BD00BFA853040010B504466A
:10667000D4E90E2352694FF47A50002BD2F8441516
:10668000C2F8440522DA1B4A616B0020C2F81005EB
:10669000013393FBF1F201FB1233E36300F0D8FA0C
:1066A000D4E90E2352690121002BD1600ADB0233A9
:1066B000104A54F823305B691B7C1B0243F0011322
:1066C000C2F81035BDE8104000F0B4BA023354F8F7
:1066D0002300FBF73BFFE36B064A616B0020C2F827
:1066E0001005002BD4D10129D2D14FF0FF33E36341
:1066F000D4E700BF00600040034B186808B1436B4B
:1067000003B97047FFF7B2BFD43F002070B50E4603
:1067100011460446FCF748F833681C4A1C491460CB
:1067200000259B6BA6632160E563294630469847A8
:10673000A06B184E03684FF47A51DB6C9847A06B3E
:1067400003682946DB6B144D4FF47A529847A06BCF
:10675000124B01684269C3F82055CD694432C3F831
:106760002425B5424FF00402C3F8042509D10C4B8F
:10677000C3604B6A9847A06B03689B6A98472046A2
:1067800070BD0749A847A06B0168F2E7D43F00201D
:10679000A8530400F95E02000061004000F00140CF
:1067A000F966030038B50D460446FBF7CFFF68696C
:1067B000094A03681B6893420AD1636B012B01D01D
:1067C000002038BDA06B03685B6B9847002038BD84
:1067D00000219847F1E700BF15930200007A704747
:1067E00090F910304901002BC9B207DB03F1604377
:1067F00003F56143002083F800137047034A03F058
:106800000F031A4400201176704700BFFCEC00E033
:1068100090F91030002B11DB5A0910B460320A4C89
:1068200003F01F03012101FA03F344F82230436906
:106830005DF8044B012200201A6070474369012271
:106840001A600020704700BF00E100E090F91030AE
:10685000002B07DB03F01F0001225B090249824085
:1068600041F823200020704700E100E010B50368E4
:1068700004461B6B9847636901225A60002010BDD3
:1068800090F91030002B0DDB5A0920320121064807
:1068900003F01F0301FA03F340F82230BFF34F8FD8
:1068A000BFF36F8F0020704700E100E0012902D0A4
:1068B00006D3022902D14369C3F8041500207047AA
:1068C00043690022C3F8042500207047437A013B46
:1068D00099420FDC10B44FF48033446901F5A8707D
:1068E00003FA01F144F820200020C4F804135DF8F5
:1068F000044B70476FF47A70704700BF437A013BD6
:10690000994211DC30B4446904EB81054FF48033C3
:10691000D5F8400503FA01F10244C5F840250020EE
:10692000C4F8041330BC70476FF47A70704700BF2E
:10693000437A013B994208DC42694FF4803303FA01
:1069400001F1C2F80813002070476FF47A707047A5
:10695000032907D8DFE801F0171009024369032271
:10696000C3F8082501720020704743690222C3F86A
:10697000082501720020704743690022C3F80825EA
:1069800001720020704743690122C3F80825017293
:106990000020704710B5044B036000230446C380F9
:1069A000F6F7DEFE204610BD7044040010B5064B1D
:1069B000036000230446C380F6F7D2FE20460BF0A6
:1069C00013FC204610BD00BF7044040010B5034600
:1069D00029B190F91020002A0CDA002010BDC288DD
:1069E000D107FAD5196822F00102DA808B6A98473C
:1069F000002010BD5409084951F8241002F01F026C
:106A000021FA02F2D407E8D5C288016842F00102F7
:106A1000C2800B6B9847E0E700E100E038B590F9E1
:106A20001030002B044611DA0025236820461B6B2A
:106A3000984762690123D360D368002BFCD11DB154
:106A4000236820469B6A9847002038BD5909044AAC
:106A500052F8215003F01F03DD4005F00105E4E783
:106A600000E100E0B1F57A5F14D830B400220125CE
:106A70004FF47A5405FA02F3B4FBF3F3994205D3C9
:106A8000436930BC0020C3F8102570470132092A41
:106A9000F0D1F5E76FF47A70704700BF70B590F9E8
:106AA00010500368002D04461B6B07DA9847636992
:106AB0000122DA64D3F84C65304670BD69090A4A90
:106AC00052F821609847636905F01F05012226FAF4
:106AD00005F5DA64D3F84C65EB07EDD5236820465D
:106AE0009B6A9847304670BD00E100E00E4BF0B461
:106AF00053F82070B7B100237E6918469C460125E3
:106B000006EB830205FA03F4D2F84011013319B100
:106B10002043C0B2C2F840C1042BF1D1FB680BB1D5
:106B2000F0BC1847F0BC7047D83F00200020FFF7AA
:106B3000DDBF00BF0120FFF7D9BF00BF0220FFF774
:106B4000D5BF00BF0320FFF7D1BF00BF0420FFF770
:106B5000CDBF00BFF8B52D4B03600026466004464C
:106B60000D461746F6F78CFD29492A48277403235A
:106B70008D42E6606561206063723BD0264A954293
:106B80002FD002F58032954236D1244A204642F871
:106B90002340FFF775FE94F9103062690121002B44
:106BA000516020DB03F1604303F56143402283F829
:106BB000002301231A464FF47A51092B02FA03F0FD
:106BC00003F1010504D0B1FBF0F0B0F57A7F1AD8DB
:106BD00061690322C1F810352046C1F808252272E8
:106BE000F8BD0223D1E70E4A03F00F031A444023F5
:106BF0001376DEE70123C8E70A4B9D4208BF042352
:106C0000C3D03346C1E72B46D7E700BF704404002A
:106C100000900040D853040000A00040D83F00205E
:106C2000FCEC00E000B00140014B93F9000070471C
:106C3000FC460020054A1378013B5BB2002B01DDC6
:106C4000137070470023137062B67047FC46002033
:106C500072B6024A1378013313707047FC46002065
:106C600020BF70474FF0805130B44C6E086E002248
:106C7000234642EA00042046194630BC704700BF54
:106C8000BFF34F8F0549064BCA6802F4E062134315
:106C9000CB60BFF34F8F00BFFDE700BF00ED00E00A
:106CA0000400FA05704700BF08B50B4B0122C3F87A
:106CB000402502210022930003F1A0430132202A43
:106CC000C3F80017C3F8001AF5D1FFF7EBFFBDE8D2
:106CD0000840E9F76FBE00BF00E001400048704780
:106CE000000002204020F7F715BC00BF8163704709
:106CF00041637047C1637047C06B7047EFF3088012
:106D0000704700BF406B7047C0E900128360704756
:106D100070B5094D094CAE68204631464FF480727B
:106D20000BF0A0FAAC60AB68054831462246BDE8DE
:106D30007040F6F74DBE00BF00ED00E000240020DB
:106D400030540400F0B40E4F0E4E3C68052301256C
:106D500005FA03F2224203EB430103F1FF3303D1AF
:106D600056F82110814205D05A1CF1D10021084665
:106D7000F0BC704722433A600846F0BC704700BF41
:106D8000F03F002050540400F0B40F4FDFF83CC037
:106D90003C6862460523012505FA03F1214202D130
:106DA000566C304207D1013B591CA2F10C02F3D1C1
:106DB0000020F0BC704703EB430321435CF8230041
:106DC0003960F0BC704700BFF03F00205054040011
:106DD000144B98421ED003F5E04398421CD0A3F513
:106DE000343398421AD003F50433984218D0B0F1E6
:106DF000402F06D0A3F50033984208BF002001D0F1
:106E000070470120084901220B68824023EA0203EF
:106E10000B6070470520F5E70420F3E70320F1E756
:106E20000220EFE700800240F03F002008B5174B3A
:106E3000984218D0B0F1402F1ED003F5003398428D
:106E40001CD0A3F5043398421AD003F5343398428A
:106E500018D0A3F5E043984216D05A20EAF7D8F9A3
:106E60004FF0FF3008BD0023094A03EB430302EB58
:106E7000830393F9040008BD0123F5E70223F3E738
:106E80000323F1E70423EFE70523EDE7003000409B
:106E90005054040038B5184B98420D46144620D083
:106EA000B0F1402F1FD003F5003398421DD0A3F559
:106EB000043398421BD003F53433984219D0A3F51C
:106EC000E043984208BF052304D05A20EAF7A0F90E
:106ED0004FF0FF33094A0A4842F8235040F8234054
:106EE00038BD0023F6E70123F4E70223F2E703238A
:106EF000F0E70423EEE700BF00300040F43F00203D
:106F00000C400020024A034B10681B68184700BF62
:106F10000C400020F43F0020024A034B50685B689D
:106F2000184700BF0C400020F43F0020024A034BEA
:106F300090689B68184700BF0C400020F43F002079
:106F4000024A034BD068DB68184700BF0C400020A2
:106F5000F43F0020024A034B10691B69184700BF29
:106F60000C400020F43F0020024A034B50695B694B
:106F7000184700BF0C400020F43F0020002815D027
:106F8000006041608260C360046145618661C761E1
:106F9000444604624C464462544684625C46C46281
:106FA000644604636E46466374468463002906D0D3
:106FB000C46B043C043925680D60B442F9D1946B6C
:106FC000A646566BB546002B06D0D46B043C043B5A
:106FD0001D682560B442F9D1146BA446D46AA34657
:106FE000946AA246546AA146146AA046D769966973
:106FF00055691469D36851681068926870470060D9
:1070000041608260C360046145618661C761444636
:1070100004624C464462544684625C46C4626446E0
:1070200004636E46466374468463C46B043C04394F
:1070300025680D60B442F9D1C7698669456904695C
:107040007047006041608260C36004614561866191
:10705000C761444604624C464462544684625C46BE
:10706000C462644604636C46446374468463046982
:107070007047846BA646446BA546046BA446C46A5D
:10708000A346846AA246446AA146046AA046C76928
:10709000866945690469C368826800684168704709
:1070A0000649074A074B9B1A03DD043BC858D050DA
:1070B000FBDC00F025F8FFF7F7FD0000245D04007D
:1070C0003020002000240020FEE7FEE7FEE7FEE778
:1070D000FEE7FEE7FEE7FEE7FEE7FEE7BFF34F8FC2
:1070E0000549064BCA6802F4E0621343CB60BFF364
:1070F0004F8F00BFFDE700BF00ED00E00400FA0580
:1071000008B55E4B1B680D2B57D14FF080414FF0F7
:1071100080520020C1F80C01594BC1F81001C1F890
:107120003805D2F80404C3F82005D2F80804C3F8DF
:107130002405D2F80C04C3F82805D2F81004C3F8CB
:107140002C05D2F81404C3F83005D2F81804C3F89B
:107150003405D2F81C04C3F84005D2F82004C3F863
:107160004405D2F82404C3F84805D2F82804C3F82B
:107170004C05D2F82C04C3F85005D2F83004C3F8FB
:107180005405D2F83404C3F86005D2F83804C3F8C3
:107190006405D2F83C04C3F86805D2F84004C3F88B
:1071A0006C05D2F84424C3F87025D1F80034D80710
:1071B00044BF6FF00103C1F80034324AD2F888307E
:1071C00043F47003C2F88830BFF34F8FBFF36F8F63
:1071D0004FF01023D3F80C22D20731D4D3F8002279
:1071E000002A07DBD3F80432002B03DB264B274AA7
:1071F0001A6008BD264A0123C2F80435D2F80034CB
:10720000002BFBD04FF010231221214AC3F80012AB
:10721000D2F80034002BFBD04FF0102312211C4A6F
:10722000C3F80412D2F80034002BFBD00023184915
:10723000C2F80435D1F80034002BFBD0FFF74EFF25
:10724000134B0122C3F80425D3F80024002AFBD0F5
:107250004FF010210E4BD1F80C2222F00102C1F8A0
:107260000C22D3F80024002AFBD00021084AC3F8DE
:107270000415D2F80034002BFBD0DFE730010010FA
:1072800000C0004000ED00E0BC2000200090D003D2
:1072900000E00140D0E90223D1E90201994208BF90
:1072A00090422CBF01200020704700BF2DE93048DC
:1072B0000C4800F0CFFA0C4B0C49D3E90023D1E97C
:1072C000004512EB000B43F1000CAC4508BFA34591
:1072D0005846614603D21BF180704CF10001BDE8B5
:1072E000308800BFC0200020F83700200038002080
:1072F00030B583B005460C460B4801A900F07CFB75
:1073000070B10570446001A9074800F07FFB08B91F
:1073100003B030BD054800F0A1FA002003B030BD35
:10732000042003B030BD00BF80400020C0200020FA
:107330001B4B1B782DE9304823B118B1037F03F0B4
:10734000FF041BB900242046BDE830880546FFF73E
:10735000ADFFD5E90223994208BF90421BD32B69A8
:10736000BBB1D5E90530984729690029EAD02B7FC0
:1073700003F0FF04002BE5D0D5E9022312EB010B4B
:1073800043F1000CC5E902BC2946064800F0EEFBBB
:10739000D9E72B77E5E72946024800F0E7FBD2E77B
:1073A000FD4600209C5404002DE9F04F83B0834635
:1073B00000F024FA40B15B49D1E9002312F1807456
:1073C00043F10005C1E900450021584600F030FABC
:1073D000554C30B1236823B12068FFF7A9FF002383
:1073E00023600121584600F023FA20B1FFF75EFF29
:1073F0004E4BC3E9000101A94D4800F017FB08B34B
:107400004C4E4D4F4A4D0378012B6CD073D3022B59
:107410000ED130464FF0000800F0BCFB30B180F8D0
:107420001C80304600F0B6FB0028F8D101233B70E9
:1074300001A9284600F004FB01A9284600F0F6FA4D
:107440000028E0D1DFF8EC80DFF8F090DFF8F0A062
:1074500003E00D2838D000232360404600F0A0FB55
:107460002368002858D05BB12368D0E90201D3E932
:107470000223994208BF90421FD223681B7F3BBB67
:10748000404600F087FBD0E902670546FFF70EFF94
:10749000361A67EB0107012E77F1000310DB564522
:1074A0001BD8AA684FF496030021484600F026F93D
:1074B0000028CED1236843B3256003B0BDE8F08F28
:1074C0000021484600F0AAF92846FFF731FFC2E73D
:1074D0002168404600F04AFBD2E7484600F0BAF97E
:1074E00000EB0A02DEE741682368994211D030467A
:1074F00000F05AFB9CE741680B7F002B98D10123D9
:107500000B77304600F032FB92E7584600F0CCF89B
:10751000D2E7002323608BE7002BCED1584600F042
:10752000C7F8CAE7F8370020904000200038002054
:10753000804000209C540400FD460020C020002014
:10754000FFFFB40010B5134B13491B68134882B0FA
:1075500058220193082300F015FA044610B1204682
:1075600002B010BD0E4A0F4801A900F05BF80446B6
:107570000028F4D101210B4800F038F90123194605
:10758000094A084800F098F8084B012220461A7072
:1075900002B010BD98540400284000208040002014
:1075A000A9730300C0200020FFFF7F00FD460020DC
:1075B0004AB1A1F101010368B1FA81F14909C3E9B6
:1075C0000412002070470720704700BF037F0BB1F3
:1075D000002070472DE93048826104460D46FFF7D0
:1075E00065FE236910EB050B41F1000CC4E902BCF8
:1075F00003B1256121460020BDE83048FFF778BE81
:107600000023014603770120FFF772BE014800F016
:107610004FB800BFC0200020014800F045B800BFAF
:10762000C0200020F0B444791C4D1D4FE600AB197A
:1076300047F824201B7973BB03680A88C3F8082520
:107640008A7890F904305201002BD1B2DFB21CDBF2
:107650005A09920002F1604203F1604302F561426F
:1076600007F01F074FF0010C03F561430CFA07F711
:1076700083F80013C2F880711760AB19012245F836
:1076800034001A710020F0BC7047064B07F00F075A
:107690003B441976F1E70820F0BC70479440002085
:1076A0009C400020FCEC00E0036801221A60704757
:1076B000036801225A60704770B48C0004F5A0740E
:1076C0000068A4B24FF480358D400026C0F80853FE
:1076D000C0F84853065183B00459019401F5A871CC
:1076E00022F07F42019C40F82120C0F844530BB1A6
:1076F000C0F8045303B070BC704700BF2DE9F04FD1
:1077000004684FEA81084FF480358D4004EB080C83
:1077100008F5A076C4F84853B6B2C4F808538146B9
:107720000F464FF0000AD4F80415DCF84005CCF8F9
:10773000401544F806A085B0401A20F07F40A159BA
:10774000029101289B4622F07F42029B0ED1264BDC
:10775000019243F001034FF480609847D9F800404C
:10776000019A44F806A0A3590393039BD4F8046537
:10777000C4F84453931B23F07F43012B18D107F522
:10778000A877194B013244F8272043F001034FF446
:1077900080609847D9F80040D4F804359E421FD144
:1077A0000020C4F84453C4F8045305B0BDE8F08F7A
:1077B000A044531EC8F84025D4F80415CBF1FF1B94
:1077C0005B1A0BF57F4B23F07F439B4508D3002BBF
:1077D000E6D10132C8F84025D4F804359942DFD00B
:1077E0000D2005B0BDE8F08F702A04000368022266
:1077F000C3F8442309B1C3F8042370470368D3F8DE
:10780000040150B1002282B0C3F80421D3F804313E
:107810000193019B012002B07047704702684FF44A
:10782000803303FA01F1C2F84813C2F80813704715
:10783000890001F5A07189B20368585840B100224F
:107840005A5082B05B580193019B012002B07047EF
:10785000704700BF0368D3F80405704790F90430FF
:10786000002B09DB5A09403203F01F0301210348B2
:1078700001FA03F340F82230704700BF00E100E056
:10788000024A034B10681B68184700BF9440002051
:107890009C400020BAB11268D243C1B130B4014457
:1078A0000C4C4D1E013810F8013F082153405A0876
:1078B000DB0748BF624001391346F8D18542F2D157
:1078C000D04330BC70474FF0FF320029E6D1D0439F
:1078D000704700BF2083B8ED10B483B050E8013F7B
:1078E0009CB2B0F80EC06444B0F80CC0644528BF28
:1078F000A4EB0C04B0F808C0644502BFBFF32F8F9F
:10790000002208E0C4EA030440E8014CBCF1000F87
:10791000E4D14FF001028DF803200193019B9DF803
:1079200003000B6003B05DF8044B704710B483B0E4
:1079300050E8023F1FFAA3F4B0F806C0644502BF46
:10794000BFF32F8F002211E0B0F80EC06444B0F8EE
:107950000CC0644528BFA4EB0C04C3EA044440E80F
:10796000024CBCF1000FE3D14FF001028DF803206F
:107970000193019B9DF803000B6003B05DF8044B7D
:10798000704700BF99B110B4B2FBF3F403FB1424A9
:10799000A4B244B9C0E9001484608281C381204646
:1079A0005DF8044B704709205DF8044B70470E20CA
:1079B000704700BF82B050E8022FC188B2EB324F4F
:1079C0004FF0000317BF92B241EA014142EA014180
:1079D00004E04268B2EB324F08BF012340E80212D4
:1079E000002AE8D18DF807309DF80730002B0CBF36
:1079F0001120002002B0704738B50446FFF76CFF35
:107A000010B10B882068184438BD00BF0A884B8825
:107A10009A4201D00020704750E8012FC2EA02428A
:107A200040E80123002BF7D10120704738B5044608
:107A3000FFF77CFF10B14B882068184438BD00BFA9
:107A40000A884B889A4201D00020704750E8022FE4
:107A5000C2EA224240E80223002BF7D101207047FE
:107A600033DF7047064A074B10B5002414701C60C2
:107A7000BFF35F8F0449054800F062F8204610BD4F
:107A8000FF460020A8400020A8540400A040002089
:107A90002DE9F041244E05460121304604F0FCFF5B
:107AA000BFF35F8FD8B9042D2BD0204B1A789AB929
:107AB0001F4C012225701A701E4F7B688BB1B8468F
:107AC00005E0404600F046F87B6853B125781B6816
:107AD000284698470028F4D1BFF35F8F3060BDE897
:107AE000F0812378023B012B0ED903F0FBF9C0B9DA
:107AF0004FF080430122C3F80025BFF34F8F20BF12
:107B0000FDE70B4C2578D7E7BFF34F8F0A490B4BA6
:107B1000CA6802F4E0621343CB60BFF34F8F00BF2B
:107B2000FDE7FFF79DFFE3E7A8400020FF460020A8
:107B3000FE460020A040002000ED00E00400FA0511
:107B4000D1E900329342C0E9001304BF002343602F
:107B5000704700BF436843B10268D2E901210B447A
:107B60009342436004BF00234360704770B544688C
:107B7000064620680D4618B908E02468206828B138
:107B8000B368294698470028F7D120682860256007
:107B900070BD00BF4368186808B102681A6070477A
:107BA00043681868704700BF4068036873B18B4230
:107BB00003D107E0814204D0034618680028F9D1B8
:107BC000704718460B6803600120704718467047DD
:107BD0006DDF704779DF70477DDF704764DF704786
:107BE0002DE9F04F83B004880C9EBDF83490B6F8B0
:107BF00000A0002C39D09846002317468B46054636
:107C00001C4603E02A880134A24224DD6A6852F847
:107C10002400019000220DF1030101A8FFF7DEFF0F
:107C200020BB9DF80320BA42ECD13288D11903B3AE
:107C300049452BDC42440DF1030101A80123FFF764
:107C4000CDFF98B931889DF803200A4432802A88F4
:107C50000134A242DADC43B13388013BA3EB0A03CF
:107C60009BB2FF2B12D808F80A30002003B0BDE801
:107C7000F08F02310132894592B207DB328008F879
:107C800002B03288013292B23280D3E70C2003B0C6
:107C9000BDE8F08F2DE9F04182B01746089CBDF891
:107CA000245000940195022206469846FFF798FF5B
:107CB00010B102B0BDE8F08143463946304610228B
:107CC000CDE9084502B0BDE8F041FFF789BF00BF2C
:107CD0002DE9F04790F82D3017881446002286B021
:107CE00005460E462280002B40F0FC80AB78002B2E
:107CF00040F0FE80EA78A2B12388D91CB94200F294
:107D0000F3800221F154238801339BB201212380A7
:107D1000F15423880B449BB22380F25423880B44F4
:107D200023806B68B3B12288D11CB94200F2DC8099
:107D3000022093F90010B054238801339BB20A2229
:107D40002380F254238801339BB22380F15423888B
:107D5000013323802B89002B40F01B812B8A002BC1
:107D600040F024812B8B002B40F02D812B6A002BBF
:107D700044D02288911DB94200F2B68019880529A5
:107D800040F203816FF4486801EB080080B24FF2C3
:107D90007D3C604540F2F9805888052840F2F58026
:107DA0006FF4486E86441FFA8EFEE64540F2ED8081
:107DB0004FF6FF7C614504D0604502D0814200F25D
:107DC000E4800521B1542288013292B2122122802E
:107DD000B1542288013292B222801988B1543244BF
:107DE000090A51702288023292B222805B88B35411
:107DF00032441B0A53702388023323806B6A002BA2
:107E00002FD09988B4F800C0881C0CF102020244FB
:107E1000BA4269D8FE2867D8033106F80C102288C8
:107E2000013292B2FF212280B1542288013292B2F3
:107E300022801988B1543244090A517020880230D6
:107E400080B220809A8862B199680393002900F07B
:107E50009C8030440AF006FA039B9A8823881344D6
:107E6000238095F82C30002B40F08A802878002859
:107E70003BD02B88012B00F08880228802F1020C75
:107E8000BC4531D8012804D16B78023313449F429A
:107E90002AD3BB1E9B1A06A99BB221F8083D06EB0C
:107EA0000C00FFF799FE00BB2978BDF810200229CD
:107EB00000F0E18068789042C0F0D8809342C0F032
:107EC000D5800921FE2A0FD82388501CF05423881E
:107ED00001339BB22380F154238801331A4422805A
:107EE000002002E0082F23D80C2006B0BDE8F08760
:107EF00023880433BB42F7D804A8FFF76BFE0028A1
:107F0000F3D12388BDF810200321F15423880133D5
:107F10009BB219212380F154238801339BB2F118BD
:107F20002380F254120A4A70238802332380E1E648
:107F300004A8FFF74DFE0028D7D123889DF8102014
:107F40000821F154238801339BB21B212380F15473
:107F5000238806A901339BB251F8070D2380F05006
:107F6000334489889980238806339BB212F0FE023D
:107F700018BF01222380F254238801332380B5E601
:107F8000D5F82880B8F1000F2AD1072006B0BDE847
:107F9000F087CDE9004733460622022105F10800AB
:107FA000FFF778FE00283FF4D9AE9EE7CDE9004701
:107FB00033460722032105F11000FFF76BFE00286E
:107FC0003FF4D0AE91E7CDE90047334615221421A6
:107FD00005F11800FFF75EFE00283FF4C7AE84E706
:107FE000B8F804300233FE2B3FF67EAF4FF00009A5
:107FF0004FF0160A22880133B354238801339BB211
:10800000238006F803A0238801339BB22380B8F8AD
:108010000020F2543344120A5A702088023080B291
:108020002080B8F8043030441A465BB1D8F80830E4
:108030001946002BA9D00AF015F9B8F804202388B6
:108040001344238009F1010995F82C305FFA89F96E
:108050004B4509EB49087FF609AFAB6A03EB88088B
:10806000B8F804300233FE2BC4D93DE7012906D00D
:108070001A46082126E79342BFF423AFF8E783426C
:10808000F6D3024608211DE775DF704776DF70479B
:108090007ADF70477BDF704730B51D4B1A8884B29A
:1080A000A24283B001D003B030BD1A4D187A297BAB
:1080B00088420FD32A7C00211972E2B96B69002B28
:1080C000F1D00022ADF806408DF8042001A89847B1
:1080D00003B030BD104603F10A01FFF7D5FF28B108
:1080E0001128E0D0AB69002BF1D1DCE71A7A01321C
:1080F0001A7203B030BD3B212046FFF7C7FF30F0B6
:108100000803DBD0AB69002BD8D09847D6E700BF77
:10811000C8400020AC40002070B54B7A82B00246C7
:108120007BB90F4C0E7A4868D4E90153002E0CBF7E
:1081300029461946FFF74AFA08B1A3696BB902B09C
:1081400070BD074B5B6900200872002BF7D001213E
:10815000ADF806208DF8041001A8984702B070BD54
:10816000AC4000208388B3F5FA7F28BF6FF4F97222
:1081700030B428BF9D1804884A8838BF002594422F
:108180000DD8408890420AD38888A84207D303F2CA
:10819000F313834234BF0020012030BC704700201D
:1081A00030BC70470288112A70B503462FD01BD906
:1081B000122A07D0502A04D13A4CC188E289914250
:1081C00036D070BD384C828825889542F9D100F1AF
:1081D000080104F10A00FFF7C5FF60722146284636
:1081E000BDE87040FFF798BF102AEAD1C27B012A90
:1081F000E7D12D4C21884FF6FF7291422FD0294BA9
:108200009B69002BDDD00420BDE870401847264C48
:10821000828823889A42D4D16068FFF7F1F918B1B7
:10822000204B9B6903B198474FF6FF73238070BDC5
:10823000028A022AC5D11C4D82882E889642C0D15E
:10824000123000F061FA30BB6868FFF7D9F90028F6
:10825000B7D0A369002BB4D0BDE870401847134ACB
:108260008588258003CA04F10A02C4F80E1003F1C0
:1082700010010023C4F80A0023721046FFF772FFB2
:10828000084B6072DB89002B9BD121462846BDE854
:108290007040FFF741BF29463046BDE87040FFF708
:1082A0003BBF00BFAC400020C8400020DC400020A5
:1082B00000282FD0F8B5054606460FCD164F3C4690
:1082C0000FC4844695E80700144B3B6084E8070020
:1082D000BCF1000F18D06046FFF7DAFE98B932689B
:1082E0001068516803C30E4B0E490F4A18464FF6EB
:1082F000FF7440F8041F1C800021FFF759F9002883
:1083000014BF03200020F8BD1846FFF7C3FE002865
:10831000E9D0F8BD0E207047AC400020DC400020C2
:10832000C84000200838002099800300F0B583B0D1
:108330000190A1B1019D7DB100240E46174625464E
:10834000214601A804F064FB394610B1A0B2B04741
:1083500001350134142CF3D1284603B0F0BD0D468D
:10836000284603B0F0BD00BF0146014804F050BBF1
:10837000E840002070B582B006460191019D6DB1C4
:1083800000242546214601A804F042FB18B106EB63
:10839000450301359C800134142CF3D130463560FF
:1083A00002B070BD2DE9F0470388B0F80480103B9F
:1083B0008CB007460A2B1BD8DFE803F02F281A1AC7
:1083C0001A1A1A1A1A1D0600047A38482409032CAE
:1083D00041464BD804F012FB032C49D041463448A7
:1083E00004F00CFB022C47D04146324804F006FB57
:1083F0000CB0BDE8F087037A002BF9D1437A2B4803
:108400001B0741464FD404F0F9FAF1E741462A48E8
:1084100004F0F4FA0CB0BDE8F087284EB3680CA85D
:10842000DB4340F8303D716804F058FB009901A827
:10843000FFF7A0FF019B83B10DF106097C3609EB24
:10844000430A39F8025F1E4C20462946043404F0E2
:10845000D5FAA642F8D1D145F3D1B8F1130F12D90C
:10846000042003F0A5F90CB0BDE8F08704F0ACFAE5
:1084700041460F4804F0A8FA41460E4804F0A4FA19
:108480000CB0BDE8F08741460B4804F09DFA414628
:108490000B4804F099FAFB7B012BA9D0414609480F
:1084A00004F092FAA4E704F08FFAA1E7FC40002060
:1084B000F8400020F4400020EC400020E440002080
:1084C000E8400020F0400020132801D90020704728
:1084D000FFF74ABF132801D900207047FFF744BFB8
:1084E000132801D90020704710B50446FFF73CFF60
:1084F00008B9002010BD2146034804F089FA00287D
:1085000014BF0220012010BDEC400020132801D927
:108510000020704710B50446FFF726FF08B9002079
:1085200010BD21460248BDE8104004F071BA00BFFA
:10853000F4400020132801D90020704710B50446EC
:10854000FFF712FF08B9002010BD21460248BDE820
:10855000104004F05DBA00BFF8400020132801D994
:108560000020704710B50446FFF7FEFE08B9002052
:1085700010BD21460248BDE8104004F049BA00BFD2
:10858000FC40002070B50A4B82B002AE9B6846F8F2
:10859000043D00252C462146304604F039FA0134CA
:1085A00000B10135142CF6D1284602B070BD00BFD1
:1085B000E440002070B50E4A82B0D36802A8DB43C5
:1085C00040F8083D02AE916804F088FA009B46F836
:1085D000043D00252C462146304604F019FA0134AA
:1085E00000B10135142CF6D1284602B070BD00BF91
:1085F000E440002010B5034B04465968FFF7BAFE6B
:10860000204610BDE440002010B5094982B0CA6878
:1086100002ABD24343F8042D04468968184604F09F
:108620005DFA20460199FFF7A5FE204602B010BD75
:10863000E440002008B51821024804F0F3F9C0B264
:1086400008BD00BFE440002070B50C4C0546204634
:108650000E4604F0DDF908B1132D01D9002070BDDC
:108660002846FFF781FE0028F8D0F01D04EB8000BB
:108670002946BDE8704004F0CBB900BFE4400020BB
:10868000F8B50E4C0546204617460E4604F0C0F9D4
:1086900008B1132D00D9F8BD2846FFF765FE002864
:1086A000F9D0F01D04EB800029461FB9BDE8F84061
:1086B00004F0A4B9BDE8F84004F086B9E440002015
:1086C000034B9B680A4601461846FFF72FBE00BFC2
:1086D000E4400020F8B50A4C05460E4620462946DF
:1086E000174604F095F900B9F8BD063504EB85048A
:1086F0003A4660683146BDE8F840FFF717BE00BF54
:10870000E4400020AADF7047007800F001007047C5
:108710000078C0F34000704770B58C7890B0134675
:10872000002C40F0AF8001228DF80E204A7C0C888E
:10873000ADF80C40013A00248DF80240ADF800403D
:10874000042A09D8DFE812F00500C600CA00CE00EE
:10875000C20011228DF800208C7C013C042C09D829
:10876000DFE814F00500C800CC00B000C4001122FE
:108770008DF80120CD7B9DF802400A7C0E7B65F3CD
:10878000C3040D7D62F30414002D4A7B14BF02253F
:10879000012566F3000465F3420412F0300F4FF038
:1087A00000058DF80240CDE90955CDE90B55CDE91D
:1087B0000D550F9569D10022CDE906224D7B089217
:1087C0008C688A7B8DF824508DF8252003AD8A882B
:1087D000CDF814D00495ADF81C201CB1CA880894BB
:1087E000ADF818208C69002C2FD000268DF806607B
:1087F000ADF804602688227BADF82C606688ADF861
:108800002E6001AD66680A96013A0D95042A28D8B3
:10881000DFE802F024948488900011228DF805206E
:10882000A67A9DF80650E27A66F3C30562F3041552
:10883000A27B267A002A2C4666F3000414BF02228B
:10884000012262F342048DF80640CA6902B10C921B
:1088500009A904AAFFF756FF10B070BD11228DF8C8
:108860000420627B013A042ADAD801A555F822F0E7
:108870001B8803000D890300158903000589030087
:108880002D8903008DF80E4050E7CA7CADF80850E2
:10889000013A8DF80A50042A07D8DFE802F0035F96
:1088A0005B57530011228DF809209DF80A2002AC75
:1088B0000E94012464F3420211248DF80A208DF8ED
:1088C000084078E712228DF8012053E722228DF824
:1088D000002041E721228DF800203DE731228DF86C
:1088E000002039E712228DF8002035E722228DF88A
:1088F00001203FE721228DF801203BE731228DF84E
:10890000012037E712228DF8052089E721228DF812
:10891000052085E731228DF8052081E731228DF889
:1089200004209EE712228DF804209AE722228DF877
:10893000052075E722228DF8042092E721228DF888
:1089400004208EE722228DF80920AEE712228DF84E
:108950000920AAE731228DF80920A6E721228DF807
:108960000920A2E790DF7047A5DF7047B5DF7047A9
:1089700010B5002384B004466A46184602A9ADF833
:108980000840ADF80A4003930093ADF80430FFF7B8
:10899000E9FF04B010BD00BF08B90E20704730B425
:1089A00003464FF017151B240020172219611D6084
:1089B00041F61B311C71DA801A819872D872998144
:1089C00030BC70478388C3B930B50288232A83B08E
:1089D0000C4613D036D93A2A18D0552A3FD0242A2B
:1089E0005ED0A37A3BB1E1880020FFF7BDFF10B94C
:1089F0000123A072E37203B030BD7047007A0B7B95
:108A0000984228BF1846FFF7B3FFEAE74289C988B2
:108A100025698A4228BF0A46172A38BF17222281B1
:108A200065B1E17A51B140F67721ADF80010ADF8AB
:108A30000230ADF8042069462046A8470023E372BF
:108A4000A372D8E7102A3FD0112ACAD1172241F6C3
:108A50001B31A372E372E2802281A181CBE7C2883D
:108A6000C988A372172A38BF17228A4228BF0A462C
:108A700018462281FFF77AFFE37A002BB1D12269F1
:108A8000002AAED02189ADF8023040F67720ADF84B
:108A90000000ADF80410204669469047A37AA1E78C
:108AA0000A69017A6173002A9BD04DF67A20ADF8ED
:108AB0000430ADF802308DF80410ADF800006946BE
:108AC00020469047A37A8DE7C37B08790873012B72
:108AD0000CBF2188C988238908BFE1808B4204D359
:108AE000637B8342BFF47DAF8DE70020FFF73CFF3F
:108AF00018B90123E372207BF2E7112809BF012393
:108B0000207B207BA372EBE72DE9F041DFF8988012
:108B100000238AB04FF6FF7088F80030CDE90033AB
:108B200000F0E8FC4FF6FF76B0421FD0044648F252
:108B3000096707E000F070FC204600F0DBFCB04263
:108B4000044613D0A4F58045ADB228466A4602A972
:108B500003F088FEB8422046ECD0284603F0F2FD30
:108B600048F207629042034603D043B90AB0BDE819
:108B7000F081012388F800300AB0BDE8F0810022BE
:108B80000721079305A84FF6FF73CDE90522CDE92C
:108B90000822ADF818408DF81410ADF8163000F02A
:108BA00065FA0AB0BDE8F0810047002010B583895E
:108BB000047886B003F5804300229BB2611ECDE9A4
:108BC0000122CDE90322ADF808300592042913D81B
:108BD000DFE801F03232321903004368002B55D12F
:108BE00013238DF804304FF6FF7301A8ADF8083059
:108BF000ADF8063000F03AFA2D4C23780BB1FFF7B0
:108C000083FF06B010BD43F6FE729342F4D8C289CA
:108C1000002AF1D14268002A42D00B2303928DF83A
:108C20000430234C01224FF6FF7301A82270ADF8E7
:108C3000063000F01BFAE0E743F6FE729342C1896A
:108C40001ED8D0E90132A4F10304B4FA84F4640913
:108C50008DF80C108DF80D400492E3B99DF8143096
:108C6000082243F001038DF814308DF804204FF6EC
:108C7000FF7301A8ADF806300D4C00F0F7F9BCE722
:108C800001F580439BB29342DBD9B5E714220393ED
:108C90008DF80420A7E7092205938DF80420E6E764
:108CA00018460A238DF8043000F0B6FBB9E700BF80
:108CB0000047002010B5A1F5804182B0A0F58040AA
:108CC000002489B26B4680B2CDE9004403F08EFDEA
:108CD000A04214BF0520204602B010BD30B5184890
:108CE00089B003F063FB30BB03F078FB0546F0B9B5
:108CF00000F072FBCDE903550DE005A803F0C2FCBE
:108D0000019B9C8804F58044A4B205A803F0E4FC10
:108D1000204600F069FB05A903AA4CF2070003F006
:108D200081FD01A90028E8D0284609B030BD86257C
:108D3000284609B030BD0325284609B030BD00BF24
:108D4000AD8B0300F0B5FF2887B004D8012906D009
:108D50000C1F052C03D90725284607B0F0BD164681
:108D600003AA1F460C46FFF7A5FFE0B901A903A817
:108D700003F088FC0546B0B9019BB4705B88338072
:108D80000299A7B13A6870689C00A24228BF2246A7
:108D9000164609F067FAB4420BD803A803F09CFC0E
:108DA000284607B0F0BD0525284607B0F0BD716024
:108DB000F3E70C25F8E700BF024B0022C3E90022CD
:108DC000704700BF60410020012804D0031F052B1D
:108DD00001D90120704770B5044686B0A0F58040E7
:108DE00016460D4680B203A90D4A03F01BFD10B1D3
:108DF000002006B070BD01A903A803F043FC0028C1
:108E0000F6D1DDE9012193885288328003F5804351
:108E1000B470716003A82B8003F05EFC0120E8E7CA
:108E200060410020F0B5FF2887B005D88C78012C70
:108E300006D0231F052B03D90724204607B0F0BD19
:108E40000B46A4F5804621465C681B88ADF802609D
:108E5000A0F58047154603AAADF80070CDE901439F
:108E6000FFF728FF052813D0694603A803F062FC2A
:108E7000044648F206639C421AD00FD948F20763B1
:108E80009C4203D048F20D639C420FD11124D4E7D9
:108E9000694603A803F04AFC0446EAE734B9002D0A
:108EA000CBD0294603A803F0FDFCC6E70324C4E7A2
:108EB0008624C2E74FF6FF7000F096BAFF2806D866
:108EC00008B500F097FAFFF71FFE002008BD072045
:108ED000704700BF00F0B4BA00F0BCBA00F0E2BACC
:108EE00000F008BB00F00CBB70B41D4E054600221C
:108EF00002EB4203980036F82330AB4205D0013232
:108F0000042AF5D1002070BC7047304483788B422E
:108F10001ED0531C042BF5D05800C41836F824403A
:108F2000AC420ED002EB420206EB820202E09489D0
:108F3000AC4205D00133042B02F10C02F7D1E1E77A
:108F40005800184406EB80001A4683788B42E0D123
:108F5000837A9B07DDD14368002BDAD170BC704760
:108F6000B842002070B5037A05465BB10D4E00246F
:108F7000697A2144C9B2304601F060F82B7A013495
:108F8000A342F5D8AB7A002203F0FD03FF204FF691
:108F9000FF716FF3000368722A72AB722980A970A7
:108FA0006A6070BDA842002010B582B08278417A14
:108FB000044600232B48CDE900338DF8022001F050
:108FC00023F8002839D0237AA178019003EB83039A
:108FD0009B004A1EADF800308DF80210072A08D811
:108FE000DFE802F01E070707071E042E1423ADF862
:108FF00000306946221D2088FFF714FF07280DD096
:1090000012D9112822D0862817D1A37A164A03F044
:10901000FD0343F001030121A372117002B010BDE2
:109020000123ADF80030E4E738B9A37A60F34103D7
:1090300060F30003A37202B010BD032002B010BDA4
:10904000838809339B08ADF80030D2E7A37A064A3B
:1090500043F002036FF3000301210020A37211709B
:1090600002B010BDA8420020014700202DE9F047C2
:10907000444EC168044686B03746334600205A68DD
:10908000914203F10C0375D001300428F7D1002080
:109090002378092B19D0132B69D0082B5FD04FF000
:1090A0000008204600F0EEFA204601F08DFDDFF8C2
:1090B000D890204604F050FB204604F01DF999F8A2
:1090C00000307BB906B0BDE8F087637A002BE6D1AB
:1090D000002854D0827ADFF8B090436042F0020258
:1090E00098468272002489F800404FF0010A63001C
:1090F0001A1907EB8202927A91072DD4D20727D54D
:1091000089F800A0B8F1000F22D023449D00701907
:10911000FFF74AFFE0B17B5BADF8083086284FF6D9
:10912000FF73ADF8063016BF03900623072301A88E
:109130008DF8043000F0A6FA01A801F045FD01A861
:1091400004F00AFB01A804F0D7F806B0BDE8F087E8
:109150000134042CCBD1B5E789F800A0D5E7657AB6
:10916000002D9CD158B1FFF7FDFEA84699E74FF0BE
:10917000010896E700EB400007EB800088E7804697
:109180008FE700BFB842002001470020F0B5174E1E
:10919000002183B033460D464FF6FF74FF2701EBE5
:1091A000410206EB82021C809C705F72907A013152
:1091B00000F0FD006FF300000429907203F10C032E
:1091C00003F8045C43F8085CE9D15023CDE90013AF
:1091D0004FF4A072064B0749074800F0C7FE00286D
:1091E00014BF0320002003B0F0BD00BFB842002030
:1091F000E842002068410020A8420020F8B51E4F38
:109200000646002505EB45039A0037F82330B342A4
:1092100005F101040AD0042C2546F3D13046FFF7AE
:109220004DFE10B1072818BF0320F8BD3A449178CD
:109230003046FFF759FE08B1FFF794FE042C234691
:10924000ECD06200111937F82110B1420ED005EBB5
:10925000450507EB850202E09189B14205D0013353
:10926000042B02F10C02F7D1D8E75A001A441D462C
:1092700007EB82025C1CDAE7B84200200023FFF70C
:1092800061BD00BF83B32DE9F041CD1F012D0C4618
:1092900025D8551E032D22D807461E461546FFF732
:1092A00023FE804688B3037AAB421BD198F809109D
:1092B000FF291FD0002788F80850254800F0A4FE99
:1092C00068B305EB85031B019BB29B083380B47028
:1092D00070600FB1082C09D00020BDE8F081072094
:1092E000BDE8F0810F20FBE70E2070479B00063B96
:1092F0008380F1E72946164800F04EFEFF2801461C
:1093000088F809000FD00127D5E7FF214FF6FF703D
:10931000FFF7EAFD804620B107808470C6E703208E
:10932000DEE71120DCE798F80A3088F8020003F045
:10933000FD0300226FF300034FF6FF7188F80A3037
:10934000A8F8001088F80820C8F804201120C7E702
:10935000A842002008B5FFF7C7FD18B1FFF702FECD
:10936000002008BD052008BDCB1F012B01D9072017
:10937000704770B50646104615460C46FFF7AAFD25
:1093800050B130462146FFF7AFFD38B105808470FB
:10939000BDE87040FFF708BE072070BD052070BD16
:1093A0004FF6FF73984210B509D0FF2804460FD836
:1093B0000846214603F012FB50B9204610BD08466E
:1093C0004FF4807103F02EFB80B2B0F5807FF5D1B1
:1093D0004FF6FF7010BD00BF40220021014808F089
:1093E00065BF00BFEC4200200149FFF7D9BF00BFB5
:1093F000EC4200204FF6FF72904209D010B50549AB
:109400000446FFF7CDFF201AB0FA80F0400910BDE6
:10941000002070470C430020FF2800D9704710B58A
:1094200001460446044803F0E9FA21460348BDE832
:10943000104003F0E3BA00BFEC4200200C430020D0
:10944000FF2801D9002070470146014803F0E0BA27
:10945000EC420020FF2801D9002070470146014856
:1094600003F0D6BA0C43002038B54FF6FF7398428C
:109470000D4615D0013084B2FF2C04D90CE09CB20B
:10948000B4F5807F08D02146284603F0C1FA631C5A
:109490000028F4D0204638BD4FF6FF74204638BD72
:1094A0000024F0E7F8B51149FFF7DEFF4FF6FF752E
:1094B000A84217D0FF28044612D80D4EA6F1200767
:1094C00007E02046FFF7D0FFA84204460AD0FF2C51
:1094D00006D82146304603F09BFA39460028F0D1E1
:1094E0002046F8BD4FF6FF742046F8BDEC42002040
:1094F0000C4300200149FFF7B7BF00BF0C43002019
:1095000070B50024064E25462146304603F080FA09
:109510000134B4F5807F0544F6D1284670BD00BF04
:10952000EC420020074B1A7802B9704710B5044688
:1095300004F0D8FC204601F0A3FB2046BDE8104013
:1095400003F0BCBF0347002010B504462046FFF7D8
:10955000C5FC0446FFF7C0FC0028F7D1204610BD2B
:1095600010B582B0002401926A460094FFF7EAFB2E
:1095700002B010BD2DE9F04F87B083464FF6FF7063
:109580008A4601929946FFF7A9FC00250421CDE9FE
:10959000031503AB04AA062102AE04460295059604
:1095A000FFF7D0FB07283FD04FF6FF77B8464FF0C4
:1095B000FF3660B1052814D12046FFF78FFC03ABBE
:1095C00004AA06210446FFF7BDFB0028F2D1029B46
:1095D000AB4224BFA0461D46B3423CBF1E462746B1
:1095E000EAE74FF6FF739C421AD1A04520D0A7426C
:1095F0000CBF05200020BBF1000F01D0ABF80080AC
:10960000BAF1000F01D0CAF80050019B03B11F80CE
:10961000B9F1000F05D0C9F8006007B0BDE8F08FC0
:10962000032007B0BDE8F08F052007B0BDE8F08F3C
:109630000520E0E70F4B70B51C7814B90E4B1C7079
:1096400070BD0E4D0E4E0023294630461A46FFF7D8
:1096500091FF052805D0B0FA80F4074B64091C700F
:1096600070BD00232B60044B4FF6FF7232801C70DC
:1096700070BD00BF03470020054700202C43002099
:10968000E24600202DE9F041054686B0808804F0CE
:10969000EBFA2B786880083B032B3BD8DFE803F01C
:1096A000283D1702654A664E11783378002940F04C
:1096B0008A804BB1634F002457F8243028469847DE
:1096C000337801349C42F7DB06B0BDE8F0815B4C97
:1096D0002378002B37D15C4B1B78DBB15B4BAA881E
:1096E0001B889A4216D1564EFFF7A4FF3378E0E765
:1096F0006B7A2BBB56490A681AB1E868824200F0BF
:109700009480514B1B782BB1504BAA881B889A42EE
:1097100000F086804A4E3378CBE7494E6A7A337838
:10972000002AC6D14A4801680029C2D0EC68A1428B
:10973000BFD1484C02602168EA6001392160B8E776
:10974000012BE7D1DDE74FF6FF70FFF7C7FB4FF6C0
:10975000FF7398420646BED1FFF7C2FBB042BAD1B2
:10976000374E327800230DF104080C210193237049
:10977000C8E90133C8E90333ADF80800ADF80600C5
:109780008DF804109AB12F4F1C4657F82430284604
:109790009847337801349C42F7DB43B1002457F8F3
:1097A000243040469847337801349C42F7DB264BFF
:1097B0001B78002B88D0254AAB8812889A4283D127
:1097C000FFF738FF80E70DF1040800240D21019414
:1097D0001470C8F80440C8E903444FF6FF728DF8CE
:1097E0000410A968ADF80820ADF806200391002BFD
:1097F0003FF46AAF134F57F8243028469847337820
:1098000001349C42F7DB002B3FF45EAF002457F895
:10981000243040469847337801349C42F7DB53E7C5
:109820002B7A062B7FF476AF5DE7084A044EA888B2
:109830000B60EB60108033783BE700BF02470020ED
:10984000044700203043002005470020E246002066
:109850003C4300202C43002078B1F8B5074E337804
:1098600053B1074F0546002457F82430284698473F
:10987000337801349C42F7DBF8BD70470447002081
:1098800030430020F8B5074E337853B1064F0546F4
:10989000002457F8243028469847337801349C42F6
:1098A000F7DBF8BD0447002030430020FFF7EABF94
:1098B000FFF7E8BF38B5FFF711FAD0B9FFF766FC3C
:1098C000B8B901F0A5F9A0B900F078FC88B903F0A7
:1098D00079FD70B903F04CFF58B9074A074C0849A5
:1098E000084B10604FF6FF750122258008701A7032
:1098F00038BD032038BD00BF3C430020E2460020B5
:1099000005470020034700200A4B1B787BB10A4A19
:109910001378022B09D810B4591C084C117044F864
:10992000230000205DF8044B704704207047082096
:10993000704700BF03470020044700203043002049
:10994000034B1B780BB101F0B5B90820704700BF7D
:109950000347002008B5054B1B782BB101F0CCF96B
:10996000082808BF112008BD082008BD03470020B3
:1099700009B101F0BFB97047024B1B7803B97047BA
:1099800003F060BE03470020034B1B780BB104F0CB
:1099900003BA0820704700BF03470020034B1B7821
:1099A0000BB104F08FB90820704700BF03470020B7
:1099B000034B1B780BB101F05BB80820704700BF68
:1099C00003470020084B1B7843B151B110B50C463A
:1099D00004F0D8F800232080184610BD082318464C
:1099E00070470E231846704703470020024B187833
:1099F00000B97047FFF776BA034700202DE9F04F12
:109A0000614C94F8008089B0B8F1000F00F09F809D
:109A1000894600294CD08246002849D014460A685D
:109A20000192002A00F09A80072B00F297804FF6EF
:109A3000FF750027AC420F6000F09B80002203F00E
:109A4000020117460492CDE905220792009103F026
:109A5000010203F00401CDF80C80CDF808A003F05A
:109A60000305884692467DB1002306AA07212046B9
:109A70000793FFF767F9052827D0D0B9BAF1000F8F
:109A800041D1009B002B6DD1B8F1000F5CD1029A3F
:109A900022F81740019A7B1C9A421F4602D93A4B82
:109AA0001B784BB9C9F80070002009B0BDE8F08FF1
:109AB0000E2009B0BDE8F08F2046FFF745FD4FF6B8
:109AC000FF7398420446CED1ECE7BAF1000F42D1C1
:109AD000009B002B49D1B8F1000FE0D0DDF80CB0AD
:109AE000002304AA092120460593FFF72BF9052836
:109AF000D5D00028DDD1059B1B68002BCFD0BBF152
:109B0000000FCCD1C3E78346079B5A7C12F0FC0FB1
:109B1000009A13D0002ADED0DDF80CB003F110015A
:109B200001E09942D7D013F8012F002AF9D0B8F1FB
:109B3000000FD5D1BBF1000FB1D1A8E7002AEDD1BC
:109B4000B8F1000FF6D0CBE74FF0000BC8E70820C4
:109B500009B0BDE8F08FDDF80CB0D5E7072009B0FB
:109B6000BDE8F08F079BD346D8E7079BDDF80CB024
:109B7000D4E720460093FFF7E7FCA8420446009B89
:109B80007FF45CAF90E700BF0347002000B50B4BAC
:109B900083B01B785022019243B159B10A4601AB00
:109BA0000721FFF7DDFC03B05DF804FB082003B0DC
:109BB0005DF804FB0E2003B05DF804FB03470020B2
:109BC000034B1B780BB104F061B80820704700BF4D
:109BD0000347002010B4054C24781CB15DF8044BF9
:109BE000FFF7C8BC08205DF8044B7047034700200E
:109BF000354B1B78002B38D02DE9F041334B344DD9
:109C0000064693E8030088B02B7801AC84E8030093
:109C100013B3DFF8C880D8F8005015BB2D4B2E4F7A
:109C20001A883B68B24224D05A1C20D00133214606
:109C300030462A4A3B60FFF7F5F898B13B680022AE
:109C4000013B11283B60C8F800200AD0862809D0C3
:109C5000072818BF032005E0FFF7ECFC2B78002B4A
:109C6000D7D1112008B0BDE8F0810820704713203B
:109C7000F8E7002BDAD008233046194C0795CDE9D8
:109C80000355CDE905558DF80C3003F0EDFF9DF837
:109C90001C302278ADF80E0065F300030621ADF804
:109CA00010608DF8155006958DF81C308DF8141045
:109CB00042B10C4E56F8253003A898472378013559
:109CC0009D42F7DB0020CDE703470020B454040099
:109CD00005470020E24600202C4300203C430020A2
:109CE000044700203043002076DF704710B504465B
:109CF00082B059B901A9FFF75BFE43F2020290421C
:109D000000D0B0B99DF804309B0710D40021204644
:109D1000FFF720FE58B1112809D00D2810D00B28CC
:109D200005D043F20202904201D001F041FD02B0A1
:109D300010BD01F03DFD9DF804309B07F7D4E5E729
:109D400020461321FFF7D0FFF1E700BF017839B1BA
:109D5000072900D0704780680028FBD001F028BD9B
:109D60004088FFF7C3BF00BF2DE9F041037886B0FC
:109D70000446142B1BD8DFE803F00B1A4C1A1A1AEE
:109D80006A1A1D1A1D1A1A1A1A1A1A1A1A235C00AC
:109D90008088FFF72DFF862868D0112866D0132809
:109DA00003D8584BC340DB0701D401F001FD06B0D6
:109DB000BDE8F081544B01221A7006B0BDE8F08175
:109DC000524B534A1C68504B524F002504F108086F
:109DD00015701D704FF6FF76624202F0070204F024
:109DE000070358BF5342013437F81320B24201A889
:109DF0000AD0029527F813600195CDE90355059522
:109E0000ADF80820FFF7B0FFA045E5D106B0BDE8EA
:109E1000F081037A012BCAD800238288059301A818
:109E2000CDE90133CDE90333ADF80820FFF79CFFFE
:109E3000BDE78368364948F20D62002093420870FE
:109E400002D0B3F5064FB2D100F066F8AFE7304C60
:109E50002378002BABD12C4D2B78E3B102F09CFC86
:109E6000B0B148F207629042A1D09EE72749294A43
:109E70000B68A08822F8130001335A4202F007024F
:109E800003F0070358BF53420B6000F045F88EE71C
:109E9000012323708BE701A802F00EFD30BBBDF853
:109EA0000A30002B14BF012300232B70D6D10023CE
:109EB00001AA19461846FFF78DFE064628B1431F32
:109EC000012B7FF674AF30466FE7BDF80400FFF753
:109ED00077FE064608B101F06BFC0122731F934226
:109EE0002A707FF664AF002EB8D0ECE701F060FC7A
:109EF000BDF80A30002B14BF012300232B707FF420
:109F000056AFD4E7C10008000F23002040430020D3
:109F100006470020C820002000B587B00023062295
:109F200001A8CDE90133CDE9033305938DF8042071
:109F3000FFF71AFF07B05DF804FB00BF42685AB193
:109F4000FF2938B50D4606D00446BFF35F8F104693
:109F500002F05EFD08B938BD70476068BFF35F8FDF
:109F60002946BDE8384002F049BD00BF70B4DDE9C4
:109F7000034570B169B163B105FB04F6964208D898
:109F80003CB135B1C0E90245C0E9001370BC002006
:109F90007047072070BC7047F8B5002830D00368C0
:109FA00006466BB3406858B3B3684BB300250F4601
:109FB000FF2429460EE0FF2C19BF2B1B0133012380
:109FC0002C469F421DD00135B368EDB29D42294613
:109FD00016D2706802F002FDBFF35F8F0028EAD04E
:109FE000FF2C0BD0AC4209D23368214630460BB16E
:109FF000FFF7A4FF0134E4B2AC42F5D1FF24E2E75D
:10A00000FF242046F8BD00BFA8B102689AB142689B
:10A010008AB1FF2938B50D460BD00446BFF35F8FD8
:10A02000104602F0F5FC20B1E368206803FB050050
:10A0300038BD002038BD0020704700BF18B103684C
:10A040000BB1FFF77BBF70477EDF70477FDF704744
:10A0500086DF704710B50446408803F093FDA0806A
:10A060002046BDE8104000F06FBD00BF00B587B0CE
:10A07000002304220193ADF806000DEB0200CDE9A8
:10A080000233CDE904338DF80420FFF7E3FF07B076
:10A090005DF804FB30B50E4D87B0002403948DF8B5
:10A0A0000C10ADF80E202978019422460325049463
:10A0B000ADF806008DF81030029405948DF8045028
:10A0C000FEF7DEFA01A8FFF7C5FF07B030BD00BFFD
:10A0D0001123002030B5134B0A1C87B018BF012292
:10A0E0000C4619780546FEF7CBFA0F4BA4F1010296
:10A0F000B2FA82F2197828465209FEF7C1FA002313
:10A10000012201A801930393ADF806508DF80C408D
:10A110000293CDE904338DF80420FFF79BFF07B0CD
:10A1200030BD00BF1323002012230020F0B51D4BCB
:10A1300087B00D46197816460446FEF785FA38B9F9
:10A14000014633462A462046FFF7A4FF07B0F0BD7C
:10A15000154B20461978FEF777FA04F5807300282E
:10A160004FF0070198B214BF01270227FFF7F2F85A
:10A1700078B105280DD00023CDE901330390CDE956
:10A18000043301A80723ADF806408DF80430FFF72B
:10A1900061FF33462A4639462046FFF77BFF07B06A
:10A1A000F0BD00BF1323002012230020024B0A78C9
:10A1B0001978FEF765BA00BF10230020F8B5184CD7
:10A1C0002378182B28D0174D2B78182B20D0164E1B
:10A1D0003378182B18D0154F3B78182B10D02378D4
:10A1E000182B0BD02B78182B08D03378182B05D0D0
:10A1F0003B78182B0CBF03200020F8BD0320F8BDCE
:10A20000FEF718FA3870EAE7FEF714FA3070E2E762
:10A21000FEF710FA2870DAE7FEF70CFA2070D2E7A2
:10A2200011230020132300201223002010230020DC
:10A230002DE9F0418AB00E4617460546FEF74AF969
:10A2400020220446002102A808F030F8012C10D08A
:10A2500054B1002E6AD1852102AB28460022FFF7B7
:10A26000F5FE0AB0BDE8F08143F202000AB0BDE895
:10A27000F081DFF8D080002298F800102846FEF721
:10A28000FFF9002E5AD0284603F07CFC4FF6FF73EE
:10A29000984229D13378DA0758BF002139D505F51E
:10A2A000807080B26B4601220721FEF7EBFF112878
:10A2B000D7D000283ED101465022019807F0F6FF82
:10A2C00001991F4A0B4601F1180C03F8344B28463C
:10A2D00005974F1C11310293CDE906C7099203F08F
:10A2E00067FC48BB014617E098F800102846FEF7C7
:10A2F000ABF90028CED12846FFF7B8FE98F8001039
:10A300002846FEF7A1F90028C4D13378DB0715D41D
:10A3100085210B4B05970993012C9DD102AB324649
:10A320002846FFF793FE0AB0BDE8F081284603F007
:10A3300029FCAFE7032094E7082092E78521EDE7A9
:10A34000444300201023002038B50C460546FEF794
:10A35000C1F801280AD13CB121462846FFF774FE16
:10A36000042808BF112038BD204638BD43F2020042
:10A3700038BD00BF2DE9F0470388113B88B0044683
:10A38000092B2ED8DFE803F0522D05682D2D2D2D39
:10A39000A1308088FEF79EF8012811D1227AA58885
:10A3A000BA4B12F0010F08BF0226024618BF012661
:10A3B00028461978FEF764F931462846FFF78AFEE9
:10A3C00034F8041F0434002303A805220594CDE9C2
:10A3D0000333CDE90633ADF80E108DF80C20FFF7EE
:10A3E00039FE08B0BDE8F087A94B80881978FEF7E0
:10A3F0002BF905460028F4D1A088FEF787F800283D
:10A4000000F0DA80A14BA08819782A46FEF738F9C7
:10A41000A388ADF80E3003A802238DF814508DF8F0
:10A4200015508DF80C30FFF715FEDAE7037A8588B2
:10A43000964A3D2B284641F23D03117814BF4FF454
:10A4400088541C46FEF700F90028CAD02146284649
:10A450000022FFF76BFEC4E700F11006304603F060
:10A46000DFFB4FF6FF7398420546074678D001465A
:10A47000A08803F001FCA788844B38461978012294
:10A48000FEF7FEF838460021FFF724FE284601AA11
:10A490000721FEF7F3FE002875D0002500231A4699
:10A4A0002946A088FFF7D4FD08289AD0002840F05C
:10A4B0008B80A37EDB0794D5002D92D1A0882B46FC
:10A4C00041F20602FFF7E6FD8BE7704B057A19783B
:10A4D000868875B1427A304602F00304FEF7B4F87C
:10A4E00000283FF47EAF224629463046FFF71EFE85
:10A4F00077E72A463046FEF7C3F8637A13F0040381
:10A500004CD006F58077BFB2384601AB0122072157
:10A51000FEF7B8FE804600285CD003AF072338461C
:10A520000395CDF814808DF80C30ADF80E600495CD
:10A53000CDE90655FFF78EFD637AA1888DF8155099
:10A5400013F0040F0CBF0222012202233846ADF89B
:10A550000E108DF814208DF80C30FFF77BFD40E7CE
:10A56000A08803F00FFBB4F80480484B0546197827
:10A5700040460122FEF784F840460021FFF7AAFD7D
:10A58000BD428AD082E7A37ED90786D5029D95F881
:10A590004430DA0740F1B98034357FE7A288ADF85E
:10A5A0000E2003A802228DF815308DF80C208DF8AE
:10A5B0001420FFF74FFD14E701460123A08841F264
:10A5C0000602FFF767FD0CE70590A188002303A8AA
:10A5D0000722FCE6304603F0D5FA4FF6FF739842A7
:10A5E000054681461DD0C14638462A460721FEF75A
:10A5F000BBFE034600284FD1637AA288ADF80E2037
:10A6000013F0040F0CBF022101210222012303A831
:10A610008DF814108DF80C208DF81530FFF71AFD09
:10A62000DFE60146029803F08DFA4845054682466A
:10A630005FD0DFF860A00146304603F01DFB9AF8BA
:10A6400000103046FEF700F881460028CBD1304696
:10A65000FFF70CFD9AF800103046FDF7F5FF0028D3
:10A66000C2D1637AA1888DF8150013F0040F0CBFD6
:10A6700002220122022303A8ADF80E108DF8142047
:10A680008DF80C30FFF7E6FCABE600BF112300208D
:10A690001323002010230020862803AF3ED04FF064
:10A6A0000008384605930723CDE90388CDE90688DD
:10A6B0008DF80C30ADF80E60FFF7CCFC637AA18802
:10A6C0008DF8158013F0040F0CBF02220122022323
:10A6D0003846ADF80E108DF814208DF80C30FFF7C9
:10A6E000B9FCB9F1000F3FF47CAE284603F0CEFA76
:10A6F00077E6FEF7DFFB5045054632D02946304667
:10A7000003F0BAFA4FF001096EE7314605F1460051
:10A7100003F06CFA00287FF43FAFBEE60023384612
:10A720000622CDE90333CDE9053307938DF80C20DC
:10A73000ADF80E60FFF78EFC637AA288ADF80E20AC
:10A7400013F0040F0CBF022101210222012338461D
:10A750008DF814108DF80C208DF81530FFF77AFC69
:10A760003FE603AF042307223846CDE9038805936B
:10A77000ADF80E60CDE906888DF80C20FFF76AFC75
:10A78000637AA1888DF81580DAE600BF28B30278D5
:10A7900002F08203802B1ED0C2F30213042B1AD8BE
:10A7A00002F0F203322B16D0437881788B4212D814
:10A7B000062B10D910290ED8C17810B411F004045A
:10A7C00005D10379580702D40B43190706D5002099
:10A7D0005DF8044B704700207047704703F003009A
:10A7E000D30703D5003018BF0120F1E7B0FA80F09D
:10A7F0004009EDE731F0080323D0112921D070B5CD
:10A800008AB000230D29064615460C46CDE90533CE
:10A81000CDE90733099315D003F0B4F90723ADF858
:10A820001660ADF8180005AD8DF814300FCD6E46EA
:10A830000FC62B68336068460294FFF70DF80AB024
:10A8400070BD704703F09EF90323ADF81660ADF8B4
:10A85000180005AC8DF814300FCC6E460FC6236877
:10A8600033607DB12B7813F0010F0CBF022201225F
:10A8700041F2011368468DF80820ADF80A30FEF762
:10A88000EBFFDCE70222F3E72DE9F043244B8FB026
:10A890000025CDE90A551B68099309AC074689468E
:10A8A00094E807000DF1040888E807003846C4E979
:10A8B0000355C4E90155099503F064F90523ADF882
:10A8C0002800ADF826708DF824300FCC04AE0FC6EA
:10A8D0002368336004A8CDF81890CDF81C80FEF7EB
:10A8E000BBFF104B01991A683846FFF7A1FC0E4BCD
:10A8F000A0F11102B2FA82F20446197838465209E0
:10A90000FDF7BEFE094B2A4619783846FDF7B8FE1A
:10A9100021463846019AFFF76DFF0FB0BDE8F0837E
:10A92000904300208443002017230020162300209A
:10A930000021FFF7A9BF00BF2DE9F04706468EB002
:10A94000904699460D4600294DD1384B0A911B6817
:10A9500009930B9109AC94E807000DF1040A8AE809
:10A9600007003046C4E90355C4E90155099503F0D1
:10A9700009F90527ADF82800ADF826608DF8247098
:10A980000FCC0DF1100CACE80F002368CDF81CA023
:10A9900004A8CCF80030FEF75FFF254BDDF804A0DB
:10A9A0001B785BB3424651463046FFF7CDFC112879
:10A9B0000446204B27D0002219783046FDF760FE70
:10A9C0000B2C19D012D8BCB1082C15D00327B9F123
:10A9D000000F04D0524621463046FFF70BFF3846A1
:10A9E0000EB0BDE8F0874FF0000ADBE70D2C03D076
:10A9F00043F202039C42E9D12746E8E79DF80D3077
:10AA0000002BCFD1EBE7197801223046FDF738FE55
:10AA1000094B2A4619783046FDF732FE074B42466D
:10AA200019783046FDF72CFE0027D0E79043002030
:10AA300007470020162300201523002014230020A0
:10AA4000094B70B519780446FDF7FEFD074B054626
:10AA500019782046FDF7F8FD2A46014601232046D5
:10AA6000BDE87040FFF768BF1423002015230020C5
:10AA700000293AD0F0B583B005460C46FDF730FD0D
:10AA8000064670B3284603F07DF8A6F10206237847
:10AA9000B6FA86F64FF6FF72821A4FEA561618BFBC
:10AAA000012266F3000362F3C303237007462846BE
:10AAB000FDF72CFD237860F3410323702846FDF752
:10AAC00039FD237860F3820323702846FDF746FDA5
:10AAD00068B10120237860F304130020237003B0D1
:10AAE000F0BD43F2020003B0F0BD0E2070472846CF
:10AAF000FDF70CFD0028EDD038466A460721FEF729
:10AB0000BDFB20B9019B93F84430DB07E1D4002062
:10AB1000E0E700BF10B582B002ABE02203F8042DDD
:10AB20000C461946FFF7A4FF22789DF8041030B9AF
:10AB300032EA01030CBF0120002002B010BD002347
:10AB4000184602B010BD00BF30B50378052B83B0A6
:10AB5000044614D0122B04D02046FEF77DFE03B02D
:10AB600030BD184B40881A687AB1FDF7CFFC01461A
:10AB700068B960880A460123FFF7DEFEECE78168CA
:10AB80004088FFF781FE03B030BD0121F3E7227A50
:10AB900060880025C2F340012B4661F38203C2F3B3
:10ABA000000161F3C303C2F3800202A962F304133C
:10ABB00001F8043DFFF7AEFF80F00102D2B2294652
:10ABC0006088D8E79043002008B50378083BDBB2E3
:10ABD0000B2B06D8012202FA03F340F60F021342B0
:10ABE00000D108BD064B074918780022FDF772FD19
:10ABF000054B064918780022BDE80840FDF76ABDFC
:10AC00001723002031A903001623002041AA0300C6
:10AC100010B5174C2378182B0DD0164C2378182B11
:10AC200010D0154C2378182B13D0144C2378182BE4
:10AC300016D0002010BDFDF7FDFC20700D4C2378D0
:10AC4000182BEED1FDF7F6FC20700B4C2378182B57
:10AC5000EBD1FDF7EFFC2070084C2378182BE8D1DE
:10AC6000FDF7E8FC1828207008BF0320E1D110BDD3
:10AC70001623002014230020152300201723002072
:10AC800008B5FFF777FB074B074918780022FDF757
:10AC900021FD064B064918780022BDE80840FDF763
:10ACA00019BD00BF1723002031A90300162300207F
:10ACB00041AA030010B5044670B1FFF767FD88B1E3
:10ACC000094B2068186021790848094A1971012147
:10ACD00003601170002010BD0449054A086001217D
:10ACE000117010BD072010BD884300209043002044
:10ACF00007470020FFF75ABA00230A461946FFF714
:10AD00001BBE00BF10DF704711DF704710B582B067
:10AD100004460C496846FCF713FF019B2BB90DE074
:10AD20006846FCF717FF019B43B1D3E90021204699
:10AD300090470028F4D1112002B010BD002002B0CD
:10AD400010BD00BFC054040010B582B004460949CC
:10AD50006846FCF7F5FE019B4BB1D3E90021204684
:10AD600090476846FCF7F6FE019B002BF5D102B038
:10AD700010BD00BFD85404000B4991F81623EC23F2
:10AD800052091341DB070BD5084B9A6822B11A68A8
:10AD900042F480021A6070474FF480030B607047E2
:10ADA00042F2020000F004BD00E100E01C47002078
:10ADB000F0B51B4D2C7883B01CBB1A4F01262046E2
:10ADC0003E70FFF7A3FF112818D02046FFF7BCFF05
:10ADD00002A8154B00F8054D1B68019300F0F8FC24
:10ADE000124901A8FFF78EFFB0FA80F304465B0911
:10ADF0009DF803002B7000F011FD34B1204603B024
:10AE0000F0BD0824204603B0F0BD094B3C701C7017
:10AE1000FFF7B2FF3046FFF797FF204603B0F0BDC3
:10AE20000947002008470020BC54040001A9020083
:10AE30000A470020F0B51F4D2B7883B083B3012360
:10AE40001D4E18463370FFF761FF112824D00220F1
:10AE5000FFF77AFF02A8002700F8017D00F0B8FC98
:10AE6000FFF752FF04469DF807002F7000F0D6FC54
:10AE70009CB9124B34709A68B2B9114B4FF48002EE
:10AE8000C3F88020BFF34F8FBFF36F8F0320FFF70E
:10AE90005BFF204603B0F0BD0024204603B0F0BDA8
:10AEA0000824204603B0F0BD1A6822F480021A601C
:10AEB000ECE700BF09470020084700201C4700209E
:10AEC00000E100E0054B1B7833B1054B1B780BB953
:10AED000FFF76EBFFFF7AEBF08207047084700209E
:10AEE00009470020014B1878704700BF0947002030
:10AEF0000B4B1B7873B10B4B9A6862B90A4B4FF43A
:10AF00008002C3F88020BFF34F8FBFF36F8F074BD2
:10AF100001221A7070471A6822F480021A60F6E75C
:10AF2000094700201C47002000E100E00A470020FC
:10AF300010B5084C237813B1074B1B7803B910BD2B
:10AF4000064B4FF48002C3F80021FFF715FF0023E2
:10AF5000237010BD0A4700200947002000E100E0EF
:10AF6000034B1B7813B1034B1878704701207047CF
:10AF7000094700200A47002000B583B06846084909
:10AF8000FCF7DEFD019B43B1D3E900209047684602
:10AF9000FCF7E0FD019B002BF6D103B05DF804FB4C
:10AFA000CC540400FFF7E8BF60DF704769DF7047EB
:10AFB00061DF7047134B1B781BB330B5124D91B056
:10AFC00034240DF1020103A8ADF80240FFF7F0FFB1
:10AFD00088B9294601A8FCF7B3FD029B002BF0D0ED
:10AFE000D3E9002103A8904701A8FCF7B3FD029B19
:10AFF000002BF5D1E5E7052801D000F0D9FB11B011
:10B0000030BD70470B470020E4540400002942D0B3
:10B0100070B584B00023214A0A60CDE901330C46A3
:10B02000012501A98DF804000626202003938DF840
:10B030000650ADF80860FFF7B9FF01A92268019337
:10B040004020CDE902338DF80550FFF7AFFF01A98D
:10B050002268039328460425CDE901338DF8045076
:10B06000FFF7A4FF0DEB0501226802934FF4E4659E
:10B07000A12003930195FFF799FF2268019301A98D
:10B080000124A020CDE902338DF80440FFF78EFFA4
:10B09000184604B070BD0E20704700BF302000205D
:10B0A00008B5FFF781FF10B9014B01221A7008BDE6
:10B0B0000B4700204BDF704710B5114C84B001A83E
:10B0C000FFF7F8FFA8B9214602A8FCF739FD039B5A
:10B0D000002BF4D0D3E900210198904702A8FCF797
:10B0E00039FD039B002BF5D101A8FFF7E3FF0028F2
:10B0F000E9D0052801D000F05BFB04B010BD00BF13
:10B10000F054040000207047A8DF7047ADDF70479F
:10B11000AEDF7047B0DF704762DF70473CDF7047DB
:10B120003DDF7047704700BFF8B10388112B17D07F
:10B1300010D9F0B5512B89B0044618D0532B07D144
:10B14000314DC288EB889A4202D12B7E002B44D12C
:10B1500009B0F0BD102B09D12B4B82889A80704723
:10B16000294B81889A88914233D070477047264D89
:10B170008388A8889842EBD1A379022BE8D1218952
:10B18000EA889142E4D1A27B043A022AE0D900265F
:10B1900001AF02AA69890293CDE90466CDE906668A
:10B1A0008DF810300397FFF7B1FFF0B140F2FD13B7
:10B1B000ADF8143004A9A888FFF7ACFF1128F9D026
:10B1C000BDF81430002BC3D104F1080000F046F99B
:10B1D000BEE74FF6FF729A80704700F0C9F9002869
:10B1E000B6D06B6902209847B2E73846FDF790FA6F
:10B1F0000028DBD09DF81630ADF8146043F0010351
:10B200008DF81630D6E700BF9443002030B5144BBC
:10B2100087B0DA888DF8050002248DF8061098882A
:10B22000ADF8082000230321CDF80A302025ADF821
:10B230000E300DEB040201ABADF8021002A98DF83F
:10B2400004508DF80A40CDE90423FFF761FF20B9CF
:10B25000BDF80230032B18BF0C2007B030BD00BF73
:10B260009443002010B54FF0FF310020FFF758FF46
:10B27000044608B1204610BDB121FFF74FFF044638
:10B280000028F7D1044B01205B6998470220FCF7A6
:10B29000FFFB204610BD00BF9443002030B51A4B81
:10B2A00005460FCB87B002AC84E80F004DB32A6887
:10B2B000164B4FF6FF7000215A6198801976EAB15B
:10B2C000124800F083F808B107B030BD06A94FF668
:10B2D000596321F8143D012318460D4A8DF80630B4
:10B2E000FFF712FF0028EFD120460849FFF714FFAF
:10B2F0000028E9D1054800F087F8E5E7054A5A61DA
:10B30000DEE70E2007B030BDFC540400944300205B
:10B310009643002025B10300B2DF70474FF0020CC6
:10B3200000DF704710B50E4C2368BBB11A7EAAB17E
:10B330000278082A0AD0092A10D1FFF793FF68B1D2
:10B34000236802205B69BDE810401847027A012A91
:10B3500004D11A69013A1A61002AEED010BD00BF6B
:10B360001847002017490B6853B34B6843B370B5B7
:10B37000083198470828044621D0134D2B6888B11E
:10B3800000221A765A7606210120FFF73FFF18B1F6
:10B390002B6803205B6998472B6802205B69BDE836
:10B3A000704018470121587619760846FFF72EFF9E
:10B3B00028B12B6803205B6998472B681C7670BD09
:10B3C000704700BFF043002018470020034620B11B
:10B3D000034A04481360FEF797BA0E20704700BF77
:10B3E0001847002025B3030008B501F0B1FD00B1F6
:10B3F00008BD0448FFF792FF0028F9D1BDE80840D6
:10B4000001F0B6BDF043002030B589B004461E22DD
:10B4100000210DF1020006F049FF2246608812F873
:10B42000063B8DF80230042528240123ADF8005096
:10B430008DF80D406946022417258DF810308DF8DF
:10B440000C308DF81130ADF804508DF813408DF8A4
:10B450001240FDF761F909B030BD00BF2DE9F0429F
:10B46000047B012C96B01FD13E4D2F68797E064695
:10B4700059BB02A8502206F019FFB88801A9FEF7AF
:10B48000A1FA48B9BDF804004FF6FF73984265D0A1
:10B4900002A9FEF77BFB18B31128347B1ED00F28BE
:10B4A00014BF0421072101E02E4D02212046FFF7A1
:10B4B000ADFE18B12B6803205B6998472B6802200A
:10B4C0005B69984716B0BDE8F08220460621FFF779
:10B4D0009DFE0028F6D01128347BE0D10621E5E757
:10B4E0000DF1580C204F5CF84F0DDCF80410DCF81F
:10B4F0000820DCF80C30BCF814900FC70DF13C0E9E
:10B50000DCF810003860BEE80F009CF816C087F821
:10B5100006C007F1080CA7F80490ACE80F009EE8FD
:10B52000070016AB8CE80700082223F8522D2A6882
:10B5300007F1240190881A462346FFF7EDFE002804
:10B54000AAD10A49A7F1140051F8083B98470028EE
:10B55000A2D12B685C7616B0BDE8F082347B07215F
:10B56000A4E700BF18470020B4430020F0430020A8
:10B5700010B5064C236800205B6998472468FDF7E6
:10B58000BFFF206102F08CF9002010BD1847002099
:10B59000A8DF7047F0B5074689B014461E460D4631
:10B5A000E9B114B9204600F003F91E2200210DF183
:10B5B000020006F07BFE0C4B0E9A1888ADF8007066
:10B5C00002236946ADF80440ADF8064002958DF8B7
:10B5D00011608DF80D30FDF79FF809B0F0BD0846F9
:10B5E00000F0E6F8DDE700BFE446002070B586B065
:10B5F00006A941F60A0321F80C3D01230446624ADC
:10B600008DF80E301846FFF7C3FF0546002869D1B4
:10B610002288002A69D12289002A40F08D80228A5E
:10B62000002A40F09680228B002A40F09F80228CD6
:10B63000002A69D1228D002A72D1236B1BB3D3E972
:10B640000021160A100C8DF81410110E8DF81160DF
:10B650008DF810208DF812008DF8131099684B4A60
:10B6600094F83C308DF81510080A0E0C00928DF8F5
:10B670001600082204A942F623208DF81760FFF770
:10B6800089FF00283CD1616B51B141480A7994F897
:10B690003C300968009042F62A20FFF77BFF78BB18
:10B6A000A26BFAB113788DF8103053888DF81130F1
:10B6B0001B0A8DF8123093888DF813301B0A8DF811
:10B6C000143094F83C30D488324A0092250A07227C
:10B6D00004A942F650208DF816508DF81540FFF75A
:10B6E00059FF0546284606B070BD2B4894F83C30FB
:10B6F0006168009042F62920FFF74CFF00288AD0AD
:10B700000546284606B070BD244894F83C30616A6E
:10B71000009042F62620FFF73DFF00288AD0EFE791
:10B720001F4894F83C30E16A009042F62820FFF769
:10B7300031FF002881D0E3E71A4894F83C30E168F3
:10B74000009042F62420FFF725FF00283FF467AF62
:10B75000D6E7154894F83C306169009042F6252000
:10B76000FFF718FF00283FF45EAFC9E70F4894F8D1
:10B770003C30E169009042F62720FFF70BFF0028DC
:10B780003FF455AF0546BCE7E44600203C440020AA
:10B79000244400201C4400200C440020FC430020D2
:10B7A00034440020144400202C4400200444002091
:10B7B00000B585B000230390194601AA44F20100A8
:10B7C000CDE90133EFF79CF805B05DF804FB00BF4D
:10B7D00070B4EFF3108472B60D4B9A68AAB90D4994
:10B7E0000D4E01259D60D1F8805035401D60C1F897
:10B7F0008060D1F884505D604FF0FF33C1F8843031
:10B80000027004B962B670BC704701230370F8E798
:10B810001C47002000E100E0FC06FFBD094B9A68D0
:10B820007AB170B910B4EFF3108172B6064A1C6891
:10B8300014605C685460986001B962B65DF8044BAE
:10B84000704770471C47002000E100E070B50A4CCB
:10B850000A48626886885388016882B003330020F2
:10B860009BB2009003259B0001EB860104482570E4
:10B8700001F078F902B070BD684400203445002022
:10B8800044230020014608B50548FCF7B5F800221E
:10B89000026042608260C26002614261826108BDF2
:10B8A000204500201D4B0A6800EB800003EB80035D
:10B8B0005B6803F5805072B35388033302EB830255
:10B8C000824217D21368013314D05388033302EB3A
:10B8D000830398420ED330B44FF6FF759488AC4280
:10B8E0000AD0148844B19468013405D001200A605C
:10B8F00030BC704700207047984209D91A6801325D
:10B900001A4605D05C88033403EB84039842E5D2E1
:10B91000002030BC704703F10802D1E780440020CA
:10B92000F0B5426883B01AB11F4BDC68A2421FD247
:10B9300000270E4605460F800197002005E0019B79
:10B940002A689C6894420DD0308801A9FFF7AAFFAD
:10B950000028F4D1338801339BB23380002BEBD025
:10B9600003B0F0BD114A6B6013892B8103B0F0BDA9
:10B970001B699A42DCD812F00303D9D10B4C05891C
:10B980002489A542D4D105689468A542D0D108483D
:10B990004068824206D900F58050824202D20B8074
:10B9A0000120DDE71846DBE744230020684400203F
:10B9B000804400202DE9F0419C8854B9DFF8648070
:10B9C00017460E4605461C4698F8000058B101235C
:10B9D000A38048F20960BDE8F08186B119883288F9
:10B9E00091420CD0A0882146FFF75CFF80B123680C
:10B9F000002DF2D099882A889142EED0F2E70849CA
:10BA00009A6809893981C7E900230020BDE8F081DF
:10BA1000A388206001339BB2A380002BD4D0D8E749
:10BA2000684400208044002030B40E4C0E4A6388E5
:10BA300003EB830302EB8302D3685BB10B4B0C482F
:10BA40001968022205259A8025700023012230BC46
:10BA500001F0BCB80425516825700548012230BCAE
:10BA600001F0B4B868440020804400203445002030
:10BA70004423002008B5074B191D5888FFF712FF13
:10BA800018B9BDE80840FFF7CFBFBDE80840FFF791
:10BA9000DDBE00BF684400202DE9F04FDFF8808351
:10BAA000DFF880A3DFF880B3DFF880938BB0054622
:10BAB000D8F80040002C00F0898023785A1E052A0F
:10BAC00060D8DFE802F05237371C1C03002D40F02D
:10BAD000B88099F80B2099F80030002A00F03781DF
:10BAE000013B89F80B50062B00F2A482DFE813F02B
:10BAF00034038C02AF01C401A2028F027202002D36
:10BB000040F01C812779012F00F05581C0F02C8175
:10BB100005AE022F0595C6E90255356140F09E80BD
:10BB20002846023B0690042B35D8DFE803F07E6AF6
:10BB30005E579300A68AA07D002D40F0E080B700FC
:10BB4000AD4DB91905EB8101B1F808C04A6802EBA7
:10BB50008C02062800F2D282DFE810F01702C20140
:10BB6000D301E801FC019101B701002D40F0BB8039
:10BB70002279032A00F29580DFE812F0A9005A0129
:10BB80009E007300002305AEC6E9033348F20E623F
:10BB9000B36005930692994C04F1100554F8043BE8
:10BBA000304603B19847A542F8D151460025584682
:10BBB000C8F80050FBF744FF0121914800F0B2FFA4
:10BBC00000287FF475AF0BB0BDE8F08F51465846A2
:10BBD000FBF72CFF0446C8F800006EE7E388ADF8D9
:10BBE000203004238DF81430D5E70323E18822891F
:10BBF0008DF81430E3680793ADF82010ADF82220DB
:10BC0000C9E7A37D2289A088E168ADF82020A3F1CF
:10BC10000603B3FA83F35B0902228DF82430ADF8F2
:10BC2000220007918DF81420B5E701232189A2880D
:10BC30008DF81430E3680793ADF82010ADF822209A
:10BC4000A9E705AE0023B3600593C6E903334FF4BB
:10BC50000643069305238DF814309CE748F20E60E6
:10BC60005FE7684E684A31686848634D002727716E
:10BC70000823009700F076FFB9F802303468B188E5
:10BC800003EB830305EB830205F8237053683360ED
:10BC9000022354601181B380002894D0D8F800406A
:10BCA00023785B4905AE00224A600592C6E902226C
:10BCB000326148F20D6034E7524A5448116800235B
:10BCC000237102249480012200F080FFE4E74D4BB1
:10BCD000504A19684D48012323710023009308231B
:10BCE00000F040FFD8E705AE494A002353600593B2
:10BCF000C6E9023333614FF4064306934BE702284B
:10BD0000E28876D9B7003C4DB81905EB8000D11C0C
:10BD1000B0F808C0614401813E4405EB8605C2F5D8
:10BD20007F42698905AEFD320A4400216A81B16013
:10BD30000591C6E903114FF40640F2E605AE002274
:10BD4000B2600592C6E903224FF40640E9E6072BEC
:10BD500000F2C081DFE813F07701BE01BE014D01A2
:10BD6000AD013E013E01A701022305AE237130461D
:10BD7000E36805930DF1120106950795FFF7D0FDD5
:10BD8000002800F01D810699234A8B88E3800B88E8
:10BD900023811E4800950423BDF8124000F0E2FE06
:10BDA000002840F0D481144B04EB840403EB84049A
:10BDB0000123237407E7164B1B78002B00F0F38058
:10BDC00005AE164B32462946A01DFFF7F3FD0028AD
:10BDD00000F0C58148F20963104A9842C2E9005553
:10BDE0003DD1C6E90055C6E902553561284623789C
:10BDF00097E6014DB7008FE78044002050440020B3
:10BE00003045002034450020105504004423002014
:10BE100060440020185504000C55040040450020E3
:10BE20007C44002074440020204500206844002009
:10BE3000B44D2B78022B40F0778100236968B24A19
:10BE40000093B2482B70082300F08CFE24E7FFF724
:10BE5000FDFC00283FF4B7AED8F8004005AE002244
:10BE600041F61D5123783261C6E90022C6E902225B
:10BE7000884208BF104654E6FFF7D6FDE9E7A44B19
:10BE8000A44A1B8803934FF0060C0023516884F8E2
:10BE900016C0A14A00939D48042300F063FE0028C9
:10BEA00000F04D81A27DE388022A48F20D600FD890
:10BEB0003E4405EB8605C3F57F436A89D8F8004008
:10BEC000FD3313446B8105AEC9E7E38841F61D508D
:10BED000B91905EB8101DA1C0C8922440A81E7E7D4
:10BEE000032B0CBF052306230020A375111D009012
:10BEF000042304F10802854800F034FE0028D1D163
:10BF000061E623698148002B14BF032301234FF00E
:10BF1000000CA37502F108010423CDF800C004F160
:10BF20000C0200F01FFE0028BCD14CE6E3887748E5
:10BF30004FF0010C84F816C04FF0000C02F10C0118
:10BF40009B002269CDF800C000F00CFE00283FF4F1
:10BF50003AAEA7E76F4BA0690392186000226C49C4
:10BF60005A601846FFF7DCFC039A002800F00981AC
:10BF70000223A37511460423002200926348E218AD
:10BF800000F0F0FD00288DD11DE602230020A375EE
:10BF9000042311460090E2185C4800F0E3FD0028FD
:10BFA0003FF411AE7EE75D4B0595C3E9005505AE44
:10BFB000237848F20160C6E90155C6E90355B0E5AA
:10BFC00048F209600023C6E90033C6E90233336151
:10BFD0002378A6E5524B534A19684C480023009336
:10BFE0000724C9F80430082389F8004000F0BAFD9E
:10BFF0002FE74B4AD9F804109388498803330B4440
:10C000000221938089F80010FFF734FD21E7B9F889
:10C0100002203C4D9300134405EB8305002369681F
:10C02000394A009306240823384889F8004000F074
:10C0300099FD0EE705AE0023B3600593C6E903330F
:10C0400048F20E6305E62F4DB9F808202B7801322F
:10C05000B3FA83F300215B09A9F80820012289F8CB
:10C060000A30A9F8021089F80B1089F800204BB1AA
:10C07000244DEB68002289F80A201BB92A7C002A8B
:10C0800040F0898005AED8F800400020706089F843
:10C090000000A9F80200C9F804000590C6E90200F2
:10C0A000306123783DE5012389F8003099F80A30A2
:10C0B000DDE7B9F80220134D19489300991805EBF4
:10C0C000810104684F6886884C60022407600E81F5
:10C0D0008480A0E7013B062BACD801A252F823F0E4
:10C0E00059C1030009C003004FBE030079BE03001D
:10C0F00035C003000FC00300D5BF0300E38848F23A
:10C100000E60E5E680440020105504004423002022
:10C11000E6460020444400200C5504004045002021
:10C1200034450020185504001D4A05AE0123137044
:10C13000002353600593C6E902333361DDE5039BB9
:10C1400003EB830B05EB8B0501232B743BE5D8F840
:10C15000004048F20D6035E799F80A3087E7114C46
:10C1600000950699104A1148A488042300F0FAFCAF
:10C170000028ECD10E4B04EB840403EB84042774F9
:10C1800021E505AE0590C6E90100C6E90300237864
:10C1900048F20960C5E4A9F80230FFF76BFC58E6E5
:10C1A00060440020404500200C550400442300203A
:10C1B000804400204068FFF76FBC00BF08B5012134
:10C1C000044800F097FC00B108BDBDE80840FFF747
:10C1D00063BC00BF304500202DE9F0474E4C247869
:10C1E00082B0002C4FD0002969D00D884FF6FF7423
:10C1F000A54243D04C88002C40D04C68A40763D1A2
:10C20000002A45D0B2F800905788804601A81E4603
:10C210000C46FFF737FB054600285DD063680361D5
:10C220004FF0000A0670A0F8149080F816A00121C3
:10C230003A4800F06BFC22886388AB80032EE860EC
:10C240002A81EF8058D0A5F80AA001A93448FBF74D
:10C25000DDFBB8F1000F0BD0324AEB681289C8F849
:10C2600000300023A8F80820C8F8043088F80A3005
:10C27000FFF7A4FF002002B0BDE8F08748F203609A
:10C2800002B0BDE8F08748F2016002B0BDE8F08777
:10C290000F89FA1C92B240F2FE34A24219D8224D04
:10C2A0002E78B6BBB5F80AC02C8964441444A4B2F5
:10C2B000B4F5806F2DD862446A81B146A5E748F293
:10C2C000046002B0BDE8F08748F2026002B0BDE849
:10C2D000F08748F20860D3E7134B09EB890903EBB9
:10C2E0008909C7F57F47B9F80A30FD371F44A9F817
:10C2F0000A7048F20760C3E7D8F80030AB61042247
:10C30000AA750DEB0201A5F80AA00548FBF77EFB14
:10C31000A2E748F20660B3E76044002078440020BA
:10C320002045002068440020804400208368F0B548
:10C3300001334FF002040C8015D01B4F00F58055DF
:10C340004FF6FF7608304FF0010CB0F802E00EF126
:10C35000030400EB8404A54206D20AB10123137042
:10C360004FF480630B80F0BD8388B34216D00388FE
:10C37000A3B183685C1C11D03C689C4200D23B6036
:10C380000B88033373440B804388033300EB830033
:10C390008542E8D903680133D7D1F0BD002AEFD038
:10C3A00082F800C0ECE700BF7844002038B5094BA4
:10C3B0001A68042A0AD01D68074C02460121184653
:10C3C00044F8252000F0A2FB002038BD48F20B60A5
:10C3D00038BD00BF3C450020504400202DE9F04FFF
:10C3E0009B4C89B022780023CDE90333CDE9053396
:10C3F000079372B1974C04F1100554F8043B03A85D
:10C4000003B19847A542F8D10025284609B0BDE8F8
:10C41000F08F201D02F0FF0600F090FB0746002879
:10C42000F2D140F6F8731B685D1C00F09D804FF060
:10C43000805211695269DFF848828749C8F8103084
:10C440004046A3F500530022C8F80C3000F082FBF0
:10C4500005460028D9D11C238C2280498048FBF74F
:10C4600091FAA9464FF0020BAA46D8F80C3019EB06
:10C47000030C59F803204CD07A4B9A4200F082808A
:10C4800001324BD078480AEB8A0300EB8302032188
:10C490000BF1FF3B0AF1010A00F823101FFA8BFB96
:10C4A0001FFA8AFAC2F804C009F58059B9F5005F8D
:10C4B000DBD1BBF1010F62D9FFB2022F5FD0062F93
:10C4C00000F09180002F5AD002A8FFF7DBF9002876
:10C4D00000F0BA800123013F03700A2F09D8DFE87A
:10C4E00007F0120812080F080F081506150002239E
:10C4F000037102A95A48FBF789FAFFF75FFE84E748
:10C5000001230371F5E700230371F2E703230371AD
:10C51000EFE7531C02D0534B9A42B3D10CF1040302
:10C520000CF580511A68013203F10403AAD1994233
:10C53000F8D14E4B1A68002A7ED04B4ADFF838E11A
:10C540000AEB8A0302EB830110460222C1F804C001
:10C550000A8100F823200AF10101AEF802A01FFAB7
:10C5600081FA47F001079FE7414B4FF080521B686B
:10C5700011695269581C08BF02FB01F35BE748F2DE
:10C580000A6542E7DCF804303A498B423AD001317F
:10C590008B42BED1002E55D0374A344BA2F802A0B0
:10C5A000314A196801910AEB8A0E02EB8E010846A6
:10C5B000022102F82E1002460AF1010A0198506089
:10C5C00011811FFA8AFA604600222C49C3F800C084
:10C5D0000193FFF7ABFE019B9B88022B14BF08233E
:10C5E00004231F4360E71B4D01220023227005F145
:10C5F0001006636055F8043B03A803B19847B542A1
:10C60000F8D101E70AEB8A0217489300002100F8ED
:10C6100022100146184403F1100208330A44C0F8FE
:10C6200004C0194460460AF1010AFFF77FFE47F093
:10C6300002071FFA8AFA37E70222C3F800C09A807D
:10C6400001268EE7094BBEE748F20765DDE600BF2D
:10C6500060440020504400202C55040094440020E5
:10C6600020450020DEC0ADDE80440020344500209F
:10C6700014100010FE011EF168440020384500200F
:10C680004423002010B309B370B582B00C460DF1FD
:10C6900006010546FFF744F9A0B1BDF806000D4BB1
:10C6A0006E6800EB800003EB800001210C3000F08D
:10C6B0002DFA6B6826600C33012200206360AA7299
:10C6C00002B070BD48F2096002B070BD48F204606B
:10C6D000704700BF80440020F0B110B582B00DF16A
:10C6E00006010446FFF71CF990B1BDF806300E4A6A
:10C6F00003EB830302EB8303DA6882B1A27A72B19F
:10C70000DA680021013A0846DA60A17202B010BD71
:10C7100048F2096002B010BD48F20460704748F268
:10C72000056002B010BD00BF80440020022300223B
:10C73000FFF752BD18B103230022FFF74DBD48F2A9
:10C7400004607047124B1B78DBB14FF6FF739842C1
:10C7500014D010B582B0044601A8FFF793F898B141
:10C760000522012302700371C48001A90948FBF767
:10C770004DF9FFF723FD002002B010BD48F2036021
:10C78000704748F20160704748F2076002B010BD80
:10C790006044002020450020114B1B78A3B100B558
:10C7A00083B001A8FFF76EF8A0B10623037001A9BA
:10C7B0000C48FBF72BF90C4B1A7842B9FFF7FEFC3B
:10C7C000002003B05DF804FB48F2016070470122CD
:10C7D000DA72F3E748F2076003B05DF804FB00BFCC
:10C7E00060440020204500206844002010B50C4C17
:10C7F00082B0ADF806002078ADF8041060B13AB10F
:10C8000033B101A90DF10600FFF7D4F802B010BD55
:10C8100048F2046002B010BD48F2016002B010BDE1
:10C820006044002000B50E4B83B01B78ADF80600C5
:10C8300083B151B14AB1134600200A460DF10601F9
:10C84000FFF7B8F803B05DF804FB48F2046003B0EA
:10C850005DF804FB48F2016003B05DF804FB00BF23
:10C860006044002000B50E4B83B01B78ADF8060085
:10C8700083B151B14AB113460DF106000A460021B9
:10C88000FFF798F803B05DF804FB48F2046003B0CA
:10C890005DF804FB48F2016003B05DF804FB00BFE3
:10C8A0006044002020B119B103680B60002070477C
:10C8B00048F20460704700BF3F4B1B78002B6ED0DE
:10C8C00000286FD0F0B43D490025C0F80250C0F8F0
:10C8D0000650C0F80A504E890B894C68C0F80E50BB
:10C8E000334402229BB202801CB1354A256895422E
:10C8F0005BD001220280CD68028941884789324499
:10C900000D4486890281C3F5806189B2A2684580A1
:10C910008E423B4438BF81810132438104F580510E
:10C9200004F108032BD06289033203EB82029142A7
:10C930001BD34FF6FF759A88AA4223D01A880AB3F0
:10C940009A6801321ED08288013282805A8803326E
:10C9500003EB8203994212D91A6801320FD05A8828
:10C96000033203EB82029142E5D2C489C288CB1A1A
:10C9700004EBA30301320121C381C28001740020B2
:10C98000F0BC7047C488C2890134C4805C8803321B
:10C990002244C2815A88033203EB8203DAE748F269
:10C9A0000160704748F2046070476568054A2A4490
:10C9B000012AA0D99DE700BF6044002080440020E8
:10C9C000DEC0ADDE02FEE10E01F01F024B090121C7
:10C9D00000EB8300914000F075B800BF10B5012353
:10C9E00001F01F04490900EB810003FA04F100F093
:10C9F0005DF8E04000F0010010BD00BF01F01F0233
:10CA000001234909934000EB8100D94300F066B847
:10CA10004B0901F01F0150F82300C84000F001004D
:10CA2000704700BF2DE9F84301F1FF384FEA581372
:10CA300000F104080F46064608EB8308044600256B
:10CA400023686FEA030999FAA9F9B9FA89F9B9F1E2
:10CA5000200F18D0A9444F450CD814E02368DB43BD
:10CA600093FAA3F3B3FA83F3202B05EB03090AD05F
:10CA70004F4508D949463046FFF7B0FF0028EDD1B1
:10CA80004846BDE8F8830434444505F12005D7D174
:10CA9000B9464846BDE8F88350E8002F0B4640E809
:10CAA000003C9CF0000FF7D11046704750E8002F73
:10CAB00042EA010340E8003C9CF0000FF6D110462A
:10CAC000704700BF50E8003F43EA010240E8002CF5
:10CAD0009CF0000FF6D11046704700BF50E8003FB1
:10CAE00003EA010240E8002C9CF0000FF6D110464A
:10CAF000704700BF50E8002F02EB010340E8003C04
:10CB00009CF0000FF6D11046704700BF50E8003F80
:10CB100003EB010240E8002C9CF0000FF6D1104618
:10CB2000704700BF50E8003FA3EB010240E8002C33
:10CB30009CF0000FF6D11046704700BF012350E86B
:10CB400000CF4CEA030240E8002191F0000FF6D13B
:10CB50006046704720B119B101600B681146184753
:10CB60000E20704750B32DE9F0414AB3D0F800E0F1
:10CB7000BEF1000F27D01D4673B14768D7F8048077
:10CB8000B3FBF8F708FB173737B942EA0104A407EB
:10CB900005D01020BDE8F0810920BDE8F081C4680F
:10CBA000A142F6D301F1FF3C04696544A542F0D8E7
:10CBB000DEF80C40A446BDE8F04160470E20704707
:10CBC0000E20BDE8F0810820BDE8F08100B3D0F868
:10CBD00000C0F0B5BCF1000F1CD0AAB14768D7F86F
:10CBE00000E00EF1FF370F4210D1C768B9420DD3F4
:10CBF0004D1E04690EFB0255A54207D8DCF8104013
:10CC0000A446BDE8F04060470920F0BD1020F0BD0B
:10CC10000E2070470820F0BD29DF704728DF7047DD
:10CC200003689A6832B330B50479856887B0002309
:10CC3000019102930093CDE9033305956CB1012C6A
:10CC400007D1C368416904911B03022102938DF847
:10CC500000106846904707B030BDD0E9031443691F
:10CC6000049301258DF80050CDE9024168469047B4
:10CC700007B030BD704700BF0846704700207047BE
:10CC8000024B187A003018BF01207047E44500209D
:10CC9000034B187A0122B0FA80F05A7440097047A9
:10CCA000E445002008B510461A4605F0DBFA0020DE
:10CCB00008BD00BF10B5064B06480024C3E9004478
:10CCC000C3E902441C61FAF775FE204610BD00BF9F
:10CCD000E4450020D445002010B5094C094B4360C1
:10CCE0002046FFF72BFF40B9FEF7FCF81C23207409
:10CCF0008C2205490548FAF745FE002010BD00BF0B
:10CD0000E44500202055040048450020D44500207B
:10CD100038B5254C237AFBB1244B1B681A790221C4
:10CD2000217222B3012A0AD1D3E903021044FFF78A
:10CD300075FF80B3112802D10123237238BD184634
:10CD40000321FFF76DFF0023237263601849194820
:10CD5000BDE83840FAF774BE15491648FAF766FE82
:10CD6000124A034610600028D8D1606038BDD3E96C
:10CD70000525521BB2F5805F28BF4FF48052D3E9DE
:10CD800003109208012A38BF012229442844FFF7E2
:10CD900043FF0028CED1237C002BCFD10220BDE859
:10CDA000384000F009B800BFE4450020FC450020F1
:10CDB000F8450020D445002010B5234C237AA3B1B8
:10CDC000022B08D1022811D0032804D1E3680133D3
:10CDD000082B1CD8E360637C1BB1BDE81040FEF754
:10CDE00071B8BDE81040FFF793BF10BD174B18682E
:10CDF00003790022E260D3B1012BECD1D0E90432F7
:10CE0000013393420361E6D10021217205E00F4A0C
:10CE100000231068E36023720D21FFF701FF0C4926
:10CE20000C48FAF70DFE637C002BD6D1D9E7D0E988
:10CE30000523D11AB1F5805F94BF5B1803F58053C9
:10CE40009A428361C7D1DFE7E4450020FC4500201A
:10CE5000F8450020D4450020831E012B00D97047DF
:10CE6000FFF7AABF00F0FD03012B00D07047A0F12F
:10CE70000100044BB0FA80F04009002218745A7483
:10CE8000FFF746BFE445002010B5064C201DFFF714
:10CE900055FE08B9637C03B110BDBDE81040FFF733
:10CEA00037BF00BFE44500202DE9F04383B0814641
:10CEB0000D46114801A917469846FAF79DFDB0B1F5
:10CEC000002401232D0B446001A9037104618461D6
:10CED000C560C0F80090C0F8088047610648FAF7BE
:10CEE00095FDFFF7D1FF204603B0BDE8F083042095
:10CEF00003B0BDE8F08300BFD44500202DE9F04128
:10CF000082B080460F46104801A916461D46FAF722
:10CF100073FDA0B10024089B83604460C0F80080CA
:10CF2000C0E90367456101A9846104710648FAF705
:10CF30006DFDFFF7A9FF204602B0BDE8F081042097
:10CF400002B0BDE8F08100BFD445002013DF704778
:10CF500040F6F8731868421C01D0FFF7F7BF034B87
:10CF60001868431CF9D10420704700BF141000104A
:10CF70000148FFF7EBBF00BF00C00100A0DF704712
:10CF8000A1DF7047ADDF7047B3DF7047B4DF704794
:10CF900010B50446408800F0F5FDA0802046BDE8AD
:10CFA0001040FCF76FBC00BF70B54FF6FF728AB03F
:10CFB00000249042CDE90044CDE902440494ADF848
:10CFC000020001D10AB070BD054600F027FC0B2815
:10CFD000064629D00FD911280BD043F202039842FC
:10CFE00012D12246144B28461978FBF749FB0AB0A8
:10CFF00070BD0122F6E738B90E2368468DF800307F
:10D00000FFF7C6FF3246EDE70024072305A8CDE968
:10D0100005440796ADF81650CDE908448DF8143054
:10D02000FFF7B6FF2246DDE70F2368468DF8003094
:10D03000FFF7AEFF2246D5E70F470020FFF7B4BF4A
:10D040002DE9F0474A4E88B031780546FBF7FCFAE7
:10D0500010B108B0BDE8F0870446284600F044FC53
:10D06000082839D017D8002863D006281DD12846B3
:10D0700000F088FD00F054FC00273E4B3A4619783A
:10D080002846FBF7FDFA224631782846FBF7F8FAE6
:10D0900008B0BDE8F08743F20203984215D043F28E
:10D0A0000143984213D011280FD00023CDE9033358
:10D0B0000590CDE9063303A80723ADF80E508DF88F
:10D0C0000C300127FFF764FFD7E70127D5E7284693
:10D0D000FFF76AFF0127D0E70DF10600FFF754FFC5
:10D0E000BDF80630012BC2D9274601230DF10808EF
:10D0F0004FF0020942F6021A07E0524529D00133E7
:10D10000BDF806209BB29A42B1D94146002218468A
:10D11000CDE90398FFF73AFF42F605210028A6D192
:10D12000BDF80820002FE8D1571AB7FA87F77F0912
:10D13000E5E7CDE90344CDE9054407941023012434
:10D1400003A8ADF80E508DF80C302746FFF720FFEE
:10D1500093E7194603AA01AB28460493FFF712FF91
:10D16000002884D1BDF80430002B80D085E700BFB3
:10D17000124700201147002010B582B0044600F08D
:10D1800001FD00236A460921FBF7DCFD052801D0DB
:10D1900002B010BD034B204619780122FBF770FA4C
:10D1A00002B010BD0D47002030B50E4B83B002AA6F
:10D1B0001B6842F8043D42F6A62400250123694677
:10D1C000ADF80250ADF800408DF802300446FFF78C
:10D1D000D5FE28B904491A4620460978FBF750FACB
:10D1E00003B030BD4C5504000C47002030B5012180
:10D1F00087B005462648FFF74FFCBFF35F8F08B1A5
:10D2000007B030BD0446284600F0BAFA112803469C
:10D210001BD012D986282ED043F2020290421BD195
:10D220001C4B224628461978FBF72AFABFF35F8F7A
:10D23000174B00221A6007B030BD68B91549024685
:10D2400009782846FBF71CFADAE7124B28461978CA
:10D250000122FBF715FAE9E70024CDE9044407228F
:10D26000CDE9014401A80393ADF806508DF80420E0
:10D27000FFF78EFED4E70623CDE9014401A8ADF8FF
:10D280000650CDE9034405948DF80430F0E700BF63
:10D29000004600201047002038B5037803B138BDA0
:10D2A00004464088FFF780FE6588284600F006FBAC
:10D2B00028B10C4B284619780122FBF7E1F9608868
:10D2C000FFF75AFF084B094918780022FBF702FACA
:10D2D00002460028E3D1064B06491878BDE83840DD
:10D2E000FBF7F8B91147002010470020EDD10300EB
:10D2F0000D470020A9D10300F0B50378082B83B0B7
:10D300000ED0294C207829490022FBF7E3F9024688
:10D3100020B9274B27491878FBF7DCF903B0F0BD9B
:10D32000437A0446002BECD1057A072D22D0082D34
:10D3300031D0012DE5D16A4629468088FBF79EFF52
:10D3400006460028DDD1019B1B78002BD9D0A08890
:10D3500000F08AFC4FF6FF739842D2D0164F124C61
:10D3600039782A46FBF78CF9324638781349FBF7AF
:10D37000B1F9C7E780880C4C00F076FC4FF6FF73DC
:10D3800098420546BED001222178FBF779F928465C
:10D39000FFF7F2FEB6E70A4A11680129B1D1BFF3DF
:10D3A0005F8F014C1360ADE710470020EDD1030003
:10D3B0000D470020A9D103001147002041D00300F0
:10D3C000004600202DE9F843FBF734F91E4C1F4DB1
:10D3D0002070FBF72FF92870FBF72CF91C4E1D4F1E
:10D3E0003070FBF727F93870FBF724F9DFF870800D
:10D3F000DFF8709088F80000FBF71CF989F800004E
:10D40000FBF718F92378144A182B107019D02B78D1
:10D41000182B16D03378182B13D03B78182B10D03C
:10D4200098F80030182B0CD099F80030182B08D041
:10D43000182806D0094B00201860BFF35F8FBDE8A5
:10D44000F8830320BDE8F883104700200F47002031
:10D4500011470020124700200E4700200046002000
:10D460000D4700200C47002070B5114B82B00024FE
:10D4700022460D4601261978CDF802400923ADF861
:10D4800000608DF802300646ADF80640FBF7F8F86C
:10D49000084B09493046A54208BF1946019100F0E2
:10D4A00071FB22466946FBF7BDFC02B070BD00BFB0
:10D4B0000D470020505504005455040070B50388F2
:10D4C0008588353B86B004461F2B23D8DFE803F060
:10D4D000521022222222222222222222222222220E
:10D4E0002222222222222222222222672286223065
:10D4F000494E28463178FBF7A7F858B13178002219
:10D500002846FBF7BDF8E18800296CD000212846A9
:10D51000FFF7AAFF414C424B424918780022FBF723
:10D52000D9F8207840490022FBF7D4F806B070BD46
:10D53000002611232846CDE90166CDE903668DF862
:10D540000430ADF80650059600F01CFBADF808005D
:10D5500000F0E6F9354B314C197832462846FBF796
:10D560008FF8284632462178FBF78AF801A8FFF7A2
:10D570000FFDD0E72E4E28463178FBF765F80028DE
:10D58000C8D0002231782846FBF77AF8E288002AD2
:10D5900031D028460021FFF767FF204CBBE7037B13
:10D5A000012BB7D1827A012AB4D1018942F6021344
:10D5B0009942AFD11F4C28462178FBF761F8002231
:10D5C00020781D49FBF786F802460028A2D11B4BA4
:10D5D0001B491878114CFBF77DF89CE72846FFF7AC
:10D5E000E3FC0E4C97E7E389012B90D1217C0031BD
:10D5F00018BF01218BE7A389012BCAD1E1892846F5
:10D60000FFF7BEFC0028C4D1034A044C1178284619
:10D610001A46FBF735F87EE70E4700201147002039
:10D620000F4700203DD0030041D0030012470020E7
:10D630000C47002010470020EDD103000D470020CB
:10D64000A9D103002DE9F0418CB000F029F901A81F
:10D65000FAF7D0FF019EDFF85480DEB100244FF6C8
:10D66000FF7703E00134A4B2B44213D20CAB03EB56
:10D67000440333F8285C284600F084FAB842F1D11C
:10D6800001342846012298F80010A4B2FAF7F8FFF6
:10D69000B442EBD398F80000034900220CB0BDE877
:10D6A000F041FBF717B800BF41D00300114700203D
:10D6B000AFDF7047B1DF7047B2DF7047B3DF70474D
:10D6C00010B50446808800F0CFFA60802046BDE89F
:10D6D0001040FCF7EBB800BF70B51D4B1D4C93E834
:10D6E0000300238888B04FF6FF7501AEAB4286E891
:10D6F000030007D122E02088FBF7F0FBA842034695
:10D7000020801BD0184600223146FBF78BFB0346D6
:10D710000028F0D00022218807921128CDE90322A9
:10D72000CDE90522ADF8101008D0862B03A807D04C
:10D73000072205938DF80C20FFF7C2FF08B070BDDB
:10D7400006238DF80C30FFF7BBFF08B070BD00BF9B
:10D7500058550400E8460020044B1A884FF6FF7322
:10D760009A4201D0FFF7B8BF704700BFE8460020DB
:10D77000024B4FF6FF721A8000207047E8460020E7
:10D780002DE9F04182B0074600F0FCF94FF6FF7337
:10D7900098423CD0064601244FF003086B462246CF
:10D7A00008213046FBF76EFD03230546F0B9019AC8
:10D7B0003846911D42F8048BFFF77EFF0134034683
:10D7C0000821D8B10C28304603D1A4B2FBF7C2FD22
:10D7D000E4E70821052B18BF1D46FBF7BBFD002819
:10D7E00018BF0325284602B0BDE8F081072814BF02
:10D7F00005460C25284602B0BDE8F0813246304689
:10D80000FBF7B2FD0546284602B0BDE8F08143F2C1
:10D810000205284602B0BDE8F08100BF2DE9F041C5
:10D8200082B0074600F0AEF94FF6FF73984227D159
:10D830000026354603244FF0010823463246294688
:10D840003846FFF737FF04280AD008280AD00B28EB
:10D850000AD0B8F1000F08BF0B2002B0BDE8F0817C
:10D860001120F6E70020F4E714F0020406D195B188
:10D870002646254603244FF00008DEE70124FAE798
:10D880006A460821FBF7FAFC0028D1D1019DAE8839
:10D890002C680635CFE7002EDFD02E460324EAE7BA
:10D8A00008B54FF6FF70FBF719FB034B1880BDE876
:10D8B0000840FFF711BF00BFE846002000B585B063
:10D8C0000DF10703039300F05DF902AA0121FBF7B4
:10D8D000D5FC20B9039B187805B05DF804FB002047
:10D8E00005B05DF804FB00BF38B50C4B0446184684
:10D8F000FFF7E4FE78B9198843F203054FF6FF728B
:10D900002046FFF7D5FEA84200D038BD1988013166
:10D9100089B21980F2E7032038BD00BFEA46002033
:10D9200010B5074B044693E8030082B06B4683E8CA
:10D930000300002219462046FBF774FA02B010BD1E
:10D94000605504006EDF70476FDF704746DF704739
:10D950002DE9F04F9BB050240394DDE92459002AAF
:10D960005FD0002B58D000241C6001240194002DAE
:10D9700055D0B9F1000F5FD00024C9F800404FF036
:10D98000010B00240DF11808CDE9044800294AD004
:10D99000C1EBC1015F46144602EB010A861E9B469D
:10D9A00025E09DF82910032941D8019959B152F871
:10D9B0003F1D216091889279A180A271DBF800203F
:10D9C0000132CBF8002007346FB153F84F2D2A6095
:10D9D00059689A68DB686960AA60EB60D9F8003022
:10D9E0000133C9F80030544505F110051BD0502211
:10D9F0000021404604F05AFC03AB04AA072136F884
:10DA0000020FFBF79FF920F002001AAB05281A4617
:10DA1000C7D11BB0BDE8F08F0193002DA9D1AB4653
:10DA2000AFE70192A3E700201BB0BDE8F08F43F2FF
:10DA300002201BB0BDE8F08FCB46A2E7F8B50C4D35
:10DA40000746002401E0142C0ED02B88BB42A6B25E
:10DA500005F10A0504F10104F5D13046FAF734FD69
:10DA60000028F0D03046F8BD4FF6FF763046F8BDBE
:10DA70000446002090B191B108B50A78037853406C
:10DA800013F0FE0F08D101310622013004F0DBFB58
:10DA9000B0FA80F0400908BD002008BD7047084674
:10DAA000704700BF2DE9F0414C1C0E46054621464B
:10DAB0000130102205F1110706F1110804F0C3FB33
:10DAC00008BB2B4605F1100101E08B421BD013F877
:10DAD000012F002AF9D073784BB9214606F11002C4
:10DAE00001E091420FD011F8013F002BF9D04146DF
:10DAF0003846FFF7BFFF6B7C03F0FE03042B1ED1FB
:10DB00000120BDE8F08141463846FFF7B3FF6B7C4A
:10DB100003F0FE03042B0FD00022062B09D0737CE8
:10DB200003F0FE03042B04D0062B08BF1046BDE80B
:10DB3000F0811046BDE8F0810020BDE8F0810122AF
:10DB4000EBE700BF70B584B006460D46FBF734F92D
:10DB500002AA0DF106010720FBF736F960B1BDF806
:10DB60000640AC423046F3D00399FFF79BFF0028F4
:10DB7000EED0204604B070BD4FF6FF74204604B0CE
:10DB800070BD00BF13280DD810B50446FAF79CFCF1
:10DB900028B104EB8403054A32F8130010BD4FF698
:10DBA000FF7010BD4FF6FF70704700BF04460020A5
:10DBB000132816D838B504460D46FAF785FC68B127
:10DBC000094A04EB840302EB4303002053F8022FBD
:10DBD0002A609A889B79AB71AA8038BD43F2020013
:10DBE00038BD43F2020070470446002038B505886E
:10DBF0004DB9821C00F10A0412F8013B1BB9944292
:10DC0000FAD1002038BD0B88AB42FAD1023108228C
:10DC1000023004F018FBB0FA80F0400938BD00BFB4
:10DC200030B585B00546FBF7C7F80CE0039C2846E5
:10DC300004F14601FFF7DAFF04F12A0178B928461A
:10DC4000FFF7D4FF58B902AA0DF106010720FBF730
:10DC5000BBF80028EAD14FF6FF7005B030BDBDF823
:10DC6000060005B030BD00BF4FF6FF73984201D0EB
:10DC7000FFF7E4BE704700BF132804D800EB800014
:10DC8000014B23F8101070470446002070B54FF682
:10DC9000FF75A84203D1BDE87040FBF7AFBA044658
:10DCA000FFF7CCFE06462046FBF7A8FA30B9132E44
:10DCB00004D806EB8606024B23F8165070BD00BF51
:10DCC00004460020082961D82DE9F0410546CEB070
:10DCD0000E4600B139B9002211461046FFF734FE56
:10DCE0004EB0BDE8F08120AC5023B82200210CAF2B
:10DCF00020460193039704F0D9FA0DF1AE010DF11E
:10DD0000C5020DF19703069107920DF1F3010DF590
:10DD10008572CDE90443CDE9091237AB08930DF2C2
:10DD200021130B9305EB460850220021384604F0DE
:10DD3000BDFA01AB02AA072135F8020BFBF702F886
:10DD400020F002000528CBD07B7C032B20D8DDF807
:10DD50003130DDF8352023606260DDF83930DDF8E0
:10DD60003D20A360E260DDF84130BDF845109DF82C
:10DD7000472023614545A182A27504F11704D3D140
:10DD8000F2B204A80021FFF7DFFDA9E707207047E2
:10DD900043F20220A4E700BFF0B5254B00249BB05E
:10DDA000C3E90044C3E9024408B10D4641B9002368
:10DDB000204A194618461370FFF7C4FD1BB0F0BD8A
:10DDC0000646DFF870C018464A00CFB231468CF8DC
:10DDD000007004F047FA382221460CA8039404F09E
:10DDE00065FACDE90044294630460CAA03ABFFF79B
:10DDF000AFFD0028E2D10DF137020DF13E030DF128
:10DE000045000CAC0494059206930DF15A020DF1F5
:10DE100061030790394613AD0DF1530404A8CDE911
:10DE20000854CDE90A23FFF78DFD1BB0F0BD00BFFC
:10DE3000CC4600201347002030B58DB010300DF1D6
:10DE4000FF330DF10F0510F8014D03F8014FAB4200
:10DE5000F9D100230D784C78897806936846CDE98E
:10DE600004338DF81C308DF81D108DF81F508DF87F
:10DE70001E40FFF76BFD9DF82F009DF82E109DF8BA
:10DE80002D301070517093700DB030BD30B5034619
:10DE900085B030F8015F33F8042F84789B78ADF8B3
:10DEA0000C20084602AA03A98DF80E30ADF80450E4
:10DEB0008DF80640FFF7C0FFBDF80420BDF808301C
:10DEC0009A4204D0012080F0010005B030BD9DF8D9
:10DED00006209DF80A309A42F4D1002080F001001B
:10DEE00005B030BD0388102B00D07047F0B5041D7D
:10DEF0000FCC91B006AD0FC50FCC0FC59DF81C30EF
:10DF000094E8030003F0FE03062B85E8030014D118
:10DF1000BDF818304849079803EB83035B004FF6C0
:10DF2000FF74CC52CA18BDF820409DF8221011721F
:10DF3000C2F80200D48011B0F0BDFAF73DFF9DF8A1
:10DF40001C305B08012B25D9022BE1D107AE01ACB7
:10DF50000DF1020505E09DF81C3003F0FE03042BD3
:10DF60005DD0224629460720FAF72EFF0028F2D17D
:10DF7000BDF81830304A0798B488B17903EB8303B1
:10DF80005B004FF6FF75D5521344C3F80200DC80E6
:10DF90001972D0E701AC0DF102052246294607208F
:10DFA000FAF712FF002844D0029911F1110FF4D0B2
:10DFB0004E7C9DF81C30734013F0FE0F4FF00602AC
:10DFC00001F112010DF11D00E7D104F03CF9002828
:10DFD000E3D1BDF8021007AEBDF81820164F079820
:10DFE00002EB82035B00FD18F952AB1CC5F802007E
:10DFF000B08898804FF6FF70B5799D7181429AD0B4
:10E0000000232046ADF80620ADF808108DF8043046
:10E01000FBF74EFC2046FFF73FF911B0F0BD029927
:10E0200030460131FFF732FF00289AD0BDF80210C8
:10E03000D2E707AE9CE700BF044600202DE9F84F69
:10E04000DDF828904A45904638BFC846B8F1000F21
:10E050001BD09B468A4605461746002406E0A1458C
:10E0600088BF0BF80400013444450ED02B68A7424A
:10E0700088BF1AF804109E6898BF00212846B04750
:10E080000028ECDA0248BDE8F88F0020BDE8F88FE0
:10E090000AFCFFFF30B583B00468069D0095E46874
:10E0A000A047044A0446DDE90701EFF7F7FE2046E2
:10E0B00003B030BD19E2020082B070B50C4684B0E6
:10E0C00005464968206802AC03C4039908AC4810AF
:10E0D00084E80C00CB0745BF2A58029B029CD45809
:10E0E0000AAB2E1893E803008DE8030008AB0CCBB5
:10E0F0003046A04704B0BDE8704002B0704700BF92
:10E1000082B0D0B50699416000F1080400260027CE
:10E11000C0E9046704A9204681E80C00F0F75CF927
:10E120002046BDE8D04002B0F0F70AB982B038B559
:10E13000D0E9044504A981E80C0054EA050303D1A1
:10E14000BDE8384002B070470446F2F7C7F8D4E99A
:10E1500004238B4208BF8242F2D2002304F1080557
:10E1600000200021C4E9040163602846F0F734F977
:10E170002846BDE8384002B0F0F7E2B838B50546A9
:10E18000044645F8081B2846F0F7D6F80023284631
:10E190006360E3612376F0F7D3F8204638BD00BF13
:10E1A0002DE9F041044682B00E46154610309846DF
:10E1B000BDF82870F5F7B4F826806580182004F0C3
:10E1C0001AF808AB054693E803006A4682E80300A4
:10E1D0002E4603CA46F80C8B0023084AEB6047F032
:10E1E0000207736068602046A780A560E360C4E909
:10E1F0000833A9606A6102B0BDE8F081B9E00300AC
:10E200002DE9F04385B0BDF838806BB30C9C44B366
:10E210000F2902D1B8F1C00F26D1064628201C468E
:10E220000D46174603F0E7FF0CAB814693E8030069
:10E230003A468DE803002346CDF808802946484633
:10E24000FFF7AEFF33680E4A5B6893420FD1484632
:10E25000F0F7EAF9484603F0C7FF0A4805B0BDE801
:10E26000F0830D9CE407D3D46FF47A70F6E7304660
:10E27000494698470028EAD105B0BDE8F08300BFC1
:10E28000BD6E020016FCFFFF2DE9F043037E89B04E
:10E2900004460D469BB1002D4ED100220023C4E957
:10E2A00004230023636004F10800F0F749F8606874
:10E2B0002E4B002808BF184609B0BDE8F08300685F
:10E2C0002B4A03681B6D93424BD12A4B04934FF0AA
:10E2D000000804AACDF81480274FC688B0F808C0FB
:10E2E0003B68DFF89C9092E8030016F4807F4FF0C3
:10E2F000C0068DE803000CBF0522042261461846C3
:10E3000002962346FFF77CFF1C4B3A68CDE906389E
:10E3100008AB13E9030023468DE80300029610467C
:10E32000232142F21072FFF76BFF99F800305BB1C6
:10E3300001232376002DB0D0F1F7D0FF421941EB35
:10E34000E573C4E90423ACE70093232242F210737F
:10E3500042F210700021F1F7D1FF012389F800305B
:10E36000E6E7032198472068AFE700BF11FCFFFFF5
:10E37000F993020001E10300D03E00202DE10300EB
:10E3800014470020F0B5037E93B00446002B47D01D
:10E3900029490268294EB2F806C01589376800235A
:10E3A000CDE9061306A903C923761CF4807F4FF03C
:10E3B00010038DE8030014BF0422052229460293AE
:10E3C00008A82346FFF7ECFE3B681D4D9B68AB4257
:10E3D0002DD108A8F0F728F91A4B049300230593D0
:10E3E00004AB93E80300366810238DE80300029322
:10E3F00042F210722346232108A8FFF7D1FE3368AA
:10E400009B68AB420FD108A8F0F70EF9002000215D
:10E410000023C4E90401636004F10800EFF7DCFFA6
:10E42000204613B0F0BD304608A99847EBE73846C0
:10E4300008A99847CDE700BF01E10300D03E0020C6
:10E44000C56E02002DE103004162704740687047CD
:10E4500041600020704700BFF0B58B68CD699D42D8
:10E46000A8BF1D460C4683B001222946064604F18A
:10E470000C0701A8F5F768FA01A93846F5F786FAFE
:10E4800001A8F5F77BFAE06861692A46043003F0D9
:10E49000E9FE6269E3692A445D1B002D6261E56162
:10E4A0002BD1236A002BC4BF03F1FF33236293B146
:10E4B000A3692269E361002B626104DD606A03687D
:10E4C0001B689847E36933B139463046F5F74EFA91
:10E4D000304603B0F0BD236A002BF5D194F8283004
:10E4E000002BF1D004F12C00EFF760FF39463046E5
:10E4F000F5F73CFA304603B0F0BDDFDCE4E700BFDF
:10E5000038B504460B4B40F80C3B04F12C05F5F7ED
:10E5100015FA2846EFF710FF002101224FF480730F
:10E52000284664636162C4E90123EFF709FF2046CE
:10E5300038BD00BF7855040070B5456A9DF810607D
:10E540008DB1002A0FDD73B1044628682362C4E947
:10E550000411036884F82860C4E906222846984715
:10E5600094F8283003B970BD04F12C00BDE8704068
:10E57000EFF7E6BE10B582B000240094FFF7DCFF91
:10E5800002B010BD024B1868BFF35B8F704700BF2D
:10E59000DC460020024B1868BFF35B8F704700BF5A
:10E5A000D820002030B5214A21F00043934287B0A3
:10E5B0001BDD1F4A934205DD02460B4602F024FF95
:10E5C00007B030BD02AAE0F75FFC00F00303012BA7
:10E5D00011D0022B23D0DBB10124DDE90423DDE9D6
:10E5E00002010094E1F760FCEAE700220023E0F773
:10E5F00033FF07B030BDDDE904450093DDE90201DA
:10E6000022462B46E1F750FC01F1004107B030BD36
:10E61000DDE90423DDE90201E0F71EFFD0E7DDE9D3
:10E620000423DDE90201E0F717FFEDE7FB21E93FF5
:10E63000FFFFEF7F21F000431946704730B51F4AB6
:10E6400021F00043934287B01CDD1D4A934205DD53
:10E6500002460B4602F0D8FE07B030BD02AAE0F732
:10E6600013FC00F003000128DDE9042312D0022886
:10E670001CD0A0B1DDE90201E0F7EEFE01F100419E
:10E6800007B030BD0023009300220023E1F70CFC0B
:10E6900007B030BDDDE90201E0F7DEFEDCE7012472
:10E6A000DDE902010094E1F7FFFBD5E70124DDE994
:10E6B00002010094E1F7F8FBE0E700BFFB21E93F2E
:10E6C000FFFFEF7F30B5144A21F00043934287B03B
:10E6D00019DD124A934205DD02460B4602F094FE14
:10E6E00007B030BD02AAE0F7CFFB440004F00204FB
:10E6F000C4F10104DDE90423DDE902010094E1F73E
:10E700008BFC07B030BD0123009300220023E1F70A
:10E7100083FC07B030BD00BFFB21E93FFFFFEF7F67
:10E72000334A21F000439342D0B506460F460C46CB
:10E730000DDD02460B4600202E4903F047F9002F5D
:10E740004FF000022B4B2EDB02F060FED0BD2A4AB8
:10E75000934207DD27490020002CF7DA01F100433E
:10E760001946D0BDB3F1725F20DB244A934226DD07
:10E77000FFF760FF02460B4602F048FEE1F730FE6D
:10E7800000224FF0804302F041FE02460B4600207B
:10E790004FF0804103F01AF902460B46002015495C
:10E7A00002F032FED8E702F02FFED0BD0022114B5E
:10E7B00002F02CFE32463B4602F0DEFFD0BDFFF7F2
:10E7C00039FF00224FF0404302F0D6FFE1F708FE88
:10E7D00000224FF08043064601F1004702F016FE8A
:10E7E00002460B463046394603F0F0F8B4E700BF66
:10E7F000FFFFEF7F0000F03FFFFF3540FFFFEF3FDF
:10E8000070B5C1F30A56A6F2FF33132B0A4608DC93
:10E81000002B1BDB0F4C44FA03F3002022EA030118
:10E8200070BD332B044607DDB3F5806FF8D1024687
:10E830000B4602F0EBFD70BD4FF0FF33A6F213461E
:10E8400023FA06F6114624EA060070BD002002F005
:10E85000004170BDFFFF0F0000B585B0234A019055
:10E86000019B23F0004393421DDDB3F1FF4F08DB12
:10E87000DDED017A77EEE77A17EE900A05B05DF8E4
:10E8800004FB02A901F06EFC00F00302012A14D07F
:10E89000022A22D0D2B101220399029802F084F90F
:10E8A00007EE900AE8E7002101F0B4FD07EE900AB8
:10E8B00017EE900A05B05DF804FB0399029802F088
:10E8C00073F907EE900AF1EE677AD5E7039902989B
:10E8D00001F0A0FD07EE900ACEE70399029801F03F
:10E8E00099FD07EE900AF1EE677AC5E7D80F493F28
:10E8F00000B585B0244A0190019B23F00043934268
:10E900001EDDB3F1FF4F08DBDDED017A77EEE77A2C
:10E9100017EE900A05B05DF804FB02A901F022FC95
:10E9200000F00300012816D0022823D0D0B10399AB
:10E93000029801F06FFD07EE900AF1EE677AE7E7C3
:10E940000022002102F030F907EE900A17EE900A3B
:10E9500005B05DF804FB0399029801F05BFD07EE3A
:10E96000900AD5E701220399029802F01DF907EEFB
:10E97000900ACDE701220399029802F015F907EEFB
:10E98000900AF1EE677AC3E7D80F493F2DE9F043CB
:10E99000DFF898808BB004460D46DEF76DFF98F9DE
:10E9A0000030013306460F462BD022462B46204628
:10E9B000294603F07BF9814618BB20462946FFF71C
:10E9C00039FE0022164B03F067F9D0B1154B1648FB
:10E9D00001930122CDF820900092CDE90445CDE9C4
:10E9E000024502F037F998F90030022BCDE9060113
:10E9F0000CD0684602F02CF940B1089B5BB9DDE908
:10EA00000667304639460BB0BDE8F08302F074FC6F
:10EA100021230360F1E702F06FFC089B0360EEE73F
:10EA20000000F03F8C550400803F040018230020B4
:10EA30002DE9F0438BB004460D46DFF771F9244B06
:10EA400093F90080B8F1FF3F06460F460ED02246EC
:10EA50002B462046294603F029F9814630B9002289
:10EA60001C4B2046294603F0F9F820B930463946B8
:10EA70000BB0BDE8F0830022002301210091164E67
:10EA8000CDF8209010461946CDE90445CDE9024560
:10EA9000019602F09BFFB8F1020FCDE906010CD000
:10EAA000684602F0D5F840B1089B5BB9DDE906671E
:10EAB000304639460BB0BDE8F08302F01DFC21233F
:10EAC0000360F1E702F018FC089B0360EEE700BF6B
:10EAD000182300200000F03F945504002DE9F04376
:10EAE000DFF898808BB004460D46DFF7A5F998F95A
:10EAF0000030013306460F462BD022462B462046D7
:10EB0000294603F0D3F8814618BB20462946FFF773
:10EB100091FD0022164B03F0BFF8D0B1154B1648FB
:10EB200001930122CDF820900092CDE90445CDE972
:10EB3000024502F08FF898F90030022BCDE906016A
:10EB40000CD0684602F084F840B1089B5BB9DDE95F
:10EB50000667304639460BB0BDE8F08302F0CCFBC7
:10EB600021230360F1E702F0C7FB089B0360EEE797
:10EB70000000F03F9C550400803F04001823002053
:10EB8000DFF78ABB2DE9F04FDFF8CCA08BB004464D
:10EB90000D46DFF771FC9AF90030013306460F4647
:10EBA00037D022462B462046294603F07FF883467D
:10EBB00078BB20462946FFF73DFD0022244B8046C6
:10EBC000894603F05FF820B3404649460022204BB7
:10EBD00003F062F89AF9006060B3CDE90445CDE92D
:10EBE00002450121002200231A4F0091CDF820B0E8
:10EBF00010461946019702F0E9FE022ECDE9060102
:10EC00000CD0684602F024F840B1089B6BB9DDE9EE
:10EC10000667304639460BB0BDE8F08F02F06CFB5A
:10EC200021230360089B002BF1D002F065FB089BB9
:10EC30000360ECE7022308900093064FCDE90445FA
:10EC4000CDE902452046294600220023D2E700BF35
:10EC50000000F03FA4550400182300202DE9F04FD8
:10EC60008BB01D4606460F46144600F07FFC294B2C
:10EC700093F900A0BAF1FF3F8046894635D022467D
:10EC80002B462046294603F011F870BB32463B461E
:10EC90003046394603F00AF8834630BB0022002391
:10ECA0002046294602F0D0FFF8B11B4BCDF820B02A
:10ECB0000122CDE90267CDE90445CDE90023BAF18F
:10ECC000000F17D0002200231046194602F07EFEE6
:10ECD000BAF1020FCDE906010ED102F00DFB21239E
:10ECE0000360089B83B9DDE90689404649460BB0BD
:10ECF000BDE8F08FCDE90667684601F0A9FF00285E
:10ED0000EBD0089B002BEED002F0F6FA089B0360D4
:10ED1000E9E700BF18230020B85504002DE9F043AF
:10ED20008BB004460D46DFF757FE364B93F9006073
:10ED3000731C804689460DD022462B462046294624
:10ED400002F0B4FF30B9002200232046294602F029
:10ED5000A3FF20B1404649460BB0BDE8F0832A4BE3
:10ED60000890CDE90245CDE904450193DEB9274F6E
:10ED70004FF060462046294600220023CDE9066771
:10ED800002F062FF002835D002230093684601F0AC
:10ED90005FFFB8B1089BD3B9DDE906894046494613
:10EDA0000BB0BDE8F0831A4B0022CDE906232046C4
:10EDB00029460022002302F047FF68B102239E4249
:10EDC0000093E3D102F098FA22230360E2E702F015
:10EDD00093FA089B0360DFE70123022E00930BD117
:10EDE00002F08AFA212303600A4801F033FFCDE9DB
:10EDF0000601CFE701230093684601F029FF0028B0
:10EE0000F2D1EDE718230020C0550400FFFFEFC743
:10EE10000000F0FF803F04002DE9F0438BB0044672
:10EE20000D46DFF7A5FF374B93F90060731C804652
:10EE300089460ED022462B462046294602F036FF50
:10EE4000074630B9002200232046294602F010FF71
:10EE500020B9404649460BB0BDE8F0832A4B0897DD
:10EE6000CDE90245CDE904450193DEB9274F4FF0C6
:10EE700060462046294600220023CDE9066702F0BD
:10EE8000E3FE002835D002230093684601F0E0FE3F
:10EE9000B8B1089BD3B9DDE90689404649460BB0B5
:10EEA000BDE8F0831A4B0022CDE90623204629460F
:10EEB0000022002302F0C8FE68B102239E420093A4
:10EEC000E3D102F019FA22230360E2E702F014FA18
:10EED000089B0360DFE70123022E00930BD102F0B1
:10EEE0000BFA212303600B4801F0B4FECDE90601C3
:10EEF000CFE701230093684601F0AAFE0028F2D173
:10EF0000EDE700BF18230020C4550400FFFFEFC742
:10EF10000000F0FF803F04002DE9F0432B4E8BB042
:10EF200080468946E0F7D4F996F90030013304466B
:10EF30000D4603D001F086FE074620B12046294643
:10EF40000BB0BDE8F0834046494601F07BFE002847
:10EF5000F4D01F4B96F9004008970322CDE9002317
:10EF6000CDE90489CDE902894046494600220023C3
:10EF700064B902F091FE4FF06042E8B1154BCDE963
:10EF80000623684601F064FE68B908E002F084FEDA
:10EF9000002298B1104B022CCDE90623F1D102F0EA
:10EFA000ABF922230360089B53B9DDE906452046EF
:10EFB00029460BB0BDE8F083084BE0E7084BEAE7D1
:10EFC00002F09AF9089B0360EFE700BF18230020C6
:10EFD000CC550400FFFFEF470000F07FFFFFEFC7B5
:10EFE0000000F0FF2DE9F04F8BB004460D4600F015
:10EFF000CFFB294B93F900A0BAF1FF3F06460F461D
:10F0000012D022462B462046294602F04FFE834668
:10F0100050B94FF000084FF00009204629464246FB
:10F020004B4602F01BFE20B9304639460BB0BDE816
:10F03000F08F0122194BCDF820B00092CDE90445A4
:10F04000CDE902450193BAF1000F17D042464B4675
:10F050004046494602F0BAFCBAF1020FCDE906017A
:10F060000ED102F049F921230360089B73B9DDE951
:10F070000667304639460BB0BDE8F08FCDE906890A
:10F08000684601F0E5FD0028EFD1EAE702F034F927
:10F09000089B0360EBE700BF18230020D455040051
:10F0A00000F036BC10B52DED028B8AB008EE100AC8
:10F0B00000F0E8FC334B93F90040631C09D0B4EE38
:10F0C000488AF1EE10FA04D6B5EEC08AF1EE10FAD5
:10F0D00003D90AB0BDEC028B10BD2B4B019318EE87
:10F0E000100A0023089302F0EFFACDE90401CDE9FC
:10F0F0000201CCB9254BB5EE408A4FF06042F1EEEB
:10F1000010FACDE9062334D102230093684601F0BA
:10F110009FFDB0B1089BCBB9DDE9060102F024FEEA
:10F120000AB0BDEC028B10BD194BB5EE408A00222F
:10F13000F1EE10FACDE906230DD102239C42009393
:10F14000E4D102F0D9F822230360E3E702F0D4F817
:10F15000089B0360E0E70123022C00930BD102F02F
:10F16000CBF8212303600B4801F074FDCDE90601C3
:10F17000D0E701230093684601F06AFD0028F2D130
:10F18000EDE700BF18230020DC550400FFFFEFC7A8
:10F190000000F0FF803F04002DE9F0432DED048BCB
:10F1A000B34E8BB008EE900A08EE101A00F0E0FCA7
:10F1B00096F900506B1C044630D0B4EE488AF1EE4C
:10F1C00010FA2BD6F4EE688AF1EE10FA68D69FEDAD
:10F1D000A99AF4EE498AF1EE10FA25D1B4EE498AE3
:10F1E000F1EE10FA40F090800123A34A009318EE4C
:10F1F000900A00230192089302F066FACDE9020119
:10F2000018EE100A02F060FA00220023CDE9040192
:10F21000CDE90623002D60D04FF07E5420460BB080
:10F22000BDEC048BBDE8F08301F0FCFD0546002831
:10F2300000F09A8007EE904AF5EE407AF1EE10FA6F
:10F24000ECD118EE900A01F0EDFD0028E6D018EEA2
:10F25000100A01F0E7FD0028E0D00423864A00935D
:10F2600018EE900A00230893019202F02DFACDE9DE
:10F27000020118EE100A02F027FA96F90030002475
:10F280000025022BCDE90401CDE9064503D06846EF
:10F2900001F0DEFC38BB02F02FF82223036022E0ED
:10F2A000B5EE408AF1EE10FAB8D10123724A00930C
:10F2B00018EE900A00230192089302F005FACDE9B6
:10F2C000020118EE100A02F0FFF96C4B0022022D29
:10F2D000CDE90401CDE906239ED0684601F0B8FCD3
:10F2E000002800F08480089B1BB102F005F8089B01
:10F2F0000360DDE9060102F037FD044620460BB04D
:10F30000BDEC048BBDE8F08318EE100A01F08AFD15
:10F31000002883D0B5EEC08AF1EE10FA7FF57EAFFB
:10F320000123554A009318EE900A00230893019296
:10F3300002F0CAF9CDE9020118EE100A02F0C4F990
:10F3400096F90030CDE90401002B55D04C4900203E
:10F35000022BCDE9060153D101F0CEFF212303603A
:10F36000089B002BC5D0C0E718EE900A01F05AFDAB
:10F3700000283FF45FAF18EE100A01F053FD00289B
:10F380003FF458AF18EE900A02F09EF9804618EE4E
:10F39000100A894602F098F907EE904AF4EE677A6F
:10F3A000F1EE10FA96F9007072D6F6EE007A0322AA
:10F3B000314B08950092CDE90289CDE90401019312
:10F3C00028EE278A17BB2F4BF5EEC08A4FF060421C
:10F3D000F1EE10FACDE9062324D4684601F038FC9A
:10F3E0000028BDD101F088FF22230360B8E701F0B7
:10F3F00083FF2123036076E700220023CDE9062363
:10F40000684601F025FC0028AAD1A5E71E4BF5EEC1
:10F41000C08A0022F1EE10FACDE9062315D4022F9E
:10F42000E0D0DAE718EE100A01F062FD07EE900A6C
:10F43000F4EE487AF1EE10FA16D0144B96F90070FB
:10F440004FF06042CDE90623E9E718EE100A01F01B
:10F450004FFD07EE900AF4EE487AF1EE10FA03D071
:10F46000074B0022CDE9062396F90070D7E700BFCD
:10F470001823002000000000E45504000000F03FC5
:10F480000000F0FFFFFFEF470000F07FFFFFEFC736
:10F4900001220B4B08950092CDE90289CDE90401C8
:10F4A0000193002FA8D0C9EE097A17EE900A02F056
:10F4B0000BF9022FCDE906013FF44EAFA0E700BFE4
:10F4C000E455040010B52DED028B8AB008EE100A49
:10F4D00000F098FF234B93F90040631C09D0B4EE71
:10F4E000488AF1EE10FA04D6B5EEC08AF1EE10FAB1
:10F4F00003D40AB0BDEC028B10BD01231A4A00935D
:10F5000018EE100A00230192089302F0DDF80022A1
:10F51000CDE90401CDE902010023ACB11046194642
:10F5200002F054FA022CCDE906010FD101F0E4FEFD
:10F5300021230360089B7BB9DDE9060102F014FC7E
:10F540000AB0BDEC028B10BDCDE90623684601F080
:10F550007FFB0028EED1E9E701F0CEFE089B0360B7
:10F56000EAE700BF18230020EC5504002DE9F0471E
:10F5700023F0004E5EEA020620D07E4E21F00048C5
:10F58000B04589461ADC564216437B4F4EEAD67682
:10F59000BE42144612D8F0451D46944682460746A0
:10F5A00001F0004612DC0FDB90420DD30ED1734BFD
:10F5B000F60F03EBC603D3E9000105E002F0DCF827
:10F5C00002460B4602F002FABDE8F087B8F5801F4C
:10F5D0003BDB4FEA2852A2F2FF32BEF5801F80F2D9
:10F5E0008F80BEF1000F40F09F80002C23466449BD
:10F5F00004DD5B00002B01F1FF31FADC614B9A4224
:10F6000070DBC9F3130343F480135E4881425BDB74
:10F61000C5F3130444F48014501A07E052EA0503BA
:10F6200021D0EB0F03EB42036F0001381A1BA7EB4D
:10F630000C05F8B1674538BF02F1FF32002AEDDA58
:10F64000FA0F02EB43037F00EFE7B8F1000F5CD144
:10F65000BAF1000F53464A4ABFDD5B00002B02F1AE
:10F66000FF32FADCB9E7454BF60F03EBC606D6E9E5
:10F670000001A9E7674538BF02F1FF32002ABCBF8D
:10F680003D461A4652EA0503EDD03F48824208DC67
:10F69000EB0F03EB4202824201F1FF314FEA4505D5
:10F6A000F6DD384B99424EDA5B1A142B54DC01F22A
:10F6B0001E41DD4002FA01F142FA03F31E4341EA22
:10F6C0000502314610467FE7401A1F2826DC01F26A
:10F6D0001E450EFA00FE24FA05F504FA00FC45EA80
:10F6E0000E0499E79F1A1F2F27DC02F21E4308FA27
:10F6F00007F82AFA03F30AFA07F743EA080384E74C
:10F700004FEA2E51A1F2FF3178E71E4A4FEAC82393
:10F710005B00002B02F1FF32FADC5EE71B4D6D1A35
:10F72000AC404FF0000C77E716494FEACE235B0060
:10F73000002B01F1FF31FADC60E7144B9B1A0AFA47
:10F7400003F3002761E7A2F58012164301F2FF33AD
:10F7500046EA0351284637E71F2B07DC01F21E411A
:10F7600002FA01F125FA03F20A43AAE7074B591AF4
:10F770000A41A6E7FFFFEF7F0000F07F602B040047
:10F78000EDFBFFFF02FCFFFFFFFF0F00E2FBFFFFAF
:10F790005E4A8A432DE9F04104460D4600F095800B
:10F7A00000290B460646844656DD0F1500F0A5805D
:10F7B000C3F31303A7F2FF3743F480134FEADC725D
:10F7C000F80702EB43034FEA4C0504D5ED0F05EBB8
:10F7D00043034FEA8C0500267F10B44616224FF4EF
:10F7E00000110CEB010098424FEAD5744FEA450531
:10F7F00003DC1B1A00EB010C0E44013A04EB43033B
:10F800004FEA5101EDD11046964620244FF00042B8
:10F8100009E051D05B00013C03EBD5734FEA520283
:10F820004FEA450537D0634502EB0E01F1DD0029B3
:10F8300001EB020E0ADBE046A3EB0C03A94288BFF2
:10F8400003F1FF336D1A1044C446E3E7BEF1000F25
:10F85000F1DB0CF10108EFE721F00042024329D06F
:10F86000002942D10146CA0A153B4905002AFAD0AF
:10F8700012F4801001D044E060465200D40200F13E
:10F88000010CF9D5CCF1200401FA0CFCE1401F1A5F
:10F8900041EA02038CE72B4321D14408731003F1A2
:10F8A0007F53F20703F5001348BF44F0004403EB15
:10F8B00007512046BDE8F081A942ABD8002901EBF1
:10F8C000020EC3DB98460023BCE702460B4601F05C
:10F8D00053FF22462B4601F099FDBDE8F081411C03
:10F8E00016BF421C01365408D8E7024601F08CFDD1
:10F8F00002460B4602F06AF8DCE71A4631463B4600
:10F90000B6E78C4620244FF0FF30BFE70000F07FC1
:10F9100030B583B007EE900A0191019B23F00042BD
:10F92000B2F1FF4F17DC20F00041B1F1FF4F054667
:10F9300011DCB3F17E5F3FD09C1704F0020444EA6F
:10F94000D07481B9022C4CD09FED437A032C08BFB0
:10F95000F0EE477A03E09DED017A77EE277A17EE15
:10F96000900A03B030BDF2B1B2F1FF4F29D0B1F12E
:10F97000FF4F18D08A1AD2153C2A35DC002B36DA14
:10F980003C3234DADFED357A012C47D0022C3CD002
:10F99000002CE4D0DFED326A9FED327A77EEA67A62
:10F9A00077EEC77ADBE7DFED307A9FED307A002D16
:10F9B000B8BFF0EE477AD2E703B0BDE8304001F0BF
:10F9C0004FB9B1F1FF4F30D0022C0AD0032C39D0FF
:10F9D000DFED277A9FED217A012C18BFF0EE477AF0
:10F9E000BDE7DFED207ABAE7DFED1F7ACCE70198BB
:10F9F00007EE100AC7EE877A17EE900A01F00EFAAA
:10FA000001F02EF907EE900ABEE7DFED156A9FEDD3
:10FA1000157A77EEA67A77EE677AA0E717EE903A36
:10FA200003F1004307EE903A99E7022C10D0032C23
:10FA30000BD0DFED107A9FED107A012C18BFF0EE9D
:10FA4000477A8CE7DFED047A89E7DFED0C7A86E709
:10FA5000DFED0B7A83E700BFDB0F49C00000000039
:10FA60002EBDBB33DB0F4940DB0FC93FDB0FC9BFE6
:10FA700000000080DB0F49BFDB0F493FE4CB16C01D
:10FA8000E4CB164000B52DED028B83B001900198B8
:10FA900030F0004337D0002842DBB0F1FF4F4EDAA0
:10FAA000B0F5000F56DADFED2C7A9DED017A67EEA6
:10FAB000277A6FF0180217EE900AC3157F3B1344A4
:10FAC000DA0F134407EE903AC2F17F01C0F316003B
:10FAD00040EAC150B8EEE78A01F0E6FADFED1F7A9E
:10FAE000DFED1F6A9FED1F7A06EE100A66EE277A99
:10FAF000E8EE267AE8EE077A17EE900A03B0BDEC3E
:10FB0000028B5DF804FBDFED186A9FED187AC6EEF4
:10FB1000877A17EE900A03B0BDEC028B5DF804FB08
:10FB2000DDED017A9FED117A77EEE76AC6EE877A0E
:10FB300017EE900A03B0BDEC028B5DF804FBDDED1F
:10FB4000017A77EEA77A17EE900A03B0BDEC028B2C
:10FB50005DF804FB0022B0E70000004CD95BDE3EFC
:10FB6000DB27543580209A3E000000CC00000000C6
:10FB70002DE9F04731F000462DED028B12D020F038
:10FB80000047B7F1FF4F804606DDBDEC028B5A48B7
:10FB9000BDE8F04701F0A8B9B6F1FF4F08DDB7F1B5
:10FBA0007E5FF2D14FF07E50BDEC028BBDE8F08756
:10FBB00000280C462BDB4FF00009B6F1FF4F38D080
:10FBC000B6F17E5F3DD0B4F1804F19D0B4F17C5FC7
:10FBD00005468A4643D1B8F1000F6FDA01F01EF9ED
:10FBE000B7F1FF4F01D0002F3FD1A7F17E5757EA61
:10FBF000090369D0B9F1010FD6D180F00040D3E7F5
:10FC000007EE900A67EEA77A17EE900ACCE7B6F1F6
:10FC1000974F21DAB6F17E5F08DBF315C3F1960347
:10FC200046FA03F202FA03F3B34256D04FF000094A
:10FC3000C6E7B7F17E5FB5D03BDD002C28DB084678
:10FC4000B2E7002CB0DA07EE100AF7EE007AC7EE42
:10FC5000877A17EE900AA7E74FF00209ADE701F0A7
:10FC6000DDF8B7F1FF4F15D0A7B1B7F17E5F11D026
:10FC70004FEAD873013B59EA030233D0B6F19A4FE9
:10FC800040DD1E4A974200F39481002CC0F2978118
:10FC9000002089E7002C07DA07EE100AF7EE007A59
:10FCA000C7EE877A17EE900AB8F1000FBFF67CAF67
:10FCB0009BE7002CECDA81F0004075E7BDEC028B8D
:10FCC000BDE8F04700F09EBB07EE900A77EEE77ABA
:10FCD000C7EEA77A17EE900A66E702F00102C2F1BA
:10FCE00002096DE707EE905A77EEE77AC7EEA77A3A
:10FCF00017EE900A58E700BF803F0400F7FF7F3FF0
:10FD00000000804BB7F5000F80F249815FED047A67
:10FD100007EE100A67EE277A6FF0170217EE907A57
:10FD2000F048F915C7F316077F398742114447F0A9
:10FD30007E5240F33681EC48874240F3B9819FED13
:10FD4000EB5A0131A2F50002F0EE453A0020F7EE41
:10FD5000006A04EE902A74EEA67AB7EE007A87EE77
:10FD6000278A521042F0005202F58022024434EEFB
:10FD7000E67ADFEDDF8A9FEDDF2A9FEDDF0ADFED18
:10FD8000DF0A9FEDDF1ADFEDDF1ADFEDDF2A9FEDDF
:10FD9000DF3A27EE084A07EE902A24EE046ADC4A8E
:10FDA000A6EE282A14EE100A104005EE900AA2EEE4
:10FDB000060AB1EE652A77EEE66AA2EE277AF0EE41
:10FDC000607AE0EE067A74EEE64AF0EE476AB0EE4C
:10FDD000417AA7EE867AE2EE246AE7EE061A66EE2C
:10FDE000886A75EE847A26EE066A67EEA67AF0EEE9
:10FDF000084AE6EE217AB0EE646AA5EEA56A07EE3F
:10FE0000101A36EE276ADFEDC31A16EE101A1140EB
:10FE100006EE101A76EE644AB8EEC77AE2EE254A8C
:10FE200077EEE47A67EE847AE6EE267AF0EE676A99
:10FE3000E5EE866A16EE901A114006EE901AE2EE92
:10FE4000066A05EE901A77EEE67A67EEA27AE5EE9C
:10FE5000837A77EEA37AF0EE676AE5EEA16A76EE32
:10FE6000856A76EE876A16EE901A114006EE901AB1
:10FE700036EEC77A37EE457AA5EEE17A77EEC77AA5
:10FE800024F47F6424F00F0407EE10AA06EE104A53
:10FE900067EE877A37EE466A07EE104AE6EE267A74
:10FEA00009F1FF3959EA030326EE877ABFEE008A8B
:10FEB00077EE876AB7EE006A16EE900A18BFB0EECA
:10FEC000468A002820F0004340F39480B3F1864F27
:10FED00000F387807AD0B3F17C5F00F39780002134
:10FEE00016EE903A23F47F6323F00F0306EE903A68
:10FEF0009FED896ADFED895A9FED893ADFED893AF6
:10FF00009FED892A9FED894ADFED894A9FED895A45
:10FF100036EEC77AF0EE002A77EEC77A26EE867ABA
:10FF2000A7EEA57AF7EE005AF0EE477AA6EE837AAE
:10FF300027EE076AF0EE471AE6EEC31AF0EE636AA0
:10FF4000E6EE026A77EEE17AA6EE864AE7EE277AD7
:10FF5000E4EE064AA4EE865AF0EE456AB0EE475A41
:10FF6000A6EEC65AF0EE456A36EEE26A27EE055A6C
:10FF7000C5EE066A76EEE77A37EEC77A35EEC77ACF
:10FF800017EE103A03EBC153B3F5000FC0F2A28095
:10FF900007EE903A67EE887A17EE900A04E60022A0
:10FFA000BEE69FED525A0020F0EE453AF7EE006AA9
:10FFB000CFE6614A974248DD002C7FF769AEDFED5E
:10FFC0005F7A67EEA77A17EE900AEDE59FED5C6A1F
:10FFD00076EEC76A37EE866AB4EEE66AF1EE10FA9C
:10FFE00014DD9FED567A68EE077A67EE877A17EE92
:10FFF000900AD9E5534A934263DC7FF46CAF76EE06
:020000040004F6
:10000000C76AF4EEE76AF1EE10FA5ADADB154FF43C
:1000100000027E3B42FA03F30344C3F3C7524A4C47
:100020007F3A1441C3F3160123EA040306EE903A23
:10003000C2F1170241F4000137EE667A114100283F
:10004000B8BF494277EE876A4AE707EE100AF7EE33
:10005000007A77EE677A9FED296A9FED3C7ADFEDB3
:100060003C4ADFED3C5AB1EE675AF5EE006AA5EE68
:10007000266AF6EE006AE6EE676A27EEA76A66EE83
:10008000866A27EE667AA7EEA47AF0EE476AE7EE74
:10009000A56A16EE902A22F47F6222F00F0207EE84
:1000A000902AE5EE257A06EE902A77EE677AE7E663
:1000B0009FED295ADFED293A4FF40010F7EE086A58
:1000C00047E69FED277A68EE077A67EE877A17EEA4
:1000D000900A69E517EE100A00F072FF07EE900A29
:1000E00058E700BF71C41C00D6B35D0000000000DB
:1000F00042F1533E55326C3E05A38B3EABAAAA3E5D
:10010000B76DDB3E9A99193F4F38763FA0C39D36B5
:1001100000F0FFFF0038763F8CBEBF351872313FCC
:100120000072313F0EEADDB54CBB313355B38A382E
:10013000610B36BBABAA2A3E0700803FCAF2497169
:100140003CAA383300001643FFFF7F003BAAB83FAC
:1001500070A5EC3600AAB83F00C0153FDCCFD13502
:100160006042A20D70B5994A20F00044944286B0D6
:100170006BDD974A944206461CDC002824F00F04ED
:10018000DFED947A944A07EE100A64DD944277EE2C
:10019000677A00F0D5809FED917A77EEC76A0120EB
:1001A00077EEE67AC1ED006A77EEC77AC1ED017AA3
:1001B00006B070BD8A4A94420D4660DDB4F1FF4F2F
:1001C00080F2B480E215863AA4EBC25307EE903A6F
:1001D000BDEEE77ADFED836AB8EEC77A77EEC77ACD
:1001E0008DED037A67EEA67ABDEEE77AB8EEC77AB0
:1001F00077EEC77A8DED047A67EEA67AF5EE407A4F
:10020000F1EE10FACDED057A40F0CC80B5EE407AF3
:10021000F1EE10FA0CBF0123022373490191022170
:10022000009103A8294600F07FF9002E11DA95ED20
:10023000007AD5ED017AB1EE477AF1EE677A404265
:1002400085ED007AC5ED017A03E0002208604A607E
:10025000002006B070BD944277EE277A00F08F80C0
:100260009FED5E7A77EE876A4FF0FF3077EEE67AA1
:10027000C1ED006A77EE877AC1ED017AE9E700F017
:10028000CDFD9FED5A6A9FED535ADFED546A07EE9C
:10029000100AF6EE007AE7EE067AFDEEE77AB8EE9F
:1002A000E76A17EE900AF1EE465AF0EE477A1F28F9
:1002B000E5EE857A26EE267A54DD77EEC76A16EEED
:1002C000903AE415C3F3C753E31A082B54DD9FEDAE
:1002D000487ADFED486AB0EE675AA5EE875A77EEA6
:1002E000C57AE5EE877AD6EE267A75EE676AB0EEC5
:1002F000677A16EE903AC3F3C753E41A192C53DC0D
:10030000C5ED006AF0EE457A77EEE67A002E77EEDC
:10031000C77AC5ED017A9CDAF1EE666AF1EE677A8A
:10032000C5ED006AC5ED017A404292E707EE900AFA
:1003300077EEE77A0020C1ED017AC1ED007A88E717
:10034000DFED2B6A9FED2B7A77EEE67A012077EED0
:10035000C76A77EEE67AC1ED006A77EEC77AC1ED3B
:10036000017A76E7421E244B53F8223024F0FF0234
:100370009A4277EEC76AA2D0C5ED006AC4E7DFED06
:100380001C6A9FED1C7A77EEA67A4FF0FF3077EE6D
:10039000876A77EEE67AC1ED006A77EE877AC1ED7B
:1003A000017A56E7032338E7DFED146ADFED144ADC
:1003B000F0EE457AE5EEA67A35EE677AA5EEA67AF6
:1003C00096EE247A77EEC76AD6E700BFD80F493F8A
:1003D000E3CB1640800FC93FD00FC93F43443537A8
:1003E000800F494300008043FC57040084F9223FFA
:1003F0000044353708A3852E7C57040000A3852EC2
:1004000032318D2407EE900AF1EEE77A17EE900A6A
:10041000704700BF20F00043B3F1485F06EE100ABA
:1004200006EE901A2EDAFDEEC67A17EE903A002B01
:100430005FD026EE067ADFED343A9FED344ADFEDE9
:10044000344A9FED345ADFED347ADFED345AA7EEAB
:10045000234AE7EE044AA7EE245AE7EE057AE7EED0
:10046000275A65EE875A66EEC66AB6EE006AE7EE70
:10047000256AF7EE007AD7EE066A77EEE67A17EE8F
:10048000900A704726EE067ADFED1F3A9FED1F4A6D
:10049000DFED1F4A9FED1F5ADFED1F7ADFED1F5A78
:1004A0001F4AA7EE234A9342E4EE074AA4EE875A76
:1004B000E5EE077AE7EE875A65EE875AD3DD194AEB
:1004C00093421BDC03F17F4307EE903AB7EE005AEC
:1004D00035EE675A66EEC66AB6EE006AE7EE256A42
:1004E000D7EE067A77EEE67A75EE677A17EE900A1F
:1004F0007047F7EE007A17EE900A7047B6EE075A8B
:10050000F5EE027AE6E700BF4ED747ADF6740F313D
:100510007CF293B4010DD037610BB6BAABAA2A3D79
:100520009999993E0000483F2DE9F04F2DED048B3D
:10053000D7B003F1FF390293D31E48BF131DBA4C45
:10054000649D0591DB1023EAE37354F8256003935F
:1005500003F10108A2EBC80816EB09028646A3EBDB
:10056000090316D41A449FEDB17A6598511C1AAA52
:10057000002BA4BF50F8234007EE904A03F101037B
:10058000ACBFF8EEE77AF0EE477A8B42E2EC017A04
:10059000EED1029B002E4FEA83044FEA860A1DDB50
:1005A0001AAB181943AA7346191902EB0A0742AD90
:1005B000F446B9F1000FDFED9D7A09DB0246634690
:1005C000F3EC016A32ED017A8B42E6EE877AF7D1DD
:1005D000E5EC017ABD4200F10400EAD1AAF108037A
:1005E00006ADEB1804939FED939ADFED918A009688
:1005F00005ABB34674449A4442AF76464FEA8B0348
:1006000056AA1A44BBF1000F52ED146A16DD07EB2F
:100610008B02294666EE897AB0EE667AFDEEE77ABD
:1006200032ED016AF8EEE77ABA42A7EEE87A77EEA1
:10063000866ABDEEC77AA1EC017AEBD1414616EE8F
:10064000900A019300F0BCFC08EE100AF4EE007A68
:1006500068EE277A17EE900A00F0ECFB07EE100A1E
:10066000F2EE007AA7EE678AB8F1000F019BFDEE6B
:10067000C89AF0EE487AB8EEE98A37EEC88A40F3B5
:10068000C6800BF1FF3CC8F1080255F82C1041FA66
:1006900002F000FA02F2891A45F82C1019EE90CAFD
:1006A0008444C8F1070209EE90CA41FA02F2002A16
:1006B00048DD19EE901ABBF1000F01F1010109EEBE
:1006C000901A40F33682D5F800C0BCF1000F40F01C
:1006D0009B80BBF1010F20D0AE4601205EF8041FC5
:1006E00000F1010C002900F09980E6468C46714625
:1006F000CCF5807C8B4545F820C00CDD55F82100F9
:100700002B4405EB810100E00868C0F1FF0041F8CF
:10071000040B9942F8D14FF0010CB8F1000F0EDD37
:10072000B8F1010F00F02E81B8F1020F07D10BF1E3
:10073000FF3155F8213003F03F0345F82130022AFC
:1007400000F00981B5EE408AF1EE10FA40F08680A3
:10075000009B0BF1FF3C63450EDC0BF1804101393E
:1007600005EB8101002051F80439514540EA0300AE
:10077000F9D1002840F00F81009B013B55F8233050
:10078000002B40F0FC80049B4FF0010C53F804292F
:100790000CF1010C002AF9D0DC440BF1010EE64506
:1007A00030DC039B029A0EEB03015A4403EB0C0B63
:1007B0001AAB01F1804103EB8202659B013903EB27
:1007C000810107EB8E0E03EB8B0B51F8043F9FED7D
:1007D000177A07EE903AF8EEE77A1046B9F1000F73
:1007E000E0EC017A09DB334601E072ED017AF3ECCB
:1007F000016AA342A6EEA77AF7D15945AEEC017A79
:100800000246E2D1E346F9E60121002070E715D166
:100810000BF1FF3255F82220121248E7E3456046FB
:100820007FF45CAF8C4678E7505B0400000000006A
:10083000000080430000803B0000C93FF6EE007AD4
:10084000B4EEE78AF1EE10FA80F25D81B5EE408AEF
:10085000F1EE10FA4FF000023FF47AAFC8F1000158
:1008600018EE100A0192009E00F0AAFB5FED106ADC
:10087000019A07EE100AB4EEE67AF1EE10FAC0F231
:100880005B815FED147A67EE277A0BF10103FDEED1
:10089000E77A08F10808F8EEE77AA7EEE67AFDEEC7
:1008A000E77ABDEEC77A17EE101A45F82B1017EE4F
:1008B000901A45F8231041464FF07E50CDE90023B1
:1008C00000F07EFB019B009A002B07EE100AC0F29D
:1008D0004A819F0042A907F1040E5FED2A6A0F4486
:1008E000381D05EB0E0171ED017AF8EEE77AA942A9
:1008F00067EE877A27EE267A60ED017AF3D10DF163
:10090000B8081FED336AC44603F101090025002E23
:10091000C0F20481A24CDFEDA37A3846B0EE467AED
:10092000002103E0A94208DCB4EC017AF0EC016A92
:1009300001318E42E6EE877AF4DA01354D45ECEC72
:10094000017AA7F10407E2D16499032955D8DFE8B9
:1009500001F0CAB7B75DF7EE007A37EEC88ABCF18E
:10096000000F3FF4EFAE17EE900A4146019200F0FF
:1009700027FB07EE900A019A38EE678AE2E64FF00D
:10098000010C09E70BF1FF3155F8213003F07F032B
:1009900045F82130D3E655F82C10009E6346A8F1A7
:1009A0000808002987D10CF18041013905EB81014C
:1009B00051F80409013BA8F108080028F8D07AE7AB
:1009C000DFED787A002A40F0BF809DED2E7A059900
:1009D000002BC1ED007A77EE677A0BDD2FA801219D
:1009E000B0EC017A01318B4277EE877AF8DA002A8F
:1009F00040F0B680059BC3ED017A19EE903A03F002
:100A0000070057B0BDEC048BBDE8F08F002B40F31E
:100A1000C4809C0056A921440DF1B80803F1804020
:100A200051ED286A013808EB830171ED017A37EE48
:100A3000A67A884577EEC77A81ED007A77EEA67AB6
:100A4000F0EE476AC1ED017AEFD1012B40F3A580AA
:100A500056AB1C448000031D54ED286A43442FA963
:100A600073ED017A37EEA67A994277EEC77A83ED75
:100A7000007A77EEA67AF0EE476AC3ED017AEFD1FD
:100A80000830DFED487A08EB000308F1080833ED81
:100A9000017A984577EE877AF9D1DDED2E6A9DEDE2
:100AA0002F7A2AB1F1EE666AB1EE477AF1EE677AF3
:100AB000059BC3ED006A83ED017AC3ED027A9CE7E2
:100AC000002BFFF67DAF2EA800EB8301DFED357A1A
:100AD000043131ED017A884277EE877AF9D1002A24
:100AE0003FF473AF30E0DFED2F7AC6443EED017A7C
:100AF000F04577EE877AF9D10AB1F1EE677A059B76
:100B0000C3ED007A79E719EE902ABBF1000F02F1EC
:100B1000010209EE902A3ADD0222D4E5DFED217AC6
:100B200001354D45ECEC017AA7F104077FF4EFAEF7
:100B30000AE74FF0000CF0E5BDEEC77A5B4617EE12
:100B4000101A45F82B10B6E6DDED2E6A0599B1EEC8
:100B5000677A002B76EEE77A81ED007A3FF73EAFB9
:100B6000F1EE677A46E7649903293FF646AF01A0A4
:100B700050F821F0850B0400C10A0400C10A0400EA
:100B80000D0A0400DFED077A002AB6D1B7E7F7EEC9
:100B9000007A37EEC88A0222D4E5DFED027A7CE7DC
:100BA000285B04000000000020F00043B3F1485F20
:100BB00007EE900A06EE101A04DABDEEE77A17EE99
:100BC000103A23B327EEA77A9FED174ADFED174AB5
:100BD0009FED175ADFED175ADFED176AE7EE044A6B
:100BE00027EE874AA4EE875AE5EE075AE5EE876AB4
:100BF00082B166EEC46AF6EE005AE6EE256ADFEDD3
:100C00000F5A96EE876AA4EE256A77EEC67A17EE3B
:100C1000900A70479FED0A6AA7EE266AE6EE047A0C
:100C200017EE900A704700BFD3C92E2F342FD7B2CA
:100C30001BEF3836010D50B98988083CABAA2A3E13
:100C4000ABAA2ABE41F0004101F58010C00F7047E9
:100C50000020704700200149704700BF0000F87F66
:100C600038B520F00044B4F1A14F07EE900A0546D4
:100C70000DDBB4F1FF4F5CDC9FED557ADFED557A6B
:100C80000028C8BFF0EE477A17EE900A38BD524BE5
:100C90009C4261DCB4F1445F50DB4FF0FF3327EE40
:100CA000A76A9FED4E1A9FED4E2ADFED4E1ADFED3B
:100CB0004E2A9FED4E3ADFED4E3A9FED4E4ADFED64
:100CC0004E4A9FED4E5A9FED4E7ADFED4E5A66EE3C
:100CD000066A5A1CA6EE812AE6EEA12AA2EE263A60
:100CE000E2EEA63AA3EE264AE3EEA64AA4EE265A80
:100CF000A4EEA67AE5EE265A27EE267AA5EE867AA7
:100D000027EE277A3FD04049404A9B001944D1ED55
:100D1000006A37EE667A134437EE677AD3ED007ACD
:100D200077EEC77A002DB8BFF1EE677A17EE900A1A
:100D300038BD77EEA77A17EE900A38BD9FED347A6A
:100D400037EE877AF7EE006AB4EEE67AF1EE10FA43
:100D5000A3DD17EE900A38BD00F060F82D4B9C42E1
:100D600007EE100A14DCA3F5D0039C4225DCF0EE5C
:100D7000007AFFEE006AE7EE276A002337EE277A53
:100D8000C6EE877A8BE777EEC77A17EE900A38BD02
:100D9000214B9C420BDCF7EE087AF7EE006AE7EE97
:100DA000276A022337EE677AC7EE267A77E7FFEEE7
:100DB000006AC6EE877A032371E7F7EE007A77EED2
:100DC000676A37EE277A0123C6EE877A67E700BFA6
:100DD000DB0FC93FDB0FC9BFFFFFDF3ED769853C93
:100DE00059DA4B3D21A215BD6BF16EBD356B883DC7
:100DF00095879DBD6E2EBA3D388EE3BD2549123EC6
:100E0000CDCC4CBEABAAAA3E6C5B04005C5B04007C
:100E1000CAF24971FFFF973FFFFF1B4020F00040DF
:100E2000704700BF20F00040B0F1FF4FACBF002082
:100E30000120704782B00190019A22F00041CB0D51
:100E40007F3B162B20DC002B10462EDB234919415B
:100E50000A4224D0DFED227A9DED017A77EE277ADF
:100E6000F5EEC07AF1EE10FA19DD002A04DA4FF43B
:100E7000000242FA03F3184420EA010307EE903A15
:100E800017EE900A02B07047B1F1FF4FDDED017A25
:100E9000F6D377EEA77A17EE900A02B07047DDED31
:100EA000017A17EE900A02B07047DFED0D7A9DEDE2
:100EB000017A77EE277AF5EEC07AF1EE10FAEEDDE0
:100EC000002A02DBDFED077ADAE7FFEE007A00297D
:100ED00018BFB0EE677AF0EE477AD1E7FFFF7F00E8
:100EE000CAF2497100000000004870470000C07F4E
:100EF00010B485B00190019A22F00041CB0D7F3BE8
:100F0000162B2ADC21B3002B11464FEAD27032DBBC
:100F1000294A1A4111421BD05208114207D04FF4FE
:100F2000001421EA020244FA03F342EA0301234BCC
:100F300003EB800090ED007A07EE901A77EE277AA7
:100F4000CDED037ADDED037A77EEC77ACDED017A48
:100F5000019805B05DF8044B7047B1F1FF4FF7D32E
:100F6000DDED017A77EEA77ACDED017A019805B033
:100F70005DF8044B7047C2F316035B420F495B0AEE
:100F8000120D03F4800312051A4301EB800191ED69
:100F9000007A07EE902A77EE277ACDED037ADDED21
:100FA000037A77EEC77A17EE903A23F0004343EACC
:100FB000C0730193CCE700BFFFFF7F007C5B0400A0
:100FC00000B52DED028B83B00190019B33F0004200
:100FD0001DD0B2F1FF4F0FD2B2F5000F20D3D20DCA
:100FE0000A44FE2A2CDC002A3DDD23F0FF4343EABD
:100FF000C25307EE903A03E007EE900A77EEA77A25
:1010000017EE900A03B0BDEC028B5DF804FBDDED3A
:10101000017A17EE900A03B0BDEC028B5DF804FB79
:101020009DED017ADFED1B7A1B4B67EE277A994223
:10103000CDED017A10DB019BC3F3C752193ACFE71C
:101040009FED168A019918EE100A00F041F907EE9B
:10105000900A67EE887AD3E7DFED117A9DED017A89
:1010600067EE277ACCE712F1160F06DA4CF250330E
:101070009942E5DC9FED0A8AE4E7193223F0FF4349
:1010800043EAC2539FED077A07EE903A67EE877AFC
:10109000B6E700BF0000004CB03CFFFFCAF2497148
:1010A0006042A20D0000003330B482B00190019B79
:1010B00033F0004241D0002B4ADBB3F1FF4F54DA4A
:1010C000B3F5000F80F29D80DFED6E7A9DED017A21
:1010D00067EE277A6FF0180517EE903A6A4AC3F365
:1010E0001604224402F4000282F07E50DB1504F163
:1010F0000F0120437F3B07EE900AC1F316012B44FA
:10110000B7EE007A0F2903EBD25337EEC77A35DCFE
:10111000B5EE407AF1EE10FA75D1002B00F0AE80FA
:1011200007EE903AB8EEE77ADFED587ADFED586ACD
:1011300067EE277AE7EE267A05E0DFED566A9FED47
:10114000567AC6EE877A17EE900A02B030BC704726
:10115000DDED017A9FED507A77EEE76AC6EE877A89
:1011600017EE900A02B030BC7047DDED017A77EEE1
:10117000A77A17EE900A02B030BC7047B0EE006A52
:1011800037EE066A9FED452ADFED453ADFED454A29
:10119000DFED452A9FED454ADFED456ADFED457AF3
:1011A0004549C7EE065AC4F55712214402F522728A
:1011B0000A43002A06EE103A25EEA55AB8EEC63AC2
:1011C00025EE056AE6EE023AA6EE224AE3EE864AEC
:1011D000E4EE067AE4EE866A66EE856AE7EE866AF3
:1011E0003BDDB6EE006A27EE066A26EE076A76EE6B
:1011F000866A66EEA56A03BB76EE666A77EE667A65
:10120000A1E700256AE7DFED2D6AF6EE007AE7EE4A
:10121000667A67EE076A67EEA67ADBB106EE903A69
:10122000DFED1A5A9FED1A6AF8EEE66AE6EEE57A05
:1012300077EEC77AD6EE867A85E7DFED147ADFEDB2
:10124000145AE3EE276A76EE667A77EEC77AD3EE23
:10125000257A78E777EE677A75E777EE667A67EE54
:10126000A57A002BF6D09FED096ADFED096AE3EE5F
:10127000467A77EEC77AD3EE267A64E7DFED067A10
:1012800061E700BF0000004C20FB4A00D1F7173790
:101290008071313F000000CC000000009788173EAD
:1012A00025333A3E2549923E4FD01C3E298E633E5F
:1012B000ABAA2A3FCDCCCC3E305CCFFFABAAAA3E36
:1012C00003F0004321F0004242EA0301704700BFEF
:1012D00001F0004120F000400843704710B5054C74
:1012E00013462CB10A4601460220AFF3008010BD20
:1012F0002046FCE700000000014B1868704700BF63
:10130000DC20002008B5074B044613B10021AFF3E1
:101310000080054B1868836A03B19847204600F0A7
:1013200061FF00BF00000000845B040070B50D4E3B
:101330000D4CA41BA4100025A54209D10B4E0C4C4A
:1013400001F010F9A41BA4100025A54205D170BD21
:1013500056F8253098470135EEE756F8253098477E
:101360000135F2E71C2300201C2300201C23002051
:1013700040230020024B0146186800F09FBF00BFC9
:10138000DC20002038B5074C0023054608461146EE
:10139000236000F01FFF431C02D1236803B12B60C0
:1013A00038BD00BF28470020084B37B51C68084DE2
:1013B000236A002B08BF2B46009313460A460146BA
:1013C000204600F0B7FF03B030BD00BFDC20002096
:1013D00040210020084B37B51C68084D236A002BBC
:1013E00008BF2B46009313460A460146204601F0EB
:1013F0001CF803B030BD00BFDC20002040210020DD
:1014000081F0004102E000BF83F0004330B54FEAB5
:1014100041044FEA430594EA050F08BF90EA020F22
:101420001FBF54EA000C55EA020C7FEA645C7FEAB5
:10143000655C00F0E2804FEA5454D4EB5555B8BFD8
:101440006D420CDD2C4480EA020281EA030382EA49
:10145000000083EA010180EA020281EA0303362DDB
:1014600088BF30BD11F0004F4FEA01314FF4801CAE
:101470004CEA113102D0404261EB410113F0004FC0
:101480004FEA03334CEA133302D0524263EB430377
:1014900094EA050F00F0A780A4F10104D5F1200E15
:1014A0000DDB02FA0EFC22FA05F2801841F1000170
:1014B00003FA0EF2801843FA05F359410EE0A5F144
:1014C00020050EF1200E012A03FA0EFC28BF4CF075
:1014D000020C43FA05F3C01851EBE37101F000452B
:1014E00007D54FF0000EDCF1000C7EEB00006EEB38
:1014F0000101B1F5801F1BD3B1F5001F0CD34908C2
:101500005FEA30004FEA3C0C04F101044FEA445218
:1015100012F5800F80F09A80BCF1004F08BF5FEA9F
:10152000500C50F1000041EB045141EA050130BD7F
:101530005FEA4C0C404141EB010111F4801FA4F122
:101540000104E9D191F0000F04BF01460020B1FA77
:1015500081F308BF2033A3F10B03B3F120020CDAAF
:101560000C3208DD02F1140CC2F10C0201FA0CF08D
:1015700021FA02F10CE002F11402D8BFC2F1200CF2
:1015800001FA02F120FA0CFCDCBF41EA0C019040A8
:10159000E41AA2BF01EB0451294330BD6FEA0404F1
:1015A0001F3C1CDA0C340EDC04F11404C4F12002DC
:1015B00020FA04F001FA02F340EA030021FA04F3EE
:1015C00045EA030130BDC4F10C04C4F1200220FA45
:1015D00002F001FA04F340EA0300294630BD21FA83
:1015E00004F0294630BD94F0000F83F4801306BF49
:1015F00081F480110134013D4EE77FEA645C18BF3D
:101600007FEA655C29D094EA050F08BF90EA020FD3
:1016100005D054EA000C04BF1946104630BD91EACB
:10162000030F1EBF0021002030BD5FEA545C05D1CE
:101630004000494128BF41F0004130BD14F580040D
:101640003CBF01F5801130BD01F0004545F0FE4181
:1016500041F470014FF0000030BD7FEA645C1ABFB6
:10166000194610467FEA655C1CBF0B46024650EAED
:10167000013406BF52EA033591EA030F41F4002119
:1016800030BD00BF90F0000F04BF0021704730B59F
:101690004FF4806404F132044FF000054FF0000174
:1016A00050E700BF90F0000F04BF0021704730B535
:1016B0004FF4806404F1320410F0004548BF40420A
:1016C0004FF000013EE700BF42004FEAE2014FEA5F
:1016D00031014FEA02701FBF12F07F4393F07F4F3A
:1016E00081F06051704732F07F4208BF704793F03D
:1016F0007F4F04BF41F40021704730B54FF4607450
:1017000001F0004521F000411CE700BF50EA010252
:1017100008BF704730B54FF000050AE050EA0102FB
:1017200008BF704730B511F0004502D5404261EB6B
:1017300041014FF4806404F132045FEA915C3FF4AC
:10174000D8AE4FF003025FEADC0C18BF03325FEA49
:10175000DC0C18BF033202EBDC02C2F1200300FAFA
:1017600003FC20FA02F001FA03FE40EA0E0021FA1F
:1017700002F11444BDE600BF70B54FF0FF0C4CF40D
:10178000E06C1CEA11541DBF1CEA135594EA0C0FBF
:1017900095EA0C0F00F0DEF82C4481EA030621EAFA
:1017A0004C5123EA4C5350EA013518BF52EA033535
:1017B00041F4801143F4801338D0A0FB02CE4FF0E7
:1017C0000005E1FB02E506F00042E0FB03E54FF017
:1017D0000006E1FB03569CF0000F18BF4EF0010E0F
:1017E000A4F1FF04B6F5007F64F5407404D25FEA0B
:1017F0004E0E6D4146EB060642EAC62141EA5551BE
:101800004FEAC52040EA5E504FEACE2EB4F1FD0CFF
:1018100088BFBCF5E06F1ED8BEF1004F08BF5FEA7D
:10182000500E50F1000041EB045170BD06F000462F
:1018300046EA010140EA020081EA0301B4EB5C04DC
:10184000C2BFD4EB0C0541EA045170BD41F48011D4
:101850004FF0000E013C00F3AB8014F1360FDEBFF9
:10186000002001F0004170BDC4F10004203C35DAD5
:101870000C341BDC04F11404C4F1200500FA05F358
:1018800020FA04F001FA05F240EA020001F00042F9
:1018900021F0004110EBD37021FA04F642EB06016F
:1018A0005EEA430E08BF20EAD37070BDC4F10C0499
:1018B000C4F1200500FA04F320FA05F001FA04F25D
:1018C00040EA020001F0004110EBD37041F1000149
:1018D0005EEA430E08BF20EAD37070BDC4F1200554
:1018E00000FA05F24EEA020E20FA04F301FA05F2BC
:1018F00043EA020321FA04F001F0004121FA04F264
:1019000020EA020000EBD3705EEA430E08BF20EA33
:10191000D37070BD94F0000F0FD101F0004640006D
:1019200041EB010111F4801F08BF013CF7D041EAEF
:10193000060195F0000F18BF704703F000465200F3
:1019400043EB030313F4801F08BF013DF7D043EAC4
:101950000603704794EA0C0F0CEA135518BF95EA7A
:101960000C0F0CD050EA410618BF52EA4306D1D101
:1019700081EA030101F000414FF0000070BD50EA20
:10198000410606BF1046194652EA430619D094EAAA
:101990000C0F02D150EA013613D195EA0C0F05D194
:1019A00052EA03361CBF104619460AD181EA0301E8
:1019B00001F0004141F0FE4141F470014FF00000A0
:1019C00070BD41F0FE4141F4780170BD70B54FF03B
:1019D000FF0C4CF4E06C1CEA11541DBF1CEA1355BB
:1019E00094EA0C0F95EA0C0F00F0A7F8A4EB05049D
:1019F00081EA030E52EA03354FEA013100F0888094
:101A00004FEA03334FF0805545EA131343EA12635C
:101A10004FEA022245EA111545EA10654FEA002611
:101A20000EF000419D4208BF964244F1FD0404F5CA
:101A3000407402D25B084FEA3202B61A65EB030526
:101A40005B084FEA32024FF480104FF4002CB6EBE3
:101A5000020E75EB030E22BFB61A754640EA0C0063
:101A60005B084FEA3202B6EB020E75EB030E22BFA3
:101A7000B61A754640EA5C005B084FEA3202B6EBE4
:101A8000020E75EB030E22BFB61A754640EA9C00A3
:101A90005B084FEA3202B6EB020E75EB030E22BF73
:101AA000B61A754640EADC0055EA060E18D04FEA31
:101AB000051545EA16754FEA06164FEAC30343EAD1
:101AC00052734FEAC2025FEA1C1CC0D111F4801F9E
:101AD0000BD141EA00014FF000004FF0004CB6E797
:101AE00011F4801F04BF01430020B4F1FD0C88BF36
:101AF000BCF5E06F3FF6AFAEB5EB030C04BFB6EB41
:101B0000020C5FEA500C50F1000041EB045170BD33
:101B10000EF0004E4EEA113114EB5C04C2BFD4EB60
:101B20000C0541EA045170BD41F480114FF0000EE4
:101B3000013C90E645EA060E8DE60CEA135594EA60
:101B40000C0F08BF95EA0C0F3FF43BAF94EA0C0F63
:101B50000AD150EA01347FF434AF95EA0C0F7FF4D8
:101B600025AF104619462CE795EA0C0F06D152EA2C
:101B700003353FF4FDAE1046194622E750EA410610
:101B800018BF52EA43067FF4C5AE50EA41047FF421
:101B90000DAF52EA43057FF4EBAE12E74FF0FF3C86
:101BA00006E000BF4FF0010C02E000BF4FF0010C57
:101BB0004DF804CD4FEA410C7FEA6C5C4FEA430CD0
:101BC00018BF7FEA6C5C1BD001B050EA410C0CBF1F
:101BD00052EA430C91EA030F02BF90EA020F002081
:101BE000704710F1000F91EA030F58BF994208BFE8
:101BF00090422CBFD8176FEAE37040F001007047A5
:101C00004FEA410C7FEA6C5C02D150EA013C07D1FB
:101C10004FEA430C7FEA6C5CD6D152EA033CD3D046
:101C20005DF8040B704700BF8446104662468C4640
:101C30001946634600E000BF01B5FFF7B7FF002873
:101C400048BF10F1000F01BD4DF808EDFFF7F4FF9C
:101C50000CBF012000205DF808FB00BF4DF808ED27
:101C6000FFF7EAFF34BF012000205DF808FB00BF4A
:101C70004DF808EDFFF7E0FF94BF012000205DF86C
:101C800008FB00BF4DF808EDFFF7CEFF94BF012021
:101C900000205DF808FB00BF4DF808EDFFF7C4FF1A
:101CA00034BF012000205DF808FB00BF4FEA410C63
:101CB0007FEA6C5C02D150EA013C0AD14FEA430C46
:101CC0007FEA6C5C02D152EA033C02D14FF0000083
:101CD00070474FF0010070474FEA410212F50012C1
:101CE00015D211D56FF47873B3EB625212D94FEA63
:101CF000C12343F0004343EA505311F0004F23FA4D
:101D000002F018BF404270474FF00000704750EAA1
:101D1000013005D111F0004008BF6FF0004070475E
:101D20004FF00000704700BF4A0011D212F50012B8
:101D300011D20DD56FF47873B3EB62520ED44FEA23
:101D4000C12343F0004343EA505323FA02F07047A3
:101D50004FF00000704750EA013002D14FF0FF30E1
:101D600070474FF0000070474FEA4102B2F1E04384
:101D700024BFB3F5001CDCF1FE5C0DD901F0004C72
:101D80004FEAC0024CEA5070B2F1004F40EB8300C2
:101D900008BF20F00100704711F0804F21D113F1EE
:101DA0003872BCBF01F00040704741F480114FEA27
:101DB0005252C2F11802C2F1200C10FA0CF320FAB0
:101DC00002F018BF40F001004FEAC1234FEAD323CD
:101DD00003FA0CFC40EA0C0023FA02F34FEA430337
:101DE000CCE77FEA625307D150EA01331EBF4FF0C0
:101DF000FE4040F44000704701F0004040F0FE40DB
:101E000040F40000704700BF53B94AB9002908BF29
:101E100000281CBF4FF0FF314FF0FF3000F0D0B969
:101E2000ADF1080C6DE904CE00F064F8DDF804E0D3
:101E3000DDE9022304B070472DE9F84382EAE27439
:101E4000A4EBE2741546E20758BFDFF8609006463F
:101E50000F4652BF4FF0000880468946640832465C
:101E60003B463046394613D0FFF786FCE30706466B
:101E70000F46F3D54046494632463B46FFF77CFCC9
:101E800064088046894632463B4630463946EBD1A7
:101E9000002D07DA42464B4600200449FFF796FD25
:101EA0008046894640464946BDE8F8830000F03F39
:101EB000D0B500220D4B06460F46FFF75DFCFFF73D
:101EC00033FF0446FFF7DEFB0022094BFFF754FC0B
:101ED00002460B4630463946FFF796FAFFF724FFD5
:101EE0000022234610431946D0BD00BF0000F03D3C
:101EF0000000F0412DE9F047089E04468846002B7B
:101F00004BD18A42154667D9B2FA82F24AB1C2F180
:101F1000200701FA02F320FA07F7954047EA030881
:101F200094404FEA154E230CB8FBFEF71FFA85FCD0
:101F30000EFB178843EA084307FB0CF1994209D9C5
:101F4000EB1807F1FF3080F01B81994240F21881B5
:101F5000023F2B445B1AA4B2B3FBFEF00EFB10331E
:101F600044EA034400FB0CFCA44509D92C1900F1F8
:101F7000FF3380F00781A44540F2048102382C44ED
:101F800040EA0740A4EB0C0400271EB1D440002314
:101F9000C6E900433946BDE8F0878B4209D9002ED7
:101FA00000F0EB800027C6E9000138463946BDE85D
:101FB000F087B3FA83F7002F47D18B4202D38242D6
:101FC00000F2FA80841A61EB030301209846002E88
:101FD000E0D0C6E90048DDE702B9FFDEB2FA82F2DE
:101FE000002A40F08F80491B4FEA154E1FFA85F8F2
:101FF0000127B1FBFEFC230C0EFB1C1143EA01433D
:1020000008FB0CF1994207D9EB180CF1FF3002D212
:10201000994200F2CD808446591AA3B2B1FBFEF07A
:102020000EFB101443EA044408FB00F8A04507D94E
:102030002C1900F1FF3302D2A04500F2B6801846F9
:10204000A4EB080440EA0C409FE7C7F1200CBB401A
:1020500022FA0CFE4EEA030E01FA07F420FA0CF500
:1020600021FA0CF34FEA1E482543B3FBF8F92C0C78
:1020700008FB19331FFA8EFA44EA034309FB0AF4FA
:102080009C4202FA07F200FA07F10BD91EEB030398
:1020900009F1FF3080F087809C4240F28480A9F1F2
:1020A000020973441B1BADB2B3FBF8F008FB1033FD
:1020B00045EA034400FB0AFAA24508D91EEB0404D2
:1020C00000F1FF336BD2A24569D90238744440EA6B
:1020D0000940A0FB0289A4EB0A044C45C2464B46CA
:1020E00054D351D0002E69D0B1EB0A0564EB030440
:1020F00004FA0CFCFD40FC404CEA0505C6E900541E
:10210000002747E7C2F1200320FA03F7954001FAC0
:1021100002F021FA03F34FEA154E3843010CB3FBEA
:10212000FEF71FFA85F80EFB173341EA034107FB60
:1021300008F38B4204FA02F407D9691807F1FF3C4F
:102140002FD28B422DD9023F2944CB1A81B2B3FB47
:10215000FEF00EFB103341EA034100FB08F38B4213
:1021600007D9691800F1FF3C17D28B4215D9023804
:102170002944C91A40EA07473BE73746304609E792
:102180000746E7E61846FBE64145ABD2B8EB020A44
:1021900069EB0E0201381346A4E76046E9E71846EA
:1021A00095E76746D1E781467CE702382C4447E74C
:1021B000ACF1020C2B442FE7384608E73746E9E636
:1021C000704700BF024B58221A604FF0FF30704733
:1021D00028470020024B58221A604FF0FF3070470A
:1021E00028470020FEE700BFECF7BAB90B460146CE
:1021F0001846FFF773B810B5002814BF0446012431
:102200002046ECF787F930B9FCF7BCF908B900F0C3
:102210000FF88047F4E710BD08B500F004F808B5E2
:10222000804700F005F808B5FCF7B4F9FFF7F7FFB1
:1022300008B50620FFF79EF80120FFF7D3FF0A221A
:102240000021FFF7B1B830B50024A24201D100202F
:1022500007E0035D01340D1915F8015CAB42F4D0C1
:10226000581B30BD10B5431E0A44914200D110BD29
:1022700011F8014B03F8014FF7E7884210B501EB65
:10228000020307D8421E99420AD011F8014B02F806
:10229000014FF8E78342F5D98118D21AD34200D111
:1022A00010BD13F8014D01F8014DF7E70244034654
:1022B000934200D1704703F8011BF9E71F2938B595
:1022C00004460D4604D9162303604FF0FF3038BD95
:1022D000426C12B152F821304BB9204600F016F88A
:1022E0002A4601462046BDE83840FFF74BB8012B8F
:1022F0000AD0591C03D1162303600120E7E700240C
:1023000042F82540284698470020E0E7FFF75ABFEB
:1023100010F8012B11F8013B012A28BF9A42F7D08F
:10232000D01A7047034613F8012B002AFBD1181A64
:10233000013870472DE9F0478046894692461E468F
:102340000F463D46089815F8014B00F0E8F8204488
:10235000437813F0080332D12D2C32D17C78BD1C88
:102360000122002E5DD0102E09D1302C07D12B7800
:1023700003F0DF03582B4FD16C7810260235002A6A
:1023800014BF4FF000416FF000410027B1FBF6FC95
:10239000384606FB1C1EA4F13003092B17D81C4637
:1023A000A64223DD7B1C07D084451CD301D1A64562
:1023B00019DB00FB0640012715F8014BEBE72F4620
:1023C000BFE72B2C04BFBD1C7C781A46C9E7A4F1DB
:1023D0004103192B01D8373CE2E7A4F16103192B23
:1023E00004D8573CDCE74FF0FF37E5E77B1C08D10A
:1023F0002223C8F800300846BAF1000F07D1BDE823
:10240000F08702B14042BAF1000FF8D00FB105F1E8
:10241000FF39CAF80090F2E73024002EAFD1082629
:10242000ADE7302CA3D00A26A9E72DE9F047804676
:10243000894692461E460F463D46089815F8014BC0
:1024400000F06DF82044437813F0080330D12D2CB0
:1024500030D17C78BD1C0121002E5CD0102E09D11A
:10246000302C07D12B7803F0DF03582B4ED16C783A
:10247000102602354FF0FF320023B2FBF6F206FBC6
:1024800002FC6FEA0C0C1846A4F13007092F17D88C
:102490003C46A64223DD002B1EDB82421CD301D129
:1024A000A44519DB00FB0640012315F8014BEBE7BF
:1024B0002F46C1E72B2C04BFBD1C7C781946CBE707
:1024C000A4F14107192F01D8373CE2E7A4F16107D5
:1024D000192F04D8573CDCE74FF0FF33E5E7002B1A
:1024E00009DA2223C8F800304FF0FF30BAF1000FAC
:1024F00007D1BDE8F08701B14042BAF1000FF8D032
:102500000BB105F1FF39CAF80090F2E73024002E34
:10251000B0D10826AEE7302CA4D00A26AAE7D0F81E
:10252000EC00704782B001B901A942B14BB11378F8
:102530000B601278101C18BF012002B070471046C3
:10254000FBE76FF00100F8E749B1FF2A85BF8A2356
:1025500003600A704FF0FF3098BF012070470846B3
:1025600070470000F8B500BFF8BC08BC9E46704735
:10257000F8B500BFF8BC08BC9E46704700000000DC
:102580000108010842424242010801083ED8E98D93
:10259000D91202006D12020035490200F54C02000A
:1025A000014D0200194D02004D2202000D4D0200A6
:1025B00099490200D54C0200BD2F0200652202009D
:1025C0000926020035250200E52402003927020011
:1025D000A91F02008521020095210200A921020005
:1025E000C5210200C92A0200192A02002D3002006A
:1025F000853002008D53020091530200702C0400BC
:10260000DC2C04000C2D04001C2F040021480200C7
:10261000F54902004D3B0200F1320200AD530200C9
:10262000A5530200A95302006D2E0200812C020066
:10263000F12C0200392302004D2302006D23020019
:102640002D2402004124020079240200A11E020070
:10265000F1210200052202000922020011220200DB
:102660001D22020025220200352202003D22020026
:1026700045220200352C0200652C0200E9490200C7
:10268000C54D0200F14D02005D4E0200911D020099
:102690009D1D0200F51D0200FD1D020071210200BA
:1026A000212102001D1E0200E11E02005520020031
:1026B000E51E0200291F0200911F0200A11F020057
:1026C000112C020085270200AD270200D527020049
:1026D0002D280200592802000D26020005270200BD
:1026E0003D2602006D26020095260200BD2602004E
:1026F000DD260200C12D0200E52D0200092E020098
:102700002D2E02004D2E0200152C0200252C020059
:10271000A92A0200B92A0200B9280200D121020028
:10272000DD28020095290200A9290200BD29020026
:10273000D1290200E5290200F9290200E121020065
:10274000E9210200955302004D2202005D220200A1
:1027500065220200CD220200D1220200D522020011
:10276000E92202001D23020021230200312302007E
:102770008D240200992402009D2402006D2F020086
:10278000A1300200B9300200DD3002003131020018
:1027900051310200E5320200FD320200513A0200DE
:1027A0000D1404005D1C0400991C040009140400AD
:1027B000CD19040079170400D9120200053C02006B
:1027C000293C02002D3C02005D3C0200893C0200D5
:1027D000B93C0200C53C0200093D02002D3D02004B
:1027E0005D3D0200893D0200913D0200993D0200DD
:1027F000A53D0200B53D0200C90A0200F50A02002B
:10280000550B0200610B0200910B0200CD0B020080
:10281000D10B0200C13D0200CD3D0200313E02005D
:10282000553E0200793E0200914002009D3E0200AA
:10283000413F0200793F0200853F0200953F0200C0
:10284000A13F0200C53F02006D4002007D40020032
:10285000911B0200991B0200A51B0200A91B02008C
:10286000AD1B0200B11B0200B91B0200D11B02000C
:10287000DD1B0200E91B0200F51B0200091C02001F
:10288000451C0200491C0200551C0200591C020094
:10289000691C0200711C02007D1C02008D1C0200DC
:1028A000991C0200A11C0200B51C0200C11C020000
:1028B000C51C0200D9400200E94002003D4102006F
:1028C0004D41020085410200914102005D4102003C
:1028D00069410200754102009D410200B1410200C0
:1028E000C5420200D5420200E1420200ED42020070
:1028F000194402001D440200314402004544020014
:10290000594402006D44020081440200A9440200BF
:10291000B5440200E54402000545020009450200F5
:102920001D4502006D450200B9450200C545020083
:102930000D46020035460200454602004D460200A3
:10294000D1470200014802008D460200A146020064
:10295000054702001947020031470200894702007B
:10296000B147020069500200AD4E0200F94E02006C
:102970003D4F02006D4F0200854F0200E14F020003
:10298000215002002D500200515002005D50020003
:10299000390C02003D0C0200550C0200690C0200CB
:1029A000810C0200950C0200F90F020035110200A3
:1029B000F90C0200FD0C02002D0D0200590D020061
:1029C000D90D0200E50D0200290E02009D0E020045
:1029D000B50E0200DD0E0200E50E0200290A02001B
:1029E0003D0A0200510A0200650A0200790A02004B
:1029F0008D0A0200A10A0200B50A02002951020054
:102A00005151020065510200795102008D510200BE
:102A1000A1510200B5510200C95102004942020011
:102A20006D4202009142020095420200B142020052
:102A3000FD500200A9500200F1500200ED510200C9
:102A40001152020079520200F55302002D54020087
:102A5000A5540200CD540200FD5402001955020095
:102A600035550200000000000000000000000000DA
:102A70000338FDD87047000001000000000000008E
:102A80000A000000000000006400000000000000D8
:102A9000E803000000000000102700000000000014
:102AA000A08601000000000040420F00000000006E
:102AB000809698000000000000E1F505000000008D
:102AC00000CA9A3B0000000000E40B540200000022
:102AD00000E87648170000000010A5D4E8000000C8
:102AE00000A0724E1809000000407A10F35A00004E
:102AF0004FBB610567ACDD3F182D4454FB21E93F16
:102B00009BF681D20B73EF3F182D4454FB21F93F04
:102B1000E2652F227F2B7A3C075C143326A6813C8A
:102B2000BDCBF07A8807703C075C143326A6913C35
:102B3000000000000000E03F000000000000E0BFD7
:102B40000000E0FE422EE63F0000E0FE422EE6BF1F
:102B5000763C7935EF39EA3D763C7935EF39EABD97
:102B600000000000000000000000000000000080E5
:102B700000000040FB21F93F000000002D44743E9E
:102B8000000000809846F83C0000006051CC783B83
:102B900000000080831BF0390000004020257A38B7
:102BA000000000802282E336000000001DF369353A
:102BB00030313233343536373839616263646566B3
:102BC0000000000072616E646F6D20736565643A89
:102BD00020256400525325643A25702F2564000097
:102BE0002320257300000000232025733A20257040
:102BF00000000000322E3000322E58006661696CF1
:102C00006564207479706520636865636B20666F06
:102C100072202570204025700000000056542025A9
:102C200070202D206F626A7479706520256420639E
:102C30006C6173734E6F202564000000756E6861CF
:102C40006E646C656420657863657074696F6E2C62
:102C50002076616C75653A006D697373696E6720E3
:102C600070726F7065727479206F6E20257000002D
:102C7000080003F90000000001000000000000004F
:102C8000C91C0200BD2F0200FD1C0200CD1C020069
:102C9000D51C0200D91C0200F91C0200DD1C020038
:102CA0005B5265664F626A6563742076743D257079
:102CB00020636C3D256420737A3D25645D0000002F
:102CC0005B4E61746976652025705D005B2573201D
:102CD0002570203D2025735D00000000080004F9E8
:102CE000000000000300000000000000C91C0200FA
:102CF000BD2F020000000000F11C020000000000D7
:102D00000000000000000000000000000C0002F9BC
:102D1000000000000200000000000000C91C0200CA
:102D2000BD2F020000000000ED1C020000000000AA
:102D3000000000000000000000000000702C0400F3
:102D40000700626F6F6C65616E000000702C0400FC
:102D50000900756E646566696E656400DC2C0400AC
:102D60000000000000000000702C040000000000C3
:102D7000702C0400080066756E6374696F6E000045
:102D8000702C04000900756E646566696E656400E8
:102D9000702C04000800496E66696E697479000041
:102DA000702C040003004E614E000000702C0400E3
:102DB00009002D496E66696E69747900702C0400F3
:102DC00004006E756C6C0000702C040004007472BA
:102DD00075650000702C0400050066616C73650069
:102DE000702C040008005B4F626A6563745D00002C
:102DF000702C04000A005B46756E6374696F6E5D2B
:102E000000000000702C040006006E756D62657293
:102E100000000000702C040006006F626A65637495
:102E200000000000702C04000600737472696E6765
:102E3000000000002D2D4D41524B000052503A250C
:102E4000702F25640000000052473A25702F25643A
:102E50000000000047432025642F2564206672652A
:102E6000653B202564206D6178426C6F636B0000C8
:102E7000474320626C6F636B2025646220402025ED
:102E800070000000080004F90000000009000000C4
:102E900000000000993B0200A13B0200913B0200B0
:102EA000953B020000000000000000000000000050
:102EB000000000005265664D496D61676520257010
:102EC0002073697A653D2564207820256400000020
:102ED0005265665265664C6F63616C202570207682
:102EE0003D257000526566436F6C6C656374696F55
:102EF0006E2025702073697A653D2564000000000E
:102F00005265665265636F72642025702073697A1A
:102F1000653D256420627974657300000C0005F935
:102F20000000000004000000000000002D49020025
:102F300039480200213B0200653B0200000000000E
:102F400000000000000000000000000076617269CF
:102F5000616E74206E6F7420737570706F7274651B
:102F6000643A2025730000005265664D617020258B
:102F7000702073697A653D25640000005365676DB4
:102F8000656E743A2025702C206C656E6774683A03
:102F90002025642C2073697A653A2025640000009E
:102FA0002D3E2025640000004572726F723A202584
:102FB00064205B25645D0000526566416374696F3F
:102FC0006E2025702070633D25582073697A653D19
:102FD00025640000140004F900000000080000004F
:102FE000000000002D48020069480200353B020045
:102FF000753B02000000000000000000000000001F
:1030000000000000080004F90000000007000000B4
:103010000000000031490200594802002D3B020027
:10302000713B0200000000000000000000000000F2
:10303000000000000C0004F9000000000600000081
:103040000000000025480200254C0200193B020048
:10305000613B0200000000000000000000000000D2
:1030600000000000000000000000000051550200B8
:10307000595502005D5502000D570200D1D50200DE
:10308000B5570200395802007A76677074756F6917
:1030900065617A76677074756F6965617A76677055
:1030A00074000000756E6B6E6F776E001B1B000E58
:1030B0001100000015160F18130000001C0B1F252F
:1030C0001E000000000000000000000099580200EF
:1030D000E9D70200915802004D5802008D580200B5
:1030E000715C0200815802007D580200000000005F
:1030F0000000000051550200595502005D550200C4
:103100004D800200D1D50200AD5C0200D95C020006
:103110001DF0020021F00200B184020035F002002F
:10312000E9810200B97F02003DF00200C8FFFFFF05
:103130000000000051550200590803005D550200CF
:10314000A55C0200D1D50200D15C0200055D020041
:10315000554249545F4C4F475F46535F565F30308E
:10316000310A00006C31040008000000010000007A
:103170000200000002000000020000000300000046
:103180000200000004000000010000000500000033
:10319000040000000600000001000000070000001D
:1031A0000100000008000000010000005549504DDA
:1031B0003A20524543454956454420554E4B4E57BB
:1031C0004F4E204652414D450000000057414B45AF
:1031D0002046524F4D205245534554204255545499
:1031E0004F4E000057414B452046524F4D205553FE
:1031F000420000004C4F4E47205245534554204258
:103200005554544F4E20505245535300554E4B4E3B
:103210004F574E204B4C3237204556454E54204395
:103220004F4445205B25645D000000000000000065
:10323000000000005155020059550200956302003C
:10324000A55C0200D1D502000D5F0200255F0200DF
:10325000D8D8ECF0F4F8FC000304000000000000F3
:10326000000000005155020059550200F5680200A7
:10327000456C0200D1D50200BD680200D56802008D
:1032800000000000000000005155020059550200E6
:1032900039700200A55C0200D1D50200416F020026
:1032A000596F0200AC320400080000000100000069
:1032B0000C000000020000000500000003000000F8
:1032C00002000000040000000100000005000000F2
:1032D00001000000060000000200000007000000DE
:1032E0000300000008000000010000004552524F9A
:1032F000522045524153494E470000005452414E1E
:10330000534143543A205B49324320575249544574
:10331000204552524F525D005452414E5341435446
:103320003A205B4932432052454144204552524F96
:10333000523A2025645D00005553425F464C41538C
:10334000483A205472616E73616374696F6E2046EF
:1033500061696C65642E0000000000000000000040
:1033600051550200595502005D550200A55C02004E
:10337000D1D5020051700200817002006173020019
:10338000A1730200857702003D700200AD77020054
:10339000CD77020041700200F8FFFFFF000000003F
:1033A000B9700200C5770200DD77020049700200A3
:1033B0009973020079740200A577020000000000F2
:1033C00000000000E57702002D7802004578020039
:1033D00000000000000000008D790200F17702007B
:1033E000B9280300FD770200057802000000000004
:1033F00000000000FD7D0200C57E0200017E02008B
:10340000057E0200117E0200257E0200E17E0200A0
:103410000000000000000000515502005955020054
:103420005D5502004D800200D1D50200797F020077
:10343000957F02001DF0020021F00200B18402001D
:1034400035F00200E9810200B97F02003DF0020080
:103450000000000000000000E5870200A9850200CE
:10346000B9280300AD850200C1280300B185020020
:10347000F9850200FCFFFFFF00000000515502002B
:10348000595502005D550200A55C0200D1D502002D
:10349000F18502000D860200676967676C650000B0
:1034A00030313032333039383830313930303834E7
:1034B00034303034343030383838313032333030E2
:1034C00031363031303033333030323430303030E8
:1034D00030303030303030303030303030303030EC
:1034E00030303030303030302C31313032333235D2
:1034F00037303038373431313434303034343030A0
:103500003838383033353230303539303130303387
:1035100033303030313030303030303030303030A7
:10352000303030303030313030303030303030309A
:10353000302C33313032333237323930323131306E
:103540003534343032383839303838383030393131
:103550003030363330303030303030303234303755
:103560003030303230303030303030303030303059
:10357000333030303030303030302C333130323343
:103580003237323930313032303534343032383805
:1035900039303838383030393130303633303030F7
:1035A000303030303032343037303030323030300C
:1035B0003030303030303030303330303030303008
:1035C0003030302C333130323332373239303131E0
:1035D00034303534343032383839303838383030A7
:1035E00039313030363330303030303030303234C2
:1035F00030373030303230303030303030303030C2
:103600003030333030303030303030300000000077
:1036100068617070790000003031303233313939EF
:103620003230363639313134343030343430303869
:10363000383830323632303032383030303031385D
:103640003030303230353030303030303030303073
:103650003030303030313030303030303030303069
:103660002C30303233323231323930323935303831
:103670003434303234303430383838303030303020
:10368000303034303030323234303031313030302C
:103690003030303030303030303030303030303723
:1036A0003530303030303030302C30303030303217
:1036B00031323930323935303934343032343034D3
:1036C00030383838303134353030303430303032D2
:1036D00032343030313130303030303030303030E2
:1036E00030303030303030303735303030303030CE
:1036F0003030000068656C6C6F0000003331303290
:103700003330363733303139373032343430313189
:103710003837303838383130323330313238303071
:103720003030303030303234303030303030303093
:103730003030303030303030303030303030303089
:10374000303030302C33303030303130363430306F
:10375000313630323434303039383130383838302E
:10376000303030303132383030303030313030304D
:103770003430303030303030303030303030303045
:10378000303030303030303030303030302C333139
:103790003032333130363430323933303234343001
:1037A00030393831303838383130323330313238DE
:1037B0003030303030313030303430303030303004
:1037C00030303030303030303030303030303030F9
:1037D00030303030303000006D7973746572696F4D
:1037E0007573000034303030303233393030333399
:1037F000313030343430323430343038383830349A
:10380000373730303034303030323234303031319C
:1038100030343030303030303030303030303030A4
:103820003030383030303030303030302C3430358B
:103830003531323834353338353030303434303057
:10384000343430303838383030303030313238304D
:103850003330313035303031363030303030303058
:103860003030303030303030303038353030303546
:103870003030303135000000736164003331303254
:10388000333232323630373038303134343031360A
:1038900032343038383831303233303132383030F9
:1038A0003030303130303234303030303030303011
:1038B0003030303030303030303030303030303008
:1038C000303030302C3331303233313632333039DE
:1038D00033363032343430303933393038383830A8
:1038E00030303030313238303030303031303032CA
:1038F00034303030303030303030303030303030C4
:103900003030303030303030303030303000000047
:10391000736C696465000000313035323032333207
:10392000353032323330323434303234303430386F
:103930003838313032333031323830313032303063
:103940003030313130343030303030303030303071
:103950003030303030313030303030303030303066
:103960002C30313032333235323030393130303240
:103970003434303034343030383838313032333019
:10398000313238303130323234303031313034301D
:103990003030303030303030303030303030313026
:1039A000303030303030303030000000736F6172B2
:1039B000696E67003231303233343030393533306C
:1039C00039303534343035393939303838383130A8
:1039D00032333030323230323030303430303032D6
:1039E00030323530303030303030303030303030D0
:1039F0003032303030303030303030302C343032C3
:103A00003233333732373237333031343434303085
:103A10003434303038383830303030303033313082
:103A20003130323434303030333030303030303088
:103A30003030303030303030303030303030303086
:103A40003030303030000000737072696E670000F3
:103A50003330363539303033373131363331323433
:103A60003430303538373038383830383037303017
:103A70003334303030303030303032343030303039
:103A80003030303030303030303030303035303031
:103A900030303030303030302C3031303233303024
:103AA00033373131363331333434303035383730E1
:103AB00038383831303233303033313030303030E4
:103AC00030303032343030303030303030303030F0
:103AD00030303030303035303030303030303030E1
:103AE000300000007477696E6B6C650030313031E6
:103AF000383030303736373232303934343030378E
:103B00003536303838383038353530313238303075
:103B1000303030303030323430303030303030309F
:103B20003030303030303030303030303030303095
:103B300030303030000000007961776E0000000006
:103B40003230303030323238313133333230323457
:103B5000343031353030303838383130323330313C
:103B60003238303130323431303032343034303039
:103B70003033303030303030303030303031303041
:103B800030303030303030302C3030353331323529
:103B90003230303931303032343430303434303007
:103BA00038383830363336303132383031303232DE
:103BB00034303031313033303030303030303030FC
:103BC00030303030303031303030303030303030F4
:103BD000302C3030383232303738343031393030C0
:103BE0003834343030343430303838383036383196
:103BF00030303136303030303535303032343030AE
:103C000030303030303030303030303030303030B4
:103C1000353030303030303030302C30303437398F
:103C2000303738343031393030383434303034345F
:103C30003030383838303239383030313630303052
:103C4000303030303032343030303030303030306E
:103C5000303030303030303030353030303030305F
:103C60003030302C30303332313037383430313935
:103C70003030383434303034343030383838303113
:103C80003038303031363030303033333030303817
:103C90003030303030303030303030303030303024
:103CA00030303530303030303030303000000000CF
:103CB0000000000000000000159302001D930200A8
:103CC000259302003D930200459302004D930200AC
:103CD00055930200659302007593020081930200E0
:103CE0009193020099930200A1930200B193020004
:103CF000B9930200C1930200D9930200E19302003C
:103D0000E9930200F1930200F9930200019402008A
:103D1000399402003D94020051940200000000001A
:103D200000000000159302001D930200259302007D
:103D30008D960200459302004194020055930200C3
:103D40006593020075930200819302009193020033
:103D500099930200C9960200B996020049940200A4
:103D6000FD940200D9930200E1930200E99302005E
:103D7000F1930200F99302000194020039940200C9
:103D8000F5960200B59702005D940200ECFFFFFF7C
:103D9000000000005155020059550200F594020040
:103DA000A55C0200D1D50200319702007197020094
:103DB000D83D04000C000000083E0400060000008E
:103DC000203E040004000000303E04000700000014
:103DD0004C3E0400070000000000803F6D56853F08
:103DE0000000903F9A99993F0000A03F93A9AA3FF5
:103DF000A301B43F0000C03FCDCCCC3F6D56D53FB2
:103E00006666E63F0000F03F0000803F0000903F04
:103E10000000A03FA301B43FCDCCCC3F6666E63F97
:103E20000000803F9A99993FA301B43F6D56D53F5A
:103E30000000803F0000903F0000A03F93A9AA3FF0
:103E40000000C03F6D56D53F0000F03F0000803FAE
:103E50000000903F9A99993F93A9AA3F0000C03F64
:103E6000CDCCCC3F6666E63FAAFE0100FFFF140002
:103E70000500FFFFFFFFFFFFFFFFFFFFFFFF00FF4A
:103E8000FFFF000000FFFFFFFFFFFFFFFF00FFFF3E
:103E9000FF000000FF0000000000FFFF00FFFFFF29
:103EA000000000FF00000000000000000000FFFF15
:103EB000FFFFFFFFFF00FFFFFF000000FF0000000B
:103EC0000000FFFFFFFFFFFFFFFFFFFFFFFF00FFFF
:103ED000FFFF000000FF00000000FFFF00FF00FFE9
:103EE00000FF00FFFFFF00FF00FF00FF0000FFFFDB
:103EF00000000000D8ECF0F4F8FC0004302C302C6A
:103F00003235352C302C300A302C3235352C302CD3
:103F1000302C300A3235352C3235352C3235352CB3
:103F20003235352C3235350A302C3235352C302CA3
:103F3000302C300A302C302C3235352C302C300AD5
:103F400000000000302C302C302C302C300A302C6B
:103F5000302C302C302C3235350A302C302C302C93
:103F60003235352C300A3235352C302C3235352C63
:103F7000302C300A302C3235352C302C302C300A95
:103F8000000000003235352C302C302C302C3235EE
:103F9000350A302C3235352C302C3235352C300A60
:103FA000302C302C3235352C302C300A302C323538
:103FB000352C302C3235352C300A3235352C302C1E
:103FC000302C302C3235350A000000005265626F0B
:103FD0006F744D6F64650000205B000056322E3018
:103FE00000000000200000000000000000000000B1
:103FF0005155020059550200E59A0200CD9B02007E
:10400000D1D50200B59A02009D9C0200534F465440
:104010004445564943453A20415353455254494F2C
:104020004E204641494C454400000000534F465441
:104030004445564943453A20494E56414C4944204F
:104040004D454D4F525920414343455353000000C5
:1040500053444B3A20415353455254494F4E204606
:1040600041494C454400000053444B3A20455252CC
:104070004F52000053444B3A20554E4B4E4F574E33
:10408000204641554C540000424243206D69637202
:104090006F3A626974000000000000000000000038
:1040A000A1AC0200B1AA020059CF0200A5A90200EA
:1040B000A9A9020089CF020059CF020059CF0200FE
:1040C0003DD202005DCF020091D2020065D3020012
:1040D00075CF0200A5AD0200FDA9020051AA0200A1
:1040E000F8FFFFFF00000000515502005955020083
:1040F000F5AD0200A55C0200D1D5020025AA0200A0
:1041000081AA020001AA0000666C617368496E63AF
:104110006F6D706C657465004572617365207061C8
:10412000676520617420257800000000E97D0000AB
:10413000251D470AA062FA1922DFA9A80000000085
:104140000000000019B0020059CF020059CF020050
:10415000FDAD020001AE020089CF020059CF02007E
:1041600059CF02003DD202005DCF020091D2020081
:1041700065D3020075CF02000000000000000000BF
:104180009D5003009154030061510300D55A030070
:1041900079510300B5530300E5510300F5510300C5
:1041A0002952030035520300C5560300AD5B0300DE
:1041B00045520300FD530300A95503005552030067
:1041C0006D520300E1930200E99302007D59030060
:1041D0002D5903002D550300CD520300EDB302000D
:1041E00025B40200E8FFFFFF000000005155020067
:1041F000C10B03005D550200AD0C0300D1D50200D8
:1042000009B4020045B40200890B0300050D030048
:10421000FFFFFFFF00000001000200030004010097
:104220000101010201030104020002010202020372
:104230000204030003010302030303040400040156
:104240000402040304040000000000000000000059
:1042500099580200B9B40200915802004D5802006A
:104260008D580200715C0200815802001DB50200E9
:1042700039C60100B5B40200751402006D190200C0
:10428000FCFFFFFF00000000ADB90200595502001D
:10429000BDB50200A55C0200D1D5020019160200CE
:1042A000C11702000000000000000000515502008C
:1042B000595502005D550200A55C020005BF0200D1
:1042C000B5B90200E1B90200302C3235352C302C62
:1042D0003235352C300A302C3235352C302C3235F5
:1042E000352C300A302C302C302C302C300A323522
:1042F000352C302C302C302C3235350A302C3235E0
:10430000352C3235352C3235352C300A0000000082
:1043100054494C5420544F2046494C4C205343524E
:1043200045454E2000000000636F6D70617373435C
:10433000616C0000000001000200030004000001A5
:104340000101020103010401000201020202030251
:104350000402000301030203030304030004010435
:104360000204030404040000464F554E44205550F7
:10437000595F4D4147494300507974686F6E204C36
:1043800061796F7574205265636F72642E20526577
:10439000636F72643A202564204861736820547901
:1043A00070653A2025642053746172743A20257830
:1043B000204C656E6774683A2025782048617368E0
:1043C0003A20257820257800486173682066726F4E
:1043D0006D2076657273696F6E20737472696E6793
:1043E0003A20257800000000E95D0000251D470AFD
:1043F000A062FA1922DFA9A8000000000000000056
:1044000059CF020059CF020059CF020019220400EF
:104410001922040089CF020059CF020059CF0200AF
:104420003DD202005DCF020091D2020065D30200AE
:1044300075CF0200000000000000000041470300AB
:10444000F9F00200F9F0020001F1020001F10200AE
:1044500009F10200B549030025F102007D4A03007D
:10446000A147030045F10200000000000000000029
:1044700051550200595502005D550200A55C02002D
:10448000D1D5020065D5020099D502003078000030
:10449000444D455347206C696E6520746F6F206CE6
:1044A0006F6E67210A000000250000003F3F3F00BB
:1044B0000D0A00000000000000000000515502003D
:1044C000595502005D550200A55C0200D1D50200DD
:1044D000D1E70200E9E70200CDE70200000000009A
:1044E0000000000051550200595502005D550200C0
:1044F000A55C0200D1D5020045E802005DE802009B
:10450000C5E8020035E802007DE8020039E8020053
:104510003DE802003DE8020005EC0200000000005A
:104520000000000051550200595502005D5502007F
:10453000A55C0200D1D5020001ED020019ED0200D8
:10454000F5EC0200A1ED0200FDEC0200F5EC02002A
:1045500039ED02000000000000000000515502008B
:10456000595502005D550200A55C0200D1D502003C
:104570005DF0020085F002001DF0020021F0020053
:1045800025F0020035F0020039F0020039F0020097
:104590003DF002000000000000000000F1F0020009
:1045A000F9F00200F9F0020001F1020001F102004D
:1045B00009F10200A9F1020025F102003DF202001A
:1045C00065F1020045F1020000000000000000005B
:1045D000515502005955020075F40200A55C020015
:1045E000D1D50200000000000000000019220400E4
:1045F00019220400192204001922040019220400BF
:10460000192204001DF30200D1F80200000000008E
:1046100000000000E1FD0200D1FD020000000000EA
:104620000000000051550200590803005D550200CA
:10463000A55C0200D1D50200F9040300390503008E
:10464000000000000000000051550200C10B0300F3
:104650005D550200AD0C0300D1D50200910B0300A3
:10466000A50B0300890B0300050D03007C46040025
:10467000030000009446040008000000020000004F
:10468000000000000400000001000000080000001D
:1046900002000000C40900000000000088130000B0
:1046A000080000001027000010000000204E00004D
:1046B0001800000080380100200000000071020096
:1046C0002800000000E20400300000000088130011
:1046D00038000000493243204552524F523A20469A
:1046E000584F53383730305F4354524C5F52454730
:1046F00031000000493243204552524F523A204681
:10470000584F53383730305F4D5F4354524C5F52EF
:1047100045473100493243204552524F523A2046D4
:10472000584F53383730305F4D5F4354524C5F52CF
:1047300045473200493243204552524F523A2046B3
:10474000584F53383730305F4354524C5F524547CF
:1047500033000000493243204552524F523A20461E
:10476000584F53383730305F4354524C5F524547AF
:1047700034000000493243204552524F523A2046FD
:10478000584F53383730305F4354524C5F5245478F
:1047900035000000493243204552524F523A2046DC
:1047A000584F53383730305F58595A5F444154415D
:1047B0005F434647000000000000000000000000CA
:1047C0005155020059550200990D0300A55C0200E5
:1047D000D1D50200210F03004D0F0300C5E80200F0
:1047E00035E802007DE8020039E80200A90D030067
:1047F000810F030005EC0200BCFFFFFF000000007A
:104800005155020059550200A10D0300A55C02009C
:10481000D1D50200450F0300790F0300190F0300E3
:10482000A1ED0200FDEC02008D10030039ED020045
:104830004048040004000000604804000900000033
:104840000200000000000000040000001000000052
:1048500008000000200000001000000030000000F0
:104860006902000080000000E802000090000000E3
:10487000C409000070000000881300006000000000
:104880001027000050000000204E000040000000F3
:10489000409C000030000000A086010020000000C5
:1048A00040420F00100000004C534D33303320497C
:1048B0004E49543A204552524F522057524954497A
:1048C0004E47204C534D3330335F4354524C5F526C
:1048D0004547315F410000004C534D333033204990
:1048E0004E49543A204552524F522057524954494A
:1048F0004E47204C534D3330335F4354524C5F523C
:104900004547335F410000004C534D33303320495D
:104910004E49543A204552524F5220575249544919
:104920004E47204C534D3330335F4354524C5F520B
:104930004547345F41000000000000000000000017
:104940005155020059550200611603006917030012
:10495000D1D50200391703004D170300C5E8020046
:1049600035E802007DE8020039E80200691603001C
:10497000A117030005EC02008049040004000000B8
:10498000102700000C000000204E0000080000006E
:1049900050C3000004000000A086010000000000D9
:1049A0004C534D33303320494E49543A20455252EE
:1049B0004F522057524954494E47204C534D3330A3
:1049C000335F4346475F5245475F415F4D000000FC
:1049D0004C534D33303320494E49543A20455252BE
:1049E0004F522057524954494E47204C534D333073
:1049F000335F4346475F5245475F435F4D000000CA
:104A0000000000000000000051550200595502004E
:104A1000D518030095190300D1D5020065190300CC
:104A200079190300DD180300A1ED0200FDEC02007E
:104A3000CD19030039ED0200000000000000000065
:104A4000C11A0300BD6E0200C56E0200D11A030038
:104A5000000000000000000049200300CD1B0300FF
:104A6000351B0300D51A0300651D0300F11D03006B
:104A7000F4FFFFFF000000005155020059550200ED
:104A80005D550200A55C0200D1D50200E91D0300BE
:104A9000051E030000000000000000005155020048
:104AA000595502005D550200A55C0200D1D50200F7
:104AB0001521030029210300B92003000000000094
:104AC0000000000051550200C10B03005D550200BB
:104AD000AD0C0300D1D50200CD240300ED2403006A
:104AE000890B0300B5240300000000000000000053
:104AF00051550200595502005D550200A55C0200A7
:104B0000D1D5020031280300A12803004D2703005E
:104B1000C925030055260300000000000000000026
:104B200001290300B5280300B9280300BD280300AC
:104B3000C128030000000000000000005529030008
:104B4000C9280300E1280300D9280300C128030075
:104B5000D1290300FCFFFFFF00000000A52A03008D
:104B600000000000000000005155020059550200ED
:104B70005D550200A55C0200D1D50200B52B0300F3
:104B8000D52B0300FD2B0300F8FFFFFF0000000002
:104B90004D2D03000000000000000000692F0300FD
:104BA000E12E0300A92E0300C92E0300FCFFFFFF26
:104BB00000000000F12E0300B5280300B92803000F
:104BC000C12E0300D92E03000000000000000000E9
:104BD00000000000000000000000000000000100D4
:104BE00001000100010002000200020003000300B6
:104BF000030004000400050005000600060007008D
:104C0000070008000800090009000A000B000B005B
:104C10000C000D000D000E000F0010001000110020
:104C200012001300140015001600160017001800DB
:104C300019001A001B001C001D001E00200021008E
:104C400022002300240025002600280029002A0035
:104C50002B002D002E002F003100320033003500D4
:104C60003600380039003A003C003D003F0040006B
:104C7000420044004500470048004A004C004D00F7
:104C80004F005100520054005600570059005B007D
:104C90005D005F00600062006400660068006A00FA
:104CA0006C006E00700072007400760078007A006C
:104CB0007C007E00800082008400860088008A00DC
:104CC0008D008F0091009300950098009A009C0041
:104CD0009E00A100A300A500A700AA00AC00AF00A1
:104CE000B100B300B600B800BB00BD00BF00C200F9
:104CF000C400C700C900CC00CE00D100D300D6004C
:104D0000D800DB00DE00E000E300E500E800EB0097
:104D1000ED00F000F300F500F800FB00FD000001DD
:104D20000301060108010B010E0111011301160117
:104D300019011C011F012101240127012A012D0154
:104D400030013301350138013B013E01410144018D
:104D500047014A014D0150015301560159015C01BF
:104D60005F016201650168016B016E0171017401EF
:104D700077017A017D0180018301860189018C011F
:104D80008F019201950198019B019E01A101A4014F
:104D9000A801AB01AE01B101B401B701BA01BD0177
:104DA000C001C401C701CA01CD01D001D301D601A0
:104DB000D901DD01E001E301E601E901EC01EF01C8
:104DC000F201F601F901FC01FF01020205020802ED
:104DD0000C020F021202150218021B021E0221020F
:104DE000250228022B022E023102340237023A0237
:104DF0003E024102440247024A024D02500253025F
:104E000056025A025D0260026302660269026C0287
:104E10006F027202750278027B027E0281028402B6
:104E200087028A028D0290029302960299029C02E6
:104E30009F02A202A502A802AB02AE02B102B40216
:104E4000B702BA02BD02C002C302C602C902CB0247
:104E5000CE02D102D402D702DA02DD02DF02E20280
:104E6000E502E802EB02ED02F002F302F602F802BC
:104E7000FB02FE0201030303060309030B030E03F7
:104E800011031303160319031B031E03200323033B
:104E9000260328032B032D03300332033503370386
:104EA0003A033C033F0341034303460348034B03D8
:104EB0004D034F0352035403570359035B035D0330
:104EC000600362036403660369036B036D036F038E
:104ED00071037403760378037A037C037E038003F3
:104EE00082038403860388038A038C038E03900362
:104EF00092039403960398039A039C039E039F03D3
:104F0000A103A303A503A703A803AA03AC03AD034E
:104F1000AF03B103B203B403B603B703B903BA03D3
:104F2000BC03BE03BF03C103C203C403C503C6035E
:104F3000C803C903CB03CC03CD03CF03D003D103F4
:104F4000D303D403D503D603D803D903DA03DB0391
:104F5000DC03DD03DE03E003E103E203E303E40338
:104F6000E503E603E703E803E803E903EA03EB03E9
:104F7000EC03ED03EE03EE03EF03F003F103F103A3
:104F8000F203F303F303F403F503F503F603F60367
:104F9000F703F703F803F803F903F903FA03FA0335
:104FA000FB03FB03FB03FC03FC03FC03FD03FD030A
:104FB000FD03FD03FE03FE03FE03FE03FE03FE03EB
:104FC000FE03FE03FE03FE03FF03FE0300000000DA
:104FD0000008080800080A4A4000000A5FEA5FEA81
:104FE0000ED92ED36E19324489330C924C924D084F
:104FF0000800000004880808040804848488000A63
:10500000448A4000048EC480000000048800000E22
:10501000C000000000080001224488100C92525287
:105020004C048C84848E1C824C901E1EC244924C74
:1050300006CA525FE21FF01EC13E02448ED12E1FEF
:10504000E24488100ED12ED12E0ED12EC488000835
:1050500000080000048004880244880482000EC016
:105060000EC008048244880ED126C0040ED135B388
:105070006C0C925ED2521C925C925C0ED010100EA0
:105080001C9252525C1ED01C901E1ED01C90100E02
:10509000D013712E12525ED2521C8808081C1FE2D7
:1050A00042524C1254981492101010101E113B755D
:1050B000B131113935B3710C9252524C1C925C9043
:1050C000100C92524C861C925C92510ED00C825C59
:1050D0001FE4848484125252524C1131312A4411FB
:1050E0003135BB7112524C9252112A4484841EC431
:1050F00088101E0EC808080E10080482410EC24215
:10510000424E048A400000000000001F0804800096
:1051100000000ED2524F10101C925C000ED0100EE8
:1051200002424ED24E0C925C900E06C81C88080EAD
:10513000D24EC24C10101C925208000808080240BF
:1051400002424C10149814920808080806001B75B7
:10515000B131001C925252000C92524C001C925CD5
:1051600090000ED24EC2000ED010100006C8049857
:1051700008080EC807001252524F0011312A44008D
:10518000113135BB00124C8C9200112A4498001E3C
:10519000C4881E06C48C8486080808080818080CF1
:1051A000881800000C836000FFFF01000000000071
:1051B000FFFF0000FFFF0000C051040008000000D6
:1051C00002000000010000000300000002000000D7
:1051D00004000000030000000500000004000000BF
:1051E0001C000000050000001D000000060000007B
:1051F0001E000000070000001F0000000800000063
:1052000000000000000000009D3D0300913D0300F0
:10521000B92803007D3D0300813D0300000000002C
:105220000000000051550200595502005D55020072
:1052300009430300D1D50200AD3D0300413E030008
:10524000000000000000000041470300F9F00200E8
:10525000F9F0020001F1020001F1020009F102007F
:10526000B549030025F102007D4A0300A147030070
:1052700045F102000000000000000000515502004E
:10528000595502005D550200A55C0200D1D502000F
:10529000514B03008D4B0300154F0300F8FFFFFF38
:1052A00000000000954F0300000000000000000017
:1052B0009D5003009154030061510300D55A03002F
:1052C00079510300B5530300E5510300F551030084
:1052D0002952030035520300C5560300AD5B03009D
:1052E00045520300FD530300A95503005552030026
:1052F0006D520300E1930200E99302007D5903001F
:105300002D5903002D550300CD52030005C00200A6
:1053100085C1020002000000040000000600000039
:1053200053504920636F6E66696720646F6E652015
:10533000663D257000000000000000000000000035
:10534000195C0300B95C0300C55F03003D5F030007
:105350007D5F0300CD5C0300D15C03000000000012
:1053600000000000515502005955020075F402007A
:10537000FD610300D1D50200D56203007163030013
:10538000CD600300F55F0300056003009560030036
:1053900069610300C56003001DF30200D1F802003B
:1053A00000000000000000005155020059550200A5
:1053B0005D550200A55C0200D1D502003D660300E8
:1053C00051660300A5670300C925030055260300A5
:1053D0000000000000000000515502005955020075
:1053E0005D550200CD690300D1D502009569030027
:1053F000AD690300F95E0200E16703001168030074
:105400004D6803006D680300816803001D6A030096
:10541000AD680300CD680300FD6803003169030037
:105420009D6A0300656A030051690300DD6703009C
:1054300072656C6F636174652076746F7220746F2F
:10544000202578202D3E202578202578000000009A
:1054500000300040030000000F000000004000404A
:10546000040000000F000000003002402300000094
:105470000C000000002000400200000010000000AE
:1054800000F002402F0000000400000000800240F5
:1054900028000000100000000100060000000000CD
:1054A0002440002095720300F05C0400F45C0400CA
:1054B00004000000010006002C430020001002013F
:1054C0000C5D04001C5D040008000000FC5C04008E
:1054D0000C5D040008000000F45C0400FC5C0400A7
:1054E00008000000985C0400D05C04000800000084
:1054F000D05C0400F05C04000800000050EADA30E0
:105500008883B89F604F15F30000C98E0000FFFF2D
:10551000DEC0ADDEFE011EF1DEC0ADDEFF011EF11C
:10552000001000000400000001000000D9CC0300BE
:10553000B5CC0300A5CC0300FDCE0300A9CE03002B
:1055400079CC03007DCC030081CC03000100FFFF78
:105550000000000001000000010001006855040087
:10556000010001006C550400010000000000000073
:10557000000000000000000059E4030049E40300BB
:10558000B92803004DE4030051E4030061636F7325
:105590000000000061636F73680000006173696E52
:1055A000000000006174616E68000000636F736842
:1055B0000000000065787000666D6F6400000000F8
:1055C0006C6F67006C6F67313000000073696E6844
:1055D0000000000073717274000000006C6F67318E
:1055E00030660000706F776600000000737172749F
:1055F00066000000FB21F93FFB2109407CD91240E5
:10560000FB2119407A6A1F407CD92240BBFD25400E
:10561000FB2129403A462C407A6A2F405C473140B2
:105620007CD932409C6B3440BBFD3540DB8F37402A
:10563000FB2139401BB43A403A463C405AD83D40E1
:105640007A6A3F404C7E40405C4741406C1042408B
:105650007CD942408CA243409C6B4440AC344540D2
:10566000BBFD4540CBC64640DB8F4740EB5848402A
:10567000FB21494083F9A200444E6E00FC2915002D
:10568000D1572700DD34F50062DBC0003C9995005E
:10569000419043006351FE00BBDEAB00B761C50023
:1056A0003A6E2400D24D42004906E00009EA2E007D
:1056B0001C92D100EB1DFE0029B11C00E83EA700A2
:1056C000F535820044BB2E009CE98400B4267000AE
:1056D000417E5F00D6913900538339009CF4390034
:1056E0008B5F840028F9BD00F81F3B00DEFF9700A8
:1056F0000F980500112FEF000A5A8B006D1F6D00E7
:10570000CF7E360009CB2700464FB7009E663F008C
:105710002DEA5F00BA277500E5EBC7003D7BF1007D
:10572000F739070092528A00FB6BEA001FB15F0055
:10573000085D8D00300356007BFC4600F0AB6B002B
:1057400020BCCF0036F49A00E3A91D005E619100F1
:10575000081BE60085996500A0145F008D40680075
:1057600080D8FF0027734D0006063100CA56150089
:10577000C9A873007BE260006B8CC000000FC93FBA
:10578000000F494000CB9640000FC9400053FB403A
:1057900000CB164100ED2F41000F4941003162411D
:1057A00000537B41003A8A4100CB9641005CA34103
:1057B00000EDAF41007EBC41000FC94100A0D541C2
:1057C0000031E24100C2EE410053FB4100F20342CE
:1057D000003A0A420083104200CB164200141D42D8
:1057E000005C234200A5294200ED2F4200363642DC
:1057F000007E3C4200C74242000F4942A200000026
:10580000F9000000830000006E0000004E00000060
:10581000440000001500000029000000FC0000000A
:105820002700000057000000D1000000F500000034
:1058300034000000DD000000C0000000DB000000BC
:105840006200000095000000990000003C0000008C
:10585000430000009000000041000000FE00000036
:105860005100000063000000AB000000DE000000FB
:10587000BB000000C500000061000000B700000090
:10588000240000006E0000003A000000420000000A
:105890004D000000D2000000E00000000600000003
:1058A000490000002E000000EA000000090000008E
:1058B000D1000000920000001C000000FE0000006B
:1058C0001D000000EB0000001C000000B100000003
:1058D00029000000A70000003E000000E8000000D2
:1058E0008200000035000000F50000002E000000DE
:1058F000BB0000004400000084000000E90000003C
:105900009C0000007000000026000000B4000000B1
:105910005F0000007E000000410000003900000030
:1059200091000000D6000000390000008300000054
:105930005300000039000000F40000009C0000004B
:10594000840000005F0000008B000000BD0000002C
:10595000F9000000280000003B0000001F000000CC
:10596000F800000097000000FF000000DE000000CB
:1059700005000000980000000F000000EF0000008C
:105980002F000000110000008B0000005A000000F2
:105990000A0000006D0000001F0000006D00000004
:1059A000360000007E000000CF000000270000004D
:1059B000CB00000009000000B70000004F0000000D
:1059C000460000003F000000660000009E0000004E
:1059D0005F000000EA0000002D00000075000000DC
:1059E00027000000BA000000C7000000EB00000024
:1059F000E5000000F10000007B0000003D00000019
:105A00000700000039000000F70000008A000000D5
:105A10005200000092000000EA0000006B0000004D
:105A2000FB0000005F000000B10000001F0000004C
:105A30008D0000005D00000008000000560000001E
:105A4000030000003000000046000000FC000000E1
:105A50007B0000006B000000AB000000F0000000C5
:105A6000CF000000BC000000200000009A000000F1
:105A7000F4000000360000001D000000A900000036
:105A8000E300000091000000610000005E000000E3
:105A9000E60000001B000000080000006500000098
:105AA00099000000850000005F0000001400000065
:105AB000A000000068000000400000008D00000011
:105AC000FF000000D8000000800000004D00000032
:105AD00073000000270000003100000006000000F5
:105AE000060000001500000056000000CA0000007B
:105AF00073000000A8000000C90000006000000062
:105B0000E20000007B000000C00000008C000000EC
:105B10006B00000002000000030000000400000011
:105B2000060000000000C93F0000F0390000DA372D
:105B30000000A2330000842E0000502B0000C2277A
:105B40000000D0220000C41F0000C61B0000441744
:105B50000400000007000000090000003863ED3E6B
:105B6000DA0F493F5E987B3FDA0FC93F6937AC31A6
:105B700068212233B40F14336821A2330000004B94
:105B8000000000CBE02000204300504F5349580054
:105B90002E00002020202020202020202828282817
:105BA00028202020202020202020202020202020ED
:105BB000202020881010101010101010101010103D
:105BC000101010040404040404040404041010104D
:105BD00010101010414141414141010101010101F9
:105BE0000101010101010101010101010101101087
:105BF00010101010424242424242020202020202CD
:105C00000202020202020202020202020202101058
:105C10001010200000000000000000000000000044
:105C20000000000000000000000000000000000074
:105C30000000000000000000000000000000000064
:105C40000000000000000000000000000000000054
:105C50000000000000000000000000000000000044
:105C60000000000000000000000000000000000034
:105C70000000000000000000000000000000000024
:105C80000000000000000000000000000000000014
:085C900000000000000000000C
:105C9800A583030000000000C589030038390020EF
:105CA800A581030000000000259503000000000006
:105CB80079D302000000000029B1030094430020BA
:085CC800B19E02000000000083
:105CD000ED7D02000000000005CB02000000000086
:105CE00059CE03000000000065B30300000000006F
:045CF00061A40200A9
:085CF40065CE03000000000072
:105CFC00B5AF030000000000B9B0030000000000C5
:105D0C0091A402000000000091CC030000000000F0
:085D1C0098ACFD7F01000000BE
:105D240000000000F42B0400F82B0400A10D0C006B
:105D3400C03D0400C83D0400D03D0400B03D040053
:105D4400B83D0400A43004008840040006000000AC
:105D54000138FDD170470000592E0300592E03006D
:105D64005D2E0300652E0300692E0300712E0300CF
:105D7400792E0300812E0300852E0300892E030053
:105D8400892E0300F92E03008D2E0300912E0300AB
:105D9400952E0300952E0300A12E0300A52E0300CB
:105DA400CC4F0400FFFFFFFF304700200090D003DA
:105DB4000010014011000400FFFFFFFFFFFFFFFF81
:105DC400FFFFFFFFFFFFFFFF31220400E020002060
:105DD40000000000000000000000000000000000BF
:105DE40000000000000000000000000000000000AF
:105DF400000000000000000000000000000000009F
:105E0400000000000000000000000000000000008E
:105E1400000000000000000000000000000000007E
:105E2400000000000000000000000000000000006E
:105E3400430000000000000000000000000000001B
:105E4400000000000000000000000000000000004E
:105E540043000000000000000000000000000000FB
:105E6400000000000000000000000000000000002E
:105E740043000000000000000000000000000000DB
:105E8400000000000000000000000000000000000E
:105E940043000000000000000000000000000000BB
:105EA40000000000000000000000000000000000EE
:105EB400430000000000000000000000000000009B
:105EC40000000000000000000000000000000000CE
:105ED400430000000000000000000000000000007B
:105EE40000000000000000000000000000000000AE
:105EF400430000000000000000000000000000005B
:105F0400000000000000000000000000000000008D
:105F1400492504002525040000000000925B0400CC
:105F2400905B0400915B0400915B0400915B0400AE
:105F3400915B0400915B0400915B0400915B04009D
:105F4400915B0400915B0400FFFFFFFFFFFFFFFF75
:105F5400FFFFFFFFFFFF00000100415343494900D9
:105F6400000000000000000000000000000000002D
:105F740000000000000000000000415343494900B4
:105F8400000000000000000000000000000000000D
:105F9400000000000000000000000000F0B50F0D3C
:105FA40011F0FF01012414FA01F114461D460346C1
:105FB4001BE099600822064208BF5FF00302013A21
:105FC400FDD1D9600422064208BF5FF006027608BC
:105FD40005D000BF00BF00BF013AFDD1E9E7023A96
:105FE400013AFDD10134013D05DD80262078784356
:105FF400000AD960DDE7D960F0BD0004FFFF0301AA
:106004001818181818181818010000009909020027
:1060140045140200793B02007D850200D190020004
:10602400C1310300D1380300453C0300116D030066
:10603400750902000000000000000000B5C1030063
:08604400000000000000000054
:04604C000000000050
:020000040007F3
:1070000000000220F97207002173070023730700B4
:10701000257307002773070029730700000000008D
:107020000000000000000000000000001DB5070087
:107030002D730700000000002F7307003173070055
:10704000337307003373070033730700337307008C
:10705000337307003373070033730700337307007C
:10706000337307003373070033730700337307006C
:10707000337307003373070033730700337307005C
:10708000998E0700337307003373070033730700CB
:1070900033730700337307001DB70700337307000E
:1070A000337307003373070033730700337307002C
:1070B0003373070033730700000000000000000076
:1070C000337307003373070033730700337307000C
:1070D0001D8B0700337307003373070033730700FA
:1070E00033730700000000000000000000000000F3
:1070F0000000000033730700000000003373070036
:10710000000000000000000000000000000000007F
:10711000000000000000000000000000000000006F
:10712000000000000000000000000000000000005F
:10713000000000000000000000000000000000004F
:10714000000000000000000000000000000000003F
:10715000000000000000000000000000000000002F
:10716000000000000000000000000000000000001F
:10717000000000000000000000000000000000000F
:1071800000000000000000000000000000000000FF
:1071900000000000000000000000000000000000EF
:1071A00000000000000000000000000000000000DF
:1071B00000000000000000000000000000000000CF
:1071C00000000000000000000000000000000000BF
:1071D00000000000000000000000000000000000AF
:1071E000000000000000000000000000000000009F
:1071F000000000000000000000000000000000008F
:107200000348044B834202D0034B03B11847704735
:10721000A02B0020A02B00200000000005480649FC
:107220000B1AD90F01EBA301491002D0034B03B194
:1072300018477047A02B0020A02B00200000000062
:1072400010B5064C237843B9FFF7DAFF044B13B1AE
:107250000448AFF300800123237010BDB42B00203D
:1072600000000000B0D2070008B5044B1BB1044970
:107270000448AFF30080BDE80840CFE700000000FD
:10728000B82B0020B0D20700A3F5803A704700BFAA
:10729000154B002B08BF114B9D46FFF7F5FF002152
:1072A0008B460F461148124A121A05F00FFC0C4B80
:1072B000002B00D098470B4B002B00D098470020A4
:1072C000002104000D000B4805F0DEFA05F010FB6C
:1072D0002000290001F020F905F0DCFA0000080088
:1072E000000000000000000000000220B42B00207D
:1072F0004C520020BDC807000649074A074B9B1A9D
:1073000003DD043BC858D050FBDC00F023F8FFF746
:10731000BFFF000020D30700E82A0020B42B002084
:10732000FEE7FEE7FEE7FEE7FEE7FEE7FEE7FEE735
:10733000FEE7FEE7054B1B680D2B01BF044B1868E9
:10734000B0FA80F0400918BF0020704730010010EB
:107350003401001008B5FFF7EDFF40B14FF0804356
:107360000022C3F80C21C3F81021C3F83825FFF719
:10737000E1FF002846D04FF080524D4BD2F8041464
:10738000C3F82015D2F80814C3F82415D2F80C1449
:10739000C3F82815D2F81014C3F82C15D2F8141419
:1073A000C3F83015D2F81814C3F83415D2F81C14E9
:1073B000C3F84015D2F82014C3F84415D2F82414A9
:1073C000C3F84815D2F82814C3F84C15D2F82C1479
:1073D000C3F85015D2F83014C3F85415D2F8341449
:1073E000C3F86015D2F83814C3F86415D2F83C1409
:1073F000C3F86815D2F84014C3F86C15D2F84424C9
:10740000C3F87025FFF796FF48B14FF08043D3F8DB
:107410000024D20744BF6FF00102C3F80024254ABC
:10742000D2F8883043F47003C2F88830BFF34F8F2E
:10743000BFF36F8F4FF01023D3F80022002A03DB35
:10744000D3F80432002B2FDA1B4B0122C3F804259A
:10745000D3F80024002AFBD04FF010221221C2F8EA
:107460000012D3F80024002AFBD04FF01023122280
:10747000C3F80422104B1A46D3F800140029FBD09D
:107480000021C3F80415D2F80034002BFBD0BFF361
:107490004F8F0849094BCA6802F4E0621343CB607E
:1074A000BFF34F8F00BFFDE7054B064A1A6008BDCA
:1074B00000C0004000ED00E000E001400400FA05DB
:1074C000E82A00200090D0034B1C30B5DB000446B6
:1074D00012F003009BB20DD1074D2A601A44074BEE
:1074E0001A60074B1870074B1870074B1C80074B2E
:1074F000198030BD0720FCE7D82B0020D42B0020BA
:10750000D02B0020E02B0020DC2B0020DE2B0020E5
:107510002DE9F3472B4F3B888B4206460D4690469C
:107520004BD300240DF107008DF8074000F086F8DA
:10753000254B26481A78264B008893F800C08445CE
:107540005FFA8CF138BF4C1CD2B238BFE4B2A24211
:107550002DD01C781A78D1B2904286BF0131C9B2C1
:10756000002119709DF8070000F08CF84FF6FF73AA
:107570009C4224D0DFF86090D9F800204FEAC40A7A
:1075800042F8348002EBC403A6B19DB1114B388898
:107590001B682A4604FB0030314605F0FDF9D9F896
:1075A0000030534400209D8002B0BDE8F0874FF6C4
:1075B000FF74D7E700209880F6E70920F4E704205D
:1075C000F2E700BFDC2B0020E02B0020DE2B0020A8
:1075D000D02B0020D42B0020D82B0020F8B5114C44
:1075E000114D264622782B789A4200D1F8BD0F48DB
:1075F0000F4A2378126807880E4802EBC30100681F
:1076000052F83320898803FB070090470A49227803
:107610000988D3B2914286BF0133DBB200233370B5
:10762000E0E700BFE02B0020D02B0020DC2B002067
:10763000D82B0020D42B0020DE2B002070B5EFF3D8
:10764000108672B60C4A946801239CB993600B4B68
:107650000B4DD3F8801029401160C3F88050D3F847
:10766000841051604FF0FF32C3F88420047006B9D3
:1076700062B670BD0370FAE7C04E002000E100E082
:10768000FC06FFBD10B5084B9A685AB150B9EFF32C
:10769000108172B6054A1C6814605C68546098607A
:1076A00001B962B610BD00BFC04E002000E100E08D
:1076B00030B53AB11368DB430A4D0144814204D12D
:1076C000D84330BD4FF0FF33F6E710F8012B53409D
:1076D000082213F0010418BF2C46013A84EA530330
:1076E000F7D1EBE72083B8ED10B561B1B2FBF3F44D
:1076F00003FB1424A4B244B9C0E90014846082815D
:10770000C381204610BD0E20FCE70920FAE782B0B5
:1077100050E8022FC188B2EB324F4FF0000317BF81
:1077200092B241EA014142EA014104E04268B2EB0F
:10773000324F08BF012340E80212002AE8D18DF839
:1077400007309DF80730002B0CBF1120002002B03D
:10775000704737B550E8013F9DB2C48925448489FC
:10776000A54228BF2D1B0489A54202BFBFF32F8F5E
:10777000002207E0C5EA030540E80154002CE9D1E6
:107780004FF001028DF803200193019B9DF8032027
:107790000B6002F0FF0322B10B880068184403B0AD
:1077A00030BD1846FBE70A884B889A4209D150E859
:1077B000012FC2EA024240E80123002BF7D1012049
:1077C00070470020704737B550E8023F1FFAA3F515
:1077D000C488A54202BFBFF32F8F00220DE0C489E9
:1077E00025448489A54228BF2D1BC3EA054540E8EE
:1077F0000254002CE8D14FF001028DF803200193D0
:10780000019B9DF803200B6002F0FF0322B14B881F
:107810000068184403B030BD1846FBE70A884B885F
:107820009A4209D150E8022FC2EA224240E80223DC
:10783000002BF7D1012070470020704710B5034698
:1078400053E8000F40EA010243E8002494F0000FDF
:10785000F6D110BD10B5034653E8002F02EA01002F
:1078600043E8000494F0000FF6D110BD0121FFF7AA
:10787000E5BF0021FFF7EEBF10B590B1D0E90123BD
:1078800001689B1ADBB20A60013BDBB2FF2B026886
:1078900002D10020107110BD11684C1C14600B70D7
:1078A000F2E70E20F7E737B5044600250DF1070093
:1078B0008DF80750FFF7C2FE2268616813688B429B
:1078C00010D9591E116013F8015C228AE36802FB8B
:1078D00005352268A36811685B1A1179DBB29942F9
:1078E00038BF13719DF80700FFF7CCFE284603B0A0
:1078F00030BD37B5054600230DF107000C468DF865
:107900000730FFF79BFE2A681368591C1160E9686D
:10791000641A298AB4FBF1F41C709DF80700FFF784
:10792000B1FE03B030BD01600B681146184710B4BA
:107930000468E468A4465DF8044B604710B404682A
:107940002469A4465DF8044B6047000070B550B947
:107950000E4D0F4C0026641B1423B4FBF3F4B44209
:1079600008D1002010E00368002BF1D0BDE8704082
:10797000DB6918472B6813B901361435EFE7DB696B
:10798000284698470028F7D070BD00BFA02B0020E4
:10799000B42B0020014B436000207047B4CD07009A
:1079A0000846704700207047024B1868003818BF1F
:1079B00001207047E42B002008B50248FFF759FF6B
:1079C000002008BDE42B002008B510461A4604F03C
:1079D000E3FF002008BD00002DE9F043814687B099
:1079E00014480E4615469846FFF740FF0446F0B986
:1079F0000746BD4215D10F48FFF73BFFD9F80830C5
:107A00005BB102228DF800200022CDE90126CDE9EC
:107A10000325CDF8148068469847204607B0BDE896
:107A2000F08306EB073000F07DFB0137E1E711241E
:107A3000F3E700BFE42B00202DE9F041804686B03B
:107A400011480F4616461D46FFF710FF0446C8B9F9
:107A5000AA083146384600F093FB0B48FFF709FFB0
:107A6000D8F8083053B101228DF800200C9A059205
:107A7000CDE90147CDE9036568469847204606B041
:107A8000BDE8F0811124F9E7E42B002029DF7047DD
:107A900028DF704770B50668B36886B004460D46A7
:107AA00073B114220021684605F010F8A36805930D
:107AB0002379019533B1012B0ED0B36868469847FE
:107AC00006B070BD01238DF8003023690293E3688E
:107AD000039363690493F0E702238DF80030E368B1
:107AE0001B030293F5E7084670470020704700002B
:107AF000024B187A003818BF01207047D42D00209F
:107B0000034B187A0122B0FA80F05A74400970478A
:107B1000D42D002008B510461A4604F03DFF002081
:107B200008BD000008B514220021044804F0CEFF6F
:107B30000348FFF7ECFD002008BD00BFD42D002056
:107B4000C42D002010B5094C094B43602046FFF7B7
:107B50008DFE48B903F0C8FD064920741C23064871
:107B60004FF4EE72FFF7C0FD002010BDD42D0020B1
:107B7000E0CD0700E82B0020C42D002070B5234C79
:107B8000234E237A25463BB922492348FFF71BFEA3
:107B9000306008B9606070BD022334682B722379AD
:107BA00073B1012B22D020460321FFF773FF00237E
:107BB0002B726B60BDE8704016491748FFF72EBE68
:107BC000D4E90523D21A142AD4E9031028BF1422B9
:107BD0009208012A38BF012219441844FFF756FFC2
:107BE00050B11128DFD101232B72D4E7D4E903036C
:107BF0001844FFF74DFFF3E72B7C002BCBD1014658
:107C0000BDE87040022000F009B800BFD42D00206C
:107C1000EC2D0020E82D0020C42D002038B5831E57
:107C2000012B43D8224C237A002B3FD0022B09D1C1
:107C300003282ED01F4B00221B68E2601A793AB14C
:107C4000012A20D0637C6BBBBDE83840FFF796BFAC
:107C5000D3E905128D1A142D94BF521914329A616A
:107C60009142EFD102284FF0000308BF194623725A
:107C7000104B18BF0D211868FFF70CFF0E490F4875
:107C8000FFF7CCFDDEE71A6901321A615B699A429F
:107C9000E7E7E3680133082B01D8E360D2E700236C
:107CA000E360DFE7BDE8384003F00EBD38BD00BF3C
:107CB000D42D0020EC2D0020E82D0020C42D002024
:107CC00000F0FD03012B08D1044B00225A74421E20
:107CD000504250411874FFF751BF7047D42D002017
:107CE00010B5064C201DFFF7C1FD28B9637C1BB9F8
:107CF000BDE81040FFF742BF10BD00BFD42D0020EB
:107D00002DE9F34180460D460F4801A916461F464E
:107D1000FFF71FFD0446A8B11C22002104F0D6FE87
:107D20002D0B0123237101A90748C4F80080A76027
:107D3000E5606661FFF737FDFFF7D2FF002002B074
:107D4000BDE8F0810420FAE7C42D00202DE9F743B7
:107D500081468846104801A917461E46FFF7F9FCE0
:107D60000446B0B11C22002104F0B0FE00250A9B9D
:107D7000A36001A9C4E9037807482571C4F80090FD
:107D80006661FFF710FDFFF7ABFF284603B0BDE8C3
:107D9000F0830420FAE700BFC42D002001600B68C7
:107DA00043604A68934204BF0023436070474368BE
:107DB00043B1026891680B4443605268934204BF28
:107DC00000234360704700002DE9F04FC9B008AAB6
:107DD00001F1400514464B780E781B0443EA066314
:107DE000CE7833438E78043143EA06238D4244F83B
:107DF000043BF0D11024916B16464FEAF14383EA1D
:107E0000714383EA9123716A366852F8045F314402
:107E10000B444FEAB54181EAF51181EAD5010134FD
:107E20000B44402CD363E6D1D0E914E30093836D77
:107E30000193C36D0293036E0393436E0493836EA9
:107E40000593C36E0693DDE9057BDDE9031CDDE9DF
:107E500001592B4B009E079374464FF00008079B77
:107E600053F8042B07934FEAF12383EAB11383EA13
:107E7000716A08AB53F828301A440AEB020327EA68
:107E8000010A01EA0C028AEA02021A444FEA743A31
:107E900086EA05035A448AEAB40A06EA050B234037
:107EA00083EA0B038AEAB45A08F101089A44B8F14C
:107EB000400F02EB0903BB465244A94619D1724454
:107EC0000265009A22444265019A32448265029A10
:107ED0002A44C265039A1A44049B02660B44436613
:107EE000059B63448366069B3B44C36649B0BDE87B
:107EF000F08F674635468C46264619461446AEE74F
:107F00000CCE070030B5E0B10F4A1049002400251F
:107F1000C0E91245C0E914120D4C0E4A0E4DC0E9DD
:107F200016420E4AC0E918520D4A826602F1745296
:107F3000A2F523020023A2F692420364C266184609
:107F400030BD0E20FCE700BF85AE67BB67E6096A5F
:107F500072F36E3C3AF54FA57F520E518C68059B2B
:107F6000ABD9831F70B5F0B1DAB900201CE00C4624
:107F70008D180026AC42F8D0036C14F8012BC254C3
:107F80000133402B0364F5D10146FFF71DFFD0E913
:107F9000123213F5007342F10002C0E91232066496
:107FA000E8E70029E3D10E2070BD70B50D461646F6
:107FB0000446002875D0002973D0026C8021372A2E
:107FC000815402F101034FF0000240D8382B39D11F
:107FD000D4E91201226C0823E3FB020103BAE36334
:107FE0000B0A84F83A300B0C84F839300B0EC4E9D4
:107FF000120184F83B1084F8383021462046FFF700
:10800000E3FE691E76B30023E26EDA4001F8012F29
:10801000A26EDA400A71626EDA400A72226EDA40AB
:108020000A73E26DDA400A74A26DDA400A75626D75
:10803000DA400A76226DDA400833202B0A77E3D142
:10804000002070BDE2540133C0E7E25401333F2BFE
:10805000FBD921462046FFF7B7FE3822002104F065
:1080600035FDB5E71823226DDA4001F8012F626D66
:10807000DA400A71A26DDA400A72E26DDA400A73E0
:10808000226EDA400A74626EDA400A75A26EDA4035
:108090000A76E26EDA40083B13F1080F0A77E2D164
:1080A000CEE70E20CDE743689B68184708B54368C4
:1080B00008305A7900F083F9002008BD2DE9F0411D
:1080C0000C469CB008461F460392FFF7ECFFD4F81D
:1080D0000480039998F80550BD4228BF3D460646E6
:1080E0002A4604A800F060F998F8052022990CA807
:1080F00000F065F900960CAB2A4604A904F10800CB
:1081000004F044FA002848F2425018BF00201CB086
:10811000BDE8F081024AD2F80034002BFBD0704752
:1081200000E001400A4908B50223C1F80435BFF355
:108130006F8FBFF34F8FC1F80805FFF7EBFF0023E8
:10814000C1F80435BFF36F8FBFF34F8F08BD00BF79
:1081500000E0014010B5094C0123C4F80435BFF319
:108160006F8FBFF34F8F0160FFF7D4FF0023C4F878
:108170000435BFF36F8FBFF34F8F10BD00E0014098
:108180000E4B10B50124C3F80445BFF36F8FBFF346
:108190004F8F01EB8204401AA14208D1074B002205
:1081A000C3F80425BFF36F8FBFF34F8F10BD431883
:1081B00051F8042B1A60FFF7ADFFEDE700E0014036
:1081C00028B139B10023C1E900301846704748F2A0
:1081D0001050704748F21350704738B1006848F2A9
:1081E0004053884214BF18460020704748F2105090
:1081F000704730B148F21153914214BF1846002025
:10820000704748F21050704770B506460C461D4640
:10821000FFF7D6FF50B9B3794AB1AB420AD1114644
:108220002046FFF743FF08B9044B236070BD48F2B6
:108230001050FBE748F21150F8E700BF7052464D6E
:108240002DE9F0470C4606460F492046DDE908892E
:1082500015461F46FFF7C1FFA0B963685A79494622
:1082600052004046FFF7C5FF60B94DB1CDF8208000
:108270003B462A4621463046BDE8F047FFF71EBF81
:1082800048F21050BDE8F0877052464D10B50446D4
:1082900038B149B141600B68984708B9044B236075
:1082A00010BD48F20150FBE748F21050F8E700BF5C
:1082B0006E524648F0B4134648B10768094EB742BB
:1082C0000AD161B12AB14368F0BC5B68184748F233
:1082D00001531846F0BC704748F20253F9E748F2E0
:1082E0001053F6E76E524648F0B460B107680C4E82
:1082F000B7420CD171B143681568DC68A5420CD354
:10830000F0BC9B68184748F20150F0BC704748F237
:108310000250FAE748F21350F7E748F21450F4E736
:108320006E524648F7B50446DDE9086715460193E5
:10833000FFF7ACFF68B9019A29462046FFF7BAFF5C
:1083400038B93A463146204603B0BDE8F040FFF761
:10835000CBBF03B0F0BD0000F8B50A4F0A4C0B4D7F
:10836000E41B0121E40829700026A64203D1022360
:108370002B700020F8BD57F8363098470028F9D107
:108380000136F2E7B4D20700B4D20700F02D002086
:1083900001390144814200D2704703780A7800F81D
:1083A000012B01F80139F5E7013A02440139824213
:1083B00000D2704711F8013F02F80139F7E770B5B4
:1083C00016460D46FFF7F0FF3246A9193044BDE8C6
:1083D0007040FFF7E9BF38B50D460446FFF7D8FFF8
:1083E00029466019BDE83840FFF7D2BFBFF34F8F71
:1083F0000549064BCA6802F4E0621343CB60BFF341
:108400004F8F00BFFDE700BF00ED00E00400FA055C
:10841000044A136801331360034B1B780BB100F05F
:10842000FFB87047FC2D0020F82D002010B5094C36
:1084300000F018F923785BB9074A137000F0B8F818
:10844000012323700549BDE81040A32000F0D6BBEE
:1084500010BD00BFF82D0020F12D00201184070071
:1084600008B5084B00221A7000F030F90649A32025
:1084700000F0C4FB054B1A68054B1A60054B01223E
:108480001A7008BDF82D002011840700FC2D002073
:10849000F42D0020F12D0020013870B5082823D8D4
:1084A000DFE800F00A0C23220522050E0C0011481B
:1084B000BDE87040FFF7BABF0F48F9E70F48F7E78C
:1084C00002F07AF80E4B1B787BB10E4E0E4D3468DD
:1084D0002B68E41A3B2C94BF0021012100F040F9E5
:1084E0003B2C01D933682B6070BDBDE87040FFF7AD
:1084F000B7BF00BF5DCF070058CF070062CF0700AE
:10850000F12D0020FC2D0020F42D002008B5FFF7F0
:108510006DFF08B5FFF76AFF08B500F089FC024857
:1085200000F0A6F9FFF762FF99840700F0B51B4B36
:108530001B4819781B4B1C4D5F5C0422012447FA31
:1085400002F6F60710F8013B1BD51F2B86BF03F080
:108550001F032E464FF0A04604FA03F3C6F80C356D
:10856000013AECD2114B5B5C1F2B86BF0E4903F026
:108570001F034FF0A041012202FA03F3C1F80835AE
:10858000F0BD1F2B86BF03F01F032E464FF0A04601
:1085900004FA03F3C6F80835E2E700BF052E002011
:1085A00067CF0700002E0020000300506CCF0700AB
:1085B00030B41748174D0022032410F8013B1F2B3D
:1085C00086BF03F01F0329464FF0A04103F5E07377
:1085D0000132052A41F82340EFD10F480D4D00220A
:1085E000032410F8013B1F2B86BF03F01F0329460D
:1085F0004FF0A04103F5E0730132052A41F8234012
:10860000EFD1064B00221A7030BCFFF78FBF00BFBE
:1086100067CF0700000300506CCF0700052E002035
:1086200010B40D4A0D4913780120C95C03441F2979
:10863000DBB28ABF0A4C4FF0A04401F01F01042BAB
:1086400000FA01F188BF0023C4F80C1513705DF81F
:10865000044BFFF76BBF00BF052E00206CCF070057
:108660000003005001460522014804F095B900BFFF
:10867000002E00201F2886BF054A00F01F004FF083
:10868000A042012303FA00F0C2F80805704700BFBA
:10869000000300500B4B185C1F288ABF0A4B4FF099
:1086A000A04300F01F01D3F8042598BF0146CA403B
:1086B000D20704D501228A40C3F80C257047FFF782
:1086C000D9BF00BF71CF070000030050F8B5204AA2
:1086D000204D214E002313602846032410F8012B5F
:1086E0001F2A86BF02F01F0231464FF0A04102F55B
:1086F000E0720133052B41F82240EFD1174C164FA1
:1087000020460022032610F8013B1F2B86BF03F0F2
:108710001F0339464FF0A04103F5E0730132052AEB
:1087200041F82360EFD1002115F8010BFFF7A2FFFC
:1087300001310529F8D1002114F8010BFFF79AFF48
:1087400001310529F8D1BDE8F8400020FFF7A2BFAC
:10875000082E002071CF07000003005076CF0700DD
:10876000F0B5164A164F1668DFF858C03446002593
:108770004FF0010E00EB8000642390FBF3F0A04269
:108780000BDCB042B8BF304605B11060A1B104287F
:1087900012DCBDE8F040FFF77DBFE35D1F2B8ABF11
:1087A00065464FF0A04503F01F030EFA03F3C5F82A
:1087B0000C3501340125E2E7F0BD00BF082E002092
:1087C00071CF070000030050007800F001007047EF
:1087D00041DF7047014B01221A7070472C32002094
:1087E000BFF34F8F0549064BCA6802F4E06213439A
:1087F000CB60BFF34F8F00BFFDE700BF00ED00E08F
:108800000400FA05024B034800221A7001F0F2BF7F
:108810002C320020E1870700042810B5044609D84F
:10882000022811D816D00D4B1B68B3B12046BDE805
:1088300010401847831F012BF5D8094B0948002227
:108840001A7001F0D7FFEEE707494FF4701000F0FF
:10885000A7F9E8E701F014FFE5E710BD303200208A
:108860002C320020E18707000588070000207047B0
:1088700038B5504B1860002001F0D2FF04460028A4
:1088800040F0928000F07EFA012800F088800228F3
:1088900000F08C80002840F087804FF08043D3F8B0
:1088A000004414F4803435D04FF48032C3F80024EF
:1088B0000446414D2B6A012B3FD04FF4701400F059
:1088C000F7FA3E4A20211820FEF7FEFD08B1FFF717
:1088D00020FE3B4B1A6802F0F802B02A06D11A6853
:1088E000D20742BF1A6802F04E021A60FFF7BEFFBD
:1088F000002859D12046334900F052F9324800F09F
:10890000E9FF002850D100F0F9FAFEF767FEFFF703
:108910005FFFF8E7D3F8202502F0F802A82A0AD171
:10892000D3F82025D10706D5D3F8202502F056022A
:10893000C3F82025BDE70124BBE743F204031A680E
:10894000224B9A4209D002F023F8AA69014694B159
:108950001F4802F07AFB90B9AFE76A6B1CB995F833
:108960006032012BEFD01B484FF4805102F06DFBB9
:108970000028E8D1A1E795F8A132012BE8D1104BEE
:108980001B6813F0B10F98D101F0AEFF60B9124B24
:108990001870124801F02EFF00F024F804E00E4B8E
:1089A0000F481C7001F026FF032038BD4FF4A024AF
:1089B00085E700BF30320020CC4E00200C2E002076
:1089C0001C0500400588070019880700DBE5B15148
:1089D0006D5100202C5100202C320020D58707003B
:1089E000E187070008B5074B4FF0FF32C3F880203E
:1089F000C3F8802101F060FCBDE808404FF48050CE
:108A000000F002B800E100E000B5EFF305830023B9
:108A1000D0E9001283F3148883F3108883F311885C
:108A200083F3138881F308884FF0FF339E46104785
:108A30005DF804FB00F1402000F50030002382B017
:108A4000036003680193019B02B0704738B56FF073
:108A50007F42134C057BD4F804358A4228BF0A466E
:108A6000891A13444A1E942A23F07F4305F5A872FD
:108A70009BBF963B96314160416044F82230094BE0
:108A80004FF4F86043F00103984705F1500080006F
:108A9000FFF7D0FF4FF48033AB40C4F8043338BD48
:108AA0000040024080CF070008B517490A7852BB42
:108AB0004FF080434FF48070D3F81834DB035EBF6F
:108AC000124B01221A60FFF7B5FF4FF4A070FFF7B9
:108AD000B1FF4FF4A270FFF7ADFF4FF4A470FFF7A2
:108AE000A9FF0B4B0B48A02283F8242310225A60C5
:108AF000094A0023C2F808350123036002201360ED
:108B0000C2F804030B7008BD383200200800004092
:108B100000E100E008400240004002402DE9F04141
:108B2000194B1B683BB1194A13684FF4827001332B
:108B30001360FFF77FFF164C164DDFF86080164E6E
:108B40004FF480372B68A5F5804080B25BB1FFF70A
:108B500071FF237B07FA03F3C8F80833616849B152
:108B60002046FFF773FF0435B54204F11004E9D144
:108B7000BDE8F081A16811B12046FFF767FF2368C7
:108B8000002BF0D09847EEE7044102403432002039
:108B9000EC2A0020404102404C410240004002408B
:108BA00070B50B4B1D682A7B4FF480339340094A04
:108BB0000E46C2F80833044640B1FFF775FF2E6039
:108BC00021462846BDE87040FFF740BF70BD00BF9A
:108BD0001C2B00200040024070B5074B1D680E465C
:108BE000A8600446FFF760FF2E6021462846BDE8D6
:108BF0007040FFF72BBF00BF242B002070B50E4B39
:108C00001C68237B4FF480329A400C4B0E46D3F8FD
:108C100004130A42054602D0A16881420BD0C3F872
:108C20000823A560FFF740FF266029462046BDE8DF
:108C30007040FFF70BBF70BD202B002000400240AA
:108C4000014B01221A7070473932002038B50F4BA2
:108C5000DA6A5D6A9C6CAC2A10D15B6B1C44ED1A1D
:108C60000B482A46214603F067FE68B100F046F93A
:108C700029462046BDE8384001F000BB002CEFD16A
:108C800001F09CFE0446EBE738BD00BFCC4E00204F
:108C9000007007002DE9F74F06468846A8EB060549
:108CA0002D0B02F6FF77144600F002F9802D28BF45
:108CB00080252B03DFF868B001933F0B0CB92346E6
:108CC00029E0BD422CBFBA46AA464FF000025146E9
:108CD000304634BFDDF80490A14601F0B7FA0346F0
:108CE000C8B909F1030222F003024146304601F0FF
:108CF0009FFA034678B9DBF830304B44CBF830307C
:108D000001F07EFDA7EB0A07A4EB09044E44C8441A
:108D100003460028D2D0184603B0BDE8F08F00BF4C
:108D2000CC4E002010B501F059FE154A42F2040362
:108D3000916CCC5803F1A34303F5471303F2D753C7
:108D40009C4218D1D2E90C32934216D0884204D109
:108D5000BDE81040002001F053BDD21A02F6FF72A8
:108D600022F47F6222F00F0219441844FFF792FFA9
:108D70000028EDD010BD0320FCE70020FAE700BF7B
:108D8000CC4E002070B5264CE36AAA2B37D005D80C
:108D9000012B0BD0A52B2ED0002070BDAC2BFBD10E
:108DA000FFF7C0FF48BBFFF751FF26E0A66C656ADE
:108DB00001F0EEFD864229D101F0EAFD00222946AC
:108DC000FEF776FCA36A984202BF0123C4E90703B9
:108DD000A5610025134801F0CFFD134B1348002275
:108DE0001A7001F00DFD68B975B1236A012B14BF2B
:108DF00001200220D1E7FFF795FF0125EAE7FFF701
:108E000025FFE6E70320C8E70120C6E7236BEA1A3F
:108E1000F1181844FFF73EFF0028DAD1CCE700BF75
:108E2000CC4E0020F04E002039320020418C07004B
:108E300008B540F6F8700368013302D10749FFF71F
:108E400089F940F6FC700368013305D1BDE808409C
:108E50004FF4FC21FFF77EB908BD00BF007007008A
:108E60000A4AD2F800347BB109480023D2F8081529
:108E7000D940C90748BF03F5C07103F1010348BFDA
:108E800042F82100072BF1D1704700BF00000140DC
:108E90003546526EFFF7E4BF044B002282B01A60E1
:108EA0001B680193019B02B0704700BF00010140A5
:108EB00038B50E4C2278BAB90D4BD3F800248AB1DC
:108EC000D3F80455FFF7CCFF40F61650A842B8BFC0
:108ED00028460849A0F54860FFF77EFE064B4FF490
:108EE00080321A600123237038BD00BF3A3200205F
:108EF00000000140958E070000E100E0034BD3F82D
:108F000000340BB1FFF7ACBF704700BF0000014059
:108F10000023C0E90232C0E900118B881A440261C3
:108F2000B1F906301A4442610888003818BF0120A0
:108F3000704710B5426811880346002939D002F104
:108F400010014160148A2CB9C2680168FFF7E0FF84
:108F5000204610BD9078118900F03004302C1BD1D0
:108F6000947C04F03004302C1DD190881969091AC2
:108F700019610021907810F0300F02BF986801301D
:108F80009860908A0844196901441961B2F9162061
:108F9000114459610120DCE700F0F004202C02D1DB
:108FA00050894143E6E700F0C000802808BF042153
:108FB000E0E70846CDE770B5466804460D466368AD
:108FC0001A88AA4204D19B7803F00F03082B07D11B
:108FD0002046FFF7AEFF6368B342F0D1002070BDBA
:108FE0000120FCE743681A44426011B101399A42FA
:108FF00001D10120704713F8010B01F8010FF6E7CA
:109000002DE9F34183680446884623B9002630469B
:1090100002B0BDE8F081036801220DF10701984715
:1090200006460028F2D0A3689DF80750013BA360D4
:109030009DF90730002B1ADA05F07F050727A36892
:10904000002BE3D0236801220DF107012046984749
:109050000028DBD0A3689DF80720013BA36002F045
:109060007F03BB401D43130607F1070702D4C8F86E
:109070000050CCE7232FE2D1C8E770B54268927860
:1090800002F00F01082986B003461FD103691C684E
:1090900000260CB906B070BD236826739D6862680F
:1090A00029466846FFF734FF6368049304F10C0314
:1090B0000593AB7803F0C003802B08BF231D6846DF
:1090C00008BF0493FFF7D9FFA468E2E712F0C001DC
:1090D00020D102F0300010280ED15A6911705A6860
:1090E00018699378D46803F00F03072B09D1014660
:1090F000204600F017F8CDE79006F0D55B6919809F
:10910000C8E71289214614B103F046FCC2E703F018
:10911000DDFCBFE78029BDD1006900219206016016
:10912000B8D5EBE77FB50A4601466846FFF7F0FE83
:1091300030B16846FFF7A1FF6846FFF7FAFEF7E790
:1091400007B05DF804FB000030B5044685B0154655
:10915000A9B90268114B9A4211D0102D06D82A469F
:1091600069462046FFF7F0FF05B030BD1022694682
:109170002046FFF7E9FF0028F6D0103DEDE7A36891
:10918000AB4201D20020EFE723682A4620469847E9
:109190000028F7D0A268521BA260E5E7E58F070020
:1091A000F7B50E4601A907461546FFF729FFA8B1F6
:1091B000019A0123D3184FF0000404D2B17801F0D2
:1091C000C001802901D1204608E031899942FAD3B3
:1091D00029463846FFF7B8FF019BEC5403B0F0BDB9
:1091E00073B50D4601A906461446FFF709FF98B16D
:1091F000019AB2F5803F11D2AB7803F0C003802B07
:1092000002F102010AD02B898B4207D32146304656
:1092100021F8022BFFF798FF02B070BD0020FBE79A
:1092200010B5034C82600022C0E90041C26010BD4D
:10923000E58F07002DE9F341002604460F46B046AE
:109240003546A3682BB3236801220DF107012046A0
:109250009847F0B1A3689DF807C0013B0CF07F026E
:10926000C5F12001A360A5F1200302FA03F322FA5D
:1092700001F10B43AA401CF0800F46EA020643EAC4
:10928000080805F1070502D1C7E9006802E0462D8C
:10929000D7D1002002B0BDE8F08173B50C46694615
:1092A0001646FFF7C7FF68B12389082B0CD1DDE90B
:1092B0000045C6E90045DDE90023AB4206BFA242F6
:1092C0000120002002B070BD042B04D1009B33604C
:1092D0001C460025EFE7022B4FF0000004D1009B55
:1092E00033809CB20546E6E7012BEBD1009B33703F
:1092F00003F0FF04F6E737B50D4669461446FFF75D
:1093000099FF30B12A89082ADDE9003103D1C4E987
:10931000003103B030BD042A18464FEAE37108D18A
:1093200023601A460B468B4206BF82420120002072
:10933000EFE7022A04D11BB223801AB2D317F2E757
:10934000012A03D15BB223705AB2F7E70020E0E7AD
:10935000F7B51F4600233B700D460B70136001A943
:1093600004461646FFF74CFE30B9A36813B9012333
:109370003B70002003B0F0BD019C002CF7D0E30847
:1093800004F0070433602C70F4E713B50446052994
:109390001FD8DFE801F0030F151E1E1C012201A9D2
:1093A0002046FFF7D1FE18B19DF90430002BF5DB04
:1093B00002B010BD082200212046FFF7C5FEF7E7E6
:1093C00001A9FFF71DFE0028F2D0019AF3E704225D
:1093D000F1E70020ECE773B50D4601A90446FFF75D
:1093E0000FFE064618B90026304602B070BD94E85C
:1093F0000F0085E80F0001998A42F4D3A960A368A1
:109400005B1AA360F0E700002DE9F0435768BB78D2
:1094100013F0C00489B006468C46154603D0402C94
:109420006AD000240CE003F00F025F4903F0300320
:10943000202B51F8228026D006D8CBB1102B1CD07F
:10944000204609B0BDE8F083302BF9D16B6939882B
:109450001980072A0AD16B6828691A89214603F006
:1094600035FB6B682969D868FFF75CFE2A6940E024
:109470002A693946C0470446E2E76B6901221A703F
:109480002A696968F6E7BCF1020FD5F8149024D177
:10949000042A22D804A9FFF79EFF04460028C0D062
:1094A000069B2BB16968B9F800304A899A4205D801
:1094B000059B7360069B002BC2D0B2E708892A691E
:1094C00003FB002204A8C04728B1B9F800300133DB
:1094D000A9F80030E4E70446EAE7B9F800307A89F1
:1094E0009A429ED92A693989581CA9F8000003FBC1
:1094F000012269683046BDE7D2F81080474657F828
:10950000043B13B9FFF741FFB5E7022914D104A9C1
:10951000FFF761FF002884D0D8F8003069683A4628
:1095200004A89847044600283FF47BAF069B002B15
:10953000F2D1059B736083E7012925D005292BD043
:1095400000297FF46EAF0C460DF1040901340B2C99
:109550003FF467AF012249463046FFF7F5FD00288A
:109560003FF45FAF19F9013B002BEFDB0F4B049386
:1095700001ABCDE9053400230793D8F800306968C2
:109580003A4604A8984776E7082201A9FFF7DCFDD0
:1095900008240028EAD144E704220DEB0201FFF77A
:1095A000D3FD0424F5E700BF88CF0700E58F07004F
:1095B0002DE9F04F91B00446002604A8CDE90266DB
:1095C000FFF7A6FCA3683BBBDDE9053404A89D7842
:1095D000FFF7AFFC0028F7D115F0300F03D1059B42
:1095E0001B8803B10134002C00F0A980630900221C
:1095F00002A9934240F09C8010AA02EB830304F07E
:109600001F0453F8383CC4F120044FF0FF30E04011
:10961000C31A584258410DE00DF1030301AA0DF1A0
:1096200002012046FFF794FE38B99DF80330002B65
:10963000CAD1002011B0BDE8F08F019904A8FFF74E
:10964000BAFC002850D1019BB3427DD3059D059AF9
:10965000937803F00F03082B7FD004A8FFF769FC71
:10966000059B9D42F3D14FF0FF36019FB7426BD36C
:10967000089B9DF802A0D4F808801D684FF00109EE
:10968000A368002D5DD098459CD12B68D3F800B01D
:10969000BBF1000F08D053463A4629462046D8472A
:1096A0000028C6D0AD68EBE7D3F808B0BBF80030AF
:1096B0009F42F7D16A6859460AA8FFF729FC6B68F0
:1096C0000E9305F10C030F939BF8023003F0C003D7
:1096D000802B04BF2B1D0E930AAA85F80C905146CF
:1096E0002046FFF791FEDBE7059B9B7813F0300FD8
:1096F0000FD1069A3F2A0CD8510910AB03EB810118
:1097000002F01F020123934051F8382C134341F813
:10971000383CE5682DB19DF80220019904AB204644
:10972000A8479DF8021004AA2046FFF76DFE10E03E
:1097300051F8225001357FF47DAF013259E7012005
:1097400078E798457FF43EAF9DF802102046FFF77A
:109750001CFE00287FF436AF6BE7168885E737B527
:109760000C460546114620460192FFF7DBFC019AA4
:109770002146284603B0BDE83040FFF719BF70B559
:1097800086B0CE6801920C4602A90546FFF723FE7B
:1097900068B1E06858B1A378019A03F03003202B38
:1097A000314602A805D1FFF7DAFF039B6B6006B0D4
:1097B00070BDFFF7FDFEF8E7D3B50C466946FFF72D
:1097C00039FD80B1DDE9001300274A0801F00106E8
:1097D00042EAC37256EA07014FEA53031CBFD24361
:1097E000DB43C4E9002302B0D0BD37B50D4669465E
:1097F0001446FFF7E1FF68B12B89082B0CD1DDE996
:109800000001C4E90001DDE900238B4206BF82426A
:109810000120002003B030BD042B03D1009820604C
:10982000C117F0E7022B04D1BDF90000208000B27F
:10983000F6E7012B04D19DF90000207040B2EFE75C
:109840000020E7E713B504220C460DEB0201FFF7F9
:109850007BFC08B1019B236002B010BD1146FFF7ED
:10986000F1BF13B508220C466946FFF76DFC18B12D
:10987000DDE90023C4E9002302B010BD1146FFF763
:10988000F0BF10B513681F2B144607D9002208300B
:10989000FEF78BFB08B92023236010BD48F214505B
:1098A000FBE70830FEF75EBB0830FEF72BBB00007D
:1098B000831F012B10B5044602D8002001F044F8A4
:1098C000034B1B681BB12046BDE81040184710BD74
:1098D0003C32002008B5074B18600020FFF7E8FF76
:1098E000054801F019F820B9BDE80840024800F029
:1098F0007BBE08BD3C320020B19807006EDF704788
:109900006FDF704772DF704773DF704774DF704737
:1099100075DF704776DF70477ADF70477CDF70470E
:109920007DDF70477FDF704786DF70478FDF7047CE
:1099300090DF7047A8DF7047AADF7047ADDF704740
:10994000AEDF7047AFDF7047B0DF7047B1DF704701
:10995000B5DF704762DF704766DF704713DF70471F
:109960007FB50023CDF80B308DF80F300A4BADF8E2
:1099700006109B89ADF8083001238DF80A300DF1EF
:109980000603CDE90430054B02A91888FFF7D8FF7C
:1099900007B05DF804FB00BF8E4200202A2B002098
:1099A00001460148FDF7A5BFBCD2070070B51822DB
:1099B0008CB00DEB0200002103F088F801238DF834
:1099C00018308DF82D30324B1B7828220892002B4E
:1099D0005CD0304B02AA03F110061546186859688E
:1099E000144603C40833B3422246F7D12A4C10224E
:1099F0002946204602F0A0FF002847D002238DF818
:109A00002C30012104F110036846CDE90034FFF742
:109A100075FF0122002101A8FFF772FF04231F4CEC
:109A200002941622A37003230926ADF80420E370E4
:109A300000225923CDE903220592012502226371F8
:109A400001A9FE23A019ADF80C6022706570227187
:109A5000A371FFF765FFB8B9BDF8043026725A1933
:109A6000E271BDF80C200E4C134402A906AA204650
:109A7000ADF80C30FFF746FF30B92078FFF746FF0E
:109A800020782946FFF740FF0CB070BD0623C6E7DB
:109A90000C43002080D10700D0420020A2420020C9
:109AA000282B00202DE9F0410388232B8AB004469F
:109AB00036D80F2B05D8012B00F0EB800AB0BDE89B
:109AC000F081103B132BF9D801A252F823F000BF0C
:109AD000519B07006D9B0700BD9A07003D9C070046
:109AE0008F9D0700BD9A0700BD9A0700BD9A070029
:109AF000BD9A0700BD9A0700E99D0700BD9A0700BF
:109B0000BD9A0700BD9A0700BD9A0700BD9A0700DD
:109B1000BD9A07006F9C0700BD9A07002D9C0700A7
:109B2000503B9AB2062AC9D8062BC7D801A252F8D0
:109B300023F000BF959B07009F9C0700E99D07004D
:109B4000BD9A0700BD9A0700ED9B07007F9C0700A8
:109B5000984B82881A80984A12681C460AB10120E4
:109B6000904796492088FFF7D3FEA7E7914B4FF621
:109B7000FF721A80924B1B685A0704D4FFF716FF36
:109B800008B1FEF7C6FC8C4B1B68002B96D0022058
:109B9000984793E78B4EE288B3889A428ED18A48E1
:109BA000FDF781FE0546002888D0228A04F11201C3
:109BB00002F0F2FE1822002104A802F087FF082319
:109BC0008DF81030814B0693814B0596CDE9073512
:109BD00004A8238AADF8243000F0FCFC00283FF4F0
:109BE0006DAF79482946FDF784FE67E7E188F629DD
:109BF0001AD8CB1E9B070DD0CB1F9BB2013B5A42FC
:109C000002F0030203F0030301F1FF3158BF534296
:109C1000C91A89B2674B1888FFF79AFE00283FF4EB
:109C20004DAFFEF776FC49E7F721F3E7002204A9E0
:109C30008088CDE90422FFF77BFEEFE700235D4C2F
:109C4000ADF812300223ADF81030208802AB04AA20
:109C500042F605210593FFF771FE08B1FEF759FCA6
:109C6000002320881A468521FFF75CFED6E70023F3
:109C700004A98088ADF81030FFF758FECEE7A3792D
:109C8000002B7FF41BAF4B4B13211888FFF742FECC
:109C9000C4E7484B00211888FFF75EFEBEE7A379B2
:109CA000002B3FF40BAF022B7FF408AF454920890E
:109CB0008A8990420E467FF401AFA27B012A7FF48D
:109CC000FDAE00220120CDE904228DF81600208A85
:109CD000384DADF81800608AADF81A0004F1140090
:109CE0000790ADF80A20098A28888DF8103001AF56
:109CF00002AAADF808300397FFF720FEA84660B926
:109D00003846FEF761FD40B940F2FD132888ADF8F2
:109D1000143004A9FFF718FED0E6002304A9B8F810
:109D20000000ADF81430FFF70FFE014600287FF465
:109D3000C5AE182204A802F0C9FE237D234A8DF87F
:109D40001030022B0596069218D0062B10D0012B4E
:109D500010D1204B1A88204B1A80637DD4F816202E
:109D60000893012B099205D11C4800F0EDFD01E09C
:109D7000637D089304A800F02DFC9FE6A27D637D1F
:109D800043EA0223134A1380134A1380F2E7144B69
:109D90001A7862B11349028ACB8D9A4201F104020A
:109DA00005D11C31A0880023FFF7BEFD36E7002156
:109DB000F8E700BF2A2B0020C8420020A6D10700E8
:109DC000C44200208E420020BCD20700BD9E070086
:109DD000A19907000E43002010430020B4D20700D1
:109DE0000C430020CC420020174B1B7833B3174B99
:109DF00017491C88082201232046FFF7A7FD0028E9
:109E00007FF40FAF0246014602232046FFF79EFD76
:109E100000287FF406AF0F4B4FF6FF7219882046DB
:109E2000FFF790FD43F2020398423FF447AE082843
:109E30003FF444AE11287FF4F1AE3FE6A0881A4605
:109E40001946FFF783FDE9E60C4300202A2B00208A
:109E5000044300208E42002038B5134A1368D90706
:109E600001D4002038BD11498842FAD01049088831
:109E70004FF6FF71884211D043F0040313211360A1
:109E8000FFF748FD0028EDD10A4DC82445F0010533
:109E90004FF47A40A847013CFAD1E2E7064B187824
:109EA000BDE83840FFF732BDC4420020B4D20700FD
:109EB0002A2B0020A0D10700282B002010B5044633
:109EC00086B000210D2202A8019102F0FFFD237847
:109ED000082B0BD1364A374913880988013B9BB2BE
:109EE0001380D9B1D3B9032311802370627823780A
:109EF0008DF805306021012A8DF804108DF80620B8
:109F00000ED00B2A12D100F0AFF98DF80700002017
:109F100000F0A4F9042101A8FFF722FD06B010BD4E
:109F2000062B05D0082B29D0032B27D00321F2E7DD
:109F3000E1688DF80710D4E90123080A8DF80800BC
:109F4000080C090E8DF80A10110A8DF80B208DF8F7
:109F50000C10110C120E8DF80E201A0A8DF80F300D
:109F60008DF810201A0C1B0E8DF80D108DF80900BD
:109F70008DF811208DF812300F21CCE7D4E90123A0
:109F8000110A8DF807208DF80810110C120E8DF8AB
:109F90000A201A0A8DF80B308DF80C201A0C1B0EB3
:109FA0008DF809108DF80D208DF80E300B21B2E7D9
:109FB000104300200E4300202DE9F0414D4B94B09A
:109FC00005464FF6FF721A8001204FF659632A4664
:109FD00002A98DF80A00ADF80830FFF7ABFC044683
:109FE000002840F08380444B04AA03F11007164672
:109FF00018685968144603C40833BB422246F7D197
:10A00000A91C3046FFF7A6FC044600286ED11C228E
:10A0100001460DA802F05AFD04F0F8029DF8343014
:10A02000ADF8044042F003028DF80620F42243F01C
:10A030000403CDE90A44ADF82C20304A8DF83430C1
:10A040000223ADF80C3092F80080AB788DF80E301A
:10A0500001AE212303AFCDE908768DF805300C94CD
:10A06000B8F1000F04D1012262F307138DF8053017
:10A070002B4608AA33F8040B0DA9FFF75DFC044634
:10A08000A0BB01461C220DA802F020FD9DF8343033
:10A09000ADF8044023F0180343F0180304F0E8027D
:10A0A00042F013028DF83430AB788DF80E30012178
:10A0B00021238DF806201722CDE90A44CDE9087640
:10A0C000ADF80C108DF805300C94ADF82C20B8F1DB
:10A0D000000F03D161F307138DF805302B4608AA52
:10A0E00033F80C0B0DA9FFF727FC0446204614B0EB
:10A0F000BDE8F0812A2B002090D107000C430020FE
:10A1000073B5354D2B6813F0010403D000242046AD
:10A1100002B070BD314E30603148FDF7ADFB0194A7
:10A1200000F0BDF804460028F1D12E48FFF716FCD8
:10A1300004460028EBD101F059FA04460028E6D184
:10A1400001A801F021FB04460028E0D101A901206B
:10A1500001F024FB04460028D9D101A801F082FBBC
:10A1600004460028D3D100F093FB1F4B002830D0C9
:10A170001E4A126A012A2CD11D481A7000F07CFB7D
:10A1800011231C488DF8043002F0FAFC194982B200
:10A1900001A8FFF7C3FB04460028B8D11648FFF713
:10A1A000BBFB04460028B2D11448FFF705FF044664
:10A1B0000028ACD1FFF7FAFB04460028A7D12B6892
:10A1C00043F001032B603368002B9FD00920984790
:10A1D0009DE700221A70D3E7C4420020C842002045
:10A1E000BCD20700007007000C430020CC4E0020BA
:10A1F000CC42002078D10700A6D107008E42002073
:10A2000043690BB1C06818477047000010B4054996
:10A21000054C0022904218BF214604485DF8044BCB
:10A22000FDF781BBC0CD0700ECCD0700A02B0020BF
:10A2300007B5009313460A4601460348FDF777FB2E
:10A2400003B05DF804FB00BFA02B002013460A46B4
:10A2500001460148FDF772BBA02B0020014B18708E
:10A260000B20704712430020024B002218781A700E
:10A27000704700BF1243002018DF704730B585B02B
:10A28000054610220C466846002102F01FFCA40877
:10A29000684601950294FFF7EFFF05B030BD1FB58A
:10A2A0000023CDE901330393684602230093FFF7AF
:10A2B000E3FF05B05DF804FB4FF000534FF480520C
:10A2C0001A60002070470000014B06201B681847E9
:10A2D0001C4300200A2803D90B38C0B2FFF7BEBFC9
:10A2E0007047000010B5044686B00020FDF72EFB35
:10A2F000014630B1164A18212046FDF709F906B08B
:10A3000010BD1822684602F0E1FB0423114A8DF8C3
:10A310000030114B116D1B68994211D10F4B186819
:10A3200000F0F4FF8DF80100FFF7D4FFD4E901132A
:10A330008DF8010068469847094800F061FADEE7A9
:10A3400001238DF801306846D4E901139847D6E718
:10A35000E5A20700CC4E0020144300201843002043
:10A36000C9A20700F0B5044687B01822002168464C
:10A3700002F0ACFB22788DF8002001238DF801302B
:10A38000531E0B2B00F20C81DFE813F01100330099
:10A39000110011000A0111000A0111000A010A014D
:10A3A0000A010C007F4B1B680720984721E0062A12
:10A3B0007D4901D0012A01D122690A700A78012A57
:10A3C00004D0022A51D000230B7094E0072B10D840
:10A3D000DFE803F0040F452F0F420F1C714B0320E1
:10A3E0001B689847606900F06BFDFFF773FF8DF8FD
:10A3F0000100D4E90113684698479DF80130012B0C
:10A4000000F0C380674B05201B68BDE0A18A20696E
:10A4100000F06EFDFFF75EFF644B8DF80100DA6B14
:10A420001B6C0293E3680192002BE2D020699847ED
:10A43000DFE75F495F4800F0A7FDFFF74BFF01280A
:10A440008DF80100D5D1002000F0DAF90028D0D035
:10A450000A238DF80130CCE74FF400730393534B7C
:10A46000DA6B1B6C01920293C3E7072BC1D801A2E0
:10A4700052F823F095A40700F3A3070059A507009D
:10A4800065A50700F3A307008FA50700F3A3070046
:10A49000FBA4070000F04CFD08B90823D9E7626966
:10A4A0000AB90323D5E7C2F30B0333B13F4B40494D
:10A4B0005B6D096813448B42F3D1B2F5805F01D91B
:10A4C0000423C6E7394B3A49586D096815188D427F
:10A4D000E3D85A64DA6C9A6418651863354B61697D
:10A4E0001B6801F6FF710022090B1844FFF7AEFE4E
:10A4F00000283FF47EAF0523ABE700F019FD0028EC
:10A50000CBD02A4DA18AD5E914329B1A6A6C0B4430
:10A510009342C6D8274B2F6B1B68206905F1480270
:10A520001F44FDF7C5F8E368A28A2169064638464C
:10A53000FFF77EFE08B1E36878E7A28A2B6B13442D
:10A540002B63A38A2A6DAE641344CDE901362B65D3
:10A55000144B08201B6828E7144B9A6C1B6D029261
:10A56000019346E7114BD3E91402596C821A8A42CF
:10A5700093D19A6C5865002120465964DA64FFF73C
:10A58000B1FE084B1B680420984707B0F0BD074B8D
:10A590009A6C1B6D01934FF480530292039328E74A
:10A5A000022356E71C4300202C2B0020CC4E002019
:10A5B0001443002018430020044B054A186D6423FF
:10A5C00043431068B3FBF0F0704700BFCC4E00204F
:10A5D0001443002083681BB1024A1821FCF798BF7E
:10A5E0000720704765A3070038B50546C0B10120B4
:10A5F000FFF70CFE044648B900F054FC00F098FC4C
:10A6000030B9084B00201D60FFF728FE204638BDFA
:10A610000549064800F0B8FC0128F2D00324F5E70C
:10A620000724F3E71C4300201443002018430020B4
:10A630002DE9F04115464FF46072064688461F46E4
:10A6400002F07AF928B915B90020BDE8F081A847D1
:10A65000FAE7002201213046FFF7F8FD70B94FF408
:10A6600060724146384602F097F92B464FF460720B
:10A6700039463046FFF7DCFD0028E5D00320E4E74B
:10A680002DE9F0413D4C236801335CD00022582174
:10A69000201DFDF70DF8D4F80080A8EB0002D2F1E0
:10A6A000000848EB0208364D364E2F683B680133F0
:10A6B0005ED000225821381DFCF7FAFF3B68834228
:10A6C00044D17C68012C0AD00022C32107F5187000
:10A6D000FCF7EEFFD7F85C42231A5C425C41B8F10C
:10A6E000000F35D0254927484FF4607202F054F925
:10A6F00064B1296824485422043102F04DF92968D4
:10A7000022484FF432725C3102F046F97468012C31
:10A710002CD11F49402201F5E47002F03DF91D499A
:10A720001C2201F5E47002F037F91B4986F8A142BA
:10A730000023042201F2862086F8603286F8E23295
:10A7400002F02AF910E04FF00008ACE70024C6E759
:10A7500024B129680B484FF46072D5E709484FF4DB
:10A760006072002102F0B2F902237360BDE8F0814B
:10A77000B8F1000FF2D00024B4E700BF00F00700EA
:10A78000302B0020CC4E0020D04E0020284F00203F
:10A790002850002068500020E84E002070B50D4C75
:10A7A0000546002258212046FCF782FF002244F88B
:10A7B000040CC32104F51770FCF77AFF261FC4F8B8
:10A7C00058022A463146044B0448BDE87040FFF762
:10A7D0002FBF00BFD04E00202043002000F0070014
:10A7E00002460248024B0068FFF722BF302B0020D0
:10A7F000A04600200149FFF7F3BF00BF00F00700AB
:10A8000038B505460020FFF7C9FF044618B90349CB
:10A810002846FFF7E5FF204638BD00BFCC4E00209C
:10A8200010B5FFF7F3FC044628B9FFF729FF2046CF
:10A83000FFF7E6FF00B1032010BD29DF70470000DD
:10A8400038B50C4D0446D5F8243378B101330FD117
:10A8500000223C210430FCF72BFF2060214605F547
:10A8600049701022BDE83840FFF7E7BF0E2038BD21
:10A870000820FCE700F0070008B528B10349402292
:10A8800002F08AF8002008BD0E20FCE724F3070040
:10A8900010B5064C00223C212046FCF709FF54F875
:10A8A000043C1B1A5842584110BD00BF28F3070052
:10A8B00038B50C4D0446D5F8643378B101330FD167
:10A8C000002218210430FCF7F3FE2060214605F534
:10A8D00059700722BDE83840FFF7AFBF0E2038BDE2
:10A8E0000820FCE700F0070010B50A4CD4F8243328
:10A8F000D4F864231340013309D04FF4FE20FDF750
:10A9000011FCC92221464FF4FE20FDF739FC00203E
:10A9100010BD00BFCC4E0020F8B5094E094CA41B59
:10A920000746E4080025A54201D10020F8BD56F8ED
:10A930003530384698470028F8D10135F3E700BF95
:10A94000B4D20700BCD20700F8B5094E094CA41BCD
:10A950000746E40800250436A54201D10020F8BDD1
:10A9600056F83530384698470028F8D10135F3E7D6
:10A97000B4D20700BCD2070008B50C22002102F0B7
:10A98000A5F8024B00221A6308BD00BFCC4E002080
:10A9900043F204031A68084B9A4201BF43F20803CA
:10A9A000186800F6FF7020F47F600CBF20F00F00E5
:10A9B0004FF48050704700BFDBE5B15108B5FFF799
:10A9C000E7FF054B9B69184400F6FF7020F47F6099
:10A9D00020F00F0008BD00BFCC4E00204FF4805087
:10A9E000704700002DE9F74F0193244BDFF894B036
:10A9F0001B6ADFF894900093054616464FF0000856
:10AA000043F2040AB8F1010F5FFA88F714D0022F5D
:10AA10001FD0FFF7D3FF6EB1009B013B5C425C414E
:10AA2000A9EB0000A84200D3F9B1B4B1A8421CD2EE
:10AA300004201FE03446F3E7FFF7AAFF019B33B978
:10AA4000DAF80040B4EB0B0418BF0124E8E74446F1
:10AA5000E6E701244FF48050E2E708F10108B8F17D
:10AA6000030FCFD1A842E3D300E017B10448FFF7AA
:10AA700083FF002003B0BDE8F08F00BFCC4E002064
:10AA8000E44E0020DBE5B1510040070090F855206E
:10AA900012F0FB0F07D190F8643023B1836ECBB175
:10AAA0000B600120704712F0010303D090F856307C
:10AAB00003B1836D9207F2D590F85C20002AEED0A6
:10AAC000054A006EC2F5FC22904201D80344E6E735
:10AAD000042070470F2070470070070010B5084C25
:10AAE0004FF40072FF21204601F0F0FF20220021E8
:10AAF000A4F1240001F0EAFF002344F82C3C10BD2F
:10AB0000284F00202DE9F0475A495B48DFF888813B
:10AB1000DFF88891DFF888A1584C92B00C2201F040
:10AB20000BFF064600284CD15349382204A801F0F7
:10AB300033FF4FF447723146204688F80060C9F869
:10AB40000060CAF8006001F0C1FF079D012D58D1D7
:10AB50004FF48073A3803423636143F20C0384F8C1
:10AB60006C612570A5712572E560257425831B88AD
:10AB7000E361089B2367032384F87630099BA4F8DC
:10AB80005C5084F85E50266684F86450A66684F8AB
:10AB90006C5084F87450A4F8783020220AA904F18B
:10ABA0007A0001F0F9FEA4F89A50A4F89C5084F8B9
:10ABB0009E60A4F8A06088F800500834304B1C60F8
:10ABC00020E03049304E8A6B6F465C313846FEF7E4
:10ABD00027FB97E80F0086E80F0000212B4B88F831
:10ABE00000104FF447722046C9F80010CAF8001050
:10ABF000F36001F06BFF264922463046FEF7AFFDB9
:10AC000020B90025284612B0BDE8F08798F800501A
:10AC1000002DF6D094F86C3194F800801BB3B8F195
:10AC2000000FEED194F87231002BEAD0DAF8002050
:10AC3000D9F800103846FEF7F3FA97E80F0086E8D7
:10AC40000F004FF4B272414604F5BA7001F03EFFB6
:10AC5000104904F5BA723046FEF781FD0028D0D0C5
:10AC600004F5BA74AAE7B8F1000FCAD0A379002B93
:10AC7000A3D1C6E7AED10700284F0020504A0020DC
:10AC8000284E0020CC4E00206C4D0020A5AC0700C3
:10AC900008D1070054D007004C4A0020484A002041
:10ACA000444A002030B55B68DA680D4B9A4208D1FF
:10ACB0000C490A6812B90C4A14681CB10B4B0022EB
:10ACC0001A7030BDD0E90134181913F9015B002D59
:10ACD000A0EB0304F9DB0B601460044B0122EFE7E7
:10ACE00054D00700484A0020444A00204C4A002023
:10ACF00010B543F2040319491C688C4202462BD05C
:10AD000042F20403C358581A434243418C42184646
:10AD100021D142F20403D358A3421CD14FF4405333
:10AD200002F500511B780978142B81BF43F21403FC
:10AD30000B481B68B3FBF0F398BF0023142989BFAD
:10AD400042F2140100205058054A88BFB0FBF2F0CF
:10AD5000181A18BF012010BD0023D7E7DBE5B15159
:10AD600040420F0000B591B0FDF7F6FA6846084979
:10AD70002022FDF724FB6A46064907484023FDF7D9
:10AD800043FA064B01221A7011B05DF804FB00BFB4
:10AD900018CF07007C4D00200CCF0700204A002070
:10ADA000F0B5A3B007460D4614461E467822202370
:10ADB000002104A8029301F089FE00230393194B9C
:10ADC0001B780BB9FFF7CEFF2DB337BB02AB164F85
:10ADD00001931649289B0097324604A8FDF7A2FA72
:10ADE000E8B9402C1BD1124E22462946304601F0CC
:10ADF000D3FD20213046FDF7EEFACDE90064029B39
:10AE00000C493A4603A8FDF71BFA00280CBF0120A5
:10AE1000052023B0F0BD1320FBE71620F9E70A2038
:10AE2000F7E700BF204A0020C44D0020ACCF070048
:10AE3000E44D00207C4D0020F0B5ABB004460D463B
:10AE400016461F467822202300210CA8039301F008
:10AE50003DFE114B1B780BB9FFF784FF2FB1214644
:10AE6000202204A8FDF7A0FA04AC03AB0B4F01931A
:10AE70000B49009733462A460CA8FDF753FA48B908
:10AE800020222146384601F057FDB0FA80F04009F3
:10AE90002BB0F0BD0020FBE7204A0020214A002013
:10AEA000ACCF070008B5044B986B08B1FFF72AFE3A
:10AEB000024B187008BD00BFCC4E0020244E00206D
:10AEC00010B5044658B1B0F5007F0AD8064B0022F1
:10AED0001A70FFF703FE054B01209C6310BD032091
:10AEE000FCE70420FAE700BF244E0020CC4E0020EF
:10AEF00070B50E4C0646E06BA36B42189A420D46A5
:10AF000011D85C300A462044314601F045FDE36B20
:10AF100004F140022B4429463046E363FCF7C8FBAA
:10AF20002064012070BD0320FCE700BFCC4E002050
:10AF3000014B1878704700BF244E002013B50F4C0A
:10AF400094F86C31B3B10E4B1B6800930D4BB4F801
:10AF5000DA221B6894F8D80204F53771FFF720FF56
:10AF6000012809D104F5B874201D02B0BDE81040D5
:10AF700000F0D0B90434F7E702B010BD504A002009
:10AF8000444A0020484A00202DE9F843DFF8888031
:10AF9000D8E90E329A4206460D4637D1DFF87C904A
:10AFA00099F800704FB1FFF709FD1A4B3060294640
:10AFB0001868BDE8F843FFF769BDFFF7A3FD38B394
:10AFC000FFF7BCFF0128376004462F601BD1114BEF
:10AFD00029461868FFF75AFD0128044613D198F84E
:10AFE000A112B1FA81F103463A4628684909FFF7F0
:10AFF000F9FC38B9FFF7E2FC89F8004030602046E0
:10B00000BDE8F8830424FFF769FDF8E70824F6E7B4
:10B010000524F4E7284E0020CC4E0020244E0020CA
:10B0200010B490F86C305BB190F86E404CB1B0F851
:10B03000704034B15DF8044B01237230FFF7FCBE61
:10B04000012318465DF8044B704713B504460846C3
:10B0500023781146032B03D8DFE803F021050F18EE
:10B06000002002B010BD0022D4F80140FCF720FB04
:10B07000844214BF00200120F3E70A460023014662
:10B08000601C02B0BDE81040FFF7D6BE0091034639
:10B090004022611C0020FFF783FE0128E9E7012020
:10B0A000DFE700002DE9F041A2B004460D46164648
:10B0B000002178221F4604A8202303939DF8A08036
:10B0C00001F004FD41220021204601F0FFFCB5F80B
:10B0D00094300BB195F8968084F80080B8F1030F96
:10B0E0001ED8DFE808F00902111F00223946304659
:10B0F000FCF7DEFAC4F801003A4631462046FFF775
:10B10000A4FF22B0BDE8F08103AB0193631C009360
:10B1100008493B46324604A8FDF704F90028EBD065
:10B120000020EEE7B5F8982005F19A01601C01F0C7
:10B1300033FCE1E7ACCF07002DE9F0476D4B1D680C
:10B14000A4B004460F4690460A4601462846FFF73B
:10B1500067FF002800F0CC8095F855601EBB4FF0CB
:10B160000109CDF800903B462246294613A8FFF777
:10B1700099FF00287FD0B8F1000F6DD041225E48C2
:10B1800013A901F009FC5D4BC3F82C901E626A689C
:10B190009A60002239462046FCF78AFA574B01256F
:10B1A000C3E909709FE04122002102A801F08EFC52
:10B1B00006F001094122002113A806F0020601F061
:10B1C00085FCB9F1000F4BD042F20403E15803F1C2
:10B1D000A34303F5471303F2D75399424BD1D5F854
:10B1E00058A00AF5FF520AF6FF73C3F30B031F3290
:10B1F000D21A42F20803E35893423CD343F20403C9
:10B200001B688B4213D14FF440531B78102B8ABF1D
:10B2100043F2100300221A6804F500531B78102B28
:10B220008ABF42F210030023E3589A4223D12046FA
:10B23000FFF75EFD00B1F6B10123009322465346AD
:10B24000294602A8FFF72EFFA8B1AB6DE218FB1A42
:10B250004EB9B8F1000F18D1284B01255D6110E0FF
:10B260003B462246F4E70021009113A82946FFF748
:10B2700019FF0028EDD10525B8F1000F30D1FFF7F7
:10B280002DFC284624B0BDE8F087DFF87080B9F1C6
:10B29000000F21D02046FFF72BFD18B108F1180050
:10B2A000FFF76AFB1648412202A901F075FB002E48
:10B2B00014BFAC23A523C8F82C30AB6DC8F83430CC
:10B2C000002E3FF466AF0F48412213A901F064FB42
:10B2D0006B68C8F80C305CE7AA23C8F82C30EFE79D
:10B2E0000948FFF749FBFFF7F9FB044B9C64C8E7EB
:10B2F0001725C1E7284E00206D510020CC4E0020BC
:10B300002C510020AE510020F04E00200122FFF70A
:10B3100013BF0000F0B590F854200346002A51D026
:10B3200090F8550003284DD893F86E20032A47D192
:10B330001A7A002A46D0DA68342A45D143F2040149
:10B340001A8A0C6821498C422AD152B15969E9B153
:10B35000D2B2002103F1140543F20C06CCB2A24292
:10B3600001D8122011E055F821703488A74201F16C
:10B370000101F3D11A78FAB101285B68144A15D893
:10B380009068834234BF10200120F0BD10B9012A1B
:10B39000E7D8EFE7421E18BF0122002AEAD1E0E712
:10B3A00012B15A69002ADCD11A78F6E7D0688342D4
:10B3B0008CBF01201020E8E7012818BF0F20E4E728
:10B3C0001420E2E70F20E0E71120DEE7DBE5B151D2
:10B3D000CC4E002038B1054B0360054B4360012380
:10B3E0000372002070470E20704700BF61B4070051
:10B3F00015B4070038B1054B0360054B43600123CA
:10B400000372002070470E20704700BF91B4070000
:10B410003BB4070069B10B78022B0CD1022804D091
:10B42000032814BF08201120704703230B7000204D
:10B4300070470E2070470820704769B10B78022BC7
:10B440000CD1022804D0032814BF08201120704713
:10B4500003230B70002070470E20704708207047B0
:10B4600010B50C4681B10B78012B06D00ED9033BE9
:10B47000012B94BF0820112010BDFFF7E1F900282F
:10B48000FAD102232370F7E70E20F5E70820F3E74F
:10B4900010B50C4681B10B78012B06D00ED9033BB9
:10B4A000012B94BF0820112010BDFFF701FA0028DE
:10B4B000FAD102232370F7E70E20F5E70820F3E71F
:10B4C00070B5144B144A0C21D21AB2FBF1F2816907
:10B4D00011F8025C044635B900690021914205D19A
:10B4E000012323600EE04FF0FF30F6E71E68AE4206
:10B4F0000CD1461C07D19D68D4E90001D4E9022390
:10B50000A847206070BD5E688642F4D001310C33DC
:10B51000E4E700BFD0D20700E8D207001EF0040F16
:10B520000CBFEFF30880EFF30980FFF7C9BF00BF3E
:10B5300010DF704711DF704713B5044609496846AC
:10B54000FCF72CFC019808B902B010BDD0E900212D
:10B550002046904718B16846FCF729FCF2E7112015
:10B56000F2E700BFC0D1070013B50446074968469B
:10B57000FCF714FC019B0BB902B010BD2046D3E9C7
:10B58000002190476846FCF712FCF3E7D8D107008A
:10B59000064B9A6822B11A6822F480021A6070473A
:10B5A000034B4FF48002C3F880207047C04E002048
:10B5B00000E100E00B4991F816335A09EC231341DE
:10B5C000DB0706D5084B9A683AB94FF480030B6045
:10B5D000704742F20200FCF79CBF1A6842F48002F6
:10B5E0001A60704700E100E0C04E0020F7B5194F27
:10B5F0003C7864BB184E012520463570FFF79CFF50
:10B60000112821D02046FFF7AFFF144B8DF80340DF
:10B61000186801900DF10300FCF710F8104901A81B
:10B62000FFF786FF0446B0FA80F0400938709DF8B5
:10B630000300FCF727F83CB90A4B34701C70FFF785
:10B64000B9FF2846FFF790FF204603B0F0BD08245D
:10B65000FAE700BF2D4E00202C4E0020BBD1070082
:10B660000D8507002E4E0020F7B5154F3B781BB314
:10B67000144E01203070FFF75FFF11284FF00005D6
:10B680001CD00220FFF770FF0DF107008DF8075066
:10B69000FBF7D4FFFFF74EFF04469DF807003D700F
:10B6A000FBF7F0FF2CB93470FFF772FF0320FFF7B0
:10B6B0005BFF204603B0F0BD0824FAE72C46F8E70C
:10B6C0002D4E00202C4E0020054B1B7833B1054B2E
:10B6D0001B780BB1FFF7C8BFFFF788BF0820704782
:10B6E0002C4E00202D4E0020014B1878704700BFD3
:10B6F0002D4E002007B508496846FCF74FFB019B1B
:10B7000013B903B05DF804FBD3E900209047684605
:10B71000FCF74DFBF3E700BFCCD10700FFF7EABF12
:10B7200060DF704769DF704761DF704730B5114DEA
:10B73000ADF5017D4FF4FA740DF1020103A8ADF8E7
:10B740000240FFF7F1FF70B9294601A8FCF726FB7C
:10B75000029B002BF0D003A8D3E90021904701A859
:10B76000FCF725FBF4E7052801D0FCF7D2FE0DF528
:10B77000017D30BDE4D10700024B1B780BB1FFF710
:10B78000D5BF70472F4E002018B1034B0360002037
:10B7900070470E20704700BFE82A00207FB506469C
:10B7A0000C46002959D02E4B0B600C22002101A819
:10B7B00001F08CF9012506232268ADF8083001A9B3
:10B7C00020208DF804608DF80650FFF7ABFF0C22A7
:10B7D000002101A801F07AF922688DF8055001A92D
:10B7E0004020FFF79FFF0C22002101A801F06EF915
:10B7F000F7232268ADF8063001A923208DF80460F4
:10B80000FFF790FF0C22002101A801F05FF92268E8
:10B810008DF8045001A92846FFF784FF0C2200216F
:10B8200001A801F053F94FF4B0632268019301A914
:10B83000A120FFF777FF0C22002101A801F046F9B3
:10B840009DF8043022682B4301A9A0208DF8043014
:10B85000FFF768FF002004B070BD0E20FBE700BFBB
:10B86000E82A002008B5FFF75BFF10B9014B012261
:10B870001A7008BD2F4E00204BDF70471FB50D4CCE
:10B8800001A8FFF7F9FF70B9214602A8FCF786FA74
:10B89000039B002BF4D00198D3E90021904702A824
:10B8A000FCF785FAF4E7052801D0FCF732FE04B076
:10B8B00010BD00BFF0D107008B1802448B4200D1AD
:10B8C000704713F8010D02F8010DF7E700000000C2
:10B8D000C3F10803DB0070B501330446002003A563
:10B8E0005B1920C940CAAD1920C4184720C940CAF5
:10B8F000754120C420C940CA754120C420C940CA2E
:10B90000754120C420C940CA754120C420C940CA1D
:10B91000754120C420C940CA754120C420C940CA0D
:10B92000754120C4404170BD0000000000000000CF
:10B93000C3F10803DB0070B50133002403A500BF89
:10B940005B1920C940CAAD1B20C0184720C940CA96
:10B95000B54120C020C940CAB54120C020C940CA55
:10B96000B54120C020C940CAB54120C020C940CA45
:10B97000B54120C020C940CAB54120C020C940CA35
:10B98000B54120C06441B4FA84F0400970BD00BFE5
:10B990002DE9F04F08B4F8CA04B451F8042BA3FB06
:10B9A000028940F8048B4FF0000AE4FB629A4FF0E2
:10B9B000000BE5FB62AB4FF0000CE6FB62BC4FF006
:10B9C000000EE7FB62CE51F8042B4FF00008E3FBBA
:10B9D000628940F8048BE4FB629AE5FB62ABE6FB0C
:10B9E00062BCE7FB62CE51F8042B4FF00008E3FB8A
:10B9F000628940F8048BE4FB629AE5FB62ABE6FBEC
:10BA000062BCE7FB62CE51F8042B4FF00008E3FB69
:10BA1000628940F8048BE4FB629AE5FB62ABE6FBCB
:10BA200062BCE7FB62CE51F8042B4FF00008E3FB49
:10BA3000628940F8048BE4FB629AE5FB62ABE6FBAB
:10BA400062BCE7FB62CE40F8049B40F804AB40F8D0
:10BA500004BB40F804CB40F804EB0CBC052B00F011
:10BA60001E810C68A0F11400A1F11401A2F11402CE
:10BA700052F804EB4FF0000550F8046BE4FB6E56EF
:10BA800052F804EB50F8047BE4FB6E6752F804EBC9
:10BA900050F8048BE4FB6E7852F804EB50F8049BEA
:10BAA000E4FB6E8952F804EB50F804ABE4FB6E9AA9
:10BAB000A0F1140052F8044B51F804EB4FF0000CC5
:10BAC000E4FB6EC540F804CB51F804EBE4FB6E5682
:10BAD00040F8045B51F804EBE4FB6E6740F8046B3C
:10BAE00051F804EBE4FB6E7840F8047B51F804EB6A
:10BAF000E4FB6E8940F8048B51F804EBE4FB6E9A8A
:10BB0000A0E80006062B00F0CA800C68A0F118001F
:10BB1000A1F11801A2F1180252F804EB4FF0000550
:10BB200050F8046BE4FB6E5652F804EB50F8047BBB
:10BB3000E4FB6E6752F804EB50F8048BE4FB6E787C
:10BB400052F804EB50F8049BE4FB6E8952F804EBC6
:10BB500050F804ABE4FB6E9A52F804EB50F804BBC7
:10BB6000E4FB6EABA0F1180052F8044B51F804EB63
:10BB70004FF0000CE4FB6EC540F804CB51F804EB29
:10BB8000E4FB6E5640F8045B51F804EBE4FB6E678F
:10BB900040F8046B51F804EBE4FB6E7840F8047B4A
:10BBA00051F804EBE4FB6E8940F8048B51F804EB88
:10BBB000E4FB6E9A40F8049B51F804EBE4FB6EAB97
:10BBC000A0E8000C072B6AD008B40C68A0F11C0098
:10BBD000A1F11C01A2F11C0252F804EB4FF0000588
:10BBE00050F8046BE4FB6E5652F804EB50F8047BFB
:10BBF000E4FB6E6752F804EB50F8048BE4FB6E78BC
:10BC000052F804EB50F8049BE4FB6E8952F804EB05
:10BC100050F804ABE4FB6E9A52F804EB50F804BB06
:10BC2000E4FB6EAB52F804EB50F804CBE4FB6EBCC3
:10BC3000A0F11C0052F8044B51F804EB4FF0000344
:10BC4000E4FB6E3540F8043B51F804EBE4FB6E5620
:10BC500040F8045B51F804EBE4FB6E6740F8046BBA
:10BC600051F804EBE4FB6E7840F8047B51F804EBE8
:10BC7000E4FB6E8940F8048B51F804EBE4FB6E9A08
:10BC800040F8049B51F804EBE4FB6EAB40F804ABC6
:10BC900051F804EBE4FB6EBCA0E8001808BCBDE85A
:10BCA000F08F002310B51C465AB2914200DC10BD43
:10BCB00040F823400133F7E710B500231A465CB281
:10BCC000A14203DCB2FA82F0400910BD50F82340D3
:10BCD00001332243F3E74A11012350F8220001F017
:10BCE0001F0103FA01F108407047013910B549B24C
:10BCF000041D0A06CBB204D4013954F82120002ACD
:10BD0000F7D001335BB273B103F18042013A50F8CE
:10BD10002220002022B9013B00EB431318B210BDD2
:10BD200052080130F6E71846F9E710B500235CB277
:10BD3000A24200DC10BD51F8234040F823400133FB
:10BD4000F5E710B5013A52B2130601D5002010BD37
:10BD500050F8224051F822309C4205D802F1FF32BF
:10BD6000F2D24FF0FF30F2E70120F0E700EB810163
:10BD70000023884200D3704751F8042D43EA520350
:10BD80000B60D307F5E737B51D469DF918300193D1
:10BD90000446FFF79DFD019B38B91A462146284607
:10BDA000FFF7CFFF0128019B07D02A4621462046F6
:10BDB00003B0BDE83040FFF7BBBD03B030BD37B5C1
:10BDC0001D469DF9183001930446FFF7B1FD019B14
:10BDD00038B12A462146204603B0BDE83040FFF77F
:10BDE00077BD03B030BD2DE9F04FB5B004AC9DF97F
:10BDF000F8501E4680462B462046FFF7C9FD24AB6F
:10BE000029463046CDE90234FFF76FFFC0EB8510BD
:10BE100004B2002C2146B8BF04F11F01634241F374
:10BE2000471103F01F0314A804F01F0758BF5F4217
:10BE3000FFF737FF002F08B22BDD14AB002203EB16
:10BE40008001C7F1200E1346AB4217D36B0001935C
:10BE500014AB03EB85096F1E34AB012603EB870798
:10BE6000002C54DA34AB03EB86062A4656F8C81C7D
:10BE70004046FFF75AFF35B0BDE8F08F56F823C0B3
:10BE80000CFA07F0024341F8042B01332CFA0EF2AE
:10BE9000DAE714AB2A46314603EB8000FFF745FF93
:10BEA000D4E70FFA82FE5AF8C83C53F82EB034ABF0
:10BEB00003EB8202013052F8803C0B44BBEB0303DE
:10BEC00034BF012200229B4518BF11465CF8C82CE4
:10BED00042F82E30019B42B29A42E2DB731A5E4274
:10BEE000294614A85E41FFF741FF34AB03EB8503FD
:10BEF000294653F8802C57F8803C484643EAC273E1
:10BF0000013C47F8803C24B2FFF730FFA8E734AB90
:10BF10000020C6F1010C014603EB860A03EB8C0CF2
:10BF2000D8E730B51C4691B0054693F90030684615
:10BF3000FFF72EFDD4F8AC3069462846984711B07B
:10BF400030BD13460A46FFF7ECBF2DE9F04793F9E1
:10BF5000006092B0044689461046314615461F4699
:10BF6000FFF7AAFE002840F091803A46494602A811
:10BF7000FFF7E7FF3B4602AA21460AA8FFF7D1FFD9
:10BF800002A908463A46FFF7DCFF3B462A464946E7
:10BF90004846FFF7C6FF07F104083A4629462846F7
:10BFA000FFF7CFFF43462A46214620460096FFF77B
:10BFB000EAFE43462A46294628460096FFF7E3FE56
:10BFC00043462A46214628460096FFF7F8FE3B46A0
:10BFD0002A4621462046FFF7A4FF43462246214633
:10BFE00028460096FFF7CFFE434600962A46214694
:10BFF0002046FFF7C8FE2368DB074AD53346424692
:10C0000021462046FFF764FC314682462046FFF772
:10C01000ADFE06F18043013B54F8232042EACA7288
:10C0200044F823203A4621462846FFF78AFF434634
:10C030000AAA294628460096FFF7C1FE43460AAAE7
:10C04000294628460096FFF7BAFE0AA90846434645
:10C050002A460096FFF7B3FE3B460AAA2146204631
:10C06000FFF75FFF02AA4346104621460096FFF7FE
:10C07000A6FE324629462046FFF757FE4946284687
:10C08000FFF753FE02A94846FFF74FFE12B0BDE886
:10C09000F08731462046FFF769FEC3E72DE9F041FE
:10C0A00015468AB004460E461C22002103A800F063
:10C0B0000DFD2F1D95F9008003232A4631462046A9
:10C0C0000293FFF73EFF3B4602AA21462046CDF8E9
:10C0D0000080FFF774FE2B46324621462046FFF7CC
:10C0E00020FFCDF800803B4605F184022146204622
:10C0F000FFF749FE0AB0BDE8F08100002DE9F042EB
:10C10000082288B00C468146FFF70FFECB6A0393E6
:10C110000B6B04934B6B05938B6B0693CB6B079365
:10C12000002708236A4669466846CDE901770097EB
:10C13000FFF7CEFB082305466A4649464846FFF707
:10C14000C7FB236B0393636B0493A36B0593E36BB0
:10C150000544CDE906376A46082369466846FFF775
:10C16000B7FB082305446A4649464846FFF7B0FB3B
:10C17000236A0093636A0193A36A0293A36B0693F5
:10C18000E36B0793054408236A4649464846CDE9D0
:10C1900004770397FFF79CFB636A0093A36AA26B83
:10C1A0000193E36A02930492636BE26B0393CDE91C
:10C1B0000523236A07932E1808236A4649464846F2
:10C1C000FFF786FBE36A0093236B0193636B029393
:10C1D000236A0693A36A0793351808236A464946DB
:10C1E0004846CDE904770397FFF7A2FB236B009342
:10C1F000636B0193A36B0293E36B0393636A0693F0
:10C20000E36A07932E1A08236A4649464846CDE951
:10C210000477FFF78DFB636B0093A36B0193E36BD4
:10C220000293236A0393636A0493A36ACDE90537F3
:10C23000236B0793361A08236A4649464846FFF798
:10C2400077FBA36B0093E36BCDE90137636A03933C
:10C25000A36A0493E36ACDE90537636B0793361A43
:10C2600008236A4649464846FFF762FB361A0E4CD9
:10C270000FD436B9082249462046FFF762FD01284F
:10C280000FD00823224649464846FFF751FB361A8D
:10C29000EFE70823224649464846FFF719FB3618C0
:10C2A000F7D408B0BDE8F08200D2070070B514469C
:10C2B0008AB006460D461A46214602A80193FFF7AA
:10C2C00040FE019B02AA31463046FFF72AFE02A932
:10C2D000019B22460846FFF724FE019B02AA29463D
:10C2E0002846FFF71EFE0AB070BD2DE9F0478AB060
:10C2F0001446DDF848A055461F4615F9046B009614
:10C30000804689462B460246214602A8FFF757FD84
:10C3100002A952460846FFF714FE534602AA4146B8
:10C320004046FFF7FEFD534602AA21462046FFF78E
:10C33000F8FD2B464A46394638460096FFF73FFD42
:10C340005246394602A8FFF7FCFD02A92B46424699
:10C3500008460096FFF733FD02A92B462246084601
:10C360000096FFF72CFD2B464246214620460096BC
:10C37000FFF725FD5346224649464846FFF7D1FDC3
:10C380002B4602AA414620460096FFF718FD534669
:10C39000224639463846FFF7C4FD2B464A46394601
:10C3A00038460096FFF70BFD324602A92046FFF7FC
:10C3B000BCFC0AB0BDE8F0872DE9F0479846B3F918
:10C3C0000230894613F11F0148BF03F13E01DD1D14
:10C3D00048BF03F10E05EC104E11944275B228BF10
:10C3E000144629460746FFF75CFC22464946FFF7FC
:10C3F00063FAB8F90230B3EBC40F4FEAC40220D29B
:10C40000D21A07EB86010020C2F120068F420FD31B
:10C4100008F124082A4639464046FFF792FC0128D5
:10C420000FD02B4642463846BDE8F047FFF780BAAA
:10C4300051F8044D24FA02F303430B6004FA06F0AA
:10C44000E4E7BDE8F08770B5036813F00106054620
:10C45000144605D013460A460146FFF739FA064648
:10C4600021462846FFF782FC46B104F18042013A9A
:10C4700055F8223043F0004345F8223070BDF0B546
:10C480000F46A1B006461946384615461C46FFF72A
:10C4900013FC20B13046FFF704FC21B0F0BD22466A
:10C4A00039466846FFF741FC294608A8FFF73DFCDE
:10C4B00010A82146FFF7F5FB012318A81093FFF7FA
:10C4C000F0FB224608A96846FFF73BFC28B9224644
:10C4D00010A93046FFF729FCDFE7009BDA0709D4F3
:10C4E00021466846FFF742FC2246294610A8FFF77E
:10C4F000AAFFE6E7089BDB0707D4214608A8FFF759
:10C5000035FC2246294618A8F1E7002823461CDD01
:10C5100008AA69466846FFF70BFA21466846FFF706
:10C5200025FC224618A910A8FFF70BFC002805DA05
:10C5300010A923462A460846FFF7CAF910A9234640
:10C5400018AA0846FFF7F4F9CEE708A96A46084694
:10C55000FFF7EEF9214608A8FFF708FC224610A9CC
:10C5600018A8FFF7EEFB002805DA18A923462A468B
:10C570000846FFF7ADF918A9234610AA0846FFF7A9
:10C58000D7F9BEE700487047FCD107002DE9F04F0E
:10C590002DED028BEDB08946789E05901946B6F9CF
:10C5A000023096F9004013F11F0748BF03F13E0720
:10C5B00047F3471707F1FF3B24AB002543F82B5007
:10C5C0006CAB03EB8B0307EE902A4CA896F9012085
:10C5D00043F8805C43F8605CFFF76EF996F9012040
:10C5E00054A81144FFF768F921464CA8FFF764FBF3
:10C5F0008046002840F0428154A8FFF75DFB03907D
:10C60000002840F03D8106F1240A3A464CA95046E4
:10C61000FFF797FB012840F035813A4654A9504670
:10C62000FFF78FFB0128069040F02C811CAD3B46A4
:10C63000524654A92846FFF722FF0DF13008039B0C
:10C6400048F82B3017EE902A494640463346FFF70C
:10C65000B3FE4146404653462A460097FFF7C3FBC8
:10C660000DF5B87B53462A464CA914A80097FFF74E
:10C67000BAFB224658460599FFF757FBA3000793DC
:10C68000059B0BEB840903EB84014846FFF74DFB48
:10C6900006F14403194634A80493FFF746FB049BB4
:10C6A000A10059183CA8FFF740FB331D08EE903A53
:10C6B000594634AA28460094FFF781FB4B465A4658
:10C6C0003CA934A80096FFF710FE18EE902A2346E6
:10C6D00029462846FFF7D3FE2A46494658463346A0
:10C6E000FFF7E4FD039B0893049B0993059B3946E0
:10C6F0004046CDE90A3BFFF7F8FA3946834614A8CD
:10C70000FFF7F3FA5845B8BF58461FFA80FB0BF104
:10C71000FF3109B240460491FFF7DDFA0499B0F108
:10C72000000814A818BF4FF00108FFF7D4FA00283A
:10C7300014BF0220002048EA00080DF1200922461B
:10C7400059F8281024A8FFF7F0FA0DF1B009A3005A
:10C7500019444846FFF7E9FA21462846FFF7A1FAAF
:10C76000069B2B60ABF1020824AB08EE105A0FFABF
:10C7700088F80493B8F1000F2ADA18EE902A18EE20
:10C78000101A18EE100A2346FFF779FE18EE102A49
:10C79000049833464946FFF789FD04993A465046C6
:10C7A000FFF7CFFA012805D004993B4652460846C8
:10C7B000FFF7BEF8013C64B24CAA230653D5039B95
:10C7C000B3FA83F040096DB0BDEC028BBDE8F08F89
:10C7D000334618EE102A0498D6F8A4504946A847C4
:10C7E00041460CA8FFF777FA4146B0F1000B14A8B8
:10C7F00018BF4FF0010BFFF76EFA002814BF02209C
:10C8000000204BEA000B08AB53F82B1031B3224643
:10C8100034A8FFF78AFA079B3CA81944FFF785FA6A
:10C8200018EE102A33463CA934A8FFF73FFD18EE56
:10C83000903A0499009434AA44A8FFF7C0FA049AE5
:10C8400000964B463CA934A8FFF74FFD18EE101A8E
:10C8500018EE100A334644AAFFF763FB08F1FF38CD
:10C860000FFA88F886E7049B52F8241053F8243016
:10C870004B40039919430391013C9EE72846A2E7E8
:10C880004046A0E703989EE7002301461A46184653
:10C8900000F0E4B908B5074B044613B1002100F0DD
:10C8A0002DFA054B1868836A03B19847204600F0BB
:10C8B00073FA00BFFDCC0700ACD2070038B50A4CB4
:10C8C0000A4D641BA4100AD004F18043013B05EB20
:10C8D0008305013C55F804399847002CF9D1BDE88F
:10C8E000384000F061BA00BFA02B00209C2B002034
:10C8F00070B50D4E0D4D761BB61006D000240134D8
:10C9000055F8043B9847A642F9D1094E094D761BCC
:10C9100000F044FAB61006D00024013455F8043B68
:10C920009847A642F9D170BD982B0020982B002083
:10C930009C2B0020982B0020032A70B412D940EAC7
:10C940000105AD0704460B4620D11946204653F891
:10C95000045B54F8046BAE4218D1043A032A204613
:10C960001946F2D8541E72B103780A789A4208BF69
:10C97000241806D00CE010F8013F11F8012F934263
:10C9800006D1A042F7D1002070BC7047541EEBE7DF
:10C99000981A70BC704700BF844641EA000313F048
:10C9A00003036DD1403A41D351F8043B40F8043BB6
:10C9B00051F8043B40F8043B51F8043B40F8043B79
:10C9C00051F8043B40F8043B51F8043B40F8043B69
:10C9D00051F8043B40F8043B51F8043B40F8043B59
:10C9E00051F8043B40F8043B51F8043B40F8043B49
:10C9F00051F8043B40F8043B51F8043B40F8043B39
:10CA000051F8043B40F8043B51F8043B40F8043B28
:10CA100051F8043B40F8043B51F8043B40F8043B18
:10CA200051F8043B40F8043B403ABDD2303211D3B8
:10CA300051F8043B40F8043B51F8043B40F8043BF8
:10CA400051F8043B40F8043B51F8043B40F8043BE8
:10CA5000103AEDD20C3205D351F8043B40F8043BB8
:10CA6000043AF9D2043208D0D2071CBF11F8013BB6
:10CA700000F8013B01D30B8803806046704700BF7C
:10CA8000082A13D38B078DD010F003038AD0C3F18B
:10CA90000403D21ADB071CBF11F8013B00F8013B6D
:10CAA00080D331F8023B20F8023B7BE7043AD9D32C
:10CAB000013A11F8013B00F8013BF9D20B78037001
:10CAC0004B7843708B78837060467047F0B486076C
:10CAD00046D0541E002A3CD0CAB2034602E014F1EC
:10CAE000FF3436D303F8012B9D07F8D1032C29D945
:10CAF000CDB245EA05250F2C45EA054533D9A4F109
:10CB00001006360903F1200707EB061703F11002A0
:10CB100042E9045542E902551032BA42F8D1721C7A
:10CB200014F00C0F03EB021204F00F0613D0331FA6
:10CB300023F003030433134442F8045B9342FBD114
:10CB400006F003042CB1C9B21C4403F8011B9C423B
:10CB5000FBD1F0BC704734461346002CF3D1F8E704
:10CB600014460346C2E71A462646E0E700000000E6
:10CB700000000000000000000000000000000000B5
:10CB800090F800F06DE9024520F007016FF0000C0D
:10CB900010F0070491F820F040F049804FF00004B5
:10CBA0006FF00700D1E9002391F840F000F1080090
:10CBB00082FA4CF2A4FA8CF283FA4CF3A2FA8CF3C8
:10CBC0004BBBD1E9022382FA4CF200F10800A4FA2F
:10CBD0008CF283FA4CF3A2FA8CF3E3B9D1E9042383
:10CBE00082FA4CF200F10800A4FA8CF283FA4CF3BA
:10CBF000A2FA8CF37BB9D1E9062301F1200182FA74
:10CC00004CF200F10800A4FA8CF283FA4CF3A2FA79
:10CC10008CF3002BC6D0002A04BF04301A4612BA87
:10CC2000B2FA82F2FDE8024500EBD2007047D1E98A
:10CC3000002304F00305C4F100004FEAC50514F019
:10CC4000040F91F840F00CFA05F562EA05021CBFEA
:10CC500063EA050362464FF00004A9E72DE9F843B3
:10CC6000224C25680DB36C681F2C3BDC984691461E
:10CC70000F46064688B1D5F8880028B3D0F80031B1
:10CC800040F824900122A24000EB84011343022EBD
:10CC9000C0F80031C1F8808010D0A31C01346C6052
:10CCA00045F823700020BDE8F883114E114D256032
:10CCB000002ED8D03468C5F88840D4E7D0F80431C5
:10CCC0001A43C0F80421E8E70B4B5BB14FF48470C2
:10CCD000AFF3008030B100236C68C0E94033C5F881
:10CCE0008800CDE74FF0FF30DDE700BFBC4E0020ED
:10CCF00000000000304E0020000000002DE9F04F41
:10CD0000DFF8908083B0D8F8005001900F464FF0C4
:10CD1000010A8DB16C68D5F88860013C0CD405F12E
:10CD2000080B67B12EB106F1800353F82430BB42E3
:10CD300005D014F1FF34F4D203B0BDE8F08F6B6876
:10CD40005BF82420013BA34216BF00236C604BF824
:10CD50002430002AEDD0D5F80490B6B1D6F80011F1
:10CD60000AFA04F30B4210D0D6F8040156F8241046
:10CD700003420CD1019890476B68D8F800204B45CE
:10CD800001D1AA42D5D01546C3E79047F4E708463B
:10CD90009047F1E7BC4E0020FEE700BFF8B500BFAA
:10CDA000F8BC08BC9E467047F8B500BFF8BC08BC8C
:10CDB0009E467047001000000400000001000000C3
:10CDC00095790700B9790700C9790700397A070012
:10CDD000D9790700A1790700A5790700A97907008B
:10CDE000001000000400000001000000457B070067
:10CDF000257B0700157B07004D7D0700017D07009F
:10CE0000E77A0700EB7A0700F17A0700982F8A4249
:10CE100091443771CFFBC0B5A5DBB5E95BC256398C
:10CE2000F111F159A4823F92D55E1CAB98AA07D8A4
:10CE3000015B8312BE853124C37D0C55745DBE72C7
:10CE4000FEB1DE80A706DC9B74F19BC1C1699BE447
:10CE50008647BEEFC69DC10FCCA10C246F2CE92DD7
:10CE6000AA84744ADCA9B05CDA88F97652513E98FB
:10CE70006DC631A8C82703B0C77F59BFF30BE0C602
:10CE80004791A7D55163CA0667292914850AB72790
:10CE900038211B2EFC6D2C4D130D385354730A652D
:10CEA000BB0A6A762EC9C281852C7292A1E8BFA204
:10CEB0004B661AA8708B4BC2A3516CC719E892D16C
:10CEC000240699D685350EF470A06A1016C1A419EF
:10CED000086C371E4C774827B5BCB034B30C1C39EE
:10CEE0004AAAD84E4FCA9C5BF36F2E68EE828F74AD
:10CEF0006F63A5781478C8840802C78CFAFFBE90C7
:10CF0000EB6C50A4F7A3F9BEF27871C64800280074
:10CF10000020400085C50700DDAC843D1EBD6AFCD5
:10CF2000F19B4BD0C49DB1BE608F0D7ACA0083AA1D
:10CF3000B84899DE96F7E90C05200B441BE1104A2E
:10CF4000A3418950BAD2FDB74999C850A1D379AF4E
:10CF50008939544350D9C92D06150E1506110A04F6
:10CF60000A1104041F04041C0B1F251E15160F189C
:10CF7000131C0B1F251E15160F18130000000000B0
:10CF80000338FDD870470000F79207009B92070016
:10CF9000EB9707005D9807007D980700E191070077
:10CFA000A19107007F97070000000000A9980700E3
:10CFB000A398070083980700200000007800000075
:10CFC000000000000100010000000000010000005E
:10CFD0000000000002000500010000004200000007
:10CFE0000000000000000000000000000000000041
:10CFF00000000000010011000100FFFF010000001F
:10D0000000000000020017000200FEFF64010000A3
:10D0100054D00700000000000000000000000000E5
:10D0200000000000010001000000000001000000FD
:10D0300000000000020005000100000022000000C6
:10D0400000000000000000000000000000000000E0
:10D0500000000000010011000400FCFF04000000BB
:10D0600000000000020011000400FCFF04000000AA
:10D0700000000000030021000400FCFF0400100079
:10D0800000000000040011000100FFFF010000008B
:10D0900000000000050011000200FEFF0400000077
:10D0A00000000000060011000400FCFF0400000066
:10D0B00000000000070011000400FCFF0400000055
:10D0C00000000000080017000200FEFF240000001E
:10D0D00024D00700090010000100FFFF010000003C
:10D0E00004D107000A0027000200FEFF44000300ED
:10D0F000C4CF070000000000000000000000000096
:10D100000000000000000000010017000400FCFF08
:10D1100068010000F4CF0700020017000400FCFFC4
:10D12000AC01000038D10700000000000000000042
:10D1300000000000000000000100070000000000E7
:10D1400068010000F4CF07000200010000000000A9
:10D1500001000000000000000300050001000000C5
:10D16000420000000000000000000000000000007D
:10D170000000000000000000446675546172670002
:10D18000000000000000000000000000000000009F
:10D1900050EADA308883B89F604F15F30000C98EDB
:10D1A0000338FDD870470C000C00000058026D6970
:10D1B00063726F6269745F61707000001002010039
:10D1C00008D3070010D3070008000000F8D20700BA
:10D1D00008D3070008000000F0D20700F8D20700CB
:10D1E00008000000E8D20700F0D2070008000000A5
:10D1F00010D3070018D30700080000000820000122
:10D20000FFFFFFFFFFFFFFFFFFFFFFFF000000002A
:10D21000000000000000000001000000FFFFFFFF11
:10D22000512563FCC2CAB9F3849E17A7ADFAE6BCC8
:10D23000FFFFFFFFFFFFFFFF00000000FFFFFFFFFA
:10D2400096C298D84539A1F4A033EB2D817D0377A0
:10D25000F240A463E5E6BCF847422CE1F2D1176B3B
:10D26000F551BF376840B6CBCE5E316B5733CE2B0E
:10D27000169E0F7C4AEBE78E9B7F1AFEE242E34F3D
:10D280004B60D2273E3CCE3BF6B053CCB0061D657A
:10D29000BC86987655BDEBB3E7933AAAD835C65A03
:10D2A0004BBF07009DC00700FDC00700382B0020C2
:10D2B0000000000001A10700599E07004032002035
:10D2C0007C4200208D42002048320020F400000003
:10D2D0000000000003000000F5B30700000000009C
:10D2E00002000000D5B30700A59A07000000000067
:10D2F000C17C07000000000079B7070000000000B3
:10D300007DB8070000000000017B0700000000005E
:10D310001D7C070000000000709FFF7F01000000DF
:10D320000090D0030000000000000000000000009A
:10D3300000000000000000000000000000000000ED
:10D3400001000000000000000000000000000000DC
:10D3500002000000EC2A00200C2B0020FC2A0020F8
:10D36000FF00FFFF0100000000E00700382B002055
:10D3700000000000000000000000000000000000AD
:10D38000000000000000000000000000000000009D
:10D39000000000000000000000000000000000008D
:10D3A000000000000000000000000000000000007D
:10D3B000000000000000000000000000000000006D
:10D3C000000000000000000000000000000000005D
:10D3D00069720700417207000000000000000000B1
:0CD3E00001A2070000100000000008007F
:10E00000BE361649020000000000000000000000BB
:10E0100000000000000000001CD20000105EBCF8F0
:10E0200001000000000000000000000000000000EF
:10E0300000000000000000000000000000000000E0
:10E0400000000000000000000000000000000000D0
:10E0500000000000000000000000000000000000C0
:10E0600000000000000000000000000000000000B0
:10E0700000000000000000000000000000000000A0
:10E080000000000000000000000000000000000090
:10E090000000000000000000000000000000000080
:10E0A0000000000000000000000000000000000070
:10E0B0000000000000000000000000000000000060
:10E0C0000000000000000000000000000000000050
:10E0D0000000000000000000000000000000000040
:10E0E0000000000000000000000000000000000030
:10E0F0000000000000000000000000000000000020
:10E10000000000000000000000000000000000000F
:10E1100000000000000000000000000000000000FF
:10E1200000000000000000000000000000000000EF
:10E1300000000000000000000000000000000000DF
:10E1400000000000000000000000000000000000CF
:10E1500000000000000000000000000000000000BF
:10E1600000000000000000000000000000000000AF
:10E17000000000000000000000000000000000009F
:10E18000000000000000000000000000000000008F
:10E19000000000000000000000000000000000007F
:10E1A000000000000000000000000000000000006F
:10E1B000000000000000000000000000000000005F
:10E1C000000000000000000000000000000000004F
:10E1D000000000000000000000000000000000003F
:10E1E000000000000000000000000000000000002F
:10E1F000000000000000000000000000000000001F
:10E20000000000000000000000000000000000000E
:10E2100000000000000000000000000000000000FE
:10E2200000000000000000000000000000000000EE
:10E2300000000000000000000000000000000000DE
:10E2400000000000000000000000000000000000CE
:10E25000000000000000000000000000A21BDAAC7B
:10E2600000000000000000000000000000000000AE
:10E27000000000000000000000000000000000009E
:10E28000000000000000000000000000000000008E
:10E29000000000000000000000000000000000007E
:10E2A000000000000000000000000000000000006E
:10E2B000000000000000000000000000000000005E
:10E2C000000000000000000000000000000000004E
:10E2D000000000000000000000000000000000003E
:10E2E000000000000000000000000000000000002E
:10E2F000000000000000000000000000000000001E
:10E30000000000000000000000000000000000000D
:10E3100000000000000000000000000000000000FD
:10E3200000000000000000000000000000000000ED
:10E3300000000000000000000000000000000000DD
:10E3400000000000000000000000000000000000CD
:10E3500000000000000000000000000000000000BD
:10E3600000000000000000000000000000000000AD
:10E37000000000000000000000000000000000009D
:10E38000000000000000000000000000000000008D
:10E39000000000000000000000000000000000007D
:10E3A000000000000000000000000000000000006D
:10E3B000000000000000000000000000000000005D
:10E3C000000000000000000000000000000000004D
:10E3D000000000000000000000000000000000003D
:10E3E000000000000000000000000000000000002D
:10E3F000000000000000000000000000000000001D
:10E40000000000000000000000000000000000000C
:10E4100000000000000000000000000000000000FC
:10E4200000000000000000000000000000000000EC
:10E4300000000000000000000000000000000000DC
:10E4400000000000000000000000000000000000CC
:10E4500000000000000000000000000000000000BC
:10E4600000000000000000000000000000000000AC
:10E47000000000000000000000000000000000009C
:10E48000000000000000000000000000000000008C
:10E49000000000000000000000000000000000007C
:10E4A000000000000000000000000000000000006C
:10E4B000000000000000000000000000000000005C
:10E4C000000000000000000000000000000000004C
:10E4D000000000000000000000000000000000003C
:10E4E000000000000000000000000000000000002C
:10E4F000000000000000000000000000000000001C
:10E50000000000000000000000000000000000000B
:10E5100000000000000000000000000000000000FB
:10E5200000000000000000000000000000000000EB
:10E5300000000000000000000000000000000000DB
:10E5400000000000000000000000000000000000CB
:10E5500000000000000000000000000000000000BB
:10E5600000000000000000000000000000000000AB
:10E57000000000000000000000000000000000009B
:10E58000000000000000000000000000000000008B
:10E59000000000000000000000000000000000007B
:10E5A000000000000000000000000000000000006B
:10E5B000000000000000000000000000000000005B
:10E5C000000000000000000000000000000000004B
:10E5D000000000000000000000000000000000003B
:10E5E000000000000000000000000000000000002B
:10E5F000000000000000000000000000000000001B
:10E60000000000000000000000000000000000000A
:10E6100000000000000000000000000000000000FA
:10E6200000000000000000000000000000000000EA
:10E6300000000000000000000000000000000000DA
:10E6400000000000000000000000000000000000CA
:10E6500000000000000000000000000000000000BA
:10E6600000000000000000000000000000000000AA
:10E67000000000000000000000000000000000009A
:10E68000000000000000000000000000000000008A
:10E69000000000000000000000000000000000007A
:10E6A000000000000000000000000000000000006A
:10E6B000000000000000000000000000000000005A
:10E6C000000000000000000000000000000000004A
:10E6D000000000000000000000000000000000003A
:10E6E000000000000000000000000000000000002A
:10E6F000000000000000000000000000000000001A
:10E700000000000000000000000000000000000009
:10E7100000000000000000000000000000000000F9
:10E7200000000000000000000000000000000000E9
:10E7300000000000000000000000000000000000D9
:10E7400000000000000000000000000000000000C9
:10E7500000000000000000000000000000000000B9
:10E7600000000000000000000000000000000000A9
:10E770000000000000000000000000000000000099
:10E780000000000000000000000000000000000089
:10E790000000000000000000000000000000000079
:10E7A0000000000000000000000000000000000069
:10E7B0000000000000000000000000000000000059
:10E7C0000000000000000000000000000000000049
:10E7D0000000000000000000000000000000000039
:10E7E0000000000000000000000000000000000029
:10E7F0000000000000000000000000000000000019
:10E800000000000000000000000000000000000008
:10E8100000000000000000000000000000000000F8
:10E8200000000000000000000000000000000000E8
:10E8300000000000000000000000000000000000D8
:10E8400000000000000000000000000000000000C8
:10E8500000000000000000000000000000000000B8
:10E8600000000000000000000000000000000000A8
:10E870000000000000000000000000000000000098
:10E880000000000000000000000000000000000088
:10E890000000000000000000000000000000000078
:10E8A0000000000000000000000000000000000068
:10E8B0000000000000000000000000000000000058
:10E8C0000000000000000000000000000000000048
:10E8D0000000000000000000000000000000000038
:10E8E0000000000000000000000000000000000028
:10E8F0000000000000000000000000000000000018
:10E900000000000000000000000000000000000007
:10E9100000000000000000000000000000000000F7
:10E9200000000000000000000000000000000000E7
:10E9300000000000000000000000000000000000D7
:10E9400000000000000000000000000000000000C7
:10E9500000000000000000000000000000000000B7
:10E9600000000000000000000000000000000000A7
:10E970000000000000000000000000000000000097
:10E980000000000000000000000000000000000087
:10E990000000000000000000000000000000000077
:10E9A0000000000000000000000000000000000067
:10E9B0000000000000000000000000000000000057
:10E9C0000000000000000000000000000000000047
:10E9D0000000000000000000000000000000000037
:10E9E0000000000000000000000000000000000027
:10E9F0000000000000000000000000000000000017
:10EA00000000000000000000000000000000000006
:10EA100000000000000000000000000000000000F6
:10EA200000000000000000000000000000000000E6
:10EA300000000000000000000000000000000000D6
:10EA400000000000000000000000000000000000C6
:10EA500000000000000000000000000000000000B6
:10EA600000000000000000000000000000000000A6
:10EA70000000000000000000000000000000000096
:10EA80000000000000000000000000000000000086
:10EA90000000000000000000000000000000000076
:10EAA0000000000000000000000000000000000066
:10EAB0000000000000000000000000000000000056
:10EAC0000000000000000000000000000000000046
:10EAD0000000000000000000000000000000000036
:10EAE0000000000000000000000000000000000026
:10EAF0000000000000000000000000000000000016
:10EB00000000000000000000000000000000000005
:10EB100000000000000000000000000000000000F5
:10EB200000000000000000000000000000000000E5
:10EB300000000000000000000000000000000000D5
:10EB400000000000000000000000000000000000C5
:10EB500000000000000000000000000000000000B5
:10EB600000000000000000000000000000000000A5
:10EB70000000000000000000000000000000000095
:10EB80000000000000000000000000000000000085
:10EB90000000000000000000000000000000000075
:10EBA0000000000000000000000000000000000065
:10EBB0000000000000000000000000000000000055
:10EBC0000000000000000000000000000000000045
:10EBD0000000000000000000000000000000000035
:10EBE0000000000000000000000000000000000025
:10EBF0000000000000000000000000000000000015
:10EC00000000000000000000000000000000000004
:10EC100000000000000000000000000000000000F4
:10EC200000000000000000000000000000000000E4
:10EC300000000000000000000000000000000000D4
:10EC400000000000000000000000000000000000C4
:10EC500000000000000000000000000000000000B4
:10EC600000000000000000000000000000000000A4
:10EC70000000000000000000000000000000000094
:10EC80000000000000000000000000000000000084
:10EC90000000000000000000000000000000000074
:10ECA0000000000000000000000000000000000064
:10ECB0000000000000000000000000000000000054
:10ECC0000000000000000000000000000000000044
:10ECD0000000000000000000000000000000000034
:10ECE0000000000000000000000000000000000024
:10ECF0000000000000000000000000000000000014
:10ED00000000000000000000000000000000000003
:10ED100000000000000000000000000000000000F3
:10ED200000000000000000000000000000000000E3
:10ED300000000000000000000000000000000000D3
:10ED400000000000000000000000000000000000C3
:10ED500000000000000000000000000000000000B3
:10ED600000000000000000000000000000000000A3
:10ED70000000000000000000000000000000000093
:10ED80000000000000000000000000000000000083
:10ED90000000000000000000000000000000000073
:10EDA0000000000000000000000000000000000063
:10EDB0000000000000000000000000000000000053
:10EDC0000000000000000000000000000000000043
:10EDD0000000000000000000000000000000000033
:10EDE0000000000000000000000000000000000023
:10EDF0000000000000000000000000000000000013
:10EE00000000000000000000000000000000000002
:10EE100000000000000000000000000000000000F2
:10EE200000000000000000000000000000000000E2
:10EE300000000000000000000000000000000000D2
:10EE400000000000000000000000000000000000C2
:10EE500000000000000000000000000000000000B2
:10EE600000000000000000000000000000000000A2
:10EE70000000000000000000000000000000000092
:10EE80000000000000000000000000000000000082
:10EE90000000000000000000000000000000000072
:10EEA0000000000000000000000000000000000062
:10EEB0000000000000000000000000000000000052
:10EEC0000000000000000000000000000000000042
:10EED0000000000000000000000000000000000032
:10EEE0000000000000000000000000000000000022
:10EEF0000000000000000000000000000000000012
:10EF00000000000000000000000000000000000001
:10EF100000000000000000000000000000000000F1
:10EF200000000000000000000000000000000000E1
:10EF300000000000000000000000000000000000D1
:10EF400000000000000000000000000000000000C1
:10EF500000000000000000000000000000000000B1
:10EF600000000000000000000000000000000000A1
:10EF70000000000000000000000000000000000091
:10EF80000000000000000000000000000000000081
:10EF90000000000000000000000000000000000071
:10EFA0000000000000000000000000000000000061
:10EFB0000000000000000000000000000000000051
:10EFC0000000000000000000000000000000000041
:10EFD0000000000000000000000000000000000031
:10EFE0000000000000000000000000000000000021
:10EFF0000000000000000000000000000000000011
:10F00000BE361649020000000000000000000000AB
:10F0100000000000000000001CD20000105EBCF8E0
:10F0200001000000000000000000000000000000DF
:10F0300000000000000000000000000000000000D0
:10F0400000000000000000000000000000000000C0
:10F0500000000000000000000000000000000000B0
:10F0600000000000000000000000000000000000A0
:10F070000000000000000000000000000000000090
:10F080000000000000000000000000000000000080
:10F090000000000000000000000000000000000070
:10F0A0000000000000000000000000000000000060
:10F0B0000000000000000000000000000000000050
:10F0C0000000000000000000000000000000000040
:10F0D0000000000000000000000000000000000030
:10F0E0000000000000000000000000000000000020
:10F0F0000000000000000000000000000000000010
:10F1000000000000000000000000000000000000FF
:10F1100000000000000000000000000000000000EF
:10F1200000000000000000000000000000000000DF
:10F1300000000000000000000000000000000000CF
:10F1400000000000000000000000000000000000BF
:10F1500000000000000000000000000000000000AF
:10F16000000000000000000000000000000000009F
:10F17000000000000000000000000000000000008F
:10F18000000000000000000000000000000000007F
:10F19000000000000000000000000000000000006F
:10F1A000000000000000000000000000000000005F
:10F1B000000000000000000000000000000000004F
:10F1C000000000000000000000000000000000003F
:10F1D000000000000000000000000000000000002F
:10F1E000000000000000000000000000000000001F
:10F1F000000000000000000000000000000000000F
:10F2000000000000000000000000000000000000FE
:10F2100000000000000000000000000000000000EE
:10F2200000000000000000000000000000000000DE
:10F2300000000000000000000000000000000000CE
:10F2400000000000000000000000000000000000BE
:10F25000000000000000000000000000A21BDAAC6B
:10F26000000000000000000000000000000000009E
:10F27000000000000000000000000000000000008E
:10F28000000000000000000000000000000000007E
:10F29000000000000000000000000000000000006E
:10F2A000000000000000000000000000000000005E
:10F2B000000000000000000000000000000000004E
:10F2C000000000000000000000000000000000003E
:10F2D000000000000000000000000000000000002E
:10F2E000000000000000000000000000000000001E
:10F2F000000000000000000000000000000000000E
:10F3000000000000000000000000000000000000FD
:10F3100000000000000000000000000000000000ED
:03F32000000000EA
:020000040000FA
:020000041000EA
:081014000070070000E0070076
:04000003300070A1B8
:00000001FF
